[666100][05:03:19.966]7E FF 02 FF 69 66 9B 10 7D 06 39 01 1F 9A 1F DC 00 39 01 10 00 01 00 02 69 7F 94 10 D8 00 00 01 10 00 00 00 93 EB 65 E4 E1 05 77 7E
[666101][05:03:20.072]7E FF 02 FF 6A 66 F5 10 7D 06 AA 00 99 DC 41 DC 00 3B 01 94 00 01 00 01 69 7F 94 21 B0 00 01 FC 13 79 44 00 2C 52 BC 10 02 0B 00 04 A4 79 00 3B 78 EF 04 00 33 00 00 07 00 00 00 21 00 21 00 76 00 2F 00 4E 4B 02 08 1A E4 24 00 00 22 A9 10 49 65 00 00 C5 08 04 00 30 01 54 00 44 02 3A ED 0E 35 7F 44 0A 06 00 48 82 A0 F6 70 94 0A C1 00 00 11 0C C3 9A 50 A2 00 00 00 00 00 00 00 00 00 00 00 00 00 00 00 00 00 00 00 00 00 00 00 00 00 00 00 00 00 00 00 00 00 00 00 00 00 00 00 00 00 00 00 00 00 00 00 00 00 00 00 00 00 EB E6 80 4D 7E
[666102][05:03:20.087]7E FF 02 FF 6B 66 0B 11 7D 06 36 03 22 85 4A DC 00 3B 01 10 00 01 00 02 69 7F 94 01 2E 50 0F 01 1F 00 00 00 16 EA 53 06 93 22 DB 7E
[666103][05:03:20.087]7E FF 02 FF 6C 66 11 11 7D 06 84 01 A4 99 4B DC 01 22 0C 10 00 01 00 02 69 7F 94 00 01 80 0D 00 A8 01 00 00 DD 9D 46 3C C0 DE 87 7E
[666104][05:03:20.133]7E FF 02 FF 6D 66 1D 11 7D 06 4B 03 5A 60 51 DC 00 3A 01 14 01 01 00 01 69 7F 94 21 F0 FF 01 E5 14 EB C2 00 CB E5 A6 10 02 FF 2F 01 A5 79 00 91 78 01 04 00 33 00 00 08 00 00 00 21 B0 00 22 30 00 09 05 35 35 20 00 00 12 74 72 39 00 00 00 3C 00 09 01 0C 00 2F 00 00 00 00 00 0B 30 4C 02 00 08 18 84 24 00 00 02 29 10 40 05 00 00 C1 08 00 00 30 00 44 00 04 00 10 E0 0E 31 03 00 0A 04 00 00 82 00 36 70 94 02 01 00 00 10 0C 02 07 02 01 03 01 01 05 03 03 05 02 02 01 03 01 05 02 03 02 01 01 01 02 02 01 02 01 01 03 02 03 02 02 01 01 03 01 03 02 01 03 01 03 02 01 01 01 02 02 02 02 01 06 05 05 03 04 04 01 29 C5 22 38 00 00 00 00 00 00 00 00 00 00 00 00 00 00 00 00 00 00 00 00 00 00 00 00 00 00 00 00 00 00 00 00 00 00 00 00 00 00 00 00 00 00 00 00 00 00 00 00 00 00 00 00 00 00 00 00 00 00 00 00 00 00 00 00 00 00 00 00 00 00 00 00 00 00 00 00 00 00 00 00 00 00 00 00 00 00 00 00 00 00 00 00 00 00 00 35 52 FA C3 7E
[666105][05:03:20.179]7E FF 02 FF 6E 66 D4 10 7D 06 95 02 A1 02 5A DC 01 23 10 14 01 01 00 01 69 7F 94 01 80 0D 01 6A 41 00 10 00 97 52 5A 10 00 D8 00 05 1E 2F 00 E4 88 FF 00 00 33 00 00 01 00 00 00 30 00 09 04 54 46 20 00 00 12 74 72 0A 02 83 20 D8 00 01 01 49 75 16 45 E1 93 04 00 01 00 00 00 0E 7E 00 00 00 00 00 00 01 00 03 00 B0 00 00 00 34 01 2E 00 43 00 46 01 FA 00 A4 00 6D 01 22 11 DB 00 63 00 B9 00 2B 00 FE 00 A5 00 EF 00 BD 00 CE 00 1E 01 E7 00 81 00 D4 00 6E 00 50 01 68 01 72 01 4D 00 57 01 3C 01 2A 01 30 01 82 00 EC 00 03 01 B4 00 EA 00 F6 00 F4 00 47 01 70 00 FD 00 5C 00 F1 00 AB 00 09 11 32 00 B6 00 32 11 27 01 21 01 60 00 6D 00 E1 00 0F 01 75 01 6B 00 DA 00 28 00 0C 01 2E 11 26 01 ED 00 53 00 D5 00 36 01 56 10 B8 00 A7 10 DF 00 8B 00 57 00 3D 01 09 00 29 01 44 01 FF 00 73 01 4E 00 E5 00 A1 00 F3 00 4C 01 F5 00 05 00 4B 01 49 00 0A 01 35 01 31 01 0C F3 DE 26 00 00 00 00 00 00 00 00 00 00 00 00 DB 70 A2 86 7E
[666106][05:03:20.194]7E FF 02 FF 6F 66 5B 11 7D 06 C7 00 C8 C6 68 DC 00 38 01 94 00 01 00 01 69 7F 94 21 B0 00 01 FC 13 79 40 00 3D 50 38 10 02 0B 00 04 A6 79 00 3B 78 EF 04 00 33 00 00 07 00 00 00 21 00 21 00 71 00 2F 00 4E 42 02 08 1A E4 24 00 00 22 A9 10 49 65 00 00 C5 08 04 00 30 01 54 00 04 02 1A ED 0E 35 7F 44 0A 06 00 48 82 A0 F6 70 94 0A C1 00 00 11 0C 98 3D 1E 1C 00 00 00 00 00 00 00 00 00 00 00 00 00 00 00 00 00 00 00 00 00 00 00 00 00 00 00 00 00 00 00 00 00 00 00 00 00 00 00 00 00 00 00 00 00 00 00 00 00 00 00 00 00 4F EE 2B A4 7E
[666107][05:03:20.225]7E FF 02 FF 71 66 83 11 7D 06 10 00 06 F8 77 DC 00 38 01 94 00 01 00 01 69 7F 94 00 70 08 01 FC 13 79 44 00 8D 82 A5 00 00 87 00 0A 58 A2 00 5C 70 EF 0C 00 33 00 00 30 00 09 04 22 19 FF FF FF FF FF FF 00 00 00 00 30 00 09 04 22 19 87 00 00 00 00 00 00 00 00 00 39 03 00 01 72 52 13 45 E8 07 02 12 09 23 07 03 01 00 01 01 00 02 02 00 0D 00 00 09 03 31 17 6E 54 4E 59 58 0E 00 0E 00 00 00 00 00 06 00 00 00 44 60 28 4A D3 9A 65 ED 6B 7C 1A 00 00 31 44 59 58 03 FB C1 01 9C 02 01 0B 3E 6D 57 00 00 00 00 00 00 00 00 79 96 E6 5A 7E
[666108][05:03:20.256]7E FF 02 FF 72 66 8D 11 7D 06 22 02 DB FB 7B DC 00 37 00 14 01 01 00 01 69 7F 94 D8 F0 FF 01 0D 15 EB C2 00 32 9F 0C 80 0D FF 2F 03 1B 41 00 E4 10 FF 08 00 33 00 00 30 00 15 61 49 26 FF FF FF FF FF FF 01 00 00 00 30 00 09 04 54 46 20 00 00 12 74 72 0A 02 83 20 D8 00 01 01 49 75 16 45 E1 93 04 00 01 00 00 00 0E 7E 00 00 00 00 00 00 01 00 03 00 B0 00 00 00 34 01 2E 00 43 00 46 01 FA 00 A4 00 6D 01 22 11 DB 00 63 00 B9 00 2B 00 FE 00 A5 00 EF 00 BD 00 CE 00 1E 01 E7 00 81 00 D4 00 6E 00 50 01 68 01 72 01 4D 00 57 01 3C 01 2A 01 30 01 82 00 EC 00 03 01 B4 00 EA 00 F6 00 F4 00 47 01 70 00 FD 00 5C 00 F1 00 AB 00 09 11 32 00 B6 00 32 11 27 01 21 01 60 00 6D 00 E1 00 0F 01 75 01 6B 00 DA 00 28 00 0C 01 2E 11 26 01 ED 00 53 00 D5 00 36 01 56 10 B8 00 A7 10 DF 00 8B 00 57 00 3D 01 09 00 29 01 44 01 FF 00 73 01 4E 00 E5 00 A1 00 F3 00 4C 01 F5 00 05 00 4B 01 49 00 0A 01 35 01 31 01 0C F3 DE 26 4C 7B B8 89 7E
[666109][05:03:20.288]7E FF 02 FF 73 66 39 11 7D 06 E1 02 11 2A 82 DC 00 39 00 14 01 01 00 01 69 7F 94 D8 F0 FF 01 0D 15 EB C2 00 32 9F 0C 80 0D FF 2F 03 1B 41 00 E4 10 FF 08 00 33 00 00 30 00 15 61 49 26 FF FF FF FF FF FF 01 00 00 00 30 00 09 04 54 46 20 00 00 12 74 72 0A 02 83 20 D8 00 01 01 49 75 16 45 E1 93 04 00 01 00 00 00 0E 7E 00 00 00 00 00 00 01 00 03 00 B0 00 00 00 34 01 2E 00 43 00 46 01 FA 00 A4 00 6D 01 22 11 DB 00 63 00 B9 00 2B 00 FE 00 A5 00 EF 00 BD 00 CE 00 1E 01 E7 00 81 00 D4 00 6E 00 50 01 68 01 72 01 4D 00 57 01 3C 01 2A 01 30 01 82 00 EC 00 03 01 B4 00 EA 00 F6 00 F4 00 47 01 70 00 FD 00 5C 00 F1 00 AB 00 09 11 32 00 B6 00 32 11 27 01 21 01 60 00 6D 00 E1 00 0F 01 75 01 6B 00 DA 00 28 00 0C 01 2E 11 26 01 ED 00 53 00 D5 00 36 01 56 10 B8 00 A7 10 DF 00 8B 00 57 00 3D 01 09 00 29 01 44 01 FF 00 73 01 4E 00 E5 00 A1 00 F3 00 4C 01 F5 00 05 00 4B 01 49 00 0A 01 35 01 31 01 0C F3 DE 26 75 7B BD 11 7E
[666110][05:03:20.347]7E FF 02 FF 74 66 B0 11 7D 06 7C 00 21 5A AF DC 00 39 00 10 00 01 00 02 69 7F 94 01 2E 50 0F 01 01 00 00 00 F6 6B 54 E5 98 70 D5 7E
[666111][05:03:20.394]7E FF 02 FF 75 66 1D 12 7D 06 00 00 25 B5 B2 DC 00 FD 03 14 01 01 00 01 69 7F 94 01 B0 00 03 27 16 EB C0 00 4F 94 14 10 00 01 01 03 1C 2F 30 74 88 FF 00 00 33 00 00 11 03 00 00 01 02 83 06 13 35 28 0A FE FE FE FE 68 62 00 43 05 38 92 04 09 00 30 10 CE 19 10 00 3E 05 03 2B 50 02 02 00 01 20 21 02 00 1C 07 EA 06 1E 01 2D 00 08 00 20 21 02 00 00 20 01 04 00 00 20 00 02 00 00 20 01 02 00 00 20 04 02 00 00 20 0A 02 00 00 00 10 02 01 00 00 20 02 01 00 01 10 F0 D5 56 98 83 8E 08 15 8F 01 3B 87 D4 9A 8C D7 EA AE 16 61 2D 38 B7 00 00 00 00 00 00 00 00 00 00 00 00 00 00 00 00 00 00 00 00 00 00 00 00 00 00 00 00 00 00 00 00 00 00 00 00 00 00 00 00 00 00 00 00 00 00 00 00 00 00 00 00 00 00 00 00 00 00 00 00 00 00 00 00 00 00 00 00 00 00 00 00 00 00 00 00 00 00 00 00 00 00 00 00 00 00 00 00 00 00 00 00 00 00 00 00 00 00 00 00 00 00 00 00 00 00 00 00 00 00 00 00 00 00 00 00 00 00 00 00 00 00 00 00 EC 06 12 B4 7E
[666112][05:03:20.394]7E FF 02 FF 76 66 2E 12 7D 06 90 01 37 53 B8 DC 01 22 0D 10 00 01 00 02 69 7F 94 00 01 80 0D 00 A7 01 00 00 2D 5D 45 00 6A F0 B5 7E
[666113][05:03:20.394]7E FF 02 FF 77 66 35 12 7D 06 FA 02 4B 2D BC DC 00 FD 03 10 00 01 00 02 69 7F 94 01 2E D0 06 01 06 00 00 00 E5 65 E0 D7 78 DB A8 7E
[666114][05:03:20.424]7E FF 02 FF 78 66 43 12 7D 06 81 03 2D 8C C1 DC 00 FE 03 14 01 01 00 01 69 7F 94 01 B0 00 03 27 16 EB C4 00 5E 96 90 10 00 01 01 03 1C 2F 30 74 88 FF 00 00 33 00 00 11 03 00 00 01 02 83 06 13 35 28 0A FE FE FE FE 68 62 00 43 05 38 92 04 09 00 30 10 CE 19 10 00 3E 05 03 2B 50 02 02 00 01 20 21 02 00 1C 07 EA 06 1E 01 2D 00 08 00 20 21 02 00 00 20 01 04 00 00 20 00 02 00 00 20 01 02 00 00 20 04 02 00 00 20 0A 02 00 00 00 10 02 01 00 00 20 02 01 00 01 10 F0 D5 56 98 83 8E 08 15 8F 01 3B 87 D4 9A 8C D7 EA AE 16 61 2D 38 B7 00 00 00 00 00 00 00 00 00 00 00 00 00 00 00 00 00 00 00 00 00 00 00 00 00 00 00 00 00 00 00 00 00 00 00 00 00 00 00 00 00 00 00 00 00 00 00 00 00 00 00 00 00 00 00 00 00 00 00 00 00 00 00 00 00 00 00 00 00 00 00 00 00 00 00 00 00 00 00 00 00 00 00 00 00 00 00 00 00 00 00 00 00 00 00 00 00 00 00 00 00 00 00 00 00 00 00 00 00 00 00 00 00 00 00 00 00 00 00 00 00 00 00 00 1F 75 72 73 7E
[666115][05:03:20.440]7E FF 02 FF 79 66 52 12 7D 06 9B 02 BF 33 C7 DC 00 FE 03 10 00 01 00 02 69 7F 94 01 2E 40 0B 01 1F 00 00 00 92 DB D5 73 48 FE 88 7E
[666116][05:03:20.455]7E FF 02 FF 7A 66 51 12 7D 06 7C 01 43 15 C5 DC 01 22 10 94 00 01 00 01 69 7F 94 01 80 0D 01 E8 30 00 10 00 0E B5 D2 10 00 D8 00 03 20 2F 00 34 88 FF 08 00 33 00 00 20 00 00 12 74 72 30 00 15 61 49 26 04 00 00 00 00 01 01 00 8B 00 3D 01 06 00 00 00 0F 7E 00 00 00 00 00 00 30 00 09 04 54 46 20 00 00 12 74 72 0A 02 83 20 D8 00 01 01 49 75 16 45 E1 93 04 00 DD DF 1A E0 00 00 00 00 00 00 00 00 00 00 00 00 00 00 00 00 00 00 00 00 00 00 00 00 00 00 00 00 00 00 00 00 00 00 00 00 00 00 00 00 00 00 00 00 00 00 00 00 08 A7 CB 3C 7E
[666117][05:03:20.471]7E FF 02 FF 7B 66 07 12 7D 06 98 02 E3 B5 D0 DC 00 37 00 94 00 01 00 01 69 7F 94 D8 30 08 01 EF 12 3D 60 00 6F 1C 55 80 0D 83 00 00 1C 41 00 34 10 FF 08 00 33 00 00 30 00 15 61 49 26 30 00 09 04 54 46 04 00 00 00 00 01 01 00 8B 00 3D 01 06 00 00 00 0F 7E 00 00 00 00 00 00 30 00 09 04 54 46 20 00 00 12 74 72 0A 02 83 20 D8 00 01 01 49 75 16 45 E1 93 04 00 DD DF 1A E0 00 00 00 00 00 00 00 00 00 00 00 00 00 00 00 00 00 00 00 00 00 00 00 00 00 00 00 00 00 00 00 00 00 00 00 00 00 00 00 00 00 00 00 00 00 00 00 00 E4 19 67 EE 7E
[666118][05:03:20.502]7E FF 02 FF 7C 66 92 12 7D 06 63 02 29 92 DF DC 00 FD 03 14 01 01 00 01 69 7F 94 01 B0 00 03 27 16 EB C4 00 5E 96 90 10 00 01 01 03 1C 2F 30 74 88 FF 00 00 33 00 00 11 03 00 00 01 02 83 06 13 35 28 0A FE FE FE FE 68 62 00 43 05 38 92 04 09 00 30 10 CE 19 10 00 3E 05 03 2B 50 02 02 00 01 20 21 02 00 1C 07 EA 06 1E 01 2D 00 08 00 20 21 02 00 00 20 01 04 00 00 20 00 02 00 00 20 01 02 00 00 20 04 02 00 00 20 0A 02 00 00 00 10 02 01 00 00 20 02 01 00 01 10 F0 D5 56 98 83 8E 08 15 8F 01 3B 87 D4 9A 8C D7 EA AE 16 61 2D 38 B7 00 00 00 00 00 00 00 00 00 00 00 00 00 00 00 00 00 00 00 00 00 00 00 00 00 00 00 00 00 00 00 00 00 00 00 00 00 00 00 00 00 00 00 00 00 00 00 00 00 00 00 00 00 00 00 00 00 00 00 00 00 00 00 00 00 00 00 00 00 00 00 00 00 00 00 00 00 00 00 00 00 00 00 00 00 00 00 00 00 00 00 00 00 00 00 00 00 00 00 00 00 00 00 00 00 00 00 00 00 00 00 00 00 00 00 00 00 00 00 00 00 00 00 00 72 87 AF 93 7E
[666119][05:03:20.534]7E FF 02 FF 7D 66 BA 12 7D 06 B9 00 0C AC EE DC 00 37 00 94 00 01 00 01 69 7F 94 B3 F0 FF 01 C1 12 79 42 00 62 0E CB 30 0B FF 2F 01 68 03 00 4B 10 FF 08 00 33 00 00 70 00 01 32 04 70 FF FF FF FF FF FF 08 00 00 00 B3 10 00 11 70 00 01 32 04 70 20 00 00 12 74 72 36 02 42 64 03 00 0F 01 21 02 22 00 4A 00 00 00 01 30 02 00 00 00 00 00 00 00 00 00 00 00 00 00 00 00 80 00 00 00 00 00 00 00 00 00 00 00 00 00 00 00 00 20 3E 3E 11 2D 26 12 61 00 00 00 00 00 00 00 00 00 00 00 00 00 00 00 00 00 00 00 00 00 00 00 00 00 B8 D5 B0 D6 7E
[666120][05:03:20.549]7E FF 02 FF 7E 66 77 12 7D 06 65 01 35 58 FB DC 00 37 00 10 00 01 00 02 69 7F 94 01 2E D0 0E 01 E1 00 00 00 97 E9 D9 ED 6B 4D 25 7E
[666121][05:03:20.759]7E FF 02 FF 7F 66 3F 13 7D 06 F3 00 44 95 47 DD 00 3A 00 94 00 01 00 01 69 7F 94 21 B0 00 01 FC 13 79 44 00 2C 52 BC 10 02 0B 00 04 A6 79 00 3B 78 EF 04 00 33 00 00 07 00 00 00 21 00 21 00 71 00 2F 00 4E 42 02 08 1A E4 24 00 00 22 A9 10 49 65 00 00 C5 08 04 00 30 01 54 00 04 02 1A ED 0E 35 7F 44 0A 06 00 48 82 A0 F6 70 94 0A C1 00 00 11 0C 98 3D 1E 1C 00 00 00 00 00 00 00 00 00 00 00 00 00 00 00 00 00 00 00 00 00 00 00 00 00 00 00 00 00 00 00 00 00 00 00 00 00 00 00 00 00 00 00 00 00 00 00 00 00 00 00 00 00 16 F4 D5 9A 7E
[666122][05:03:20.910]7E FF 02 FF 80 66 32 14 7D 06 54 00 FD 13 7E DD 00 39 00 94 00 01 00 01 69 7F 94 21 B0 00 01 FC 13 79 40 00 3D 50 38 10 02 01 00 04 A8 79 00 5C 78 EF 0C 00 33 00 00 30 00 09 05 35 35 20 00 00 12 74 72 00 00 00 00 30 00 09 04 31 64 21 10 00 00 00 00 00 00 00 00 39 03 00 01 24 47 14 45 E8 07 02 12 09 23 07 03 01 00 01 01 00 02 02 00 0D 00 00 09 03 31 17 6E 54 4E 59 58 0F 00 0F 00 00 00 00 00 03 00 00 00 59 2F DD C5 0C 08 55 D0 22 8D 1A 00 00 31 44 59 58 03 FB C1 01 9C 02 01 94 25 CE 8F 00 00 00 00 00 00 00 00 28 1B 0E AF 7E
[666123][05:03:20.956]7E FF 02 FF 81 66 76 14 7D 06 E6 02 D6 46 98 DD 00 39 00 10 00 01 00 02 69 7F 94 01 D8 10 0D 01 0E 00 00 00 A6 11 DD 71 D0 3E 4C 7E
[666124][05:03:20.986]7E FF 02 FF 82 66 79 14 7D 06 7D 02 37 5C 99 DD 00 38 00 94 00 01 00 01 69 7F 94 00 40 02 01 FC 13 79 44 00 EE FE A2 00 00 24 00 0A 24 32 00 5C 78 EF 0C 00 33 00 00 30 00 09 05 35 41 FF FF FF FF FF FF 00 00 00 00 30 00 09 05 35 41 24 00 00 00 00 00 00 00 00 00 39 03 00 01 91 84 24 45 E8 07 02 12 09 23 07 03 01 00 01 01 00 02 02 00 0D 00 00 09 03 31 17 6E 54 4E 59 58 0F 00 0F 00 00 00 00 00 02 00 00 00 8B E2 0C 9E 2D 40 A2 AC A5 A1 1B 00 00 31 44 59 58 03 FB C1 01 9C 02 01 68 CE 48 B3 00 00 00 00 00 00 00 00 E7 3F D3 C8 7E
[666125][05:03:21.137]7E FF 02 FF 83 66 1B 15 7D 06 B2 00 1B FE D6 DD 00 39 00 94 00 01 00 01 69 7F 94 00 70 08 01 FC 13 79 44 00 8D 82 A5 00 00 87 00 0A 58 A2 00 5C 70 EF 0C 00 33 00 00 30 00 09 04 22 19 FF FF FF FF FF FF 00 00 00 00 30 00 09 04 22 19 87 00 00 00 00 00 00 00 00 00 39 03 00 01 72 52 13 45 E8 07 02 12 09 23 07 03 01 00 01 01 00 02 02 00 0D 00 00 09 03 31 17 6E 54 4E 59 58 0E 00 0E 00 00 00 00 00 06 00 00 00 44 60 28 4A D3 9A 65 ED 6B 7C 1A 00 00 31 44 59 58 03 FB C1 01 9C 02 01 0B 3E 6D 57 00 00 00 00 00 00 00 00 6E 9F B7 AA 7E
[666126][05:03:21.183]7E FF 02 FF 84 66 53 15 7D 06 AD 00 0A 5D EC DD 00 39 00 10 00 01 00 02 69 7F 94 01 2E 70 15 01 1F 00 00 00 98 1D 15 BF F0 70 1F 7E
[666127][05:03:21.244]7E FF 02 FF 85 66 7C 15 7D 06 88 02 B7 29 FC DD 00 3A 00 94 00 01 00 01 69 7F 94 21 B0 00 01 FC 13 79 44 00 2C 52 BC 10 02 01 00 04 A8 79 00 5C 78 EF 0C 00 33 00 00 30 00 09 05 35 35 20 00 00 12 74 72 00 00 00 00 30 00 09 04 31 64 21 10 00 00 00 00 00 00 00 00 39 03 00 01 24 47 14 45 E8 07 02 12 09 23 07 03 01 00 01 01 00 02 02 00 0D 00 00 09 03 31 17 6E 54 4E 59 58 0F 00 0F 00 00 00 00 00 03 00 00 00 59 2F DD C5 0C 08 55 D0 22 8D 1A 00 00 31 44 59 58 03 FB C1 01 9C 02 01 94 25 CE 8F 00 00 00 00 00 00 00 00 18 3D 9D 27 7E
[666128][05:03:21.274]7E FF 02 FF 86 66 31 15 7D 06 04 01 1F 8E 05 DE 00 39 00 14 01 01 00 01 69 7F 94 49 F0 FF 01 E5 14 EB C2 00 AE E5 92 90 04 FF 2F 01 EB C8 00 A7 70 01 04 00 33 00 00 08 00 00 00 49 50 0F 51 30 00 09 03 55 07 20 00 00 12 74 72 39 19 0E 28 52 00 08 01 10 00 2F 00 00 00 00 00 F5 30 4E 40 02 00 12 04 24 00 00 20 A9 00 49 65 00 00 40 08 00 00 30 08 54 00 44 10 30 E9 06 34 7B 40 0A 04 00 44 82 A0 F6 70 A4 0A C1 00 00 01 0C 01 02 03 01 02 02 02 03 02 01 02 02 02 02 03 03 01 05 02 04 03 01 03 02 03 04 04 02 04 02 01 02 01 01 01 02 01 04 03 01 02 03 01 01 04 03 04 03 02 04 05 01 02 01 01 03 01 02 03 04 02 01 02 03 02 01 02 03 04 03 02 04 01 03 02 04 01 01 04 03 01 03 D1 1A AC 47 00 00 00 00 00 00 00 00 00 00 00 00 00 00 00 00 00 00 00 00 00 00 00 00 00 00 00 00 00 00 00 00 00 00 00 00 00 00 00 00 00 00 00 00 00 00 00 00 00 00 00 00 00 00 00 00 00 00 00 00 00 00 00 00 00 00 00 00 00 00 00 00 00 FF 05 6A CA 7E
[666129][05:03:21.305]7E FF 02 FF 87 66 C5 15 7D 06 A6 01 07 EF 17 DE 00 39 00 94 00 01 00 01 69 7F 94 00 70 08 01 FC 13 79 44 00 8D 82 A5 00 00 87 00 0A 58 A2 00 5C 70 EF 0C 00 33 00 00 30 00 09 04 22 19 FF FF FF FF FF FF 00 00 00 00 30 00 09 04 22 19 87 00 00 00 00 00 00 00 00 00 39 03 00 01 72 52 13 45 E8 07 02 12 09 23 07 03 01 00 01 01 00 02 02 00 0D 00 00 09 03 31 17 6E 54 4E 59 58 0E 00 0E 00 00 00 00 00 06 00 00 00 44 60 28 4A D3 9A 65 ED 6B 7C 1A 00 00 31 44 59 58 03 FB C1 01 9C 02 01 0B 3E 6D 57 00 00 00 00 00 00 00 00 0C 6B 86 E7 7E
[666130][05:03:21.381]7E FF 02 FF 88 66 17 16 7D 06 9C 02 48 54 37 DE 00 39 00 10 00 01 00 02 69 7F 94 01 2E C0 13 01 16 00 00 00 25 D9 43 B7 05 2F 34 7E
[666131][05:03:21.487]7E FF 02 FF 89 66 8E 16 7D 06 7B 03 1A CF 64 DE 00 39 00 10 00 01 00 03 69 7F 94 F0 0C A3 24 00 00 00 10 02 54 C3 26 F9 ED EC 81 7E
[666132][05:03:21.547]7E FF 02 FF 8A 66 4A 16 7D 06 B3 01 55 D0 70 DE 00 37 00 94 00 01 00 01 69 7F 94 21 B0 00 01 FC 13 79 44 00 2C 52 BC 10 02 01 00 04 A8 79 00 5C 78 EF 0C 00 33 00 00 30 00 09 05 35 35 20 00 00 12 74 72 00 00 00 00 30 00 09 04 31 64 21 10 00 00 00 00 00 00 00 00 39 03 00 01 24 47 14 45 E8 07 02 12 09 23 07 03 01 00 01 01 00 02 02 00 0D 00 00 09 03 31 17 6E 54 4E 59 58 0F 00 0F 00 00 00 00 00 03 00 00 00 59 2F DD C5 0C 08 55 D0 22 8D 1A 00 00 31 44 59 58 03 FB C1 01 9C 02 01 94 25 CE 8F 00 00 00 00 00 00 00 00 2C B0 1D BA 7E
[666133][05:03:21.758]7E FF 02 FF 8B 66 23 17 7D 06 32 01 18 8D C3 DE 00 36 01 94 00 01 00 01 69 7F 94 21 B0 00 01 FC 13 79 40 00 3D 50 38 10 02 0B 00 04 A9 79 00 3B 78 EF 04 00 33 00 00 07 00 00 00 21 00 21 00 72 00 2F 00 4E 42 02 08 1A E4 24 00 00 22 A9 10 49 65 00 00 C5 08 04 00 30 01 54 00 05 02 1A ED 0E 35 7F 44 0A 06 00 48 82 A0 F6 70 94 0A C1 00 00 11 0C B8 C5 5F 02 00 00 00 00 00 00 00 00 00 00 00 00 00 00 00 00 00 00 00 00 00 00 00 00 00 00 00 00 00 00 00 00 00 00 00 00 00 00 00 00 00 00 00 00 00 00 00 00 00 00 00 00 00 CA F0 5F C7 7E
[666134][05:03:21.774]7E FF 02 FF 8C 66 A2 17 7D 06 22 00 6B C2 CD DE 00 36 01 10 00 01 00 02 69 7F 94 01 2E D0 0E 01 14 00 00 00 C7 A6 E4 06 E0 47 03 7E
[666135][05:03:21.819]7E FF 02 FF 8D 66 CE 17 7D 06 D1 01 A6 B7 DE DE 00 36 01 10 00 01 00 02 69 7F 94 10 D8 10 0D 01 00 00 00 00 55 91 C6 3B 4E 85 E6 7E
[666136][05:03:22.239]7E FF 02 FF 8E 66 0F 19 7D 06 1F 01 A2 32 7E DF 01 23 0D 10 00 01 00 02 69 7F 94 00 01 80 0D 00 A8 00 00 00 DC 8D 82 3D 0E 21 1C 7E
[666137][05:03:22.254]7E FF 02 FF 8F 66 8A 19 7D 06 F0 01 01 0E 87 DF 01 22 0D 10 00 01 00 02 69 7F 94 00 01 80 0D 00 A9 01 00 00 CC DD C2 30 97 84 43 7E
[666138][05:03:22.299]7E FF 02 FF 90 66 9B 19 7D 06 54 03 67 19 8D DF 01 23 10 94 00 01 00 01 69 7F 94 01 80 0D 01 E8 30 00 10 00 0E B5 D2 10 00 D8 00 05 21 2F 00 34 88 FF 00 00 33 00 00 01 00 00 00 30 00 09 03 54 67 20 00 00 12 74 72 0A 03 6B 20 D1 00 01 01 57 77 06 45 E1 93 04 00 0C 00 00 00 10 7E 00 00 00 00 00 00 00 00 00 00 00 00 00 00 7D CC 20 21 00 00 00 00 00 00 00 00 00 00 00 00 00 00 00 00 00 00 00 00 00 00 00 00 00 00 00 00 00 00 00 00 00 00 00 00 00 00 00 00 00 00 00 00 00 00 00 00 00 00 00 00 00 00 00 00 00 00 00 00 5D 94 3E 21 7E
[666139][05:03:22.343]7E FF 02 FF 91 66 C1 19 7D 06 CC 00 22 59 9B DF 01 23 10 94 00 01 00 01 69 7F 94 01 80 0D 01 E8 30 00 10 00 0E B5 D2 10 00 D8 00 0A 23 2F 00 34 88 FF 08 00 33 00 00 20 00 00 12 74 72 30 00 15 61 49 26 05 00 00 00 00 00 00 00 50 00 3D 01 09 00 00 00 11 7E 00 00 00 00 00 00 30 00 09 03 54 67 20 00 00 12 74 72 0A 03 6B 20 D1 00 01 01 57 77 06 45 E1 93 04 00 8C 16 DB 8A 00 00 00 00 00 00 00 00 00 00 00 00 00 00 00 00 00 00 00 00 00 00 00 00 00 00 00 00 00 00 00 00 00 00 00 00 00 00 00 00 00 00 00 00 00 00 00 00 8F 8A 5D 68 7E
[666140][05:03:22.404]7E FF 02 FF 92 66 12 1A 7D 06 37 03 09 13 BC DF 00 3A 00 94 00 01 00 01 69 7F 94 D8 10 0D 01 EF 12 3D 60 00 66 9D F4 80 0D D1 00 00 1D 41 00 34 10 FF 08 00 33 00 00 30 00 15 61 49 26 30 00 09 04 44 96 01 00 00 00 30 00 09 03 54 67 20 00 00 12 74 72 0A 03 6B 20 D1 00 01 01 57 77 06 45 E1 93 04 00 0C 00 00 00 10 7E 00 00 00 00 00 00 00 00 00 00 00 00 00 00 7D CC 20 21 00 00 00 00 00 00 00 00 00 00 00 00 00 00 00 00 00 00 00 00 00 00 00 00 00 00 00 00 00 00 00 00 00 00 00 00 00 00 00 00 00 00 00 00 00 00 00 00 33 42 8A 59 7E
[666141][05:03:22.450]7E FF 02 FF 93 66 CF 19 7D 06 B9 00 7C 6D C8 DF 00 38 00 94 00 01 00 01 69 7F 94 D8 10 0D 01 24 14 79 44 00 78 BD 23 80 0D D1 00 00 1D 41 00 34 10 FF 08 00 33 00 00 30 00 15 61 49 26 30 00 09 04 44 96 01 00 00 00 30 00 09 03 54 67 20 00 00 12 74 72 0A 03 6B 20 D1 00 01 01 57 77 06 45 E1 93 04 00 0C 00 00 00 10 7E 00 00 00 00 00 00 00 00 00 00 00 00 00 00 7D CC 20 21 00 00 00 00 00 00 00 00 00 00 00 00 00 00 00 00 00 00 00 00 00 00 00 00 00 00 00 00 00 00 00 00 00 00 00 00 00 00 00 00 00 00 00 00 00 00 00 00 11 4B F0 A6 7E
[666142][05:03:22.510]7E FF 02 FF 94 66 71 1A 7D 06 31 00 0E 06 E0 DF 00 38 00 94 00 01 00 01 69 7F 94 00 70 08 01 FC 13 79 44 00 8D 82 A5 00 00 87 00 0A 58 A2 00 5C 70 EF 0C 00 33 00 00 30 00 09 04 22 19 FF FF FF FF FF FF 00 00 00 00 30 00 09 04 22 19 87 00 00 00 00 00 00 00 00 00 39 03 00 01 72 52 13 45 E8 07 02 12 09 23 07 03 01 00 01 01 00 02 02 00 0D 00 00 09 03 31 17 6E 54 4E 59 58 0E 00 0E 00 00 00 00 00 06 00 00 00 44 60 28 4A D3 9A 65 ED 6B 7C 1A 00 00 31 44 59 58 03 FB C1 01 9C 02 01 0B 3E 6D 57 00 00 00 00 00 00 00 00 31 84 EE A7 7E
[666143][05:03:22.510]7E FF 02 FF 95 66 78 1A 7D 06 A4 03 2F 0C E3 DF 00 38 00 10 00 01 00 02 69 7F 94 10 87 00 00 01 FD 00 00 00 FF F1 AE E7 17 E1 78 7E
[666144][05:03:22.510]7E FF 02 FF 96 66 87 1A 7D 06 A4 03 90 C4 E8 DF 00 38 00 10 00 01 00 02 69 7F 94 10 21 00 00 01 F7 00 00 00 3C C3 A0 BE 44 1B 55 7E
[666145][05:03:22.510]7E FF 02 FF 97 66 8E 1A 7D 06 9E 00 71 26 EB DF 00 38 00 10 00 01 00 02 69 7F 94 10 D8 10 0D 01 0E 00 00 00 B4 11 41 C2 D9 62 8D 7E
[666146][05:03:22.541]7E FF 02 FF 98 66 3E 1A 7D 06 8D 00 AB C5 F2 DF 00 38 00 10 00 01 00 02 69 7F 94 01 24 00 00 01 09 00 00 00 6A 49 93 E2 1E 75 70 7E
[666147][05:03:22.660]7E FF 02 FF 99 66 A6 1A 7D 06 3F 02 41 97 1A E0 00 3A 00 94 00 01 00 01 69 7F 94 21 B0 00 01 FC 13 79 44 00 2C 52 BC 10 02 01 00 04 AA 79 00 5C 78 EF 0C 00 33 00 00 30 00 09 05 35 35 20 00 00 12 74 72 00 00 00 00 30 00 09 05 39 35 21 00 00 00 00 00 00 00 00 00 39 03 00 01 36 24 25 45 E8 07 02 12 09 23 07 03 01 00 01 01 00 02 02 00 0D 00 00 09 03 31 17 6E 54 4E 59 58 0F 00 0F 00 00 00 00 00 04 00 00 00 4E E1 15 B3 B0 8A D9 77 B2 9E 1A 00 00 31 44 59 58 03 FB C1 01 9C 02 01 FD 99 3A BC 00 00 00 00 00 00 00 00 6A B0 13 D2 7E
[666148][05:03:22.765]7E FF 02 FF 9A 66 01 1B 7D 06 00 01 9E 2C 3D E0 00 37 00 14 01 01 00 01 69 7F 94 49 F0 FF 01 E5 14 EB C2 00 AE E5 92 90 04 FF 2F 01 EC C8 00 A7 70 01 04 00 33 00 00 08 00 00 00 49 50 0F 51 30 00 09 03 55 07 20 00 00 12 74 72 39 1A 0E 28 52 00 08 01 0F 00 2F 00 00 00 00 00 F5 30 4E 40 02 00 12 04 24 00 00 20 A9 00 49 65 00 00 40 08 00 00 30 08 54 00 44 10 30 E9 06 34 7B 40 0A 04 00 44 82 A0 F6 70 A4 0A C1 00 00 01 0C 01 02 03 01 02 02 02 03 02 01 02 02 02 02 03 03 01 05 02 04 03 01 03 02 03 04 04 02 04 02 01 02 01 01 01 02 01 04 03 01 02 03 01 01 04 03 04 03 02 04 05 01 02 01 01 03 01 02 03 04 02 01 02 03 02 01 02 03 04 03 02 04 01 03 02 04 01 01 04 03 01 03 24 53 EC 8A 00 00 00 00 00 00 00 00 00 00 00 00 00 00 00 00 00 00 00 00 00 00 00 00 00 00 00 00 00 00 00 00 00 00 00 00 00 00 00 00 00 00 00 00 00 00 00 00 00 00 00 00 00 00 00 00 00 00 00 00 00 00 00 00 00 00 00 00 00 00 00 00 00 76 D2 76 70 7E
[666149][05:03:22.796]7E FF 02 FF 9B 66 AA 1B 7D 06 BB 01 89 98 57 E0 00 37 00 10 00 01 00 02 69 7F 94 10 2E E0 0F 01 12 00 00 00 78 1F DA A5 E1 ED 4C 7E
[666150][05:03:22.842]7E FF 02 FF 9C 66 9A 1B 7D 06 47 02 7E ED 4F E0 01 23 0F 14 01 01 00 01 69 7F 94 01 80 0D 03 6A 41 00 10 00 16 42 9C 10 00 3C 01 03 24 2F 30 74 88 FF 00 00 33 00 00 11 03 00 00 01 02 83 06 12 35 28 0A FE FE FE FE 68 62 00 43 05 37 92 04 09 00 30 10 3A 00 10 00 3E 05 03 2A 50 02 02 00 01 20 21 02 00 1C 07 EA 06 1E 01 2D 00 08 00 20 21 02 00 00 20 01 04 00 00 20 00 02 00 00 20 01 02 00 00 20 04 02 00 00 20 0A 02 00 00 00 10 02 01 00 00 20 02 01 00 01 10 F0 D5 56 98 83 8E 08 15 8F 01 3B 87 D4 9A 8C D7 4D FE 16 DA 56 4D 77 00 00 00 00 00 00 00 00 00 00 00 00 00 00 00 00 00 00 00 00 00 00 00 00 00 00 00 00 00 00 00 00 00 00 00 00 00 00 00 00 00 00 00 00 00 00 00 00 00 00 00 00 00 00 00 00 00 00 00 00 00 00 00 00 00 00 00 00 00 00 00 00 00 00 00 00 00 00 00 00 00 00 00 00 00 00 00 00 00 00 00 00 00 00 00 00 00 00 00 00 00 00 00 00 00 00 00 00 00 00 00 00 00 00 00 00 00 00 00 00 00 00 00 00 81 FA 47 87 7E
[666151][05:03:22.857]7E FF 02 FF 9D 66 B5 1B 7D 06 48 02 11 D2 5B E0 00 36 00 94 00 01 00 01 69 7F 94 21 B0 00 01 FC 13 79 44 00 2C 52 BC 10 02 01 00 04 AA 79 00 5C 78 EF 0C 00 33 00 00 30 00 09 05 35 35 20 00 00 12 74 72 00 00 00 00 30 00 09 05 39 35 21 00 00 00 00 00 00 00 00 00 39 03 00 01 36 24 25 45 E8 07 02 12 09 23 07 03 01 00 01 01 00 02 02 00 0D 00 00 09 03 31 17 6E 54 4E 59 58 0F 00 0F 00 00 00 00 00 04 00 00 00 4E E1 15 B3 B0 8A D9 77 B2 9E 1A 00 00 31 44 59 58 03 FB C1 01 9C 02 01 FD 99 3A BC 00 00 00 00 00 00 00 00 EA 3C 52 D8 7E
[666152][05:03:22.873]7E FF 02 FF 9E 66 71 1B 7D 06 A8 02 FC 0F 68 E0 00 36 00 14 01 01 00 01 69 7F 94 D8 30 08 03 14 14 76 B0 00 24 A9 18 10 00 3C 01 03 24 2F 30 74 88 EF 00 00 33 00 00 11 03 00 00 01 02 83 06 12 35 28 0A FE FE FE FE 68 62 00 43 05 37 92 04 09 00 30 10 3A 00 10 00 3E 05 03 2A 50 02 02 00 01 20 21 02 00 1C 07 EA 06 1E 01 2D 00 08 00 20 21 02 00 00 20 01 04 00 00 20 00 02 00 00 20 01 02 00 00 20 04 02 00 00 20 0A 02 00 00 00 10 02 01 00 00 20 02 01 00 01 10 F0 D5 56 98 83 8E 08 15 8F 01 3B 87 D4 9A 8C D7 4D FE 16 DA 56 4D 77 00 00 00 00 00 00 00 00 00 00 00 00 00 00 00 00 00 00 00 00 00 00 00 00 00 00 00 00 00 00 00 00 00 00 00 00 00 00 00 00 00 00 00 00 00 00 00 00 00 00 00 00 00 00 00 00 00 00 00 00 00 00 00 00 00 00 00 00 00 00 00 00 00 00 00 00 00 00 00 00 00 00 00 00 00 00 00 00 00 00 00 00 00 00 00 00 00 00 00 00 00 00 00 00 00 00 00 00 00 00 00 00 00 00 00 00 00 00 00 00 00 00 00 00 8D EB C6 F9 7E
[666153][05:03:22.904]7E FF 02 FF 9F 66 FA 1B 7D 06 93 02 AC 2C 76 E0 00 37 01 94 00 01 00 01 69 7F 94 21 B0 00 01 FC 13 79 44 00 2C 52 BC 10 02 01 00 04 AA 79 00 5C 78 EF 0C 00 33 00 00 30 00 09 05 35 35 20 00 00 12 74 72 00 00 00 00 30 00 09 05 39 35 21 00 00 00 00 00 00 00 00 00 39 03 00 01 36 24 25 45 E8 07 02 12 09 23 07 03 01 00 01 01 00 02 02 00 0D 00 00 09 03 31 17 6E 54 4E 59 58 0F 00 0F 00 00 00 00 00 04 00 00 00 4E E1 15 B3 B0 8A D9 77 B2 9E 1A 00 00 31 44 59 58 03 FB C1 01 9C 02 01 FD 99 3A BC 00 00 00 00 00 00 00 00 8C 4B B6 88 7E
[666154][05:03:22.965]7E FF 02 FF A0 66 C5 1B 7D 06 B8 00 4D EA 87 E0 00 38 00 14 01 01 00 01 69 7F 94 21 F0 FF 01 E5 14 EB C2 00 CB E5 A6 10 02 FF 2F 01 AB 79 00 91 78 01 04 00 33 00 00 08 00 00 00 21 B0 00 22 30 00 09 05 35 35 20 00 00 12 74 72 39 00 00 00 3C 00 09 01 08 00 2F 00 00 00 00 00 0B 30 4C 02 00 08 18 84 24 00 00 02 29 10 40 05 00 00 C1 08 00 00 30 00 44 00 04 00 10 E0 0E 31 03 00 0A 04 00 00 82 00 36 70 94 02 01 00 00 10 0C 02 07 02 01 03 01 01 05 03 03 05 02 02 01 03 01 05 02 03 02 01 01 01 02 02 01 02 01 01 03 02 03 02 02 01 01 03 01 03 02 01 03 01 03 02 01 01 01 02 02 02 02 01 06 05 05 03 04 04 01 5A 07 F2 EE 00 00 00 00 00 00 00 00 00 00 00 00 00 00 00 00 00 00 00 00 00 00 00 00 00 00 00 00 00 00 00 00 00 00 00 00 00 00 00 00 00 00 00 00 00 00 00 00 00 00 00 00 00 00 00 00 00 00 00 00 00 00 00 00 00 00 00 00 00 00 00 00 00 00 00 00 00 00 00 00 00 00 00 00 00 00 00 00 00 00 00 00 00 00 00 31 29 1E 6E 7E
[666155][05:03:22.980]7E FF 02 FF A1 66 50 1C 7D 06 58 03 40 0D 97 E0 00 39 00 94 00 01 00 01 69 7F 94 00 40 02 01 FC 13 79 44 00 EE FE A2 00 00 24 00 0A 24 32 00 5C 78 EF 0C 00 33 00 00 30 00 09 05 35 41 FF FF FF FF FF FF 00 00 00 00 30 00 09 05 35 41 24 00 00 00 00 00 00 00 00 00 39 03 00 01 91 84 24 45 E8 07 02 12 09 23 07 03 01 00 01 01 00 02 02 00 0D 00 00 09 03 31 17 6E 54 4E 59 58 0F 00 0F 00 00 00 00 00 02 00 00 00 8B E2 0C 9E 2D 40 A2 AC A5 A1 1B 00 00 31 44 59 58 03 FB C1 01 9C 02 01 68 CE 48 B3 00 00 00 00 00 00 00 00 E0 83 A1 04 7E
[666156][05:03:22.995]7E FF 02 FF A2 66 58 1C 7D 06 53 03 6F 1F 9A E0 00 39 00 10 00 01 00 02 69 7F 94 01 24 00 00 01 1F 00 00 00 0B C8 12 5E E6 78 F4 7E
[666157][05:03:23.011]7E FF 02 FF A3 66 61 1C 7D 06 0A 03 69 83 9D E0 00 35 00 94 00 01 00 01 69 7F 94 21 B0 00 01 FC 13 79 40 00 3D 50 38 10 02 0B 00 04 AC 79 00 3B 78 EF 04 00 33 00 00 07 00 00 00 21 00 21 00 70 00 2F 00 4E 42 02 08 1A E4 24 00 00 22 A9 10 49 65 00 00 C5 08 04 00 30 00 54 00 05 02 1A ED 0E 35 7F 44 0A 06 00 40 82 A0 F6 70 94 0A C1 00 00 11 0C B6 F4 42 AC 00 00 00 00 00 00 00 00 00 00 00 00 00 00 00 00 00 00 00 00 00 00 00 00 00 00 00 00 00 00 00 00 00 00 00 00 00 00 00 00 00 00 00 00 00 00 00 00 00 00 00 00 00 22 84 27 65 7E
[666158][05:03:23.087]7E FF 02 FF A4 66 C3 1C 7D 06 FC 00 6E B6 C2 E0 00 35 00 10 00 01 00 02 69 7F 94 10 D8 10 0D 01 FF 00 00 00 A5 5E F9 0D 44 F5 D1 7E
[666159][05:03:23.087]7E FF 02 FF A5 66 CD 1C 7D 06 2C 00 38 73 C6 E0 00 35 00 10 00 01 00 02 69 7F 94 01 24 00 00 01 1F 00 00 00 0B C8 12 57 C8 53 E4 7E
[666160][05:03:23.117]7E FF 02 FF A6 66 E1 1C 7D 06 DE 03 6A 72 CE E0 00 35 00 10 00 01 00 02 69 7F 94 01 2E 50 0A 01 0F 00 00 00 57 C2 76 CC 64 8B A7 7E
[666161][05:03:23.177]7E FF 02 FF A7 66 0E 1D 7D 06 80 03 75 8D DF E0 00 38 01 94 00 01 00 01 69 7F 94 21 B0 00 01 FC 13 79 44 00 2C 52 BC 10 02 0B 00 04 AC 79 00 3B 78 EF 04 00 33 00 00 07 00 00 00 21 00 21 00 70 00 2F 00 4E 42 02 08 1A E4 24 00 00 22 A9 10 49 65 00 00 C5 08 04 00 30 00 54 00 05 02 1A ED 0E 35 7F 44 0A 06 00 40 82 A0 F6 70 94 0A C1 00 00 11 0C B6 F4 42 AC 00 00 00 00 00 00 00 00 00 00 00 00 00 00 00 00 00 00 00 00 00 00 00 00 00 00 00 00 00 00 00 00 00 00 00 00 00 00 00 00 00 00 00 00 00 00 00 00 00 00 00 00 00 32 A6 00 ED 7E
[666162][05:03:23.358]7E FF 02 FF A8 66 D3 1D 7D 06 6D 03 21 B8 2A E1 00 38 01 10 00 01 00 02 69 7F 94 01 2E 70 14 01 10 00 00 00 29 D5 B3 2A BC F0 CE 7E
[666163][05:03:23.404]7E FF 02 FF A9 66 03 1E 7D 06 3B 03 2E 03 3D E1 00 38 01 10 00 01 00 03 69 7F 94 F0 0C 2E 1D 00 00 00 10 02 51 2C 36 FA 25 A6 02 7E
[666164][05:03:23.434]7E FF 02 FF AA 66 BD 1D 7D 06 3F 00 6E 28 48 E1 00 38 01 10 00 01 00 02 69 7F 94 01 2E A0 0D 01 1F 00 00 00 2B 0D 8B 71 E4 B1 7E 7E
[666165][05:03:23.495]7E FF 02 FF AB 66 4C 1E 7D 06 B5 00 06 97 58 E1 00 39 00 94 00 01 00 01 69 7F 94 21 B0 00 01 FC 13 79 44 00 2C 52 BC 10 02 0B 00 04 AC 79 00 3B 78 EF 04 00 33 00 00 07 00 00 00 21 00 21 00 70 00 2F 00 4E 42 02 08 1A E4 24 00 00 22 A9 10 49 65 00 00 C5 08 04 00 30 00 54 00 05 02 1A ED 0E 35 7F 44 0A 06 00 40 82 A0 F6 70 94 0A C1 00 00 11 0C B6 F4 42 AC 00 00 00 00 00 00 00 00 00 00 00 00 00 00 00 00 00 00 00 00 00 00 00 00 00 00 00 00 00 00 00 00 00 00 00 00 00 00 00 00 00 00 00 00 00 00 00 00 00 00 00 00 00 27 8B 1C CC 7E
[666166][05:03:23.646]7E FF 02 FF AC 66 C1 1E 7D 06 88 03 C4 7E 85 E1 00 37 01 14 02 01 00 01 69 7F 94 15 F0 FF 01 D4 17 E8 92 00 CB 70 B2 50 01 FF 2F 01 63 23 00 ED 20 11 08 00 33 00 00 30 00 09 80 95 26 FF FF FF FF FF FF 08 00 00 00 15 10 00 12 30 00 09 80 95 26 20 00 00 12 74 72 03 00 64 64 8A 00 3E 01 20 02 3D 00 00 00 00 00 01 30 92 B0 8C F5 00 02 52 FF BE 0D 06 C7 26 90 9E 8F 80 75 7B 69 01 04 09 04 00 00 01 12 00 00 00 00 A0 00 00 20 00 00 00 80 08 20 2E 22 3C 00 00 00 20 10 3E 79 4B 39 1C 53 E2 31 16 05 40 3D 3C 0B 3D 0B 09 0D 0B 01 0D 3A 3B 0A 0E 0C 2E 3B 3A 3C 0A 0A 0D 0C 0B 0A 0D 0B 0C 0C 0C 0C 0C 0B 0F 0B 0B 0A 0A 0B 0C 0B 0E 0C 07 0F 08 0A 0C 0A 0A 0A 0B 06 09 03 09 0A 0B 3C 0D 3B 0C 0C 09 0D 0B 0B 0A 0C 0B 0B 0B 0D 0A 0C 0B 0F 08 08 0D 0B 07 0E 0B 0C 0B 06 0B 0B 0C 0E 09 0A 0A 0D 0E 0C 09 0C 0B 0B 0B 3A 0D 0D 06 0B 0C 0E 0C 0C 0B 0D 0B 0B 0C 0C 0A 0D 0B 09 08 09 0B 0B 0C 0D 0B 0B 0D 0A 0C 0B 06 0D 0E 0C 0E 19 4C 1E 7D 00 00 00 00 00 00 00 00 00 00 00 00 00 00 00 00 00 00 00 00 00 00 00 00 00 00 00 00 00 00 00 00 00 00 00 00 00 00 00 00 00 00 00 00 00 00 00 00 00 00 00 00 00 00 00 00 00 00 00 00 00 00 00 00 00 00 00 00 00 00 00 00 00 00 00 00 00 00 00 00 00 00 00 00 00 00 00 00 00 00 00 00 00 00 00 00 00 00 00 00 00 00 00 00 00 00 00 00 00 00 00 00 00 00 00 00 00 00 00 00 00 00 00 00 00 00 00 00 00 00 00 00 00 00 00 00 00 00 00 00 00 00 00 00 00 00 00 00 00 00 00 00 00 00 00 00 00 00 00 00 00 00 00 00 00 00 00 00 00 00 00 00 00 00 00 00 00 00 00 00 00 00 00 00 00 00 00 00 00 00 00 00 00 00 00 00 00 00 00 00 00 00 00 00 00 00 00 00 00 00 00 00 00 00 00 00 00 00 00 00 00 00 00 00 00 00 00 00 00 00 00 00 00 00 00 00 00 00 00 00 00 00 00 00 00 00 00 02 5A 62 10 7E
[666167][05:03:23.661]7E FF 02 FF AD 66 7C 1E 7D 06 3B 01 CA 1C 91 E1 00 37 01 10 00 01 00 02 69 7F 94 01 2E 50 0A 01 05 00 00 00 F7 42 74 25 B5 16 42 7E
[666168][05:03:23.916]7E FF 02 FF AE 66 F7 1F 7D 06 14 03 9C B5 FB E1 00 39 01 94 00 01 00 01 69 7F 94 21 B0 00 01 FC 13 79 44 00 2C 52 BC 10 02 01 00 04 AD 79 00 5C 78 EF 0C 00 33 00 00 30 00 09 05 35 35 20 00 00 12 74 72 00 00 00 00 30 00 09 05 36 51 21 00 00 00 00 00 00 00 00 00 39 03 00 01 97 95 24 45 E8 07 02 12 09 23 07 03 01 00 01 01 00 02 02 00 0D 00 00 09 03 31 17 6E 54 4E 59 58 0E 00 0E 00 00 00 00 00 05 00 00 00 E2 02 F4 29 E6 E0 B2 C6 9D 9D 1A 00 00 31 44 59 58 03 FB C1 01 9C 02 01 9F 5C 6B 50 00 00 00 00 00 00 00 00 EA 1C D1 FB 7E
[666169][05:03:24.275]7E FF 02 FF AF 66 6B 21 7D 06 FC 01 0A 7A 88 E2 01 23 0D 10 00 01 00 02 69 7F 94 00 01 80 0D 00 A8 00 00 00 DC 8D 82 76 E7 8C B7 7E
[666170][05:03:24.290]7E FF 02 FF B0 66 69 21 7D 06 A6 03 7F E8 88 E2 00 38 01 94 00 01 00 01 69 7F 94 21 B0 00 01 FC 13 79 44 00 2C 52 BC 10 02 01 00 04 AD 79 00 5C 78 EF 0C 00 33 00 00 30 00 09 05 35 35 20 00 00 12 74 72 00 00 00 00 30 00 09 05 36 51 21 00 00 00 00 00 00 00 00 00 39 03 00 01 97 95 24 45 E8 07 02 12 09 23 07 03 01 00 01 01 00 02 02 00 0D 00 00 09 03 31 17 6E 54 4E 59 58 0E 00 0E 00 00 00 00 00 05 00 00 00 E2 02 F4 29 E6 E0 B2 C6 9D 9D 1A 00 00 31 44 59 58 03 FB C1 01 9C 02 01 9F 5C 6B 50 00 00 00 00 00 00 00 00 3D B1 B6 43 7E
[666171][05:03:24.322]7E FF 02 FF B1 66 7D 21 7D 06 07 00 A4 94 8E E2 01 23 10 94 00 01 00 01 69 7F 94 01 80 0D 01 E8 30 00 10 00 0E B5 D2 10 00 D8 00 05 25 2F 00 34 88 FF 00 00 33 00 00 01 00 00 00 30 00 09 03 66 72 20 00 00 12 74 72 0A 03 D4 20 D1 00 01 01 04 98 07 45 E1 93 04 00 01 00 00 00 12 7E 00 00 00 00 00 00 00 00 00 00 00 00 00 00 44 8E CA 7F 00 00 00 00 00 00 00 00 00 00 00 00 00 00 00 00 00 00 00 00 00 00 00 00 00 00 00 00 00 00 00 00 00 00 00 00 00 00 00 00 00 00 00 00 00 00 00 00 00 00 00 00 00 00 00 00 00 00 00 00 04 E2 12 B8 7E
[666172][05:03:24.443]7E FF 02 FF B2 66 D6 21 7D 06 A4 02 8F 63 B2 E2 00 37 01 14 02 01 00 01 69 7F 94 1C F0 FF 01 D4 17 E8 92 00 C2 70 22 C0 01 FF 2F 01 5C 68 00 EC 20 11 08 00 33 00 00 30 00 09 80 93 77 FF FF FF FF FF FF 08 00 00 00 1C 10 00 12 30 00 09 80 93 77 20 00 00 12 74 72 03 00 64 64 89 00 3E 01 1F 02 3D 00 00 00 00 00 01 30 92 B0 2C E5 00 02 52 FF BE 0D 06 C7 26 90 9E 8F 80 75 7B 69 01 04 09 04 00 00 01 12 00 00 00 00 A0 00 00 20 00 00 00 80 08 20 2E 22 3C 00 00 00 20 10 3E 79 4B 39 1C 53 E2 31 16 05 40 3D 3D 0B 3D 0B 09 0D 0B 3D 0D 3A 0A 0E 0C 2D 3B 3B 3C 0B 0A 0D 0C 0B 0B 0D 0C 0C 0B 0C 0C 0D 0B 0F 0B 0B 0A 0C 0C 0C 0B 0F 0C 09 0F 0A 0B 0B 0A 0A 0A 0B 06 0A 07 08 0A 0B 3D 0D 3B 0C 0C 09 0D 0A 0D 09 0C 0B 0C 0A 0D 0C 0C 0B 0F 09 08 0E 08 08 0E 0B 0C 0B 03 0B 0B 0B 0E 0B 0A 09 0E 0E 0B 09 0C 0B 0B 0C 3A 0D 0D 03 0B 0C 0E 0C 0C 0B 0D 0C 0B 0C 0C 0A 0C 0B 09 09 08 0B 0B 0C 0D 0B 0B 0D 0A 0C 0B 08 0D 0E 0C 0E F5 BB 12 BA 00 00 00 00 00 00 00 00 00 00 00 00 00 00 00 00 00 00 00 00 00 00 00 00 00 00 00 00 00 00 00 00 00 00 00 00 00 00 00 00 00 00 00 00 00 00 00 00 00 00 00 00 00 00 00 00 00 00 00 00 00 00 00 00 00 00 00 00 00 00 00 00 00 00 00 00 00 00 00 00 00 00 00 00 00 00 00 00 00 00 00 00 00 00 00 00 00 00 00 00 00 00 00 00 00 00 00 00 00 00 00 00 00 00 00 00 00 00 00 00 00 00 00 00 00 00 00 00 00 00 00 00 00 00 00 00 00 00 00 00 00 00 00 00 00 00 00 00 00 00 00 00 00 00 00 00 00 00 00 00 00 00 00 00 00 00 00 00 00 00 00 00 00 00 00 00 00 00 00 00 00 00 00 00 00 00 00 00 00 00 00 00 00 00 00 00 00 00 00 00 00 00 00 00 00 00 00 00 00 00 00 00 00 00 00 00 00 00 00 00 00 00 00 00 00 00 00 00 00 00 00 00 00 00 00 00 00 00 00 00 00 00 00 00 00 00 00 00 A3 DD C2 8F 7E
[666173][05:03:24.443]7E FF 02 FF B3 66 9F 21 7D 06 33 03 BB 9F C3 E2 00 37 01 10 00 01 00 02 69 7F 94 01 2E D0 0E 01 03 00 00 00 B7 67 E1 F3 62 D9 CD 7E
[666174][05:03:24.548]7E FF 02 FF B4 66 04 22 7D 06 23 03 FC 1F EA E2 00 37 01 94 00 01 00 01 69 7F 94 21 B0 00 01 FC 13 79 44 00 2C 52 BC 10 02 0B 00 04 AF 79 00 3B 78 EF 04 00 33 00 00 07 00 00 00 21 00 21 00 70 00 2F 00 4E 42 02 08 1A E4 24 00 00 22 A9 10 49 65 00 00 C5 08 04 00 30 00 54 00 05 02 1A ED 0E 35 7F 44 0A 06 00 40 82 A0 F6 70 94 0A C1 00 00 11 0C B6 F4 42 AC 00 00 00 00 00 00 00 00 00 00 00 00 00 00 00 00 00 00 00 00 00 00 00 00 00 00 00 00 00 00 00 00 00 00 00 00 00 00 00 00 00 00 00 00 00 00 00 00 00 00 00 00 00 CA 4E 45 D2 7E
[666175][05:03:24.669]7E FF 02 FF B5 66 F3 22 7D 06 61 01 A8 01 1F E3 00 37 01 10 00 01 00 02 69 7F 94 01 2E 00 00 01 06 00 00 00 D0 82 B8 BA 99 44 E2 7E
[666176][05:03:24.760]7E FF 02 FF B6 66 D4 22 7D 06 C8 00 05 3E 39 E3 00 38 00 94 00 01 00 01 69 7F 94 21 B0 00 01 FC 13 79 40 00 3D 50 38 10 02 01 00 04 B0 79 00 5C 78 EF 0C 00 33 00 00 30 00 09 05 35 35 20 00 00 12 74 72 00 00 00 00 30 00 09 05 00 36 21 00 00 00 00 00 00 00 00 00 39 03 00 01 44 34 21 45 E8 07 02 12 09 23 07 03 01 00 01 01 00 02 02 00 0D 00 00 09 03 31 17 6E 54 4E 59 58 12 00 12 00 00 00 00 00 07 00 00 00 1B 6F 5C D9 34 5F 59 08 7D 8F 1A 00 00 31 44 59 58 03 FB C1 01 9C 02 01 D4 F0 82 23 00 00 00 00 00 00 00 00 33 FB 9B 0D 7E
[666177][05:03:25.000]7E FF 02 FF B7 66 2F 24 7D 06 6E 03 57 BB 97 E3 00 38 00 94 00 01 00 01 69 7F 94 00 40 02 01 FC 13 79 44 00 EE FE A2 00 00 24 00 0A 24 32 00 5C 78 EF 0C 00 33 00 00 30 00 09 05 35 41 FF FF FF FF FF FF 00 00 00 00 30 00 09 05 35 41 24 00 00 00 00 00 00 00 00 00 39 03 00 01 91 84 24 45 E8 07 02 12 09 23 07 03 01 00 01 01 00 02 02 00 0D 00 00 09 03 31 17 6E 54 4E 59 58 0F 00 0F 00 00 00 00 00 02 00 00 00 8B E2 0C 9E 2D 40 A2 AC A5 A1 1B 00 00 31 44 59 58 03 FB C1 01 9C 02 01 68 CE 48 B3 00 00 00 00 00 00 00 00 57 F4 DD EF 7E
[666178][05:03:25.046]7E FF 02 FF B8 66 57 24 7D 06 A1 02 46 E7 A6 E3 00 37 01 94 00 01 00 01 69 7F 94 21 B0 00 01 FC 13 79 44 00 2C 52 BC 10 02 01 00 04 B0 79 00 5C 78 EF 0C 00 33 00 00 30 00 09 05 35 35 20 00 00 12 74 72 00 00 00 00 30 00 09 05 00 36 21 00 00 00 00 00 00 00 00 00 39 03 00 01 44 34 21 45 E8 07 02 12 09 23 07 03 01 00 01 01 00 02 02 00 0D 00 00 09 03 31 17 6E 54 4E 59 58 12 00 12 00 00 00 00 00 07 00 00 00 1B 6F 5C D9 34 5F 59 08 7D 8F 1A 00 00 31 44 59 58 03 FB C1 01 9C 02 01 D4 F0 82 23 00 00 00 00 00 00 00 00 B8 55 94 3F 7E
[666179][05:03:25.046]7E FF 02 FF B9 66 0A 24 7D 06 F4 02 C4 BC AF E3 00 37 01 10 00 01 00 02 69 7F 94 01 2E 50 0F 01 1F 00 00 00 16 EA 53 78 0B AE 1D 7E
[666180][05:03:25.122]7E FF 02 FF BA 66 A8 24 7D 06 E0 01 09 BB C5 E3 00 38 01 94 00 01 00 01 69 7F 94 21 B0 00 01 FC 13 79 44 00 2C 52 BC 10 02 01 00 04 B0 79 00 5C 78 EF 0C 00 33 00 00 30 00 09 05 35 35 20 00 00 12 74 72 00 00 00 00 30 00 09 05 00 36 21 00 00 00 00 00 00 00 00 00 39 03 00 01 44 34 21 45 E8 07 02 12 09 23 07 03 01 00 01 01 00 02 02 00 0D 00 00 09 03 31 17 6E 54 4E 59 58 12 00 12 00 00 00 00 00 07 00 00 00 1B 6F 5C D9 34 5F 59 08 7D 8F 1A 00 00 31 44 59 58 03 FB C1 01 9C 02 01 D4 F0 82 23 00 00 00 00 00 00 00 00 0E 71 7F 11 7E
[666181][05:03:25.198]7E FF 02 FF BB 66 FE 24 7D 06 5E 01 7A 7D E6 E3 00 37 00 54 00 01 00 01 69 7F 94 06 90 04 01 D6 12 40 E4 00 00 FA 3D 60 00 01 00 0A 79 4D 00 1C 70 EF 04 00 33 00 00 03 00 00 00 06 00 49 00 00 00 00 00 00 00 00 00 30 00 00 01 05 00 00 00 39 00 00 00 91 D8 27 90 00 00 00 00 00 00 00 00 00 00 00 00 00 00 00 00 00 00 00 00 32 F1 76 A2 7E
[666182][05:03:25.243]7E FF 02 FF BC 66 C4 24 7D 06 35 00 CA 64 F6 E3 00 39 01 94 00 01 00 01 69 7F 94 21 B0 00 01 FC 13 79 44 00 2C 52 BC 10 02 01 00 04 B0 79 00 5C 78 EF 0C 00 33 00 00 30 00 09 05 35 35 20 00 00 12 74 72 00 00 00 00 30 00 09 05 00 36 21 00 00 00 00 00 00 00 00 00 39 03 00 01 44 34 21 45 E8 07 02 12 09 23 07 03 01 00 01 01 00 02 02 00 0D 00 00 09 03 31 17 6E 54 4E 59 58 12 00 12 00 00 00 00 00 07 00 00 00 1B 6F 5C D9 34 5F 59 08 7D 8F 1A 00 00 31 44 59 58 03 FB C1 01 9C 02 01 D4 F0 82 23 00 00 00 00 00 00 00 00 A0 B6 F7 48 7E
[666183][05:03:25.304]7E FF 02 FF BD 66 6E 25 7D 06 57 01 AF 3A 11 E4 00 39 01 10 00 01 00 03 69 7F 94 F0 0C C4 15 00 00 00 10 02 39 C3 69 1D 20 43 30 7E
[666184][05:03:25.350]7E FF 02 FF BE 66 81 25 7D 06 D0 00 FA 66 18 E4 00 38 00 14 01 01 00 01 69 7F 94 21 F0 FF 01 E5 14 EB C2 00 CB E5 A6 10 02 FF 2F 01 B1 79 00 91 78 01 04 00 33 00 00 08 00 00 00 21 B0 00 22 30 00 09 05 35 35 20 00 00 12 74 72 39 00 00 00 3C 00 09 01 05 00 2F 00 00 00 00 00 0B 30 4C 02 00 08 18 84 24 00 00 02 29 10 40 05 00 00 C1 08 00 00 30 00 44 00 04 00 10 E0 0E 31 03 00 0A 04 00 00 82 00 36 70 94 02 01 00 00 10 0C 02 07 02 01 03 01 01 05 03 03 05 02 02 01 03 01 05 02 03 02 01 01 01 02 02 01 02 01 01 03 02 03 02 02 01 01 03 01 03 02 01 03 01 03 02 01 01 01 02 02 02 02 01 06 05 05 03 04 04 01 A2 B5 22 E0 00 00 00 00 00 00 00 00 00 00 00 00 00 00 00 00 00 00 00 00 00 00 00 00 00 00 00 00 00 00 00 00 00 00 00 00 00 00 00 00 00 00 00 00 00 00 00 00 00 00 00 00 00 00 00 00 00 00 00 00 00 00 00 00 00 00 00 00 00 00 00 00 00 00 00 00 00 00 00 00 00 00 00 00 00 00 00 00 00 00 00 00 00 00 00 C3 AC 46 C4 7E
[666185][05:03:25.396]7E FF 02 FF BF 66 A3 25 7D 06 37 02 77 82 25 E4 00 FD 03 14 01 01 00 01 69 7F 94 01 B0 00 03 27 16 EB C0 00 4F 94 14 10 00 01 01 03 26 2F 30 74 88 FF 00 00 33 00 00 11 03 00 00 01 02 83 06 13 35 28 0A FE FE FE FE 68 62 00 43 05 38 92 04 09 00 30 10 CE 19 10 00 3E 05 03 2B 50 02 02 00 01 20 21 02 00 1C 07 EA 06 1E 01 2D 00 08 00 20 21 02 00 00 20 01 04 00 00 20 00 02 00 00 20 01 02 00 00 20 04 02 00 00 20 0A 02 00 00 00 10 02 01 00 00 20 02 01 00 01 10 F0 D5 56 98 83 8E 08 15 8F 01 3B 87 D4 9A 8C D7 EA AE 16 61 2D 38 B7 00 00 00 00 00 00 00 00 00 00 00 00 00 00 00 00 00 00 00 00 00 00 00 00 00 00 00 00 00 00 00 00 00 00 00 00 00 00 00 00 00 00 00 00 00 00 00 00 00 00 00 00 00 00 00 00 00 00 00 00 00 00 00 00 00 00 00 00 00 00 00 00 00 00 00 00 00 00 00 00 00 00 00 00 00 00 00 00 00 00 00 00 00 00 00 00 00 00 00 00 00 00 00 00 00 00 00 00 00 00 00 00 00 00 00 00 00 00 00 00 00 00 00 00 91 5E CB 03 7E
[666186][05:03:25.396]7E FF 02 FF C0 66 B9 25 7D 06 C6 01 B3 E1 2D E4 00 FD 03 10 00 01 00 02 69 7F 94 10 D8 30 08 01 10 00 00 00 1D 98 63 F2 91 30 F5 7E
[666187][05:03:25.396]7E FF 02 FF C1 66 C8 25 7D 06 0A 01 14 7D 32 E4 01 23 0C 10 00 01 00 02 69 7F 94 00 01 80 0D 00 A8 01 00 00 DD 9D 46 86 E8 EE 8D 7E
[666188][05:03:25.442]7E FF 02 FF C2 66 D3 25 7D 06 2A 02 BA CF 37 E4 00 FD 03 14 01 01 00 01 69 7F 94 01 B0 00 03 27 16 EB C4 00 5E 96 90 10 00 01 01 03 26 2F 30 74 88 FF 00 00 33 00 00 11 03 00 00 01 02 83 06 13 35 28 0A FE FE FE FE 68 62 00 43 05 38 92 04 09 00 30 10 CE 19 10 00 3E 05 03 2B 50 02 02 00 01 20 21 02 00 1C 07 EA 06 1E 01 2D 00 08 00 20 21 02 00 00 20 01 04 00 00 20 00 02 00 00 20 01 02 00 00 20 04 02 00 00 20 0A 02 00 00 00 10 02 01 00 00 20 02 01 00 01 10 F0 D5 56 98 83 8E 08 15 8F 01 3B 87 D4 9A 8C D7 EA AE 16 61 2D 38 B7 00 00 00 00 00 00 00 00 00 00 00 00 00 00 00 00 00 00 00 00 00 00 00 00 00 00 00 00 00 00 00 00 00 00 00 00 00 00 00 00 00 00 00 00 00 00 00 00 00 00 00 00 00 00 00 00 00 00 00 00 00 00 00 00 00 00 00 00 00 00 00 00 00 00 00 00 00 00 00 00 00 00 00 00 00 00 00 00 00 00 00 00 00 00 00 00 00 00 00 00 00 00 00 00 00 00 00 00 00 00 00 00 00 00 00 00 00 00 00 00 00 00 00 00 07 25 8F 93 7E
[666189][05:03:25.518]7E FF 02 FF C3 66 24 26 7D 06 FE 00 C4 9A 56 E4 00 FD 03 14 01 01 00 01 69 7F 94 01 B0 00 03 27 16 EB C4 00 5E 96 90 10 00 01 01 03 26 2F 30 74 88 FF 00 00 33 00 00 11 03 00 00 01 02 83 06 13 35 28 0A FE FE FE FE 68 62 00 43 05 38 92 04 09 00 30 10 CE 19 10 00 3E 05 03 2B 50 02 02 00 01 20 21 02 00 1C 07 EA 06 1E 01 2D 00 08 00 20 21 02 00 00 20 01 04 00 00 20 00 02 00 00 20 01 02 00 00 20 04 02 00 00 20 0A 02 00 00 00 10 02 01 00 00 20 02 01 00 01 10 F0 D5 56 98 83 8E 08 15 8F 01 3B 87 D4 9A 8C D7 EA AE 16 61 2D 38 B7 00 00 00 00 00 00 00 00 00 00 00 00 00 00 00 00 00 00 00 00 00 00 00 00 00 00 00 00 00 00 00 00 00 00 00 00 00 00 00 00 00 00 00 00 00 00 00 00 00 00 00 00 00 00 00 00 00 00 00 00 00 00 00 00 00 00 00 00 00 00 00 00 00 00 00 00 00 00 00 00 00 00 00 00 00 00 00 00 00 00 00 00 00 00 00 00 00 00 00 00 00 00 00 00 00 00 00 00 00 00 00 00 00 00 00 00 00 00 00 00 00 00 00 00 0A BB 44 81 7E
[666190][05:03:25.564]7E FF 02 FF C4 66 6B 26 7D 06 44 01 F3 B5 71 E4 00 34 00 54 00 01 00 01 69 7F 94 06 90 04 01 D6 12 40 E4 00 00 FA 3D 60 00 01 00 0A 79 4D 00 1C 70 EF 04 00 33 00 00 03 00 00 00 06 00 49 00 00 00 00 00 00 00 00 00 30 00 00 01 05 00 00 00 39 00 00 00 91 D8 27 90 00 00 00 00 00 00 00 00 00 00 00 00 00 00 00 00 00 00 00 00 55 25 DC 07 7E
[666191][05:03:25.595]7E FF 02 FF C5 66 92 26 7D 06 FD 00 67 8B 7F E4 01 22 0D 10 00 01 00 02 69 7F 94 00 01 80 0D 00 A8 00 00 00 DC 8D 82 58 21 14 11 7E
[666192][05:03:25.595]7E FF 02 FF C6 66 9A 26 7D 06 33 00 DE 8E 83 E4 00 34 00 10 00 01 00 02 69 7F 94 01 2E 50 0F 01 1F 00 00 00 16 EA 53 04 6D C5 9D 7E
[666193][05:03:25.866]7E FF 02 FF C7 66 A9 27 7D 06 98 03 80 46 EB E4 00 34 00 10 00 01 00 02 69 7F 94 01 D8 10 0D 01 00 00 00 00 47 91 5A 84 46 97 5F 7E
[666194][05:03:25.956]7E FF 02 FF C8 66 80 27 7D 06 99 03 E8 C2 01 E5 00 3A 00 94 00 01 00 01 69 7F 94 00 40 02 01 FC 13 79 44 00 EE FE A2 00 00 24 00 0A 24 32 00 5C 78 EF 0C 00 33 00 00 30 00 09 05 35 41 FF FF FF FF FF FF 00 00 00 00 30 00 09 05 35 41 24 00 00 00 00 00 00 00 00 00 39 03 00 01 91 84 24 45 E8 07 02 12 09 23 07 03 01 00 01 01 00 02 02 00 0D 00 00 09 03 31 17 6E 54 4E 59 58 0F 00 0F 00 00 00 00 00 02 00 00 00 8B E2 0C 9E 2D 40 A2 AC A5 A1 1B 00 00 31 44 59 58 03 FB C1 01 9C 02 01 68 CE 48 B3 00 00 00 00 00 00 00 00 89 8F 35 BF 7E
[666195][05:03:26.045]7E FF 02 FF C9 66 EC 27 7D 06 CA 00 5A B0 2A E5 00 39 00 54 00 01 00 01 69 7F 94 06 90 04 01 D6 12 40 E4 00 00 FA 3D 60 00 01 00 0A 79 4D 00 1C 70 EF 04 00 33 00 00 03 00 00 00 06 00 49 00 00 00 00 00 00 00 00 00 30 00 00 01 05 00 00 00 39 00 00 00 91 D8 27 90 00 00 00 00 00 00 00 00 00 00 00 00 00 00 00 00 00 00 00 00 52 45 18 1D 7E
[666196][05:03:26.107]7E FF 02 FF CA 66 91 28 7D 06 37 00 B6 6C 43 E5 00 34 00 54 00 01 00 01 69 7F 94 06 90 04 01 D6 12 40 E4 00 00 FA 3D 60 00 01 00 0A 79 4D 00 1C 70 EF 04 00 33 00 00 03 00 00 00 06 00 49 00 00 00 00 00 00 00 00 00 30 00 00 01 05 00 00 00 39 00 00 00 91 D8 27 90 00 00 00 00 00 00 00 00 00 00 00 00 00 00 00 00 00 00 00 00 0F 65 65 D7 7E
[666197][05:03:26.137]7E FF 02 FF CB 66 4A 28 7D 06 53 02 07 B7 4E E5 00 34 00 10 00 01 00 02 69 7F 94 10 D8 30 08 01 0E 00 00 00 FD 19 64 2C 31 CD 99 7E
[666198][05:03:26.182]7E FF 02 FF CC 66 D9 28 7D 06 E3 01 55 0C 5F E5 00 34 00 54 00 01 00 01 69 7F 94 49 50 0F 01 D6 12 40 E4 00 DA 49 13 60 00 01 00 0A 79 4D 00 1C 70 DF 04 00 33 00 00 03 00 00 00 06 00 49 00 00 00 00 00 00 00 00 00 30 00 00 01 05 00 00 00 39 00 00 00 91 D8 27 90 00 00 00 00 00 00 00 00 00 00 00 00 00 00 00 00 00 00 00 00 B1 9C E9 DE 7E
[666199][05:03:26.228]7E FF 02 FF CD 66 F4 28 7D 06 DB 03 BD 89 69 E5 00 3B 01 94 00 01 00 01 69 7F 94 21 B0 00 01 FC 13 79 40 00 3D 50 38 10 02 0B 00 04 B2 79 00 3B 78 EF 04 00 33 00 00 07 00 00 00 21 00 21 00 6C 00 2F 00 4E 42 02 08 1A E4 24 00 00 22 A9 10 41 25 00 00 C5 08 04 00 30 00 54 00 05 02 1A ED 0E 35 7F 44 0A 06 00 40 82 A0 F6 70 B4 0A C1 00 00 10 0C 0A 7B D6 4A 00 00 00 00 00 00 00 00 00 00 00 00 00 00 00 00 00 00 00 00 00 00 00 00 00 00 00 00 00 00 00 00 00 00 00 00 00 00 00 00 00 00 00 00 00 00 00 00 00 00 00 00 00 46 B0 87 4A 7E
[666200][05:03:26.363]7E FF 02 FF CE 66 92 29 7D 06 3C 03 CD C2 A5 E5 00 38 00 54 00 01 00 01 69 7F 94 06 90 04 01 D6 12 40 E4 00 00 FA 3D 60 00 01 00 0A 79 4D 00 1C 70 EF 04 00 33 00 00 03 00 00 00 06 00 49 00 00 00 00 00 00 00 00 00 30 00 00 01 05 00 00 00 39 00 00 00 91 D8 27 90 00 00 00 00 00 00 00 00 00 00 00 00 00 00 00 00 00 00 00 00 90 6E 82 86 7E
[666201][05:03:26.395]7E FF 02 FF CF 66 A7 29 7D 06 75 00 EE 7F AD E5 00 39 00 54 00 01 00 01 69 7F 94 06 90 04 01 D6 12 40 E4 00 00 FA 3D 60 00 01 00 0A 79 4D 00 1C 70 EF 04 00 33 00 00 03 00 00 00 06 00 49 00 00 00 00 00 00 00 00 00 30 00 00 01 05 00 00 00 39 00 00 00 91 D8 27 90 00 00 00 00 00 00 00 00 00 00 00 00 00 00 00 00 00 00 00 00 03 63 C6 C6 7E
[666202][05:03:26.725]7E FF 02 FF D0 66 E9 2A 7D 06 44 01 8F 69 28 E6 00 39 01 94 00 01 00 01 69 7F 94 15 10 00 01 14 13 3D 60 00 07 8E 3E 50 01 01 00 00 64 23 00 49 A0 FF 08 00 33 00 00 30 00 09 80 95 26 20 00 00 12 74 72 07 00 00 00 15 00 15 00 E6 00 3D 00 92 B0 8C F5 00 02 52 FF BE 0D 06 C7 26 90 9E 8F 80 75 7B 69 01 04 09 04 00 00 01 12 00 00 00 00 A0 00 00 20 00 00 00 80 08 20 2E 22 3C 00 00 00 20 10 3E 79 4B 39 1C 53 E2 31 16 05 40 60 B8 E1 E4 00 00 00 00 00 00 00 00 00 00 00 00 00 00 00 00 00 00 00 00 00 00 00 00 00 00 00 8D B6 E9 65 7E
[666203][05:03:26.725]7E FF 02 FF D1 66 EE 2A 7D 06 B0 00 F5 45 2A E6 00 39 01 10 00 01 00 02 69 7F 94 10 01 50 01 01 02 00 00 00 98 F2 36 65 47 BC 2B 7E
[666204][05:03:26.740]7E FF 02 FF D2 66 A2 2A 7D 06 24 00 D3 60 33 E6 00 39 01 10 00 01 00 02 69 7F 94 10 2E F0 0D 01 1F 00 00 00 AD 5F 1D 37 61 54 B7 7E
[666205][05:03:26.816]7E FF 02 FF D3 66 20 2B 7D 06 42 01 31 61 3D E6 00 00 03 14 02 01 00 01 69 7F 94 01 F0 FF 01 5A 16 04 83 00 F5 5B 57 10 00 FF 2F 01 27 2F 00 FB 88 11 00 00 33 00 00 08 00 00 00 01 00 00 04 20 00 00 12 74 72 20 00 00 12 74 72 00 00 64 64 9A 00 3E 00 1C 02 3D 00 64 00 00 00 FC FF FF FF 7F DD 7F 6F FF 0F 00 C6 46 90 00 09 81 15 04 00 00 02 09 80 22 40 00 05 02 00 20 00 BC 6D 09 20 21 11 12 05 11 2C 80 01 D4 C6 50 00 00 00 1E 7C 4A 31 04 01 42 00 00 00 40 23 6C 40 1B 24 08 26 0B 28 17 40 06 2A 08 20 49 0B 02 05 5D 12 4D 03 21 48 35 61 05 09 09 4D 4C 07 09 14 0F 0F 0C 00 16 1F 23 16 08 3D 06 09 49 1B 47 03 00 02 01 0A 0F 08 0A 03 08 01 00 00 0C 0B 15 09 00 00 00 0C 0A 00 0D 01 00 02 00 00 01 34 02 54 00 03 02 07 0A 0F 12 02 00 35 00 00 0F 04 0A 02 00 00 0C 0C 06 00 04 0E 05 02 05 08 04 09 03 0E 01 06 13 18 08 01 01 00 01 05 02 00 01 03 01 04 01 05 03 0B 0C 53 09 05 00 06 00 00 00 00 02 09 0C 08 06 00 02 00 09 43 1A C4 93 00 00 00 00 00 00 00 00 00 00 00 00 00 00 00 00 00 00 00 00 00 00 00 00 00 00 00 00 00 00 00 00 00 00 00 00 00 00 00 00 00 00 00 00 00 00 00 00 00 00 00 00 00 00 00 00 00 00 00 00 00 00 00 00 00 00 00 00 00 00 00 00 00 00 00 00 00 00 00 00 00 00 00 00 00 00 00 00 00 00 00 00 00 00 00 00 00 00 00 00 00 00 00 00 00 00 00 00 00 00 00 00 00 00 00 00 00 00 00 00 00 00 00 00 00 00 00 00 00 00 00 00 00 00 00 00 00 00 00 00 00 00 00 00 00 00 00 00 00 00 00 00 00 00 00 00 00 00 00 00 00 00 00 00 00 00 00 00 00 00 00 00 00 00 00 00 00 00 00 00 00 00 00 00 00 00 00 00 00 00 00 00 00 00 00 00 00 00 00 00 00 00 00 00 00 00 00 00 00 00 00 00 00 00 00 00 00 00 00 00 00 00 00 00 00 00 00 00 00 00 00 00 00 00 00 00 00 00 00 00 00 00 00 00 00 D4 97 91 C8 7E
[666206][05:03:26.832]7E FF 02 FF D4 66 37 2B 7D 06 AD 00 1E 19 46 E6 00 39 01 94 00 01 00 01 69 7F 94 21 B0 00 01 FC 13 79 44 00 2C 52 BC 10 02 0B 00 04 B2 79 00 3B 78 EF 04 00 33 00 00 07 00 00 00 21 00 21 00 6C 00 2F 00 4E 42 02 08 1A E4 24 00 00 22 A9 10 41 25 00 00 C5 08 04 00 30 00 54 00 05 02 1A ED 0E 35 7F 44 0A 06 00 40 82 A0 F6 70 B4 0A C1 00 00 10 0C 0A 7B D6 4A 00 00 00 00 00 00 00 00 00 00 00 00 00 00 00 00 00 00 00 00 00 00 00 00 00 00 00 00 00 00 00 00 00 00 00 00 00 00 00 00 00 00 00 00 00 00 00 00 00 00 00 00 00 80 CF 5A D2 7E
[666207][05:03:26.862]7E FF 02 FF D5 66 07 2B 7D 06 3C 03 BE 2E 5A E6 00 39 00 14 01 01 00 01 69 7F 94 49 F0 FF 01 E5 14 EB C2 00 AE E5 92 90 04 FF 2F 01 EE C8 00 A7 70 01 04 00 33 00 00 08 00 00 00 49 50 0F 51 30 00 09 03 55 07 20 00 00 12 74 72 39 1C 0E 28 52 00 08 01 0B 00 2F 00 00 00 00 00 F5 30 4E 40 02 00 12 04 24 00 00 20 A9 00 49 65 00 00 40 08 00 00 30 08 54 00 44 10 30 E9 06 34 7B 40 0A 04 00 44 82 A0 F6 70 A4 0A C1 00 00 01 0C 01 02 03 01 02 02 02 03 02 01 02 02 02 02 03 03 01 05 02 04 03 01 03 02 03 04 04 02 04 02 01 02 01 01 01 02 01 04 03 01 02 03 01 01 04 03 04 03 02 04 05 01 02 01 01 03 01 02 03 04 02 01 02 03 02 01 02 03 04 03 02 04 01 03 02 04 01 01 04 03 01 03 FD 51 D9 0D 00 00 00 00 00 00 00 00 00 00 00 00 00 00 00 00 00 00 00 00 00 00 00 00 00 00 00 00 00 00 00 00 00 00 00 00 00 00 00 00 00 00 00 00 00 00 00 00 00 00 00 00 00 00 00 00 00 00 00 00 00 00 00 00 00 00 00 00 00 00 00 00 00 73 AF 29 64 7E
[666208][05:03:26.892]7E FF 02 FF D6 66 7F 2B 7D 06 A1 00 41 8F 61 E6 00 3C 01 94 00 01 00 01 69 7F 94 04 10 00 01 14 13 3D 64 00 04 8C 26 40 00 01 00 00 7F 23 00 49 90 FF 08 00 33 00 00 30 00 09 80 44 14 20 00 00 12 74 72 07 00 00 00 04 00 04 00 C3 00 3D 00 82 B0 2C F5 00 02 52 FF BE 0D 06 C7 26 90 9E 8F 80 75 7B 69 01 04 01 04 00 00 01 12 00 00 00 00 A0 00 00 20 00 00 00 80 08 20 2E 22 1C 00 00 00 20 10 3E 79 4B 39 1C 53 E2 31 16 05 40 E2 8F 02 1B 00 00 00 00 00 00 00 00 00 00 00 00 00 00 00 00 00 00 00 00 00 00 00 00 00 00 00 8A B3 7C 58 7E
[666209][05:03:26.892]7E FF 02 FF D7 66 84 2B 7D 06 08 00 7D 6F 63 E6 00 3C 01 10 00 01 00 02 69 7F 94 10 01 40 00 01 01 02 00 00 6D 0A 11 B2 80 DA 20 7E
[666210][05:03:26.938]7E FF 02 FF D8 66 8D 2B 7D 06 FA 01 5F 0B 67 E6 00 00 03 14 02 01 00 01 69 7F 94 01 F0 FF 01 5A 16 04 83 00 F5 5B 57 10 00 FF 2F 01 27 2F 00 FB 88 11 00 00 33 00 00 08 00 00 00 01 00 00 04 20 00 00 12 74 72 20 00 00 12 74 72 00 00 64 64 9A 00 3E 00 1C 02 3D 00 64 00 00 00 FC FF FF FF 7F DD 7F 6F FF 0F 00 C6 46 90 00 09 81 15 04 00 00 02 09 80 22 40 00 05 02 00 20 00 BC 6D 09 20 21 11 12 05 11 2C 80 01 D4 C6 50 00 00 00 1E 7C 4A 31 04 01 42 00 00 00 40 23 6C 40 1B 24 08 26 0B 28 17 40 06 2A 08 20 49 0B 02 05 5D 12 4D 03 21 48 35 61 05 09 09 4D 4C 07 09 14 0F 0F 0C 00 16 1F 23 16 08 3D 06 09 49 1B 47 03 00 02 01 0A 0F 08 0A 03 08 01 00 00 0C 0B 15 09 00 00 00 0C 0A 00 0D 01 00 02 00 00 01 34 02 54 00 03 02 07 0A 0F 12 02 00 35 00 00 0F 04 0A 02 00 00 0C 0C 06 00 04 0E 05 02 05 08 04 09 03 0E 01 06 13 18 08 01 01 00 01 05 02 00 01 03 01 04 01 05 03 0B 0C 53 09 05 00 06 00 00 00 00 02 09 0C 08 06 00 02 00 09 43 1A C4 93 00 00 00 00 00 00 00 00 00 00 00 00 00 00 00 00 00 00 00 00 00 00 00 00 00 00 00 00 00 00 00 00 00 00 00 00 00 00 00 00 00 00 00 00 00 00 00 00 00 00 00 00 00 00 00 00 00 00 00 00 00 00 00 00 00 00 00 00 00 00 00 00 00 00 00 00 00 00 00 00 00 00 00 00 00 00 00 00 00 00 00 00 00 00 00 00 00 00 00 00 00 00 00 00 00 00 00 00 00 00 00 00 00 00 00 00 00 00 00 00 00 00 00 00 00 00 00 00 00 00 00 00 00 00 00 00 00 00 00 00 00 00 00 00 00 00 00 00 00 00 00 00 00 00 00 00 00 00 00 00 00 00 00 00 00 00 00 00 00 00 00 00 00 00 00 00 00 00 00 00 00 00 00 00 00 00 00 00 00 00 00 00 00 00 00 00 00 00 00 00 00 00 00 00 00 00 00 00 00 00 00 00 00 00 00 00 00 00 00 00 00 00 00 00 00 00 00 00 00 00 00 00 00 00 00 00 00 00 00 00 00 00 00 00 00 36 34 82 53 7E
[666211][05:03:26.938]7E FF 02 FF D9 66 A9 2B 7D 06 B9 01 DE B5 71 E6 00 00 03 10 00 01 00 02 69 7F 94 10 01 E0 00 01 00 01 00 00 54 DF 41 BD 75 C7 8D 7E
[666212][05:03:26.954]7E FF 02 FF DA 66 AD 2B 7D 06 C4 01 BA 3F 73 E6 00 00 03 10 00 01 00 02 69 7F 94 10 2E 40 0B 01 1F 00 00 00 80 DB 49 B5 8A B2 CB 7E
[666213][05:03:27.044]7E FF 02 FF DB 66 D3 2B 7D 06 20 00 3D BB A7 E6 00 00 03 10 00 01 00 02 69 7F 94 01 2E A0 0D 01 1D 00 00 00 0A 8D 0F 98 F8 E7 FF 7E
[666214][05:03:27.195]7E FF 02 FF DC 66 DA 2C 7D 06 EF 00 54 FD E5 E6 00 00 03 10 00 01 00 03 69 7F 94 F0 0C 58 0E 00 00 00 10 02 38 05 19 EB 62 9F E4 7E
[666215][05:03:27.420]7E FF 02 FF DD 66 7C 2D 7D 06 73 02 04 EA 23 E7 00 FD 03 14 02 01 00 01 69 7F 94 01 F0 FF 01 5A 16 04 83 00 F5 5B 57 10 00 FF 2F 01 27 2F 00 FB 88 11 00 00 33 00 00 08 00 00 00 01 00 00 04 20 00 00 12 74 72 20 00 00 12 74 72 00 00 64 64 9A 00 3E 00 1C 02 3D 00 64 00 00 00 FC FF FF FF 7F DD 7F 6F FF 0F 00 C6 46 90 00 09 81 15 04 00 00 02 09 80 22 40 00 05 02 00 20 00 BC 6D 09 20 21 11 12 05 11 2C 80 01 D4 C6 50 00 00 00 1E 7C 4A 31 04 01 42 00 00 00 40 23 6C 40 1B 24 08 26 0B 28 17 40 06 2A 08 20 49 0B 02 05 5D 12 4D 03 21 48 35 61 05 09 09 4D 4C 07 09 14 0F 0F 0C 00 16 1F 23 16 08 3D 06 09 49 1B 47 03 00 02 01 0A 0F 08 0A 03 08 01 00 00 0C 0B 15 09 00 00 00 0C 0A 00 0D 01 00 02 00 00 01 34 02 54 00 03 02 07 0A 0F 12 02 00 35 00 00 0F 04 0A 02 00 00 0C 0C 06 00 04 0E 05 02 05 08 04 09 03 0E 01 06 13 18 08 01 01 00 01 05 02 00 01 03 01 04 01 05 03 0B 0C 53 09 05 00 06 00 00 00 00 02 09 0C 08 06 00 02 00 09 43 1A C4 93 00 00 00 00 00 00 00 00 00 00 00 00 00 00 00 00 00 00 00 00 00 00 00 00 00 00 00 00 00 00 00 00 00 00 00 00 00 00 00 00 00 00 00 00 00 00 00 00 00 00 00 00 00 00 00 00 00 00 00 00 00 00 00 00 00 00 00 00 00 00 00 00 00 00 00 00 00 00 00 00 00 00 00 00 00 00 00 00 00 00 00 00 00 00 00 00 00 00 00 00 00 00 00 00 00 00 00 00 00 00 00 00 00 00 00 00 00 00 00 00 00 00 00 00 00 00 00 00 00 00 00 00 00 00 00 00 00 00 00 00 00 00 00 00 00 00 00 00 00 00 00 00 00 00 00 00 00 00 00 00 00 00 00 00 00 00 00 00 00 00 00 00 00 00 00 00 00 00 00 00 00 00 00 00 00 00 00 00 00 00 00 00 00 00 00 00 00 00 00 00 00 00 00 00 00 00 00 00 00 00 00 00 00 00 00 00 00 00 00 00 00 00 00 00 00 00 00 00 00 00 00 00 00 00 00 00 00 00 00 00 00 00 00 00 00 8D 6A 30 81 7E
[666216][05:03:27.420]7E FF 02 FF DE 66 8F 2D 7D 06 8C 00 AC FD 2A E7 00 FD 03 10 00 01 00 02 69 7F 94 10 2E 70 14 01 13 00 00 00 0B 15 2F 40 A0 0D E3 7E
[666217][05:03:27.467]7E FF 02 FF DF 66 E4 2D 7D 06 9D 00 97 6C 4B E7 00 FD 03 10 00 01 00 02 69 7F 94 01 2E 40 0B 01 09 00 00 00 F3 5A 54 C6 E6 A8 97 7E
[666218][05:03:27.662]7E FF 02 FF E0 66 6B 2E 7D 06 FB 00 26 EF 7E E7 00 36 01 14 02 01 00 01 69 7F 94 3E F0 FF 01 D4 17 E8 92 00 E5 70 96 E0 03 FF 2F 01 4E 91 00 EF 20 11 08 00 33 00 00 30 00 09 80 94 75 FF FF FF FF FF FF 08 00 00 00 3E 10 00 11 30 00 09 80 94 75 20 00 00 12 74 72 02 00 64 64 8C 00 0F 01 1C 02 3D 00 00 00 00 00 01 30 9A B0 2C F5 03 02 52 BF BE 0D 06 C7 26 90 9E 8F 80 75 7B 69 01 04 09 04 00 00 01 12 00 00 00 00 A0 00 00 20 00 00 00 80 08 20 2E 22 3C 00 00 00 20 10 3E 79 4B 39 1C 53 E2 31 16 05 40 3E 44 39 0B 3B 0B 08 0C 0B 3D 0C 3A 3D 09 0B 0B 23 21 2C 3B 3B 3B 0B 09 0D 0B 0A 0A 0C 09 0A 0D 0C 0A 0B 0F 0B 0B 0C 0A 0B 0A 0B 0F 0B 0A 0F 0A 08 0C 0A 0A 0A 0B 06 0A 09 08 0B 0C 3C 0C 3A 0D 0B 0A 0D 0A 0D 08 0D 0B 0C 0B 0D 09 0B 0B 0E 0C 08 0E 0C 0C 0E 0B 0B 0B 0B 0B 0B 0B 0D 0A 0A 0A 0D 0A 0C 0E 0C 0B 0A 0B 39 0D 0C 09 0A 0D 0D 0B 0C 0A 0D 0B 0B 0C 0B 0C 0C 0B 09 09 08 0B 0A 0C 0D 09 0A 0D 08 0B 0B 0C 0C 0D 0D 0B A4 D1 4F 39 00 00 00 00 00 00 00 00 00 00 00 00 00 00 00 00 00 00 00 00 00 00 00 00 00 00 00 00 00 00 00 00 00 00 00 00 00 00 00 00 00 00 00 00 00 00 00 00 00 00 00 00 00 00 00 00 00 00 00 00 00 00 00 00 00 00 00 00 00 00 00 00 00 00 00 00 00 00 00 00 00 00 00 00 00 00 00 00 00 00 00 00 00 00 00 00 00 00 00 00 00 00 00 00 00 00 00 00 00 00 00 00 00 00 00 00 00 00 00 00 00 00 00 00 00 00 00 00 00 00 00 00 00 00 00 00 00 00 00 00 00 00 00 00 00 00 00 00 00 00 00 00 00 00 00 00 00 00 00 00 00 00 00 00 00 00 00 00 00 00 00 00 00 00 00 00 00 00 00 00 00 00 00 00 00 00 00 00 00 00 00 00 00 00 00 00 00 00 00 00 00 00 00 00 00 00 00 00 00 00 00 00 00 00 00 00 00 00 00 00 00 00 00 00 00 00 00 00 00 00 00 00 00 00 00 00 00 00 00 00 00 00 00 00 00 80 6F E5 A8 7E
[666219][05:03:27.694]7E FF 02 FF E1 66 63 2E 7D 06 DA 01 45 5F 7A E7 01 22 10 14 01 01 00 01 69 7F 94 01 80 0D 03 6A 41 00 10 00 16 42 9C 10 00 57 00 03 28 2F 30 74 88 FF 00 00 33 00 00 11 03 00 00 01 02 83 06 14 35 28 0A FE FE FE FE 68 62 00 43 05 39 92 04 09 00 30 10 1B 86 10 00 3E 05 03 2C 50 02 02 00 01 20 21 02 00 1C 07 EA 06 1E 01 2D 00 08 00 20 21 02 00 00 20 01 04 00 00 20 00 02 00 00 20 01 02 00 00 20 04 02 00 00 20 0A 02 00 00 00 10 02 01 00 00 20 02 01 00 01 10 F0 D5 56 98 83 8E 08 15 8F 01 3B 87 D4 9A 8C D7 8E 15 16 AF A2 4D A5 00 00 00 00 00 00 00 00 00 00 00 00 00 00 00 00 00 00 00 00 00 00 00 00 00 00 00 00 00 00 00 00 00 00 00 00 00 00 00 00 00 00 00 00 00 00 00 00 00 00 00 00 00 00 00 00 00 00 00 00 00 00 00 00 00 00 00 00 00 00 00 00 00 00 00 00 00 00 00 00 00 00 00 00 00 00 00 00 00 00 00 00 00 00 00 00 00 00 00 00 00 00 00 00 00 00 00 00 00 00 00 00 00 00 00 00 00 00 00 00 00 00 00 00 1D FB 38 73 7E
[666220][05:03:27.740]7E FF 02 FF E2 66 2B 2E 7D 06 BB 00 D6 A5 8C E7 00 35 01 14 02 01 00 01 69 7F 94 1E F0 FF 01 D4 17 E8 92 00 C1 70 86 E0 01 FF 2F 01 EF 12 00 EC 20 11 08 00 33 00 00 30 00 09 80 95 19 FF FF FF FF FF FF 08 00 00 00 1E 10 00 11 30 00 09 80 95 19 20 00 00 12 74 72 03 00 51 64 89 00 0E 01 1C 02 3D 00 00 00 00 00 01 30 92 B0 2C B5 00 02 52 FF BE 0D 06 C7 26 90 9E 8F 80 75 7B 69 01 04 09 04 00 00 01 12 00 00 00 00 A0 00 00 20 00 00 00 80 08 20 2E 22 3C 00 00 00 20 10 3E 79 4B 39 1C 53 E2 31 16 05 40 3E 3D 0B 3D 0B 09 0D 0B 3C 0D 38 3D 0A 0B 2E 3B 3A 3B 0B 0A 0D 0C 0B 0A 0D 0B 0B 0C 0C 0C 0D 0B 0F 0B 0B 0A 0A 0C 0C 0B 0F 0B 0A 0F 09 0B 0B 0A 0A 0B 0B 06 0A 09 08 09 0B 3C 0D 3B 0D 0C 0A 0C 0B 0B 0A 0C 09 0C 0B 0C 0B 0C 0B 0F 0B 08 0C 09 0C 0E 0B 0C 0A 08 0B 0B 0D 0D 0B 0A 08 0D 0E 0B 0D 0C 0B 0B 0C 3A 0D 0C 03 0B 0B 0E 0C 0B 0C 0D 0C 0B 0C 0C 0B 0D 0B 09 09 09 0C 0B 0C 0E 0B 0D 0D 09 0C 0B 06 0D 0E 0C 0E 1E 29 6A 8A 00 00 00 00 00 00 00 00 00 00 00 00 00 00 00 00 00 00 00 00 00 00 00 00 00 00 00 00 00 00 00 00 00 00 00 00 00 00 00 00 00 00 00 00 00 00 00 00 00 00 00 00 00 00 00 00 00 00 00 00 00 00 00 00 00 00 00 00 00 00 00 00 00 00 00 00 00 00 00 00 00 00 00 00 00 00 00 00 00 00 00 00 00 00 00 00 00 00 00 00 00 00 00 00 00 00 00 00 00 00 00 00 00 00 00 00 00 00 00 00 00 00 00 00 00 00 00 00 00 00 00 00 00 00 00 00 00 00 00 00 00 00 00 00 00 00 00 00 00 00 00 00 00 00 00 00 00 00 00 00 00 00 00 00 00 00 00 00 00 00 00 00 00 00 00 00 00 00 00 00 00 00 00 00 00 00 00 00 00 00 00 00 00 00 00 00 00 00 00 00 00 00 00 00 00 00 00 00 00 00 00 00 00 00 00 00 00 00 00 00 00 00 00 00 00 00 00 00 00 00 00 00 00 00 00 00 00 00 00 00 00 00 00 00 00 00 00 00 57 11 50 D3 7E
[666221][05:03:28.084]7E FF 02 FF E3 66 AF 2F 7D 06 03 03 2C E2 20 E8 00 39 01 14 02 01 00 01 69 7F 94 5F F0 FF 01 D4 17 E8 92 00 89 70 32 F0 05 FF 2F 01 BE 6C 00 EC 38 11 08 00 33 00 00 30 00 09 80 93 76 FF FF FF FF FF FF 08 00 00 00 5F 10 00 11 30 00 09 80 93 76 20 00 00 12 74 72 02 00 51 64 89 00 0E 01 1B 02 3D 00 00 00 00 00 01 30 9A B0 2C F5 00 02 52 FF BE 0D 06 47 26 90 9E 8F 80 75 7B 69 01 04 09 04 00 00 01 12 00 00 00 00 A0 00 00 20 00 00 00 80 08 20 2E 22 3C 00 00 00 20 10 3E 79 4B 39 1C 53 E2 31 12 05 40 3D 01 3C 0B 3D 0B 08 0E 0B 3D 0D 3A 3C 0A 0C 0D 2E 3A 3C 3B 0B 0A 0D 0C 0B 0B 0D 0B 0B 0C 0C 0C 0C 0B 0F 0B 0B 0A 0A 0C 0C 0B 0F 0A 0F 0A 0B 0B 0A 0A 0A 0B 06 0A 04 08 08 0B 3C 0D 3B 0C 0C 08 0D 0B 0B 09 0C 0B 0C 0B 0D 09 0B 0B 0F 08 08 0E 0A 04 0E 0B 0B 0B 03 0B 0B 0D 0E 0A 0A 07 0E 0E 0C 0C 0C 0B 0B 0D 3A 0D 0D 01 0B 0C 0E 0C 0B 0B 0D 0C 0B 0C 0C 0A 0D 0B 09 09 09 0B 0B 0C 0E 0B 09 0D 0A 0C 0B 0D 0E 0B 0E 86 F1 7C 3B 00 00 00 00 00 00 00 00 00 00 00 00 00 00 00 00 00 00 00 00 00 00 00 00 00 00 00 00 00 00 00 00 00 00 00 00 00 00 00 00 00 00 00 00 00 00 00 00 00 00 00 00 00 00 00 00 00 00 00 00 00 00 00 00 00 00 00 00 00 00 00 00 00 00 00 00 00 00 00 00 00 00 00 00 00 00 00 00 00 00 00 00 00 00 00 00 00 00 00 00 00 00 00 00 00 00 00 00 00 00 00 00 00 00 00 00 00 00 00 00 00 00 00 00 00 00 00 00 00 00 00 00 00 00 00 00 00 00 00 00 00 00 00 00 00 00 00 00 00 00 00 00 00 00 00 00 00 00 00 00 00 00 00 00 00 00 00 00 00 00 00 00 00 00 00 00 00 00 00 00 00 00 00 00 00 00 00 00 00 00 00 00 00 00 00 00 00 00 00 00 00 00 00 00 00 00 00 00 00 00 00 00 00 00 00 00 00 00 00 00 00 00 00 00 00 00 00 00 00 00 00 00 00 00 00 00 00 00 00 00 00 00 00 00 00 00 00 00 BE 61 CB EF 7E
[666222][05:03:28.234]7E FF 02 FF E4 66 D7 30 7D 06 D4 00 A1 70 6B E8 00 38 01 94 00 01 00 01 69 7F 94 21 B0 00 01 FC 13 79 40 00 3D 50 38 10 02 0B 00 04 B4 79 00 3B 78 EF 04 00 33 00 00 07 00 00 00 21 00 21 00 6C 00 2F 00 4E 42 02 08 1A E4 24 00 00 22 A9 10 41 25 00 00 C5 08 04 00 30 00 54 00 05 02 1A ED 0E 35 7F 44 0A 06 00 40 82 A0 F6 70 B4 0A C1 00 00 10 0C 0A 7B D6 4A 00 00 00 00 00 00 00 00 00 00 00 00 00 00 00 00 00 00 00 00 00 00 00 00 00 00 00 00 00 00 00 00 00 00 00 00 00 00 00 00 00 00 00 00 00 00 00 00 00 00 00 00 00 3B 24 1C 36 7E
[666223][05:03:28.280]7E FF 02 FF E5 66 04 31 7D 06 54 00 0D 8C 7C E8 00 38 01 94 00 01 00 01 69 7F 94 21 B0 00 01 FC 13 79 44 00 2C 52 BC 10 02 0B 00 04 B4 79 00 3B 78 EF 04 00 33 00 00 07 00 00 00 21 00 21 00 6C 00 2F 00 4E 42 02 08 1A E4 24 00 00 22 A9 10 41 25 00 00 C5 08 04 00 30 00 54 00 05 02 1A ED 0E 35 7F 44 0A 06 00 40 82 A0 F6 70 B4 0A C1 00 00 10 0C 0A 7B D6 4A 00 00 00 00 00 00 00 00 00 00 00 00 00 00 00 00 00 00 00 00 00 00 00 00 00 00 00 00 00 00 00 00 00 00 00 00 00 00 00 00 00 00 00 00 00 00 00 00 00 00 00 00 00 41 62 64 2F 7E
[666224][05:03:28.340]7E FF 02 FF E6 66 E5 30 7D 06 40 03 42 2F 97 E8 00 38 01 10 00 01 00 02 69 7F 94 10 D8 30 08 01 0B 00 00 00 AD 59 65 DB A3 4B C9 7E
[666225][05:03:28.371]7E FF 02 FF E7 66 65 31 7D 06 3C 03 C1 D0 A0 E8 01 23 0D 10 00 01 00 02 69 7F 94 00 01 80 0D 00 A8 00 00 00 DC 8D 82 65 1D BB AC 7E
[666226][05:03:28.476]7E FF 02 FF E8 66 9D 31 7D 06 47 00 CE E8 B6 E8 00 35 01 14 02 01 00 01 69 7F 94 A8 F1 FF 01 D4 17 E8 92 00 41 71 3E 80 1A FF 2F 01 A5 97 00 EB 18 11 08 00 33 00 00 30 00 09 80 94 76 FF FF FF FF FF FF 08 00 00 00 A8 11 00 11 30 00 09 80 94 76 20 00 00 12 74 72 02 00 51 64 88 00 0E 01 1B 02 3D 00 00 00 00 00 01 30 92 B0 2C F5 00 02 52 FF BE 0D 06 C7 26 90 9E 8F 80 75 7B 69 01 04 01 04 00 00 01 12 00 00 00 00 A0 00 00 20 00 00 00 80 08 20 2E 22 3C 00 00 00 20 10 3E 79 4B 38 1C 53 E2 31 16 05 40 3D 3B 0A 3C 0B 09 0B 0B 3C 0C 36 3D 0A 0B 0D 2E 39 3A 3B 0A 0B 0D 0B 0A 0A 0D 0B 0D 0B 0B 0C 0D 0B 0F 0B 0B 0B 0C 0B 0C 0B 0F 0B 09 0F 07 0A 0C 0A 0A 09 0B 06 0A 09 08 0B 0B 3B 0D 3C 0C 0C 0A 0D 0A 0D 09 0C 0A 0D 0B 0B 0B 0E 0B 0D 0A 0F 09 0C 0E 0B 0B 0C 0B 0B 0A 0C 0D 0B 0A 0A 0C 0D 0B 0D 0C 0B 0B 0D 3A 0D 0C 09 0C 0C 0E 0B 08 0C 0E 0C 0C 0D 0B 0D 0B 07 09 09 0C 0C 0C 0D 0B 0B 0D 07 0C 0B 0C 0D 0E 0B 0E BE 97 29 51 00 00 00 00 00 00 00 00 00 00 00 00 00 00 00 00 00 00 00 00 00 00 00 00 00 00 00 00 00 00 00 00 00 00 00 00 00 00 00 00 00 00 00 00 00 00 00 00 00 00 00 00 00 00 00 00 00 00 00 00 00 00 00 00 00 00 00 00 00 00 00 00 00 00 00 00 00 00 00 00 00 00 00 00 00 00 00 00 00 00 00 00 00 00 00 00 00 00 00 00 00 00 00 00 00 00 00 00 00 00 00 00 00 00 00 00 00 00 00 00 00 00 00 00 00 00 00 00 00 00 00 00 00 00 00 00 00 00 00 00 00 00 00 00 00 00 00 00 00 00 00 00 00 00 00 00 00 00 00 00 00 00 00 00 00 00 00 00 00 00 00 00 00 00 00 00 00 00 00 00 00 00 00 00 00 00 00 00 00 00 00 00 00 00 00 00 00 00 00 00 00 00 00 00 00 00 00 00 00 00 00 00 00 00 00 00 00 00 00 00 00 00 00 00 00 00 00 00 00 00 00 00 00 00 00 00 00 00 00 00 00 00 00 00 00 00 00 00 00 83 5F 8C 1C 7E
[666227][05:03:28.626]7E FF 02 FF E9 66 59 32 7D 06 1C 00 1E 9D FE E8 00 3C 00 94 00 01 00 01 69 7F 94 21 B0 00 01 FC 13 79 44 00 2C 52 BC 10 02 0B 00 04 B4 79 00 3B 78 EF 04 00 33 00 00 07 00 00 00 21 00 21 00 6C 00 2F 00 4E 42 02 08 1A E4 24 00 00 22 A9 10 41 25 00 00 C5 08 04 00 30 00 54 00 05 02 1A ED 0E 35 7F 44 0A 06 00 40 82 A0 F6 70 B4 0A C1 00 00 10 0C 0A 7B D6 4A 00 00 00 00 00 00 00 00 00 00 00 00 00 00 00 00 00 00 00 00 00 00 00 00 00 00 00 00 00 00 00 00 00 00 00 00 00 00 00 00 00 00 00 00 00 00 00 00 00 00 00 00 00 5E 12 12 2E 7E
[666228][05:03:28.626]7E FF 02 FF EA 66 63 32 7D 06 B3 01 93 99 02 E9 00 3C 00 10 00 01 00 02 69 7F 94 01 2E 50 0F 01 1F 00 00 00 16 EA 53 AB 86 63 B6 7E
[666229][05:03:28.987]7E FF 02 FF EB 66 D1 33 7D 06 7C 01 16 34 8E E9 00 3C 00 10 00 01 00 02 69 7F 94 01 2E A0 0D 01 1F 00 00 00 2B 0D 8B 0B 65 2E D3 7E
[666230][05:03:29.091]7E FF 02 FF EC 66 3B 34 7D 06 7C 02 C5 BC B6 E9 00 3C 00 10 00 01 00 03 69 7F 94 F0 0C F7 06 00 00 00 10 02 69 0D 6F 93 81 72 5A 7E
[666231][05:03:29.257]7E FF 02 FF ED 66 A4 34 7D 06 08 03 86 D0 DE E9 00 39 00 14 02 01 00 01 69 7F 94 41 F0 FF 01 D4 17 E8 92 00 94 70 5E 10 04 FF 2F 01 50 C3 00 EB 60 11 08 00 33 00 00 30 00 09 81 06 24 FF FF FF FF FF FF 08 00 00 00 41 10 00 11 30 00 09 81 06 24 20 00 00 12 74 72 02 00 51 64 88 00 0E 01 1A 02 3D 00 00 00 00 00 01 30 92 B0 2C F5 00 02 52 FF BC 0D 06 C7 26 90 9E 8F 80 75 7B 69 01 04 01 04 00 00 01 12 00 00 00 00 A0 00 00 20 00 00 00 80 08 20 2E 22 3C 00 00 00 20 10 3E 79 4B 39 1C 53 E2 31 16 05 40 3D 3C 0B 3C 0B 09 0B 0B 3D 0D 36 3D 0A 0C 0D 2A 39 3C 3B 0B 0A 0D 0B 0B 0A 0D 08 0B 0B 0C 0D 0B 0F 0B 0B 0A 0B 0B 0B 0B 0F 0C 09 0F 08 0A 0C 09 09 06 0B 06 0A 08 08 0A 0B 38 0D 3C 0D 0B 0A 0D 09 0E 09 0C 08 0C 0A 0B 0B 0D 09 0D 08 0E 07 0A 0E 0B 0C 0B 0B 0A 0A 0C 0D 0A 0A 0A 0B 0D 0B 0B 0C 0B 0B 0C 3A 0D 0B 09 0B 0D 0D 0C 0A 0B 0D 0B 0D 0C 0D 0B 0D 0B 08 0A 08 0C 0B 0C 0D 0B 0C 0D 08 0A 0B 0C 0D 0B 0A 0E DA CE CE 5A 00 00 00 00 00 00 00 00 00 00 00 00 00 00 00 00 00 00 00 00 00 00 00 00 00 00 00 00 00 00 00 00 00 00 00 00 00 00 00 00 00 00 00 00 00 00 00 00 00 00 00 00 00 00 00 00 00 00 00 00 00 00 00 00 00 00 00 00 00 00 00 00 00 00 00 00 00 00 00 00 00 00 00 00 00 00 00 00 00 00 00 00 00 00 00 00 00 00 00 00 00 00 00 00 00 00 00 00 00 00 00 00 00 00 00 00 00 00 00 00 00 00 00 00 00 00 00 00 00 00 00 00 00 00 00 00 00 00 00 00 00 00 00 00 00 00 00 00 00 00 00 00 00 00 00 00 00 00 00 00 00 00 00 00 00 00 00 00 00 00 00 00 00 00 00 00 00 00 00 00 00 00 00 00 00 00 00 00 00 00 00 00 00 00 00 00 00 00 00 00 00 00 00 00 00 00 00 00 00 00 00 00 00 00 00 00 00 00 00 00 00 00 00 00 00 00 00 00 00 00 00 00 00 00 00 00 00 00 00 00 00 00 00 00 00 00 00 00 00 AA 67 07 4A 7E
[666232][05:03:29.257]7E FF 02 FF EE 66 B4 34 7D 06 C2 03 E2 02 E5 E9 00 39 00 10 00 01 00 02 69 7F 94 01 2E 70 15 01 1F 00 00 00 98 1D 15 46 C2 EF 96 7E
[666233][05:03:29.422]7E FF 02 FF EF 66 5A 35 7D 06 EB 00 89 71 22 EA 01 23 0F 14 01 01 00 01 69 7F 94 01 80 0D 03 6A 41 00 10 00 16 42 9C 10 00 3C 01 03 29 2F 30 74 88 FF 00 00 33 00 00 11 03 00 00 01 02 83 06 12 35 28 0A FE FE FE FE 68 62 00 43 05 37 92 04 09 00 30 10 3A 00 10 00 3E 05 03 2A 50 02 02 00 01 20 21 02 00 1C 07 EA 06 1E 01 2D 00 08 00 20 21 02 00 00 20 01 04 00 00 20 00 02 00 00 20 01 02 00 00 20 04 02 00 00 20 0A 02 00 00 00 10 02 01 00 00 20 02 01 00 01 10 F0 D5 56 98 83 8E 08 15 8F 01 3B 87 D4 9A 8C D7 4D FE 16 DA 56 4D 77 00 00 00 00 00 00 00 00 00 00 00 00 00 00 00 00 00 00 00 00 00 00 00 00 00 00 00 00 00 00 00 00 00 00 00 00 00 00 00 00 00 00 00 00 00 00 00 00 00 00 00 00 00 00 00 00 00 00 00 00 00 00 00 00 00 00 00 00 00 00 00 00 00 00 00 00 00 00 00 00 00 00 00 00 00 00 00 00 00 00 00 00 00 00 00 00 00 00 00 00 00 00 00 00 00 00 00 00 00 00 00 00 00 00 00 00 00 00 00 00 00 00 00 00 F4 F3 0B 6B 7E
[666234][05:03:29.618]7E FF 02 FF F0 66 0D 36 7D 06 45 01 44 5B 68 EA 00 3C 00 14 02 01 00 01 69 7F 94 4A F0 FF 01 D4 17 E8 92 00 9E 70 6A A0 04 FF 2F 01 C0 4E 00 EB 10 11 08 00 33 00 00 30 00 09 81 42 47 FF FF FF FF FF FF 08 00 00 00 4A 10 00 11 30 00 09 81 42 47 20 00 00 12 74 72 02 00 3E 64 88 00 0E 01 1A 02 3D 00 00 00 00 00 01 30 92 B0 2C F5 00 02 52 FF BE 09 06 C7 26 90 9E 8F 80 75 7B 69 01 04 01 04 00 00 01 12 00 00 00 00 A0 00 00 20 00 00 00 80 08 20 2E 22 3C 00 00 00 20 10 3E 79 4B 39 1C 53 E2 31 16 05 40 3D 3D 0C 3C 0B 08 0D 0B 3C 0D 3A 3D 09 0B 0B 2E 3C 3B 3C 0C 0C 0D 0C 0C 0B 0C 0C 0B 0B 0B 0C 08 06 0F 09 0C 0A 0B 0C 0B 0F 0B 09 0F 0A 09 0C 0A 0A 0A 0A 06 0A 06 08 0A 0B 3D 0D 3B 0C 0C 0A 0D 08 0E 06 0B 09 0C 08 0B 0A 0A 0C 0F 09 06 05 0C 0E 0B 0C 0B 0B 0C 0C 0C 0C 0A 08 0A 0E 07 0D 01 0B 0B 0B 0B 31 0D 0D 0B 05 0E 0D 0C 0C 0A 0D 0C 0B 0C 0C 0B 0E 0B 09 09 0A 0C 0C 0C 0E 08 07 0D 06 08 09 0C 0A 0B 0C 0E 11 3D 88 93 00 00 00 00 00 00 00 00 00 00 00 00 00 00 00 00 00 00 00 00 00 00 00 00 00 00 00 00 00 00 00 00 00 00 00 00 00 00 00 00 00 00 00 00 00 00 00 00 00 00 00 00 00 00 00 00 00 00 00 00 00 00 00 00 00 00 00 00 00 00 00 00 00 00 00 00 00 00 00 00 00 00 00 00 00 00 00 00 00 00 00 00 00 00 00 00 00 00 00 00 00 00 00 00 00 00 00 00 00 00 00 00 00 00 00 00 00 00 00 00 00 00 00 00 00 00 00 00 00 00 00 00 00 00 00 00 00 00 00 00 00 00 00 00 00 00 00 00 00 00 00 00 00 00 00 00 00 00 00 00 00 00 00 00 00 00 00 00 00 00 00 00 00 00 00 00 00 00 00 00 00 00 00 00 00 00 00 00 00 00 00 00 00 00 00 00 00 00 00 00 00 00 00 00 00 00 00 00 00 00 00 00 00 00 00 00 00 00 00 00 00 00 00 00 00 00 00 00 00 00 00 00 00 00 00 00 00 00 00 00 00 00 00 00 00 00 00 00 00 B7 13 11 2A 7E
[666235][05:03:29.633]7E FF 02 FF F1 66 4D 36 7D 06 BA 03 5C 69 7F EA 01 22 10 34 00 01 00 01 69 7F 94 01 80 0D 03 85 10 00 10 00 C8 FC F3 10 00 CE 00 0A 2A 2F 30 10 88 FF 00 00 33 00 00 11 A1 00 00 01 23 71 0C 30 00 09 04 01 58 03 02 6B C7 5B E8 85 97 54 74 7E
[666236][05:03:29.663]7E FF 02 FF F2 66 6E 36 7D 06 13 01 47 56 8D EA 00 37 00 54 00 01 00 01 69 7F 94 D8 30 08 03 59 12 20 D0 00 AA 2B 5F 10 00 CE 00 0A 2A 2F 30 10 88 EF 00 00 33 00 00 11 A1 00 00 01 23 71 0C 30 00 09 04 01 58 03 02 6B C7 5B E8 0E 40 6E 00 00 00 00 00 00 00 00 00 00 00 00 00 00 00 00 00 00 00 00 00 00 00 00 00 00 00 00 00 72 54 B4 54 7E
[666237][05:03:29.902]7E FF 02 FF F3 66 43 37 7D 06 E4 00 AE 94 DE EA 00 FD 03 14 01 01 00 01 69 7F 94 01 B0 00 03 27 16 EB C0 00 4F 94 14 10 00 86 00 03 2B 2F 30 74 88 FF 00 00 33 00 00 11 03 00 00 01 02 83 06 15 35 28 0A FE FE FE FE 68 62 00 43 05 40 92 04 09 00 30 10 6E D6 10 00 3E 05 03 2D 50 02 02 00 01 20 21 02 00 1C 07 EA 06 1E 01 2D 00 08 00 20 21 02 00 00 20 01 04 00 00 20 00 02 00 00 20 01 02 00 00 20 04 02 00 00 20 0A 02 00 00 00 10 02 01 00 00 20 02 01 00 01 10 F0 D5 56 98 83 8E 08 15 8F 01 3B 87 D4 9A 8C D7 29 45 16 6F 5D 10 BD 00 00 00 00 00 00 00 00 00 00 00 00 00 00 00 00 00 00 00 00 00 00 00 00 00 00 00 00 00 00 00 00 00 00 00 00 00 00 00 00 00 00 00 00 00 00 00 00 00 00 00 00 00 00 00 00 00 00 00 00 00 00 00 00 00 00 00 00 00 00 00 00 00 00 00 00 00 00 00 00 00 00 00 00 00 00 00 00 00 00 00 00 00 00 00 00 00 00 00 00 00 00 00 00 00 00 00 00 00 00 00 00 00 00 00 00 00 00 00 00 00 00 00 00 66 BF 51 26 7E
[666238][05:03:29.948]7E FF 02 FF F4 66 6A 37 7D 06 3B 03 C7 AC ED EA 00 FD 03 14 01 01 00 01 69 7F 94 01 B0 00 03 27 16 EB C4 00 5E 96 90 10 00 86 00 03 2B 2F 30 74 88 FF 00 00 33 00 00 11 03 00 00 01 02 83 06 15 35 28 0A FE FE FE FE 68 62 00 43 05 40 92 04 09 00 30 10 6E D6 10 00 3E 05 03 2D 50 02 02 00 01 20 21 02 00 1C 07 EA 06 1E 01 2D 00 08 00 20 21 02 00 00 20 01 04 00 00 20 00 02 00 00 20 01 02 00 00 20 04 02 00 00 20 0A 02 00 00 00 10 02 01 00 00 20 02 01 00 01 10 F0 D5 56 98 83 8E 08 15 8F 01 3B 87 D4 9A 8C D7 29 45 16 6F 5D 10 BD 00 00 00 00 00 00 00 00 00 00 00 00 00 00 00 00 00 00 00 00 00 00 00 00 00 00 00 00 00 00 00 00 00 00 00 00 00 00 00 00 00 00 00 00 00 00 00 00 00 00 00 00 00 00 00 00 00 00 00 00 00 00 00 00 00 00 00 00 00 00 00 00 00 00 00 00 00 00 00 00 00 00 00 00 00 00 00 00 00 00 00 00 00 00 00 00 00 00 00 00 00 00 00 00 00 00 00 00 00 00 00 00 00 00 00 00 00 00 00 00 00 00 00 00 DA AA 53 69 7E
[666239][05:03:29.993]7E FF 02 FF F5 66 99 37 7D 06 89 00 99 57 FF EA 00 FD 03 14 01 01 00 01 69 7F 94 01 B0 00 03 27 16 EB C4 00 5E 96 90 10 00 86 00 03 2B 2F 30 74 88 FF 00 00 33 00 00 11 03 00 00 01 02 83 06 15 35 28 0A FE FE FE FE 68 62 00 43 05 40 92 04 09 00 30 10 6E D6 10 00 3E 05 03 2D 50 02 02 00 01 20 21 02 00 1C 07 EA 06 1E 01 2D 00 08 00 20 21 02 00 00 20 01 04 00 00 20 00 02 00 00 20 01 02 00 00 20 04 02 00 00 20 0A 02 00 00 00 10 02 01 00 00 20 02 01 00 01 10 F0 D5 56 98 83 8E 08 15 8F 01 3B 87 D4 9A 8C D7 29 45 16 6F 5D 10 BD 00 00 00 00 00 00 00 00 00 00 00 00 00 00 00 00 00 00 00 00 00 00 00 00 00 00 00 00 00 00 00 00 00 00 00 00 00 00 00 00 00 00 00 00 00 00 00 00 00 00 00 00 00 00 00 00 00 00 00 00 00 00 00 00 00 00 00 00 00 00 00 00 00 00 00 00 00 00 00 00 00 00 00 00 00 00 00 00 00 00 00 00 00 00 00 00 00 00 00 00 00 00 00 00 00 00 00 00 00 00 00 00 00 00 00 00 00 00 00 00 00 00 00 00 D5 0A 9E 51 7E
[666240][05:03:29.993]7E FF 02 FF F6 66 B5 37 7D 06 0A 02 F9 33 0A EB 00 FD 03 10 00 01 00 02 69 7F 94 01 2E 10 0E 01 1F 00 00 00 46 A0 7A 57 B2 1F 30 7E
[666241][05:03:30.085]7E FF 02 FF F7 66 22 38 7D 06 74 00 59 9F 33 EB 00 FD 03 10 00 01 00 02 69 7F 94 01 2E C0 13 01 17 00 00 00 34 99 C7 28 D4 91 6E 7E
[666242][05:03:30.234]7E FF 02 FF F8 66 48 38 7D 06 8E 03 CA 92 68 EB 00 FD 03 10 00 01 00 02 69 7F 94 01 2E C0 13 01 1F 00 00 00 B5 99 41 FC 35 7C 01 7E
[666243][05:03:30.249]7E FF 02 FF F9 66 4E 38 7D 06 51 01 44 9D 6A EB 00 39 01 94 00 01 00 01 69 7F 94 21 B0 00 01 FC 13 79 40 00 3D 50 38 10 02 0B 00 04 B5 79 00 3B 78 EF 04 00 33 00 00 07 00 00 00 21 00 21 00 69 00 2F 00 4E 42 02 08 1A E4 24 00 00 22 A9 10 41 25 00 00 C1 08 04 00 30 00 54 00 05 02 1A E5 0E 31 7F 44 0A 06 00 40 82 A0 F6 70 B4 0A C1 00 00 10 0C A7 E8 1D B3 00 00 00 00 00 00 00 00 00 00 00 00 00 00 00 00 00 00 00 00 00 00 00 00 00 00 00 00 00 00 00 00 00 00 00 00 00 00 00 00 00 00 00 00 00 00 00 00 00 00 00 00 00 04 23 CB E2 7E
[666244][05:03:30.445]7E FF 02 FF FA 66 6D 39 7D 06 2A 00 EB D8 B1 EB 00 39 01 94 00 01 00 01 69 7F 94 21 B0 00 01 FC 13 79 44 00 2C 52 BC 10 02 0B 00 04 B5 79 00 3B 78 EF 04 00 33 00 00 07 00 00 00 21 00 21 00 69 00 2F 00 4E 42 02 08 1A E4 24 00 00 22 A9 10 41 25 00 00 C1 08 04 00 30 00 54 00 05 02 1A E5 0E 31 7F 44 0A 06 00 40 82 A0 F6 70 B4 0A C1 00 00 10 0C A7 E8 1D B3 00 00 00 00 00 00 00 00 00 00 00 00 00 00 00 00 00 00 00 00 00 00 00 00 00 00 00 00 00 00 00 00 00 00 00 00 00 00 00 00 00 00 00 00 00 00 00 00 00 00 00 00 00 28 90 F3 CB 7E
[666245][05:03:30.520]7E FF 02 FF FB 66 71 39 7D 06 F9 00 66 9C D9 EB 00 39 01 10 00 01 00 02 69 7F 94 01 2E C0 13 01 F7 00 00 00 35 97 7B 11 BF 89 92 7E
[666246][05:03:30.565]7E FF 02 FF FC 66 FE 39 7D 06 75 00 11 34 E9 EB 00 39 01 10 00 01 00 02 69 7F 94 01 2E 70 14 01 14 00 00 00 68 D5 36 DA CA E2 C7 7E
[666247][05:03:30.610]7E FF 02 FF FD 66 18 3A 7D 06 47 00 11 16 F3 EB 00 39 01 94 00 01 00 01 69 7F 94 21 B0 00 01 FC 13 79 44 00 2C 52 BC 10 02 0B 00 04 B5 79 00 3B 78 EF 04 00 33 00 00 07 00 00 00 21 00 21 00 69 00 2F 00 4E 42 02 08 1A E4 24 00 00 22 A9 10 41 25 00 00 C1 08 04 00 30 00 54 00 05 02 1A E5 0E 31 7F 44 0A 06 00 40 82 A0 F6 70 B4 0A C1 00 00 10 0C A7 E8 1D B3 00 00 00 00 00 00 00 00 00 00 00 00 00 00 00 00 00 00 00 00 00 00 00 00 00 00 00 00 00 00 00 00 00 00 00 00 00 00 00 00 00 00 00 00 00 00 00 00 00 00 00 00 00 F5 98 E9 D1 7E
[666248][05:03:30.671]7E FF 02 FF FE 66 6A 3A 7D 06 CB 03 60 BB 12 EC 00 39 01 10 00 01 00 02 69 7F 94 01 2E C0 13 01 01 00 00 00 55 18 46 D3 0C 7F DF 7E
[666249][05:03:30.777]7E FF 02 FF FF 66 BD 3A 7D 06 3C 00 E3 05 32 EC 00 3A 00 94 00 01 00 01 69 7F 94 21 B0 00 01 FC 13 79 44 00 2C 52 BC 10 02 0B 00 04 B5 79 00 3B 78 EF 04 00 33 00 00 07 00 00 00 21 00 21 00 69 00 2F 00 4E 42 02 08 1A E4 24 00 00 22 A9 10 41 25 00 00 C1 08 04 00 30 00 54 00 05 02 1A E5 0E 31 7F 44 0A 06 00 40 82 A0 F6 70 B4 0A C1 00 00 10 0C A7 E8 1D B3 00 00 00 00 00 00 00 00 00 00 00 00 00 00 00 00 00 00 00 00 00 00 00 00 00 00 00 00 00 00 00 00 00 00 00 00 00 00 00 00 00 00 00 00 00 00 00 00 00 00 00 00 00 F2 06 91 56 7E
[666250][05:03:31.376]7E FF 02 FF 00 67 ED 3C 7D 06 A5 02 AF E0 07 ED 00 FD 03 15 02 01 00 00 69 7F 94 AC E0 07 ED 01 90 E8 02 00 9C 79 2A CA 33 20 00 00 12 74 72 A2 0B 00 00 10 02 00 00 00 00 00 00 05 00 0F 01 00 00 64 20 00 00 12 74 72 04 00 00 01 0A D0 02 17 02 30 00 39 00 06 0A A0 0A D6 31 72 C3 5E EC C0 D5 00 59 33 00 41 24 32 00 00 00 00 4E BD 06 ED FA 39 00 00 24 00 0E 50 15 50 1C 50 31 50 0C 50 04 50 87 50 8A 50 93 51 34 50 36 50 08 50 40 51 D8 50 1A 50 11 50 05 50 0B 50 30 50 BA 51 29 50 39 51 75 50 BC 50 2D 50 5B 50 F7 50 83 50 24 50 21 50 86 50 6A 50 67 50 FB 50 D1 50 F8 51 C6 50 C9 50 14 51 48 51 FF 51 2E 50 C2 50 3D 51 F5 50 FE 51 18 51 3C 51 F2 50 4E 50 1A 51 B4 50 47 51 E1 50 DA 50 2E 51 ED 50 56 50 DF 50 F3 50 FA 51 A8 50 CC 50 CA 50 1B 51 66 41 B1 41 6F 41 88 41 3A 41 D6 40 8C 41 6E 41 E7 41 45 40 EF 41 69 41 10 41 0E 41 4A 41 0B 41 2C 41 A9 40 28 41 02 41 6A 41 27 40 9C 40 7E 81 88 13 00 01 B8 0B 00 02 AC 0D 00 03 03 04 9A 05 9A 05 E7 40 5C 40 8B 40 C5 40 22 40 20 40 44 41 F1 40 4D 40 02 40 80 40 60 40 82 40 AB 40 4B 41 EB 40 17 40 06 40 03 40 81 40 EC 40 09 41 32 40 D5 40 03 41 49 40 F6 80 94 11 00 01 C4 09 00 02 B8 0B 00 03 03 04 9A 05 9A 05 9A 05 F1 81 88 13 00 01 D0 07 00 02 C4 09 00 03 03 04 9A 05 CF 41 D0 41 27 41 C1 40 D1 41 D2 41 31 41 BD 41 D3 41 26 40 D4 41 D5 41 C9 41 68 41 EE 40 4C 40 20 40 32 41 2C 40 F0 80 88 13 00 01 E8 03 00 02 C4 09 00 03 03 04 9A 05 00 00 00 00 00 00 00 00 00 00 00 00 00 00 00 00 00 00 00 00 00 00 00 00 00 00 00 00 00 00 00 00 00 00 00 00 00 00 00 00 00 00 00 00 00 00 00 00 00 00 00 00 00 00 00 00 00 00 00 00 00 00 00 00 00 00 00 00 00 00 00 00 00 00 00 00 00 00 00 00 00 00 00 00 00 00 00 00 00 00 B5 25 4A 54 EC 18 48 0B 7E
[666251][05:03:31.422]7E FF 02 FF 01 67 F1 3C 7D 06 10 01 22 3D 08 ED 01 23 0C 15 02 01 00 00 69 7F 94 98 3B 08 ED 01 20 05 00 00 15 8C 52 CA 33 20 00 00 12 74 72 A2 0B 00 00 10 02 00 00 00 00 00 00 05 00 0F 01 00 00 64 20 00 00 12 74 72 04 00 00 01 0A D0 02 17 02 30 00 39 00 06 0A A0 0A D6 31 72 C3 5E EC C0 D5 00 59 33 00 41 24 32 00 00 00 00 4E BD 06 ED FA 39 00 00 24 00 0E 50 15 50 1C 50 31 50 0C 50 04 50 87 50 8A 50 93 51 34 50 36 50 08 50 40 51 D8 50 1A 50 11 50 05 50 0B 50 30 50 BA 51 29 50 39 51 75 50 BC 50 2D 50 5B 50 F7 50 83 50 24 50 21 50 86 50 6A 50 67 50 FB 50 D1 50 F8 51 C6 50 C9 50 14 51 48 51 FF 51 2E 50 C2 50 3D 51 F5 50 FE 51 18 51 3C 51 F2 50 4E 50 1A 51 B4 50 47 51 E1 50 DA 50 2E 51 ED 50 56 50 DF 50 F3 50 FA 51 A8 50 CC 50 CA 50 1B 51 66 41 B1 41 6F 41 88 41 3A 41 D6 40 8C 41 6E 41 E7 41 45 40 EF 41 69 41 10 41 0E 41 4A 41 0B 41 2C 41 A9 40 28 41 02 41 6A 41 27 40 9C 40 7E 81 88 13 00 01 B8 0B 00 02 AC 0D 00 03 03 04 9A 05 9A 05 E7 40 5C 40 8B 40 C5 40 22 40 20 40 44 41 F1 40 4D 40 02 40 80 40 60 40 82 40 AB 40 4B 41 EB 40 17 40 06 40 03 40 81 40 EC 40 09 41 32 40 D5 40 03 41 49 40 F6 80 94 11 00 01 C4 09 00 02 B8 0B 00 03 03 04 9A 05 9A 05 9A 05 F1 81 88 13 00 01 D0 07 00 02 C4 09 00 03 03 04 9A 05 CF 41 D0 41 27 41 C1 40 D1 41 D2 41 31 41 BD 41 D3 41 26 40 D4 41 D5 41 C9 41 68 41 EE 40 4C 40 20 40 32 41 2C 40 F0 80 88 13 00 01 E8 03 00 02 C4 09 00 03 03 04 9A 05 00 00 00 00 00 00 00 00 00 00 00 00 00 00 00 00 00 00 00 00 00 00 00 00 00 00 00 00 00 00 00 00 00 00 00 00 00 00 00 00 00 00 00 00 00 00 00 00 00 00 00 00 00 00 00 00 00 00 00 00 00 00 00 00 00 00 00 00 00 00 00 00 00 00 00 00 00 00 00 00 00 00 00 00 00 00 00 00 00 00 B5 25 4A 54 3C C4 36 3D 7E
[666252][05:03:31.468]7E FF 02 FF 02 67 AC 3C 7D 06 47 03 E6 48 15 ED 00 00 03 15 02 01 00 00 69 7F 94 E5 48 15 ED 01 90 E8 04 00 FC 95 EE CA 33 20 00 00 12 74 72 A2 0B 00 00 10 02 00 00 00 00 00 00 05 00 0F 01 00 00 64 20 00 00 12 74 72 04 00 00 01 0A D0 02 17 02 30 00 39 00 06 0A A0 0A D6 31 72 C3 5E EC C0 D5 00 59 33 00 41 24 32 00 00 00 00 4E BD 06 ED FA 39 00 00 24 00 0E 50 15 50 1C 50 31 50 0C 50 04 50 87 50 8A 50 93 51 34 50 36 50 08 50 40 51 D8 50 1A 50 11 50 05 50 0B 50 30 50 BA 51 29 50 39 51 75 50 BC 50 2D 50 5B 50 F7 50 83 50 24 50 21 50 86 50 6A 50 67 50 FB 50 D1 50 F8 51 C6 50 C9 50 14 51 48 51 FF 51 2E 50 C2 50 3D 51 F5 50 FE 51 18 51 3C 51 F2 50 4E 50 1A 51 B4 50 47 51 E1 50 DA 50 2E 51 ED 50 56 50 DF 50 F3 50 FA 51 A8 50 CC 50 CA 50 1B 51 66 41 B1 41 6F 41 88 41 3A 41 D6 40 8C 41 6E 41 E7 41 45 40 EF 41 69 41 10 41 0E 41 4A 41 0B 41 2C 41 A9 40 28 41 02 41 6A 41 27 40 9C 40 7E 81 88 13 00 01 B8 0B 00 02 AC 0D 00 03 03 04 9A 05 9A 05 E7 40 5C 40 8B 40 C5 40 22 40 20 40 44 41 F1 40 4D 40 02 40 80 40 60 40 82 40 AB 40 4B 41 EB 40 17 40 06 40 03 40 81 40 EC 40 09 41 32 40 D5 40 03 41 49 40 F6 80 94 11 00 01 C4 09 00 02 B8 0B 00 03 03 04 9A 05 9A 05 9A 05 F1 81 88 13 00 01 D0 07 00 02 C4 09 00 03 03 04 9A 05 CF 41 D0 41 27 41 C1 40 D1 41 D2 41 31 41 BD 41 D3 41 26 40 D4 41 D5 41 C9 41 68 41 EE 40 4C 40 20 40 32 41 2C 40 F0 80 88 13 00 01 E8 03 00 02 C4 09 00 03 03 04 9A 05 00 00 00 00 00 00 00 00 00 00 00 00 00 00 00 00 00 00 00 00 00 00 00 00 00 00 00 00 00 00 00 00 00 00 00 00 00 00 00 00 00 00 00 00 00 00 00 00 00 00 00 00 00 00 00 00 00 00 00 00 00 00 00 00 00 00 00 00 00 00 00 00 00 00 00 00 00 00 00 00 00 00 00 00 00 00 00 00 00 00 B5 25 4A 54 05 F4 3F CB 7E
[666253][05:03:31.528]7E FF 02 FF 03 67 34 3D 7D 06 F5 02 5B FC 22 ED 00 00 03 15 02 01 00 00 69 7F 94 57 FC 22 ED 01 90 E8 06 00 D5 E0 33 CA 33 20 00 00 12 74 72 A2 0B 00 00 10 02 00 00 00 00 00 00 05 00 0F 01 00 00 64 20 00 00 12 74 72 04 00 00 01 0A D0 02 17 02 30 00 39 00 06 0A A0 0A D6 31 72 C3 5E EC C0 D5 00 59 33 00 41 24 32 00 00 00 00 4E BD 06 ED FA 39 00 00 24 00 0E 50 15 50 1C 50 31 50 0C 50 04 50 87 50 8A 50 93 51 34 50 36 50 08 50 40 51 D8 50 1A 50 11 50 05 50 0B 50 30 50 BA 51 29 50 39 51 75 50 BC 50 2D 50 5B 50 F7 50 83 50 24 50 21 50 86 50 6A 50 67 50 FB 50 D1 50 F8 51 C6 50 C9 50 14 51 48 51 FF 51 2E 50 C2 50 3D 51 F5 50 FE 51 18 51 3C 51 F2 50 4E 50 1A 51 B4 50 47 51 E1 50 DA 50 2E 51 ED 50 56 50 DF 50 F3 50 FA 51 A8 50 CC 50 CA 50 1B 51 66 41 B1 41 6F 41 88 41 3A 41 D6 40 8C 41 6E 41 E7 41 45 40 EF 41 69 41 10 41 0E 41 4A 41 0B 41 2C 41 A9 40 28 41 02 41 6A 41 27 40 9C 40 7E 81 88 13 00 01 B8 0B 00 02 AC 0D 00 03 03 04 9A 05 9A 05 E7 40 5C 40 8B 40 C5 40 22 40 20 40 44 41 F1 40 4D 40 02 40 80 40 60 40 82 40 AB 40 4B 41 EB 40 17 40 06 40 03 40 81 40 EC 40 09 41 32 40 D5 40 03 41 49 40 F6 80 94 11 00 01 C4 09 00 02 B8 0B 00 03 03 04 9A 05 9A 05 9A 05 F1 81 88 13 00 01 D0 07 00 02 C4 09 00 03 03 04 9A 05 CF 41 D0 41 27 41 C1 40 D1 41 D2 41 31 41 BD 41 D3 41 26 40 D4 41 D5 41 C9 41 68 41 EE 40 4C 40 20 40 32 41 2C 40 F0 80 88 13 00 01 E8 03 00 02 C4 09 00 03 03 04 9A 05 00 00 00 00 00 00 00 00 00 00 00 00 00 00 00 00 00 00 00 00 00 00 00 00 00 00 00 00 00 00 00 00 00 00 00 00 00 00 00 00 00 00 00 00 00 00 00 00 00 00 00 00 00 00 00 00 00 00 00 00 00 00 00 00 00 00 00 00 00 00 00 00 00 00 00 00 00 00 00 00 00 00 00 00 00 00 00 00 00 00 B5 25 4A 54 FF F8 0E CA 7E
[666254][05:03:31.574]7E FF 02 FF 04 67 7B 3D 7D 06 F3 00 31 E0 3D ED 00 37 01 15 02 01 00 00 69 7F 94 CE DF 3D ED 15 90 E8 06 00 E2 3D A2 C9 33 20 00 00 12 74 72 A2 0B 00 00 10 02 00 00 00 00 00 00 05 00 0F 15 10 00 64 30 00 09 80 95 26 12 00 03 01 0A D0 02 17 02 30 00 39 00 06 0A A0 0A D6 31 72 C3 5E EC C0 D5 00 59 33 00 41 24 32 00 00 00 00 4E BD 06 ED FA 39 00 00 24 00 0E 50 15 50 1C 50 31 50 0C 50 04 50 87 50 8A 50 93 51 34 50 36 50 08 50 40 51 D8 50 1A 50 11 50 05 50 0B 50 30 50 BA 51 29 50 39 51 75 50 BC 50 2D 50 5B 50 F7 50 83 50 24 50 21 50 86 50 6A 50 67 50 FB 50 D1 50 F8 51 C6 50 C9 50 14 51 48 51 FF 51 2E 50 C2 50 3D 51 F5 50 FE 51 18 51 3C 51 F2 50 4E 50 1A 51 B4 50 47 51 E1 50 DA 50 2E 51 ED 50 56 50 DF 50 F3 50 FA 51 A8 50 CC 50 CA 50 1B 51 66 41 B1 41 6F 41 88 41 3A 41 D6 40 8C 41 6E 41 E7 41 45 40 EF 41 69 41 10 41 0E 41 4A 41 0B 41 2C 41 A9 40 28 41 02 41 6A 41 27 40 9C 40 7E 81 88 13 00 01 B8 0B 00 02 AC 0D 00 03 03 04 9A 05 9A 05 E7 40 5C 40 8B 40 C5 40 22 40 20 40 44 41 F1 40 4D 40 02 40 80 40 60 40 82 40 AB 40 4B 41 EB 40 17 40 06 40 03 40 81 40 EC 40 09 41 32 40 D5 40 03 41 49 40 F6 80 94 11 00 01 C4 09 00 02 B8 0B 00 03 03 04 9A 05 9A 05 9A 05 F1 81 88 13 00 01 D0 07 00 02 C4 09 00 03 03 04 9A 05 CF 41 D0 41 27 41 C1 40 D1 41 D2 41 31 41 BD 41 D3 41 26 40 D4 41 D5 41 C9 41 68 41 EE 40 4C 40 20 40 32 41 2C 40 F0 80 88 13 00 01 E8 03 00 02 C4 09 00 03 03 04 9A 05 00 00 00 00 00 00 00 00 00 00 00 00 00 00 00 00 00 00 00 00 00 00 00 00 00 00 00 00 00 00 00 00 00 00 00 00 00 00 00 00 00 00 00 00 00 00 00 00 00 00 00 00 00 00 00 00 00 00 00 00 00 00 00 00 00 00 00 00 00 00 00 00 00 00 00 00 00 00 00 00 00 00 00 00 00 00 00 00 00 00 1B 9C 98 4B 63 0A 07 B7 7E
[666255][05:03:31.619]7E FF 02 FF 05 67 89 3D 7D 06 F7 00 91 38 43 ED 00 38 01 15 02 01 00 00 69 7F 94 2A 38 43 ED 15 90 E8 06 00 F4 7B 5B C9 33 20 00 00 12 74 72 A2 0B 00 00 10 02 00 00 00 00 00 00 05 00 0F 15 10 00 64 30 00 09 80 95 26 12 00 03 01 0A D0 02 17 02 30 00 39 00 06 0A A0 0A D6 31 72 C3 5E EC C0 D5 00 59 33 00 41 24 32 00 00 00 00 4E BD 06 ED FA 39 00 00 24 00 0E 50 15 50 1C 50 31 50 0C 50 04 50 87 50 8A 50 93 51 34 50 36 50 08 50 40 51 D8 50 1A 50 11 50 05 50 0B 50 30 50 BA 51 29 50 39 51 75 50 BC 50 2D 50 5B 50 F7 50 83 50 24 50 21 50 86 50 6A 50 67 50 FB 50 D1 50 F8 51 C6 50 C9 50 14 51 48 51 FF 51 2E 50 C2 50 3D 51 F5 50 FE 51 18 51 3C 51 F2 50 4E 50 1A 51 B4 50 47 51 E1 50 DA 50 2E 51 ED 50 56 50 DF 50 F3 50 FA 51 A8 50 CC 50 CA 50 1B 51 66 41 B1 41 6F 41 88 41 3A 41 D6 40 8C 41 6E 41 E7 41 45 40 EF 41 69 41 10 41 0E 41 4A 41 0B 41 2C 41 A9 40 28 41 02 41 6A 41 27 40 9C 40 7E 81 88 13 00 01 B8 0B 00 02 AC 0D 00 03 03 04 9A 05 9A 05 E7 40 5C 40 8B 40 C5 40 22 40 20 40 44 41 F1 40 4D 40 02 40 80 40 60 40 82 40 AB 40 4B 41 EB 40 17 40 06 40 03 40 81 40 EC 40 09 41 32 40 D5 40 03 41 49 40 F6 80 94 11 00 01 C4 09 00 02 B8 0B 00 03 03 04 9A 05 9A 05 9A 05 F1 81 88 13 00 01 D0 07 00 02 C4 09 00 03 03 04 9A 05 CF 41 D0 41 27 41 C1 40 D1 41 D2 41 31 41 BD 41 D3 41 26 40 D4 41 D5 41 C9 41 68 41 EE 40 4C 40 20 40 32 41 2C 40 F0 80 88 13 00 01 E8 03 00 02 C4 09 00 03 03 04 9A 05 00 00 00 00 00 00 00 00 00 00 00 00 00 00 00 00 00 00 00 00 00 00 00 00 00 00 00 00 00 00 00 00 00 00 00 00 00 00 00 00 00 00 00 00 00 00 00 00 00 00 00 00 00 00 00 00 00 00 00 00 00 00 00 00 00 00 00 00 00 00 00 00 00 00 00 00 00 00 00 00 00 00 00 00 00 00 00 00 00 00 1B 9C 98 4B E5 28 0B 44 7E
[666256][05:03:31.680]7E FF 02 FF 06 67 9F 3D 7D 06 F5 00 D4 9B 4B ED 00 39 01 15 02 01 00 00 69 7F 94 6E 9B 4B ED 1C 90 E8 06 00 7C 86 68 C9 33 20 00 00 12 74 72 A2 0B 00 00 10 02 00 00 00 00 00 00 05 00 0F 1C 10 00 64 30 00 09 80 93 77 12 00 03 01 0A D0 02 17 02 30 00 39 00 06 0A A0 0A D6 31 72 C3 5E EC C0 D5 00 59 33 00 41 24 32 00 00 00 00 4E BD 06 ED FA 39 00 00 24 00 0E 50 15 50 1C 50 31 50 0C 50 04 50 87 50 8A 50 93 51 34 50 36 50 08 50 40 51 D8 50 1A 50 11 50 05 50 0B 50 30 50 BA 51 29 50 39 51 75 50 BC 50 2D 50 5B 50 F7 50 83 50 24 50 21 50 86 50 6A 50 67 50 FB 50 D1 50 F8 51 C6 50 C9 50 14 51 48 51 FF 51 2E 50 C2 50 3D 51 F5 50 FE 51 18 51 3C 51 F2 50 4E 50 1A 51 B4 50 47 51 E1 50 DA 50 2E 51 ED 50 56 50 DF 50 F3 50 FA 51 A8 50 CC 50 CA 50 1B 51 66 41 B1 41 6F 41 88 41 3A 41 D6 40 8C 41 6E 41 E7 41 45 40 EF 41 69 41 10 41 0E 41 4A 41 0B 41 2C 41 A9 40 28 41 02 41 6A 41 27 40 9C 40 7E 81 88 13 00 01 B8 0B 00 02 AC 0D 00 03 03 04 9A 05 9A 05 E7 40 5C 40 8B 40 C5 40 22 40 20 40 44 41 F1 40 4D 40 02 40 80 40 60 40 82 40 AB 40 4B 41 EB 40 17 40 06 40 03 40 81 40 EC 40 09 41 32 40 D5 40 03 41 49 40 F6 80 94 11 00 01 C4 09 00 02 B8 0B 00 03 03 04 9A 05 9A 05 9A 05 F1 81 88 13 00 01 D0 07 00 02 C4 09 00 03 03 04 9A 05 CF 41 D0 41 27 41 C1 40 D1 41 D2 41 31 41 BD 41 D3 41 26 40 D4 41 D5 41 C9 41 68 41 EE 40 4C 40 20 40 32 41 2C 40 F0 80 88 13 00 01 E8 03 00 02 C4 09 00 03 03 04 9A 05 00 00 00 00 00 00 00 00 00 00 00 00 00 00 00 00 00 00 00 00 00 00 00 00 00 00 00 00 00 00 00 00 00 00 00 00 00 00 00 00 00 00 00 00 00 00 00 00 00 00 00 00 00 00 00 00 00 00 00 00 00 00 00 00 00 00 00 00 00 00 00 00 00 00 00 00 00 00 00 00 00 00 00 00 00 00 00 00 00 00 12 DA BB E5 11 95 19 8B 7E
[666257][05:03:31.726]7E FF 02 FF 07 67 AD 3D 7D 06 F5 00 2E F4 50 ED 00 35 01 15 02 01 00 00 69 7F 94 CA F3 50 ED 1C 90 E8 06 00 79 98 34 C9 33 20 00 00 12 74 72 A2 0B 00 00 10 02 00 00 00 00 00 00 05 00 0F 1C 10 00 64 30 00 09 80 93 77 12 00 03 01 0A D0 02 17 02 30 00 39 00 06 0A A0 0A D6 31 72 C3 5E EC C0 D5 00 59 33 00 41 24 32 00 00 00 00 4E BD 06 ED FA 39 00 00 24 00 0E 50 15 50 1C 50 31 50 0C 50 04 50 87 50 8A 50 93 51 34 50 36 50 08 50 40 51 D8 50 1A 50 11 50 05 50 0B 50 30 50 BA 51 29 50 39 51 75 50 BC 50 2D 50 5B 50 F7 50 83 50 24 50 21 50 86 50 6A 50 67 50 FB 50 D1 50 F8 51 C6 50 C9 50 14 51 48 51 FF 51 2E 50 C2 50 3D 51 F5 50 FE 51 18 51 3C 51 F2 50 4E 50 1A 51 B4 50 47 51 E1 50 DA 50 2E 51 ED 50 56 50 DF 50 F3 50 FA 51 A8 50 CC 50 CA 50 1B 51 66 41 B1 41 6F 41 88 41 3A 41 D6 40 8C 41 6E 41 E7 41 45 40 EF 41 69 41 10 41 0E 41 4A 41 0B 41 2C 41 A9 40 28 41 02 41 6A 41 27 40 9C 40 7E 81 88 13 00 01 B8 0B 00 02 AC 0D 00 03 03 04 9A 05 9A 05 E7 40 5C 40 8B 40 C5 40 22 40 20 40 44 41 F1 40 4D 40 02 40 80 40 60 40 82 40 AB 40 4B 41 EB 40 17 40 06 40 03 40 81 40 EC 40 09 41 32 40 D5 40 03 41 49 40 F6 80 94 11 00 01 C4 09 00 02 B8 0B 00 03 03 04 9A 05 9A 05 9A 05 F1 81 88 13 00 01 D0 07 00 02 C4 09 00 03 03 04 9A 05 CF 41 D0 41 27 41 C1 40 D1 41 D2 41 31 41 BD 41 D3 41 26 40 D4 41 D5 41 C9 41 68 41 EE 40 4C 40 20 40 32 41 2C 40 F0 80 88 13 00 01 E8 03 00 02 C4 09 00 03 03 04 9A 05 00 00 00 00 00 00 00 00 00 00 00 00 00 00 00 00 00 00 00 00 00 00 00 00 00 00 00 00 00 00 00 00 00 00 00 00 00 00 00 00 00 00 00 00 00 00 00 00 00 00 00 00 00 00 00 00 00 00 00 00 00 00 00 00 00 00 00 00 00 00 00 00 00 00 00 00 00 00 00 00 00 00 00 00 00 00 00 00 00 00 12 DA BB E5 73 8B 8F 67 7E
[666258][05:03:31.772]7E FF 02 FF 08 67 0B 3E 7D 06 FA 00 CA CE 74 ED 00 37 01 15 02 01 00 00 69 7F 94 4E CE 74 ED 04 90 E8 04 00 50 00 86 C9 33 20 00 00 12 74 72 A2 0B 00 00 10 02 00 00 00 00 00 00 05 00 0F 04 10 00 64 30 00 09 80 44 14 12 00 02 01 0A D0 02 17 02 30 00 39 00 06 0A A0 0A D6 31 72 C3 5E EC C0 D5 00 59 33 00 41 24 32 00 00 00 00 4E BD 06 ED FA 39 00 00 24 00 0E 50 15 50 1C 50 31 50 0C 50 04 50 87 50 8A 50 93 51 34 50 36 50 08 50 40 51 D8 50 1A 50 11 50 05 50 0B 50 30 50 BA 51 29 50 39 51 75 50 BC 50 2D 50 5B 50 F7 50 83 50 24 50 21 50 86 50 6A 50 67 50 FB 50 D1 50 F8 51 C6 50 C9 50 14 51 48 51 FF 51 2E 50 C2 50 3D 51 F5 50 FE 51 18 51 3C 51 F2 50 4E 50 1A 51 B4 50 47 51 E1 50 DA 50 2E 51 ED 50 56 50 DF 50 F3 50 FA 51 A8 50 CC 50 CA 50 1B 51 66 41 B1 41 6F 41 88 41 3A 41 D6 40 8C 41 6E 41 E7 41 45 40 EF 41 69 41 10 41 0E 41 4A 41 0B 41 2C 41 A9 40 28 41 02 41 6A 41 27 40 9C 40 7E 81 88 13 00 01 B8 0B 00 02 AC 0D 00 03 03 04 9A 05 9A 05 E7 40 5C 40 8B 40 C5 40 22 40 20 40 44 41 F1 40 4D 40 02 40 80 40 60 40 82 40 AB 40 4B 41 EB 40 17 40 06 40 03 40 81 40 EC 40 09 41 32 40 D5 40 03 41 49 40 F6 80 94 11 00 01 C4 09 00 02 B8 0B 00 03 03 04 9A 05 9A 05 9A 05 F1 81 88 13 00 01 D0 07 00 02 C4 09 00 03 03 04 9A 05 CF 41 D0 41 27 41 C1 40 D1 41 D2 41 31 41 BD 41 D3 41 26 40 D4 41 D5 41 C9 41 68 41 EE 40 4C 40 20 40 32 41 2C 40 F0 80 88 13 00 01 E8 03 00 02 C4 09 00 03 03 04 9A 05 00 00 00 00 00 00 00 00 00 00 00 00 00 00 00 00 00 00 00 00 00 00 00 00 00 00 00 00 00 00 00 00 00 00 00 00 00 00 00 00 00 00 00 00 00 00 00 00 00 00 00 00 00 00 00 00 00 00 00 00 00 00 00 00 00 00 00 00 00 00 00 00 00 00 00 00 00 00 00 00 00 00 00 00 00 00 00 00 00 00 99 D3 4D 6C 61 AB 0C F4 7E
[666259][05:03:31.818]7E FF 02 FF 09 67 19 3E 7D 06 F4 00 1D 27 7A ED 00 38 00 15 02 01 00 00 69 7F 94 AA 26 7A ED 04 90 E8 04 00 34 3B C9 C9 33 20 00 00 12 74 72 A2 0B 00 00 10 02 00 00 00 00 00 00 05 00 0F 04 10 00 64 30 00 09 80 44 14 12 00 02 01 0A D0 02 17 02 30 00 39 00 06 0A A0 0A D6 31 72 C3 5E EC C0 D5 00 59 33 00 41 24 32 00 00 00 00 4E BD 06 ED FA 39 00 00 24 00 0E 50 15 50 1C 50 31 50 0C 50 04 50 87 50 8A 50 93 51 34 50 36 50 08 50 40 51 D8 50 1A 50 11 50 05 50 0B 50 30 50 BA 51 29 50 39 51 75 50 BC 50 2D 50 5B 50 F7 50 83 50 24 50 21 50 86 50 6A 50 67 50 FB 50 D1 50 F8 51 C6 50 C9 50 14 51 48 51 FF 51 2E 50 C2 50 3D 51 F5 50 FE 51 18 51 3C 51 F2 50 4E 50 1A 51 B4 50 47 51 E1 50 DA 50 2E 51 ED 50 56 50 DF 50 F3 50 FA 51 A8 50 CC 50 CA 50 1B 51 66 41 B1 41 6F 41 88 41 3A 41 D6 40 8C 41 6E 41 E7 41 45 40 EF 41 69 41 10 41 0E 41 4A 41 0B 41 2C 41 A9 40 28 41 02 41 6A 41 27 40 9C 40 7E 81 88 13 00 01 B8 0B 00 02 AC 0D 00 03 03 04 9A 05 9A 05 E7 40 5C 40 8B 40 C5 40 22 40 20 40 44 41 F1 40 4D 40 02 40 80 40 60 40 82 40 AB 40 4B 41 EB 40 17 40 06 40 03 40 81 40 EC 40 09 41 32 40 D5 40 03 41 49 40 F6 80 94 11 00 01 C4 09 00 02 B8 0B 00 03 03 04 9A 05 9A 05 9A 05 F1 81 88 13 00 01 D0 07 00 02 C4 09 00 03 03 04 9A 05 CF 41 D0 41 27 41 C1 40 D1 41 D2 41 31 41 BD 41 D3 41 26 40 D4 41 D5 41 C9 41 68 41 EE 40 4C 40 20 40 32 41 2C 40 F0 80 88 13 00 01 E8 03 00 02 C4 09 00 03 03 04 9A 05 00 00 00 00 00 00 00 00 00 00 00 00 00 00 00 00 00 00 00 00 00 00 00 00 00 00 00 00 00 00 00 00 00 00 00 00 00 00 00 00 00 00 00 00 00 00 00 00 00 00 00 00 00 00 00 00 00 00 00 00 00 00 00 00 00 00 00 00 00 00 00 00 00 00 00 00 00 00 00 00 00 00 00 00 00 00 00 00 00 00 99 D3 4D 6C DF BF 46 E5 7E
[666260][05:03:31.864]7E FF 02 FF 0A 67 CB 3D 7D 06 28 00 96 76 82 ED 00 29 03 15 02 01 00 00 69 7F 94 D8 78 82 ED 87 90 E8 06 00 EA 70 A6 C9 33 20 00 00 12 74 72 A2 0B 00 00 10 02 00 00 00 00 00 00 05 00 0F 87 10 00 51 70 00 00 68 35 16 12 00 03 01 0A D0 02 17 02 30 00 39 00 06 0A A0 0A D6 31 72 C3 5E EC C0 D5 00 59 33 00 41 24 32 00 00 00 00 4E BD 06 ED FA 39 00 00 24 00 0E 50 15 50 1C 50 31 50 0C 50 04 50 87 50 8A 50 93 51 34 50 36 50 08 50 40 51 D8 50 1A 50 11 50 05 50 0B 50 30 50 BA 51 29 50 39 51 75 50 BC 50 2D 50 5B 50 F7 50 83 50 24 50 21 50 86 50 6A 50 67 50 FB 50 D1 50 F8 51 C6 50 C9 50 14 51 48 51 FF 51 2E 50 C2 50 3D 51 F5 50 FE 51 18 51 3C 51 F2 50 4E 50 1A 51 B4 50 47 51 E1 50 DA 50 2E 51 ED 50 56 50 DF 50 F3 50 FA 51 A8 50 CC 50 CA 50 1B 51 66 41 B1 41 6F 41 88 41 3A 41 D6 40 8C 41 6E 41 E7 41 45 40 EF 41 69 41 10 41 0E 41 4A 41 0B 41 2C 41 A9 40 28 41 02 41 6A 41 27 40 9C 40 7E 81 88 13 00 01 B8 0B 00 02 AC 0D 00 03 03 04 9A 05 00 00 00 00 00 00 00 00 00 00 00 00 00 00 00 00 00 00 00 00 00 00 00 00 00 00 00 00 00 00 00 00 00 00 00 00 00 00 00 00 00 00 00 00 00 00 00 00 00 00 00 00 00 00 00 00 00 00 00 00 00 00 00 00 00 00 00 00 00 00 00 00 00 00 00 00 00 00 00 00 00 00 00 00 00 00 00 00 00 00 00 00 00 00 00 00 00 00 00 00 00 00 00 00 00 00 00 00 00 00 00 00 00 00 00 00 00 00 00 00 00 00 00 00 00 00 00 00 00 00 00 00 00 00 00 00 00 00 00 00 00 00 00 00 00 00 00 00 00 00 00 00 00 00 00 00 00 00 00 00 00 00 00 00 00 00 00 00 00 00 00 00 00 00 00 00 00 00 00 00 00 00 00 00 00 00 00 00 00 00 00 00 00 00 00 00 00 00 00 00 00 00 00 00 00 00 00 00 00 00 00 00 00 00 00 00 00 00 00 00 00 00 00 00 00 00 00 00 00 00 00 00 00 00 00 00 00 00 00 00 2D 03 9E F6 F7 9F 5E A2 7E
[666261][05:03:31.924]7E FF 02 FF 0B 67 BF 3E 7D 06 F0 00 D1 78 B9 ED 00 38 01 15 02 01 00 00 69 7F 94 6E 78 B9 ED 36 90 E8 06 00 D7 46 F2 C9 33 20 00 00 12 74 72 A2 0B 00 00 10 02 00 00 00 00 00 00 05 00 0F 36 10 00 64 30 00 09 79 78 92 12 00 03 01 0A D0 02 17 02 30 00 39 00 06 0A A0 0A D6 31 72 C3 5E EC C0 D5 00 59 33 00 41 24 32 00 00 00 00 4E BD 06 ED FA 39 00 00 24 00 0E 50 15 50 1C 50 31 50 0C 50 04 50 87 50 8A 50 93 51 34 50 36 50 08 50 40 51 D8 50 1A 50 11 50 05 50 0B 50 30 50 BA 51 29 50 39 51 75 50 BC 50 2D 50 5B 50 F7 50 83 50 24 50 21 50 86 50 6A 50 67 50 FB 50 D1 50 F8 51 C6 50 C9 50 14 51 48 51 FF 51 2E 50 C2 50 3D 51 F5 50 FE 51 18 51 3C 51 F2 50 4E 50 1A 51 B4 50 47 51 E1 50 DA 50 2E 51 ED 50 56 50 DF 50 F3 50 FA 51 A8 50 CC 50 CA 50 1B 51 66 41 B1 41 6F 41 88 41 3A 41 D6 40 8C 41 6E 41 E7 41 45 40 EF 41 69 41 10 41 0E 41 4A 41 0B 41 2C 41 A9 40 28 41 02 41 6A 41 27 40 9C 40 7E 81 88 13 00 01 B8 0B 00 02 AC 0D 00 03 03 04 9A 05 9A 05 E7 40 5C 40 8B 40 C5 40 22 40 20 40 44 41 F1 40 4D 40 02 40 80 40 60 40 82 40 AB 40 4B 41 EB 40 17 40 06 40 03 40 81 40 EC 40 09 41 32 40 D5 40 03 41 49 40 F6 80 94 11 00 01 C4 09 00 02 B8 0B 00 03 03 04 9A 05 9A 05 9A 05 F1 81 88 13 00 01 D0 07 00 02 C4 09 00 03 03 04 9A 05 CF 41 D0 41 27 41 C1 40 D1 41 D2 41 31 41 BD 41 D3 41 26 40 D4 41 D5 41 C9 41 68 41 EE 40 4C 40 20 40 32 41 2C 40 F0 80 88 13 00 01 E8 03 00 02 C4 09 00 03 03 04 9A 05 00 00 00 00 00 00 00 00 00 00 00 00 00 00 00 00 00 00 00 00 00 00 00 00 00 00 00 00 00 00 00 00 00 00 00 00 00 00 00 00 00 00 00 00 00 00 00 00 00 00 00 00 00 00 00 00 00 00 00 00 00 00 00 00 00 00 00 00 00 00 00 00 00 00 00 00 00 00 00 00 00 00 00 00 00 00 00 00 00 00 AA 6C 93 3B FA 23 05 6B 7E
[666262][05:03:31.970]7E FF 02 FF 0C 67 CD 3E 7D 06 F5 00 2C D1 BE ED 00 38 00 15 02 01 00 00 69 7F 94 CA D0 BE ED 36 90 E8 06 00 F2 1C 31 C9 33 20 00 00 12 74 72 A2 0B 00 00 10 02 00 00 00 00 00 00 05 00 0F 36 10 00 64 30 00 09 79 78 92 12 00 03 01 0A D0 02 17 02 30 00 39 00 06 0A A0 0A D6 31 72 C3 5E EC C0 D5 00 59 33 00 41 24 32 00 00 00 00 4E BD 06 ED FA 39 00 00 24 00 0E 50 15 50 1C 50 31 50 0C 50 04 50 87 50 8A 50 93 51 34 50 36 50 08 50 40 51 D8 50 1A 50 11 50 05 50 0B 50 30 50 BA 51 29 50 39 51 75 50 BC 50 2D 50 5B 50 F7 50 83 50 24 50 21 50 86 50 6A 50 67 50 FB 50 D1 50 F8 51 C6 50 C9 50 14 51 48 51 FF 51 2E 50 C2 50 3D 51 F5 50 FE 51 18 51 3C 51 F2 50 4E 50 1A 51 B4 50 47 51 E1 50 DA 50 2E 51 ED 50 56 50 DF 50 F3 50 FA 51 A8 50 CC 50 CA 50 1B 51 66 41 B1 41 6F 41 88 41 3A 41 D6 40 8C 41 6E 41 E7 41 45 40 EF 41 69 41 10 41 0E 41 4A 41 0B 41 2C 41 A9 40 28 41 02 41 6A 41 27 40 9C 40 7E 81 88 13 00 01 B8 0B 00 02 AC 0D 00 03 03 04 9A 05 9A 05 E7 40 5C 40 8B 40 C5 40 22 40 20 40 44 41 F1 40 4D 40 02 40 80 40 60 40 82 40 AB 40 4B 41 EB 40 17 40 06 40 03 40 81 40 EC 40 09 41 32 40 D5 40 03 41 49 40 F6 80 94 11 00 01 C4 09 00 02 B8 0B 00 03 03 04 9A 05 9A 05 9A 05 F1 81 88 13 00 01 D0 07 00 02 C4 09 00 03 03 04 9A 05 CF 41 D0 41 27 41 C1 40 D1 41 D2 41 31 41 BD 41 D3 41 26 40 D4 41 D5 41 C9 41 68 41 EE 40 4C 40 20 40 32 41 2C 40 F0 80 88 13 00 01 E8 03 00 02 C4 09 00 03 03 04 9A 05 00 00 00 00 00 00 00 00 00 00 00 00 00 00 00 00 00 00 00 00 00 00 00 00 00 00 00 00 00 00 00 00 00 00 00 00 00 00 00 00 00 00 00 00 00 00 00 00 00 00 00 00 00 00 00 00 00 00 00 00 00 00 00 00 00 00 00 00 00 00 00 00 00 00 00 00 00 00 00 00 00 00 00 00 00 00 00 00 00 00 AA 6C 93 3B EB E6 D0 BC 7E
[666263][05:03:32.016]7E FF 02 FF 0D 67 2B 3F 7D 06 1B 01 3C AF E2 ED 00 3A 00 15 02 01 00 00 69 7F 94 81 B1 E2 ED D8 90 E8 06 00 8B 14 55 C9 33 20 00 00 12 74 72 A2 0B 00 00 10 02 00 00 00 00 00 00 05 00 0F D8 10 00 47 30 00 15 61 49 26 12 00 03 01 0A D0 02 17 02 30 00 39 00 06 0A A0 0A D6 31 72 C3 5E EC C0 D5 00 59 33 00 41 24 32 00 00 00 00 4E BD 06 ED FA 39 00 00 24 00 0E 50 15 50 1C 50 31 50 0C 50 04 50 87 50 8A 50 93 51 34 50 36 50 08 50 40 51 D8 50 1A 50 11 50 05 50 0B 50 30 50 BA 51 29 50 39 51 75 50 BC 50 2D 50 5B 50 F7 50 83 50 24 50 21 50 86 50 6A 50 67 50 FB 50 D1 50 F8 51 C6 50 C9 50 14 51 48 51 FF 51 2E 50 C2 50 3D 51 F5 50 FE 51 18 51 3C 51 F2 50 4E 50 1A 51 B4 50 47 51 E1 50 DA 50 2E 51 ED 50 56 50 DF 50 F3 50 FA 51 A8 50 CC 50 CA 50 1B 51 66 41 B1 41 6F 41 88 41 3A 41 D6 40 8C 41 6E 41 E7 41 45 40 EF 41 69 41 10 41 0E 41 4A 41 0B 41 2C 41 A9 40 28 41 02 41 6A 41 27 40 9C 40 7E 81 88 13 00 01 B8 0B 00 02 AC 0D 00 03 03 04 9A 05 00 00 00 00 00 00 00 00 00 00 00 00 00 00 00 00 00 00 00 00 00 00 00 00 00 00 00 00 00 00 00 00 00 00 00 00 00 00 00 00 00 00 00 00 00 00 00 00 00 00 00 00 00 00 00 00 00 00 00 00 00 00 00 00 00 00 00 00 00 00 00 00 00 00 00 00 00 00 00 00 00 00 00 00 00 00 00 00 00 00 00 00 00 00 00 00 00 00 00 00 00 00 00 00 00 00 00 00 00 00 00 00 00 00 00 00 00 00 00 00 00 00 00 00 00 00 00 00 00 00 00 00 00 00 00 00 00 00 00 00 00 00 00 00 00 00 00 00 00 00 00 00 00 00 00 00 00 00 00 00 00 00 00 00 00 00 00 00 00 00 00 00 00 00 00 00 00 00 00 00 00 00 00 00 00 00 00 00 00 00 00 00 00 00 00 00 00 00 00 00 00 00 00 00 00 00 00 00 00 00 00 00 00 00 00 00 00 00 00 00 00 00 00 00 00 00 00 00 00 00 00 00 00 00 00 00 00 00 00 00 45 CF 53 32 59 B1 2A F7 7E
[666264][05:03:34.695]7E FF 02 FF 0E 67 82 49 7D 06 36 03 1D 32 F9 F1 01 23 10 14 01 01 00 01 69 7F 94 01 80 0D 03 6A 41 00 10 00 16 42 9C 10 00 35 01 03 2C 2F 30 74 88 FF 00 00 33 00 00 11 03 00 00 01 02 83 06 16 35 28 0A FE FE FE FE 68 62 00 43 05 43 92 04 09 00 30 10 00 7E 10 00 3E 05 03 2E 50 02 02 00 01 20 21 02 00 1C 07 EA 06 1E 01 2D 00 08 00 20 21 02 00 00 20 01 04 00 00 20 00 02 00 00 20 01 02 00 00 20 04 02 00 00 20 0A 02 00 00 00 10 02 01 00 00 20 02 01 00 01 10 F0 D5 56 98 83 8E 08 15 8F 01 3B 87 D4 9A 8C D7 C0 B4 16 74 DF 8F F7 00 00 00 00 00 00 00 00 00 00 00 00 00 00 00 00 00 00 00 00 00 00 00 00 00 00 00 00 00 00 00 00 00 00 00 00 00 00 00 00 00 00 00 00 00 00 00 00 00 00 00 00 00 00 00 00 00 00 00 00 00 00 00 00 00 00 00 00 00 00 00 00 00 00 00 00 00 00 00 00 00 00 00 00 00 00 00 00 00 00 00 00 00 00 00 00 00 00 00 00 00 00 00 00 00 00 00 00 00 00 00 00 00 00 00 00 00 00 00 00 00 00 00 00 4D D3 F1 4E 7E
[666265][05:03:34.726]7E FF 02 FF 0F 67 13 4A 7D 06 46 00 EC 12 0A F2 01 22 10 14 01 01 00 01 69 7F 94 01 80 0D 03 6A 41 00 10 00 16 42 9C 10 00 57 00 03 2E 2F 30 74 88 FF 00 00 33 00 00 11 03 00 00 01 02 83 06 14 35 28 0A FE FE FE FE 68 62 00 43 05 39 92 04 09 00 30 10 1B 86 10 00 3E 05 03 2C 50 02 02 00 01 20 21 02 00 1C 07 EA 06 1E 01 2D 00 08 00 20 21 02 00 00 20 01 04 00 00 20 00 02 00 00 20 01 02 00 00 20 04 02 00 00 20 0A 02 00 00 00 10 02 01 00 00 20 02 01 00 01 10 F0 D5 56 98 83 8E 08 15 8F 01 3B 87 D4 9A 8C D7 8E 15 16 AF A2 4D A5 00 00 00 00 00 00 00 00 00 00 00 00 00 00 00 00 00 00 00 00 00 00 00 00 00 00 00 00 00 00 00 00 00 00 00 00 00 00 00 00 00 00 00 00 00 00 00 00 00 00 00 00 00 00 00 00 00 00 00 00 00 00 00 00 00 00 00 00 00 00 00 00 00 00 00 00 00 00 00 00 00 00 00 00 00 00 00 00 00 00 00 00 00 00 00 00 00 00 00 00 00 00 00 00 00 00 00 00 00 00 00 00 00 00 00 00 00 00 00 00 00 00 00 00 C2 C1 68 24 7E
[666266][05:03:34.786]7E FF 02 FF 10 67 5B 4A 7D 06 10 02 1C 52 27 F2 00 38 00 14 01 01 00 01 69 7F 94 D8 30 08 03 6F 16 EB C4 00 5F 1C 3B 10 00 57 00 03 2E 2F 30 74 88 EF 00 00 33 00 00 11 03 00 00 01 02 83 06 14 35 28 0A FE FE FE FE 68 62 00 43 05 39 92 04 09 00 30 10 1B 86 10 00 3E 05 03 2C 50 02 02 00 01 20 21 02 00 1C 07 EA 06 1E 01 2D 00 08 00 20 21 02 00 00 20 01 04 00 00 20 00 02 00 00 20 01 02 00 00 20 04 02 00 00 20 0A 02 00 00 00 10 02 01 00 00 20 02 01 00 01 10 F0 D5 56 98 83 8E 08 15 8F 01 3B 87 D4 9A 8C D7 8E 15 16 AF A2 4D A5 00 00 00 00 00 00 00 00 00 00 00 00 00 00 00 00 00 00 00 00 00 00 00 00 00 00 00 00 00 00 00 00 00 00 00 00 00 00 00 00 00 00 00 00 00 00 00 00 00 00 00 00 00 00 00 00 00 00 00 00 00 00 00 00 00 00 00 00 00 00 00 00 00 00 00 00 00 00 00 00 00 00 00 00 00 00 00 00 00 00 00 00 00 00 00 00 00 00 00 00 00 00 00 00 00 00 00 00 00 00 00 00 00 00 00 00 00 00 00 00 00 00 00 00 60 6D A7 F8 7E
[666267][05:03:34.802]7E FF 02 FF 11 67 83 4A 7D 06 2B 03 C2 B4 36 F2 00 38 00 10 00 01 00 03 69 7F 94 F0 0C 64 2C 00 00 00 10 02 5E A0 D9 D0 5D 49 CF 7E
[666268][05:03:34.817]7E FF 02 FF 12 67 98 4A 7D 06 C5 03 9B C7 3E F2 00 38 00 10 00 01 00 02 69 7F 94 10 21 00 00 01 1F 00 00 00 BC CD 9A A5 8F 4B 17 7E
[666269][05:03:34.832]7E FF 02 FF 13 67 41 4A 7D 06 AE 01 57 81 43 F2 00 37 00 54 00 01 00 01 69 7F 94 02 D0 0E 01 D6 12 40 E4 00 14 F8 36 20 00 01 00 0A 8C 87 00 1C 78 EF 04 00 33 00 00 03 00 00 00 02 00 ED 00 00 00 00 00 00 00 00 00 30 00 00 01 15 00 00 00 39 00 00 00 E9 37 49 1E 00 00 00 00 00 00 00 00 00 00 00 00 00 00 00 00 00 00 00 00 14 AC 86 64 7E
[666270][05:03:34.877]7E FF 02 FF 14 67 D5 4A 7D 06 2E 02 DA E2 55 F2 00 37 00 10 00 01 00 02 69 7F 94 10 D8 10 0D 01 00 00 00 00 55 91 C6 E4 25 75 21 7E
[666271][05:03:34.893]7E FF 02 FF 15 67 DF 4A 7D 06 16 03 7D CA 59 F2 00 37 00 10 00 01 00 02 69 7F 94 10 D8 10 0D 01 FF 00 00 00 A5 5E F9 B6 5B DA 89 7E
[666272][05:03:34.937]7E FF 02 FF 16 67 AA 4A 7D 06 84 01 05 91 6B F2 00 37 00 10 00 01 00 02 69 7F 94 10 D8 30 08 01 0E 00 00 00 FD 19 64 D7 99 A8 5C 7E
[666273][05:03:34.953]7E FF 02 FF 17 67 29 4B 7D 06 35 00 07 BD 75 F2 00 37 00 10 00 01 00 02 69 7F 94 10 D8 30 08 01 0C 00 00 00 DC 99 E0 20 80 E0 1C 7E
[666274][05:03:34.983]7E FF 02 FF 18 67 2B 4B 7D 06 36 03 9F C5 76 F2 00 38 01 94 00 01 00 01 69 7F 94 21 B0 00 01 FC 13 79 40 00 3D 50 38 10 02 0B 00 04 B6 79 00 3B 78 EF 04 00 33 00 00 07 00 00 00 21 00 21 00 6C 00 2F 00 4E 43 02 08 1A E4 24 00 00 22 A9 10 49 25 00 00 C1 08 04 00 30 00 54 00 05 02 1A E5 0E 31 7F 44 0A 06 80 40 82 A0 F6 70 B4 0A C1 00 00 10 0C 7B C6 DC F2 00 00 00 00 00 00 00 00 00 00 00 00 00 00 00 00 00 00 00 00 00 00 00 00 00 00 00 00 00 00 00 00 00 00 00 00 00 00 00 00 00 00 00 00 00 00 00 00 00 00 00 00 00 24 84 80 BE 7E
[666275][05:03:35.028]7E FF 02 FF 19 67 64 4B 7D 06 67 00 40 41 8C F2 00 35 00 54 00 01 00 01 69 7F 94 02 D0 0E 01 D6 12 40 E4 00 14 F8 36 20 00 01 00 0A 8C 87 00 1C 78 EF 04 00 33 00 00 03 00 00 00 02 00 ED 00 00 00 00 00 00 00 00 00 30 00 00 01 15 00 00 00 39 00 00 00 E9 37 49 1E 00 00 00 00 00 00 00 00 00 00 00 00 00 00 00 00 00 00 00 00 A7 E5 C7 66 7E
[666276][05:03:35.058]7E FF 02 FF 1A 67 8B 4B 7D 06 6F 01 96 3D 9B F2 00 35 00 10 00 01 00 02 69 7F 94 10 2E 40 0B 01 1F 00 00 00 80 DB 49 D3 A3 23 C2 7E
[666277][05:03:35.133]7E FF 02 FF 1B 67 72 4B 7D 06 59 03 97 0B B8 F2 00 35 00 10 00 01 00 02 69 7F 94 10 01 A0 08 01 01 01 00 00 56 9F 49 65 7C 26 09 7E
[666278][05:03:35.297]7E FF 02 FF 1C 67 76 4C 7D 06 8D 00 3C CE F4 F2 00 35 00 10 00 01 00 02 69 7F 94 10 2E D0 0E 01 F8 00 00 00 14 A8 C7 11 7C 8A 0C 7E
[666279][05:03:35.373]7E FF 02 FF 1D 67 BF 4C 7D 06 F0 01 9A BD 0F F3 01 23 0C 10 00 01 00 02 69 7F 94 00 01 80 0D 00 A8 02 00 00 DD AD 86 44 2F 09 2C 7E
[666280][05:03:35.403]7E FF 02 FF 1E 67 D8 4C 7D 06 4D 00 F8 89 18 F3 01 22 0F 34 00 01 00 01 69 7F 94 01 80 0D 03 85 10 00 10 00 C8 FC F3 10 00 6D 00 03 2F 2F 30 08 88 FF 00 00 33 00 00 11 A2 00 00 01 41 17 35 BC EC D3 9F 00 00 00 00 00 00 00 00 31 5E AD 25 7E
[666281][05:03:35.447]7E FF 02 FF 1F 67 A8 4C 7D 06 E3 01 A2 22 2E F3 00 3C 00 54 00 01 00 01 69 7F 94 02 D0 0E 01 D6 12 40 E4 00 14 F8 36 20 00 01 00 0A 8C 87 00 1C 78 EF 04 00 33 00 00 03 00 00 00 02 00 ED 00 00 00 00 00 00 00 00 00 30 00 00 01 15 00 00 00 39 00 00 00 E9 37 49 1E 00 00 00 00 00 00 00 00 00 00 00 00 00 00 00 00 00 00 00 00 1D CF 54 89 7E
[666282][05:03:35.477]7E FF 02 FF 20 67 1C 4D 7D 06 67 02 DD 47 34 F3 00 36 00 94 00 01 00 01 69 7F 94 21 B0 00 01 FC 13 79 44 00 2C 52 BC 10 02 0B 00 04 B6 79 00 3B 78 EF 04 00 33 00 00 07 00 00 00 21 00 21 00 6C 00 2F 00 4E 43 02 08 1A E4 24 00 00 22 A9 10 49 25 00 00 C1 08 04 00 30 00 54 00 05 02 1A E5 0E 31 7F 44 0A 06 80 40 82 A0 F6 70 B4 0A C1 00 00 10 0C 7B C6 DC F2 00 00 00 00 00 00 00 00 00 00 00 00 00 00 00 00 00 00 00 00 00 00 00 00 00 00 00 00 00 00 00 00 00 00 00 00 00 00 00 00 00 00 00 00 00 00 00 00 00 00 00 00 00 F2 E5 18 7C 7E
[666283][05:03:35.538]7E FF 02 FF 21 67 03 4D 7D 06 3A 00 1D B5 50 F3 00 36 00 10 00 01 00 02 69 7F 94 01 2E F0 0D 01 1D 00 00 00 9E DF 05 E6 8A 08 13 7E
[666284][05:03:35.613]7E FF 02 FF 22 67 B6 4D 7D 06 32 02 3E 08 6F F3 00 36 00 10 00 01 00 02 69 7F 94 01 2E F0 0D 01 F4 00 00 00 0F 91 BB E1 06 7E 89 7E
[666285][05:03:35.628]7E FF 02 FF 23 67 5E 4D 7D 06 06 00 DD 65 73 F3 00 36 00 10 00 01 00 02 69 7F 94 10 2E C0 13 01 06 00 00 00 36 D8 5F DE F2 C6 8C 7E
[666286][05:03:35.658]7E FF 02 FF 24 67 6E 4D 7D 06 6A 03 72 CF 79 F3 00 3A 00 94 00 01 00 01 69 7F 94 21 B0 00 01 FC 13 79 44 00 2C 52 BC 10 02 0B 00 04 B6 79 00 3B 78 EF 04 00 33 00 00 07 00 00 00 21 00 21 00 6C 00 2F 00 4E 43 02 08 1A E4 24 00 00 22 A9 10 49 25 00 00 C1 08 04 00 30 00 54 00 05 02 1A E5 0E 31 7F 44 0A 06 80 40 82 A0 F6 70 B4 0A C1 00 00 10 0C 7B C6 DC F2 00 00 00 00 00 00 00 00 00 00 00 00 00 00 00 00 00 00 00 00 00 00 00 00 00 00 00 00 00 00 00 00 00 00 00 00 00 00 00 00 00 00 00 00 00 00 00 00 00 00 00 00 00 6F FC 08 FC 7E
[666287][05:03:35.690]7E FF 02 FF 25 67 DF 4D 7D 06 3E 03 AE BF 7E F3 00 FD 03 14 01 01 00 01 69 7F 94 01 B0 00 03 27 16 EB C0 00 4F 94 14 10 00 01 01 03 2D 2F 30 74 88 FF 00 00 33 00 00 11 03 00 00 01 02 83 06 13 35 28 0A FE FE FE FE 68 62 00 43 05 38 92 04 09 00 30 10 CE 19 10 00 3E 05 03 2B 50 02 02 00 01 20 21 02 00 1C 07 EA 06 1E 01 2D 00 08 00 20 21 02 00 00 20 01 04 00 00 20 00 02 00 00 20 01 02 00 00 20 04 02 00 00 20 0A 02 00 00 00 10 02 01 00 00 20 02 01 00 01 10 F0 D5 56 98 83 8E 08 15 8F 01 3B 87 D4 9A 8C D7 EA AE 16 61 2D 38 B7 00 00 00 00 00 00 00 00 00 00 00 00 00 00 00 00 00 00 00 00 00 00 00 00 00 00 00 00 00 00 00 00 00 00 00 00 00 00 00 00 00 00 00 00 00 00 00 00 00 00 00 00 00 00 00 00 00 00 00 00 00 00 00 00 00 00 00 00 00 00 00 00 00 00 00 00 00 00 00 00 00 00 00 00 00 00 00 00 00 00 00 00 00 00 00 00 00 00 00 00 00 00 00 00 00 00 00 00 00 00 00 00 00 00 00 00 00 00 00 00 00 00 00 00 6E 07 52 41 7E
[666288][05:03:35.734]7E FF 02 FF 26 67 0A 4E 7D 06 AF 01 76 00 8F F3 00 FD 03 14 01 01 00 01 69 7F 94 01 B0 00 03 27 16 EB C4 00 5E 96 90 10 00 01 01 03 2D 2F 30 74 88 FF 00 00 33 00 00 11 03 00 00 01 02 83 06 13 35 28 0A FE FE FE FE 68 62 00 43 05 38 92 04 09 00 30 10 CE 19 10 00 3E 05 03 2B 50 02 02 00 01 20 21 02 00 1C 07 EA 06 1E 01 2D 00 08 00 20 21 02 00 00 20 01 04 00 00 20 00 02 00 00 20 01 02 00 00 20 04 02 00 00 20 0A 02 00 00 00 10 02 01 00 00 20 02 01 00 01 10 F0 D5 56 98 83 8E 08 15 8F 01 3B 87 D4 9A 8C D7 EA AE 16 61 2D 38 B7 00 00 00 00 00 00 00 00 00 00 00 00 00 00 00 00 00 00 00 00 00 00 00 00 00 00 00 00 00 00 00 00 00 00 00 00 00 00 00 00 00 00 00 00 00 00 00 00 00 00 00 00 00 00 00 00 00 00 00 00 00 00 00 00 00 00 00 00 00 00 00 00 00 00 00 00 00 00 00 00 00 00 00 00 00 00 00 00 00 00 00 00 00 00 00 00 00 00 00 00 00 00 00 00 00 00 00 00 00 00 00 00 00 00 00 00 00 00 00 00 00 00 00 00 B4 82 20 D2 7E
[666289][05:03:35.779]7E FF 02 FF 27 67 D8 4D 7D 06 D1 01 58 15 A2 F3 00 FD 03 14 01 01 00 01 69 7F 94 01 B0 00 03 27 16 EB C4 00 5E 96 90 10 00 01 01 03 2D 2F 30 74 88 FF 00 00 33 00 00 11 03 00 00 01 02 83 06 13 35 28 0A FE FE FE FE 68 62 00 43 05 38 92 04 09 00 30 10 CE 19 10 00 3E 05 03 2B 50 02 02 00 01 20 21 02 00 1C 07 EA 06 1E 01 2D 00 08 00 20 21 02 00 00 20 01 04 00 00 20 00 02 00 00 20 01 02 00 00 20 04 02 00 00 20 0A 02 00 00 00 10 02 01 00 00 20 02 01 00 01 10 F0 D5 56 98 83 8E 08 15 8F 01 3B 87 D4 9A 8C D7 EA AE 16 61 2D 38 B7 00 00 00 00 00 00 00 00 00 00 00 00 00 00 00 00 00 00 00 00 00 00 00 00 00 00 00 00 00 00 00 00 00 00 00 00 00 00 00 00 00 00 00 00 00 00 00 00 00 00 00 00 00 00 00 00 00 00 00 00 00 00 00 00 00 00 00 00 00 00 00 00 00 00 00 00 00 00 00 00 00 00 00 00 00 00 00 00 00 00 00 00 00 00 00 00 00 00 00 00 00 00 00 00 00 00 00 00 00 00 00 00 00 00 00 00 00 00 00 00 00 00 00 00 4B 11 16 C9 7E
[666290][05:03:35.854]7E FF 02 FF 28 67 3E 4E 7D 06 19 00 53 DD C8 F3 00 FD 03 10 00 01 00 02 69 7F 94 10 21 00 00 01 04 00 00 00 0C 0C 9C 92 41 51 AC 7E
[666291][05:03:35.884]7E FF 02 FF 29 67 AC 4E 7D 06 26 03 12 F1 CC F3 00 37 01 94 00 01 00 01 69 7F 94 21 B0 00 01 FC 13 79 40 00 3D 50 38 10 02 0B 00 04 B8 79 00 3B 78 EF 04 00 33 00 00 07 00 00 00 21 00 21 00 6A 00 2F 00 4E 03 02 08 1A E4 24 00 00 22 A9 10 49 25 00 00 C1 08 04 00 30 01 54 00 05 00 12 E5 0E 31 7F 44 0A 04 80 48 82 20 F6 70 B4 0A C1 00 00 10 0C F2 B2 F4 E6 00 00 00 00 00 00 00 00 00 00 00 00 00 00 00 00 00 00 00 00 00 00 00 00 00 00 00 00 00 00 00 00 00 00 00 00 00 00 00 00 00 00 00 00 00 00 00 00 00 00 00 00 00 46 FC 81 38 7E
[666292][05:03:35.884]7E FF 02 FF 2A 67 B9 4E 7D 06 52 03 F1 F0 D1 F3 00 37 01 10 00 01 00 02 69 7F 94 10 2E D0 06 01 0D 00 00 00 46 A5 FA 2D 02 0F 6A 7E
[666293][05:03:36.005]7E FF 02 FF 2B 67 32 4F 7D 06 10 01 C7 DC FF F3 00 37 01 94 00 01 00 01 69 7F 94 21 B0 00 01 FC 13 79 44 00 2C 52 BC 10 02 0B 00 04 B8 79 00 3B 78 EF 04 00 33 00 00 07 00 00 00 21 00 21 00 6A 00 2F 00 4E 03 02 08 1A E4 24 00 00 22 A9 10 49 25 00 00 C1 08 04 00 30 01 54 00 05 00 12 E5 0E 31 7F 44 0A 04 80 48 82 20 F6 70 B4 0A C1 00 00 10 0C F2 B2 F4 E6 00 00 00 00 00 00 00 00 00 00 00 00 00 00 00 00 00 00 00 00 00 00 00 00 00 00 00 00 00 00 00 00 00 00 00 00 00 00 00 00 00 00 00 00 00 00 00 00 00 00 00 00 00 FF 15 A7 32 7E
[666294][05:03:36.036]7E FF 02 FF 2C 67 F0 4E 7D 06 5F 02 F6 F9 0C F4 00 37 01 10 00 01 00 02 69 7F 94 01 2E F0 0D 01 08 00 00 00 CF 9E 84 F1 D9 0D DE 7E
[666295][05:03:36.110]7E FF 02 FF 2D 67 A1 4F 7D 06 1E 01 04 3C 2A F4 00 37 01 10 00 01 00 02 69 7F 94 10 2E 50 0F 01 1F 00 00 00 04 EA CF BE EC 4E BE 7E
[666296][05:03:36.216]7E FF 02 FF 2E 67 06 50 7D 06 57 03 BA F4 50 F4 00 38 00 54 00 01 00 01 69 7F 94 2E 30 08 01 D6 12 40 E4 00 EB C2 3C D0 13 01 00 0A F6 C3 00 1C 78 CF 04 00 33 00 00 03 00 00 00 3D 01 FE 00 00 00 00 00 00 00 00 00 83 00 00 01 06 00 00 00 39 00 00 00 6E 0D 59 86 00 00 00 00 00 00 00 00 00 00 00 00 00 00 00 00 00 00 00 00 7B 5F 8C FB 7E
[666297][05:03:36.291]7E FF 02 FF 2F 67 4A 50 7D 06 6C 02 BF CE 6A F4 00 38 00 94 00 01 00 01 69 7F 94 2E 30 08 01 FC 13 79 40 00 F5 C8 5D E0 02 83 00 04 94 15 00 4C 70 EF 04 00 33 00 00 07 00 00 00 2E 00 2E 00 9D 00 40 00 4E 43 02 08 1A E4 24 00 01 22 A9 10 49 65 00 00 CF 08 04 00 34 09 56 00 44 57 3A ED 0E 3D FF D4 0A 06 44 44 82 A0 F6 70 B4 0A C1 00 00 11 4C 00 00 00 00 00 00 00 00 00 00 00 00 00 01 00 00 80 8C A6 C3 79 00 00 00 00 00 00 00 00 00 00 00 00 00 00 00 00 00 00 00 00 00 00 00 00 00 00 00 00 00 00 00 00 00 00 00 00 98 02 9F 1F 7E
[666298][05:03:36.352]7E FF 02 FF 30 67 9B 50 7D 06 28 00 19 82 89 F4 00 38 00 10 00 01 00 02 69 7F 94 10 D8 30 08 01 06 00 00 00 7C 19 E2 AD CC 09 F3 7E
[666299][05:03:36.383]7E FF 02 FF 31 67 9F 50 7D 06 3D 01 3F 1C 8B F4 00 3B 00 94 00 01 00 01 69 7F 94 21 B0 00 01 FC 13 79 44 00 2C 52 BC 10 02 0B 00 04 B8 79 00 3B 78 EF 04 00 33 00 00 07 00 00 00 21 00 21 00 6A 00 2F 00 4E 03 02 08 1A E4 24 00 00 22 A9 10 49 25 00 00 C1 08 04 00 30 01 54 00 05 00 12 E5 0E 31 7F 44 0A 04 80 48 82 20 F6 70 B4 0A C1 00 00 10 0C F2 B2 F4 E6 00 00 00 00 00 00 00 00 00 00 00 00 00 00 00 00 00 00 00 00 00 00 00 00 00 00 00 00 00 00 00 00 00 00 00 00 00 00 00 00 00 00 00 00 00 00 00 00 00 00 00 00 00 87 43 3D EF 7E
[666300][05:03:36.398]7E FF 02 FF 32 67 CB 50 7D 06 B4 02 7D 11 9C F4 00 3B 00 10 00 01 00 02 69 7F 94 10 D8 10 0D 01 00 00 00 00 55 91 C6 C3 94 AF 9C 7E
[666301][05:03:36.429]7E FF 02 FF 33 67 DD 50 7D 06 2F 03 31 EE A1 F4 01 22 0D 10 00 01 00 02 69 7F 94 00 01 80 0D 00 A8 00 00 00 DC 8D 82 FE 62 3B F8 7E
[666302][05:03:36.459]7E FF 02 FF 34 67 87 50 7D 06 0B 01 CB 7C A6 F4 01 22 10 94 00 01 00 01 69 7F 94 01 80 0D 01 E8 30 00 10 00 0E B5 D2 10 00 D8 00 05 30 2F 00 34 88 FF 00 00 33 00 00 01 00 00 00 30 00 09 03 50 15 20 00 00 12 74 72 0A 03 81 20 D1 00 01 01 30 32 06 45 E1 93 04 00 02 00 00 00 13 7E 00 00 00 00 00 00 00 00 00 00 00 00 00 00 3A 2A 8E B8 00 00 00 00 00 00 00 00 00 00 00 00 00 00 00 00 00 00 00 00 00 00 00 00 00 00 00 00 00 00 00 00 00 00 00 00 00 00 00 00 00 00 00 00 00 00 00 00 00 00 00 00 00 00 00 00 00 00 00 00 3F 47 66 A0 7E
[666303][05:03:36.490]7E FF 02 FF 35 67 00 51 7D 06 B0 01 3C 27 B0 F4 00 01 03 14 01 01 00 01 69 7F 94 01 F0 FF 03 D9 15 EB C2 00 7C BA 97 10 00 FF 3F 01 31 2F 30 74 88 FF 09 00 33 00 00 20 00 00 12 74 72 FF FF FF FF FF FF 11 03 00 00 01 02 83 06 12 35 28 0A FE FE FE FE 68 62 00 43 05 37 92 04 09 00 30 10 3A 00 10 00 3E 05 03 2A 50 02 02 00 01 20 21 02 00 1C 07 EA 06 1E 01 2D 00 08 00 20 21 02 00 00 20 01 04 00 00 20 00 02 00 00 20 01 02 00 00 20 04 02 00 00 20 0A 02 00 00 00 10 02 01 00 00 20 02 01 00 01 10 F0 D5 56 98 83 8E 08 15 8F 01 3B 87 D4 9A 8C D7 4D FE 16 DA 56 4D 77 00 00 00 00 00 00 00 00 00 00 00 00 00 00 00 00 00 00 00 00 00 00 00 00 00 00 00 00 00 00 00 00 00 00 00 00 00 00 00 00 00 00 00 00 00 00 00 00 00 00 00 00 00 00 00 00 00 00 00 00 00 00 00 00 00 00 00 00 00 00 00 00 00 00 00 00 00 00 00 00 00 00 00 00 00 00 00 00 00 00 00 00 00 00 00 00 00 00 00 00 00 00 00 00 00 00 00 00 00 00 00 00 6F 2B 1D 42 7E
[666304][05:03:36.520]7E FF 02 FF 36 67 0C 51 7D 06 E2 00 09 10 B3 F4 01 22 10 14 01 01 00 01 69 7F 94 01 F0 FF 03 18 41 00 12 00 47 14 18 10 00 FF 3F 01 31 2F 30 74 88 FF 09 00 33 00 00 20 00 00 12 74 72 FF FF FF FF FF FF 11 03 00 00 01 02 83 06 12 35 28 0A FE FE FE FE 68 62 00 43 05 37 92 04 09 00 30 10 3A 00 10 00 3E 05 03 2A 50 02 02 00 01 20 21 02 00 1C 07 EA 06 1E 01 2D 00 08 00 20 21 02 00 00 20 01 04 00 00 20 00 02 00 00 20 01 02 00 00 20 04 02 00 00 20 0A 02 00 00 00 10 02 01 00 00 20 02 01 00 01 10 F0 D5 56 98 83 8E 08 15 8F 01 3B 87 D4 9A 8C D7 4D FE 16 DA 56 4D 77 00 00 00 00 00 00 00 00 00 00 00 00 00 00 00 00 00 00 00 00 00 00 00 00 00 00 00 00 00 00 00 00 00 00 00 00 00 00 00 00 00 00 00 00 00 00 00 00 00 00 00 00 00 00 00 00 00 00 00 00 00 00 00 00 00 00 00 00 00 00 00 00 00 00 00 00 00 00 00 00 00 00 00 00 00 00 00 00 00 00 00 00 00 00 00 00 00 00 00 00 00 00 00 00 00 00 00 00 00 00 00 00 A8 AE 7F 82 7E
[666305][05:03:36.566]7E FF 02 FF 38 67 3C 51 7D 06 88 01 4E 08 C7 F4 00 29 02 14 01 01 00 01 69 7F 94 87 F0 FF 03 0D 15 EB C2 00 E6 8F 12 10 00 FF 3F 01 31 2F 30 74 88 EF 09 00 33 00 00 20 00 00 12 74 72 FF FF FF FF FF FF 11 03 00 00 01 02 83 06 12 35 28 0A FE FE FE FE 68 62 00 43 05 37 92 04 09 00 30 10 3A 00 10 00 3E 05 03 2A 50 02 02 00 01 20 21 02 00 1C 07 EA 06 1E 01 2D 00 08 00 20 21 02 00 00 20 01 04 00 00 20 00 02 00 00 20 01 02 00 00 20 04 02 00 00 20 0A 02 00 00 00 10 02 01 00 00 20 02 01 00 01 10 F0 D5 56 98 83 8E 08 15 8F 01 3B 87 D4 9A 8C D7 4D FE 16 DA 56 4D 77 00 00 00 00 00 00 00 00 00 00 00 00 00 00 00 00 00 00 00 00 00 00 00 00 00 00 00 00 00 00 00 00 00 00 00 00 00 00 00 00 00 00 00 00 00 00 00 00 00 00 00 00 00 00 00 00 00 00 00 00 00 00 00 00 00 00 00 00 00 00 00 00 00 00 00 00 00 00 00 00 00 00 00 00 00 00 00 00 00 00 00 00 00 00 00 00 00 00 00 00 00 00 00 00 00 00 00 00 00 00 00 00 17 2D F7 E8 7E
[666306][05:03:36.597]7E FF 02 FF 39 67 61 51 7D 06 D2 03 BA 5C D5 F4 00 3A 00 14 01 01 00 01 69 7F 94 36 F0 FF 01 EC 16 EB C2 00 BE 27 94 10 00 FF 3F 01 31 2F 30 74 88 EF 09 00 33 00 00 20 00 00 12 74 72 FF FF FF FF FF FF 11 03 00 00 01 02 83 06 12 35 28 0A FE FE FE FE 68 62 00 43 05 37 92 04 09 00 30 10 3A 00 10 00 3E 05 03 2A 50 02 02 00 01 20 21 02 00 1C 07 EA 06 1E 01 2D 00 08 00 20 21 02 00 00 20 01 04 00 00 20 00 02 00 00 20 01 02 00 00 20 04 02 00 00 20 0A 02 00 00 00 10 02 01 00 00 20 02 01 00 01 10 F0 D5 56 98 83 8E 08 15 8F 01 3B 87 D4 9A 8C D7 4D FE 16 DA 56 4D 77 00 00 00 00 00 00 00 00 00 00 00 00 00 00 00 00 00 00 00 00 00 00 00 00 00 00 00 00 00 00 00 00 00 00 00 00 00 00 00 00 00 00 00 00 00 00 00 00 00 00 00 00 00 00 00 00 00 00 00 00 00 00 00 00 00 00 00 00 00 00 00 00 00 00 00 00 00 00 00 00 00 00 00 00 00 00 00 00 00 00 00 00 00 00 00 00 00 00 00 00 00 00 00 00 00 00 00 00 00 00 00 00 71 30 0B 58 7E
[666307][05:03:36.643]7E FF 02 FF 3A 67 4A 51 7D 06 84 00 96 6A F2 F4 00 3B 00 94 00 01 00 01 69 7F 94 21 B0 00 01 FC 13 79 44 00 2C 52 BC 10 02 01 00 04 B9 79 00 5C 78 EF 0C 00 33 00 00 30 00 09 05 35 35 20 00 00 12 74 72 00 00 00 00 30 00 09 05 39 42 21 00 00 00 00 00 00 00 00 00 39 03 00 01 04 25 25 45 E8 07 02 12 09 23 07 03 01 00 01 01 00 02 02 00 0D 00 00 09 03 31 17 6E 54 4E 59 58 10 00 10 00 00 00 00 00 06 00 00 00 E9 94 A3 10 1E 3D 80 34 16 A0 1A 00 00 31 44 59 58 03 FB C1 01 9C 02 01 7E 31 86 97 00 00 00 00 00 00 00 00 B5 9B 32 4D 7E
[666308][05:03:36.643]7E FF 02 FF 3B 67 5C 51 7D 06 EB 01 6B 71 F9 F4 00 3B 00 10 00 01 00 02 69 7F 94 01 D8 10 0D 01 00 01 00 00 46 81 9E 3D 69 73 B4 7E
[666309][05:03:36.658]7E FF 02 FF 3C 67 5E 51 7D 06 FA 01 6D 2A F9 F4 01 22 0C 10 00 01 00 02 69 7F 94 00 01 80 0D 00 A8 02 00 00 DD AD 86 69 81 DF 43 7E
[666310][05:03:36.674]7E FF 02 FF 3D 67 5F 51 7D 06 74 03 98 B7 FA F4 00 37 00 94 00 01 00 01 69 7F 94 D8 10 0D 01 24 14 79 44 00 78 BD 23 80 0D D1 00 00 20 41 00 34 10 FF 08 00 33 00 00 30 00 15 61 49 26 30 00 09 04 44 96 01 00 00 00 30 00 09 03 50 15 20 00 00 12 74 72 0A 03 81 20 D1 00 01 01 30 32 06 45 E1 93 04 00 02 00 00 00 13 7E 00 00 00 00 00 00 00 00 00 00 00 00 00 00 3A 2A 8E B8 00 00 00 00 00 00 00 00 00 00 00 00 00 00 00 00 00 00 00 00 00 00 00 00 00 00 00 00 00 00 00 00 00 00 00 00 00 00 00 00 00 00 00 00 00 00 00 00 90 20 F0 C4 7E
[666311][05:03:36.704]7E FF 02 FF 3E 67 D6 51 7D 06 70 02 AF DB 01 F5 00 FE 03 14 01 01 00 01 69 7F 94 01 F0 FF 03 D9 15 EB C2 00 7C BA 97 10 00 FF 3F 01 31 2F 30 74 88 FF 09 00 33 00 00 20 00 00 12 74 72 FF FF FF FF FF FF 11 03 00 00 01 02 83 06 12 35 28 0A FE FE FE FE 68 62 00 43 05 37 92 04 09 00 30 10 3A 00 10 00 3E 05 03 2A 50 02 02 00 01 20 21 02 00 1C 07 EA 06 1E 01 2D 00 08 00 20 21 02 00 00 20 01 04 00 00 20 00 02 00 00 20 01 02 00 00 20 04 02 00 00 20 0A 02 00 00 00 10 02 01 00 00 20 02 01 00 01 10 F0 D5 56 98 83 8E 08 15 8F 01 3B 87 D4 9A 8C D7 4D FE 16 DA 56 4D 77 00 00 00 00 00 00 00 00 00 00 00 00 00 00 00 00 00 00 00 00 00 00 00 00 00 00 00 00 00 00 00 00 00 00 00 00 00 00 00 00 00 00 00 00 00 00 00 00 00 00 00 00 00 00 00 00 00 00 00 00 00 00 00 00 00 00 00 00 00 00 00 00 00 00 00 00 00 00 00 00 00 00 00 00 00 00 00 00 00 00 00 00 00 00 00 00 00 00 00 00 00 00 00 00 00 00 00 00 00 00 00 00 54 41 39 81 7E
[666312][05:03:36.720]7E FF 02 FF 3F 67 DA 51 7D 06 01 01 46 A8 01 F5 01 22 0F 94 00 01 00 01 69 7F 94 01 80 0D 01 E8 30 00 10 00 0E B5 D2 10 00 D8 00 05 32 2F 00 34 88 FF 00 00 33 00 00 01 00 00 00 30 00 09 04 76 64 20 00 00 12 74 72 0A 02 C5 20 D8 00 01 01 25 97 18 45 E1 93 04 00 05 00 00 00 14 7E 00 00 00 00 00 00 00 00 00 00 00 00 00 00 E1 B2 27 4E 00 00 00 00 00 00 00 00 00 00 00 00 00 00 00 00 00 00 00 00 00 00 00 00 00 00 00 00 00 00 00 00 00 00 00 00 00 00 00 00 00 00 00 00 00 00 00 00 00 00 00 00 00 00 00 00 00 00 00 00 CF 7F 01 0C 7E
[666313][05:03:36.720]7E FF 02 FF 40 67 F5 51 7D 06 24 03 DC C7 0D F5 00 FE 03 10 00 01 00 03 69 7F 94 F0 0C F2 24 00 00 00 10 02 C8 B0 0D CC C7 73 1F 7E
[666314][05:03:36.750]7E FF 02 FF 41 67 AF 51 7D 06 3B 03 3A 36 19 F5 00 37 00 94 00 01 00 01 69 7F 94 D8 F0 FF 01 C1 12 79 42 00 04 0E CF 80 0D FF 2F 03 22 41 00 34 10 FF 08 00 33 00 00 30 00 15 61 49 26 FF FF FF FF FF FF 01 00 00 00 30 00 09 04 76 64 20 00 00 12 74 72 0A 02 C5 20 D8 00 01 01 25 97 18 45 E1 93 04 00 05 00 00 00 14 7E 00 00 00 00 00 00 00 00 00 00 00 00 00 00 E1 B2 27 4E 00 00 00 00 00 00 00 00 00 00 00 00 00 00 00 00 00 00 00 00 00 00 00 00 00 00 00 00 00 00 00 00 00 00 00 00 00 00 00 00 00 00 00 00 00 00 00 00 67 B7 6D 10 7E
[666315][05:03:36.765]7E FF 02 FF 42 67 B8 51 7D 06 37 02 77 8B 1C F5 00 37 00 94 00 01 00 01 69 7F 94 D8 F0 FF 01 C1 12 79 42 00 04 0E CF 80 0D FF 2F 03 22 41 00 34 10 FF 08 00 33 00 00 30 00 15 61 49 26 FF FF FF FF FF FF 01 00 00 00 30 00 09 04 76 64 20 00 00 12 74 72 0A 02 C5 20 D8 00 01 01 25 97 18 45 E1 93 04 00 05 00 00 00 14 7E 00 00 00 00 00 00 00 00 00 00 00 00 00 00 E1 B2 27 4E 00 00 00 00 00 00 00 00 00 00 00 00 00 00 00 00 00 00 00 00 00 00 00 00 00 00 00 00 00 00 00 00 00 00 00 00 00 00 00 00 00 00 00 00 00 00 00 00 55 09 9F 63 7E
[666316][05:03:36.765]7E FF 02 FF 43 67 2E 52 7D 06 4F 02 41 71 23 F5 00 37 00 10 00 01 00 02 69 7F 94 10 21 00 00 01 1F 00 00 00 BC CD 9A 0D F1 34 48 7E
[666317][05:03:36.930]7E FF 02 FF 44 67 7A 52 7D 06 B0 01 AA 85 66 F5 00 37 00 10 00 01 00 02 69 7F 94 10 2E 40 0B 01 1D 00 00 00 A1 5B CD B2 DE CD A0 7E
[666318][05:03:37.095]7E FF 02 FF 45 67 65 53 7D 06 5F 01 5F F9 99 F5 00 35 00 14 01 01 00 01 69 7F 94 D8 F0 FF 03 B2 12 76 B2 00 85 49 4D C0 13 01 30 06 63 CC 30 92 78 BF 04 00 33 00 00 11 03 00 00 01 02 63 08 12 35 01 00 68 84 00 C3 05 37 92 04 09 00 30 10 0E 8C 90 00 6B 85 03 2A 50 02 02 00 08 00 20 21 02 00 00 20 01 04 00 00 20 00 02 00 00 20 01 02 00 00 20 04 02 00 00 20 0A 02 00 00 00 10 02 01 00 00 20 02 01 01 01 1C 07 EA 06 1E 01 2D 00 05 00 00 00 00 01 01 12 08 CD 01 01 05 00 00 00 00 01 02 05 00 00 00 00 05 00 00 00 00 01 02 10 03 E8 10 03 E8 06 00 00 00 00 06 00 00 00 00 00 00 01 00 04 82 33 4B 52 24 2B 16 BF F7 DC 40 00 00 00 00 00 00 00 00 00 00 00 00 00 00 00 00 00 00 00 00 00 00 00 00 00 00 00 00 00 00 00 00 00 00 00 00 00 00 00 00 00 00 00 00 00 00 00 00 00 00 00 00 00 00 00 00 00 00 00 00 00 00 00 00 00 00 00 00 00 00 00 00 00 00 00 00 00 00 00 00 00 00 00 00 00 00 00 00 00 00 00 00 00 00 49 81 BC 89 7E
[666319][05:03:37.141]7E FF 02 FF 46 67 8A 53 7D 06 E9 01 23 23 A8 F5 00 37 00 14 01 01 00 01 69 7F 94 D8 F0 FF 03 0D 15 EB C2 00 B3 8F CA C0 13 01 30 06 63 CC 30 92 78 BF 04 00 33 00 00 11 03 00 00 01 02 63 08 12 35 01 00 68 84 00 C3 05 37 92 04 09 00 30 10 0E 8C 90 00 6B 85 03 2A 50 02 02 00 08 00 20 21 02 00 00 20 01 04 00 00 20 00 02 00 00 20 01 02 00 00 20 04 02 00 00 20 0A 02 00 00 00 10 02 01 00 00 20 02 01 01 01 1C 07 EA 06 1E 01 2D 00 05 00 00 00 00 01 01 12 08 CD 01 01 05 00 00 00 00 01 02 05 00 00 00 00 05 00 00 00 00 01 02 10 03 E8 10 03 E8 06 00 00 00 00 06 00 00 00 00 00 00 01 00 04 82 33 4B 52 24 2B 16 BF F7 DC 40 00 00 00 00 00 00 00 00 00 00 00 00 00 00 00 00 00 00 00 00 00 00 00 00 00 00 00 00 00 00 00 00 00 00 00 00 00 00 00 00 00 00 00 00 00 00 00 00 00 00 00 00 00 00 00 00 00 00 00 00 00 00 00 00 00 00 00 00 00 00 00 00 00 00 00 00 00 00 00 00 00 00 00 00 00 00 00 00 00 00 00 00 00 00 C7 22 FD 2D 7E
[666320][05:03:37.171]7E FF 02 FF 47 67 3E 53 7D 06 BA 00 37 2C B1 F5 00 2E 00 14 01 01 00 01 69 7F 94 87 F0 FF 03 B2 12 76 B2 00 D0 49 95 C0 13 01 30 06 63 CC 30 92 78 9F 04 00 33 00 00 11 03 00 00 01 02 63 08 12 35 01 00 68 84 00 C3 05 37 92 04 09 00 30 10 0E 8C 90 00 6B 85 03 2A 50 02 02 00 08 00 20 21 02 00 00 20 01 04 00 00 20 00 02 00 00 20 01 02 00 00 20 04 02 00 00 20 0A 02 00 00 00 10 02 01 00 00 20 02 01 01 01 1C 07 EA 06 1E 01 2D 00 05 00 00 00 00 01 01 12 08 CD 01 01 05 00 00 00 00 01 02 05 00 00 00 00 05 00 00 00 00 01 02 10 03 E8 10 03 E8 06 00 00 00 00 06 00 00 00 00 00 00 01 00 04 82 33 4B 52 24 2B 16 BF F7 DC 40 00 00 00 00 00 00 00 00 00 00 00 00 00 00 00 00 00 00 00 00 00 00 00 00 00 00 00 00 00 00 00 00 00 00 00 00 00 00 00 00 00 00 00 00 00 00 00 00 00 00 00 00 00 00 00 00 00 00 00 00 00 00 00 00 00 00 00 00 00 00 00 00 00 00 00 00 00 00 00 00 00 00 00 00 00 00 00 00 00 00 00 00 00 00 60 3A B8 83 7E
[666321][05:03:37.202]7E FF 02 FF 48 67 47 53 7D 06 69 03 F8 DE B4 F5 00 2D 00 14 01 01 00 01 69 7F 94 87 F0 FF 03 0D 15 EB C2 00 E6 8F 12 C0 13 01 30 06 63 CC 30 92 78 9F 04 00 33 00 00 11 03 00 00 01 02 63 08 12 35 01 00 68 84 00 C3 05 37 92 04 09 00 30 10 0E 8C 90 00 6B 85 03 2A 50 02 02 00 08 00 20 21 02 00 00 20 01 04 00 00 20 00 02 00 00 20 01 02 00 00 20 04 02 00 00 20 0A 02 00 00 00 10 02 01 00 00 20 02 01 01 01 1C 07 EA 06 1E 01 2D 00 05 00 00 00 00 01 01 12 08 CD 01 01 05 00 00 00 00 01 02 05 00 00 00 00 05 00 00 00 00 01 02 10 03 E8 10 03 E8 06 00 00 00 00 06 00 00 00 00 00 00 01 00 04 82 33 4B 52 24 2B 16 BF F7 DC 40 00 00 00 00 00 00 00 00 00 00 00 00 00 00 00 00 00 00 00 00 00 00 00 00 00 00 00 00 00 00 00 00 00 00 00 00 00 00 00 00 00 00 00 00 00 00 00 00 00 00 00 00 00 00 00 00 00 00 00 00 00 00 00 00 00 00 00 00 00 00 00 00 00 00 00 00 00 00 00 00 00 00 00 00 00 00 00 00 00 00 00 00 00 00 FD 8E 2E 70 7E
[666322][05:03:37.248]7E FF 02 FF 4A 67 BB 53 7D 06 4A 03 58 F5 BA F5 00 FE 03 14 01 01 00 01 69 7F 94 01 F0 FF 03 D9 15 EB C2 00 7C BA 97 10 00 FF 3F 01 31 2F 30 74 88 FF 09 00 33 00 00 20 00 00 12 74 72 FF FF FF FF FF FF 11 03 00 00 01 02 83 06 12 35 28 0A FE FE FE FE 68 62 00 43 05 37 92 04 09 00 30 10 3A 00 10 00 3E 05 03 2A 50 02 02 00 01 20 21 02 00 1C 07 EA 06 1E 01 2D 00 08 00 20 21 02 00 00 20 01 04 00 00 20 00 02 00 00 20 01 02 00 00 20 04 02 00 00 20 0A 02 00 00 00 10 02 01 00 00 20 02 01 00 01 10 F0 D5 56 98 83 8E 08 15 8F 01 3B 87 D4 9A 8C D7 4D FE 16 DA 56 4D 77 00 00 00 00 00 00 00 00 00 00 00 00 00 00 00 00 00 00 00 00 00 00 00 00 00 00 00 00 00 00 00 00 00 00 00 00 00 00 00 00 00 00 00 00 00 00 00 00 00 00 00 00 00 00 00 00 00 00 00 00 00 00 00 00 00 00 00 00 00 00 00 00 00 00 00 00 00 00 00 00 00 00 00 00 00 00 00 00 00 00 00 00 00 00 00 00 00 00 00 00 00 00 00 00 00 00 00 00 00 00 00 00 76 E7 FB 84 7E
[666323][05:03:37.278]7E FF 02 FF 4B 67 CE 53 7D 06 12 02 70 15 C2 F5 00 28 03 14 01 01 00 01 69 7F 94 87 F0 FF 03 0D 15 EB C2 00 E6 8F 12 C0 13 01 30 06 63 CC 30 92 78 9F 04 00 33 00 00 11 03 00 00 01 02 63 08 12 35 01 00 68 84 00 C3 05 37 92 04 09 00 30 10 0E 8C 90 00 6B 85 03 2A 50 02 02 00 08 00 20 21 02 00 00 20 01 04 00 00 20 00 02 00 00 20 01 02 00 00 20 04 02 00 00 20 0A 02 00 00 00 10 02 01 00 00 20 02 01 01 01 1C 07 EA 06 1E 01 2D 00 05 00 00 00 00 01 01 12 08 CD 01 01 05 00 00 00 00 01 02 05 00 00 00 00 05 00 00 00 00 01 02 10 03 E8 10 03 E8 06 00 00 00 00 06 00 00 00 00 00 00 01 00 04 82 33 4B 52 24 2B 16 BF F7 DC 40 00 00 00 00 00 00 00 00 00 00 00 00 00 00 00 00 00 00 00 00 00 00 00 00 00 00 00 00 00 00 00 00 00 00 00 00 00 00 00 00 00 00 00 00 00 00 00 00 00 00 00 00 00 00 00 00 00 00 00 00 00 00 00 00 00 00 00 00 00 00 00 00 00 00 00 00 00 00 00 00 00 00 00 00 00 00 00 00 00 00 00 00 00 00 38 08 0B 00 7E
[666324][05:03:37.294]7E FF 02 FF 4C 67 DA 53 7D 06 53 00 3B D7 C5 F5 01 54 03 14 01 01 00 01 69 7F 94 87 F0 FF 00 90 40 00 22 00 C9 76 19 C0 13 01 30 06 63 CC 30 92 78 9F 04 00 33 00 00 11 03 00 00 01 02 63 08 12 35 01 00 68 84 00 C3 05 37 92 04 09 00 30 10 0E 8C 90 00 6B 85 03 2A 50 02 02 00 08 00 20 21 02 00 00 20 01 04 00 00 20 00 02 00 00 20 01 02 00 00 20 04 02 00 00 20 0A 02 00 00 00 10 02 01 00 00 20 02 01 01 01 1C 07 EA 06 1E 01 2D 00 05 00 00 00 00 01 01 12 08 CD 01 01 05 00 00 00 00 01 02 05 00 00 00 00 05 00 00 00 00 01 02 10 03 E8 10 03 E8 06 00 00 00 00 06 00 00 00 00 00 00 01 00 04 82 33 4B 52 24 2B 16 BF F7 DC 40 00 00 00 00 00 00 00 00 00 00 00 00 00 00 00 00 00 00 00 00 00 00 00 00 00 00 00 00 00 00 00 00 00 00 00 00 00 00 00 00 00 00 00 00 00 00 00 00 00 00 00 00 00 00 00 00 00 00 00 00 00 00 00 00 00 00 00 00 00 00 00 00 00 00 00 00 00 00 00 00 00 00 00 00 00 00 00 00 00 00 00 00 00 00 B9 0B 8E 1B 7E
[666325][05:03:37.339]7E FF 02 FF 4D 67 53 54 7D 06 A3 01 4C C7 F4 F5 00 36 01 14 01 01 00 01 69 7F 94 1C F0 FF 01 EC 16 EB C6 00 81 25 A0 C0 13 01 30 06 63 CC 30 92 78 8F 04 00 33 00 00 11 03 00 00 01 02 63 08 12 35 01 00 68 84 00 C3 05 37 92 04 09 00 30 10 0E 8C 90 00 6B 85 03 2A 50 02 02 00 08 00 20 21 02 00 00 20 01 04 00 00 20 00 02 00 00 20 01 02 00 00 20 04 02 00 00 20 0A 02 00 00 00 10 02 01 00 00 20 02 01 01 01 1C 07 EA 06 1E 01 2D 00 05 00 00 00 00 01 01 12 08 CD 01 01 05 00 00 00 00 01 02 05 00 00 00 00 05 00 00 00 00 01 02 10 03 E8 10 03 E8 06 00 00 00 00 06 00 00 00 00 00 00 01 00 04 82 33 4B 52 24 2B 16 BF F7 DC 40 00 00 00 00 00 00 00 00 00 00 00 00 00 00 00 00 00 00 00 00 00 00 00 00 00 00 00 00 00 00 00 00 00 00 00 00 00 00 00 00 00 00 00 00 00 00 00 00 00 00 00 00 00 00 00 00 00 00 00 00 00 00 00 00 00 00 00 00 00 00 00 00 00 00 00 00 00 00 00 00 00 00 00 00 00 00 00 00 00 00 00 00 00 00 A5 06 77 8C 7E
[666326][05:03:37.370]7E FF 02 FF 4E 67 61 54 7D 06 D5 00 01 0A FA F5 00 34 01 14 01 01 00 01 69 7F 94 1C F0 FF 01 EC 16 EB C6 00 81 25 A0 C0 13 01 30 06 63 CC 30 92 78 8F 04 00 33 00 00 11 03 00 00 01 02 63 08 12 35 01 00 68 84 00 C3 05 37 92 04 09 00 30 10 0E 8C 90 00 6B 85 03 2A 50 02 02 00 08 00 20 21 02 00 00 20 01 04 00 00 20 00 02 00 00 20 01 02 00 00 20 04 02 00 00 20 0A 02 00 00 00 10 02 01 00 00 20 02 01 01 01 1C 07 EA 06 1E 01 2D 00 05 00 00 00 00 01 01 12 08 CD 01 01 05 00 00 00 00 01 02 05 00 00 00 00 05 00 00 00 00 01 02 10 03 E8 10 03 E8 06 00 00 00 00 06 00 00 00 00 00 00 01 00 04 82 33 4B 52 24 2B 16 BF F7 DC 40 00 00 00 00 00 00 00 00 00 00 00 00 00 00 00 00 00 00 00 00 00 00 00 00 00 00 00 00 00 00 00 00 00 00 00 00 00 00 00 00 00 00 00 00 00 00 00 00 00 00 00 00 00 00 00 00 00 00 00 00 00 00 00 00 00 00 00 00 00 00 00 00 00 00 00 00 00 00 00 00 00 00 00 00 00 00 00 00 00 00 00 00 00 00 5C AD 3E 67 7E
[666327][05:03:37.401]7E FF 02 FF 4F 67 0A 54 7D 06 C2 03 F5 4A FF F5 00 35 01 14 01 01 00 01 69 7F 94 1C F0 FF 01 EC 16 EB C6 00 81 25 A0 C0 13 01 30 06 63 CC 30 92 78 8F 04 00 33 00 00 11 03 00 00 01 02 63 08 12 35 01 00 68 84 00 C3 05 37 92 04 09 00 30 10 0E 8C 90 00 6B 85 03 2A 50 02 02 00 08 00 20 21 02 00 00 20 01 04 00 00 20 00 02 00 00 20 01 02 00 00 20 04 02 00 00 20 0A 02 00 00 00 10 02 01 00 00 20 02 01 01 01 1C 07 EA 06 1E 01 2D 00 05 00 00 00 00 01 01 12 08 CD 01 01 05 00 00 00 00 01 02 05 00 00 00 00 05 00 00 00 00 01 02 10 03 E8 10 03 E8 06 00 00 00 00 06 00 00 00 00 00 00 01 00 04 82 33 4B 52 24 2B 16 BF F7 DC 40 00 00 00 00 00 00 00 00 00 00 00 00 00 00 00 00 00 00 00 00 00 00 00 00 00 00 00 00 00 00 00 00 00 00 00 00 00 00 00 00 00 00 00 00 00 00 00 00 00 00 00 00 00 00 00 00 00 00 00 00 00 00 00 00 00 00 00 00 00 00 00 00 00 00 00 00 00 00 00 00 00 00 00 00 00 00 00 00 00 00 00 00 00 00 72 57 FF 5F 7E
[666328][05:03:37.433]7E FF 02 FF 50 67 B3 54 7D 06 1A 02 07 72 19 F6 00 FE 03 14 01 01 00 01 69 7F 94 01 B0 00 03 27 16 EB C4 00 5E 96 90 10 00 86 00 03 33 2F 30 74 88 FF 00 00 33 00 00 11 03 00 00 01 02 83 06 15 35 28 0A FE FE FE FE 68 62 00 43 05 40 92 04 09 00 30 10 6E D6 10 00 3E 05 03 2D 50 02 02 00 01 20 21 02 00 1C 07 EA 06 1E 01 2D 00 08 00 20 21 02 00 00 20 01 04 00 00 20 00 02 00 00 20 01 02 00 00 20 04 02 00 00 20 0A 02 00 00 00 10 02 01 00 00 20 02 01 00 01 10 F0 D5 56 98 83 8E 08 15 8F 01 3B 87 D4 9A 8C D7 29 45 16 6F 5D 10 BD 00 00 00 00 00 00 00 00 00 00 00 00 00 00 00 00 00 00 00 00 00 00 00 00 00 00 00 00 00 00 00 00 00 00 00 00 00 00 00 00 00 00 00 00 00 00 00 00 00 00 00 00 00 00 00 00 00 00 00 00 00 00 00 00 00 00 00 00 00 00 00 00 00 00 00 00 00 00 00 00 00 00 00 00 00 00 00 00 00 00 00 00 00 00 00 00 00 00 00 00 00 00 00 00 00 00 00 00 00 00 00 00 00 00 00 00 00 00 00 00 00 00 00 00 87 5C 46 B9 7E
[666329][05:03:37.448]7E FF 02 FF 51 67 C3 54 7D 06 50 03 3A B1 1F F6 00 FE 03 10 00 01 00 02 69 7F 94 10 2E 70 14 01 0F 00 00 00 CA 14 AC B1 C3 93 54 7E
[666330][05:03:37.479]7E FF 02 FF 52 67 72 54 7D 06 58 00 C4 A1 26 F6 00 36 00 14 01 01 00 01 69 7F 94 04 F0 FF 01 EC 16 EB C2 00 8B 27 28 C0 13 01 30 06 63 CC 30 92 78 8F 04 00 33 00 00 11 03 00 00 01 02 63 08 12 35 01 00 68 84 00 C3 05 37 92 04 09 00 30 10 0E 8C 90 00 6B 85 03 2A 50 02 02 00 08 00 20 21 02 00 00 20 01 04 00 00 20 00 02 00 00 20 01 02 00 00 20 04 02 00 00 20 0A 02 00 00 00 10 02 01 00 00 20 02 01 01 01 1C 07 EA 06 1E 01 2D 00 05 00 00 00 00 01 01 12 08 CD 01 01 05 00 00 00 00 01 02 05 00 00 00 00 05 00 00 00 00 01 02 10 03 E8 10 03 E8 06 00 00 00 00 06 00 00 00 00 00 00 01 00 04 82 33 4B 52 24 2B 16 BF F7 DC 40 00 00 00 00 00 00 00 00 00 00 00 00 00 00 00 00 00 00 00 00 00 00 00 00 00 00 00 00 00 00 00 00 00 00 00 00 00 00 00 00 00 00 00 00 00 00 00 00 00 00 00 00 00 00 00 00 00 00 00 00 00 00 00 00 00 00 00 00 00 00 00 00 00 00 00 00 00 00 00 00 00 00 00 00 00 00 00 00 00 00 00 00 00 00 47 19 AA 01 7E
[666331][05:03:37.479]7E FF 02 FF 53 67 7F 54 7D 06 24 02 4F C8 2B F6 00 36 00 10 00 01 00 02 69 7F 94 10 2E 70 14 01 F6 00 00 00 5A 5B 92 3F 02 23 91 7E
[666332][05:03:37.509]7E FF 02 FF 54 67 E8 54 7D 06 35 01 F7 95 2D F6 00 3A 00 14 01 01 00 01 69 7F 94 04 F0 FF 01 EC 16 EB C6 00 9A 25 AC C0 13 01 30 06 63 CC 30 92 78 8F 04 00 33 00 00 11 03 00 00 01 02 63 08 12 35 01 00 68 84 00 C3 05 37 92 04 09 00 30 10 0E 8C 90 00 6B 85 03 2A 50 02 02 00 08 00 20 21 02 00 00 20 01 04 00 00 20 00 02 00 00 20 01 02 00 00 20 04 02 00 00 20 0A 02 00 00 00 10 02 01 00 00 20 02 01 01 01 1C 07 EA 06 1E 01 2D 00 05 00 00 00 00 01 01 12 08 CD 01 01 05 00 00 00 00 01 02 05 00 00 00 00 05 00 00 00 00 01 02 10 03 E8 10 03 E8 06 00 00 00 00 06 00 00 00 00 00 00 01 00 04 82 33 4B 52 24 2B 16 BF F7 DC 40 00 00 00 00 00 00 00 00 00 00 00 00 00 00 00 00 00 00 00 00 00 00 00 00 00 00 00 00 00 00 00 00 00 00 00 00 00 00 00 00 00 00 00 00 00 00 00 00 00 00 00 00 00 00 00 00 00 00 00 00 00 00 00 00 00 00 00 00 00 00 00 00 00 00 00 00 00 00 00 00 00 00 00 00 00 00 00 00 00 00 00 00 00 00 01 38 F9 C4 7E
[666333][05:03:37.525]7E FF 02 FF 55 67 F5 54 7D 06 3D 03 60 BD 32 F6 00 39 00 14 01 01 00 01 69 7F 94 36 F0 FF 01 EC 16 EB C2 00 BE 27 94 C0 13 01 30 06 63 CC 30 92 78 8F 04 00 33 00 00 11 03 00 00 01 02 63 08 12 35 01 00 68 84 00 C3 05 37 92 04 09 00 30 10 0E 8C 90 00 6B 85 03 2A 50 02 02 00 08 00 20 21 02 00 00 20 01 04 00 00 20 00 02 00 00 20 01 02 00 00 20 04 02 00 00 20 0A 02 00 00 00 10 02 01 00 00 20 02 01 01 01 1C 07 EA 06 1E 01 2D 00 05 00 00 00 00 01 01 12 08 CD 01 01 05 00 00 00 00 01 02 05 00 00 00 00 05 00 00 00 00 01 02 10 03 E8 10 03 E8 06 00 00 00 00 06 00 00 00 00 00 00 01 00 04 82 33 4B 52 24 2B 16 BF F7 DC 40 00 00 00 00 00 00 00 00 00 00 00 00 00 00 00 00 00 00 00 00 00 00 00 00 00 00 00 00 00 00 00 00 00 00 00 00 00 00 00 00 00 00 00 00 00 00 00 00 00 00 00 00 00 00 00 00 00 00 00 00 00 00 00 00 00 00 00 00 00 00 00 00 00 00 00 00 00 00 00 00 00 00 00 00 00 00 00 00 00 00 00 00 00 00 ED 11 81 B3 7E
[666334][05:03:37.554]7E FF 02 FF 56 67 11 55 7D 06 A0 01 B5 44 3D F6 00 38 00 14 01 01 00 01 69 7F 94 36 F0 FF 01 EC 16 EB C6 00 AF 25 10 C0 13 01 30 06 63 CC 30 92 78 8F 04 00 33 00 00 11 03 00 00 01 02 63 08 12 35 01 00 68 84 00 C3 05 37 92 04 09 00 30 10 0E 8C 90 00 6B 85 03 2A 50 02 02 00 08 00 20 21 02 00 00 20 01 04 00 00 20 00 02 00 00 20 01 02 00 00 20 04 02 00 00 20 0A 02 00 00 00 10 02 01 00 00 20 02 01 01 01 1C 07 EA 06 1E 01 2D 00 05 00 00 00 00 01 01 12 08 CD 01 01 05 00 00 00 00 01 02 05 00 00 00 00 05 00 00 00 00 01 02 10 03 E8 10 03 E8 06 00 00 00 00 06 00 00 00 00 00 00 01 00 04 82 33 4B 52 24 2B 16 BF F7 DC 40 00 00 00 00 00 00 00 00 00 00 00 00 00 00 00 00 00 00 00 00 00 00 00 00 00 00 00 00 00 00 00 00 00 00 00 00 00 00 00 00 00 00 00 00 00 00 00 00 00 00 00 00 00 00 00 00 00 00 00 00 00 00 00 00 00 00 00 00 00 00 00 00 00 00 00 00 00 00 00 00 00 00 00 00 00 00 00 00 00 00 00 00 00 00 65 27 C6 8C 7E
[666335][05:03:37.585]7E FF 02 FF 57 67 C9 54 7D 06 0C 00 00 CB 47 F6 00 38 00 14 01 01 00 01 69 7F 94 36 F0 FF 01 EC 16 EB C6 00 AF 25 10 C0 13 01 30 06 63 CC 30 92 78 8F 04 00 33 00 00 11 03 00 00 01 02 63 08 12 35 01 00 68 84 00 C3 05 37 92 04 09 00 30 10 0E 8C 90 00 6B 85 03 2A 50 02 02 00 08 00 20 21 02 00 00 20 01 04 00 00 20 00 02 00 00 20 01 02 00 00 20 04 02 00 00 20 0A 02 00 00 00 10 02 01 00 00 20 02 01 01 01 1C 07 EA 06 1E 01 2D 00 05 00 00 00 00 01 01 12 08 CD 01 01 05 00 00 00 00 01 02 05 00 00 00 00 05 00 00 00 00 01 02 10 03 E8 10 03 E8 06 00 00 00 00 06 00 00 00 00 00 00 01 00 04 82 33 4B 52 24 2B 16 BF F7 DC 40 00 00 00 00 00 00 00 00 00 00 00 00 00 00 00 00 00 00 00 00 00 00 00 00 00 00 00 00 00 00 00 00 00 00 00 00 00 00 00 00 00 00 00 00 00 00 00 00 00 00 00 00 00 00 00 00 00 00 00 00 00 00 00 00 00 00 00 00 00 00 00 00 00 00 00 00 00 00 00 00 00 00 00 00 00 00 00 00 00 00 00 00 00 00 45 E7 FD BD 7E
[666336][05:03:37.616]7E FF 02 FF 58 67 D6 54 7D 06 30 03 86 0D 4D F6 00 3A 00 14 01 01 00 01 69 7F 94 36 F0 FF 01 EC 16 EB C6 00 AF 25 10 C0 13 01 30 06 63 CC 30 92 78 8F 04 00 33 00 00 11 03 00 00 01 02 63 08 12 35 01 00 68 84 00 C3 05 37 92 04 09 00 30 10 0E 8C 90 00 6B 85 03 2A 50 02 02 00 08 00 20 21 02 00 00 20 01 04 00 00 20 00 02 00 00 20 01 02 00 00 20 04 02 00 00 20 0A 02 00 00 00 10 02 01 00 00 20 02 01 01 01 1C 07 EA 06 1E 01 2D 00 05 00 00 00 00 01 01 12 08 CD 01 01 05 00 00 00 00 01 02 05 00 00 00 00 05 00 00 00 00 01 02 10 03 E8 10 03 E8 06 00 00 00 00 06 00 00 00 00 00 00 01 00 04 82 33 4B 52 24 2B 16 BF F7 DC 40 00 00 00 00 00 00 00 00 00 00 00 00 00 00 00 00 00 00 00 00 00 00 00 00 00 00 00 00 00 00 00 00 00 00 00 00 00 00 00 00 00 00 00 00 00 00 00 00 00 00 00 00 00 00 00 00 00 00 00 00 00 00 00 00 00 00 00 00 00 00 00 00 00 00 00 00 00 00 00 00 00 00 00 00 00 00 00 00 00 00 00 00 00 00 E6 17 00 FD 7E
[666337][05:03:37.646]7E FF 02 FF 59 67 4C 55 7D 06 51 01 86 BD 53 F6 00 36 01 14 01 01 00 01 69 7F 94 1C F0 FF 01 EC 16 EB C2 00 90 27 24 10 00 FF 3F 01 31 2F 30 74 88 EF 09 00 33 00 00 20 00 00 12 74 72 FF FF FF FF FF FF 11 03 00 00 01 02 83 06 12 35 28 0A FE FE FE FE 68 62 00 43 05 37 92 04 09 00 30 10 3A 00 10 00 3E 05 03 2A 50 02 02 00 01 20 21 02 00 1C 07 EA 06 1E 01 2D 00 08 00 20 21 02 00 00 20 01 04 00 00 20 00 02 00 00 20 01 02 00 00 20 04 02 00 00 20 0A 02 00 00 00 10 02 01 00 00 20 02 01 00 01 10 F0 D5 56 98 83 8E 08 15 8F 01 3B 87 D4 9A 8C D7 4D FE 16 DA 56 4D 77 00 00 00 00 00 00 00 00 00 00 00 00 00 00 00 00 00 00 00 00 00 00 00 00 00 00 00 00 00 00 00 00 00 00 00 00 00 00 00 00 00 00 00 00 00 00 00 00 00 00 00 00 00 00 00 00 00 00 00 00 00 00 00 00 00 00 00 00 00 00 00 00 00 00 00 00 00 00 00 00 00 00 00 00 00 00 00 00 00 00 00 00 00 00 00 00 00 00 00 00 00 00 00 00 00 00 00 00 00 00 00 00 FB 8E F9 3A 7E
[666338][05:03:37.661]7E FF 02 FF 5A 67 62 55 7D 06 40 00 6B 06 5C F6 00 38 01 94 00 01 00 01 69 7F 94 21 B0 00 01 FC 13 79 40 00 3D 50 38 10 02 01 00 04 BA 79 00 5C 78 EF 0C 00 33 00 00 30 00 09 05 35 35 20 00 00 12 74 72 00 00 00 00 30 00 09 03 51 45 21 00 00 00 00 00 00 00 00 00 39 03 00 01 34 45 06 45 E8 07 02 12 09 23 07 03 01 00 01 01 00 02 02 00 0D 00 00 09 03 31 17 6E 54 4E 59 58 12 00 12 00 00 00 00 00 01 00 00 00 E5 1F EE 80 53 D8 94 98 0B 6C 1A 00 00 31 44 59 58 03 FB C1 01 9C 02 01 55 72 BA 8F 00 00 00 00 00 00 00 00 B7 BE FF 79 7E
[666339][05:03:37.706]7E FF 02 FF 5B 67 CE 55 7D 06 C2 03 EB 90 85 F6 00 39 00 94 00 01 00 01 69 7F 94 2E 30 08 01 FC 13 79 44 00 E4 CA D9 E0 02 83 00 04 96 15 00 4C 70 EF 04 00 33 00 00 07 00 00 00 2E 00 DF 00 91 00 40 00 4E 43 02 08 1A E4 24 00 01 22 A9 10 49 65 00 00 CD 08 04 00 34 19 56 00 44 57 3A ED 0E 3D FF D5 0A 06 44 4C 82 A0 F6 70 B4 0A C1 00 00 11 4C 00 00 00 00 00 00 00 00 00 00 00 00 00 01 00 00 80 9A 9B 97 87 00 00 00 00 00 00 00 00 00 00 00 00 00 00 00 00 00 00 00 00 00 00 00 00 00 00 00 00 00 00 00 00 00 00 00 00 C6 22 91 2D 7E
[666340][05:03:37.720]7E FF 02 FF 5C 67 E4 55 7D 06 0C 03 57 E5 8D F6 00 3B 01 94 00 01 00 01 69 7F 94 21 B0 00 01 FC 13 79 44 00 2C 52 BC 10 02 01 00 04 BA 79 00 5C 78 EF 0C 00 33 00 00 30 00 09 05 35 35 20 00 00 12 74 72 00 00 00 00 30 00 09 03 51 45 21 00 00 00 00 00 00 00 00 00 39 03 00 01 34 45 06 45 E8 07 02 12 09 23 07 03 01 00 01 01 00 02 02 00 0D 00 00 09 03 31 17 6E 54 4E 59 58 12 00 12 00 00 00 00 00 01 00 00 00 E5 1F EE 80 53 D8 94 98 0B 6C 1A 00 00 31 44 59 58 03 FB C1 01 9C 02 01 55 72 BA 8F 00 00 00 00 00 00 00 00 27 AA 25 81 7E
[666341][05:03:37.735]7E FF 02 FF 5D 67 A3 55 7D 06 6C 00 56 01 9B F6 00 3B 01 10 00 01 00 02 69 7F 94 10 2E A0 0D 01 1F 00 00 00 39 0D 17 E5 CA A9 5E 7E
[666342][05:03:37.811]7E FF 02 FF 5E 67 28 56 7D 06 F0 01 18 B8 A7 F6 00 36 01 14 01 01 00 01 69 7F 94 15 F0 FF 01 EC 16 EB C2 00 99 27 B4 C0 13 01 30 06 63 CC 30 92 78 8F 04 00 33 00 00 11 03 00 00 01 02 63 08 12 35 01 00 68 84 00 C3 05 37 92 04 09 00 30 10 0E 8C 90 00 6B 85 03 2A 50 02 02 00 08 00 20 21 02 00 00 20 01 04 00 00 20 00 02 00 00 20 01 02 00 00 20 04 02 00 00 20 0A 02 00 00 00 10 02 01 00 00 20 02 01 01 01 1C 07 EA 06 1E 01 2D 00 05 00 00 00 00 01 01 12 08 CD 01 01 05 00 00 00 00 01 02 05 00 00 00 00 05 00 00 00 00 01 02 10 03 E8 10 03 E8 06 00 00 00 00 06 00 00 00 00 00 00 01 00 04 82 33 4B 52 24 2B 16 BF F7 DC 40 00 00 00 00 00 00 00 00 00 00 00 00 00 00 00 00 00 00 00 00 00 00 00 00 00 00 00 00 00 00 00 00 00 00 00 00 00 00 00 00 00 00 00 00 00 00 00 00 00 00 00 00 00 00 00 00 00 00 00 00 00 00 00 00 00 00 00 00 00 00 00 00 00 00 00 00 00 00 00 00 00 00 00 00 00 00 00 00 00 00 00 00 00 00 EE C7 C9 27 7E
[666343][05:03:37.932]7E FF 02 FF 5F 67 A0 56 7D 06 95 02 52 91 D5 F6 00 FD 03 14 01 01 00 01 69 7F 94 01 50 00 03 27 16 EB C0 00 A8 68 08 10 00 5A 01 03 34 2F 30 74 88 FF 00 00 33 00 00 11 03 00 00 01 02 83 06 18 35 28 0A FE FE FE FE 68 62 00 43 05 44 92 04 09 00 30 10 18 B9 10 00 3E 05 03 2F 50 02 02 00 01 20 21 02 00 1C 07 EA 06 1E 01 2D 00 08 00 20 21 02 00 00 20 01 04 00 00 20 00 02 00 00 20 01 02 00 00 20 04 02 00 00 20 0A 02 00 00 00 10 02 01 00 00 20 02 01 00 01 10 F0 D5 56 98 83 8E 08 15 8F 01 3B 87 D4 9A 8C D7 67 E4 16 78 6C B7 B6 00 00 00 00 00 00 00 00 00 00 00 00 00 00 00 00 00 00 00 00 00 00 00 00 00 00 00 00 00 00 00 00 00 00 00 00 00 00 00 00 00 00 00 00 00 00 00 00 00 00 00 00 00 00 00 00 00 00 00 00 00 00 00 00 00 00 00 00 00 00 00 00 00 00 00 00 00 00 00 00 00 00 00 00 00 00 00 00 00 00 00 00 00 00 00 00 00 00 00 00 00 00 00 00 00 00 00 00 00 00 00 00 00 00 00 00 00 00 00 00 00 00 00 00 A4 28 57 59 7E
[666344][05:03:37.963]7E FF 02 FF 60 67 B0 56 7D 06 8D 02 89 A8 DB F6 00 35 01 14 01 01 00 01 69 7F 94 15 F0 FF 01 EC 16 EB C6 00 88 25 30 C0 13 01 30 06 63 CC 30 92 78 8F 04 00 33 00 00 11 03 00 00 01 02 63 08 12 35 01 00 68 84 00 C3 05 37 92 04 09 00 30 10 0E 8C 90 00 6B 85 03 2A 50 02 02 00 08 00 20 21 02 00 00 20 01 04 00 00 20 00 02 00 00 20 01 02 00 00 20 04 02 00 00 20 0A 02 00 00 00 10 02 01 00 00 20 02 01 01 01 1C 07 EA 06 1E 01 2D 00 05 00 00 00 00 01 01 12 08 CD 01 01 05 00 00 00 00 01 02 05 00 00 00 00 05 00 00 00 00 01 02 10 03 E8 10 03 E8 06 00 00 00 00 06 00 00 00 00 00 00 01 00 04 82 33 4B 52 24 2B 16 BF F7 DC 40 00 00 00 00 00 00 00 00 00 00 00 00 00 00 00 00 00 00 00 00 00 00 00 00 00 00 00 00 00 00 00 00 00 00 00 00 00 00 00 00 00 00 00 00 00 00 00 00 00 00 00 00 00 00 00 00 00 00 00 00 00 00 00 00 00 00 00 00 00 00 00 00 00 00 00 00 00 00 00 00 00 00 00 00 00 00 00 00 00 00 00 00 00 00 64 99 2F 14 7E
[666345][05:03:37.963]7E FF 02 FF 61 67 5A 56 7D 06 B8 03 67 22 E1 F6 00 35 01 10 00 01 00 02 69 7F 94 10 21 00 00 01 1F 00 00 00 BC CD 9A D4 52 91 16 7E
[666346][05:03:37.993]7E FF 02 FF 62 67 62 56 7D 06 35 01 C8 EC E3 F6 00 FD 03 14 01 01 00 01 69 7F 94 01 50 00 03 27 16 EB C4 00 B9 6A 8C 10 00 5A 01 03 34 2F 30 74 88 FF 00 00 33 00 00 11 03 00 00 01 02 83 06 18 35 28 0A FE FE FE FE 68 62 00 43 05 44 92 04 09 00 30 10 18 B9 10 00 3E 05 03 2F 50 02 02 00 01 20 21 02 00 1C 07 EA 06 1E 01 2D 00 08 00 20 21 02 00 00 20 01 04 00 00 20 00 02 00 00 20 01 02 00 00 20 04 02 00 00 20 0A 02 00 00 00 10 02 01 00 00 20 02 01 00 01 10 F0 D5 56 98 83 8E 08 15 8F 01 3B 87 D4 9A 8C D7 67 E4 16 78 6C B7 B6 00 00 00 00 00 00 00 00 00 00 00 00 00 00 00 00 00 00 00 00 00 00 00 00 00 00 00 00 00 00 00 00 00 00 00 00 00 00 00 00 00 00 00 00 00 00 00 00 00 00 00 00 00 00 00 00 00 00 00 00 00 00 00 00 00 00 00 00 00 00 00 00 00 00 00 00 00 00 00 00 00 00 00 00 00 00 00 00 00 00 00 00 00 00 00 00 00 00 00 00 00 00 00 00 00 00 00 00 00 00 00 00 00 00 00 00 00 00 00 00 00 00 00 00 CC 88 53 0D 7E
[666347][05:03:38.023]7E FF 02 FF 63 67 6F 56 7D 06 34 03 F7 12 E9 F6 00 38 01 14 01 01 00 01 69 7F 94 15 F0 FF 01 EC 16 EB C6 00 88 25 30 C0 13 01 30 06 63 CC 30 92 78 8F 04 00 33 00 00 11 03 00 00 01 02 63 08 12 35 01 00 68 84 00 C3 05 37 92 04 09 00 30 10 0E 8C 90 00 6B 85 03 2A 50 02 02 00 08 00 20 21 02 00 00 20 01 04 00 00 20 00 02 00 00 20 01 02 00 00 20 04 02 00 00 20 0A 02 00 00 00 10 02 01 00 00 20 02 01 01 01 1C 07 EA 06 1E 01 2D 00 05 00 00 00 00 01 01 12 08 CD 01 01 05 00 00 00 00 01 02 05 00 00 00 00 05 00 00 00 00 01 02 10 03 E8 10 03 E8 06 00 00 00 00 06 00 00 00 00 00 00 01 00 04 82 33 4B 52 24 2B 16 BF F7 DC 40 00 00 00 00 00 00 00 00 00 00 00 00 00 00 00 00 00 00 00 00 00 00 00 00 00 00 00 00 00 00 00 00 00 00 00 00 00 00 00 00 00 00 00 00 00 00 00 00 00 00 00 00 00 00 00 00 00 00 00 00 00 00 00 00 00 00 00 00 00 00 00 00 00 00 00 00 00 00 00 00 00 00 00 00 00 00 00 00 00 00 00 00 00 00 F5 3E 99 40 7E
[666348][05:03:38.039]7E FF 02 FF 64 67 FD 56 7D 06 95 00 3D D7 F8 F6 00 37 01 14 01 01 00 01 69 7F 94 15 F0 FF 01 EC 16 EB C6 00 88 25 30 C0 13 01 30 06 63 CC 30 92 78 8F 04 00 33 00 00 11 03 00 00 01 02 63 08 12 35 01 00 68 84 00 C3 05 37 92 04 09 00 30 10 0E 8C 90 00 6B 85 03 2A 50 02 02 00 08 00 20 21 02 00 00 20 01 04 00 00 20 00 02 00 00 20 01 02 00 00 20 04 02 00 00 20 0A 02 00 00 00 10 02 01 00 00 20 02 01 01 01 1C 07 EA 06 1E 01 2D 00 05 00 00 00 00 01 01 12 08 CD 01 01 05 00 00 00 00 01 02 05 00 00 00 00 05 00 00 00 00 01 02 10 03 E8 10 03 E8 06 00 00 00 00 06 00 00 00 00 00 00 01 00 04 82 33 4B 52 24 2B 16 BF F7 DC 40 00 00 00 00 00 00 00 00 00 00 00 00 00 00 00 00 00 00 00 00 00 00 00 00 00 00 00 00 00 00 00 00 00 00 00 00 00 00 00 00 00 00 00 00 00 00 00 00 00 00 00 00 00 00 00 00 00 00 00 00 00 00 00 00 00 00 00 00 00 00 00 00 00 00 00 00 00 00 00 00 00 00 00 00 00 00 00 00 00 00 00 00 00 00 6E CF 38 1A 7E
[666349][05:03:38.039]7E FF 02 FF 65 67 BE 56 7D 06 E0 01 92 1A 07 F7 00 37 01 10 00 01 00 02 69 7F 94 10 2E 10 0E 01 1F 00 00 00 54 A0 E6 5E C0 C1 EE 7E
[666350][05:03:38.084]7E FF 02 FF 66 67 41 57 7D 06 73 01 68 DF 12 F7 00 38 00 14 01 01 00 01 69 7F 94 1B F0 FF 01 E5 14 EB C2 00 F7 E5 1E B0 01 FF 2F 01 D9 60 00 94 78 01 04 00 33 00 00 08 00 00 00 1B 00 03 21 30 00 09 04 27 02 20 00 00 12 74 72 39 00 00 00 3F 00 08 01 11 00 2F 00 00 00 00 00 30 30 0A 02 00 00 1A 40 04 00 00 22 09 10 09 04 00 00 41 08 00 00 30 08 54 00 40 00 30 6C 0A 30 0F C4 08 04 00 40 00 20 52 30 B4 0A C1 00 00 00 0C 01 01 04 06 04 01 01 04 02 03 03 03 03 01 02 08 05 03 03 02 02 01 02 01 04 01 01 01 06 02 03 01 05 03 01 03 04 03 01 02 01 03 01 03 01 05 05 01 03 01 05 02 04 04 03 04 04 03 03 02 03 02 02 CA 15 15 66 00 00 00 00 00 00 00 00 00 00 00 00 00 00 00 00 00 00 00 00 00 00 00 00 00 00 00 00 00 00 00 00 00 00 00 00 00 00 00 00 00 00 00 00 00 00 00 00 00 00 00 00 00 00 00 00 00 00 00 00 00 00 00 00 00 00 00 00 00 00 00 00 00 00 00 00 00 00 00 00 00 00 00 00 00 00 00 00 00 00 00 00 1D E0 9A 22 7E
[666351][05:03:38.115]7E FF 02 FF 67 67 7C 57 7D 06 DC 03 30 A1 29 F7 00 38 00 10 00 01 00 02 69 7F 94 10 D8 30 08 01 12 00 00 00 3C 18 E7 8D 09 0D F4 7E
[666352][05:03:38.145]7E FF 02 FF 68 67 38 57 7D 06 09 00 6C 77 35 F7 00 38 00 10 00 01 00 02 69 7F 94 10 D8 10 0D 01 00 00 00 00 55 91 C6 84 36 2D 05 7E
[666353][05:03:38.160]7E FF 02 FF 69 67 AE 57 7D 06 DB 00 37 57 3B F7 01 23 0D 10 00 01 00 02 69 7F 94 00 01 80 0D 00 A8 00 00 00 DC 8D 82 81 B2 76 04 7E
[666354][05:03:38.176]7E FF 02 FF 6A 67 AE 57 7D 06 1E 03 9D A0 3C F7 00 38 00 10 00 01 00 02 69 7F 94 10 2E 10 0E 01 1F 00 00 00 54 A0 E6 57 1A 6F A6 7E
[666355][05:03:38.192]7E FF 02 FF 6B 67 B6 57 7D 06 30 00 A4 5F 3F F7 00 37 00 94 00 01 00 01 69 7F 94 21 B0 00 01 FC 13 79 44 00 2C 52 BC 10 02 01 00 04 BA 79 00 5C 78 EF 0C 00 33 00 00 30 00 09 05 35 35 20 00 00 12 74 72 00 00 00 00 30 00 09 03 51 45 21 00 00 00 00 00 00 00 00 00 39 03 00 01 34 45 06 45 E8 07 02 12 09 23 07 03 01 00 01 01 00 02 02 00 0D 00 00 09 03 31 17 6E 54 4E 59 58 12 00 12 00 00 00 00 00 01 00 00 00 E5 1F EE 80 53 D8 94 98 0B 6C 1A 00 00 31 44 59 58 03 FB C1 01 9C 02 01 55 72 BA 8F 00 00 00 00 00 00 00 00 4B D5 8F 50 7E
[666356][05:03:38.222]7E FF 02 FF 6C 67 D1 57 7D 06 B0 02 2C 52 48 F7 01 23 10 94 00 01 00 01 69 7F 94 01 80 0D 01 E8 30 00 10 00 0E B5 D2 10 00 D8 00 05 35 2F 00 34 88 FF 00 00 33 00 00 01 00 00 00 30 00 09 04 15 82 20 00 00 12 74 72 0A 03 B9 20 D1 00 01 01 08 89 12 45 E1 93 04 00 02 00 00 00 15 7E 00 00 00 00 00 00 00 00 00 00 00 00 00 00 4A AA 35 F7 00 00 00 00 00 00 00 00 00 00 00 00 00 00 00 00 00 00 00 00 00 00 00 00 00 00 00 00 00 00 00 00 00 00 00 00 00 00 00 00 00 00 00 00 00 00 00 00 00 00 00 00 00 00 00 00 00 00 00 00 32 48 8A FF 7E
[666357][05:03:38.238]7E FF 02 FF 6D 67 86 57 7D 06 6A 00 A7 43 53 F7 00 37 00 10 00 01 00 02 69 7F 94 10 D8 10 0D 01 0D 01 00 00 85 C1 85 F8 F2 FA D3 7E
[666358][05:03:38.253]7E FF 02 FF 6E 67 88 57 7D 06 DB 03 3A 57 54 F7 00 36 00 94 00 01 00 01 69 7F 94 D8 10 0D 01 EF 12 3D 60 00 66 9D F4 80 0D D1 00 00 23 41 00 34 10 FF 08 00 33 00 00 30 00 15 61 49 26 30 00 09 04 44 96 01 00 00 00 30 00 09 04 15 82 20 00 00 12 74 72 0A 03 B9 20 D1 00 01 01 08 89 12 45 E1 93 04 00 02 00 00 00 15 7E 00 00 00 00 00 00 00 00 00 00 00 00 00 00 4A AA 35 F7 00 00 00 00 00 00 00 00 00 00 00 00 00 00 00 00 00 00 00 00 00 00 00 00 00 00 00 00 00 00 00 00 00 00 00 00 00 00 00 00 00 00 00 00 00 00 00 00 1C F4 02 29 7E
[666359][05:03:38.284]7E FF 02 FF 6F 67 9F 57 7D 06 33 03 0F 0C 5D F7 00 34 00 94 00 01 00 01 69 7F 94 D8 10 0D 01 24 14 79 44 00 78 BD 23 80 0D D1 00 00 23 41 00 34 10 FF 08 00 33 00 00 30 00 15 61 49 26 30 00 09 04 44 96 01 00 00 00 30 00 09 04 15 82 20 00 00 12 74 72 0A 03 B9 20 D1 00 01 01 08 89 12 45 E1 93 04 00 02 00 00 00 15 7E 00 00 00 00 00 00 00 00 00 00 00 00 00 00 4A AA 35 F7 00 00 00 00 00 00 00 00 00 00 00 00 00 00 00 00 00 00 00 00 00 00 00 00 00 00 00 00 00 00 00 00 00 00 00 00 00 00 00 00 00 00 00 00 00 00 00 00 C5 90 F0 68 7E
[666360][05:03:38.284]7E FF 02 FF 70 67 0E 58 7D 06 C2 02 74 32 61 F7 00 38 01 94 00 01 00 01 69 7F 94 21 B0 00 01 FC 13 79 40 00 3D 50 38 10 02 01 00 04 BB 79 00 5C 78 EF 0C 00 33 00 00 30 00 09 05 35 35 20 00 00 12 74 72 00 00 00 00 30 00 09 04 54 33 21 00 00 00 00 00 00 00 00 00 39 03 00 01 19 74 16 45 E8 07 02 12 09 23 07 03 01 00 01 01 00 02 02 00 0D 00 00 09 03 31 17 6E 54 4E 59 58 0E 00 0E 00 00 00 00 00 09 00 00 00 B1 10 DE DA AF 23 08 C3 B8 7C 1A 00 00 31 44 59 58 03 FB C1 01 9C 02 01 1C 51 D3 B8 00 00 00 00 00 00 00 00 7C 33 B8 A6 7E
[666361][05:03:38.331]7E FF 02 FF 71 67 40 58 7D 06 B5 02 B4 43 74 F7 00 36 00 94 00 01 00 01 69 7F 94 D8 10 0D 01 24 14 79 44 00 78 BD 23 80 0D D1 00 00 23 41 00 34 10 FF 08 00 33 00 00 30 00 15 61 49 26 30 00 09 04 44 96 01 00 00 00 30 00 09 04 15 82 20 00 00 12 74 72 0A 03 B9 20 D1 00 01 01 08 89 12 45 E1 93 04 00 02 00 00 00 15 7E 00 00 00 00 00 00 00 00 00 00 00 00 00 00 4A AA 35 F7 00 00 00 00 00 00 00 00 00 00 00 00 00 00 00 00 00 00 00 00 00 00 00 00 00 00 00 00 00 00 00 00 00 00 00 00 00 00 00 00 00 00 00 00 00 00 00 00 6C 32 8E 7B 7E
[666362][05:03:38.422]7E FF 02 FF 72 67 9C 58 7D 06 01 02 20 4C 97 F7 00 39 00 94 00 01 00 01 69 7F 94 21 B0 00 01 FC 13 79 44 00 2C 52 BC 10 02 01 00 04 BB 79 00 5C 78 EF 0C 00 33 00 00 30 00 09 05 35 35 20 00 00 12 74 72 00 00 00 00 30 00 09 04 54 33 21 00 00 00 00 00 00 00 00 00 39 03 00 01 19 74 16 45 E8 07 02 12 09 23 07 03 01 00 01 01 00 02 02 00 0D 00 00 09 03 31 17 6E 54 4E 59 58 0E 00 0E 00 00 00 00 00 09 00 00 00 B1 10 DE DA AF 23 08 C3 B8 7C 1A 00 00 31 44 59 58 03 FB C1 01 9C 02 01 1C 51 D3 B8 00 00 00 00 00 00 00 00 8A 84 7E 71 7E
[666363][05:03:38.453]7E FF 02 FF 73 67 58 58 7D 06 37 02 DB 85 A3 F7 00 36 00 94 00 01 00 01 69 7F 94 2E 30 08 01 FC 13 79 44 00 E4 CA D9 E0 02 83 00 04 98 15 00 4C 70 EF 04 00 33 00 00 07 00 00 00 2E 00 2E 00 95 00 40 00 4E 43 02 08 1A E4 24 00 01 22 A9 10 49 6D 00 00 C9 08 04 00 34 19 56 00 44 57 3A ED 0E 3D FF D5 0A 06 44 4C 82 A0 F6 70 B4 0A C1 00 00 11 4C 00 00 00 00 00 00 00 00 00 00 00 00 00 01 00 00 80 6C AD 1C BE 00 00 00 00 00 00 00 00 00 00 00 00 00 00 00 00 00 00 00 00 00 00 00 00 00 00 00 00 00 00 00 00 00 00 00 00 06 EC 4F 35 7E
[666364][05:03:38.484]7E FF 02 FF 74 67 D8 58 7D 06 50 03 77 4E AE F7 00 39 00 94 00 01 00 01 69 7F 94 02 F0 FF 01 99 12 79 42 00 C1 18 45 20 00 FF 2F 01 8E 87 00 70 78 01 04 00 33 00 00 08 00 00 00 02 00 03 21 30 00 09 05 35 39 20 00 00 12 74 72 39 00 00 00 1B 00 08 01 10 00 2F 00 00 00 00 00 30 30 4A 01 02 00 1A 84 20 00 00 00 00 00 40 0C 00 00 C0 00 00 00 00 00 00 00 00 00 10 04 00 20 20 00 00 00 00 00 00 00 80 30 80 00 40 00 00 01 04 01 04 02 01 01 01 02 02 02 04 01 01 01 02 01 01 02 01 01 01 04 01 01 01 01 01 01 31 D1 19 87 F0 5E 9D E3 7E
[666365][05:03:38.634]7E FF 02 FF 75 67 6B 59 7D 06 04 02 67 43 E6 F7 00 37 00 94 00 01 00 01 69 7F 94 21 B0 00 01 FC 13 79 44 00 2C 52 BC 10 02 01 00 04 BB 79 00 5C 78 EF 0C 00 33 00 00 30 00 09 05 35 35 20 00 00 12 74 72 00 00 00 00 30 00 09 04 54 33 21 00 00 00 00 00 00 00 00 00 39 03 00 01 19 74 16 45 E8 07 02 12 09 23 07 03 01 00 01 01 00 02 02 00 0D 00 00 09 03 31 17 6E 54 4E 59 58 0E 00 0E 00 00 00 00 00 09 00 00 00 B1 10 DE DA AF 23 08 C3 B8 7C 1A 00 00 31 44 59 58 03 FB C1 01 9C 02 01 1C 51 D3 B8 00 00 00 00 00 00 00 00 E7 3D 69 B1 7E
[666366][05:03:38.634]7E FF 02 FF 76 67 76 59 7D 06 9E 00 50 56 EA F7 00 37 00 10 00 01 00 02 69 7F 94 10 2E 20 11 01 E1 00 00 00 FE E1 38 75 8F 26 22 7E
[666367][05:03:38.665]7E FF 02 FF 77 67 27 59 7D 06 8F 02 6D 84 F2 F7 00 39 00 94 00 01 00 01 69 7F 94 21 B0 00 01 FC 13 79 44 00 2C 52 BC 10 02 01 00 04 BB 79 00 5C 78 EF 0C 00 33 00 00 30 00 09 05 35 35 20 00 00 12 74 72 00 00 00 00 30 00 09 04 54 33 21 00 00 00 00 00 00 00 00 00 39 03 00 01 19 74 16 45 E8 07 02 12 09 23 07 03 01 00 01 01 00 02 02 00 0D 00 00 09 03 31 17 6E 54 4E 59 58 0E 00 0E 00 00 00 00 00 09 00 00 00 B1 10 DE DA AF 23 08 C3 B8 7C 1A 00 00 31 44 59 58 03 FB C1 01 9C 02 01 1C 51 D3 B8 00 00 00 00 00 00 00 00 83 4D 1B 46 7E
[666368][05:03:38.771]7E FF 02 FF 78 67 08 5A 7D 06 60 01 D0 1C 22 F8 00 39 00 10 00 01 00 02 69 7F 94 10 D8 10 0D 01 FC 00 00 00 95 9E F9 72 F9 C2 CF 7E
[666369][05:03:38.771]7E FF 02 FF 79 67 11 5A 7D 06 D3 00 87 7C 25 F8 00 39 00 10 00 01 00 02 69 7F 94 10 21 00 00 01 1A 00 00 00 EC 8D 9B 1E 13 EF 50 7E
[666370][05:03:38.982]7E FF 02 FF 7A 67 4A 5A 7D 06 72 01 FD D0 5F F8 01 22 10 14 01 01 00 01 69 7F 94 01 80 0D 03 6A 41 00 10 00 16 42 9C 10 00 35 01 03 36 2F 30 74 88 FF 00 00 33 00 00 11 03 00 00 01 02 83 06 16 35 28 0A FE FE FE FE 68 62 00 43 05 43 92 04 09 00 30 10 00 7E 10 00 3E 05 03 2E 50 02 02 00 01 20 21 02 00 1C 07 EA 06 1E 01 2D 00 08 00 20 21 02 00 00 20 01 04 00 00 20 00 02 00 00 20 01 02 00 00 20 04 02 00 00 20 0A 02 00 00 00 10 02 01 00 00 20 02 01 00 01 10 F0 D5 56 98 83 8E 08 15 8F 01 3B 87 D4 9A 8C D7 C0 B4 16 74 DF 8F F7 00 00 00 00 00 00 00 00 00 00 00 00 00 00 00 00 00 00 00 00 00 00 00 00 00 00 00 00 00 00 00 00 00 00 00 00 00 00 00 00 00 00 00 00 00 00 00 00 00 00 00 00 00 00 00 00 00 00 00 00 00 00 00 00 00 00 00 00 00 00 00 00 00 00 00 00 00 00 00 00 00 00 00 00 00 00 00 00 00 00 00 00 00 00 00 00 00 00 00 00 00 00 00 00 00 00 00 00 00 00 00 00 00 00 00 00 00 00 00 00 00 00 00 00 13 29 BB 1A 7E
[666371][05:03:39.013]7E FF 02 FF 7B 67 D3 5A 7D 06 3F 01 5A 83 6F F8 00 36 00 14 01 01 00 01 69 7F 94 D8 30 08 03 14 14 76 B0 00 24 A9 18 10 00 35 01 03 36 2F 30 74 88 EF 00 00 33 00 00 11 03 00 00 01 02 83 06 16 35 28 0A FE FE FE FE 68 62 00 43 05 43 92 04 09 00 30 10 00 7E 10 00 3E 05 03 2E 50 02 02 00 01 20 21 02 00 1C 07 EA 06 1E 01 2D 00 08 00 20 21 02 00 00 20 01 04 00 00 20 00 02 00 00 20 01 02 00 00 20 04 02 00 00 20 0A 02 00 00 00 10 02 01 00 00 20 02 01 00 01 10 F0 D5 56 98 83 8E 08 15 8F 01 3B 87 D4 9A 8C D7 C0 B4 16 74 DF 8F F7 00 00 00 00 00 00 00 00 00 00 00 00 00 00 00 00 00 00 00 00 00 00 00 00 00 00 00 00 00 00 00 00 00 00 00 00 00 00 00 00 00 00 00 00 00 00 00 00 00 00 00 00 00 00 00 00 00 00 00 00 00 00 00 00 00 00 00 00 00 00 00 00 00 00 00 00 00 00 00 00 00 00 00 00 00 00 00 00 00 00 00 00 00 00 00 00 00 00 00 00 00 00 00 00 00 00 00 00 00 00 00 00 00 00 00 00 00 00 00 00 00 00 00 00 64 B7 B1 C5 7E
[666372][05:03:39.029]7E FF 02 FF 7C 67 A5 5A 7D 06 58 00 9D 0C 84 F8 00 36 00 10 00 01 00 02 69 7F 94 10 2E 70 15 01 1F 00 00 00 8A 1D 89 D0 36 A0 D5 7E
[666373][05:03:39.089]7E FF 02 FF 7D 67 43 5B 7D 06 A0 00 00 34 9A F8 00 36 00 10 00 01 00 02 69 7F 94 10 D8 30 08 01 08 00 00 00 9D 99 65 BF 33 40 F5 7E
[666374][05:03:39.119]7E FF 02 FF 7E 67 55 5B 7D 06 5C 00 23 05 A1 F8 00 3B 00 94 00 01 00 01 69 7F 94 21 B0 00 01 FC 13 79 44 00 2C 52 BC 10 02 01 00 04 BC 79 00 5C 78 EF 0C 00 33 00 00 30 00 09 05 35 35 20 00 00 12 74 72 00 00 00 00 30 00 09 04 31 63 21 10 00 00 00 00 00 00 00 00 39 03 00 01 17 47 14 45 E8 07 02 12 09 23 07 03 01 00 01 01 00 02 02 00 0D 00 00 09 03 31 17 6E 54 4E 59 58 0F 00 0F 00 00 00 00 00 03 00 00 00 A8 5C A9 78 10 3E DC 70 17 8D 1A 00 00 31 44 59 58 03 FB C1 01 9C 02 01 49 40 53 FF 00 00 00 00 00 00 00 00 44 8B DC 2E 7E
[666375][05:03:39.149]7E FF 02 FF 7F 67 1B 5B 7D 06 90 01 C5 2C B1 F8 00 3B 00 10 00 01 00 02 69 7F 94 10 D8 10 0D 01 FE 00 00 00 B4 1E 7D 96 96 13 A5 7E
[666376][05:03:39.149]7E FF 02 FF 80 67 20 5B 7D 06 97 00 CE F1 B1 F8 01 22 0D 10 00 01 00 02 69 7F 94 00 01 80 0D 00 A9 01 00 00 CC DD C2 80 04 64 D2 7E
[666377][05:03:39.195]7E FF 02 FF 81 67 9E 5B 7D 06 C8 01 CA 01 BD F8 00 32 00 94 00 01 00 01 69 7F 94 D8 10 00 01 24 14 79 44 00 13 10 03 10 0D 01 00 04 1B 5B 00 5C 70 DF 0C 00 33 00 00 30 00 09 04 44 96 20 00 00 12 74 72 00 00 00 00 30 00 09 04 92 44 D1 00 00 00 00 00 00 00 00 00 39 03 00 01 24 55 20 45 E8 07 02 12 09 23 07 03 01 00 01 01 00 02 02 00 0D 00 00 09 03 31 17 6E 54 4E 59 58 0F 00 0F 00 00 00 00 00 0A 00 00 00 3D A0 FD 9C E7 C9 11 36 49 A3 1B 00 00 31 44 59 58 03 FB C1 01 9C 02 01 1E 0F 9A 52 00 00 00 00 00 00 00 00 14 29 F1 C2 7E
[666378][05:03:39.195]7E FF 02 FF 82 67 A6 5B 7D 06 52 01 EF 06 C0 F8 00 32 00 10 00 01 00 02 69 7F 94 10 01 80 0D 01 00 01 00 00 0E D7 E8 FD 2A AE 1A 7E
[666379][05:03:39.195]7E FF 02 FF 83 67 A8 5B 7D 06 96 00 EE AC BF F8 01 22 0D 10 00 01 00 02 69 7F 94 00 01 80 0D 00 A9 01 00 00 CC DD C2 0F 6B D4 82 7E
[666380][05:03:39.255]7E FF 02 FF 84 67 C6 5B 7D 06 C0 00 A6 28 CC F8 00 FD 03 14 01 01 00 01 69 7F 94 01 B0 00 03 27 16 EB C4 00 5E 96 90 10 00 01 01 03 37 2F 30 74 88 FF 00 00 33 00 00 11 03 00 00 01 02 83 06 13 35 28 0A FE FE FE FE 68 62 00 43 05 38 92 04 09 00 30 10 CE 19 10 00 3E 05 03 2B 50 02 02 00 01 20 21 02 00 1C 07 EA 06 1E 01 2D 00 08 00 20 21 02 00 00 20 01 04 00 00 20 00 02 00 00 20 01 02 00 00 20 04 02 00 00 20 0A 02 00 00 00 10 02 01 00 00 20 02 01 00 01 10 F0 D5 56 98 83 8E 08 15 8F 01 3B 87 D4 9A 8C D7 EA AE 16 61 2D 38 B7 00 00 00 00 00 00 00 00 00 00 00 00 00 00 00 00 00 00 00 00 00 00 00 00 00 00 00 00 00 00 00 00 00 00 00 00 00 00 00 00 00 00 00 00 00 00 00 00 00 00 00 00 00 00 00 00 00 00 00 00 00 00 00 00 00 00 00 00 00 00 00 00 00 00 00 00 00 00 00 00 00 00 00 00 00 00 00 00 00 00 00 00 00 00 00 00 00 00 00 00 00 00 00 00 00 00 00 00 00 00 00 00 00 00 00 00 00 00 00 00 00 00 00 00 7E 14 93 81 7E
[666381][05:03:39.270]7E FF 02 FF 85 67 77 5B 7D 06 A6 03 A2 79 D4 F8 00 FD 03 10 00 01 00 02 69 7F 94 10 D8 10 0D 01 0E 00 00 00 B4 11 41 F9 8E 94 AA 7E
[666382][05:03:39.270]7E FF 02 FF 86 67 7B 5B 7D 06 37 01 0D 24 D4 F8 01 23 10 94 00 01 00 01 69 7F 94 01 80 0D 01 E8 30 00 10 00 0E B5 D2 10 00 D8 00 05 38 2F 00 34 88 FF 00 00 33 00 00 01 00 00 00 30 00 09 04 92 44 20 00 00 12 74 72 0A 03 5A 21 D1 00 01 01 24 55 20 45 E1 93 04 00 0A 00 00 00 16 7E 00 00 00 00 00 00 00 00 00 00 00 00 00 00 0A 06 95 3B 00 00 00 00 00 00 00 00 00 00 00 00 00 00 00 00 00 00 00 00 00 00 00 00 00 00 00 00 00 00 00 00 00 00 00 00 00 00 00 00 00 00 00 00 00 00 00 00 00 00 00 00 00 00 00 00 00 00 00 00 C8 14 24 65 7E
[666383][05:03:39.300]7E FF 02 FF 87 67 FF 5B 7D 06 DB 03 98 33 E2 F8 00 FD 03 14 01 01 00 01 69 7F 94 01 B0 00 03 27 16 EB C4 00 5E 96 90 10 00 01 01 03 37 2F 30 74 88 FF 00 00 33 00 00 11 03 00 00 01 02 83 06 13 35 28 0A FE FE FE FE 68 62 00 43 05 38 92 04 09 00 30 10 CE 19 10 00 3E 05 03 2B 50 02 02 00 01 20 21 02 00 1C 07 EA 06 1E 01 2D 00 08 00 20 21 02 00 00 20 01 04 00 00 20 00 02 00 00 20 01 02 00 00 20 04 02 00 00 20 0A 02 00 00 00 10 02 01 00 00 20 02 01 00 01 10 F0 D5 56 98 83 8E 08 15 8F 01 3B 87 D4 9A 8C D7 EA AE 16 61 2D 38 B7 00 00 00 00 00 00 00 00 00 00 00 00 00 00 00 00 00 00 00 00 00 00 00 00 00 00 00 00 00 00 00 00 00 00 00 00 00 00 00 00 00 00 00 00 00 00 00 00 00 00 00 00 00 00 00 00 00 00 00 00 00 00 00 00 00 00 00 00 00 00 00 00 00 00 00 00 00 00 00 00 00 00 00 00 00 00 00 00 00 00 00 00 00 00 00 00 00 00 00 00 00 00 00 00 00 00 00 00 00 00 00 00 00 00 00 00 00 00 00 00 00 00 00 00 04 5D 24 5C 7E
[666384][05:03:39.316]7E FF 02 FF 88 67 10 5C 7D 06 ED 00 B8 67 E8 F8 00 38 01 94 00 01 00 01 69 7F 94 21 B0 00 01 FC 13 79 44 00 2C 52 BC 10 02 01 00 04 BC 79 00 5C 78 EF 0C 00 33 00 00 30 00 09 05 35 35 20 00 00 12 74 72 00 00 00 00 30 00 09 04 31 63 21 10 00 00 00 00 00 00 00 00 39 03 00 01 17 47 14 45 E8 07 02 12 09 23 07 03 01 00 01 01 00 02 02 00 0D 00 00 09 03 31 17 6E 54 4E 59 58 0F 00 0F 00 00 00 00 00 03 00 00 00 A8 5C A9 78 10 3E DC 70 17 8D 1A 00 00 31 44 59 58 03 FB C1 01 9C 02 01 49 40 53 FF 00 00 00 00 00 00 00 00 A1 5B CE E5 7E
[666385][05:03:39.347]7E FF 02 FF 89 67 E4 5B 7D 06 CA 03 61 11 FE F8 00 38 01 10 00 01 00 02 69 7F 94 10 2E 30 0C 01 00 00 00 00 2D 50 23 8A 8B F5 3D 7E
[666386][05:03:39.363]7E FF 02 FF 8A 67 E6 5B 7D 06 D5 03 EF D0 FE F8 00 38 00 54 00 01 00 01 69 7F 94 2E 30 08 01 D6 12 40 E4 00 EB C2 3C 20 08 01 00 0A A2 78 00 1C 78 CF 04 00 33 00 00 03 00 00 00 82 00 6D 00 00 00 00 00 00 00 00 00 3C 01 00 01 14 00 00 00 39 00 00 00 93 11 33 14 00 00 00 00 00 00 00 00 00 00 00 00 00 00 00 00 00 00 00 00 B9 5D 7C F6 7E
[666387][05:03:39.378]7E FF 02 FF 8B 67 59 5C 7D 06 EC 02 64 72 04 F9 00 35 00 94 00 01 00 01 69 7F 94 D8 10 0D 01 24 14 79 44 00 78 BD 23 80 0D D1 00 00 24 41 00 34 10 FF 08 00 33 00 00 30 00 15 61 49 26 30 00 09 04 44 96 01 00 00 00 30 00 09 04 92 44 20 00 00 12 74 72 0A 03 5A 21 D1 00 01 01 24 55 20 45 E1 93 04 00 0A 00 00 00 16 7E 00 00 00 00 00 00 00 00 00 00 00 00 00 00 0A 06 95 3B 00 00 00 00 00 00 00 00 00 00 00 00 00 00 00 00 00 00 00 00 00 00 00 00 00 00 00 00 00 00 00 00 00 00 00 00 00 00 00 00 00 00 00 00 00 00 00 00 FB 8F 96 CB 7E
[666388][05:03:39.438]7E FF 02 FF 8C 67 91 5C 7D 06 F8 02 07 D1 19 F9 00 36 00 94 00 01 00 01 69 7F 94 D8 10 0D 01 EF 12 3D 64 00 77 9F 70 80 0D D1 00 00 24 41 00 34 10 FF 08 00 33 00 00 30 00 15 61 49 26 30 00 09 04 44 96 01 00 00 00 30 00 09 04 92 44 20 00 00 12 74 72 0A 03 5A 21 D1 00 01 01 24 55 20 45 E1 93 04 00 0A 00 00 00 16 7E 00 00 00 00 00 00 00 00 00 00 00 00 00 00 0A 06 95 3B 00 00 00 00 00 00 00 00 00 00 00 00 00 00 00 00 00 00 00 00 00 00 00 00 00 00 00 00 00 00 00 00 00 00 00 00 00 00 00 00 00 00 00 00 00 00 00 00 B5 D7 EB 89 7E
[666389][05:03:39.453]7E FF 02 FF 8D 67 4D 5C 7D 06 3E 00 36 C8 25 F9 00 36 00 10 00 01 00 02 69 7F 94 10 2E 70 14 01 07 00 00 00 4B 14 2A 48 C1 34 63 7E
[666390][05:03:39.468]7E FF 02 FF 8E 67 50 5C 7D 06 9D 01 A7 08 27 F9 00 35 00 94 00 01 00 01 69 7F 94 D8 10 0D 01 24 14 79 44 00 78 BD 23 80 0D D1 00 00 24 41 00 34 10 FF 08 00 33 00 00 30 00 15 61 49 26 30 00 09 04 44 96 01 00 00 00 30 00 09 04 92 44 20 00 00 12 74 72 0A 03 5A 21 D1 00 01 01 24 55 20 45 E1 93 04 00 0A 00 00 00 16 7E 00 00 00 00 00 00 00 00 00 00 00 00 00 00 0A 06 95 3B 00 00 00 00 00 00 00 00 00 00 00 00 00 00 00 00 00 00 00 00 00 00 00 00 00 00 00 00 00 00 00 00 00 00 00 00 00 00 00 00 00 00 00 00 00 00 00 00 AD AB D6 37 7E
[666391][05:03:39.468]7E FF 02 FF 8F 67 C3 5C 7D 06 01 01 7D B7 2C F9 00 35 00 10 00 01 00 02 69 7F 94 10 2E 40 0B 01 1E 00 00 00 91 9B CD 67 85 94 3F 7E
[666392][05:03:39.484]7E FF 02 FF 90 67 C5 5C 7D 06 41 03 0C AF 2D F9 00 3A 00 94 00 01 00 01 69 7F 94 D8 10 0D 01 24 14 79 44 00 78 BD 23 80 0D D1 00 00 24 41 00 34 10 FF 08 00 33 00 00 30 00 15 61 49 26 30 00 09 04 44 96 01 00 00 00 30 00 09 04 92 44 20 00 00 12 74 72 0A 03 5A 21 D1 00 01 01 24 55 20 45 E1 93 04 00 0A 00 00 00 16 7E 00 00 00 00 00 00 00 00 00 00 00 00 00 00 0A 06 95 3B 00 00 00 00 00 00 00 00 00 00 00 00 00 00 00 00 00 00 00 00 00 00 00 00 00 00 00 00 00 00 00 00 00 00 00 00 00 00 00 00 00 00 00 00 00 00 00 00 A7 86 EC BE 7E
[666393][05:03:39.530]7E FF 02 FF 91 67 E2 5C 7D 06 AC 02 08 B0 38 F9 00 37 00 14 01 01 00 01 69 7F 94 23 F0 FF 01 E5 14 EB C2 00 C8 E5 02 30 02 FF 2F 01 34 7B 00 76 70 01 04 00 33 00 00 08 00 00 00 23 00 03 21 30 00 09 04 28 27 20 00 00 12 74 72 39 00 00 00 21 00 08 01 0C 00 2F 00 00 00 00 00 30 30 4E 02 00 08 02 84 04 00 00 00 00 10 40 04 00 00 01 00 00 00 00 00 40 00 00 00 10 44 0A 11 03 80 08 00 00 40 02 00 82 00 10 00 00 00 00 10 08 01 04 02 01 01 06 04 02 05 04 03 06 02 02 01 02 03 01 01 02 03 03 02 02 01 02 04 02 01 04 04 03 02 FF A1 5E BE 00 00 00 00 00 00 00 00 00 00 00 00 00 00 00 00 00 00 00 00 00 00 00 00 00 00 00 00 00 00 00 00 00 00 00 00 00 00 00 00 00 00 00 00 00 00 00 00 00 00 00 00 00 00 00 00 00 00 00 00 00 00 00 00 00 00 00 00 00 00 00 00 00 00 00 00 00 00 00 00 00 00 00 00 00 00 00 00 00 00 00 00 00 00 00 00 00 00 00 00 00 00 00 00 00 00 00 00 00 00 00 00 00 00 00 00 00 00 00 00 00 00 1C 3E 63 51 7E
[666394][05:03:39.546]7E FF 02 FF 92 67 F7 5C 7D 06 E4 03 4C D0 40 F9 00 34 01 94 00 01 00 01 69 7F 94 21 B0 00 01 FC 13 79 40 00 3D 50 38 10 02 01 00 04 BD 79 00 5C 78 EF 0C 00 33 00 00 30 00 09 05 35 35 20 00 00 12 74 72 00 00 00 00 30 00 09 05 36 54 21 00 00 00 00 00 00 00 00 00 39 03 00 01 27 96 24 45 E8 07 02 12 09 23 07 03 01 00 01 01 00 02 02 00 0D 00 00 09 03 31 17 6E 54 4E 59 58 0E 00 0E 00 00 00 00 00 05 00 00 00 05 42 CF 20 E8 B6 77 93 BD 9D 1A 00 00 31 44 59 58 03 FB C1 01 9C 02 01 12 AF D2 88 00 00 00 00 00 00 00 00 A6 1F 54 29 7E
[666395][05:03:39.876]7E FF 02 FF 93 67 4D 5E 7D 06 5B 03 3E 3A C3 F9 00 3A 00 94 00 01 00 01 69 7F 94 21 B0 00 01 FC 13 79 44 00 2C 52 BC 10 02 01 00 04 BD 79 00 5C 78 EF 0C 00 33 00 00 30 00 09 05 35 35 20 00 00 12 74 72 00 00 00 00 30 00 09 05 36 54 21 00 00 00 00 00 00 00 00 00 39 03 00 01 27 96 24 45 E8 07 02 12 09 23 07 03 01 00 01 01 00 02 02 00 0D 00 00 09 03 31 17 6E 54 4E 59 58 0E 00 0E 00 00 00 00 00 05 00 00 00 05 42 CF 20 E8 B6 77 93 BD 9D 1A 00 00 31 44 59 58 03 FB C1 01 9C 02 01 12 AF D2 88 00 00 00 00 00 00 00 00 4B B4 FA 54 7E
[666396][05:03:39.937]7E FF 02 FF 94 67 39 5E 7D 06 5F 01 CD 93 E1 F9 00 3A 00 10 00 01 00 02 69 7F 94 01 D8 10 0D 01 0B 00 00 00 F6 51 DC CD 69 16 82 7E
[666397][05:03:39.983]7E FF 02 FF 95 67 AE 5E 7D 06 64 02 5E 24 E8 F9 00 37 01 94 00 01 00 01 69 7F 94 21 B0 00 01 FC 13 79 44 00 2C 52 BC 10 02 01 00 04 BD 79 00 5C 78 EF 0C 00 33 00 00 30 00 09 05 35 35 20 00 00 12 74 72 00 00 00 00 30 00 09 05 36 54 21 00 00 00 00 00 00 00 00 00 39 03 00 01 27 96 24 45 E8 07 02 12 09 23 07 03 01 00 01 01 00 02 02 00 0D 00 00 09 03 31 17 6E 54 4E 59 58 0E 00 0E 00 00 00 00 00 05 00 00 00 05 42 CF 20 E8 B6 77 93 BD 9D 1A 00 00 31 44 59 58 03 FB C1 01 9C 02 01 12 AF D2 88 00 00 00 00 00 00 00 00 05 7D 3F EC 7E
[666398][05:03:39.983]7E FF 02 FF 96 67 BE 5E 7D 06 6C 03 C5 5B EE F9 00 37 01 10 00 01 00 02 69 7F 94 10 D8 30 08 01 0D 00 00 00 CD D9 64 FD 84 C6 38 7E
[666399][05:03:39.998]7E FF 02 FF 97 67 D0 5E 7D 06 DC 03 4F 39 F4 F9 01 23 0D 10 00 01 00 02 69 7F 94 00 01 80 0D 00 A7 01 00 00 2D 5D 45 C8 88 4E 3F 7E
[666400][05:03:40.029]7E FF 02 FF 98 67 E3 5E 7D 06 A7 02 7E C7 FA F9 01 23 10 94 00 01 00 01 69 7F 94 01 80 0D 01 E8 30 00 10 00 0E B5 D2 10 00 D8 00 05 3A 2F 00 34 88 FF 00 00 33 00 00 01 00 00 00 30 00 09 03 55 13 20 00 00 12 74 72 0A 04 6D 21 2E 00 01 01 11 82 06 45 E1 93 04 00 04 00 00 00 17 7E 00 00 00 00 00 00 00 00 00 00 00 00 00 00 14 10 CC F8 00 00 00 00 00 00 00 00 00 00 00 00 00 00 00 00 00 00 00 00 00 00 00 00 00 00 00 00 00 00 00 00 00 00 00 00 00 00 00 00 00 00 00 00 00 00 00 00 00 00 00 00 00 00 00 00 00 00 00 00 B2 1E D4 DB 7E
[666401][05:03:40.060]7E FF 02 FF 99 67 9F 5E 7D 06 2C 02 B9 89 08 FA 00 35 00 94 00 01 00 01 69 7F 94 D8 30 08 01 EF 12 3D 60 00 6F 1C 55 80 0D 83 00 00 25 41 00 34 10 FF 08 00 33 00 00 30 00 15 61 49 26 30 00 09 04 54 46 01 00 00 00 30 00 09 03 55 13 20 00 00 12 74 72 0A 04 6D 21 2E 00 01 01 11 82 06 45 E1 93 04 00 04 00 00 00 17 7E 00 00 00 00 00 00 00 00 00 00 00 00 00 00 14 10 CC F8 00 00 00 00 00 00 00 00 00 00 00 00 00 00 00 00 00 00 00 00 00 00 00 00 00 00 00 00 00 00 00 00 00 00 00 00 00 00 00 00 00 00 00 00 00 00 00 00 BD ED B9 40 7E
[666402][05:03:40.091]7E FF 02 FF 9A 67 1F 5F 7D 06 0E 03 7D 4D 13 FA 00 36 00 94 00 01 00 01 69 7F 94 2E 30 08 01 FC 13 79 44 00 E4 CA D9 E0 02 01 00 04 9C 15 00 5C 70 EF 0C 00 33 00 00 30 00 09 04 16 28 20 00 00 12 74 72 00 00 00 00 30 00 09 03 55 13 2E 00 00 00 00 00 00 00 00 00 39 03 00 01 11 82 06 45 E8 07 02 12 09 23 07 03 01 00 01 01 00 02 02 00 0D 00 00 09 03 31 17 6E 54 4E 59 58 10 00 10 00 00 00 00 00 04 00 00 00 51 01 78 4C CE 76 61 38 F2 6B 1A 00 00 31 44 59 58 03 FB C1 01 9C 02 01 B4 78 29 DF 00 00 00 00 00 00 00 00 6B 4C D5 F4 7E
[666403][05:03:40.138]7E FF 02 FF 9B 67 FC 5E 7D 06 5E 03 88 26 2C FA 00 36 00 10 00 01 00 02 69 7F 94 10 D8 30 08 01 11 01 00 00 0D C8 23 0A F9 DA BC 7E
[666404][05:03:40.153]7E FF 02 FF 9C 67 02 5F 7D 06 3A 01 D2 35 2E FA 00 32 00 94 00 01 00 01 69 7F 94 D8 30 08 01 24 14 79 44 00 71 3C 82 80 0D 83 00 00 25 41 00 34 10 FF 08 00 33 00 00 30 00 15 61 49 26 30 00 09 04 54 46 01 00 00 00 30 00 09 03 55 13 20 00 00 12 74 72 0A 04 6D 21 2E 00 01 01 11 82 06 45 E1 93 04 00 04 00 00 00 17 7E 00 00 00 00 00 00 00 00 00 00 00 00 00 00 14 10 CC F8 00 00 00 00 00 00 00 00 00 00 00 00 00 00 00 00 00 00 00 00 00 00 00 00 00 00 00 00 00 00 00 00 00 00 00 00 00 00 00 00 00 00 00 00 00 00 00 00 EE 45 D9 DB 7E
[666405][05:03:40.168]7E FF 02 FF 9D 67 79 5F 7D 06 0C 03 30 A8 35 FA 00 32 00 10 00 01 00 02 69 7F 94 10 2E 50 0F 01 1F 00 00 00 04 EA CF 57 E8 99 07 7E
[666406][05:03:40.168]7E FF 02 FF 9E 67 86 5F 7D 06 45 02 CB 8A 3A FA 00 32 00 10 00 01 00 02 69 7F 94 10 2E C0 13 01 06 00 00 00 36 D8 5F 28 F4 2A B0 7E
[666407][05:03:40.199]7E FF 02 FF 9F 67 92 5F 7D 06 9F 03 B2 3A 3F FA 00 3A 00 94 00 01 00 01 69 7F 94 2E 30 08 01 FC 13 79 44 00 E4 CA D9 E0 02 01 00 04 9C 15 00 5C 70 EF 0C 00 33 00 00 30 00 09 04 16 28 20 00 00 12 74 72 00 00 00 00 30 00 09 03 55 13 2E 00 00 00 00 00 00 00 00 00 39 03 00 01 11 82 06 45 E8 07 02 12 09 23 07 03 01 00 01 01 00 02 02 00 0D 00 00 09 03 31 17 6E 54 4E 59 58 10 00 10 00 00 00 00 00 04 00 00 00 51 01 78 4C CE 76 61 38 F2 6B 1A 00 00 31 44 59 58 03 FB C1 01 9C 02 01 B4 78 29 DF 00 00 00 00 00 00 00 00 90 95 B6 07 7E
[666408][05:03:40.246]7E FF 02 FF A0 67 5F 5F 7D 06 B3 02 03 D6 51 FA 00 38 00 94 00 01 00 01 69 7F 94 21 B0 00 01 FC 13 79 44 00 2C 52 BC 10 02 01 00 04 BE 79 00 5C 78 EF 0C 00 33 00 00 30 00 09 05 35 35 20 00 00 12 74 72 00 00 00 00 30 00 09 05 39 37 21 00 00 00 00 00 00 00 00 00 39 03 00 01 50 24 25 45 E8 07 02 12 09 23 07 03 01 00 01 01 00 02 02 00 0D 00 00 09 03 31 17 6E 54 4E 59 58 0F 00 0F 00 00 00 00 00 08 00 00 00 5B D2 AB BA 6C 83 3B 20 D9 9F 1A 00 00 31 44 59 58 03 FB C1 01 9C 02 01 6F 34 B6 BE 00 00 00 00 00 00 00 00 88 E8 E3 0E 7E
[666409][05:03:40.277]7E FF 02 FF A1 67 EA 5F 7D 06 10 00 01 7B 60 FA 00 38 00 10 00 01 00 02 69 7F 94 10 03 91 00 01 1F 00 00 00 72 5E 21 2B EA 74 E0 7E
[666410][05:03:40.307]7E FF 02 FF A2 67 F9 5F 7D 06 1F 02 D9 5F 66 FA 00 36 01 94 00 01 00 01 69 7F 94 03 F0 FF 01 99 12 79 42 00 C1 18 D1 30 00 FF 2F 01 33 DD 00 6E 78 01 04 00 33 00 00 08 00 00 00 03 B0 00 21 30 00 09 05 35 34 20 00 00 12 74 72 39 00 00 00 19 00 08 01 10 00 2F 00 00 00 00 00 0B 30 44 00 00 08 0A C4 04 00 00 02 00 00 40 04 00 00 81 00 00 00 00 00 04 00 00 00 10 00 00 11 00 00 08 00 00 40 02 00 80 00 10 00 00 00 00 10 08 06 01 04 01 04 03 01 07 04 01 04 03 01 01 01 01 02 02 03 01 01 02 04 03 02 20 AC 56 02 00 00 4E 25 6C 24 7E
[666411][05:03:40.322]7E FF 02 FF A3 67 03 60 7D 06 EC 01 15 2B 6A FA 00 3B 00 54 00 01 00 01 69 7F 94 03 C1 13 01 D6 12 40 E0 00 DA 54 C4 90 00 01 00 0A 07 1A 00 1C 70 DF 04 00 33 00 00 03 00 00 00 09 00 03 01 00 00 00 00 00 00 00 00 30 00 00 01 0E 00 00 00 39 00 00 00 D7 80 DF EC 00 00 00 00 00 00 00 00 00 00 00 00 00 00 00 00 00 00 00 00 89 EB F1 BC 7E
[666412][05:03:40.322]7E FF 02 FF A4 67 16 60 7D 06 76 03 74 96 71 FA 00 3B 00 10 00 01 00 02 69 7F 94 10 2E E0 0A 01 F6 00 00 00 78 38 46 60 52 18 4C 7E
[666413][05:03:40.443]7E FF 02 FF A5 67 20 60 7D 06 DB 00 9F 49 9B FA 00 38 00 94 00 01 00 01 69 7F 94 21 B0 00 01 FC 13 79 44 00 2C 52 BC 10 02 01 00 04 BE 79 00 5C 78 EF 0C 00 33 00 00 30 00 09 05 35 35 20 00 00 12 74 72 00 00 00 00 30 00 09 05 39 37 21 00 00 00 00 00 00 00 00 00 39 03 00 01 50 24 25 45 E8 07 02 12 09 23 07 03 01 00 01 01 00 02 02 00 0D 00 00 09 03 31 17 6E 54 4E 59 58 0F 00 0F 00 00 00 00 00 08 00 00 00 5B D2 AB BA 6C 83 3B 20 D9 9F 1A 00 00 31 44 59 58 03 FB C1 01 9C 02 01 6F 34 B6 BE 00 00 00 00 00 00 00 00 BC 79 9E 2C 7E
[666414][05:03:40.443]7E FF 02 FF A6 67 30 60 7D 06 6D 01 8D 69 A0 FA 01 22 0D 10 00 01 00 02 69 7F 94 00 01 80 0D 00 A7 01 00 00 2D 5D 45 06 AE B6 46 7E
[666415][05:03:40.459]7E FF 02 FF A7 67 34 60 7D 06 A2 02 6A 13 A3 FA 00 39 00 54 00 01 00 01 69 7F 94 03 C1 13 01 D6 12 40 E4 00 CB 56 40 90 00 01 00 0A 07 1A 00 1C 70 DF 04 00 33 00 00 03 00 00 00 09 00 03 01 00 00 00 00 00 00 00 00 30 00 00 01 0E 00 00 00 39 00 00 00 D7 80 DF EC 00 00 00 00 00 00 00 00 00 00 00 00 00 00 00 00 00 00 00 00 68 EB DE FC 7E
[666416][05:03:40.505]7E FF 02 FF A8 67 D8 60 7D 06 AC 03 C4 9E BB FA 00 39 00 10 00 01 00 03 69 7F 94 F0 0C 0F 16 00 00 00 10 02 92 76 F4 BD C4 C1 2D 7E
[666417][05:03:40.550]7E FF 02 FF A9 67 DF 60 7D 06 6A 03 93 3C BE FA 00 38 01 14 01 01 00 01 69 7F 94 21 F0 FF 01 E5 14 EB C2 00 CB E5 A6 10 02 FF 2F 01 BF 79 00 84 78 01 04 00 33 00 00 08 00 00 00 21 B0 00 22 30 00 09 05 35 35 20 00 00 12 74 72 39 00 00 00 2F 00 09 01 0E 00 2F 00 00 00 00 00 0B 30 00 02 00 08 18 00 04 00 00 22 09 10 48 24 00 00 41 00 00 00 10 00 40 00 01 00 10 64 08 11 23 40 08 04 00 40 00 20 50 30 94 02 81 00 00 10 0C 04 05 01 01 03 01 02 01 02 01 01 04 03 01 03 02 01 05 01 01 03 03 01 03 01 03 04 04 01 01 03 01 02 04 01 02 02 02 04 02 03 03 02 02 01 04 02 10 D9 A5 E7 00 00 00 00 00 00 00 00 00 00 00 00 00 00 00 00 00 00 00 00 00 00 00 00 00 00 00 00 00 00 00 00 00 00 00 00 00 00 00 00 00 00 00 00 00 00 00 00 00 00 00 00 00 00 00 00 00 00 00 00 00 00 00 00 00 00 00 00 00 00 00 00 00 00 00 00 00 00 00 00 00 00 00 00 00 00 00 00 00 00 00 00 00 00 00 00 00 00 00 00 00 00 00 00 00 00 00 00 9E CA 8E D1 7E
[666418][05:03:40.581]7E FF 02 FF AA 67 06 61 7D 06 F2 02 9E 11 CD FA 00 29 02 94 00 01 00 01 69 7F 94 87 F0 FF 01 C1 12 79 42 00 51 0E 17 70 08 FF 2F 01 77 06 00 64 78 FF 08 00 33 00 00 70 00 00 68 35 16 FF FF FF FF FF FF 08 00 00 00 87 10 00 12 70 00 00 68 35 16 20 00 00 12 74 72 37 08 53 64 0F 00 3E 01 0D 02 2F 00 51 00 00 00 01 30 0A 00 00 00 03 00 00 00 00 00 00 00 00 00 00 00 00 00 00 00 00 00 08 00 00 00 00 00 00 00 00 00 04 68 01 00 20 10 00 00 01 04 00 00 00 00 10 3E 03 05 05 0F 03 03 11 02 08 03 07 35 04 02 18 BE 8E 9D 11 B7 E8 36 7E
[666419][05:03:40.581]7E FF 02 FF AB 67 23 61 7D 06 3E 01 6D FC D7 FA 00 29 02 10 00 01 00 02 69 7F 94 10 2E C0 13 01 05 00 00 00 06 18 5F E2 05 59 E8 7E
[666420][05:03:40.657]7E FF 02 FF AC 67 F6 60 7D 06 51 03 38 27 ED FA 00 FE 03 54 00 01 00 01 69 7F 94 01 B0 00 03 B6 12 40 E0 00 91 50 0B 10 00 03 00 0A 39 2F 30 10 88 FF 00 00 33 00 00 11 A1 00 00 01 23 72 0C 30 00 09 05 35 34 03 02 6A 08 88 00 00 00 00 00 00 00 00 00 00 00 00 00 00 00 00 00 00 00 00 00 00 00 00 00 00 00 00 00 00 00 00 00 51 58 DD 98 7E
[666421][05:03:40.688]7E FF 02 FF AD 67 7F 61 7D 06 BB 01 F4 1C FB FA 00 FD 03 54 00 01 00 01 69 7F 94 01 B0 00 03 B6 12 40 E4 00 80 52 8F 10 00 03 00 0A 39 2F 30 10 88 FF 00 00 33 00 00 11 A1 00 00 01 23 72 0C 30 00 09 05 35 34 03 02 6A 08 88 00 00 00 00 00 00 00 00 00 00 00 00 00 00 00 00 00 00 00 00 00 00 00 00 00 00 00 00 00 00 00 00 00 8C A0 C7 FE 7E
[666422][05:03:40.719]7E FF 02 FF AE 67 A2 61 7D 06 E9 02 E1 92 08 FB 00 FE 03 54 00 01 00 01 69 7F 94 01 B0 00 03 B6 12 40 E4 00 80 52 8F 10 00 03 00 0A 39 2F 30 10 88 FF 00 00 33 00 00 11 A1 00 00 01 23 72 0C 30 00 09 05 35 34 03 02 6A 08 88 00 00 00 00 00 00 00 00 00 00 00 00 00 00 00 00 00 00 00 00 00 00 00 00 00 00 00 00 00 00 00 00 00 97 BA 27 A3 7E
[666423][05:03:40.750]7E FF 02 FF AF 67 58 61 7D 06 5A 00 39 3E 12 FB 00 36 00 54 00 01 00 01 69 7F 94 2E 30 08 01 D6 12 40 E0 00 FA C0 B8 40 14 01 00 0A B3 33 00 1C 08 DF 04 00 33 00 00 03 00 00 00 44 01 2E 00 00 00 00 00 00 00 00 00 3D 01 00 01 04 00 00 00 39 00 00 00 0B 55 30 40 00 00 00 00 00 00 00 00 00 00 00 00 00 00 00 00 00 00 00 00 6E 67 06 2F 7E
[666424][05:03:40.766]7E FF 02 FF B0 67 CF 61 7D 06 D1 01 ED A7 19 FB 00 36 00 10 00 01 00 02 69 7F 94 10 D8 30 08 01 0D 00 00 00 CD D9 64 60 C0 58 74 7E
[666425][05:03:40.781]7E FF 02 FF B1 67 DE 61 7D 06 B7 00 8B 3A 1E FB 01 22 0C 10 00 01 00 02 69 7F 94 00 01 80 0D 00 A6 01 00 00 3C 1D C1 E6 03 1A 92 7E
[666426][05:03:40.826]7E FF 02 FF B2 67 F7 61 7D 06 92 01 43 46 27 FB 01 23 10 94 00 01 00 01 69 7F 94 01 80 0D 01 E8 30 00 10 00 0E B5 D2 10 00 D8 00 0A 3C 2F 00 34 88 FF 08 00 33 00 00 20 00 00 12 74 72 30 00 15 61 49 26 05 00 00 00 00 00 00 00 44 01 2E 00 04 00 00 00 18 7E 00 00 00 00 00 00 30 00 09 03 55 13 20 00 00 12 74 72 0A 04 6D 21 2E 00 01 01 11 82 06 45 E1 93 04 00 74 AF D8 5F 00 00 00 00 00 00 00 00 00 00 00 00 00 00 00 00 00 00 00 00 00 00 00 00 00 00 00 00 00 00 00 00 00 00 00 00 00 00 00 00 00 00 00 00 00 00 00 00 F3 80 E9 41 7E
[666427][05:03:40.841]7E FF 02 FF B3 67 0B 62 7D 06 1A 00 E6 59 30 FB 00 36 00 94 00 01 00 01 69 7F 94 D8 30 08 01 EF 12 3D 60 00 6F 1C 55 80 0D 83 00 00 26 41 00 34 10 FF 08 00 33 00 00 30 00 15 61 49 26 30 00 09 04 54 46 05 00 00 00 00 00 00 00 44 01 2E 00 04 00 00 00 18 7E 00 00 00 00 00 00 30 00 09 03 55 13 20 00 00 12 74 72 0A 04 6D 21 2E 00 01 01 11 82 06 45 E1 93 04 00 74 AF D8 5F 00 00 00 00 00 00 00 00 00 00 00 00 00 00 00 00 00 00 00 00 00 00 00 00 00 00 00 00 00 00 00 00 00 00 00 00 00 00 00 00 00 00 00 00 00 00 00 00 58 E6 29 8B 7E
[666428][05:03:40.857]7E FF 02 FF B4 67 BA 61 7D 06 5C 02 75 D2 37 FB 00 FD 03 54 00 01 00 01 69 7F 94 01 B0 00 03 B6 12 40 E4 00 80 52 8F 10 00 03 00 0A 39 2F 30 10 88 FF 00 00 33 00 00 11 A1 00 00 01 23 72 0C 30 00 09 05 35 34 03 02 6A 08 88 00 00 00 00 00 00 00 00 00 00 00 00 00 00 00 00 00 00 00 00 00 00 00 00 00 00 00 00 00 00 00 00 00 C1 BF A3 78 7E
[666429][05:03:40.948]7E FF 02 FF B5 67 10 62 7D 06 49 01 98 87 58 FB 00 39 01 94 00 01 00 01 69 7F 94 21 B0 00 01 FC 13 79 44 00 2C 52 BC 10 02 01 00 04 C0 79 00 5C 78 EF 0C 00 33 00 00 30 00 09 05 35 35 20 00 00 12 74 72 00 00 00 00 30 00 09 05 37 10 21 00 00 00 00 00 00 00 00 00 39 03 00 01 80 01 25 45 E8 07 02 12 09 23 07 03 01 00 01 01 00 02 02 00 0D 00 00 09 03 31 17 6E 54 4E 59 58 12 00 12 00 00 00 00 00 0B 00 00 00 6D 06 1C A4 29 9C 8C BE B5 9E 1A 00 00 31 44 59 58 03 FB C1 01 9C 02 01 F4 B4 13 62 00 00 00 00 00 00 00 00 29 4E 7A 2E 7E
[666430][05:03:40.964]7E FF 02 FF B6 67 1F 62 7D 06 DE 01 C2 4D 5E FB 00 37 00 94 00 01 00 01 69 7F 94 02 F0 FF 01 99 12 79 42 00 C1 18 45 20 00 FF 2F 01 8F 87 00 70 78 01 04 00 33 00 00 08 00 00 00 02 00 03 21 30 00 09 05 35 39 20 00 00 12 74 72 39 00 00 00 1B 00 08 01 0E 00 2F 00 00 00 00 00 30 30 4A 01 02 00 1A 84 20 00 00 00 00 00 40 0C 00 00 C0 00 00 00 00 00 00 00 00 00 10 04 00 20 20 00 00 00 00 00 00 00 80 30 80 00 40 00 00 01 04 01 04 02 01 01 01 02 02 02 04 01 01 01 02 01 01 02 01 01 01 04 01 01 01 01 01 01 5E 06 82 9D 97 9C 0C 6B 7E
[666431][05:03:40.964]7E FF 02 FF B7 67 98 62 7D 06 6C 03 B9 76 66 FB 00 FD 03 54 00 01 00 01 69 7F 94 01 B0 00 03 B6 12 40 E4 00 80 52 8F 10 00 03 00 0A 39 2F 30 10 88 FF 00 00 33 00 00 11 A1 00 00 01 23 72 0C 30 00 09 05 35 34 03 02 6A 08 88 00 00 00 00 00 00 00 00 00 00 00 00 00 00 00 00 00 00 00 00 00 00 00 00 00 00 00 00 00 00 00 00 00 E6 F1 35 1D 7E
[666432][05:03:41.024]7E FF 02 FF B8 67 CD 62 7D 06 8E 02 F3 9B 7A FB 00 37 00 94 00 01 00 01 69 7F 94 21 B0 00 01 FC 13 79 44 00 2C 52 BC 10 02 01 00 04 C0 79 00 5C 78 EF 0C 00 33 00 00 30 00 09 05 35 35 20 00 00 12 74 72 00 00 00 00 30 00 09 05 37 10 21 00 00 00 00 00 00 00 00 00 39 03 00 01 80 01 25 45 E8 07 02 12 09 23 07 03 01 00 01 01 00 02 02 00 0D 00 00 09 03 31 17 6E 54 4E 59 58 12 00 12 00 00 00 00 00 0B 00 00 00 6D 06 1C A4 29 9C 8C BE B5 9E 1A 00 00 31 44 59 58 03 FB C1 01 9C 02 01 F4 B4 13 62 00 00 00 00 00 00 00 00 49 50 1D 24 7E
[666433][05:03:41.099]7E FF 02 FF B9 67 00 63 7D 06 51 03 C9 21 8E FB 00 37 00 14 01 01 00 01 69 7F 94 49 F0 FF 01 E5 14 EB C2 00 AE E5 92 90 04 FF 2F 01 F3 C8 00 A4 70 01 04 00 33 00 00 08 00 00 00 49 50 0F 51 30 00 09 03 55 07 20 00 00 12 74 72 39 1C 0E 28 4F 00 08 01 10 00 2F 00 00 00 00 00 F5 30 0A 42 02 08 0A C4 00 00 00 20 89 10 09 64 00 00 4C 08 00 00 34 08 54 00 44 10 32 2C 0A 39 7F C4 08 04 00 40 02 A0 70 30 B0 0A C1 00 00 10 0C 01 01 01 02 02 02 01 01 01 03 03 02 01 01 01 05 03 01 05 02 04 01 03 01 05 01 03 02 01 04 04 01 06 02 02 05 03 02 05 04 03 05 02 01 02 04 06 05 01 01 06 01 06 01 02 03 02 01 02 04 01 04 01 06 02 02 05 04 02 02 02 02 03 05 02 02 01 02 02 1B 6D 7A F5 00 00 00 00 00 00 00 00 00 00 00 00 00 00 00 00 00 00 00 00 00 00 00 00 00 00 00 00 00 00 00 00 00 00 00 00 00 00 00 00 00 00 00 00 00 00 00 00 00 00 00 00 00 00 00 00 00 00 00 00 00 00 00 00 00 00 00 00 00 00 00 00 00 00 00 00 F2 EE 53 BB 7E
[666434][05:03:41.099]7E FF 02 FF BA 67 13 63 7D 06 3B 03 83 63 95 FB 00 37 00 10 00 01 00 02 69 7F 94 10 2E D0 06 01 E1 00 00 00 87 AB 45 A7 01 B4 B4 7E
[666435][05:03:41.130]7E FF 02 FF BB 67 39 63 7D 06 46 02 2F C5 A3 FB 00 FE 03 54 00 01 00 01 69 7F 94 01 B0 00 03 B6 12 40 E4 00 80 52 8F 10 00 03 00 0A 39 2F 30 10 88 FF 00 00 33 00 00 11 A1 00 00 01 23 72 0C 30 00 09 05 35 34 03 02 6A 08 88 00 00 00 00 00 00 00 00 00 00 00 00 00 00 00 00 00 00 00 00 00 00 00 00 00 00 00 00 00 00 00 00 00 5F BE A1 45 7E
[666436][05:03:41.206]7E FF 02 FF BC 67 78 63 7D 06 95 03 40 EF BB FB 00 39 01 94 00 01 00 01 69 7F 94 21 B0 00 01 FC 13 79 44 00 2C 52 BC 10 02 01 00 04 C0 79 00 5C 78 EF 0C 00 33 00 00 30 00 09 05 35 35 20 00 00 12 74 72 00 00 00 00 30 00 09 05 37 10 21 00 00 00 00 00 00 00 00 00 39 03 00 01 80 01 25 45 E8 07 02 12 09 23 07 03 01 00 01 01 00 02 02 00 0D 00 00 09 03 31 17 6E 54 4E 59 58 12 00 12 00 00 00 00 00 0B 00 00 00 6D 06 1C A4 29 9C 8C BE B5 9E 1A 00 00 31 44 59 58 03 FB C1 01 9C 02 01 F4 B4 13 62 00 00 00 00 00 00 00 00 7A 0F AE 99 7E
[666437][05:03:41.206]7E FF 02 FF BD 67 8F 63 7D 06 A6 03 73 BB C4 FB 00 39 01 10 00 01 00 02 69 7F 94 10 2E C0 13 01 1A 00 00 00 F7 D9 DC 7C 9C E7 2B 7E
[666438][05:03:41.222]7E FF 02 FF BE 67 9B 63 7D 06 1D 01 81 10 C9 FB 00 39 01 10 00 01 00 02 69 7F 94 10 2E C0 13 01 1B 00 00 00 E6 99 58 9C FE 5B 75 7E
[666439][05:03:41.270]7E FF 02 FF BF 67 CA 63 7D 06 DD 02 8E 2B DB FB 00 39 01 10 00 01 00 02 69 7F 94 10 2E C0 13 01 00 00 00 00 56 58 5E E1 36 E3 C4 7E
[666440][05:03:41.285]7E FF 02 FF C0 67 CE 63 7D 06 B0 01 08 8D DC FB 00 FE 03 54 00 01 00 01 69 7F 94 01 B0 00 03 B6 12 40 E4 00 80 52 8F 10 00 03 00 0A 39 2F 30 10 88 FF 00 00 33 00 00 11 A1 00 00 01 23 72 0C 30 00 09 05 35 34 03 02 6A 08 88 00 00 00 00 00 00 00 00 00 00 00 00 00 00 00 00 00 00 00 00 00 00 00 00 00 00 00 00 00 00 00 00 00 81 38 FD 7C 7E
[666441][05:03:41.285]7E FF 02 FF C1 67 E1 63 7D 06 EC 01 40 D8 E3 FB 00 FE 03 10 00 01 00 02 69 7F 94 10 2E F0 0A 01 E1 00 00 00 8D E9 C5 33 7E 5E A5 7E
[666442][05:03:41.376]7E FF 02 FF C3 67 B4 63 7D 06 CF 00 4F B7 F8 FB 00 FE 03 10 00 01 00 02 69 7F 94 01 2E 20 0A 01 09 00 00 00 AA 31 FD 0C 2E F2 86 7E
[666443][05:03:41.376]7E FF 02 FF C4 67 B8 63 7D 06 31 00 7C 29 FA FB 00 35 00 14 01 01 00 01 69 7F 94 D8 30 08 03 14 14 76 B0 00 24 A9 18 10 00 57 00 03 3D 2F 30 74 88 EF 00 00 33 00 00 11 03 00 00 01 02 83 06 14 35 28 0A FE FE FE FE 68 62 00 43 05 39 92 04 09 00 30 10 1B 86 10 00 3E 05 03 2C 50 02 02 00 01 20 21 02 00 1C 07 EA 06 1E 01 2D 00 08 00 20 21 02 00 00 20 01 04 00 00 20 00 02 00 00 20 01 02 00 00 20 04 02 00 00 20 0A 02 00 00 00 10 02 01 00 00 20 02 01 00 01 10 F0 D5 56 98 83 8E 08 15 8F 01 3B 87 D4 9A 8C D7 8E 15 16 AF A2 4D A5 00 00 00 00 00 00 00 00 00 00 00 00 00 00 00 00 00 00 00 00 00 00 00 00 00 00 00 00 00 00 00 00 00 00 00 00 00 00 00 00 00 00 00 00 00 00 00 00 00 00 00 00 00 00 00 00 00 00 00 00 00 00 00 00 00 00 00 00 00 00 00 00 00 00 00 00 00 00 00 00 00 00 00 00 00 00 00 00 00 00 00 00 00 00 00 00 00 00 00 00 00 00 00 00 00 00 00 00 00 00 00 00 00 00 00 00 00 00 00 00 00 00 00 00 B4 AF 26 2D 7E
[666444][05:03:41.391]7E FF 02 FF C5 67 4A 64 7D 06 D4 03 73 17 0C FC 00 35 00 10 00 01 00 02 69 7F 94 10 2E 70 14 01 F4 00 00 00 7B DB 16 48 AE 54 AF 7E
[666445][05:03:41.437]7E FF 02 FF C6 67 15 64 7D 06 12 02 3C D8 1D FC 00 35 00 10 00 01 00 02 69 7F 94 01 2E 30 08 01 0A 00 00 00 9E F1 BD 1F 2A AD C9 7E
[666446][05:03:41.468]7E FF 02 FF C7 67 8E 64 7D 06 F3 02 05 EB 25 FC 00 FE 03 54 00 01 00 01 69 7F 94 01 B0 00 03 B6 12 40 E4 00 80 52 8F 10 00 03 00 0A 39 2F 30 10 88 FF 00 00 33 00 00 11 A1 00 00 01 23 72 0C 30 00 09 05 35 34 03 02 6A 08 88 00 00 00 00 00 00 00 00 00 00 00 00 00 00 00 00 00 00 00 00 00 00 00 00 00 00 00 00 00 00 00 00 00 CC 14 A9 CD 7E
[666447][05:03:41.499]7E FF 02 FF C8 67 AC 64 7D 06 A0 02 FC 59 31 FC 00 FE 03 10 00 01 00 02 69 7F 94 10 2E C0 13 01 17 00 00 00 26 99 5B 6C 7D 99 98 7E
[666448][05:03:41.589]7E FF 02 FF C9 67 06 65 7D 06 31 00 31 6F 53 FC 00 FD 03 54 00 01 00 01 69 7F 94 01 B0 00 03 B6 12 40 E4 00 80 52 8F 10 00 03 00 0A 39 2F 30 10 88 FF 00 00 33 00 00 11 A1 00 00 01 23 72 0C 30 00 09 05 35 34 03 02 6A 08 88 00 00 00 00 00 00 00 00 00 00 00 00 00 00 00 00 00 00 00 00 00 00 00 00 00 00 00 00 00 00 00 00 00 9A 99 68 D0 7E
[666449][05:03:41.664]7E FF 02 FF CA 67 E8 64 7D 06 28 00 E9 21 6E FC 00 3C 00 54 00 01 00 01 69 7F 94 2E 30 08 01 D6 12 40 E4 00 EB C2 3C 00 15 01 00 0A 4D 37 00 1C 78 BF 04 00 33 00 00 03 00 00 00 50 01 5C 00 00 00 00 00 00 00 00 00 2E 00 00 01 0B 00 00 00 39 00 00 00 CC 74 03 F0 00 00 00 00 00 00 00 00 00 00 00 00 00 00 00 00 00 00 00 00 52 57 FD 6A 7E
[666450][05:03:41.770]7E FF 02 FF CB 67 C0 65 7D 06 6C 00 E0 6D 9A FC 00 3C 00 10 00 01 00 02 69 7F 94 10 D8 30 08 01 0E 00 00 00 FD 19 64 B4 6B 49 2E 7E
[666451][05:03:41.784]7E FF 02 FF CC 67 CE 65 7D 06 41 03 9E FE 9E FC 01 23 0C 10 00 01 00 02 69 7F 94 00 01 80 0D 00 A8 01 00 00 DD 9D 46 59 74 F1 6B 7E
[666452][05:03:41.875]7E FF 02 FF CD 67 2D 66 7D 06 BE 03 83 55 C4 FC 00 3C 00 10 00 01 00 02 69 7F 94 10 D8 10 0D 01 00 00 00 00 55 91 C6 7D C8 76 50 7E
[666453][05:03:41.921]7E FF 02 FF CE 67 4F 66 7D 06 9C 00 3D F9 D0 FC 00 3C 01 94 00 01 00 01 69 7F 94 03 F0 FF 01 99 12 79 42 00 C1 18 D1 30 00 FF 2F 01 34 DD 00 6E 78 01 04 00 33 00 00 08 00 00 00 03 B0 00 21 30 00 09 05 35 34 20 00 00 12 74 72 39 00 00 00 19 00 08 01 0E 00 2F 00 00 00 00 00 0B 30 44 00 00 08 0A C4 04 00 00 02 00 00 40 04 00 00 81 00 00 00 00 00 04 00 00 00 10 00 00 11 00 00 08 00 00 40 02 00 80 00 10 00 00 00 00 10 08 06 01 04 01 04 03 01 07 04 01 04 03 01 01 01 01 02 02 03 01 01 02 04 03 02 8B D8 3E 05 00 00 92 45 D2 A5 7E
[666454][05:03:41.952]7E FF 02 FF CF 67 14 66 7D 06 8A 01 A0 B8 E0 FC 00 3C 01 10 00 01 00 02 69 7F 94 10 D8 10 0D 01 00 00 00 00 55 91 C6 A1 5B E8 5C 7E
[666455][05:03:42.118]7E FF 02 FF D0 67 0E 67 7D 06 75 01 0F EB 19 FD 00 35 00 94 00 01 00 01 69 7F 94 21 B0 00 01 FC 13 79 44 00 2C 52 BC 10 02 01 00 04 C2 79 00 5C 78 EF 0C 00 33 00 00 30 00 09 05 35 35 20 00 00 12 74 72 00 00 00 00 30 00 09 05 35 41 21 00 00 00 00 00 00 00 00 00 39 03 00 01 91 84 24 45 E8 07 02 12 09 23 07 03 01 00 01 01 00 02 02 00 0D 00 00 09 03 31 17 6E 54 4E 59 58 0F 00 0F 00 00 00 00 00 03 00 00 00 8B E2 0C 9E 2D 40 A2 AC A5 A1 1B 00 00 31 44 59 58 03 FB C1 01 9C 02 01 A6 5B F9 E8 00 00 00 00 00 00 00 00 E2 A6 68 3D 7E
[666456][05:03:42.179]7E FF 02 FF D1 67 42 67 7D 06 3F 02 47 D3 2D FD 00 38 00 94 00 01 00 01 69 7F 94 21 B0 00 01 FC 13 79 44 00 2C 52 BC 10 02 01 00 04 C2 79 00 5C 78 EF 0C 00 33 00 00 30 00 09 05 35 35 20 00 00 12 74 72 00 00 00 00 30 00 09 05 35 41 21 00 00 00 00 00 00 00 00 00 39 03 00 01 91 84 24 45 E8 07 02 12 09 23 07 03 01 00 01 01 00 02 02 00 0D 00 00 09 03 31 17 6E 54 4E 59 58 0F 00 0F 00 00 00 00 00 03 00 00 00 8B E2 0C 9E 2D 40 A2 AC A5 A1 1B 00 00 31 44 59 58 03 FB C1 01 9C 02 01 A6 5B F9 E8 00 00 00 00 00 00 00 00 98 69 8E 3B 7E
[666457][05:03:42.194]7E FF 02 FF D2 67 64 67 7D 06 B6 03 C2 F5 3A FD 00 38 00 10 00 01 00 02 69 7F 94 10 2E 60 11 01 11 00 00 00 EF AC 88 96 A6 49 07 7E
[666458][05:03:42.225]7E FF 02 FF D3 67 6F 67 7D 06 61 03 A1 1A 3F FD 00 37 01 94 00 01 00 01 69 7F 94 21 B0 00 01 FC 13 79 44 00 2C 52 BC 10 02 01 00 04 C2 79 00 5C 78 EF 0C 00 33 00 00 30 00 09 05 35 35 20 00 00 12 74 72 00 00 00 00 30 00 09 05 35 41 21 00 00 00 00 00 00 00 00 00 39 03 00 01 91 84 24 45 E8 07 02 12 09 23 07 03 01 00 01 01 00 02 02 00 0D 00 00 09 03 31 17 6E 54 4E 59 58 0F 00 0F 00 00 00 00 00 03 00 00 00 8B E2 0C 9E 2D 40 A2 AC A5 A1 1B 00 00 31 44 59 58 03 FB C1 01 9C 02 01 A6 5B F9 E8 00 00 00 00 00 00 00 00 46 E6 84 AD 7E
[666459][05:03:42.286]7E FF 02 FF D4 67 B7 67 7D 06 33 01 45 5C 5A FD 00 3A 00 54 00 01 00 01 69 7F 94 23 C0 0E 01 D6 12 40 E4 00 21 EA 76 30 02 01 00 0A 36 7B 00 1C 70 EF 04 00 33 00 00 03 00 00 00 23 00 EC 00 00 00 00 00 00 00 00 00 30 00 00 01 19 00 00 00 39 00 00 00 3B DD 3D 21 00 00 00 00 00 00 00 00 00 00 00 00 00 00 00 00 00 00 00 00 BE 1C 33 B7 7E
[666460][05:03:42.317]7E FF 02 FF D5 67 89 67 7D 06 5B 00 1A E5 6E FD 00 3A 00 10 00 01 00 02 69 7F 94 10 D8 30 08 01 0D 00 00 00 CD D9 64 33 5B 6D E1 7E
[666461][05:03:42.392]7E FF 02 FF D6 67 30 68 7D 06 98 03 16 C7 88 FD 00 3A 00 10 00 01 00 02 69 7F 94 10 D8 10 0D 01 01 00 00 00 44 D1 42 DA E1 C1 76 7E
[666462][05:03:42.392]7E FF 02 FF D7 67 36 68 7D 06 2C 03 B4 04 8B FD 00 3A 00 10 00 01 00 03 69 7F 94 F0 0C B1 0E 00 00 00 10 02 4A CB 25 92 D8 0D 8E 7E
[666463][05:03:42.423]7E FF 02 FF D8 67 41 68 7D 06 74 01 59 06 8F FD 00 37 01 94 00 01 00 01 69 7F 94 21 B0 00 01 FC 13 79 40 00 3D 50 38 10 02 0B 00 04 C6 79 00 3B 78 EF 04 00 33 00 00 07 00 00 00 21 00 21 00 6C 00 2F 00 4E 03 02 08 1A E4 24 00 00 22 A9 10 48 65 00 00 C5 08 04 00 30 01 54 00 05 00 12 E5 0E 31 7F C4 08 04 80 48 82 20 F6 70 B4 0A C1 00 00 10 0C 3E 1F 43 A1 00 00 00 00 00 00 00 00 00 00 00 00 00 00 00 00 00 00 00 00 00 00 00 00 00 00 00 00 00 00 00 00 00 00 00 00 00 00 00 00 00 00 00 00 00 00 00 00 00 00 00 00 00 62 87 89 4D 7E
[666464][05:03:42.439]7E FF 02 FF D9 67 EF 67 7D 06 D0 00 F4 D3 95 FD 00 33 00 54 00 01 00 01 69 7F 94 2E 30 08 01 D6 12 40 E0 00 FA C0 B8 30 05 01 00 0A EA 9C 00 1C 00 CF 04 00 33 00 00 03 00 00 00 53 00 6D 00 00 00 00 00 00 00 00 00 2E 00 00 01 09 00 00 00 39 00 00 00 0F 8C 0B 47 00 00 00 00 00 00 00 00 00 00 00 00 00 00 00 00 00 00 00 00 83 A1 AD 8F 7E
[666465][05:03:42.470]7E FF 02 FF DA 67 78 68 7D 06 BA 02 94 26 A4 FD 00 33 00 10 00 01 00 02 69 7F 94 01 2E 80 0C 01 FD 00 00 00 43 AA 96 30 1A 0B 3E 7E
[666466][05:03:42.561]7E FF 02 FF DB 67 68 68 7D 06 28 01 1F 06 C4 FD 00 3B 00 54 00 01 00 01 69 7F 94 2E 30 08 01 D6 12 40 E4 00 EB C2 3C 30 05 01 00 0A EA 9C 00 1C 00 CF 04 00 33 00 00 03 00 00 00 53 00 6D 00 00 00 00 00 00 00 00 00 2E 00 00 01 09 00 00 00 39 00 00 00 0F 8C 0B 47 00 00 00 00 00 00 00 00 00 00 00 00 00 00 00 00 00 00 00 00 0D 48 8A 0D 7E
[666467][05:03:42.576]7E FF 02 FF DC 67 D3 68 7D 06 DC 02 24 DB C6 FD 00 38 01 94 00 01 00 01 69 7F 94 21 B0 00 01 FC 13 79 44 00 2C 52 BC 10 02 0B 00 04 C6 79 00 3B 78 EF 04 00 33 00 00 07 00 00 00 21 00 21 00 6C 00 2F 00 4E 03 02 08 1A E4 24 00 00 22 A9 10 48 65 00 00 C5 08 04 00 30 01 54 00 05 00 12 E5 0E 31 7F C4 08 04 80 48 82 20 F6 70 B4 0A C1 00 00 10 0C 3E 1F 43 A1 00 00 00 00 00 00 00 00 00 00 00 00 00 00 00 00 00 00 00 00 00 00 00 00 00 00 00 00 00 00 00 00 00 00 00 00 00 00 00 00 00 00 00 00 00 00 00 00 00 00 00 00 00 ED E1 9A 9F 7E
[666468][05:03:42.607]7E FF 02 FF DD 67 DB 68 7D 06 43 02 52 D8 C9 FD 00 38 00 14 01 01 00 01 69 7F 94 2E F0 FF 01 E5 14 EB C2 00 C4 E5 56 E0 02 FF 2F 01 A0 15 00 72 70 01 04 00 33 00 00 08 00 00 00 2E 30 08 32 30 00 09 04 16 28 20 00 00 12 74 72 39 03 00 00 1E 00 0A 01 0E 00 2E 00 00 00 00 00 83 30 00 40 02 00 12 00 00 00 00 00 00 00 00 05 00 00 89 00 00 00 00 00 04 00 04 12 02 C5 00 00 2C 00 02 00 00 44 80 00 10 50 00 08 00 00 00 01 01 01 02 01 02 02 01 01 01 01 01 01 01 02 01 01 01 05 01 01 01 02 01 01 02 01 01 02 01 01 FD 12 A1 2E 00 00 00 00 00 00 00 00 00 00 00 00 00 00 00 00 00 00 00 00 00 00 00 00 00 00 00 00 00 00 00 00 00 00 00 00 00 00 00 00 00 00 00 00 00 00 00 00 00 00 00 00 00 00 00 00 00 00 00 00 00 00 00 00 00 00 00 00 00 00 00 00 00 00 00 00 00 00 00 00 00 00 00 00 00 00 00 00 00 00 00 00 00 00 00 00 00 00 00 00 00 00 00 00 00 00 00 00 00 00 00 00 00 00 00 00 00 00 00 00 00 00 00 00 00 00 64 11 EB 94 7E
[666469][05:03:42.623]7E FF 02 FF DE 67 EC 68 7D 06 A4 01 61 45 D0 FD 00 37 00 94 00 01 00 01 69 7F 94 02 F0 FF 01 99 12 79 42 00 C1 18 45 20 00 FF 2F 01 90 87 00 70 78 01 04 00 33 00 00 08 00 00 00 02 00 03 21 30 00 09 05 35 39 20 00 00 12 74 72 39 00 00 00 1B 00 08 01 0C 00 2F 00 00 00 00 00 30 30 4A 01 02 00 1A 84 20 00 00 00 00 00 40 0C 00 00 C0 00 00 00 00 00 00 00 00 00 10 04 00 20 20 00 00 00 00 00 00 00 80 30 80 00 40 00 00 01 04 01 04 02 01 01 01 02 02 02 04 01 01 01 02 01 01 02 01 01 01 04 01 01 01 01 01 01 C0 47 85 29 F0 90 0E 44 7E
[666470][05:03:42.623]7E FF 02 FF DF 67 FE 68 7D 06 94 00 3C 0F D7 FD 00 37 00 10 00 01 00 02 69 7F 94 10 2E 30 0C 01 09 00 00 00 BD 10 21 36 F1 9C E7 7E
[666471][05:03:42.670]7E FF 02 FF E0 67 B8 68 7D 06 51 00 45 74 E2 FD 00 39 00 14 01 01 00 01 69 7F 94 49 F0 FF 01 E5 14 EB C2 00 AE E5 92 90 04 FF 2F 01 F4 C8 00 A4 70 01 04 00 33 00 00 08 00 00 00 49 50 0F 51 30 00 09 03 55 07 20 00 00 12 74 72 39 1C 0E 28 4F 00 08 01 0F 00 2F 00 00 00 00 00 F5 30 0A 42 02 08 0A C4 00 00 00 20 89 10 09 64 00 00 4C 08 00 00 34 08 54 00 44 10 32 2C 0A 39 7F C4 08 04 00 40 02 A0 70 30 B0 0A C1 00 00 10 0C 01 01 01 02 02 02 01 01 01 03 03 02 01 01 01 05 03 01 05 02 04 01 03 01 05 01 03 02 01 04 04 01 06 02 02 05 03 02 05 04 03 05 02 01 02 04 06 05 01 01 06 01 06 01 02 03 02 01 02 04 01 04 01 06 02 02 05 04 02 02 02 02 03 05 02 02 01 02 02 CE 7A 35 2A 00 00 00 00 00 00 00 00 00 00 00 00 00 00 00 00 00 00 00 00 00 00 00 00 00 00 00 00 00 00 00 00 00 00 00 00 00 00 00 00 00 00 00 00 00 00 00 00 00 00 00 00 00 00 00 00 00 00 00 00 00 00 00 00 00 00 00 00 00 00 00 00 00 00 00 00 A9 C6 D2 E0 7E
[666472][05:03:42.670]7E FF 02 FF E1 67 D0 68 7D 06 F5 00 EA AB EB FD 00 FD 03 54 00 01 00 01 69 7F 94 01 B0 00 03 B6 12 40 E4 00 80 52 8F 10 00 03 00 0A 39 2F 30 10 88 FF 00 00 33 00 00 11 A1 00 00 01 23 72 0C 30 00 09 05 35 34 03 02 6A 08 88 00 00 00 00 00 00 00 00 00 00 00 00 00 00 00 00 00 00 00 00 00 00 00 00 00 00 00 00 00 00 00 00 00 41 8A 2A C2 7E
[666473][05:03:42.685]7E FF 02 FF E2 67 52 69 7D 06 CD 00 BC 20 F7 FD 00 FD 03 10 00 01 00 02 69 7F 94 10 D8 30 08 01 0D 00 00 00 CD D9 64 F4 BA 6E 36 7E
[666474][05:03:42.702]7E FF 02 FF E3 67 54 69 7D 06 13 01 77 E4 F7 FD 00 3A 00 94 00 01 00 01 69 7F 94 21 B0 00 01 FC 13 79 44 00 2C 52 BC 10 02 0B 00 04 C6 79 00 3B 78 EF 04 00 33 00 00 07 00 00 00 21 00 21 00 6C 00 2F 00 4E 03 02 08 1A E4 24 00 00 22 A9 10 48 65 00 00 C5 08 04 00 30 01 54 00 05 00 12 E5 0E 31 7F C4 08 04 80 48 82 20 F6 70 B4 0A C1 00 00 10 0C 3E 1F 43 A1 00 00 00 00 00 00 00 00 00 00 00 00 00 00 00 00 00 00 00 00 00 00 00 00 00 00 00 00 00 00 00 00 00 00 00 00 00 00 00 00 00 00 00 00 00 00 00 00 00 00 00 00 00 49 B4 5A 80 7E
[666475][05:03:42.702]7E FF 02 FF E4 67 60 69 7D 06 90 03 9B B0 FB FD 01 22 0D 10 00 01 00 02 69 7F 94 00 01 80 0D 00 A7 00 00 00 2C 4D 81 D3 96 13 1D 7E
[666476][05:03:42.777]7E FF 02 FF E5 67 A1 69 7D 06 40 03 6D 79 15 FE 00 37 00 94 00 01 00 01 69 7F 94 2E 30 08 01 FC 13 79 44 00 E4 CA D9 E0 02 83 00 04 A2 15 00 4C 70 EF 04 00 33 00 00 07 00 00 00 2E 00 F5 00 A3 00 40 00 4E 43 02 08 1A E4 24 00 01 22 A9 10 49 6D 00 40 CD 08 00 00 34 D9 56 02 6C D7 3A ED 0E 3D FF D5 0A 04 54 4C 82 A0 F6 70 B4 0A C1 04 00 11 4C 00 00 00 00 00 00 00 00 00 00 00 00 00 00 01 00 80 A0 12 BF C0 00 00 00 00 00 00 00 00 00 00 00 00 00 00 00 00 00 00 00 00 00 00 00 00 00 00 00 00 00 00 00 00 00 00 00 00 F3 D1 1C 95 7E
[666477][05:03:42.792]7E FF 02 FF E6 67 C2 69 7D 06 2B 03 1D 14 22 FE 00 37 00 10 00 01 00 02 69 7F 94 10 2E D0 06 01 0A 00 00 00 37 65 7F 53 3E 00 BB 7E
[666478][05:03:42.823]7E FF 02 FF E7 67 CD 69 7D 06 F1 00 21 09 26 FE 00 37 00 94 00 01 00 01 69 7F 94 21 B0 00 01 FC 13 79 40 00 3D 50 38 10 02 01 00 04 C7 79 00 5C 78 EF 0C 00 33 00 00 30 00 09 05 35 35 20 00 00 12 74 72 00 00 00 00 30 00 09 04 31 61 21 00 00 00 00 00 00 00 00 00 39 03 00 01 94 46 14 45 E8 07 02 12 09 23 07 03 01 00 01 01 00 02 02 00 0D 00 00 09 03 31 17 6E 54 4E 59 58 0F 00 0F 00 00 00 00 00 08 00 00 00 52 54 4C E9 1D 55 67 9F 00 8D 1A 00 00 31 44 59 58 03 FB C1 01 9C 02 01 6A B9 FA F0 00 00 00 00 00 00 00 00 FE BC EF A2 7E
[666479][05:03:43.122]7E FF 02 FF E8 67 F4 6A 7D 06 0B 01 FB 94 96 FE 00 36 01 94 00 01 00 01 69 7F 94 21 B0 00 01 FC 13 79 44 00 2C 52 BC 10 02 01 00 04 C7 79 00 5C 78 EF 0C 00 33 00 00 30 00 09 05 35 35 20 00 00 12 74 72 00 00 00 00 30 00 09 04 31 61 21 00 00 00 00 00 00 00 00 00 39 03 00 01 94 46 14 45 E8 07 02 12 09 23 07 03 01 00 01 01 00 02 02 00 0D 00 00 09 03 31 17 6E 54 4E 59 58 0F 00 0F 00 00 00 00 00 08 00 00 00 52 54 4C E9 1D 55 67 9F 00 8D 1A 00 00 31 44 59 58 03 FB C1 01 9C 02 01 6A B9 FA F0 00 00 00 00 00 00 00 00 D2 01 9D 3B 7E
[666480][05:03:43.212]7E FF 02 FF E9 67 4E 6B 7D 06 6C 01 D6 F3 B8 FE 00 39 01 94 00 01 00 01 69 7F 94 21 B0 00 01 FC 13 79 44 00 2C 52 BC 10 02 01 00 04 C7 79 00 5C 78 EF 0C 00 33 00 00 30 00 09 05 35 35 20 00 00 12 74 72 00 00 00 00 30 00 09 04 31 61 21 00 00 00 00 00 00 00 00 00 39 03 00 01 94 46 14 45 E8 07 02 12 09 23 07 03 01 00 01 01 00 02 02 00 0D 00 00 09 03 31 17 6E 54 4E 59 58 0F 00 0F 00 00 00 00 00 08 00 00 00 52 54 4C E9 1D 55 67 9F 00 8D 1A 00 00 31 44 59 58 03 FB C1 01 9C 02 01 6A B9 FA F0 00 00 00 00 00 00 00 00 0B 9C 5A 06 7E
[666481][05:03:43.273]7E FF 02 FF EA 67 16 6B 7D 06 7F 03 62 F0 C9 FE 00 37 00 14 01 01 00 01 69 7F 94 21 F0 FF 01 E5 14 EB C2 00 CB E5 A6 10 02 FF 2F 01 C8 79 00 84 78 01 04 00 33 00 00 08 00 00 00 21 B0 00 22 30 00 09 05 35 35 20 00 00 12 74 72 39 00 00 00 2F 00 09 01 0A 00 2F 00 00 00 00 00 0B 30 00 02 00 08 18 00 04 00 00 22 09 10 48 24 00 00 41 00 00 00 10 00 40 00 01 00 10 64 08 11 23 40 08 04 00 40 00 20 50 30 94 02 81 00 00 10 0C 04 05 01 01 03 01 02 01 02 01 01 04 03 01 03 02 01 05 01 01 03 03 01 03 01 03 04 04 01 01 03 01 02 04 01 02 02 02 04 02 03 03 02 02 01 04 02 A4 DA 5E D5 00 00 00 00 00 00 00 00 00 00 00 00 00 00 00 00 00 00 00 00 00 00 00 00 00 00 00 00 00 00 00 00 00 00 00 00 00 00 00 00 00 00 00 00 00 00 00 00 00 00 00 00 00 00 00 00 00 00 00 00 00 00 00 00 00 00 00 00 00 00 00 00 00 00 00 00 00 00 00 00 00 00 00 00 00 00 00 00 00 00 00 00 00 00 00 00 00 00 00 00 00 00 00 00 00 00 00 00 AC D6 B0 F5 7E
[666482][05:03:43.288]7E FF 02 FF EB 67 94 6B 7D 06 5B 03 97 D6 D3 FE 00 38 01 94 00 01 00 01 69 7F 94 21 B0 00 01 FC 13 79 40 00 3D 50 38 10 02 0B 00 04 C9 79 00 3B 78 EF 04 00 33 00 00 07 00 00 00 21 00 21 00 6D 00 2F 00 4E 03 02 08 1A E4 24 00 00 22 A9 10 48 65 00 00 C7 08 04 00 30 01 54 00 05 00 12 E5 0E 31 7F C4 08 04 80 48 82 20 F6 70 B4 0A C1 00 00 10 0C 0F 3D B2 76 00 00 00 00 00 00 00 00 00 00 00 00 00 00 00 00 00 00 00 00 00 00 00 00 00 00 00 00 00 00 00 00 00 00 00 00 00 00 00 00 00 00 00 00 00 00 00 00 00 00 00 00 00 27 9B 0F 73 7E
[666483][05:03:43.408]7E FF 02 FF EC 67 10 6C 7D 06 5D 01 94 F2 02 FF 00 39 00 94 00 01 00 01 69 7F 94 21 B0 00 01 FC 13 79 44 00 2C 52 BC 10 02 0B 00 04 C9 79 00 3B 78 EF 04 00 33 00 00 07 00 00 00 21 00 21 00 6D 00 2F 00 4E 03 02 08 1A E4 24 00 00 22 A9 10 48 65 00 00 C7 08 04 00 30 01 54 00 05 00 12 E5 0E 31 7F C4 08 04 80 48 82 20 F6 70 B4 0A C1 00 00 10 0C 0F 3D B2 76 00 00 00 00 00 00 00 00 00 00 00 00 00 00 00 00 00 00 00 00 00 00 00 00 00 00 00 00 00 00 00 00 00 00 00 00 00 00 00 00 00 00 00 00 00 00 00 00 00 00 00 00 00 FE AC DA 6D 7E
[666484][05:03:43.453]7E FF 02 FF ED 67 DB 6B 7D 06 86 03 67 16 15 FF 00 36 01 94 00 01 00 01 69 7F 94 21 B0 00 01 FC 13 79 44 00 2C 52 BC 10 02 0B 00 04 C9 79 00 3B 78 EF 04 00 33 00 00 07 00 00 00 21 00 21 00 6D 00 2F 00 4E 03 02 08 1A E4 24 00 00 22 A9 10 48 65 00 00 C7 08 04 00 30 01 54 00 05 00 12 E5 0E 31 7F C4 08 04 80 48 82 20 F6 70 B4 0A C1 00 00 10 0C 0F 3D B2 76 00 00 00 00 00 00 00 00 00 00 00 00 00 00 00 00 00 00 00 00 00 00 00 00 00 00 00 00 00 00 00 00 00 00 00 00 00 00 00 00 00 00 00 00 00 00 00 00 00 00 00 00 00 A5 53 68 F4 7E
[666485][05:03:43.468]7E FF 02 FF EE 67 5A 6C 7D 06 F1 00 B7 23 1F FF 00 3A 00 94 00 01 00 01 69 7F 94 03 F0 FF 01 99 12 79 42 00 C1 18 D1 30 00 FF 2F 01 35 DD 00 6E 78 01 04 00 33 00 00 08 00 00 00 03 B0 00 21 30 00 09 05 35 34 20 00 00 12 74 72 39 00 00 00 19 00 08 01 0D 00 2F 00 00 00 00 00 0B 30 44 00 00 08 0A C4 04 00 00 02 00 00 40 04 00 00 81 00 00 00 00 00 04 00 00 00 10 00 00 11 00 00 08 00 00 40 02 00 80 00 10 00 00 00 00 10 08 06 01 04 01 04 03 01 07 04 01 04 03 01 01 01 01 02 02 03 01 01 02 04 03 02 05 FD ED 85 00 00 7A 90 03 AA 7E
[666486][05:03:43.679]7E FF 02 FF EF 67 B3 6C 7D 06 84 01 E3 4B 67 FF 00 FD 03 14 01 01 00 01 69 7F 94 01 B0 00 03 27 16 EB C0 00 4F 94 14 10 00 86 00 03 3E 2F 30 74 88 FF 00 00 33 00 00 11 03 00 00 01 02 83 06 15 35 28 0A FE FE FE FE 68 62 00 43 05 40 92 04 09 00 30 10 6E D6 10 00 3E 05 03 2D 50 02 02 00 01 20 21 02 00 1C 07 EA 06 1E 01 2D 00 08 00 20 21 02 00 00 20 01 04 00 00 20 00 02 00 00 20 01 02 00 00 20 04 02 00 00 20 0A 02 00 00 00 10 02 01 00 00 20 02 01 00 01 10 F0 D5 56 98 83 8E 08 15 8F 01 3B 87 D4 9A 8C D7 29 45 16 6F 5D 10 BD 00 00 00 00 00 00 00 00 00 00 00 00 00 00 00 00 00 00 00 00 00 00 00 00 00 00 00 00 00 00 00 00 00 00 00 00 00 00 00 00 00 00 00 00 00 00 00 00 00 00 00 00 00 00 00 00 00 00 00 00 00 00 00 00 00 00 00 00 00 00 00 00 00 00 00 00 00 00 00 00 00 00 00 00 00 00 00 00 00 00 00 00 00 00 00 00 00 00 00 00 00 00 00 00 00 00 00 00 00 00 00 00 00 00 00 00 00 00 00 00 00 00 00 00 E2 B9 AE A8 7E
[666487][05:03:43.740]7E FF 02 FF F0 67 4B 6D 7D 06 C0 02 29 3E 7B FF 00 FE 03 14 01 01 00 01 69 7F 94 01 B0 00 03 27 16 EB C4 00 5E 96 90 10 00 86 00 03 3E 2F 30 74 88 FF 00 00 33 00 00 11 03 00 00 01 02 83 06 15 35 28 0A FE FE FE FE 68 62 00 43 05 40 92 04 09 00 30 10 6E D6 10 00 3E 05 03 2D 50 02 02 00 01 20 21 02 00 1C 07 EA 06 1E 01 2D 00 08 00 20 21 02 00 00 20 01 04 00 00 20 00 02 00 00 20 01 02 00 00 20 04 02 00 00 20 0A 02 00 00 00 10 02 01 00 00 20 02 01 00 01 10 F0 D5 56 98 83 8E 08 15 8F 01 3B 87 D4 9A 8C D7 29 45 16 6F 5D 10 BD 00 00 00 00 00 00 00 00 00 00 00 00 00 00 00 00 00 00 00 00 00 00 00 00 00 00 00 00 00 00 00 00 00 00 00 00 00 00 00 00 00 00 00 00 00 00 00 00 00 00 00 00 00 00 00 00 00 00 00 00 00 00 00 00 00 00 00 00 00 00 00 00 00 00 00 00 00 00 00 00 00 00 00 00 00 00 00 00 00 00 00 00 00 00 00 00 00 00 00 00 00 00 00 00 00 00 00 00 00 00 00 00 00 00 00 00 00 00 00 00 00 00 00 00 AD C9 A4 C5 7E
[666488][05:03:43.755]7E FF 02 FF F1 67 0A 6D 7D 06 CD 00 15 68 88 FF 00 36 00 94 00 01 00 01 69 7F 94 21 B0 00 01 FC 13 79 40 00 3D 50 38 10 02 01 00 04 CA 79 00 5C 78 EF 0C 00 33 00 00 30 00 09 05 35 35 20 00 00 12 74 72 00 00 00 00 30 00 09 04 11 20 21 00 00 00 00 00 00 00 00 00 39 03 00 01 83 42 12 45 E8 07 02 12 09 23 07 03 01 00 01 01 00 02 02 00 0D 00 00 09 03 31 17 6E 54 4E 59 58 22 00 22 00 00 00 00 00 19 00 00 00 F8 4B 90 9B 50 2A 2A 74 FC 7D 1A 00 00 31 44 59 58 03 FB C1 01 9C 02 01 C3 77 41 EC 00 00 00 00 00 00 00 00 18 91 A2 DF 7E
[666489][05:03:43.755]7E FF 02 FF F2 67 87 6D 7D 06 76 03 A7 39 92 FF 00 36 00 10 00 01 00 02 69 7F 94 10 2E 40 0B 01 1F 00 00 00 80 DB 49 75 2D 3D 3B 7E
[666490][05:03:43.800]7E FF 02 FF F3 67 8E 6D 7D 06 AB 00 C7 99 94 FF 00 FD 03 14 01 01 00 01 69 7F 94 01 B0 00 03 27 16 EB C4 00 5E 96 90 10 00 86 00 03 3E 2F 30 74 88 FF 00 00 33 00 00 11 03 00 00 01 02 83 06 15 35 28 0A FE FE FE FE 68 62 00 43 05 40 92 04 09 00 30 10 6E D6 10 00 3E 05 03 2D 50 02 02 00 01 20 21 02 00 1C 07 EA 06 1E 01 2D 00 08 00 20 21 02 00 00 20 01 04 00 00 20 00 02 00 00 20 01 02 00 00 20 04 02 00 00 20 0A 02 00 00 00 10 02 01 00 00 20 02 01 00 01 10 F0 D5 56 98 83 8E 08 15 8F 01 3B 87 D4 9A 8C D7 29 45 16 6F 5D 10 BD 00 00 00 00 00 00 00 00 00 00 00 00 00 00 00 00 00 00 00 00 00 00 00 00 00 00 00 00 00 00 00 00 00 00 00 00 00 00 00 00 00 00 00 00 00 00 00 00 00 00 00 00 00 00 00 00 00 00 00 00 00 00 00 00 00 00 00 00 00 00 00 00 00 00 00 00 00 00 00 00 00 00 00 00 00 00 00 00 00 00 00 00 00 00 00 00 00 00 00 00 00 00 00 00 00 00 00 00 00 00 00 00 00 00 00 00 00 00 00 00 00 00 00 00 00 82 6B C2 7E
[666491][05:03:43.921]7E FF 02 FF F4 67 1E 6E 7D 06 3F 03 2F CB CB FF 00 3A 01 94 00 01 00 01 69 7F 94 21 B0 00 01 FC 13 79 44 00 2C 52 BC 10 02 01 00 04 CA 79 00 5C 78 EF 0C 00 33 00 00 30 00 09 05 35 35 20 00 00 12 74 72 00 00 00 00 30 00 09 04 11 20 21 00 00 00 00 00 00 00 00 00 39 03 00 01 83 42 12 45 E8 07 02 12 09 23 07 03 01 00 01 01 00 02 02 00 0D 00 00 09 03 31 17 6E 54 4E 59 58 22 00 22 00 00 00 00 00 19 00 00 00 F8 4B 90 9B 50 2A 2A 74 FC 7D 1A 00 00 31 44 59 58 03 FB C1 01 9C 02 01 C3 77 41 EC 00 00 00 00 00 00 00 00 D2 23 B2 57 7E
[666492][05:03:44.056]7E FF 02 FF F5 67 39 6E 7D 06 CA 00 5C FF FB FF 00 37 01 94 00 01 00 01 69 7F 94 21 B0 00 01 FC 13 79 44 00 2C 52 BC 10 02 01 00 04 CA 79 00 5C 78 EF 0C 00 33 00 00 30 00 09 05 35 35 20 00 00 12 74 72 00 00 00 00 30 00 09 04 11 20 21 00 00 00 00 00 00 00 00 00 39 03 00 01 83 42 12 45 E8 07 02 12 09 23 07 03 01 00 01 01 00 02 02 00 0D 00 00 09 03 31 17 6E 54 4E 59 58 22 00 22 00 00 00 00 00 19 00 00 00 F8 4B 90 9B 50 2A 2A 74 FC 7D 1A 00 00 31 44 59 58 03 FB C1 01 9C 02 01 C3 77 41 EC 00 00 00 00 00 00 00 00 C1 16 88 B0 7E
[666493][05:03:44.088]7E FF 02 FF F6 67 C9 6E 7D 06 BB 02 BC FC 0C 00 00 37 01 10 00 01 00 02 69 7F 94 10 2E D0 0E 01 11 00 00 00 85 E6 79 34 88 47 C2 7E
[666494][05:03:44.118]7E FF 02 FF F7 67 D1 6E 7D 06 0A 02 DE F2 0F 00 00 3D 01 14 01 01 00 01 69 7F 94 21 F0 FF 01 E5 14 EB C2 00 CB E5 A6 10 02 FF 2F 01 CB 79 00 84 78 01 04 00 33 00 00 08 00 00 00 21 B0 00 22 30 00 09 05 35 35 20 00 00 12 74 72 39 00 00 00 2F 00 09 01 09 00 2F 00 00 00 00 00 0B 30 00 02 00 08 18 00 04 00 00 22 09 10 48 24 00 00 41 00 00 00 10 00 40 00 01 00 10 64 08 11 23 40 08 04 00 40 00 20 50 30 94 02 81 00 00 10 0C 04 05 01 01 03 01 02 01 02 01 01 04 03 01 03 02 01 05 01 01 03 03 01 03 01 03 04 04 01 01 03 01 02 04 01 02 02 02 04 02 03 03 02 02 01 04 02 93 9B 9D C0 00 00 00 00 00 00 00 00 00 00 00 00 00 00 00 00 00 00 00 00 00 00 00 00 00 00 00 00 00 00 00 00 00 00 00 00 00 00 00 00 00 00 00 00 00 00 00 00 00 00 00 00 00 00 00 00 00 00 00 00 00 00 00 00 00 00 00 00 00 00 00 00 00 00 00 00 00 00 00 00 00 00 00 00 00 00 00 00 00 00 00 00 00 00 00 00 00 00 00 00 00 00 00 00 00 00 00 00 9D 67 0F D2 7E
[666495][05:03:44.132]7E FF 02 FF F8 67 F2 6E 7D 06 DD 02 19 A4 1C 00 00 3D 01 10 00 01 00 02 69 7F 94 10 D8 30 08 01 0E 00 00 00 FD 19 64 30 A3 FE 5D 7E
[666496][05:03:44.164]7E FF 02 FF F9 67 1F 6F 7D 06 A3 03 38 E2 2D 00 00 3D 01 10 00 01 00 02 69 7F 94 10 D8 30 08 01 0C 00 00 00 DC 99 E0 4A 46 72 63 7E
[666497][05:03:44.240]7E FF 02 FF FA 67 03 6F 7D 06 86 00 6B 0D 49 00 00 3D 01 10 00 01 00 02 69 7F 94 01 2E F0 0D 01 18 00 00 00 CE 9F 04 9B 67 90 B0 7E
[666498][05:03:44.271]7E FF 02 FF FB 67 85 6F 7D 06 1A 01 F3 8B 54 00 00 3D 01 10 00 01 00 02 69 7F 94 10 2E C0 13 01 12 00 00 00 76 D9 5A CB BD BD 85 7E
[666499][05:03:44.302]7E FF 02 FF FC 67 94 6F 7D 06 8D 00 0D 31 5A 00 00 3A 01 94 00 01 00 01 69 7F 94 21 B0 00 01 FC 13 79 44 00 2C 52 BC 10 02 0B 00 04 CC 79 00 3B 78 EF 04 00 33 00 00 07 00 00 00 21 00 21 00 6E 00 2F 00 4E 03 02 08 1A E4 24 00 00 22 A9 10 49 65 00 00 C7 08 00 00 30 01 54 00 05 00 12 E5 0A 31 7F C4 08 04 80 48 82 20 F6 70 B4 0A C1 04 00 30 0C F5 E4 FE 98 00 00 00 00 00 00 00 00 00 00 00 00 00 00 00 00 00 00 00 00 00 00 00 00 00 00 00 00 00 00 00 00 00 00 00 00 00 00 00 00 00 00 00 00 00 00 00 00 00 00 00 00 00 F4 E3 7F BE 7E
[666500][05:03:44.333]7E FF 02 FF FD 67 5A 6F 7D 06 A3 03 A6 8B 6A 00 00 3A 01 10 00 01 00 03 69 7F 94 F0 0C 29 07 00 00 00 10 02 EE 1D 17 3F ED 95 38 7E
[666501][05:03:44.379]7E FF 02 FF FE 67 E2 6F 7D 06 67 00 A4 EE 77 00 00 39 01 94 00 01 00 01 69 7F 94 21 B0 00 01 FC 13 79 44 00 2C 52 BC 10 02 0B 00 04 CC 79 00 3B 78 EF 04 00 33 00 00 07 00 00 00 21 00 21 00 6E 00 2F 00 4E 03 02 08 1A E4 24 00 00 22 A9 10 49 65 00 00 C7 08 00 00 30 01 54 00 05 00 12 E5 0A 31 7F C4 08 04 80 48 82 20 F6 70 B4 0A C1 04 00 30 0C F5 E4 FE 98 00 00 00 00 00 00 00 00 00 00 00 00 00 00 00 00 00 00 00 00 00 00 00 00 00 00 00 00 00 00 00 00 00 00 00 00 00 00 00 00 00 00 00 00 00 00 00 00 00 00 00 00 00 AB 61 ED 98 7E
[666502][05:03:44.410]7E FF 02 FF FF 67 16 70 7D 06 29 03 6E 12 8C 00 00 39 01 10 00 01 00 02 69 7F 94 10 2E C0 0F 01 F0 00 00 00 51 B0 62 8C 77 20 D9 7E
[666503][05:03:44.485]7E FF 02 FF 00 68 50 70 7D 06 E8 00 DE F1 A1 00 00 37 00 94 00 01 00 01 69 7F 94 21 B0 00 01 FC 13 79 44 00 2C 52 BC 10 02 0B 00 04 CC 79 00 3B 78 EF 04 00 33 00 00 07 00 00 00 21 00 21 00 6E 00 2F 00 4E 03 02 08 1A E4 24 00 00 22 A9 10 49 65 00 00 C7 08 00 00 30 01 54 00 05 00 12 E5 0A 31 7F C4 08 04 80 48 82 20 F6 70 B4 0A C1 04 00 30 0C F5 E4 FE 98 00 00 00 00 00 00 00 00 00 00 00 00 00 00 00 00 00 00 00 00 00 00 00 00 00 00 00 00 00 00 00 00 00 00 00 00 00 00 00 00 00 00 00 00 00 00 00 00 00 00 00 00 00 A8 82 E9 46 7E
[666504][05:03:44.516]7E FF 02 FF 01 68 44 70 7D 06 F1 02 57 F7 9B 00 01 22 10 14 01 01 00 01 69 7F 94 01 80 0D 03 6A 41 00 10 00 16 42 9C 10 00 5A 01 0A 3F 2F 30 74 88 FF 00 00 33 00 00 11 03 00 00 01 02 83 06 18 35 28 0A FE FE FE FE 68 62 00 43 05 44 92 04 09 00 30 10 18 B9 10 00 3E 05 03 2F 50 02 02 00 01 20 21 02 00 1C 07 EA 06 1E 01 2D 00 08 00 20 21 02 00 00 20 01 04 00 00 20 00 02 00 00 20 01 02 00 00 20 04 02 00 00 20 0A 02 00 00 00 10 02 01 00 00 20 02 01 00 01 10 F0 D5 56 98 83 8E 08 15 8F 01 3B 87 D4 9A 8C D7 67 E4 16 78 6C B7 B6 00 00 00 00 00 00 00 00 00 00 00 00 00 00 00 00 00 00 00 00 00 00 00 00 00 00 00 00 00 00 00 00 00 00 00 00 00 00 00 00 00 00 00 00 00 00 00 00 00 00 00 00 00 00 00 00 00 00 00 00 00 00 00 00 00 00 00 00 00 00 00 00 00 00 00 00 00 00 00 00 00 00 00 00 00 00 00 00 00 00 00 00 00 00 00 00 00 00 00 00 00 00 00 00 00 00 00 00 00 00 00 00 00 00 00 00 00 00 00 00 00 00 00 00 BB 6E 4A E8 7E
[666505][05:03:44.547]7E FF 02 FF 02 68 6B 70 7D 06 43 02 AB 5E AC 00 00 3B 00 14 01 01 00 01 69 7F 94 21 F0 FF 01 E5 14 EB C2 00 CB E5 A6 10 02 FF 2F 01 CD 79 00 84 78 01 04 00 33 00 00 08 00 00 00 21 B0 00 22 30 00 09 05 35 35 20 00 00 12 74 72 39 00 00 00 2F 00 09 01 06 00 2F 00 00 00 00 00 0B 30 00 02 00 08 18 00 04 00 00 22 09 10 48 24 00 00 41 00 00 00 10 00 40 00 01 00 10 64 08 11 23 40 08 04 00 40 00 20 50 30 94 02 81 00 00 10 0C 04 05 01 01 03 01 02 01 02 01 01 04 03 01 03 02 01 05 01 01 03 03 01 03 01 03 04 04 01 01 03 01 02 04 01 02 02 02 04 02 03 03 02 02 01 04 02 78 DE 53 82 00 00 00 00 00 00 00 00 00 00 00 00 00 00 00 00 00 00 00 00 00 00 00 00 00 00 00 00 00 00 00 00 00 00 00 00 00 00 00 00 00 00 00 00 00 00 00 00 00 00 00 00 00 00 00 00 00 00 00 00 00 00 00 00 00 00 00 00 00 00 00 00 00 00 00 00 00 00 00 00 00 00 00 00 00 00 00 00 00 00 00 00 00 00 00 00 00 00 00 00 00 00 00 00 00 00 00 00 CD 4B 46 FA 7E
[666506][05:03:44.593]7E FF 02 FF 03 68 AB 70 7D 06 43 00 4B 98 C4 00 00 36 00 14 01 01 00 01 69 7F 94 D8 10 0D 03 6F 16 EB C4 00 56 9D 9A 10 00 5A 01 0A 3F 2F 30 74 88 EF 00 00 33 00 00 11 03 00 00 01 02 83 06 18 35 28 0A FE FE FE FE 68 62 00 43 05 44 92 04 09 00 30 10 18 B9 10 00 3E 05 03 2F 50 02 02 00 01 20 21 02 00 1C 07 EA 06 1E 01 2D 00 08 00 20 21 02 00 00 20 01 04 00 00 20 00 02 00 00 20 01 02 00 00 20 04 02 00 00 20 0A 02 00 00 00 10 02 01 00 00 20 02 01 00 01 10 F0 D5 56 98 83 8E 08 15 8F 01 3B 87 D4 9A 8C D7 67 E4 16 78 6C B7 B6 00 00 00 00 00 00 00 00 00 00 00 00 00 00 00 00 00 00 00 00 00 00 00 00 00 00 00 00 00 00 00 00 00 00 00 00 00 00 00 00 00 00 00 00 00 00 00 00 00 00 00 00 00 00 00 00 00 00 00 00 00 00 00 00 00 00 00 00 00 00 00 00 00 00 00 00 00 00 00 00 00 00 00 00 00 00 00 00 00 00 00 00 00 00 00 00 00 00 00 00 00 00 00 00 00 00 00 00 00 00 00 00 00 00 00 00 00 00 00 00 00 00 00 00 1E 34 34 CF 7E
[666507][05:03:44.624]7E FF 02 FF 04 68 BF 70 7D 06 2D 00 28 36 CC 00 00 39 00 14 01 01 00 01 69 7F 94 D8 10 0D 03 6F 16 EB C4 00 56 9D 9A 10 00 5A 01 0A 3F 2F 30 74 88 EF 00 00 33 00 00 11 03 00 00 01 02 83 06 18 35 28 0A FE FE FE FE 68 62 00 43 05 44 92 04 09 00 30 10 18 B9 10 00 3E 05 03 2F 50 02 02 00 01 20 21 02 00 1C 07 EA 06 1E 01 2D 00 08 00 20 21 02 00 00 20 01 04 00 00 20 00 02 00 00 20 01 02 00 00 20 04 02 00 00 20 0A 02 00 00 00 10 02 01 00 00 20 02 01 00 01 10 F0 D5 56 98 83 8E 08 15 8F 01 3B 87 D4 9A 8C D7 67 E4 16 78 6C B7 B6 00 00 00 00 00 00 00 00 00 00 00 00 00 00 00 00 00 00 00 00 00 00 00 00 00 00 00 00 00 00 00 00 00 00 00 00 00 00 00 00 00 00 00 00 00 00 00 00 00 00 00 00 00 00 00 00 00 00 00 00 00 00 00 00 00 00 00 00 00 00 00 00 00 00 00 00 00 00 00 00 00 00 00 00 00 00 00 00 00 00 00 00 00 00 00 00 00 00 00 00 00 00 00 00 00 00 00 00 00 00 00 00 00 00 00 00 00 00 00 00 00 00 00 00 14 4D F8 F5 7E
[666508][05:03:44.686]7E FF 02 FF 05 68 9F 70 7D 06 1B 02 A2 59 E6 00 00 37 00 14 01 01 00 01 69 7F 94 D8 10 0D 03 6F 16 EB C4 00 56 9D 9A 10 00 5A 01 0A 3F 2F 30 74 88 EF 00 00 33 00 00 11 03 00 00 01 02 83 06 18 35 28 0A FE FE FE FE 68 62 00 43 05 44 92 04 09 00 30 10 18 B9 10 00 3E 05 03 2F 50 02 02 00 01 20 21 02 00 1C 07 EA 06 1E 01 2D 00 08 00 20 21 02 00 00 20 01 04 00 00 20 00 02 00 00 20 01 02 00 00 20 04 02 00 00 20 0A 02 00 00 00 10 02 01 00 00 20 02 01 00 01 10 F0 D5 56 98 83 8E 08 15 8F 01 3B 87 D4 9A 8C D7 67 E4 16 78 6C B7 B6 00 00 00 00 00 00 00 00 00 00 00 00 00 00 00 00 00 00 00 00 00 00 00 00 00 00 00 00 00 00 00 00 00 00 00 00 00 00 00 00 00 00 00 00 00 00 00 00 00 00 00 00 00 00 00 00 00 00 00 00 00 00 00 00 00 00 00 00 00 00 00 00 00 00 00 00 00 00 00 00 00 00 00 00 00 00 00 00 00 00 00 00 00 00 00 00 00 00 00 00 00 00 00 00 00 00 00 00 00 00 00 00 00 00 00 00 00 00 00 00 00 00 00 00 8D 15 9F 99 7E
[666509][05:03:44.716]7E FF 02 FF 06 68 36 71 7D 06 39 01 B4 B5 F9 00 00 3A 01 94 00 01 00 01 69 7F 94 21 B0 00 01 FC 13 79 44 00 2C 52 BC 10 02 0B 00 04 CE 79 00 3B 78 EF 04 00 33 00 00 07 00 00 00 21 00 21 00 70 00 2F 00 4E 03 02 08 1A E4 24 00 00 22 A9 10 49 65 00 00 C7 08 00 00 30 01 54 00 25 00 12 E5 0A 31 7F C4 08 04 80 48 82 20 F6 70 B4 0A C1 04 00 30 0C E2 49 B8 B9 00 00 00 00 00 00 00 00 00 00 00 00 00 00 00 00 00 00 00 00 00 00 00 00 00 00 00 00 00 00 00 00 00 00 00 00 00 00 00 00 00 00 00 00 00 00 00 00 00 00 00 00 00 55 E6 34 BC 7E
[666510][05:03:44.776]7E FF 02 FF 07 68 7C 71 7D 06 46 02 D2 89 14 01 00 3A 01 10 00 01 00 02 69 7F 94 10 01 10 01 01 00 00 00 00 A8 30 3E DC 8C F2 42 7E
[666511][05:03:44.942]7E FF 02 FF 08 68 B8 71 7D 06 9F 01 58 7E 51 01 00 37 01 94 00 01 00 01 69 7F 94 21 B0 00 01 FC 13 79 44 00 2C 52 BC 10 02 0B 00 04 CE 79 00 3B 78 EF 04 00 33 00 00 07 00 00 00 21 00 21 00 70 00 2F 00 4E 03 02 08 1A E4 24 00 00 22 A9 10 49 65 00 00 C7 08 00 00 30 01 54 00 25 00 12 E5 0A 31 7F C4 08 04 80 48 82 20 F6 70 B4 0A C1 04 00 30 0C E2 49 B8 B9 00 00 00 00 00 00 00 00 00 00 00 00 00 00 00 00 00 00 00 00 00 00 00 00 00 00 00 00 00 00 00 00 00 00 00 00 00 00 00 00 00 00 00 00 00 00 00 00 00 00 00 00 00 4A 4D FE 34 7E
[666512][05:03:45.032]7E FF 02 FF 09 68 58 72 7D 06 BB 01 52 63 68 01 00 3A 00 14 01 01 00 01 69 7F 94 23 F0 FF 01 E5 14 EB C2 00 C8 E5 02 30 02 FF 2F 01 38 7B 00 76 70 01 04 00 33 00 00 08 00 00 00 23 00 03 21 30 00 09 04 28 27 20 00 00 12 74 72 39 00 00 00 21 00 08 01 06 00 2F 00 00 00 00 00 30 30 4E 02 00 08 02 84 04 00 00 00 00 10 40 04 00 00 01 00 00 00 00 00 40 00 00 00 10 44 0A 11 03 80 08 00 00 40 02 00 82 00 10 00 00 00 00 10 08 01 04 02 01 01 06 04 02 05 04 03 06 02 02 01 02 03 01 01 02 03 03 02 02 01 02 04 02 01 04 04 03 02 BC 6B DC D6 00 00 00 00 00 00 00 00 00 00 00 00 00 00 00 00 00 00 00 00 00 00 00 00 00 00 00 00 00 00 00 00 00 00 00 00 00 00 00 00 00 00 00 00 00 00 00 00 00 00 00 00 00 00 00 00 00 00 00 00 00 00 00 00 00 00 00 00 00 00 00 00 00 00 00 00 00 00 00 00 00 00 00 00 00 00 00 00 00 00 00 00 00 00 00 00 00 00 00 00 00 00 00 00 00 00 00 00 00 00 00 00 00 00 00 00 00 00 00 00 00 00 4F 01 3C 39 7E
[666513][05:03:45.198]7E FF 02 FF 0A 68 05 73 7D 06 0B 03 47 83 AA 01 00 37 00 14 01 01 00 01 69 7F 94 21 F0 FF 01 E5 14 EB C2 00 CB E5 A6 10 02 FF 2F 01 CF 79 00 84 78 01 04 00 33 00 00 08 00 00 00 21 B0 00 22 30 00 09 05 35 35 20 00 00 12 74 72 39 00 00 00 2F 00 09 01 05 00 2F 00 00 00 00 00 0B 30 00 02 00 08 18 00 04 00 00 22 09 10 48 24 00 00 41 00 00 00 10 00 40 00 01 00 10 64 08 11 23 40 08 04 00 40 00 20 50 30 94 02 81 00 00 10 0C 04 05 01 01 03 01 02 01 02 01 01 04 03 01 03 02 01 05 01 01 03 03 01 03 01 03 04 04 01 01 03 01 02 04 01 02 02 02 04 02 03 03 02 02 01 04 02 4F 9F 90 97 00 00 00 00 00 00 00 00 00 00 00 00 00 00 00 00 00 00 00 00 00 00 00 00 00 00 00 00 00 00 00 00 00 00 00 00 00 00 00 00 00 00 00 00 00 00 00 00 00 00 00 00 00 00 00 00 00 00 00 00 00 00 00 00 00 00 00 00 00 00 00 00 00 00 00 00 00 00 00 00 00 00 00 00 00 00 00 00 00 00 00 00 00 00 00 00 00 00 00 00 00 00 00 00 00 00 00 00 B4 82 90 96 7E
[666514][05:03:45.378]7E FF 02 FF 0B 68 D4 73 7D 06 6A 03 0B 8A F9 01 00 37 00 10 00 01 00 02 69 7F 94 10 2E 40 0B 01 1F 00 00 00 80 DB 49 78 0C 3D 9A 7E
[666515][05:03:45.409]7E FF 02 FF 0C 68 F8 73 7D 06 AF 02 FE 31 07 02 00 37 00 10 00 01 00 02 69 7F 94 10 2E 40 0B 01 1F 00 00 00 80 DB 49 A8 03 C4 21 7E
[666516][05:03:45.560]7E FF 02 FF 0D 68 58 74 7D 06 D8 01 46 1D 2A 02 01 22 0F 14 01 01 00 01 69 7F 94 01 80 0D 03 6A 41 00 10 00 16 42 9C 10 00 35 01 03 40 2F 30 74 88 FF 00 00 33 00 00 11 03 00 00 01 02 83 06 16 35 28 0A FE FE FE FE 68 62 00 43 05 43 92 04 09 00 30 10 00 7E 10 00 3E 05 03 2E 50 02 02 00 01 20 21 02 00 1C 07 EA 06 1E 01 2D 00 08 00 20 21 02 00 00 20 01 04 00 00 20 00 02 00 00 20 01 02 00 00 20 04 02 00 00 20 0A 02 00 00 00 10 02 01 00 00 20 02 01 00 01 10 F0 D5 56 98 83 8E 08 15 8F 01 3B 87 D4 9A 8C D7 C0 B4 16 74 DF 8F F7 00 00 00 00 00 00 00 00 00 00 00 00 00 00 00 00 00 00 00 00 00 00 00 00 00 00 00 00 00 00 00 00 00 00 00 00 00 00 00 00 00 00 00 00 00 00 00 00 00 00 00 00 00 00 00 00 00 00 00 00 00 00 00 00 00 00 00 00 00 00 00 00 00 00 00 00 00 00 00 00 00 00 00 00 00 00 00 00 00 00 00 00 00 00 00 00 00 00 00 00 00 00 00 00 00 00 00 00 00 00 00 00 00 00 00 00 00 00 00 00 00 00 00 00 19 F4 79 43 7E
[666517][05:03:45.575]7E FF 02 FF 0E 68 14 74 7D 06 4D 00 CE C3 37 02 00 36 00 14 01 01 00 01 69 7F 94 D8 30 08 03 14 14 76 B0 00 24 A9 18 10 00 35 01 03 40 2F 30 74 88 EF 00 00 33 00 00 11 03 00 00 01 02 83 06 16 35 28 0A FE FE FE FE 68 62 00 43 05 43 92 04 09 00 30 10 00 7E 10 00 3E 05 03 2E 50 02 02 00 01 20 21 02 00 1C 07 EA 06 1E 01 2D 00 08 00 20 21 02 00 00 20 01 04 00 00 20 00 02 00 00 20 01 02 00 00 20 04 02 00 00 20 0A 02 00 00 00 10 02 01 00 00 20 02 01 00 01 10 F0 D5 56 98 83 8E 08 15 8F 01 3B 87 D4 9A 8C D7 C0 B4 16 74 DF 8F F7 00 00 00 00 00 00 00 00 00 00 00 00 00 00 00 00 00 00 00 00 00 00 00 00 00 00 00 00 00 00 00 00 00 00 00 00 00 00 00 00 00 00 00 00 00 00 00 00 00 00 00 00 00 00 00 00 00 00 00 00 00 00 00 00 00 00 00 00 00 00 00 00 00 00 00 00 00 00 00 00 00 00 00 00 00 00 00 00 00 00 00 00 00 00 00 00 00 00 00 00 00 00 00 00 00 00 00 00 00 00 00 00 00 00 00 00 00 00 00 00 00 00 00 00 09 84 8A 33 7E
[666518][05:03:45.604]7E FF 02 FF 0F 68 8A 74 7D 06 48 00 95 A2 3E 02 00 FE 03 14 01 01 00 01 69 7F 94 01 B0 00 03 27 16 EB C0 00 4F 94 14 10 00 01 01 03 41 2F 30 74 88 FF 00 00 33 00 00 11 03 00 00 01 02 83 06 13 35 28 0A FE FE FE FE 68 62 00 43 05 38 92 04 09 00 30 10 CE 19 10 00 3E 05 03 2B 50 02 02 00 01 20 21 02 00 1C 07 EA 06 1E 01 2D 00 08 00 20 21 02 00 00 20 01 04 00 00 20 00 02 00 00 20 01 02 00 00 20 04 02 00 00 20 0A 02 00 00 00 10 02 01 00 00 20 02 01 00 01 10 F0 D5 56 98 83 8E 08 15 8F 01 3B 87 D4 9A 8C D7 EA AE 16 61 2D 38 B7 00 00 00 00 00 00 00 00 00 00 00 00 00 00 00 00 00 00 00 00 00 00 00 00 00 00 00 00 00 00 00 00 00 00 00 00 00 00 00 00 00 00 00 00 00 00 00 00 00 00 00 00 00 00 00 00 00 00 00 00 00 00 00 00 00 00 00 00 00 00 00 00 00 00 00 00 00 00 00 00 00 00 00 00 00 00 00 00 00 00 00 00 00 00 00 00 00 00 00 00 00 00 00 00 00 00 00 00 00 00 00 00 00 00 00 00 00 00 00 00 00 00 00 00 D1 E0 52 1C 7E
[666519][05:03:45.635]7E FF 02 FF 10 68 A0 74 7D 06 C0 03 B5 5C 47 02 00 37 00 14 01 01 00 01 69 7F 94 D8 30 08 03 6F 16 EB C4 00 5F 1C 3B 10 00 35 01 03 40 2F 30 74 88 EF 00 00 33 00 00 11 03 00 00 01 02 83 06 16 35 28 0A FE FE FE FE 68 62 00 43 05 43 92 04 09 00 30 10 00 7E 10 00 3E 05 03 2E 50 02 02 00 01 20 21 02 00 1C 07 EA 06 1E 01 2D 00 08 00 20 21 02 00 00 20 01 04 00 00 20 00 02 00 00 20 01 02 00 00 20 04 02 00 00 20 0A 02 00 00 00 10 02 01 00 00 20 02 01 00 01 10 F0 D5 56 98 83 8E 08 15 8F 01 3B 87 D4 9A 8C D7 C0 B4 16 74 DF 8F F7 00 00 00 00 00 00 00 00 00 00 00 00 00 00 00 00 00 00 00 00 00 00 00 00 00 00 00 00 00 00 00 00 00 00 00 00 00 00 00 00 00 00 00 00 00 00 00 00 00 00 00 00 00 00 00 00 00 00 00 00 00 00 00 00 00 00 00 00 00 00 00 00 00 00 00 00 00 00 00 00 00 00 00 00 00 00 00 00 00 00 00 00 00 00 00 00 00 00 00 00 00 00 00 00 00 00 00 00 00 00 00 00 00 00 00 00 00 00 00 00 00 00 00 00 18 1D B9 BE 7E
[666520][05:03:45.666]7E FF 02 FF 11 68 B4 74 7D 06 7F 03 29 F7 4E 02 00 34 00 14 01 01 00 01 69 7F 94 D8 30 08 03 6F 16 EB C4 00 5F 1C 3B 10 00 35 01 03 40 2F 30 74 88 EF 00 00 33 00 00 11 03 00 00 01 02 83 06 16 35 28 0A FE FE FE FE 68 62 00 43 05 43 92 04 09 00 30 10 00 7E 10 00 3E 05 03 2E 50 02 02 00 01 20 21 02 00 1C 07 EA 06 1E 01 2D 00 08 00 20 21 02 00 00 20 01 04 00 00 20 00 02 00 00 20 01 02 00 00 20 04 02 00 00 20 0A 02 00 00 00 10 02 01 00 00 20 02 01 00 01 10 F0 D5 56 98 83 8E 08 15 8F 01 3B 87 D4 9A 8C D7 C0 B4 16 74 DF 8F F7 00 00 00 00 00 00 00 00 00 00 00 00 00 00 00 00 00 00 00 00 00 00 00 00 00 00 00 00 00 00 00 00 00 00 00 00 00 00 00 00 00 00 00 00 00 00 00 00 00 00 00 00 00 00 00 00 00 00 00 00 00 00 00 00 00 00 00 00 00 00 00 00 00 00 00 00 00 00 00 00 00 00 00 00 00 00 00 00 00 00 00 00 00 00 00 00 00 00 00 00 00 00 00 00 00 00 00 00 00 00 00 00 00 00 00 00 00 00 00 00 00 00 00 00 DA 9A B4 0C 7E
[666521][05:03:45.696]7E FF 02 FF 12 68 CB 74 7D 06 98 03 C1 BF 57 02 00 FD 03 14 01 01 00 01 69 7F 94 01 B0 00 03 27 16 EB C4 00 5E 96 90 10 00 01 01 03 41 2F 30 74 88 FF 00 00 33 00 00 11 03 00 00 01 02 83 06 13 35 28 0A FE FE FE FE 68 62 00 43 05 38 92 04 09 00 30 10 CE 19 10 00 3E 05 03 2B 50 02 02 00 01 20 21 02 00 1C 07 EA 06 1E 01 2D 00 08 00 20 21 02 00 00 20 01 04 00 00 20 00 02 00 00 20 01 02 00 00 20 04 02 00 00 20 0A 02 00 00 00 10 02 01 00 00 20 02 01 00 01 10 F0 D5 56 98 83 8E 08 15 8F 01 3B 87 D4 9A 8C D7 EA AE 16 61 2D 38 B7 00 00 00 00 00 00 00 00 00 00 00 00 00 00 00 00 00 00 00 00 00 00 00 00 00 00 00 00 00 00 00 00 00 00 00 00 00 00 00 00 00 00 00 00 00 00 00 00 00 00 00 00 00 00 00 00 00 00 00 00 00 00 00 00 00 00 00 00 00 00 00 00 00 00 00 00 00 00 00 00 00 00 00 00 00 00 00 00 00 00 00 00 00 00 00 00 00 00 00 00 00 00 00 00 00 00 00 00 00 00 00 00 00 00 00 00 00 00 00 00 00 00 00 00 7D 0D D5 AA 7E
[666522][05:03:45.711]7E FF 02 FF 13 68 04 75 7D 06 E5 00 E6 3A 6D 02 00 FD 03 14 01 01 00 01 69 7F 94 01 B0 00 03 27 16 EB C4 00 5E 96 90 10 00 01 01 03 41 2F 30 74 88 FF 00 00 33 00 00 11 03 00 00 01 02 83 06 13 35 28 0A FE FE FE FE 68 62 00 43 05 38 92 04 09 00 30 10 CE 19 10 00 3E 05 03 2B 50 02 02 00 01 20 21 02 00 1C 07 EA 06 1E 01 2D 00 08 00 20 21 02 00 00 20 01 04 00 00 20 00 02 00 00 20 01 02 00 00 20 04 02 00 00 20 0A 02 00 00 00 10 02 01 00 00 20 02 01 00 01 10 F0 D5 56 98 83 8E 08 15 8F 01 3B 87 D4 9A 8C D7 EA AE 16 61 2D 38 B7 00 00 00 00 00 00 00 00 00 00 00 00 00 00 00 00 00 00 00 00 00 00 00 00 00 00 00 00 00 00 00 00 00 00 00 00 00 00 00 00 00 00 00 00 00 00 00 00 00 00 00 00 00 00 00 00 00 00 00 00 00 00 00 00 00 00 00 00 00 00 00 00 00 00 00 00 00 00 00 00 00 00 00 00 00 00 00 00 00 00 00 00 00 00 00 00 00 00 00 00 00 00 00 00 00 00 00 00 00 00 00 00 00 00 00 00 00 00 00 00 00 00 00 00 FF A4 A5 B2 7E
[666523][05:03:45.771]7E FF 02 FF 14 68 53 75 7D 06 BF 01 C2 74 8B 02 00 38 00 94 00 01 00 01 69 7F 94 03 F0 FF 01 99 12 79 42 00 C1 18 D1 30 00 FF 2F 01 36 DD 00 6E 78 01 04 00 33 00 00 08 00 00 00 03 B0 00 21 30 00 09 05 35 34 20 00 00 12 74 72 39 00 00 00 19 00 08 01 0B 00 2F 00 00 00 00 00 0B 30 44 00 00 08 0A C4 04 00 00 02 00 00 40 04 00 00 81 00 00 00 00 00 04 00 00 00 10 00 00 11 00 00 08 00 00 40 02 00 80 00 10 00 00 00 00 10 08 06 01 04 01 04 03 01 07 04 01 04 03 01 01 01 01 02 02 03 01 01 02 04 03 02 58 B0 3A 5F 00 00 D1 15 4C A5 7E
[666524][05:03:45.877]7E FF 02 FF 15 68 CE 75 7D 06 A3 01 FB 56 B9 02 01 22 0C 10 00 01 00 02 69 7F 94 00 01 80 0D 00 A7 00 00 00 2C 4D 81 E6 3E 10 F2 7E
[666525][05:03:46.655]7E FF 02 FF 16 68 A5 78 7D 06 F7 00 E0 9F CF 03 00 FD 03 15 02 01 00 00 69 7F 94 DD 9F CF 03 01 90 E8 02 00 B6 8C 2E CA 33 20 00 00 12 74 72 A3 0B 00 00 10 02 00 00 00 00 00 00 05 00 0F 01 00 00 64 20 00 00 12 74 72 04 00 00 01 0A D0 02 08 02 30 00 39 00 06 0A AF 0A D6 31 DE D1 25 03 C0 D5 00 59 33 00 41 24 32 00 00 00 00 F3 79 CE 03 FA 39 00 00 24 00 0E 50 15 50 1C 50 31 50 0C 50 04 50 87 50 8A 50 93 51 34 50 36 50 08 50 40 51 D8 50 1A 50 11 50 05 50 0B 50 30 50 BA 51 29 50 39 51 75 50 BC 50 2D 50 5B 50 F7 50 83 50 24 50 21 50 86 50 6A 50 67 50 FB 50 D1 50 F8 51 C6 50 C9 50 14 51 48 51 FF 51 2E 50 C2 50 3D 51 F5 50 FE 51 18 51 3C 51 F2 50 4E 50 1A 51 B4 50 47 51 E1 50 DA 50 2E 51 ED 50 56 50 DF 50 F3 50 FA 51 A8 50 CC 50 CA 50 1B 51 3A 40 F3 41 CB 40 77 41 D5 41 52 40 61 41 96 40 AA 40 98 41 55 41 8D 40 38 40 B2 41 AF 41 D0 40 5E 40 15 41 B0 41 5A 40 E0 40 99 40 80 41 71 81 88 13 00 01 B8 0B 00 02 AC 0D 00 03 03 04 9A 05 9A 05 E7 40 5C 40 8B 40 C5 40 22 40 20 40 44 41 F1 40 4D 40 02 40 80 40 60 40 82 40 AB 40 4B 41 EB 40 17 40 06 40 03 40 81 40 EC 40 09 41 32 40 D5 40 03 41 49 40 F6 80 94 11 00 01 C4 09 00 02 B8 0B 00 03 03 04 9A 05 9A 05 9A 05 F1 81 88 13 00 01 D0 07 00 02 C4 09 00 03 03 04 9A 05 CF 41 D0 41 27 41 C1 40 D1 41 D2 41 31 41 BD 41 D3 41 26 40 D4 41 D5 41 C9 41 68 41 EE 40 4C 40 20 40 32 41 2C 40 F0 80 88 13 00 01 E8 03 00 02 C4 09 00 03 03 04 9A 05 00 00 00 00 00 00 00 00 00 00 00 00 00 00 00 00 00 00 00 00 00 00 00 00 00 00 00 00 00 00 00 00 00 00 00 00 00 00 00 00 00 00 00 00 00 00 00 00 00 00 00 00 00 00 00 00 00 00 00 00 00 00 00 00 00 00 00 00 00 00 00 00 00 00 00 00 00 00 00 00 00 00 00 00 00 00 00 00 00 00 48 97 AF E4 FC 5B 04 D8 7E
[666526][05:03:46.715]7E FF 02 FF 17 68 A8 78 7D 06 BE 03 0C 09 D0 03 01 22 0D 15 02 01 00 00 69 7F 94 6F 07 D0 03 01 20 05 00 00 0D 22 F4 CA 33 20 00 00 12 74 72 A3 0B 00 00 10 02 00 00 00 00 00 00 05 00 0F 01 00 00 64 20 00 00 12 74 72 04 00 00 01 0A D0 02 08 02 30 00 39 00 06 0A AF 0A D6 31 DE D1 25 03 C0 D5 00 59 33 00 41 24 32 00 00 00 00 F3 79 CE 03 FA 39 00 00 24 00 0E 50 15 50 1C 50 31 50 0C 50 04 50 87 50 8A 50 93 51 34 50 36 50 08 50 40 51 D8 50 1A 50 11 50 05 50 0B 50 30 50 BA 51 29 50 39 51 75 50 BC 50 2D 50 5B 50 F7 50 83 50 24 50 21 50 86 50 6A 50 67 50 FB 50 D1 50 F8 51 C6 50 C9 50 14 51 48 51 FF 51 2E 50 C2 50 3D 51 F5 50 FE 51 18 51 3C 51 F2 50 4E 50 1A 51 B4 50 47 51 E1 50 DA 50 2E 51 ED 50 56 50 DF 50 F3 50 FA 51 A8 50 CC 50 CA 50 1B 51 3A 40 F3 41 CB 40 77 41 D5 41 52 40 61 41 96 40 AA 40 98 41 55 41 8D 40 38 40 B2 41 AF 41 D0 40 5E 40 15 41 B0 41 5A 40 E0 40 99 40 80 41 71 81 88 13 00 01 B8 0B 00 02 AC 0D 00 03 03 04 9A 05 9A 05 E7 40 5C 40 8B 40 C5 40 22 40 20 40 44 41 F1 40 4D 40 02 40 80 40 60 40 82 40 AB 40 4B 41 EB 40 17 40 06 40 03 40 81 40 EC 40 09 41 32 40 D5 40 03 41 49 40 F6 80 94 11 00 01 C4 09 00 02 B8 0B 00 03 03 04 9A 05 9A 05 9A 05 F1 81 88 13 00 01 D0 07 00 02 C4 09 00 03 03 04 9A 05 CF 41 D0 41 27 41 C1 40 D1 41 D2 41 31 41 BD 41 D3 41 26 40 D4 41 D5 41 C9 41 68 41 EE 40 4C 40 20 40 32 41 2C 40 F0 80 88 13 00 01 E8 03 00 02 C4 09 00 03 03 04 9A 05 00 00 00 00 00 00 00 00 00 00 00 00 00 00 00 00 00 00 00 00 00 00 00 00 00 00 00 00 00 00 00 00 00 00 00 00 00 00 00 00 00 00 00 00 00 00 00 00 00 00 00 00 00 00 00 00 00 00 00 00 00 00 00 00 00 00 00 00 00 00 00 00 00 00 00 00 00 00 00 00 00 00 00 00 00 00 00 00 00 00 48 97 AF E4 66 0E F2 F4 7E
[666527][05:03:46.761]7E FF 02 FF 18 68 64 78 7D 06 47 01 3C FF DC 03 00 FF 03 15 02 01 00 00 69 7F 94 3C FF DC 03 01 90 E8 04 00 AC 90 23 CA 33 20 00 00 12 74 72 A3 0B 00 00 10 02 00 00 00 00 00 00 05 00 0F 01 00 00 64 20 00 00 12 74 72 04 00 00 01 0A D0 02 08 02 30 00 39 00 06 0A AF 0A D6 31 DE D1 25 03 C0 D5 00 59 33 00 41 24 32 00 00 00 00 F3 79 CE 03 FA 39 00 00 24 00 0E 50 15 50 1C 50 31 50 0C 50 04 50 87 50 8A 50 93 51 34 50 36 50 08 50 40 51 D8 50 1A 50 11 50 05 50 0B 50 30 50 BA 51 29 50 39 51 75 50 BC 50 2D 50 5B 50 F7 50 83 50 24 50 21 50 86 50 6A 50 67 50 FB 50 D1 50 F8 51 C6 50 C9 50 14 51 48 51 FF 51 2E 50 C2 50 3D 51 F5 50 FE 51 18 51 3C 51 F2 50 4E 50 1A 51 B4 50 47 51 E1 50 DA 50 2E 51 ED 50 56 50 DF 50 F3 50 FA 51 A8 50 CC 50 CA 50 1B 51 3A 40 F3 41 CB 40 77 41 D5 41 52 40 61 41 96 40 AA 40 98 41 55 41 8D 40 38 40 B2 41 AF 41 D0 40 5E 40 15 41 B0 41 5A 40 E0 40 99 40 80 41 71 81 88 13 00 01 B8 0B 00 02 AC 0D 00 03 03 04 9A 05 9A 05 E7 40 5C 40 8B 40 C5 40 22 40 20 40 44 41 F1 40 4D 40 02 40 80 40 60 40 82 40 AB 40 4B 41 EB 40 17 40 06 40 03 40 81 40 EC 40 09 41 32 40 D5 40 03 41 49 40 F6 80 94 11 00 01 C4 09 00 02 B8 0B 00 03 03 04 9A 05 9A 05 9A 05 F1 81 88 13 00 01 D0 07 00 02 C4 09 00 03 03 04 9A 05 CF 41 D0 41 27 41 C1 40 D1 41 D2 41 31 41 BD 41 D3 41 26 40 D4 41 D5 41 C9 41 68 41 EE 40 4C 40 20 40 32 41 2C 40 F0 80 88 13 00 01 E8 03 00 02 C4 09 00 03 03 04 9A 05 00 00 00 00 00 00 00 00 00 00 00 00 00 00 00 00 00 00 00 00 00 00 00 00 00 00 00 00 00 00 00 00 00 00 00 00 00 00 00 00 00 00 00 00 00 00 00 00 00 00 00 00 00 00 00 00 00 00 00 00 00 00 00 00 00 00 00 00 00 00 00 00 00 00 00 00 00 00 00 00 00 00 00 00 00 00 00 00 00 00 48 97 AF E4 A0 A0 86 D9 7E
[666528][05:03:46.807]7E FF 02 FF 19 68 EC 78 7D 06 0D 01 60 B6 EA 03 00 FF 03 15 02 01 00 00 69 7F 94 61 B6 EA 03 01 90 E8 06 00 24 26 37 CA 33 20 00 00 12 74 72 A3 0B 00 00 10 02 00 00 00 00 00 00 05 00 0F 01 00 00 64 20 00 00 12 74 72 04 00 00 01 0A D0 02 08 02 30 00 39 00 06 0A AF 0A D6 31 DE D1 25 03 C0 D5 00 59 33 00 41 24 32 00 00 00 00 F3 79 CE 03 FA 39 00 00 24 00 0E 50 15 50 1C 50 31 50 0C 50 04 50 87 50 8A 50 93 51 34 50 36 50 08 50 40 51 D8 50 1A 50 11 50 05 50 0B 50 30 50 BA 51 29 50 39 51 75 50 BC 50 2D 50 5B 50 F7 50 83 50 24 50 21 50 86 50 6A 50 67 50 FB 50 D1 50 F8 51 C6 50 C9 50 14 51 48 51 FF 51 2E 50 C2 50 3D 51 F5 50 FE 51 18 51 3C 51 F2 50 4E 50 1A 51 B4 50 47 51 E1 50 DA 50 2E 51 ED 50 56 50 DF 50 F3 50 FA 51 A8 50 CC 50 CA 50 1B 51 3A 40 F3 41 CB 40 77 41 D5 41 52 40 61 41 96 40 AA 40 98 41 55 41 8D 40 38 40 B2 41 AF 41 D0 40 5E 40 15 41 B0 41 5A 40 E0 40 99 40 80 41 71 81 88 13 00 01 B8 0B 00 02 AC 0D 00 03 03 04 9A 05 9A 05 E7 40 5C 40 8B 40 C5 40 22 40 20 40 44 41 F1 40 4D 40 02 40 80 40 60 40 82 40 AB 40 4B 41 EB 40 17 40 06 40 03 40 81 40 EC 40 09 41 32 40 D5 40 03 41 49 40 F6 80 94 11 00 01 C4 09 00 02 B8 0B 00 03 03 04 9A 05 9A 05 9A 05 F1 81 88 13 00 01 D0 07 00 02 C4 09 00 03 03 04 9A 05 CF 41 D0 41 27 41 C1 40 D1 41 D2 41 31 41 BD 41 D3 41 26 40 D4 41 D5 41 C9 41 68 41 EE 40 4C 40 20 40 32 41 2C 40 F0 80 88 13 00 01 E8 03 00 02 C4 09 00 03 03 04 9A 05 00 00 00 00 00 00 00 00 00 00 00 00 00 00 00 00 00 00 00 00 00 00 00 00 00 00 00 00 00 00 00 00 00 00 00 00 00 00 00 00 00 00 00 00 00 00 00 00 00 00 00 00 00 00 00 00 00 00 00 00 00 00 00 00 00 00 00 00 00 00 00 00 00 00 00 00 00 00 00 00 00 00 00 00 00 00 00 00 00 00 48 97 AF E4 28 E2 1A C1 7E
[666529][05:03:46.867]7E FF 02 FF 1A 68 CE 78 7D 06 14 03 D3 9C 05 04 00 37 01 15 02 01 00 00 69 7F 94 73 9C 05 04 15 90 E8 06 00 DD 3D 8B C9 33 20 00 00 12 74 72 A3 0B 00 00 10 02 00 00 00 00 00 00 05 00 0F 15 10 00 64 30 00 09 80 95 26 12 00 03 01 0A D0 02 08 02 30 00 39 00 06 0A AF 0A D6 31 DE D1 25 03 C0 D5 00 59 33 00 41 24 32 00 00 00 00 F3 79 CE 03 FA 39 00 00 24 00 0E 50 15 50 1C 50 31 50 0C 50 04 50 87 50 8A 50 93 51 34 50 36 50 08 50 40 51 D8 50 1A 50 11 50 05 50 0B 50 30 50 BA 51 29 50 39 51 75 50 BC 50 2D 50 5B 50 F7 50 83 50 24 50 21 50 86 50 6A 50 67 50 FB 50 D1 50 F8 51 C6 50 C9 50 14 51 48 51 FF 51 2E 50 C2 50 3D 51 F5 50 FE 51 18 51 3C 51 F2 50 4E 50 1A 51 B4 50 47 51 E1 50 DA 50 2E 51 ED 50 56 50 DF 50 F3 50 FA 51 A8 50 CC 50 CA 50 1B 51 3A 40 F3 41 CB 40 77 41 D5 41 52 40 61 41 96 40 AA 40 98 41 55 41 8D 40 38 40 B2 41 AF 41 D0 40 5E 40 15 41 B0 41 5A 40 E0 40 99 40 80 41 71 81 88 13 00 01 B8 0B 00 02 AC 0D 00 03 03 04 9A 05 9A 05 E7 40 5C 40 8B 40 C5 40 22 40 20 40 44 41 F1 40 4D 40 02 40 80 40 60 40 82 40 AB 40 4B 41 EB 40 17 40 06 40 03 40 81 40 EC 40 09 41 32 40 D5 40 03 41 49 40 F6 80 94 11 00 01 C4 09 00 02 B8 0B 00 03 03 04 9A 05 9A 05 9A 05 F1 81 88 13 00 01 D0 07 00 02 C4 09 00 03 03 04 9A 05 CF 41 D0 41 27 41 C1 40 D1 41 D2 41 31 41 BD 41 D3 41 26 40 D4 41 D5 41 C9 41 68 41 EE 40 4C 40 20 40 32 41 2C 40 F0 80 88 13 00 01 E8 03 00 02 C4 09 00 03 03 04 9A 05 00 00 00 00 00 00 00 00 00 00 00 00 00 00 00 00 00 00 00 00 00 00 00 00 00 00 00 00 00 00 00 00 00 00 00 00 00 00 00 00 00 00 00 00 00 00 00 00 00 00 00 00 00 00 00 00 00 00 00 00 00 00 00 00 00 00 00 00 00 00 00 00 00 00 00 00 00 00 00 00 00 00 00 00 00 00 00 00 00 00 E6 2E 7D FB 84 FC 9F 27 7E
[666530][05:03:46.914]7E FF 02 FF 1B 68 40 79 7D 06 1D 03 34 F5 0A 04 00 38 01 15 02 01 00 00 69 7F 94 CF F4 0A 04 15 90 E8 06 00 66 B7 D9 C9 33 20 00 00 12 74 72 A3 0B 00 00 10 02 00 00 00 00 00 00 05 00 0F 15 10 00 64 30 00 09 80 95 26 12 00 03 01 0A D0 02 08 02 30 00 39 00 06 0A AF 0A D6 31 DE D1 25 03 C0 D5 00 59 33 00 41 24 32 00 00 00 00 F3 79 CE 03 FA 39 00 00 24 00 0E 50 15 50 1C 50 31 50 0C 50 04 50 87 50 8A 50 93 51 34 50 36 50 08 50 40 51 D8 50 1A 50 11 50 05 50 0B 50 30 50 BA 51 29 50 39 51 75 50 BC 50 2D 50 5B 50 F7 50 83 50 24 50 21 50 86 50 6A 50 67 50 FB 50 D1 50 F8 51 C6 50 C9 50 14 51 48 51 FF 51 2E 50 C2 50 3D 51 F5 50 FE 51 18 51 3C 51 F2 50 4E 50 1A 51 B4 50 47 51 E1 50 DA 50 2E 51 ED 50 56 50 DF 50 F3 50 FA 51 A8 50 CC 50 CA 50 1B 51 3A 40 F3 41 CB 40 77 41 D5 41 52 40 61 41 96 40 AA 40 98 41 55 41 8D 40 38 40 B2 41 AF 41 D0 40 5E 40 15 41 B0 41 5A 40 E0 40 99 40 80 41 71 81 88 13 00 01 B8 0B 00 02 AC 0D 00 03 03 04 9A 05 9A 05 E7 40 5C 40 8B 40 C5 40 22 40 20 40 44 41 F1 40 4D 40 02 40 80 40 60 40 82 40 AB 40 4B 41 EB 40 17 40 06 40 03 40 81 40 EC 40 09 41 32 40 D5 40 03 41 49 40 F6 80 94 11 00 01 C4 09 00 02 B8 0B 00 03 03 04 9A 05 9A 05 9A 05 F1 81 88 13 00 01 D0 07 00 02 C4 09 00 03 03 04 9A 05 CF 41 D0 41 27 41 C1 40 D1 41 D2 41 31 41 BD 41 D3 41 26 40 D4 41 D5 41 C9 41 68 41 EE 40 4C 40 20 40 32 41 2C 40 F0 80 88 13 00 01 E8 03 00 02 C4 09 00 03 03 04 9A 05 00 00 00 00 00 00 00 00 00 00 00 00 00 00 00 00 00 00 00 00 00 00 00 00 00 00 00 00 00 00 00 00 00 00 00 00 00 00 00 00 00 00 00 00 00 00 00 00 00 00 00 00 00 00 00 00 00 00 00 00 00 00 00 00 00 00 00 00 00 00 00 00 00 00 00 00 00 00 00 00 00 00 00 00 00 00 00 00 00 00 E6 2E 7D FB A1 3F AB 23 7E
[666531][05:03:46.959]7E FF 02 FF 1C 68 56 79 7D 06 12 03 79 58 13 04 00 36 01 15 02 01 00 00 69 7F 94 13 58 13 04 1C 90 E8 06 00 07 75 3D C9 33 20 00 00 12 74 72 A3 0B 00 00 10 02 00 00 00 00 00 00 05 00 0F 1C 10 00 64 30 00 09 80 93 77 12 00 03 01 0A D0 02 08 02 30 00 39 00 06 0A AF 0A D6 31 DE D1 25 03 C0 D5 00 59 33 00 41 24 32 00 00 00 00 F3 79 CE 03 FA 39 00 00 24 00 0E 50 15 50 1C 50 31 50 0C 50 04 50 87 50 8A 50 93 51 34 50 36 50 08 50 40 51 D8 50 1A 50 11 50 05 50 0B 50 30 50 BA 51 29 50 39 51 75 50 BC 50 2D 50 5B 50 F7 50 83 50 24 50 21 50 86 50 6A 50 67 50 FB 50 D1 50 F8 51 C6 50 C9 50 14 51 48 51 FF 51 2E 50 C2 50 3D 51 F5 50 FE 51 18 51 3C 51 F2 50 4E 50 1A 51 B4 50 47 51 E1 50 DA 50 2E 51 ED 50 56 50 DF 50 F3 50 FA 51 A8 50 CC 50 CA 50 1B 51 3A 40 F3 41 CB 40 77 41 D5 41 52 40 61 41 96 40 AA 40 98 41 55 41 8D 40 38 40 B2 41 AF 41 D0 40 5E 40 15 41 B0 41 5A 40 E0 40 99 40 80 41 71 81 88 13 00 01 B8 0B 00 02 AC 0D 00 03 03 04 9A 05 9A 05 E7 40 5C 40 8B 40 C5 40 22 40 20 40 44 41 F1 40 4D 40 02 40 80 40 60 40 82 40 AB 40 4B 41 EB 40 17 40 06 40 03 40 81 40 EC 40 09 41 32 40 D5 40 03 41 49 40 F6 80 94 11 00 01 C4 09 00 02 B8 0B 00 03 03 04 9A 05 9A 05 9A 05 F1 81 88 13 00 01 D0 07 00 02 C4 09 00 03 03 04 9A 05 CF 41 D0 41 27 41 C1 40 D1 41 D2 41 31 41 BD 41 D3 41 26 40 D4 41 D5 41 C9 41 68 41 EE 40 4C 40 20 40 32 41 2C 40 F0 80 88 13 00 01 E8 03 00 02 C4 09 00 03 03 04 9A 05 00 00 00 00 00 00 00 00 00 00 00 00 00 00 00 00 00 00 00 00 00 00 00 00 00 00 00 00 00 00 00 00 00 00 00 00 00 00 00 00 00 00 00 00 00 00 00 00 00 00 00 00 00 00 00 00 00 00 00 00 00 00 00 00 00 00 00 00 00 00 00 00 00 00 00 00 00 00 00 00 00 00 00 00 00 00 00 00 00 00 EF 68 5E 55 00 66 30 6B 7E
[666532][05:03:47.005]7E FF 02 FF 1D 68 64 79 7D 06 17 03 D1 B0 18 04 00 38 01 15 02 01 00 00 69 7F 94 6F B0 18 04 1C 90 E8 06 00 C0 EB 9B C9 33 20 00 00 12 74 72 A3 0B 00 00 10 02 00 00 00 00 00 00 05 00 0F 1C 10 00 64 30 00 09 80 93 77 12 00 03 01 0A D0 02 08 02 30 00 39 00 06 0A AF 0A D6 31 DE D1 25 03 C0 D5 00 59 33 00 41 24 32 00 00 00 00 F3 79 CE 03 FA 39 00 00 24 00 0E 50 15 50 1C 50 31 50 0C 50 04 50 87 50 8A 50 93 51 34 50 36 50 08 50 40 51 D8 50 1A 50 11 50 05 50 0B 50 30 50 BA 51 29 50 39 51 75 50 BC 50 2D 50 5B 50 F7 50 83 50 24 50 21 50 86 50 6A 50 67 50 FB 50 D1 50 F8 51 C6 50 C9 50 14 51 48 51 FF 51 2E 50 C2 50 3D 51 F5 50 FE 51 18 51 3C 51 F2 50 4E 50 1A 51 B4 50 47 51 E1 50 DA 50 2E 51 ED 50 56 50 DF 50 F3 50 FA 51 A8 50 CC 50 CA 50 1B 51 3A 40 F3 41 CB 40 77 41 D5 41 52 40 61 41 96 40 AA 40 98 41 55 41 8D 40 38 40 B2 41 AF 41 D0 40 5E 40 15 41 B0 41 5A 40 E0 40 99 40 80 41 71 81 88 13 00 01 B8 0B 00 02 AC 0D 00 03 03 04 9A 05 9A 05 E7 40 5C 40 8B 40 C5 40 22 40 20 40 44 41 F1 40 4D 40 02 40 80 40 60 40 82 40 AB 40 4B 41 EB 40 17 40 06 40 03 40 81 40 EC 40 09 41 32 40 D5 40 03 41 49 40 F6 80 94 11 00 01 C4 09 00 02 B8 0B 00 03 03 04 9A 05 9A 05 9A 05 F1 81 88 13 00 01 D0 07 00 02 C4 09 00 03 03 04 9A 05 CF 41 D0 41 27 41 C1 40 D1 41 D2 41 31 41 BD 41 D3 41 26 40 D4 41 D5 41 C9 41 68 41 EE 40 4C 40 20 40 32 41 2C 40 F0 80 88 13 00 01 E8 03 00 02 C4 09 00 03 03 04 9A 05 00 00 00 00 00 00 00 00 00 00 00 00 00 00 00 00 00 00 00 00 00 00 00 00 00 00 00 00 00 00 00 00 00 00 00 00 00 00 00 00 00 00 00 00 00 00 00 00 00 00 00 00 00 00 00 00 00 00 00 00 00 00 00 00 00 00 00 00 00 00 00 00 00 00 00 00 00 00 00 00 00 00 00 00 00 00 00 00 00 00 EF 68 5E 55 54 6E ED AE 7E
[666533][05:03:47.065]7E FF 02 FF 1E 68 C2 79 7D 06 19 03 6C 8B 3C 04 00 37 00 15 02 01 00 00 69 7F 94 F3 8A 3C 04 04 90 E8 04 00 14 74 BD C9 33 20 00 00 12 74 72 A3 0B 00 00 10 02 00 00 00 00 00 00 05 00 0F 04 10 00 64 30 00 09 80 44 14 12 00 02 01 0A D0 02 08 02 30 00 39 00 06 0A AF 0A D6 31 DE D1 25 03 C0 D5 00 59 33 00 41 24 32 00 00 00 00 F3 79 CE 03 FA 39 00 00 24 00 0E 50 15 50 1C 50 31 50 0C 50 04 50 87 50 8A 50 93 51 34 50 36 50 08 50 40 51 D8 50 1A 50 11 50 05 50 0B 50 30 50 BA 51 29 50 39 51 75 50 BC 50 2D 50 5B 50 F7 50 83 50 24 50 21 50 86 50 6A 50 67 50 FB 50 D1 50 F8 51 C6 50 C9 50 14 51 48 51 FF 51 2E 50 C2 50 3D 51 F5 50 FE 51 18 51 3C 51 F2 50 4E 50 1A 51 B4 50 47 51 E1 50 DA 50 2E 51 ED 50 56 50 DF 50 F3 50 FA 51 A8 50 CC 50 CA 50 1B 51 3A 40 F3 41 CB 40 77 41 D5 41 52 40 61 41 96 40 AA 40 98 41 55 41 8D 40 38 40 B2 41 AF 41 D0 40 5E 40 15 41 B0 41 5A 40 E0 40 99 40 80 41 71 81 88 13 00 01 B8 0B 00 02 AC 0D 00 03 03 04 9A 05 9A 05 E7 40 5C 40 8B 40 C5 40 22 40 20 40 44 41 F1 40 4D 40 02 40 80 40 60 40 82 40 AB 40 4B 41 EB 40 17 40 06 40 03 40 81 40 EC 40 09 41 32 40 D5 40 03 41 49 40 F6 80 94 11 00 01 C4 09 00 02 B8 0B 00 03 03 04 9A 05 9A 05 9A 05 F1 81 88 13 00 01 D0 07 00 02 C4 09 00 03 03 04 9A 05 CF 41 D0 41 27 41 C1 40 D1 41 D2 41 31 41 BD 41 D3 41 26 40 D4 41 D5 41 C9 41 68 41 EE 40 4C 40 20 40 32 41 2C 40 F0 80 88 13 00 01 E8 03 00 02 C4 09 00 03 03 04 9A 05 00 00 00 00 00 00 00 00 00 00 00 00 00 00 00 00 00 00 00 00 00 00 00 00 00 00 00 00 00 00 00 00 00 00 00 00 00 00 00 00 00 00 00 00 00 00 00 00 00 00 00 00 00 00 00 00 00 00 00 00 00 00 00 00 00 00 00 00 00 00 00 00 00 00 00 00 00 00 00 00 00 00 00 00 00 00 00 00 00 00 64 61 A8 DC D1 15 F3 44 7E
[666534][05:03:47.111]7E FF 02 FF 1F 68 D0 79 7D 06 11 03 D5 E3 41 04 00 36 01 15 02 01 00 00 69 7F 94 4F E3 41 04 04 90 E8 04 00 02 CE A7 C9 33 20 00 00 12 74 72 A3 0B 00 00 10 02 00 00 00 00 00 00 05 00 0F 04 10 00 64 30 00 09 80 44 14 12 00 02 01 0A D0 02 08 02 30 00 39 00 06 0A AF 0A D6 31 DE D1 25 03 C0 D5 00 59 33 00 41 24 32 00 00 00 00 F3 79 CE 03 FA 39 00 00 24 00 0E 50 15 50 1C 50 31 50 0C 50 04 50 87 50 8A 50 93 51 34 50 36 50 08 50 40 51 D8 50 1A 50 11 50 05 50 0B 50 30 50 BA 51 29 50 39 51 75 50 BC 50 2D 50 5B 50 F7 50 83 50 24 50 21 50 86 50 6A 50 67 50 FB 50 D1 50 F8 51 C6 50 C9 50 14 51 48 51 FF 51 2E 50 C2 50 3D 51 F5 50 FE 51 18 51 3C 51 F2 50 4E 50 1A 51 B4 50 47 51 E1 50 DA 50 2E 51 ED 50 56 50 DF 50 F3 50 FA 51 A8 50 CC 50 CA 50 1B 51 3A 40 F3 41 CB 40 77 41 D5 41 52 40 61 41 96 40 AA 40 98 41 55 41 8D 40 38 40 B2 41 AF 41 D0 40 5E 40 15 41 B0 41 5A 40 E0 40 99 40 80 41 71 81 88 13 00 01 B8 0B 00 02 AC 0D 00 03 03 04 9A 05 9A 05 E7 40 5C 40 8B 40 C5 40 22 40 20 40 44 41 F1 40 4D 40 02 40 80 40 60 40 82 40 AB 40 4B 41 EB 40 17 40 06 40 03 40 81 40 EC 40 09 41 32 40 D5 40 03 41 49 40 F6 80 94 11 00 01 C4 09 00 02 B8 0B 00 03 03 04 9A 05 9A 05 9A 05 F1 81 88 13 00 01 D0 07 00 02 C4 09 00 03 03 04 9A 05 CF 41 D0 41 27 41 C1 40 D1 41 D2 41 31 41 BD 41 D3 41 26 40 D4 41 D5 41 C9 41 68 41 EE 40 4C 40 20 40 32 41 2C 40 F0 80 88 13 00 01 E8 03 00 02 C4 09 00 03 03 04 9A 05 00 00 00 00 00 00 00 00 00 00 00 00 00 00 00 00 00 00 00 00 00 00 00 00 00 00 00 00 00 00 00 00 00 00 00 00 00 00 00 00 00 00 00 00 00 00 00 00 00 00 00 00 00 00 00 00 00 00 00 00 00 00 00 00 00 00 00 00 00 00 00 00 00 00 00 00 00 00 00 00 00 00 00 00 00 00 00 00 00 00 64 61 A8 DC 7B 04 BD 2D 7E
[666535][05:03:47.156]7E FF 02 FF 20 68 82 79 7D 06 4D 02 D6 33 4A 04 00 2E 00 15 02 01 00 00 69 7F 94 41 36 4A 04 87 90 E8 06 00 E4 8B F5 C9 33 20 00 00 12 74 72 A3 0B 00 00 10 02 00 00 00 00 00 00 05 00 0F 87 10 00 51 70 00 00 68 35 16 12 00 03 01 0A D0 02 08 02 30 00 39 00 06 0A AF 0A D6 31 DE D1 25 03 C0 D5 00 59 33 00 41 24 32 00 00 00 00 F3 79 CE 03 FA 39 00 00 24 00 0E 50 15 50 1C 50 31 50 0C 50 04 50 87 50 8A 50 93 51 34 50 36 50 08 50 40 51 D8 50 1A 50 11 50 05 50 0B 50 30 50 BA 51 29 50 39 51 75 50 BC 50 2D 50 5B 50 F7 50 83 50 24 50 21 50 86 50 6A 50 67 50 FB 50 D1 50 F8 51 C6 50 C9 50 14 51 48 51 FF 51 2E 50 C2 50 3D 51 F5 50 FE 51 18 51 3C 51 F2 50 4E 50 1A 51 B4 50 47 51 E1 50 DA 50 2E 51 ED 50 56 50 DF 50 F3 50 FA 51 A8 50 CC 50 CA 50 1B 51 3A 40 F3 41 CB 40 77 41 D5 41 52 40 61 41 96 40 AA 40 98 41 55 41 8D 40 38 40 B2 41 AF 41 D0 40 5E 40 15 41 B0 41 5A 40 E0 40 99 40 80 41 71 81 88 13 00 01 B8 0B 00 02 AC 0D 00 03 03 04 9A 05 00 00 00 00 00 00 00 00 00 00 00 00 00 00 00 00 00 00 00 00 00 00 00 00 00 00 00 00 00 00 00 00 00 00 00 00 00 00 00 00 00 00 00 00 00 00 00 00 00 00 00 00 00 00 00 00 00 00 00 00 00 00 00 00 00 00 00 00 00 00 00 00 00 00 00 00 00 00 00 00 00 00 00 00 00 00 00 00 00 00 00 00 00 00 00 00 00 00 00 00 00 00 00 00 00 00 00 00 00 00 00 00 00 00 00 00 00 00 00 00 00 00 00 00 00 00 00 00 00 00 00 00 00 00 00 00 00 00 00 00 00 00 00 00 00 00 00 00 00 00 00 00 00 00 00 00 00 00 00 00 00 00 00 00 00 00 00 00 00 00 00 00 00 00 00 00 00 00 00 00 00 00 00 00 00 00 00 00 00 00 00 00 00 00 00 00 00 00 00 00 00 00 00 00 00 00 00 00 00 00 00 00 00 00 00 00 00 00 00 00 00 00 00 00 00 00 00 00 00 00 00 00 00 00 00 00 00 00 00 00 D0 B1 7B 46 66 AA 81 40 7E
[666536][05:03:47.201]7E FF 02 FF 21 68 76 7A 7D 06 13 03 77 35 81 04 00 35 00 15 02 01 00 00 69 7F 94 13 35 81 04 36 90 E8 06 00 FF 49 07 C9 33 20 00 00 12 74 72 A3 0B 00 00 10 02 00 00 00 00 00 00 05 00 0F 36 10 00 64 30 00 09 79 78 92 12 00 03 01 0A D0 02 08 02 30 00 39 00 06 0A AF 0A D6 31 DE D1 25 03 C0 D5 00 59 33 00 41 24 32 00 00 00 00 F3 79 CE 03 FA 39 00 00 24 00 0E 50 15 50 1C 50 31 50 0C 50 04 50 87 50 8A 50 93 51 34 50 36 50 08 50 40 51 D8 50 1A 50 11 50 05 50 0B 50 30 50 BA 51 29 50 39 51 75 50 BC 50 2D 50 5B 50 F7 50 83 50 24 50 21 50 86 50 6A 50 67 50 FB 50 D1 50 F8 51 C6 50 C9 50 14 51 48 51 FF 51 2E 50 C2 50 3D 51 F5 50 FE 51 18 51 3C 51 F2 50 4E 50 1A 51 B4 50 47 51 E1 50 DA 50 2E 51 ED 50 56 50 DF 50 F3 50 FA 51 A8 50 CC 50 CA 50 1B 51 3A 40 F3 41 CB 40 77 41 D5 41 52 40 61 41 96 40 AA 40 98 41 55 41 8D 40 38 40 B2 41 AF 41 D0 40 5E 40 15 41 B0 41 5A 40 E0 40 99 40 80 41 71 81 88 13 00 01 B8 0B 00 02 AC 0D 00 03 03 04 9A 05 9A 05 E7 40 5C 40 8B 40 C5 40 22 40 20 40 44 41 F1 40 4D 40 02 40 80 40 60 40 82 40 AB 40 4B 41 EB 40 17 40 06 40 03 40 81 40 EC 40 09 41 32 40 D5 40 03 41 49 40 F6 80 94 11 00 01 C4 09 00 02 B8 0B 00 03 03 04 9A 05 9A 05 9A 05 F1 81 88 13 00 01 D0 07 00 02 C4 09 00 03 03 04 9A 05 CF 41 D0 41 27 41 C1 40 D1 41 D2 41 31 41 BD 41 D3 41 26 40 D4 41 D5 41 C9 41 68 41 EE 40 4C 40 20 40 32 41 2C 40 F0 80 88 13 00 01 E8 03 00 02 C4 09 00 03 03 04 9A 05 00 00 00 00 00 00 00 00 00 00 00 00 00 00 00 00 00 00 00 00 00 00 00 00 00 00 00 00 00 00 00 00 00 00 00 00 00 00 00 00 00 00 00 00 00 00 00 00 00 00 00 00 00 00 00 00 00 00 00 00 00 00 00 00 00 00 00 00 00 00 00 00 00 00 00 00 00 00 00 00 00 00 00 00 00 00 00 00 00 00 57 DE 76 8B EE 05 70 0F 7E
[666537][05:03:47.261]7E FF 02 FF 22 68 84 7A 7D 06 19 03 D0 8D 86 04 00 37 00 15 02 01 00 00 69 7F 94 6F 8D 86 04 36 90 E8 06 00 08 01 6C C9 33 20 00 00 12 74 72 A3 0B 00 00 10 02 00 00 00 00 00 00 05 00 0F 36 10 00 64 30 00 09 79 78 92 12 00 03 01 0A D0 02 08 02 30 00 39 00 06 0A AF 0A D6 31 DE D1 25 03 C0 D5 00 59 33 00 41 24 32 00 00 00 00 F3 79 CE 03 FA 39 00 00 24 00 0E 50 15 50 1C 50 31 50 0C 50 04 50 87 50 8A 50 93 51 34 50 36 50 08 50 40 51 D8 50 1A 50 11 50 05 50 0B 50 30 50 BA 51 29 50 39 51 75 50 BC 50 2D 50 5B 50 F7 50 83 50 24 50 21 50 86 50 6A 50 67 50 FB 50 D1 50 F8 51 C6 50 C9 50 14 51 48 51 FF 51 2E 50 C2 50 3D 51 F5 50 FE 51 18 51 3C 51 F2 50 4E 50 1A 51 B4 50 47 51 E1 50 DA 50 2E 51 ED 50 56 50 DF 50 F3 50 FA 51 A8 50 CC 50 CA 50 1B 51 3A 40 F3 41 CB 40 77 41 D5 41 52 40 61 41 96 40 AA 40 98 41 55 41 8D 40 38 40 B2 41 AF 41 D0 40 5E 40 15 41 B0 41 5A 40 E0 40 99 40 80 41 71 81 88 13 00 01 B8 0B 00 02 AC 0D 00 03 03 04 9A 05 9A 05 E7 40 5C 40 8B 40 C5 40 22 40 20 40 44 41 F1 40 4D 40 02 40 80 40 60 40 82 40 AB 40 4B 41 EB 40 17 40 06 40 03 40 81 40 EC 40 09 41 32 40 D5 40 03 41 49 40 F6 80 94 11 00 01 C4 09 00 02 B8 0B 00 03 03 04 9A 05 9A 05 9A 05 F1 81 88 13 00 01 D0 07 00 02 C4 09 00 03 03 04 9A 05 CF 41 D0 41 27 41 C1 40 D1 41 D2 41 31 41 BD 41 D3 41 26 40 D4 41 D5 41 C9 41 68 41 EE 40 4C 40 20 40 32 41 2C 40 F0 80 88 13 00 01 E8 03 00 02 C4 09 00 03 03 04 9A 05 00 00 00 00 00 00 00 00 00 00 00 00 00 00 00 00 00 00 00 00 00 00 00 00 00 00 00 00 00 00 00 00 00 00 00 00 00 00 00 00 00 00 00 00 00 00 00 00 00 00 00 00 00 00 00 00 00 00 00 00 00 00 00 00 00 00 00 00 00 00 00 00 00 00 00 00 00 00 00 00 00 00 00 00 00 00 00 00 00 00 57 DE 76 8B 0F E5 13 C0 7E
[666538][05:03:47.308]7E FF 02 FF 23 68 E2 7A 7D 06 3A 03 9F 6C AA 04 00 3A 00 15 02 01 00 00 69 7F 94 E5 6E AA 04 D8 90 E8 06 00 F3 E8 EA C9 33 20 00 00 12 74 72 A3 0B 00 00 10 02 00 00 00 00 00 00 05 00 0F D8 10 00 47 30 00 15 61 49 26 12 00 03 01 0A D0 02 08 02 30 00 39 00 06 0A AF 0A D6 31 DE D1 25 03 C0 D5 00 59 33 00 41 24 32 00 00 00 00 F3 79 CE 03 FA 39 00 00 24 00 0E 50 15 50 1C 50 31 50 0C 50 04 50 87 50 8A 50 93 51 34 50 36 50 08 50 40 51 D8 50 1A 50 11 50 05 50 0B 50 30 50 BA 51 29 50 39 51 75 50 BC 50 2D 50 5B 50 F7 50 83 50 24 50 21 50 86 50 6A 50 67 50 FB 50 D1 50 F8 51 C6 50 C9 50 14 51 48 51 FF 51 2E 50 C2 50 3D 51 F5 50 FE 51 18 51 3C 51 F2 50 4E 50 1A 51 B4 50 47 51 E1 50 DA 50 2E 51 ED 50 56 50 DF 50 F3 50 FA 51 A8 50 CC 50 CA 50 1B 51 3A 40 F3 41 CB 40 77 41 D5 41 52 40 61 41 96 40 AA 40 98 41 55 41 8D 40 38 40 B2 41 AF 41 D0 40 5E 40 15 41 B0 41 5A 40 E0 40 99 40 80 41 71 81 88 13 00 01 B8 0B 00 02 AC 0D 00 03 03 04 9A 05 00 00 00 00 00 00 00 00 00 00 00 00 00 00 00 00 00 00 00 00 00 00 00 00 00 00 00 00 00 00 00 00 00 00 00 00 00 00 00 00 00 00 00 00 00 00 00 00 00 00 00 00 00 00 00 00 00 00 00 00 00 00 00 00 00 00 00 00 00 00 00 00 00 00 00 00 00 00 00 00 00 00 00 00 00 00 00 00 00 00 00 00 00 00 00 00 00 00 00 00 00 00 00 00 00 00 00 00 00 00 00 00 00 00 00 00 00 00 00 00 00 00 00 00 00 00 00 00 00 00 00 00 00 00 00 00 00 00 00 00 00 00 00 00 00 00 00 00 00 00 00 00 00 00 00 00 00 00 00 00 00 00 00 00 00 00 00 00 00 00 00 00 00 00 00 00 00 00 00 00 00 00 00 00 00 00 00 00 00 00 00 00 00 00 00 00 00 00 00 00 00 00 00 00 00 00 00 00 00 00 00 00 00 00 00 00 00 00 00 00 00 00 00 00 00 00 00 00 00 00 00 00 00 00 00 00 00 00 00 00 B8 7D B6 82 24 48 B2 0E 7E
[666539][05:03:49.687]7E FF 02 FF 24 68 0E 84 7D 06 06 03 EE 3E 50 08 00 35 01 15 02 01 00 00 69 7F 94 73 3E 50 08 5E 90 E8 04 00 48 CC E6 C8 33 20 00 00 12 74 72 A3 0B 00 00 10 02 00 00 00 00 00 00 05 00 0F 5E 10 00 64 30 00 09 81 40 41 11 00 02 01 0A D0 02 08 02 30 00 39 00 06 0A AF 0A D6 31 DE D1 25 03 C0 23 00 59 33 00 41 24 32 00 00 00 00 F3 79 CE 03 FA 39 00 00 24 00 88 13 00 01 B8 0B 00 02 AC 0D 00 03 03 04 9A 05 9A 05 E7 40 5C 40 8B 40 C5 40 22 40 20 40 44 41 F1 40 4D 40 02 40 80 40 60 40 82 40 AB 40 4B 41 EB 40 17 40 06 40 03 40 81 40 EC 40 09 41 32 40 D5 40 03 41 49 40 F6 80 94 11 00 01 C4 09 00 02 B8 0B 00 03 03 04 9A 05 9A 05 9A 05 F1 81 88 13 00 01 D0 07 00 02 C4 09 00 03 03 04 9A 05 CF 41 D0 41 27 41 C1 40 D1 41 D2 41 31 41 BD 41 D3 41 26 40 D4 41 D5 41 C9 41 68 41 EE 40 4C 40 20 40 32 41 2C 40 F0 80 88 13 00 01 E8 03 00 02 C4 09 00 03 03 04 9A 05 00 00 00 00 00 00 00 00 00 00 00 00 00 00 00 00 00 00 00 00 00 00 00 00 00 00 00 00 00 00 00 00 00 00 00 00 00 00 00 00 00 00 00 00 00 00 00 00 00 00 00 00 00 00 00 00 00 00 00 00 00 00 00 00 00 00 00 00 00 00 00 00 00 00 00 00 00 00 00 00 00 00 00 00 00 00 00 00 00 00 00 00 00 00 00 00 00 00 00 00 00 00 00 00 00 00 00 00 00 00 00 00 00 00 00 00 00 00 00 00 00 00 00 00 00 00 00 00 00 00 00 00 00 00 00 00 00 00 00 00 00 00 00 00 00 00 00 00 00 00 00 00 00 00 00 00 00 00 00 00 00 00 00 00 00 00 00 00 00 00 00 00 00 00 00 00 00 00 00 00 00 00 00 00 00 00 00 00 00 00 00 00 00 00 00 00 00 00 00 00 00 00 00 00 00 00 00 00 00 00 00 00 00 00 00 00 00 00 00 00 00 00 00 00 00 00 00 00 00 00 00 00 00 00 00 00 00 00 00 00 00 00 00 00 00 00 00 00 00 00 00 00 00 00 00 00 00 00 00 00 00 00 00 00 00 00 00 00 57 C7 1A 6B E2 74 9D 2E 7E
[666540][05:03:49.734]7E FF 02 FF 25 68 1C 84 7D 06 2B 03 49 97 55 08 00 35 01 15 02 01 00 00 69 7F 94 CF 96 55 08 5E 90 E8 04 00 66 D4 6B C8 33 20 00 00 12 74 72 A3 0B 00 00 10 02 00 00 00 00 00 00 05 00 0F 5E 10 00 64 30 00 09 81 40 41 11 00 02 01 0A D0 02 08 02 30 00 39 00 06 0A AF 0A D6 31 DE D1 25 03 C0 23 00 59 33 00 41 24 32 00 00 00 00 F3 79 CE 03 FA 39 00 00 24 00 88 13 00 01 B8 0B 00 02 AC 0D 00 03 03 04 9A 05 9A 05 E7 40 5C 40 8B 40 C5 40 22 40 20 40 44 41 F1 40 4D 40 02 40 80 40 60 40 82 40 AB 40 4B 41 EB 40 17 40 06 40 03 40 81 40 EC 40 09 41 32 40 D5 40 03 41 49 40 F6 80 94 11 00 01 C4 09 00 02 B8 0B 00 03 03 04 9A 05 9A 05 9A 05 F1 81 88 13 00 01 D0 07 00 02 C4 09 00 03 03 04 9A 05 CF 41 D0 41 27 41 C1 40 D1 41 D2 41 31 41 BD 41 D3 41 26 40 D4 41 D5 41 C9 41 68 41 EE 40 4C 40 20 40 32 41 2C 40 F0 80 88 13 00 01 E8 03 00 02 C4 09 00 03 03 04 9A 05 00 00 00 00 00 00 00 00 00 00 00 00 00 00 00 00 00 00 00 00 00 00 00 00 00 00 00 00 00 00 00 00 00 00 00 00 00 00 00 00 00 00 00 00 00 00 00 00 00 00 00 00 00 00 00 00 00 00 00 00 00 00 00 00 00 00 00 00 00 00 00 00 00 00 00 00 00 00 00 00 00 00 00 00 00 00 00 00 00 00 00 00 00 00 00 00 00 00 00 00 00 00 00 00 00 00 00 00 00 00 00 00 00 00 00 00 00 00 00 00 00 00 00 00 00 00 00 00 00 00 00 00 00 00 00 00 00 00 00 00 00 00 00 00 00 00 00 00 00 00 00 00 00 00 00 00 00 00 00 00 00 00 00 00 00 00 00 00 00 00 00 00 00 00 00 00 00 00 00 00 00 00 00 00 00 00 00 00 00 00 00 00 00 00 00 00 00 00 00 00 00 00 00 00 00 00 00 00 00 00 00 00 00 00 00 00 00 00 00 00 00 00 00 00 00 00 00 00 00 00 00 00 00 00 00 00 00 00 00 00 00 00 00 00 00 00 00 00 00 00 00 00 00 00 00 00 00 00 00 00 00 00 00 00 00 00 00 00 57 C7 1A 6B 36 0C 28 AF 7E
[666541][05:03:49.914]7E FF 02 FF 26 68 99 85 7D 06 D6 00 D7 95 C0 08 00 35 01 10 00 01 00 03 69 7F 94 F0 0C 06 2D 00 00 00 10 02 17 89 32 3F 3E C7 54 7E
[666542][05:03:49.944]7E FF 02 FF 27 68 46 85 7D 06 C3 03 C8 5C C7 08 00 35 01 10 00 01 00 02 69 7F 94 10 D8 30 08 01 08 00 00 00 9D 99 65 6B 73 54 F8 7E
[666543][05:03:49.959]7E FF 02 FF 28 68 4A 85 7D 06 D7 03 4B DD C8 08 00 39 00 94 00 01 00 01 69 7F 94 03 F0 FF 01 99 12 79 42 00 C1 18 D1 30 00 FF 2F 01 37 DD 00 6E 78 01 04 00 33 00 00 08 00 00 00 03 B0 00 21 30 00 09 05 35 34 20 00 00 12 74 72 39 00 00 00 19 00 08 01 08 00 2F 00 00 00 00 00 0B 30 44 00 00 08 0A C4 04 00 00 02 00 00 40 04 00 00 81 00 00 00 00 00 04 00 00 00 10 00 00 11 00 00 08 00 00 40 02 00 80 00 10 00 00 00 00 10 08 06 01 04 01 04 03 01 07 04 01 04 03 01 01 01 01 02 02 03 01 01 02 04 03 02 D6 95 E9 DF 00 00 97 0B E1 F1 7E
[666544][05:03:49.989]7E FF 02 FF 29 68 41 85 7D 06 D2 03 52 D5 C3 08 01 22 10 14 01 01 00 01 69 7F 94 01 80 0D 03 6A 41 00 10 00 16 42 9C 10 00 57 00 03 42 2F 30 74 88 FF 00 00 33 00 00 11 03 00 00 01 02 83 06 14 35 28 0A FE FE FE FE 68 62 00 43 05 39 92 04 09 00 30 10 1B 86 10 00 3E 05 03 2C 50 02 02 00 01 20 21 02 00 1C 07 EA 06 1E 01 2D 00 08 00 20 21 02 00 00 20 01 04 00 00 20 00 02 00 00 20 01 02 00 00 20 04 02 00 00 20 0A 02 00 00 00 10 02 01 00 00 20 02 01 00 01 10 F0 D5 56 98 83 8E 08 15 8F 01 3B 87 D4 9A 8C D7 8E 15 16 AF A2 4D A5 00 00 00 00 00 00 00 00 00 00 00 00 00 00 00 00 00 00 00 00 00 00 00 00 00 00 00 00 00 00 00 00 00 00 00 00 00 00 00 00 00 00 00 00 00 00 00 00 00 00 00 00 00 00 00 00 00 00 00 00 00 00 00 00 00 00 00 00 00 00 00 00 00 00 00 00 00 00 00 00 00 00 00 00 00 00 00 00 00 00 00 00 00 00 00 00 00 00 00 00 00 00 00 00 00 00 00 00 00 00 00 00 00 00 00 00 00 00 00 00 00 00 00 00 EB A2 60 FB 7E
[666545][05:03:50.004]7E FF 02 FF 2A 68 E2 85 7D 06 E5 01 E3 EA DA 08 01 22 10 34 00 01 00 01 69 7F 94 01 80 0D 03 85 10 00 10 00 C8 FC F3 10 00 34 01 0A 43 2F 30 10 88 FF 00 00 33 00 00 11 A1 00 00 01 23 73 0C 30 00 09 03 54 73 03 02 D7 9D 45 96 A0 66 CD FA 7E
[666546][05:03:50.049]7E FF 02 FF 2B 68 FB 85 7D 06 74 03 1B 36 E6 08 00 37 00 14 01 01 00 01 69 7F 94 D8 30 08 03 6F 16 EB C4 00 5F 1C 3B 10 00 57 00 03 42 2F 30 74 88 EF 00 00 33 00 00 11 03 00 00 01 02 83 06 14 35 28 0A FE FE FE FE 68 62 00 43 05 39 92 04 09 00 30 10 1B 86 10 00 3E 05 03 2C 50 02 02 00 01 20 21 02 00 1C 07 EA 06 1E 01 2D 00 08 00 20 21 02 00 00 20 01 04 00 00 20 00 02 00 00 20 01 02 00 00 20 04 02 00 00 20 0A 02 00 00 00 10 02 01 00 00 20 02 01 00 01 10 F0 D5 56 98 83 8E 08 15 8F 01 3B 87 D4 9A 8C D7 8E 15 16 AF A2 4D A5 00 00 00 00 00 00 00 00 00 00 00 00 00 00 00 00 00 00 00 00 00 00 00 00 00 00 00 00 00 00 00 00 00 00 00 00 00 00 00 00 00 00 00 00 00 00 00 00 00 00 00 00 00 00 00 00 00 00 00 00 00 00 00 00 00 00 00 00 00 00 00 00 00 00 00 00 00 00 00 00 00 00 00 00 00 00 00 00 00 00 00 00 00 00 00 00 00 00 00 00 00 00 00 00 00 00 00 00 00 00 00 00 00 00 00 00 00 00 00 00 00 00 00 00 E1 3C F3 D5 7E
[666547][05:03:50.154]7E FF 02 FF 2C 68 03 86 7D 06 55 00 EC 1A 0F 09 00 39 00 14 01 01 00 01 69 7F 94 2E F0 FF 01 E5 14 EB C2 00 C4 E5 56 E0 02 FF 2F 01 A6 15 00 72 70 01 04 00 33 00 00 08 00 00 00 2E 30 08 32 30 00 09 04 16 28 20 00 00 12 74 72 39 FD 02 11 1E 00 0A 01 0A 00 2E 00 00 00 00 00 83 30 00 40 02 00 12 00 00 00 00 00 00 00 00 05 00 00 89 00 00 00 00 00 04 00 04 12 02 C5 00 00 2C 00 02 00 00 44 80 00 10 50 00 08 00 00 00 01 01 01 02 01 02 02 01 01 01 01 01 01 01 02 01 01 01 05 01 01 01 02 01 01 02 01 01 02 01 01 04 70 80 14 00 00 00 00 00 00 00 00 00 00 00 00 00 00 00 00 00 00 00 00 00 00 00 00 00 00 00 00 00 00 00 00 00 00 00 00 00 00 00 00 00 00 00 00 00 00 00 00 00 00 00 00 00 00 00 00 00 00 00 00 00 00 00 00 00 00 00 00 00 00 00 00 00 00 00 00 00 00 00 00 00 00 00 00 00 00 00 00 00 00 00 00 00 00 00 00 00 00 00 00 00 00 00 00 00 00 00 00 00 00 00 00 00 00 00 00 00 00 00 00 00 00 00 00 00 00 66 72 4B 5A 7E
[666548][05:03:50.184]7E FF 02 FF 2D 68 92 86 7D 06 1E 00 A7 7B 1F 09 00 39 00 94 00 01 00 01 69 7F 94 2E 30 08 01 FC 13 79 40 00 F5 C8 5D E0 02 83 00 04 A7 15 00 4C 70 EF 04 00 33 00 00 07 00 00 00 2E 00 F5 00 A4 00 40 00 4E 43 02 08 1A E4 24 00 00 22 A9 10 49 6D 00 40 CF 08 00 00 34 D9 56 02 6C D7 3A ED 0E 3D FF D4 0A 04 54 4D 82 A0 F6 70 B4 0A C1 04 00 31 0C 00 00 00 00 04 00 00 00 00 00 00 00 00 00 01 00 80 55 33 CD 4F 00 00 00 00 00 00 00 00 00 00 00 00 00 00 00 00 00 00 00 00 00 00 00 00 00 00 00 00 00 00 00 00 00 00 00 00 A1 C4 30 23 7E
[666549][05:03:50.230]7E FF 02 FF 2E 68 66 86 7D 06 E2 02 87 22 35 09 00 39 00 10 00 01 00 02 69 7F 94 01 21 00 00 01 1F 00 00 00 AE CD 06 F0 C0 43 CB 7E
[666550][05:03:50.259]7E FF 02 FF 2F 68 7B 86 7D 06 13 00 78 D9 3C 09 00 39 00 54 00 01 00 01 69 7F 94 49 30 05 01 D6 12 40 E4 00 EA 6F D8 90 04 01 00 0A F6 C8 00 1C 70 EF 04 00 33 00 00 03 00 00 00 49 00 53 00 00 00 00 00 00 00 00 00 F5 00 00 01 06 00 00 00 39 00 00 00 CF 24 82 2D 00 00 00 00 00 00 00 00 00 00 00 00 00 00 00 00 00 00 00 00 DD 1B 95 7A 7E
[666551][05:03:50.290]7E FF 02 FF 30 68 FD 86 7D 06 3F 00 10 52 48 09 00 3A 00 94 00 01 00 01 69 7F 94 2E 30 08 01 FC 13 79 44 00 E4 CA D9 E0 02 83 00 04 A7 15 00 4C 70 EF 04 00 33 00 00 07 00 00 00 2E 00 F5 00 A4 00 40 00 4E 43 02 08 1A E4 24 00 00 22 A9 10 49 6D 00 40 CF 08 00 00 34 D9 56 02 6C D7 3A ED 0E 3D FF D4 0A 04 54 4D 82 A0 F6 70 B4 0A C1 04 00 31 0C 00 00 00 00 04 00 00 00 00 00 00 00 00 00 01 00 80 55 33 CD 4F 00 00 00 00 00 00 00 00 00 00 00 00 00 00 00 00 00 00 00 00 00 00 00 00 00 00 00 00 00 00 00 00 00 00 00 00 0A 82 1F 36 7E
[666552][05:03:50.529]7E FF 02 FF 31 68 E8 87 7D 06 4A 00 DD F7 A1 09 00 39 00 94 00 01 00 01 69 7F 94 2E 30 08 01 FC 13 79 40 00 F5 C8 5D E0 02 83 00 04 A9 15 00 4C 70 EF 04 00 33 00 00 07 00 00 00 2E 00 F5 00 A0 00 40 00 4E 43 02 08 1A E4 24 00 00 22 A9 10 49 6D 00 40 CF 08 00 00 34 D9 56 02 6C D7 3A ED 0E 3D FF D4 0A 04 54 4D 82 A0 F6 70 B4 0A C1 04 00 31 0C 00 00 00 00 04 00 00 00 00 00 00 00 00 00 01 00 80 9C 55 4A 00 00 00 00 00 00 00 00 00 00 00 00 00 00 00 00 00 00 00 00 00 00 00 00 00 00 00 00 00 00 00 00 00 00 00 00 00 F7 F7 FA C0 7E
[666553][05:03:50.560]7E FF 02 FF 32 68 11 88 7D 06 0D 01 96 B2 B1 09 00 39 00 10 00 01 00 02 69 7F 94 10 D8 30 08 01 0F 00 00 00 EC 59 E0 26 12 62 A4 7E
[666554][05:03:50.635]7E FF 02 FF 33 68 FF 87 7D 06 AA 00 6F F2 D0 09 00 39 00 10 00 01 00 02 69 7F 94 10 21 00 00 01 19 00 00 00 DC 4D 9B FF F8 9F 09 7E
[666555][05:03:50.681]7E FF 02 FF 34 68 8C 88 7D 06 2C 00 4A 8A E0 09 00 39 00 10 00 01 00 02 69 7F 94 01 21 00 00 01 1F 00 00 00 AE CD 06 6F 59 9F 68 7E
[666556][05:03:50.711]7E FF 02 FF 35 68 9E 88 7D 06 6B 02 D8 99 E7 09 00 34 00 94 00 01 00 01 69 7F 94 21 B0 00 01 FC 13 79 44 00 2C 52 BC 10 02 0B 00 04 D2 79 00 3B 78 EF 04 00 33 00 00 07 00 00 00 21 00 21 00 6D 00 2F 00 4E 43 02 08 1A E4 24 00 00 22 89 10 49 6D 00 00 C7 08 00 00 30 01 54 00 25 00 12 E5 0A 31 7F C4 0A 04 80 48 02 20 F0 70 B4 0A C1 04 00 30 0C 85 BB AA A0 00 00 00 00 00 00 00 00 00 00 00 00 00 00 00 00 00 00 00 00 00 00 00 00 00 00 00 00 00 00 00 00 00 00 00 00 00 00 00 00 00 00 00 00 00 00 00 00 00 00 00 00 00 12 A1 0F C4 7E
[666557][05:03:50.727]7E FF 02 FF 36 68 5D 88 7D 06 14 03 5D 08 F5 09 00 34 00 10 00 01 00 02 69 7F 94 10 2E C0 13 01 1A 00 00 00 F7 D9 DC 5D 7D 3A 28 7E
[666558][05:03:50.817]7E FF 02 FF 37 68 F2 88 7D 06 61 00 79 71 07 0A 00 3D 00 14 01 01 00 01 69 7F 94 49 F0 FF 01 E5 14 EB C2 00 AE E5 92 90 04 FF 2F 01 F7 C8 00 A4 70 01 04 00 33 00 00 08 00 00 00 49 50 0F 51 30 00 09 03 55 07 20 00 00 12 74 72 39 1C 0D 32 4F 00 08 01 0B 00 2F 00 00 00 00 00 F5 30 0A 42 02 08 0A C4 00 00 00 20 89 10 09 64 00 00 4C 08 00 00 34 08 54 00 44 10 32 2C 0A 39 7F C4 08 04 00 40 02 A0 70 30 B0 0A C1 00 00 10 0C 01 01 01 02 02 02 01 01 01 03 03 02 01 01 01 05 03 01 05 02 04 01 03 01 05 01 03 02 01 04 04 01 06 02 02 05 03 02 05 04 03 05 02 01 02 04 06 05 01 01 06 01 06 01 02 03 02 01 02 04 01 04 01 06 02 02 05 04 02 02 02 02 03 05 02 02 01 02 02 9B 58 3E 6A 00 00 00 00 00 00 00 00 00 00 00 00 00 00 00 00 00 00 00 00 00 00 00 00 00 00 00 00 00 00 00 00 00 00 00 00 00 00 00 00 00 00 00 00 00 00 00 00 00 00 00 00 00 00 00 00 00 00 00 00 00 00 00 00 00 00 00 00 00 00 00 00 00 00 00 00 9C 51 1C D7 7E
[666559][05:03:50.953]7E FF 02 FF 38 68 7E 89 7D 06 4F 01 DE F1 3C 0A 00 39 00 14 01 01 00 01 69 7F 94 2E F0 FF 01 E5 14 EB C2 00 C4 E5 56 E0 02 FF 2F 01 AA 15 00 72 70 01 04 00 33 00 00 08 00 00 00 2E 30 08 32 30 00 09 04 16 28 20 00 00 12 74 72 39 00 02 11 1E 00 0A 01 06 00 2E 00 00 00 00 00 83 30 00 40 02 00 12 00 00 00 00 00 00 00 00 05 00 00 89 00 00 00 00 00 04 00 04 12 02 C5 00 00 2C 00 02 00 00 44 80 00 10 50 00 08 00 00 00 01 01 01 02 01 02 02 01 01 01 01 01 01 01 02 01 01 01 05 01 01 01 02 01 01 02 01 01 02 01 01 93 16 94 81 00 00 00 00 00 00 00 00 00 00 00 00 00 00 00 00 00 00 00 00 00 00 00 00 00 00 00 00 00 00 00 00 00 00 00 00 00 00 00 00 00 00 00 00 00 00 00 00 00 00 00 00 00 00 00 00 00 00 00 00 00 00 00 00 00 00 00 00 00 00 00 00 00 00 00 00 00 00 00 00 00 00 00 00 00 00 00 00 00 00 00 00 00 00 00 00 00 00 00 00 00 00 00 00 00 00 00 00 00 00 00 00 00 00 00 00 00 00 00 00 00 00 00 00 00 00 03 F0 7B 74 7E
[666560][05:03:50.983]7E FF 02 FF 39 68 2D 89 7D 06 B4 00 CF 21 44 0A 00 FD 03 14 01 01 00 01 69 7F 94 01 B0 00 03 27 16 EB C0 00 4F 94 14 10 00 86 00 03 44 2F 30 74 88 FF 00 00 33 00 00 11 03 00 00 01 02 83 06 15 35 28 0A FE FE FE FE 68 62 00 43 05 40 92 04 09 00 30 10 6E D6 10 00 3E 05 03 2D 50 02 02 00 01 20 21 02 00 1C 07 EA 06 1E 01 2D 00 08 00 20 21 02 00 00 20 01 04 00 00 20 00 02 00 00 20 01 02 00 00 20 04 02 00 00 20 0A 02 00 00 00 10 02 01 00 00 20 02 01 00 01 10 F0 D5 56 98 83 8E 08 15 8F 01 3B 87 D4 9A 8C D7 29 45 16 6F 5D 10 BD 00 00 00 00 00 00 00 00 00 00 00 00 00 00 00 00 00 00 00 00 00 00 00 00 00 00 00 00 00 00 00 00 00 00 00 00 00 00 00 00 00 00 00 00 00 00 00 00 00 00 00 00 00 00 00 00 00 00 00 00 00 00 00 00 00 00 00 00 00 00 00 00 00 00 00 00 00 00 00 00 00 00 00 00 00 00 00 00 00 00 00 00 00 00 00 00 00 00 00 00 00 00 00 00 00 00 00 00 00 00 00 00 00 00 00 00 00 00 00 00 00 00 00 00 FF EC E7 D6 7E
[666561][05:03:51.029]7E FF 02 FF 3A 68 C8 89 7D 06 11 00 6A 0B 59 0A 00 FD 03 14 01 01 00 01 69 7F 94 01 B0 00 03 27 16 EB C4 00 5E 96 90 10 00 86 00 03 44 2F 30 74 88 FF 00 00 33 00 00 11 03 00 00 01 02 83 06 15 35 28 0A FE FE FE FE 68 62 00 43 05 40 92 04 09 00 30 10 6E D6 10 00 3E 05 03 2D 50 02 02 00 01 20 21 02 00 1C 07 EA 06 1E 01 2D 00 08 00 20 21 02 00 00 20 01 04 00 00 20 00 02 00 00 20 01 02 00 00 20 04 02 00 00 20 0A 02 00 00 00 10 02 01 00 00 20 02 01 00 01 10 F0 D5 56 98 83 8E 08 15 8F 01 3B 87 D4 9A 8C D7 29 45 16 6F 5D 10 BD 00 00 00 00 00 00 00 00 00 00 00 00 00 00 00 00 00 00 00 00 00 00 00 00 00 00 00 00 00 00 00 00 00 00 00 00 00 00 00 00 00 00 00 00 00 00 00 00 00 00 00 00 00 00 00 00 00 00 00 00 00 00 00 00 00 00 00 00 00 00 00 00 00 00 00 00 00 00 00 00 00 00 00 00 00 00 00 00 00 00 00 00 00 00 00 00 00 00 00 00 00 00 00 00 00 00 00 00 00 00 00 00 00 00 00 00 00 00 00 00 00 00 00 00 70 AB 97 35 7E
[666562][05:03:51.119]7E FF 02 FF 3B 68 22 8A 7D 06 7C 01 33 85 7B 0A 00 FE 03 14 01 01 00 01 69 7F 94 01 B0 00 03 27 16 EB C4 00 5E 96 90 10 00 86 00 03 44 2F 30 74 88 FF 00 00 33 00 00 11 03 00 00 01 02 83 06 15 35 28 0A FE FE FE FE 68 62 00 43 05 40 92 04 09 00 30 10 6E D6 10 00 3E 05 03 2D 50 02 02 00 01 20 21 02 00 1C 07 EA 06 1E 01 2D 00 08 00 20 21 02 00 00 20 01 04 00 00 20 00 02 00 00 20 01 02 00 00 20 04 02 00 00 20 0A 02 00 00 00 10 02 01 00 00 20 02 01 00 01 10 F0 D5 56 98 83 8E 08 15 8F 01 3B 87 D4 9A 8C D7 29 45 16 6F 5D 10 BD 00 00 00 00 00 00 00 00 00 00 00 00 00 00 00 00 00 00 00 00 00 00 00 00 00 00 00 00 00 00 00 00 00 00 00 00 00 00 00 00 00 00 00 00 00 00 00 00 00 00 00 00 00 00 00 00 00 00 00 00 00 00 00 00 00 00 00 00 00 00 00 00 00 00 00 00 00 00 00 00 00 00 00 00 00 00 00 00 00 00 00 00 00 00 00 00 00 00 00 00 00 00 00 00 00 00 00 00 00 00 00 00 00 00 00 00 00 00 00 00 00 00 00 00 62 65 B2 78 7E
[666563][05:03:51.223]7E FF 02 FF 3C 68 A5 8A 7D 06 22 00 77 5D AD 0A 00 37 00 94 00 01 00 01 69 7F 94 21 B0 00 01 FC 13 79 44 00 2C 52 BC 10 02 0B 00 04 D3 79 00 3B 78 EF 04 00 33 00 00 07 00 00 00 21 00 21 00 6C 00 2F 00 4E 43 02 08 1A E4 24 00 00 22 89 10 49 6D 00 00 C7 08 00 00 30 01 54 00 65 00 12 E4 0A 31 7F C4 0A 04 80 48 02 20 F0 70 B4 0A C1 04 00 30 0C 60 6A 39 0A 00 00 00 00 00 00 00 00 00 00 00 00 00 00 00 00 00 00 00 00 00 00 00 00 00 00 00 00 00 00 00 00 00 00 00 00 00 00 00 00 00 00 00 00 00 00 00 00 00 00 00 00 00 97 6D 44 8F 7E
[666564][05:03:51.269]7E FF 02 FF 3D 68 62 8A 7D 06 A9 01 35 19 BA 0A 00 3B 00 94 00 01 00 01 69 7F 94 2E 30 08 01 FC 13 79 44 00 E4 CA D9 E0 02 83 00 04 AB 15 00 4C 70 EF 04 00 33 00 00 07 00 00 00 2E 00 2E 00 9E 00 40 00 0E 43 02 08 1A E4 04 00 00 22 89 10 49 6D 00 00 CF 08 00 00 34 D8 56 02 6C 97 32 ED 0A 3D FF D4 0A 04 54 44 82 A0 F6 70 B0 0A C1 04 00 31 0C 00 00 00 00 00 00 00 00 00 00 00 00 00 00 00 00 80 EB BE 85 C8 00 00 00 00 00 00 00 00 00 00 00 00 00 00 00 00 00 00 00 00 00 00 00 00 00 00 00 00 00 00 00 00 00 00 00 00 09 89 7B 79 7E
[666565][05:03:51.300]7E FF 02 FF 3E 68 F1 8A 7D 06 63 00 1C 60 CA 0A 00 39 00 94 00 01 00 01 69 7F 94 21 B0 00 01 FC 13 79 44 00 2C 52 BC 10 02 0B 00 04 D3 79 00 3B 78 EF 04 00 33 00 00 07 00 00 00 21 00 21 00 6C 00 2F 00 4E 43 02 08 1A E4 24 00 00 22 89 10 49 6D 00 00 C7 08 00 00 30 01 54 00 65 00 12 E4 0A 31 7F C4 0A 04 80 48 02 20 F0 70 B4 0A C1 04 00 30 0C 60 6A 39 0A 00 00 00 00 00 00 00 00 00 00 00 00 00 00 00 00 00 00 00 00 00 00 00 00 00 00 00 00 00 00 00 00 00 00 00 00 00 00 00 00 00 00 00 00 00 00 00 00 00 00 00 00 00 56 A3 41 A8 7E
[666566][05:03:51.316]7E FF 02 FF 3F 68 FD 8A 7D 06 6E 01 E3 0C CF 0A 00 38 00 94 00 01 00 01 69 7F 94 2E 30 08 01 FC 13 79 44 00 E4 CA D9 E0 02 83 00 04 AD 15 00 4C 70 EF 04 00 33 00 00 07 00 00 00 2E 00 2E 00 A2 00 40 00 4E 43 02 08 1A E4 24 00 00 22 A9 10 49 6D 00 00 CF 08 00 00 34 D8 56 02 6C 97 3A ED 0A 3D FF D4 0A 04 54 4C 82 A0 F6 70 B4 0A C1 04 00 31 0C 00 00 00 00 04 00 00 00 00 00 00 00 00 00 01 08 80 87 AA E5 5B 00 00 00 00 00 00 00 00 00 00 00 00 00 00 00 00 00 00 00 00 00 00 00 00 00 00 00 00 00 00 00 00 00 00 00 00 0E 41 ED F4 7E
[666567][05:03:51.362]7E FF 02 FF 40 68 C8 8A 7D 06 F2 02 D5 21 E1 0A 00 38 00 94 00 01 00 01 69 7F 94 00 10 02 01 FC 13 79 44 00 BD A4 6E 00 00 21 00 0A 76 10 00 5C 10 EF 0C 00 33 00 00 30 00 09 05 35 36 FF FF FF FF FF FF 00 00 00 00 30 00 09 05 35 36 21 00 00 00 00 00 00 00 00 00 39 03 00 01 46 84 24 45 E8 07 02 12 09 23 07 03 01 00 01 01 00 02 02 00 0D 00 00 09 03 31 17 6E 54 4E 59 58 12 00 12 00 00 00 00 00 01 00 00 00 57 4F 67 7F EC 5A F8 8C 80 A1 1B 00 00 31 44 59 58 03 FB C1 01 9C 02 01 15 4C B3 85 00 00 00 00 00 00 00 00 3C B5 69 13 7E
[666568][05:03:51.378]7E FF 02 FF 41 68 36 8B 7D 06 35 00 FC AC E4 0A 00 37 00 94 00 01 00 01 69 7F 94 34 31 08 03 FC 13 79 44 00 5D DB 37 40 13 01 00 0A F6 29 30 64 70 EF 04 00 33 00 00 11 A1 00 00 01 13 73 0C 30 00 09 03 54 73 03 03 34 11 8E 24 A2 31 C1 74 00 24 00 00 EC FF 0A 00 DF FF F2 FF F4 FF EF FF F9 FF DA FF 06 00 E3 FF ED FF ED FF FC FF F2 FF E7 FF FD FF D1 FF 13 00 E3 FF EE FF E9 FF 02 00 E6 FF EC FF F2 FF FA FF 01 00 E0 FF F0 FF F5 FF ED FF 03 00 E0 FF 00 00 E8 FF EF FF E8 2F CB 33 00 00 00 00 00 00 00 00 00 00 00 00 C1 A7 33 E3 7E
[666569][05:03:51.392]7E FF 02 FF 42 68 5F 8B 7D 06 4E 03 F9 A3 F4 0A 00 37 00 10 00 01 00 02 69 7F 94 10 2E 70 14 01 18 00 00 00 BA D5 A9 EA F4 6A AF 7E
[666570][05:03:51.498]7E FF 02 FF 43 68 97 8B 7D 06 8F 03 72 69 08 0B 01 23 10 14 01 01 00 01 69 7F 94 01 80 0D 03 6A 41 00 10 00 16 42 9C 10 00 5A 01 03 45 2F 30 74 88 FF 00 00 33 00 00 11 03 00 00 01 02 83 06 18 35 28 0A FE FE FE FE 68 62 00 43 05 44 92 04 09 00 30 10 18 B9 10 00 3E 05 03 2F 50 02 02 00 01 20 21 02 00 1C 07 EA 06 1E 01 2D 00 08 00 20 21 02 00 00 20 01 04 00 00 20 00 02 00 00 20 01 02 00 00 20 04 02 00 00 20 0A 02 00 00 00 10 02 01 00 00 20 02 01 00 01 10 F0 D5 56 98 83 8E 08 15 8F 01 3B 87 D4 9A 8C D7 67 E4 16 78 6C B7 B6 00 00 00 00 00 00 00 00 00 00 00 00 00 00 00 00 00 00 00 00 00 00 00 00 00 00 00 00 00 00 00 00 00 00 00 00 00 00 00 00 00 00 00 00 00 00 00 00 00 00 00 00 00 00 00 00 00 00 00 00 00 00 00 00 00 00 00 00 00 00 00 00 00 00 00 00 00 00 00 00 00 00 00 00 00 00 00 00 00 00 00 00 00 00 00 00 00 00 00 00 00 00 00 00 00 00 00 00 00 00 00 00 00 00 00 00 00 00 00 00 00 00 00 00 FD E4 E8 AF 7E
[666571][05:03:51.513]7E FF 02 FF 44 68 B3 8B 7D 06 F0 01 F0 8A 14 0B 00 37 00 10 00 01 00 02 69 7F 94 10 D8 10 0D 01 00 00 00 00 55 91 C6 AF 07 30 9F 7E
[666572][05:03:51.544]7E FF 02 FF 45 68 BC 8B 7D 06 55 01 F6 E6 17 0B 00 38 00 14 01 01 00 01 69 7F 94 D8 10 0D 03 14 14 76 B0 00 2D 28 B9 10 00 5A 01 03 45 2F 30 74 88 EF 00 00 33 00 00 11 03 00 00 01 02 83 06 18 35 28 0A FE FE FE FE 68 62 00 43 05 44 92 04 09 00 30 10 18 B9 10 00 3E 05 03 2F 50 02 02 00 01 20 21 02 00 1C 07 EA 06 1E 01 2D 00 08 00 20 21 02 00 00 20 01 04 00 00 20 00 02 00 00 20 01 02 00 00 20 04 02 00 00 20 0A 02 00 00 00 10 02 01 00 00 20 02 01 00 01 10 F0 D5 56 98 83 8E 08 15 8F 01 3B 87 D4 9A 8C D7 67 E4 16 78 6C B7 B6 00 00 00 00 00 00 00 00 00 00 00 00 00 00 00 00 00 00 00 00 00 00 00 00 00 00 00 00 00 00 00 00 00 00 00 00 00 00 00 00 00 00 00 00 00 00 00 00 00 00 00 00 00 00 00 00 00 00 00 00 00 00 00 00 00 00 00 00 00 00 00 00 00 00 00 00 00 00 00 00 00 00 00 00 00 00 00 00 00 00 00 00 00 00 00 00 00 00 00 00 00 00 00 00 00 00 00 00 00 00 00 00 00 00 00 00 00 00 00 00 00 00 00 00 1E 39 F2 DC 7E
[666573][05:03:51.559]7E FF 02 FF 46 68 D5 8B 7D 06 AC 02 8F 91 21 0B 00 36 00 14 01 01 00 01 69 7F 94 D8 10 0D 03 6F 16 EB C4 00 56 9D 9A 10 00 5A 01 03 45 2F 30 74 88 EF 00 00 33 00 00 11 03 00 00 01 02 83 06 18 35 28 0A FE FE FE FE 68 62 00 43 05 44 92 04 09 00 30 10 18 B9 10 00 3E 05 03 2F 50 02 02 00 01 20 21 02 00 1C 07 EA 06 1E 01 2D 00 08 00 20 21 02 00 00 20 01 04 00 00 20 00 02 00 00 20 01 02 00 00 20 04 02 00 00 20 0A 02 00 00 00 10 02 01 00 00 20 02 01 00 01 10 F0 D5 56 98 83 8E 08 15 8F 01 3B 87 D4 9A 8C D7 67 E4 16 78 6C B7 B6 00 00 00 00 00 00 00 00 00 00 00 00 00 00 00 00 00 00 00 00 00 00 00 00 00 00 00 00 00 00 00 00 00 00 00 00 00 00 00 00 00 00 00 00 00 00 00 00 00 00 00 00 00 00 00 00 00 00 00 00 00 00 00 00 00 00 00 00 00 00 00 00 00 00 00 00 00 00 00 00 00 00 00 00 00 00 00 00 00 00 00 00 00 00 00 00 00 00 00 00 00 00 00 00 00 00 00 00 00 00 00 00 00 00 00 00 00 00 00 00 00 00 00 00 B7 FF 8E 7C 7E
[666574][05:03:51.574]7E FF 02 FF 47 68 7F 8B 7D 06 43 01 C7 BE 25 0B 01 22 0D 10 00 01 00 02 69 7F 94 00 01 80 0D 00 A8 00 00 00 DC 8D 82 41 93 88 04 7E
[666575][05:03:51.590]7E FF 02 FF 48 68 88 8B 7D 06 CF 03 4B 73 2A 0B 00 35 00 14 01 01 00 01 69 7F 94 D8 10 0D 03 6F 16 EB C4 00 56 9D 9A 10 00 5A 01 03 45 2F 30 74 88 EF 00 00 33 00 00 11 03 00 00 01 02 83 06 18 35 28 0A FE FE FE FE 68 62 00 43 05 44 92 04 09 00 30 10 18 B9 10 00 3E 05 03 2F 50 02 02 00 01 20 21 02 00 1C 07 EA 06 1E 01 2D 00 08 00 20 21 02 00 00 20 01 04 00 00 20 00 02 00 00 20 01 02 00 00 20 04 02 00 00 20 0A 02 00 00 00 10 02 01 00 00 20 02 01 00 01 10 F0 D5 56 98 83 8E 08 15 8F 01 3B 87 D4 9A 8C D7 67 E4 16 78 6C B7 B6 00 00 00 00 00 00 00 00 00 00 00 00 00 00 00 00 00 00 00 00 00 00 00 00 00 00 00 00 00 00 00 00 00 00 00 00 00 00 00 00 00 00 00 00 00 00 00 00 00 00 00 00 00 00 00 00 00 00 00 00 00 00 00 00 00 00 00 00 00 00 00 00 00 00 00 00 00 00 00 00 00 00 00 00 00 00 00 00 00 00 00 00 00 00 00 00 00 00 00 00 00 00 00 00 00 00 00 00 00 00 00 00 00 00 00 00 00 00 00 00 00 00 00 00 1F B9 B7 9D 7E
[666576][05:03:51.605]7E FF 02 FF 49 68 03 8C 7D 06 80 02 9E 1F 33 0B 00 35 00 10 00 01 00 02 69 7F 94 01 2E F0 0D 01 15 00 00 00 1F DF 83 67 BA 3B 1E 7E
[666577][05:03:51.620]7E FF 02 FF 4A 68 0F 8C 7D 06 62 02 C8 AA 37 0B 00 39 00 94 00 01 00 01 69 7F 94 2E 30 08 01 FC 13 79 44 00 E4 CA D9 E0 02 83 00 04 AD 15 00 4C 70 EF 04 00 33 00 00 07 00 00 00 2E 00 2E 00 A2 00 40 00 4E 43 02 08 1A E4 24 00 00 22 A9 10 49 6D 00 00 CF 08 00 00 34 D8 56 02 6C 97 3A ED 0A 3D FF D4 0A 04 54 4C 82 A0 F6 70 B4 0A C1 04 00 31 0C 00 00 00 00 04 00 00 00 00 00 00 00 00 00 01 08 80 87 AA E5 5B 00 00 00 00 00 00 00 00 00 00 00 00 00 00 00 00 00 00 00 00 00 00 00 00 00 00 00 00 00 00 00 00 00 00 00 00 C6 81 66 79 7E
[666578][05:03:51.620]7E FF 02 FF 4B 68 1F 8C 7D 06 B1 02 19 D3 3D 0B 00 39 00 10 00 01 00 02 69 7F 94 10 D8 10 0D 01 0E 01 00 00 B5 01 85 55 94 38 6D 7E
[666579][05:03:51.651]7E FF 02 FF 4C 68 26 8C 7D 06 C0 02 B3 7B 40 0B 00 3A 00 14 01 01 00 01 69 7F 94 D8 10 0D 03 14 14 76 B4 00 3C 2A 3D 10 00 5A 01 03 45 2F 30 74 88 EF 00 00 33 00 00 11 03 00 00 01 02 83 06 18 35 28 0A FE FE FE FE 68 62 00 43 05 44 92 04 09 00 30 10 18 B9 10 00 3E 05 03 2F 50 02 02 00 01 20 21 02 00 1C 07 EA 06 1E 01 2D 00 08 00 20 21 02 00 00 20 01 04 00 00 20 00 02 00 00 20 01 02 00 00 20 04 02 00 00 20 0A 02 00 00 00 10 02 01 00 00 20 02 01 00 01 10 F0 D5 56 98 83 8E 08 15 8F 01 3B 87 D4 9A 8C D7 67 E4 16 78 6C B7 B6 00 00 00 00 00 00 00 00 00 00 00 00 00 00 00 00 00 00 00 00 00 00 00 00 00 00 00 00 00 00 00 00 00 00 00 00 00 00 00 00 00 00 00 00 00 00 00 00 00 00 00 00 00 00 00 00 00 00 00 00 00 00 00 00 00 00 00 00 00 00 00 00 00 00 00 00 00 00 00 00 00 00 00 00 00 00 00 00 00 00 00 00 00 00 00 00 00 00 00 00 00 00 00 00 00 00 00 00 00 00 00 00 00 00 00 00 00 00 00 00 00 00 00 00 F1 A6 B5 8C 7E
[666580][05:03:51.667]7E FF 02 FF 4D 68 38 8C 7D 06 52 03 F0 65 47 0B 00 36 00 14 01 01 00 01 69 7F 94 D8 10 0D 03 6F 16 EB C4 00 56 9D 9A 10 00 5A 01 03 45 2F 30 74 88 EF 00 00 33 00 00 11 03 00 00 01 02 83 06 18 35 28 0A FE FE FE FE 68 62 00 43 05 44 92 04 09 00 30 10 18 B9 10 00 3E 05 03 2F 50 02 02 00 01 20 21 02 00 1C 07 EA 06 1E 01 2D 00 08 00 20 21 02 00 00 20 01 04 00 00 20 00 02 00 00 20 01 02 00 00 20 04 02 00 00 20 0A 02 00 00 00 10 02 01 00 00 20 02 01 00 01 10 F0 D5 56 98 83 8E 08 15 8F 01 3B 87 D4 9A 8C D7 67 E4 16 78 6C B7 B6 00 00 00 00 00 00 00 00 00 00 00 00 00 00 00 00 00 00 00 00 00 00 00 00 00 00 00 00 00 00 00 00 00 00 00 00 00 00 00 00 00 00 00 00 00 00 00 00 00 00 00 00 00 00 00 00 00 00 00 00 00 00 00 00 00 00 00 00 00 00 00 00 00 00 00 00 00 00 00 00 00 00 00 00 00 00 00 00 00 00 00 00 00 00 00 00 00 00 00 00 00 00 00 00 00 00 00 00 00 00 00 00 00 00 00 00 00 00 00 00 00 00 00 00 BA 71 33 CC 7E
[666581][05:03:51.682]7E FF 02 FF 4E 68 67 8C 7D 06 5B 02 26 41 59 0B 00 36 00 10 00 01 00 02 69 7F 94 10 D8 10 0D 01 00 01 00 00 54 81 02 29 B9 E8 45 7E
[666582][05:03:51.728]7E FF 02 FF 4F 68 84 8C 7D 06 F6 02 CA 5A 64 0B 00 38 00 14 01 01 00 01 69 7F 94 D8 10 0D 03 6F 16 EB C4 00 56 9D 9A 10 00 5A 01 03 45 2F 30 74 88 EF 00 00 33 00 00 11 03 00 00 01 02 83 06 18 35 28 0A FE FE FE FE 68 62 00 43 05 44 92 04 09 00 30 10 18 B9 10 00 3E 05 03 2F 50 02 02 00 01 20 21 02 00 1C 07 EA 06 1E 01 2D 00 08 00 20 21 02 00 00 20 01 04 00 00 20 00 02 00 00 20 01 02 00 00 20 04 02 00 00 20 0A 02 00 00 00 10 02 01 00 00 20 02 01 00 01 10 F0 D5 56 98 83 8E 08 15 8F 01 3B 87 D4 9A 8C D7 67 E4 16 78 6C B7 B6 00 00 00 00 00 00 00 00 00 00 00 00 00 00 00 00 00 00 00 00 00 00 00 00 00 00 00 00 00 00 00 00 00 00 00 00 00 00 00 00 00 00 00 00 00 00 00 00 00 00 00 00 00 00 00 00 00 00 00 00 00 00 00 00 00 00 00 00 00 00 00 00 00 00 00 00 00 00 00 00 00 00 00 00 00 00 00 00 00 00 00 00 00 00 00 00 00 00 00 00 00 00 00 00 00 00 00 00 00 00 00 00 00 00 00 00 00 00 00 00 00 00 00 00 0D 42 43 DF 7E
[666583][05:03:51.788]7E FF 02 FF 50 68 C2 8C 7D 06 43 03 A5 0A 7C 0B 00 38 00 14 01 01 00 01 69 7F 94 D8 10 0D 03 14 14 76 B4 00 3C 2A 3D 10 00 5A 01 03 45 2F 30 74 88 EF 00 00 33 00 00 11 03 00 00 01 02 83 06 18 35 28 0A FE FE FE FE 68 62 00 43 05 44 92 04 09 00 30 10 18 B9 10 00 3E 05 03 2F 50 02 02 00 01 20 21 02 00 1C 07 EA 06 1E 01 2D 00 08 00 20 21 02 00 00 20 01 04 00 00 20 00 02 00 00 20 01 02 00 00 20 04 02 00 00 20 0A 02 00 00 00 10 02 01 00 00 20 02 01 00 01 10 F0 D5 56 98 83 8E 08 15 8F 01 3B 87 D4 9A 8C D7 67 E4 16 78 6C B7 B6 00 00 00 00 00 00 00 00 00 00 00 00 00 00 00 00 00 00 00 00 00 00 00 00 00 00 00 00 00 00 00 00 00 00 00 00 00 00 00 00 00 00 00 00 00 00 00 00 00 00 00 00 00 00 00 00 00 00 00 00 00 00 00 00 00 00 00 00 00 00 00 00 00 00 00 00 00 00 00 00 00 00 00 00 00 00 00 00 00 00 00 00 00 00 00 00 00 00 00 00 00 00 00 00 00 00 00 00 00 00 00 00 00 00 00 00 00 00 00 00 00 00 00 00 82 25 9E EC 7E
[666584][05:03:51.788]7E FF 02 FF 51 68 CC 8C 7D 06 1C 03 B7 D5 7F 0B 00 3B 00 54 00 01 00 01 69 7F 94 2E 30 08 01 D6 12 40 E0 00 FA C0 B8 C0 0E 01 00 0A CC 4C 00 1C 18 BF 04 00 33 00 00 03 00 00 00 EC 00 60 00 00 00 00 00 00 00 00 00 3C 01 00 01 0B 00 00 00 39 00 00 00 F5 89 58 F9 00 00 00 00 00 00 00 00 00 00 00 00 00 00 00 00 00 00 00 00 3E D9 CE B7 7E
[666585][05:03:51.803]7E FF 02 FF 52 68 E5 8C 7D 06 A2 01 CD 9F 87 0B 01 22 10 34 00 01 00 01 69 7F 94 01 80 0D 03 85 10 00 10 00 C8 FC F3 10 00 6D 00 03 46 2F 30 08 88 FF 00 00 33 00 00 11 A2 00 00 01 41 17 35 BC EC D3 9F 00 00 00 00 00 00 00 00 C7 08 D8 C2 7E
[666586][05:03:51.834]7E FF 02 FF 53 68 B2 8C 7D 06 57 01 9F DF 9A 0B 01 23 0D 10 00 01 00 02 69 7F 94 00 01 80 0D 00 A9 00 00 00 CD CD 06 76 5F 60 DD 7E
[666587][05:03:51.864]7E FF 02 FF 54 68 AE 8C 7D 06 FB 01 5D 6E 9A 0B 00 3A 00 14 01 01 00 01 69 7F 94 D8 10 0D 03 6F 16 EB C4 00 56 9D 9A 10 00 5A 01 03 45 2F 30 74 88 EF 00 00 33 00 00 11 03 00 00 01 02 83 06 18 35 28 0A FE FE FE FE 68 62 00 43 05 44 92 04 09 00 30 10 18 B9 10 00 3E 05 03 2F 50 02 02 00 01 20 21 02 00 1C 07 EA 06 1E 01 2D 00 08 00 20 21 02 00 00 20 01 04 00 00 20 00 02 00 00 20 01 02 00 00 20 04 02 00 00 20 0A 02 00 00 00 10 02 01 00 00 20 02 01 00 01 10 F0 D5 56 98 83 8E 08 15 8F 01 3B 87 D4 9A 8C D7 67 E4 16 78 6C B7 B6 00 00 00 00 00 00 00 00 00 00 00 00 00 00 00 00 00 00 00 00 00 00 00 00 00 00 00 00 00 00 00 00 00 00 00 00 00 00 00 00 00 00 00 00 00 00 00 00 00 00 00 00 00 00 00 00 00 00 00 00 00 00 00 00 00 00 00 00 00 00 00 00 00 00 00 00 00 00 00 00 00 00 00 00 00 00 00 00 00 00 00 00 00 00 00 00 00 00 00 00 00 00 00 00 00 00 00 00 00 00 00 00 00 00 00 00 00 00 00 00 00 00 00 00 6C 5C 1A A8 7E
[666588][05:03:51.926]7E FF 02 FF 55 68 46 8D 7D 06 6B 03 87 66 AE 0B 00 37 00 14 01 01 00 01 69 7F 94 D8 10 0D 03 6F 16 EB C4 00 56 9D 9A 10 00 5A 01 03 45 2F 30 74 88 EF 00 00 33 00 00 11 03 00 00 01 02 83 06 18 35 28 0A FE FE FE FE 68 62 00 43 05 44 92 04 09 00 30 10 18 B9 10 00 3E 05 03 2F 50 02 02 00 01 20 21 02 00 1C 07 EA 06 1E 01 2D 00 08 00 20 21 02 00 00 20 01 04 00 00 20 00 02 00 00 20 01 02 00 00 20 04 02 00 00 20 0A 02 00 00 00 10 02 01 00 00 20 02 01 00 01 10 F0 D5 56 98 83 8E 08 15 8F 01 3B 87 D4 9A 8C D7 67 E4 16 78 6C B7 B6 00 00 00 00 00 00 00 00 00 00 00 00 00 00 00 00 00 00 00 00 00 00 00 00 00 00 00 00 00 00 00 00 00 00 00 00 00 00 00 00 00 00 00 00 00 00 00 00 00 00 00 00 00 00 00 00 00 00 00 00 00 00 00 00 00 00 00 00 00 00 00 00 00 00 00 00 00 00 00 00 00 00 00 00 00 00 00 00 00 00 00 00 00 00 00 00 00 00 00 00 00 00 00 00 00 00 00 00 00 00 00 00 00 00 00 00 00 00 00 00 00 00 00 00 99 8C F3 21 7E
[666589][05:03:51.926]7E FF 02 FF 56 68 5C 8D 7D 06 C3 02 47 C1 B6 0B 00 37 00 10 00 01 00 03 69 7F 94 F0 0C 43 25 00 00 00 10 02 2C 2C 1B 92 29 33 92 7E
[666590][05:03:51.971]7E FF 02 FF 57 68 98 8D 7D 06 95 02 AF 9A CD 0B 00 3A 00 54 00 01 00 01 69 7F 94 D8 30 08 03 59 12 20 D0 00 AA 2B 5F 10 00 6D 00 03 46 2F 30 08 88 EF 00 00 33 00 00 11 A2 00 00 01 41 17 35 BC EC D3 9F 00 00 00 00 00 00 00 00 66 9E CE 00 00 00 00 00 00 00 00 00 00 00 00 00 00 00 00 00 00 00 00 00 00 00 00 00 00 00 00 00 CD 99 DD 81 7E
[666591][05:03:52.062]7E FF 02 FF 58 68 FB 8D 7D 06 3E 00 7C 2B F3 0B 00 3A 00 10 00 01 00 02 69 7F 94 10 2E 70 14 01 F3 00 00 00 0A 1B 93 0F 62 BC B7 7E
[666592][05:03:52.136]7E FF 02 FF 59 68 DC 8D 7D 06 62 02 87 B3 0D 0C 00 3A 00 10 00 01 00 02 69 7F 94 10 D8 30 08 01 0D 00 00 00 CD D9 64 D7 2F EE 3E 7E
[666593][05:03:52.152]7E FF 02 FF 5A 68 E9 8D 7D 06 79 00 DF 79 12 0C 00 3A 00 10 00 01 00 02 69 7F 94 10 D8 30 08 01 0C 00 00 00 DC 99 E0 4E DB BB 6A 7E
[666594][05:03:52.152]7E FF 02 FF 5B 68 EB 8D 7D 06 1E 01 DA 3D 12 0C 01 23 0C 10 00 01 00 02 69 7F 94 00 01 80 0D 00 A8 00 00 00 DC 8D 82 66 A6 CF AC 7E
[666595][05:03:52.182]7E FF 02 FF 5C 68 71 8E 7D 06 7B 00 14 33 20 0C 00 3A 00 10 00 01 00 02 69 7F 94 10 2E 70 14 01 14 00 00 00 7A D5 AA A1 0A A1 A5 7E
[666596][05:03:52.242]7E FF 02 FF 5D 68 4B 8E 7D 06 38 01 DD EC 37 0C 00 3A 00 10 00 01 00 02 69 7F 94 10 2E 40 0B 01 1F 00 00 00 80 DB 49 C9 A0 8F 6C 7E
[666597][05:03:52.557]7E FF 02 FF 5E 68 B4 8F 7D 06 F6 00 58 D8 99 0C 01 22 0F 14 01 01 00 01 69 7F 94 01 80 0D 03 6A 41 00 10 00 16 42 9C 10 00 35 01 03 47 2F 30 74 88 FF 00 00 33 00 00 11 03 00 00 01 02 83 06 16 35 28 0A FE FE FE FE 68 62 00 43 05 43 92 04 09 00 30 10 00 7E 10 00 3E 05 03 2E 50 02 02 00 01 20 21 02 00 1C 07 EA 06 1E 01 2D 00 08 00 20 21 02 00 00 20 01 04 00 00 20 00 02 00 00 20 01 02 00 00 20 04 02 00 00 20 0A 02 00 00 00 10 02 01 00 00 20 02 01 00 01 10 F0 D5 56 98 83 8E 08 15 8F 01 3B 87 D4 9A 8C D7 C0 B4 16 74 DF 8F F7 00 00 00 00 00 00 00 00 00 00 00 00 00 00 00 00 00 00 00 00 00 00 00 00 00 00 00 00 00 00 00 00 00 00 00 00 00 00 00 00 00 00 00 00 00 00 00 00 00 00 00 00 00 00 00 00 00 00 00 00 00 00 00 00 00 00 00 00 00 00 00 00 00 00 00 00 00 00 00 00 00 00 00 00 00 00 00 00 00 00 00 00 00 00 00 00 00 00 00 00 00 00 00 00 00 00 00 00 00 00 00 00 00 00 00 00 00 00 00 00 00 00 00 00 0A 04 81 26 7E
[666598][05:03:52.588]7E FF 02 FF 5F 68 7B 8F 7D 06 CA 00 CC D2 AB 0C 00 37 00 14 01 01 00 01 69 7F 94 D8 30 08 03 14 14 76 B0 00 24 A9 18 10 00 35 01 03 47 2F 30 74 88 EF 00 00 33 00 00 11 03 00 00 01 02 83 06 16 35 28 0A FE FE FE FE 68 62 00 43 05 43 92 04 09 00 30 10 00 7E 10 00 3E 05 03 2E 50 02 02 00 01 20 21 02 00 1C 07 EA 06 1E 01 2D 00 08 00 20 21 02 00 00 20 01 04 00 00 20 00 02 00 00 20 01 02 00 00 20 04 02 00 00 20 0A 02 00 00 00 10 02 01 00 00 20 02 01 00 01 10 F0 D5 56 98 83 8E 08 15 8F 01 3B 87 D4 9A 8C D7 C0 B4 16 74 DF 8F F7 00 00 00 00 00 00 00 00 00 00 00 00 00 00 00 00 00 00 00 00 00 00 00 00 00 00 00 00 00 00 00 00 00 00 00 00 00 00 00 00 00 00 00 00 00 00 00 00 00 00 00 00 00 00 00 00 00 00 00 00 00 00 00 00 00 00 00 00 00 00 00 00 00 00 00 00 00 00 00 00 00 00 00 00 00 00 00 00 00 00 00 00 00 00 00 00 00 00 00 00 00 00 00 00 00 00 00 00 00 00 00 00 00 00 00 00 00 00 00 00 00 00 00 00 BC 9D 69 C3 7E
[666599][05:03:52.588]7E FF 02 FF 60 68 EF 8F 7D 06 8F 03 C6 2D B1 0C 01 22 0C 10 00 01 00 02 69 7F 94 00 01 80 0D 00 A8 00 00 00 DC 8D 82 FD EC 8B FE 7E
[666600][05:03:52.635]7E FF 02 FF 61 68 18 90 7D 06 2B 01 36 03 C0 0C 01 22 0F 94 00 01 00 01 69 7F 94 01 80 0D 01 E8 30 00 10 00 0E B5 D2 10 00 D8 00 05 48 2F 00 34 88 FF 00 00 33 00 00 01 00 00 00 30 00 09 04 91 53 20 00 00 12 74 72 0A 03 4C 31 D1 00 01 01 19 46 20 45 E1 93 04 00 04 00 00 00 19 7E 00 00 00 00 00 00 00 00 00 00 00 00 00 00 A5 37 51 9B 00 00 00 00 00 00 00 00 00 00 00 00 00 00 00 00 00 00 00 00 00 00 00 00 00 00 00 00 00 00 00 00 00 00 00 00 00 00 00 00 00 00 00 00 00 00 00 00 00 00 00 00 00 00 00 00 00 00 00 00 70 E3 74 94 7E
[666601][05:03:52.635]7E FF 02 FF 62 68 CC 8F 7D 06 CA 00 DF BE CA 0C 00 37 00 10 00 01 00 02 69 7F 94 01 D8 10 0D 01 0E 01 00 00 A7 01 19 95 32 85 1E 7E
[666602][05:03:52.651]7E FF 02 FF 63 68 D6 8F 7D 06 6D 02 0E B2 CE 0C 00 37 00 94 00 01 00 01 69 7F 94 D8 10 0D 01 EF 12 3D 60 00 66 9D F4 80 0D D1 00 00 27 41 00 34 10 FF 08 00 33 00 00 30 00 15 61 49 26 30 00 09 04 44 96 01 00 00 00 30 00 09 04 91 53 20 00 00 12 74 72 0A 03 4C 31 D1 00 01 01 19 46 20 45 E1 93 04 00 04 00 00 00 19 7E 00 00 00 00 00 00 00 00 00 00 00 00 00 00 A5 37 51 9B 00 00 00 00 00 00 00 00 00 00 00 00 00 00 00 00 00 00 00 00 00 00 00 00 00 00 00 00 00 00 00 00 00 00 00 00 00 00 00 00 00 00 00 00 00 00 00 00 A4 E4 B2 A1 7E
[666603][05:03:52.727]7E FF 02 FF 64 68 79 90 7D 06 56 01 EC 9F E6 0C 00 3E 00 94 00 01 00 01 69 7F 94 D8 10 0D 01 24 14 79 44 00 78 BD 23 80 0D D1 00 00 27 41 00 34 10 FF 08 00 33 00 00 30 00 15 61 49 26 30 00 09 04 44 96 01 00 00 00 30 00 09 04 91 53 20 00 00 12 74 72 0A 03 4C 31 D1 00 01 01 19 46 20 45 E1 93 04 00 04 00 00 00 19 7E 00 00 00 00 00 00 00 00 00 00 00 00 00 00 A5 37 51 9B 00 00 00 00 00 00 00 00 00 00 00 00 00 00 00 00 00 00 00 00 00 00 00 00 00 00 00 00 00 00 00 00 00 00 00 00 00 00 00 00 00 00 00 00 00 00 00 00 83 45 10 D3 7E
[666604][05:03:52.803]7E FF 02 FF 65 68 D6 90 7D 06 13 01 29 1B 0A 0D 00 3E 00 10 00 01 00 02 69 7F 94 10 2E A0 0D 01 1F 00 00 00 39 0D 17 27 95 2C 95 7E
[666605][05:03:52.954]7E FF 02 FF 66 68 72 91 7D 06 8B 00 8A 90 45 0D 00 3E 00 10 00 01 00 02 69 7F 94 10 D8 30 08 01 0D 00 00 00 CD D9 64 FF B8 76 FB 7E
[666606][05:03:52.969]7E FF 02 FF 67 68 80 91 7D 06 65 03 12 22 4A 0D 01 23 0D 10 00 01 00 02 69 7F 94 00 01 80 0D 00 A8 00 00 00 DC 8D 82 94 2E 45 55 7E
[666607][05:03:53.015]7E FF 02 FF 68 68 9D 91 7D 06 D3 00 F8 5E 54 0D 01 23 0F 94 00 01 00 01 69 7F 94 01 80 0D 01 E8 30 00 10 00 0E B5 D2 10 00 D8 00 0A 4A 2F 00 34 88 FF 08 00 33 00 00 20 00 00 12 74 72 30 00 15 61 49 26 05 00 00 00 00 00 00 00 F0 00 21 01 04 00 00 00 1A 7E 00 00 00 00 00 00 30 00 09 04 91 53 20 00 00 12 74 72 0A 03 4C 31 D1 00 01 01 19 46 20 45 E1 93 04 00 5E B9 87 8F 00 00 00 00 00 00 00 00 00 00 00 00 00 00 00 00 00 00 00 00 00 00 00 00 00 00 00 00 00 00 00 00 00 00 00 00 00 00 00 00 00 00 00 00 00 00 00 00 9B 27 DE 65 7E
[666608][05:03:53.045]7E FF 02 FF 69 68 5B 91 7D 06 96 01 99 01 63 0D 00 37 00 94 00 01 00 01 69 7F 94 D8 30 08 01 EF 12 3D 60 00 6F 1C 55 80 0D 83 00 00 28 41 00 34 10 FF 08 00 33 00 00 30 00 15 61 49 26 30 00 09 04 54 46 05 00 00 00 00 00 00 00 F0 00 21 01 04 00 00 00 1A 7E 00 00 00 00 00 00 30 00 09 04 91 53 20 00 00 12 74 72 0A 03 4C 31 D1 00 01 01 19 46 20 45 E1 93 04 00 5E B9 87 8F 00 00 00 00 00 00 00 00 00 00 00 00 00 00 00 00 00 00 00 00 00 00 00 00 00 00 00 00 00 00 00 00 00 00 00 00 00 00 00 00 00 00 00 00 00 00 00 00 43 96 F2 17 7E
[666609][05:03:53.120]7E FF 02 FF 6A 68 01 92 7D 06 91 03 A3 62 7C 0D 00 39 00 94 00 01 00 01 69 7F 94 D8 30 08 01 24 14 79 44 00 71 3C 82 80 0D 83 00 00 28 41 00 34 10 FF 08 00 33 00 00 30 00 15 61 49 26 30 00 09 04 54 46 05 00 00 00 00 00 00 00 F0 00 21 01 04 00 00 00 1A 7E 00 00 00 00 00 00 30 00 09 04 91 53 20 00 00 12 74 72 0A 03 4C 31 D1 00 01 01 19 46 20 45 E1 93 04 00 5E B9 87 8F 00 00 00 00 00 00 00 00 00 00 00 00 00 00 00 00 00 00 00 00 00 00 00 00 00 00 00 00 00 00 00 00 00 00 00 00 00 00 00 00 00 00 00 00 00 00 00 00 9A 78 50 6F 7E
[666610][05:03:53.181]7E FF 02 FF 6B 68 3C 92 7D 06 69 03 DF DE 92 0D 00 36 00 94 00 01 00 01 69 7F 94 D8 30 08 01 24 14 79 44 00 71 3C 82 80 0D 83 00 00 28 41 00 34 10 FF 08 00 33 00 00 30 00 15 61 49 26 30 00 09 04 54 46 05 00 00 00 00 00 00 00 F0 00 21 01 04 00 00 00 1A 7E 00 00 00 00 00 00 30 00 09 04 91 53 20 00 00 12 74 72 0A 03 4C 31 D1 00 01 01 19 46 20 45 E1 93 04 00 5E B9 87 8F 00 00 00 00 00 00 00 00 00 00 00 00 00 00 00 00 00 00 00 00 00 00 00 00 00 00 00 00 00 00 00 00 00 00 00 00 00 00 00 00 00 00 00 00 00 00 00 00 55 8A 0A 2A 7E
[666611][05:03:53.196]7E FF 02 FF 6C 68 4F 92 7D 06 A9 02 B6 0B 9A 0D 00 39 00 94 00 01 00 01 69 7F 94 00 10 02 01 FC 13 79 44 00 BD A4 6E 00 00 21 00 0A 76 10 00 5C 10 EF 0C 00 33 00 00 30 00 09 05 35 36 FF FF FF FF FF FF 00 00 00 00 30 00 09 05 35 36 21 00 00 00 00 00 00 00 00 00 39 03 00 01 46 84 24 45 E8 07 02 12 09 23 07 03 01 00 01 01 00 02 02 00 0D 00 00 09 03 31 17 6E 54 4E 59 58 12 00 12 00 00 00 00 00 01 00 00 00 57 4F 67 7F EC 5A F8 8C 80 A1 1B 00 00 31 44 59 58 03 FB C1 01 9C 02 01 15 4C B3 85 00 00 00 00 00 00 00 00 1B CE 91 DB 7E
[666612][05:03:53.228]7E FF 02 FF 6D 68 1C 92 7D 06 E3 02 18 C8 AC 0D 00 39 00 10 00 01 00 02 69 7F 94 10 D8 30 08 01 01 00 00 00 0D D9 67 69 E0 9C AB 7E
[666613][05:03:53.243]7E FF 02 FF 6E 68 1E 92 7D 06 AC 02 2F 81 AD 0D 00 3A 00 94 00 01 00 01 69 7F 94 2E 30 08 01 FC 13 79 44 00 E4 CA D9 E0 02 01 00 04 B0 15 00 5C 70 EF 0C 00 33 00 00 30 00 09 04 16 28 20 00 00 12 74 72 00 00 00 00 30 00 09 05 00 36 2E 00 00 00 00 00 00 00 00 00 39 03 00 01 44 34 21 45 E8 07 02 12 09 23 07 03 01 00 01 01 00 02 02 00 0D 00 00 09 03 31 17 6E 54 4E 59 58 12 00 12 00 00 00 00 00 08 00 00 00 1B 6F 5C D9 34 5F 59 08 7D 8F 1A 00 00 31 44 59 58 03 FB C1 01 9C 02 01 1A 52 28 C4 00 00 00 00 00 00 00 00 27 F3 A8 FF 7E
[666614][05:03:53.332]7E FF 02 FF 6F 68 C9 92 7D 06 D9 02 9D 99 C8 0D 00 3B 00 14 01 01 00 01 69 7F 94 2E 70 05 03 47 16 EB C0 00 8C F1 49 10 00 57 00 03 2E 2F 30 74 88 CF 00 00 33 00 00 11 03 00 00 01 02 83 06 14 35 28 0A FE FE FE FE 68 62 00 43 05 39 92 04 09 00 30 10 1B 86 10 00 3E 05 03 2C 50 02 02 00 01 20 21 02 00 1C 07 EA 06 1E 01 2D 00 08 00 20 21 02 00 00 20 01 04 00 00 20 00 02 00 00 20 01 02 00 00 20 04 02 00 00 20 0A 02 00 00 00 10 02 01 00 00 20 02 01 00 01 10 F0 D5 56 98 83 8E 08 15 8F 01 3B 87 D4 9A 8C D7 8E 15 16 AF A2 4D A5 00 00 00 00 00 00 00 00 00 00 00 00 00 00 00 00 00 00 00 00 00 00 00 00 00 00 00 00 00 00 00 00 00 00 00 00 00 00 00 00 00 00 00 00 00 00 00 00 00 00 00 00 00 00 00 00 00 00 00 00 00 00 00 00 00 00 00 00 00 00 00 00 00 00 00 00 00 00 00 00 00 00 00 00 00 00 00 00 00 00 00 00 00 00 00 00 00 00 00 00 00 00 00 00 00 00 00 00 00 00 00 00 00 00 00 00 00 00 00 00 00 00 00 00 49 5D 9D 7F 7E
[666615][05:03:53.348]7E FF 02 FF 70 68 02 93 7D 06 A4 03 A9 73 DE 0D 00 3B 00 10 00 01 00 02 69 7F 94 10 D8 30 08 01 0D 00 00 00 CD D9 64 9B A6 16 1F 7E
[666616][05:03:53.363]7E FF 02 FF 71 68 11 93 7D 06 74 02 BD 02 E3 0D 01 23 0D 10 00 01 00 02 69 7F 94 00 01 80 0D 00 A9 00 00 00 CD CD 06 F8 ED 3F 67 7E
[666617][05:03:53.439]7E FF 02 FF 72 68 F8 92 7D 06 19 01 B7 87 00 0E 00 3B 00 10 00 01 00 02 69 7F 94 10 2E 40 0B 01 1F 00 00 00 80 DB 49 0C 6F 96 38 7E
[666618][05:03:53.470]7E FF 02 FF 73 68 7C 93 7D 06 72 01 EC C5 0C 0E 00 3B 00 10 00 01 00 02 69 7F 94 10 D8 30 08 01 0D 00 00 00 CD D9 64 6D 15 2C 2B 7E
[666619][05:03:53.502]7E FF 02 FF 74 68 8E 93 7D 06 EF 01 D1 A3 12 0E 01 22 0C 10 00 01 00 02 69 7F 94 00 01 80 0D 00 A7 00 00 00 2C 4D 81 97 B9 FD D8 7E
[666620][05:03:53.533]7E FF 02 FF 75 68 8C 93 7D 06 FD 02 24 00 13 0E 00 3D 00 14 01 01 00 01 69 7F 94 2E 70 05 03 47 16 EB C4 00 9D F3 CD 10 00 57 00 03 2E 2F 30 74 88 CF 00 00 33 00 00 11 03 00 00 01 02 83 06 14 35 28 0A FE FE FE FE 68 62 00 43 05 39 92 04 09 00 30 10 1B 86 10 00 3E 05 03 2C 50 02 02 00 01 20 21 02 00 1C 07 EA 06 1E 01 2D 00 08 00 20 21 02 00 00 20 01 04 00 00 20 00 02 00 00 20 01 02 00 00 20 04 02 00 00 20 0A 02 00 00 00 10 02 01 00 00 20 02 01 00 01 10 F0 D5 56 98 83 8E 08 15 8F 01 3B 87 D4 9A 8C D7 8E 15 16 AF A2 4D A5 00 00 00 00 00 00 00 00 00 00 00 00 00 00 00 00 00 00 00 00 00 00 00 00 00 00 00 00 00 00 00 00 00 00 00 00 00 00 00 00 00 00 00 00 00 00 00 00 00 00 00 00 00 00 00 00 00 00 00 00 00 00 00 00 00 00 00 00 00 00 00 00 00 00 00 00 00 00 00 00 00 00 00 00 00 00 00 00 00 00 00 00 00 00 00 00 00 00 00 00 00 00 00 00 00 00 00 00 00 00 00 00 00 00 00 00 00 00 00 00 00 00 00 00 82 63 59 A4 7E
[666621][05:03:53.549]7E FF 02 FF 76 68 9D 93 7D 06 43 02 3A D0 17 0E 01 22 10 94 00 01 00 01 69 7F 94 01 80 0D 01 E8 30 00 10 00 0E B5 D2 10 00 D8 00 05 4B 2F 00 34 88 FF 00 00 33 00 00 01 00 00 00 30 00 09 05 00 36 20 00 00 12 74 72 0A 04 E5 20 2E 00 01 01 44 34 21 45 E1 93 04 00 08 00 00 00 1B 7E 00 00 00 00 00 00 00 00 00 00 00 00 00 00 07 C0 EE E2 00 00 00 00 00 00 00 00 00 00 00 00 00 00 00 00 00 00 00 00 00 00 00 00 00 00 00 00 00 00 00 00 00 00 00 00 00 00 00 00 00 00 00 00 00 00 00 00 00 00 00 00 00 00 00 00 00 00 00 00 A3 89 BB 06 7E
[666622][05:03:53.580]7E FF 02 FF 77 68 D2 93 7D 06 48 01 75 8B 2D 0E 00 36 00 94 00 01 00 01 69 7F 94 D8 30 08 01 EF 12 3D 60 00 6F 1C 55 80 0D 83 00 00 29 41 00 34 10 FF 08 00 33 00 00 30 00 15 61 49 26 30 00 09 04 54 46 01 00 00 00 30 00 09 05 00 36 20 00 00 12 74 72 0A 04 E5 20 2E 00 01 01 44 34 21 45 E1 93 04 00 08 00 00 00 1B 7E 00 00 00 00 00 00 00 00 00 00 00 00 00 00 07 C0 EE E2 00 00 00 00 00 00 00 00 00 00 00 00 00 00 00 00 00 00 00 00 00 00 00 00 00 00 00 00 00 00 00 00 00 00 00 00 00 00 00 00 00 00 00 00 00 00 00 00 7A CA B9 7D 7E
[666623][05:03:53.610]7E FF 02 FF 78 68 F3 93 7D 06 AF 00 BA 11 3A 0E 00 37 00 94 00 01 00 01 69 7F 94 D8 30 08 01 24 14 79 44 00 71 3C 82 80 0D 83 00 00 29 41 00 34 10 FF 08 00 33 00 00 30 00 15 61 49 26 30 00 09 04 54 46 01 00 00 00 30 00 09 05 00 36 20 00 00 12 74 72 0A 04 E5 20 2E 00 01 01 44 34 21 45 E1 93 04 00 08 00 00 00 1B 7E 00 00 00 00 00 00 00 00 00 00 00 00 00 00 07 C0 EE E2 00 00 00 00 00 00 00 00 00 00 00 00 00 00 00 00 00 00 00 00 00 00 00 00 00 00 00 00 00 00 00 00 00 00 00 00 00 00 00 00 00 00 00 00 00 00 00 00 BC 1A 2B 42 7E
[666624][05:03:53.657]7E FF 02 FF 79 68 B9 93 7D 06 16 01 86 23 4A 0E 00 38 00 94 00 01 00 01 69 7F 94 D8 30 08 01 24 14 79 44 00 71 3C 82 80 0D 83 00 00 29 41 00 34 10 FF 08 00 33 00 00 30 00 15 61 49 26 30 00 09 04 54 46 01 00 00 00 30 00 09 05 00 36 20 00 00 12 74 72 0A 04 E5 20 2E 00 01 01 44 34 21 45 E1 93 04 00 08 00 00 00 1B 7E 00 00 00 00 00 00 00 00 00 00 00 00 00 00 07 C0 EE E2 00 00 00 00 00 00 00 00 00 00 00 00 00 00 00 00 00 00 00 00 00 00 00 00 00 00 00 00 00 00 00 00 00 00 00 00 00 00 00 00 00 00 00 00 00 00 00 00 73 80 FC 88 7E
[666625][05:03:53.672]7E FF 02 FF 7A 68 C8 93 7D 06 3C 02 52 F7 4F 0E 00 3A 01 94 00 01 00 01 69 7F 94 00 10 02 01 FC 13 79 44 00 BD A4 6E 00 00 21 00 0A 76 10 00 5C 10 EF 0C 00 33 00 00 30 00 09 05 35 36 FF FF FF FF FF FF 00 00 00 00 30 00 09 05 35 36 21 00 00 00 00 00 00 00 00 00 39 03 00 01 46 84 24 45 E8 07 02 12 09 23 07 03 01 00 01 01 00 02 02 00 0D 00 00 09 03 31 17 6E 54 4E 59 58 12 00 12 00 00 00 00 00 01 00 00 00 57 4F 67 7F EC 5A F8 8C 80 A1 1B 00 00 31 44 59 58 03 FB C1 01 9C 02 01 15 4C B3 85 00 00 00 00 00 00 00 00 73 18 7E 9C 7E
[666626][05:03:53.687]7E FF 02 FF 7B 68 4C 94 7D 06 BF 01 63 25 5C 0E 00 3A 01 10 00 01 00 02 69 7F 94 10 2E 10 0E 01 1F 00 00 00 54 A0 E6 E5 33 60 D1 7E
[666627][05:03:53.719]7E FF 02 FF 7C 68 64 94 7D 06 DE 01 EB 4A 65 0E 00 3C 00 94 00 01 00 01 69 7F 94 2E 70 14 01 FC 13 79 40 00 51 1C D2 E0 02 47 01 0A B1 15 00 34 70 EF 04 00 33 00 00 05 00 00 00 00 00 00 00 F0 00 21 01 04 00 00 00 1A 7E 00 00 00 00 00 00 30 00 09 04 91 53 20 00 00 12 74 72 0A 03 4C 31 D1 00 01 01 19 46 20 45 E1 93 04 00 5E B9 87 8F 00 00 00 00 00 00 00 00 00 00 00 00 00 00 00 00 00 00 00 00 00 00 00 00 00 00 00 00 00 00 00 00 00 00 00 00 00 00 00 00 00 00 00 00 00 00 00 00 00 00 00 00 00 00 00 00 00 00 00 00 0E 11 57 21 7E
[666628][05:03:53.734]7E FF 02 FF 7D 68 12 94 7D 06 8F 01 3D 26 6C 0E 00 3C 00 10 00 01 00 02 69 7F 94 10 D8 10 0D 01 00 00 00 00 55 91 C6 EE D1 F6 58 7E
[666629][05:03:53.750]7E FF 02 FF 7E 68 24 94 7D 06 E1 01 7F 01 72 0E 01 22 0D 10 00 01 00 02 69 7F 94 00 01 80 0D 00 A8 00 00 00 DC 8D 82 27 27 37 D2 7E
[666630][05:03:53.765]7E FF 02 FF 7F 68 9B 94 7D 06 85 01 AF 42 7A 0E 00 3C 00 10 00 01 00 02 69 7F 94 10 D8 10 0D 01 FE 00 00 00 B4 1E 7D 66 F1 23 F4 7E
[666631][05:03:53.781]7E FF 02 FF 80 68 AD 94 7D 06 9E 01 DF 17 80 0E 01 23 0D 10 00 01 00 02 69 7F 94 00 01 80 0D 00 A8 01 00 00 DD 9D 46 17 E5 66 3F 7E
[666632][05:03:53.811]7E FF 02 FF 81 68 B6 94 7D 06 AB 02 FB 0D 83 0E 01 22 10 94 00 01 00 01 69 7F 94 01 80 0D 01 E8 30 00 10 00 0E B5 D2 10 00 D8 00 05 4C 2F 00 34 88 FF 00 00 33 00 00 01 00 00 00 30 00 09 04 16 22 20 00 00 12 74 72 0A 03 DB 20 D1 00 01 01 01 93 12 45 E1 93 04 00 01 00 00 00 1C 7E 00 00 00 00 00 00 00 00 00 00 00 00 00 00 AC 38 04 FD 00 00 00 00 00 00 00 00 00 00 00 00 00 00 00 00 00 00 00 00 00 00 00 00 00 00 00 00 00 00 00 00 00 00 00 00 00 00 00 00 00 00 00 00 00 00 00 00 00 00 00 00 00 00 00 00 00 00 00 00 0B 39 A9 B7 7E
[666633][05:03:53.841]7E FF 02 FF 82 68 D3 94 7D 06 12 03 EC BF 8F 0E 00 38 00 94 00 01 00 01 69 7F 94 D8 10 0D 01 EF 12 3D 60 00 66 9D F4 80 0D D1 00 00 2A 41 00 34 10 FF 08 00 33 00 00 30 00 15 61 49 26 30 00 09 04 44 96 01 00 00 00 30 00 09 04 16 22 20 00 00 12 74 72 0A 03 DB 20 D1 00 01 01 01 93 12 45 E1 93 04 00 01 00 00 00 1C 7E 00 00 00 00 00 00 00 00 00 00 00 00 00 00 AC 38 04 FD 00 00 00 00 00 00 00 00 00 00 00 00 00 00 00 00 00 00 00 00 00 00 00 00 00 00 00 00 00 00 00 00 00 00 00 00 00 00 00 00 00 00 00 00 00 00 00 00 94 62 51 4F 7E
[666634][05:03:53.841]7E FF 02 FF 83 68 7C 94 7D 06 11 01 C0 89 94 0E 00 38 00 10 00 01 00 03 69 7F 94 F0 0C BF 1D 00 00 00 10 02 FD 99 05 BF 1B A5 9D 7E
[666635][05:03:53.872]7E FF 02 FF 84 68 8A 94 7D 06 83 02 19 67 98 0E 01 22 10 94 00 01 00 01 69 7F 94 01 80 0D 01 E8 30 00 10 00 0E B5 D2 10 00 D8 00 05 4D 2F 00 34 88 FF 00 00 33 00 00 01 00 00 00 30 00 09 04 01 58 20 00 00 12 74 72 0A 03 CE 20 D1 00 01 01 66 46 11 45 E1 93 04 00 02 00 00 00 1D 7E 00 00 00 00 00 00 00 00 00 00 00 00 00 00 FE 2D 05 8D 00 00 00 00 00 00 00 00 00 00 00 00 00 00 00 00 00 00 00 00 00 00 00 00 00 00 00 00 00 00 00 00 00 00 00 00 00 00 00 00 00 00 00 00 00 00 00 00 00 00 00 00 00 00 00 00 00 00 00 00 A7 97 39 4E 7E
[666636][05:03:53.887]7E FF 02 FF 85 68 FA 94 7D 06 89 01 20 7B 9E 0E 00 38 00 94 00 01 00 01 69 7F 94 00 10 02 01 FC 13 79 44 00 BD A4 6E 00 00 21 00 0A 76 10 00 5C 10 EF 0C 00 33 00 00 30 00 09 05 35 36 FF FF FF FF FF FF 00 00 00 00 30 00 09 05 35 36 21 00 00 00 00 00 00 00 00 00 39 03 00 01 46 84 24 45 E8 07 02 12 09 23 07 03 01 00 01 01 00 02 02 00 0D 00 00 09 03 31 17 6E 54 4E 59 58 12 00 12 00 00 00 00 00 01 00 00 00 57 4F 67 7F EC 5A F8 8C 80 A1 1B 00 00 31 44 59 58 03 FB C1 01 9C 02 01 15 4C B3 85 00 00 00 00 00 00 00 00 96 AC 34 C4 7E
[666637][05:03:53.902]7E FF 02 FF 86 68 10 95 7D 06 18 00 10 BB A6 0E 00 37 00 94 00 01 00 01 69 7F 94 D8 10 0D 01 EF 12 3D 60 00 66 9D F4 80 0D D1 00 00 2B 41 00 34 10 FF 08 00 33 00 00 30 00 15 61 49 26 30 00 09 04 44 96 01 00 00 00 30 00 09 04 01 58 20 00 00 12 74 72 0A 03 CE 20 D1 00 01 01 66 46 11 45 E1 93 04 00 02 00 00 00 1D 7E 00 00 00 00 00 00 00 00 00 00 00 00 00 00 FE 2D 05 8D 00 00 00 00 00 00 00 00 00 00 00 00 00 00 00 00 00 00 00 00 00 00 00 00 00 00 00 00 00 00 00 00 00 00 00 00 00 00 00 00 00 00 00 00 00 00 00 00 2D 20 13 35 7E
[666638][05:03:53.949]7E FF 02 FF 87 68 F4 94 7D 06 28 01 60 52 C2 0E 00 37 00 10 00 01 00 02 69 7F 94 10 D8 10 0D 01 0E 01 00 00 B5 01 85 85 88 44 E1 7E
[666639][05:03:53.979]7E FF 02 FF 88 68 5C 95 7D 06 71 02 F8 F3 C3 0E 00 38 00 94 00 01 00 01 69 7F 94 D8 10 0D 01 24 14 79 44 00 78 BD 23 80 0D D1 00 00 2B 41 00 34 10 FF 08 00 33 00 00 30 00 15 61 49 26 30 00 09 04 44 96 01 00 00 00 30 00 09 04 01 58 20 00 00 12 74 72 0A 03 CE 20 D1 00 01 01 66 46 11 45 E1 93 04 00 02 00 00 00 1D 7E 00 00 00 00 00 00 00 00 00 00 00 00 00 00 FE 2D 05 8D 00 00 00 00 00 00 00 00 00 00 00 00 00 00 00 00 00 00 00 00 00 00 00 00 00 00 00 00 00 00 00 00 00 00 00 00 00 00 00 00 00 00 00 00 00 00 00 00 FC 9B DE A6 7E
[666640][05:03:54.010]7E FF 02 FF 89 68 7C 95 7D 06 D2 01 DF 19 D0 0E 00 38 00 94 00 01 00 01 69 7F 94 D8 10 0D 01 EF 12 3D 64 00 77 9F 70 80 0D D1 00 00 2B 41 00 34 10 FF 08 00 33 00 00 30 00 15 61 49 26 30 00 09 04 44 96 01 00 00 00 30 00 09 04 01 58 20 00 00 12 74 72 0A 03 CE 20 D1 00 01 01 66 46 11 45 E1 93 04 00 02 00 00 00 1D 7E 00 00 00 00 00 00 00 00 00 00 00 00 00 00 FE 2D 05 8D 00 00 00 00 00 00 00 00 00 00 00 00 00 00 00 00 00 00 00 00 00 00 00 00 00 00 00 00 00 00 00 00 00 00 00 00 00 00 00 00 00 00 00 00 00 00 00 00 69 5F 5D 7E 7E
[666641][05:03:54.056]7E FF 02 FF 8A 68 43 95 7D 06 E0 03 6B B3 E0 0E 00 38 00 94 00 01 00 01 69 7F 94 D8 10 0D 01 24 14 79 44 00 78 BD 23 80 0D D1 00 00 2B 41 00 34 10 FF 08 00 33 00 00 30 00 15 61 49 26 30 00 09 04 44 96 01 00 00 00 30 00 09 04 01 58 20 00 00 12 74 72 0A 03 CE 20 D1 00 01 01 66 46 11 45 E1 93 04 00 02 00 00 00 1D 7E 00 00 00 00 00 00 00 00 00 00 00 00 00 00 FE 2D 05 8D 00 00 00 00 00 00 00 00 00 00 00 00 00 00 00 00 00 00 00 00 00 00 00 00 00 00 00 00 00 00 00 00 00 00 00 00 00 00 00 00 00 00 00 00 00 00 00 00 31 02 E6 B8 7E
[666642][05:03:54.056]7E FF 02 FF 8B 68 C2 95 7D 06 77 00 33 B1 EA 0E 00 38 00 10 00 01 00 02 69 7F 94 10 2E 70 14 01 10 00 00 00 3B D5 2F 03 3D 92 04 7E
[666643][05:03:54.102]7E FF 02 FF 8C 68 E0 95 7D 06 52 01 F2 33 F6 0E 00 38 00 94 00 01 00 01 69 7F 94 D8 10 0D 01 24 14 79 44 00 78 BD 23 80 0D D1 00 00 2B 41 00 34 10 FF 08 00 33 00 00 30 00 15 61 49 26 30 00 09 04 44 96 01 00 00 00 30 00 09 04 01 58 20 00 00 12 74 72 0A 03 CE 20 D1 00 01 01 66 46 11 45 E1 93 04 00 02 00 00 00 1D 7E 00 00 00 00 00 00 00 00 00 00 00 00 00 00 FE 2D 05 8D 00 00 00 00 00 00 00 00 00 00 00 00 00 00 00 00 00 00 00 00 00 00 00 00 00 00 00 00 00 00 00 00 00 00 00 00 00 00 00 00 00 00 00 00 00 00 00 00 95 57 76 1C 7E
[666644][05:03:54.133]7E FF 02 FF 8D 68 FE 95 7D 06 8E 03 C6 DB 01 0F 00 36 00 94 00 01 00 01 69 7F 94 D8 10 0D 01 EF 12 3D 64 00 77 9F 70 80 0D D1 00 00 2B 41 00 34 10 FF 08 00 33 00 00 30 00 15 61 49 26 30 00 09 04 44 96 01 00 00 00 30 00 09 04 01 58 20 00 00 12 74 72 0A 03 CE 20 D1 00 01 01 66 46 11 45 E1 93 04 00 02 00 00 00 1D 7E 00 00 00 00 00 00 00 00 00 00 00 00 00 00 FE 2D 05 8D 00 00 00 00 00 00 00 00 00 00 00 00 00 00 00 00 00 00 00 00 00 00 00 00 00 00 00 00 00 00 00 00 00 00 00 00 00 00 00 00 00 00 00 00 00 00 00 00 59 25 E0 E6 7E
[666645][05:03:54.268]7E FF 02 FF 8E 68 0C 96 7D 06 84 00 BF 0D 2D 0F 00 39 00 14 01 01 00 01 69 7F 94 2E 30 08 03 47 16 EB C4 00 B4 16 E5 50 13 01 00 0A AA C9 30 92 78 CF 04 00 33 00 00 11 03 00 00 01 02 63 08 16 35 01 00 68 84 00 C3 05 43 92 04 09 00 30 10 34 F2 90 00 6B 85 03 2E 50 02 02 00 08 00 20 21 02 00 00 20 01 04 00 00 20 00 02 00 00 20 01 02 00 00 20 04 02 00 00 20 0A 02 00 00 00 10 02 01 00 00 20 02 01 01 01 1C 07 EA 06 1E 01 2D 00 05 00 00 09 39 01 01 12 08 CB 01 01 05 00 00 09 1D 01 02 05 00 00 0C C3 05 00 00 0C C3 01 02 10 02 6E 10 02 6E 06 00 02 F3 BA 06 00 00 00 00 00 00 01 00 04 2C 42 CB AD EB 02 16 9F 0A 45 3C 00 00 00 00 00 00 00 00 00 00 00 00 00 00 00 00 00 00 00 00 00 00 00 00 00 00 00 00 00 00 00 00 00 00 00 00 00 00 00 00 00 00 00 00 00 00 00 00 00 00 00 00 00 00 00 00 00 00 00 00 00 00 00 00 00 00 00 00 00 00 00 00 00 00 00 00 00 00 00 00 00 00 00 00 00 00 00 00 00 00 00 00 00 00 C7 B9 4F E3 7E
[666646][05:03:54.314]7E FF 02 FF 8F 68 C6 96 7D 06 81 02 B5 14 4E 0F 00 39 00 10 00 01 00 02 69 7F 94 01 D8 10 0D 01 0E 00 00 00 A6 11 DD 84 0F 0D C0 7E
[666647][05:03:54.524]7E FF 02 FF 90 68 82 97 7D 06 E4 01 7F B6 95 0F 00 3D 00 94 00 01 00 01 69 7F 94 2E 30 08 01 FC 13 79 40 00 F5 C8 5D E0 02 83 00 04 B2 15 00 4C 70 EF 04 00 33 00 00 07 00 00 00 2E 00 2E 00 A3 00 40 00 4E 43 02 08 1A E4 24 00 00 22 A9 10 49 6D 00 00 CF 08 00 00 34 D9 56 02 6C 97 3A ED 0A 3D FF D4 0A 04 54 4D 82 A0 F6 70 B4 1A C1 04 00 31 0C 00 00 00 00 04 00 00 00 00 00 00 00 00 00 01 08 80 36 9B BE 1B 00 00 00 00 00 00 00 00 00 00 00 00 00 00 00 00 00 00 00 00 00 00 00 00 00 00 00 00 00 00 00 00 00 00 00 00 F9 E9 74 EA 7E
[666648][05:03:54.675]7E FF 02 FF 91 68 29 98 7D 06 62 01 49 64 D5 0F 00 3D 00 10 00 01 00 02 69 7F 94 10 D8 30 08 01 09 00 00 00 8C D9 E1 8D 16 68 5D 7E
[666649][05:03:54.690]7E FF 02 FF 92 68 3A 98 7D 06 89 01 A7 E2 DB 0F 00 3D 00 10 00 01 00 02 69 7F 94 10 D8 30 08 01 08 00 00 00 9D 99 65 98 11 74 FF 7E
[666650][05:03:54.690]7E FF 02 FF 93 68 42 98 7D 06 0E 00 67 BF DD 0F 01 22 0D 10 00 01 00 02 69 7F 94 00 01 80 0D 00 A8 00 00 00 DC 8D 82 67 6B 47 A6 7E
[666651][05:03:54.705]7E FF 02 FF 94 68 49 98 7D 06 0F 00 4A 76 E1 0F 00 3D 00 10 00 01 00 02 69 7F 94 10 01 80 0D 01 00 00 00 00 0F C7 2C E9 79 25 5B 7E
[666652][05:03:54.887]7E FF 02 FF 96 68 FB 97 7D 06 1D 03 2F 27 EA 0F 00 35 00 10 00 01 00 02 69 7F 94 10 01 80 0D 01 00 00 00 00 0F C7 2C F9 DE 39 73 7E
[666653][05:03:54.887]7E FF 02 FF 97 68 02 99 7D 06 4D 00 29 0F 28 10 00 35 00 10 00 01 00 02 69 7F 94 10 D8 30 08 01 08 00 00 00 9D 99 65 BA 92 97 D3 7E
[666654][05:03:54.902]7E FF 02 FF 98 68 13 99 7D 06 BF 01 8C AF 2E 10 00 35 00 10 00 01 00 02 69 7F 94 10 D8 10 0D 01 FC 00 00 00 95 9E F9 BD 38 A3 5E 7E
[666655][05:03:54.934]7E FF 02 FF 99 68 D0 98 7D 06 DC 03 9C 6F 3A 10 01 23 0D 10 00 01 00 02 69 7F 94 00 01 80 0D 00 A6 00 00 00 3D 0D 05 00 20 74 F3 7E
[666656][05:03:54.979]7E FF 02 FF 9A 68 42 99 7D 06 72 01 7E F7 3E 10 01 23 0F 94 00 01 00 01 69 7F 94 01 80 0D 01 E8 30 00 10 00 0E B5 D2 10 00 D8 00 05 4E 2F 00 34 88 FF 00 00 33 00 00 01 00 00 00 30 00 09 03 54 68 20 00 00 12 74 72 0A 03 28 20 D1 00 01 01 64 77 06 45 E1 93 04 00 0A 00 00 00 1E 7E 00 00 00 00 00 00 00 00 00 00 00 00 00 00 39 3C E7 0A 00 00 00 00 00 00 00 00 00 00 00 00 00 00 00 00 00 00 00 00 00 00 00 00 00 00 00 00 00 00 00 00 00 00 00 00 00 00 00 00 00 00 00 00 00 00 00 00 00 00 00 00 00 00 00 00 00 00 00 00 39 11 FE BA 7E
[666657][05:03:55.009]7E FF 02 FF 9B 68 69 99 7D 06 45 03 50 9D 4F 10 00 38 00 94 00 01 00 01 69 7F 94 D8 10 0D 01 EF 12 3D 60 00 66 9D F4 80 0D D1 00 00 2C 41 00 34 10 FF 08 00 33 00 00 30 00 15 61 49 26 30 00 09 04 44 96 01 00 00 00 30 00 09 03 54 68 20 00 00 12 74 72 0A 03 28 20 D1 00 01 01 64 77 06 45 E1 93 04 00 0A 00 00 00 1E 7E 00 00 00 00 00 00 00 00 00 00 00 00 00 00 39 3C E7 0A 00 00 00 00 00 00 00 00 00 00 00 00 00 00 00 00 00 00 00 00 00 00 00 00 00 00 00 00 00 00 00 00 00 00 00 00 00 00 00 00 00 00 00 00 00 00 00 00 33 32 EF 11 7E
[666658][05:03:55.054]7E FF 02 FF 9C 68 3E 99 7D 06 85 01 1B 36 65 10 00 38 00 10 00 01 00 02 69 7F 94 10 D8 10 0D 01 00 01 00 00 54 81 02 61 D7 09 6F 7E
[666659][05:03:55.069]7E FF 02 FF 9D 68 A9 99 7D 06 AC 01 54 E0 67 10 00 39 00 94 00 01 00 01 69 7F 94 D8 10 0D 01 24 14 79 44 00 78 BD 23 80 0D D1 00 00 2C 41 00 34 10 FF 08 00 33 00 00 30 00 15 61 49 26 30 00 09 04 44 96 01 00 00 00 30 00 09 03 54 68 20 00 00 12 74 72 0A 03 28 20 D1 00 01 01 64 77 06 45 E1 93 04 00 0A 00 00 00 1E 7E 00 00 00 00 00 00 00 00 00 00 00 00 00 00 39 3C E7 0A 00 00 00 00 00 00 00 00 00 00 00 00 00 00 00 00 00 00 00 00 00 00 00 00 00 00 00 00 00 00 00 00 00 00 00 00 00 00 00 00 00 00 00 00 00 00 00 00 28 FE 28 AE 7E
[666660][05:03:55.085]7E FF 02 FF 9E 68 BD 99 7D 06 86 01 BC 7D 6F 10 00 38 00 94 00 01 00 01 69 7F 94 D8 10 0D 01 EF 12 3D 64 00 77 9F 70 80 0D D1 00 00 2C 41 00 34 10 FF 08 00 33 00 00 30 00 15 61 49 26 30 00 09 04 44 96 01 00 00 00 30 00 09 03 54 68 20 00 00 12 74 72 0A 03 28 20 D1 00 01 01 64 77 06 45 E1 93 04 00 0A 00 00 00 1E 7E 00 00 00 00 00 00 00 00 00 00 00 00 00 00 39 3C E7 0A 00 00 00 00 00 00 00 00 00 00 00 00 00 00 00 00 00 00 00 00 00 00 00 00 00 00 00 00 00 00 00 00 00 00 00 00 00 00 00 00 00 00 00 00 00 00 00 00 82 21 11 B3 7E
[666661][05:03:55.130]7E FF 02 FF 9F 68 DF 99 7D 06 4C 01 F6 70 7C 10 00 38 00 94 00 01 00 01 69 7F 94 D8 10 0D 01 24 14 79 44 00 78 BD 23 80 0D D1 00 00 2C 41 00 34 10 FF 08 00 33 00 00 30 00 15 61 49 26 30 00 09 04 44 96 01 00 00 00 30 00 09 03 54 68 20 00 00 12 74 72 0A 03 28 20 D1 00 01 01 64 77 06 45 E1 93 04 00 0A 00 00 00 1E 7E 00 00 00 00 00 00 00 00 00 00 00 00 00 00 39 3C E7 0A 00 00 00 00 00 00 00 00 00 00 00 00 00 00 00 00 00 00 00 00 00 00 00 00 00 00 00 00 00 00 00 00 00 00 00 00 00 00 00 00 00 00 00 00 00 00 00 00 FF 02 AC 54 7E
[666662][05:03:55.175]7E FF 02 FF A0 68 10 9A 7D 06 49 02 00 3B 8F 10 00 3A 00 94 00 01 00 01 69 7F 94 D8 10 0D 01 EF 12 3D 64 00 77 9F 70 80 0D D1 00 00 2C 41 00 34 10 FF 08 00 33 00 00 30 00 15 61 49 26 30 00 09 04 44 96 01 00 00 00 30 00 09 03 54 68 20 00 00 12 74 72 0A 03 28 20 D1 00 01 01 64 77 06 45 E1 93 04 00 0A 00 00 00 1E 7E 00 00 00 00 00 00 00 00 00 00 00 00 00 00 39 3C E7 0A 00 00 00 00 00 00 00 00 00 00 00 00 00 00 00 00 00 00 00 00 00 00 00 00 00 00 00 00 00 00 00 00 00 00 00 00 00 00 00 00 00 00 00 00 00 00 00 00 43 F5 BC 3D 7E
[666663][05:03:55.190]7E FF 02 FF A1 68 2A 9A 7D 06 3E 03 D3 3C 99 10 00 3C 00 54 00 01 00 01 69 7F 94 2E 30 08 01 D6 12 40 E0 00 FA C0 B8 50 0D 01 00 0A 65 FF 00 1C 00 BF 04 00 33 00 00 03 00 00 00 D5 00 27 01 00 00 00 00 00 00 00 00 ED 00 00 01 0A 00 00 00 39 00 00 00 EF 69 BD D1 00 00 00 00 00 00 00 00 00 00 00 00 00 00 00 00 00 00 00 00 29 7B B0 58 7E
[666664][05:03:55.220]7E FF 02 FF A2 68 46 9A 7D 06 C8 00 2E AE A3 10 00 3B 00 54 00 01 00 01 69 7F 94 2E 30 08 01 D6 12 40 E4 00 EB C2 3C 50 0D 01 00 0A 65 FF 00 1C 00 BF 04 00 33 00 00 03 00 00 00 D5 00 27 01 00 00 00 00 00 00 00 00 ED 00 00 01 0A 00 00 00 39 00 00 00 EF 69 BD D1 00 00 00 00 00 00 00 00 00 00 00 00 00 00 00 00 00 00 00 00 CC 25 6C BC 7E
[666665][05:03:55.251]7E FF 02 FF A3 68 70 9A 7D 06 5B 03 8E F9 B3 10 00 3B 00 10 00 01 00 02 69 7F 94 10 D8 30 08 01 10 00 00 00 1D 98 63 D7 27 1F 3B 7E
[666666][05:03:55.267]7E FF 02 FF A4 68 7F 9A 7D 06 4A 02 7D 8C B8 10 01 23 0C 10 00 01 00 02 69 7F 94 00 01 80 0D 00 A9 00 00 00 CD CD 06 62 CF 5A D0 7E
[666667][05:03:55.356]7E FF 02 FF A5 68 D7 9A 7D 06 26 00 9E F5 DA 10 00 3B 00 10 00 01 00 02 69 7F 94 10 2E 70 14 01 EB 00 00 00 8A 1A 95 B6 60 11 61 7E
[666668][05:03:55.387]7E FF 02 FF A6 68 E4 9A 7D 06 34 03 3C 30 E0 10 00 3A 00 54 00 01 00 01 69 7F 94 2E 30 08 01 D6 12 40 E4 00 EB C2 3C 50 0D 01 00 0A 65 FF 00 1C 00 BF 04 00 33 00 00 03 00 00 00 D5 00 27 01 00 00 00 00 00 00 00 00 ED 00 00 01 0A 00 00 00 39 00 00 00 EF 69 BD D1 00 00 00 00 00 00 00 00 00 00 00 00 00 00 00 00 00 00 00 00 D9 A8 53 00 7E
[666669][05:03:55.523]7E FF 02 FF A7 68 56 9B 7D 06 9A 00 C3 6C 0B 11 00 38 00 14 01 01 00 01 69 7F 94 2E 30 08 03 47 16 EB C4 00 B4 16 E5 70 05 01 00 0A B0 22 30 92 00 DF 04 00 33 00 00 11 03 00 00 01 02 63 08 14 35 01 00 68 84 00 C3 05 39 92 04 09 00 30 10 2F 0A 90 00 6B 85 03 2C 50 02 02 00 08 00 20 21 02 00 00 20 01 04 00 00 20 00 02 00 00 20 01 02 00 00 20 04 02 00 00 20 0A 02 00 00 00 10 02 01 00 00 20 02 01 01 01 1C 07 EA 06 1E 01 2D 00 05 00 00 05 AD 01 01 12 08 CA 01 01 05 00 00 05 A4 01 02 05 00 00 06 7D 05 00 00 06 7D 01 02 10 01 FF 10 01 FF 06 00 03 65 47 06 00 00 00 00 00 00 01 00 04 67 D4 8A 1C 7D C1 16 00 2D 9A 22 00 00 00 00 00 00 00 00 00 00 00 00 00 00 00 00 00 00 00 00 00 00 00 00 00 00 00 00 00 00 00 00 00 00 00 00 00 00 00 00 00 00 00 00 00 00 00 00 00 00 00 00 00 00 00 00 00 00 00 00 00 00 00 00 00 00 00 00 00 00 00 00 00 00 00 00 00 00 00 00 00 00 00 00 00 00 00 00 00 00 00 00 00 00 51 79 01 9F 7E
[666670][05:03:55.569]7E FF 02 FF A8 68 26 9B 7D 06 07 03 F3 7E 1F 11 00 39 00 14 01 01 00 01 69 7F 94 2E 30 08 03 47 16 EB C4 00 B4 16 E5 70 05 01 00 0A B0 22 30 92 00 DF 04 00 33 00 00 11 03 00 00 01 02 63 08 14 35 01 00 68 84 00 C3 05 39 92 04 09 00 30 10 2F 0A 90 00 6B 85 03 2C 50 02 02 00 08 00 20 21 02 00 00 20 01 04 00 00 20 00 02 00 00 20 01 02 00 00 20 04 02 00 00 20 0A 02 00 00 00 10 02 01 00 00 20 02 01 01 01 1C 07 EA 06 1E 01 2D 00 05 00 00 05 AD 01 01 12 08 CA 01 01 05 00 00 05 A4 01 02 05 00 00 06 7D 05 00 00 06 7D 01 02 10 01 FF 10 01 FF 06 00 03 65 47 06 00 00 00 00 00 00 01 00 04 67 D4 8A 1C 7D C1 16 00 2D 9A 22 00 00 00 00 00 00 00 00 00 00 00 00 00 00 00 00 00 00 00 00 00 00 00 00 00 00 00 00 00 00 00 00 00 00 00 00 00 00 00 00 00 00 00 00 00 00 00 00 00 00 00 00 00 00 00 00 00 00 00 00 00 00 00 00 00 00 00 00 00 00 00 00 00 00 00 00 00 00 00 00 00 00 00 00 00 00 00 00 00 00 00 00 00 00 DF 9B EC E9 7E
[666671][05:03:55.644]7E FF 02 FF A9 68 CA 9B 7D 06 4C 03 89 EE 37 11 00 3A 00 14 01 01 00 01 69 7F 94 2E F0 FF 03 E5 14 EB C2 00 45 F5 90 C0 13 01 30 06 63 CC 30 92 78 DF 04 00 33 00 00 11 03 00 00 01 02 63 08 12 35 01 00 68 84 00 C3 05 37 92 04 09 00 30 10 0E 8C 90 00 6B 85 03 2A 50 02 02 00 08 00 20 21 02 00 00 20 01 04 00 00 20 00 02 00 00 20 01 02 00 00 20 04 02 00 00 20 0A 02 00 00 00 10 02 01 00 00 20 02 01 01 01 1C 07 EA 06 1E 01 2D 00 05 00 00 00 00 01 01 12 08 CD 01 01 05 00 00 00 00 01 02 05 00 00 00 00 05 00 00 00 00 01 02 10 03 E8 10 03 E8 06 00 00 00 00 06 00 00 00 00 00 00 01 00 04 82 33 4B 52 24 2B 16 BF F7 DC 40 00 00 00 00 00 00 00 00 00 00 00 00 00 00 00 00 00 00 00 00 00 00 00 00 00 00 00 00 00 00 00 00 00 00 00 00 00 00 00 00 00 00 00 00 00 00 00 00 00 00 00 00 00 00 00 00 00 00 00 00 00 00 00 00 00 00 00 00 00 00 00 00 00 00 00 00 00 00 00 00 00 00 00 00 00 00 00 00 00 00 00 00 00 00 AF 9F 46 21 7E
[666672][05:03:55.704]7E FF 02 FF AA 68 11 9C 7D 06 76 00 6A BD 52 11 00 3B 00 14 01 01 00 01 69 7F 94 2E F0 FF 03 E5 14 EB C6 00 54 F7 14 C0 13 01 30 06 63 CC 30 92 78 DF 04 00 33 00 00 11 03 00 00 01 02 63 08 12 35 01 00 68 84 00 C3 05 37 92 04 09 00 30 10 0E 8C 90 00 6B 85 03 2A 50 02 02 00 08 00 20 21 02 00 00 20 01 04 00 00 20 00 02 00 00 20 01 02 00 00 20 04 02 00 00 20 0A 02 00 00 00 10 02 01 00 00 20 02 01 01 01 1C 07 EA 06 1E 01 2D 00 05 00 00 00 00 01 01 12 08 CD 01 01 05 00 00 00 00 01 02 05 00 00 00 00 05 00 00 00 00 01 02 10 03 E8 10 03 E8 06 00 00 00 00 06 00 00 00 00 00 00 01 00 04 82 33 4B 52 24 2B 16 BF F7 DC 40 00 00 00 00 00 00 00 00 00 00 00 00 00 00 00 00 00 00 00 00 00 00 00 00 00 00 00 00 00 00 00 00 00 00 00 00 00 00 00 00 00 00 00 00 00 00 00 00 00 00 00 00 00 00 00 00 00 00 00 00 00 00 00 00 00 00 00 00 00 00 00 00 00 00 00 00 00 00 00 00 00 00 00 00 00 00 00 00 00 00 00 00 00 00 A4 FE 20 BC 7E
[666673][05:03:55.735]7E FF 02 FF AB 68 20 9C 7D 06 E0 01 C1 99 58 11 00 3A 00 14 01 01 00 01 69 7F 94 2E F0 FF 03 E5 14 EB C6 00 54 F7 14 C0 13 01 30 06 63 CC 30 92 78 DF 04 00 33 00 00 11 03 00 00 01 02 63 08 12 35 01 00 68 84 00 C3 05 37 92 04 09 00 30 10 0E 8C 90 00 6B 85 03 2A 50 02 02 00 08 00 20 21 02 00 00 20 01 04 00 00 20 00 02 00 00 20 01 02 00 00 20 04 02 00 00 20 0A 02 00 00 00 10 02 01 00 00 20 02 01 01 01 1C 07 EA 06 1E 01 2D 00 05 00 00 00 00 01 01 12 08 CD 01 01 05 00 00 00 00 01 02 05 00 00 00 00 05 00 00 00 00 01 02 10 03 E8 10 03 E8 06 00 00 00 00 06 00 00 00 00 00 00 01 00 04 82 33 4B 52 24 2B 16 BF F7 DC 40 00 00 00 00 00 00 00 00 00 00 00 00 00 00 00 00 00 00 00 00 00 00 00 00 00 00 00 00 00 00 00 00 00 00 00 00 00 00 00 00 00 00 00 00 00 00 00 00 00 00 00 00 00 00 00 00 00 00 00 00 00 00 00 00 00 00 00 00 00 00 00 00 00 00 00 00 00 00 00 00 00 00 00 00 00 00 00 00 00 00 00 00 00 00 97 06 90 F2 7E
[666674][05:03:55.735]7E FF 02 FF AC 68 EA 9B 7D 06 49 02 A3 39 6A 11 00 3A 00 10 00 01 00 03 69 7F 94 F0 0C 51 16 00 00 00 10 02 75 EA BD 84 A3 36 4F 7E
[666675][05:03:55.855]7E FF 02 FF AD 68 5D 9C 7D 06 96 02 65 1E 96 11 00 3A 00 10 00 01 00 02 69 7F 94 10 D8 30 08 01 13 00 00 00 2D 58 63 DC 17 93 D9 7E
[666676][05:03:55.855]7E FF 02 FF AE 68 5F 9C 7D 06 93 00 91 A0 95 11 01 23 0C 10 00 01 00 02 69 7F 94 00 01 80 0D 00 A5 01 00 00 0C DD C1 38 DD 9C AB 7E
[666677][05:03:55.915]7E FF 02 FF AF 68 EA 9C 7D 06 39 02 34 19 A4 11 01 22 10 94 00 01 00 01 69 7F 94 01 80 0D 01 E8 30 00 10 00 0E B5 D2 10 00 D8 00 0A 51 2F 00 5B 88 FF 08 00 33 00 00 20 00 00 12 74 72 30 00 15 61 49 26 05 00 00 00 00 00 27 00 ED 00 21 01 06 00 00 00 1F 7E 00 00 00 00 00 00 00 00 00 00 00 00 00 00 00 00 08 00 00 00 00 00 00 00 00 00 00 00 00 00 00 00 20 00 00 00 00 00 00 00 00 00 00 00 40 00 00 00 00 00 00 00 00 00 39 3C E7 0A 19 46 20 45 E1 93 04 00 5E B9 87 8F BC 6D 09 8E F8 AE 28 00 00 00 00 00 00 00 00 00 D3 F4 35 4E 7E
[666678][05:03:55.945]7E FF 02 FF B0 68 FD 9C 7D 06 A7 00 E5 C8 AC 11 00 36 00 14 01 01 00 01 69 7F 94 2E 30 08 03 47 16 EB C4 00 B4 16 E5 50 13 01 00 0A AE C9 30 92 78 CF 04 00 33 00 00 11 03 00 00 01 02 63 08 16 35 01 00 68 84 00 C3 05 43 92 04 09 00 30 10 34 F2 90 00 6B 85 03 2E 50 02 02 00 08 00 20 21 02 00 00 20 01 04 00 00 20 00 02 00 00 20 01 02 00 00 20 04 02 00 00 20 0A 02 00 00 00 10 02 01 00 00 20 02 01 01 01 1C 07 EA 06 1E 01 2D 00 05 00 00 09 39 01 01 12 08 CB 01 01 05 00 00 09 1D 01 02 05 00 00 0C C3 05 00 00 0C C3 01 02 10 02 6E 10 02 6E 06 00 02 F3 BA 06 00 00 00 00 00 00 01 00 04 2C 42 CB AD EB 02 16 9F 0A 45 3C 00 00 00 00 00 00 00 00 00 00 00 00 00 00 00 00 00 00 00 00 00 00 00 00 00 00 00 00 00 00 00 00 00 00 00 00 00 00 00 00 00 00 00 00 00 00 00 00 00 00 00 00 00 00 00 00 00 00 00 00 00 00 00 00 00 00 00 00 00 00 00 00 00 00 00 00 00 00 00 00 00 00 00 00 00 00 00 00 00 00 00 00 00 00 69 D3 55 E9 7E
[666679][05:03:55.975]7E FF 02 FF B1 68 0B 9D 7D 06 4F 02 11 4A B2 11 00 FD 03 14 01 01 00 01 69 7F 94 01 B0 00 03 27 16 EB C0 00 4F 94 14 10 00 37 01 03 4F 2F 30 74 88 FF 00 00 33 00 00 11 03 00 00 01 02 83 06 19 35 28 0A FE FE FE FE 68 62 00 43 05 45 92 04 09 00 30 10 CD 26 10 00 3E 05 03 30 50 02 02 00 01 20 21 02 00 1C 07 EA 06 1E 01 2D 00 08 00 20 21 02 00 00 20 01 04 00 00 20 00 02 00 00 20 01 02 00 00 20 04 02 00 00 20 0A 02 00 00 00 10 02 01 00 00 20 02 01 00 01 10 F0 D5 56 98 83 8E 08 15 8F 01 3B 87 D4 9A 8C D7 3C E8 16 58 CF 19 6A 00 00 00 00 00 00 00 00 00 00 00 00 00 00 00 00 00 00 00 00 00 00 00 00 00 00 00 00 00 00 00 00 00 00 00 00 00 00 00 00 00 00 00 00 00 00 00 00 00 00 00 00 00 00 00 00 00 00 00 00 00 00 00 00 00 00 00 00 00 00 00 00 00 00 00 00 00 00 00 00 00 00 00 00 00 00 00 00 00 00 00 00 00 00 00 00 00 00 00 00 00 00 00 00 00 00 00 00 00 00 00 00 00 00 00 00 00 00 00 00 00 00 00 00 3D BF 17 63 7E
[666680][05:03:56.005]7E FF 02 FF B2 68 B5 9C 7D 06 44 01 E7 ED B5 11 01 22 10 14 01 01 00 01 69 7F 94 01 80 0D 03 6A 41 00 10 00 16 42 9C 10 00 FE 00 03 52 2F 30 74 88 FF 00 00 33 00 00 11 03 00 00 01 02 83 06 1A 35 28 0A FE FE FE FE 68 62 00 43 05 46 92 04 09 00 30 10 A3 8E 10 00 3E 05 03 31 50 02 02 00 01 20 21 02 00 1C 07 EA 06 1E 01 2D 00 08 00 20 21 02 00 00 20 01 04 00 00 20 00 02 00 00 20 01 02 00 00 20 04 02 00 00 20 0A 02 00 00 00 10 02 01 00 00 20 02 01 00 01 10 F0 D5 56 98 83 8E 08 15 8F 01 3B 87 D4 9A 8C D7 9B B8 16 C7 E6 1D 36 00 00 00 00 00 00 00 00 00 00 00 00 00 00 00 00 00 00 00 00 00 00 00 00 00 00 00 00 00 00 00 00 00 00 00 00 00 00 00 00 00 00 00 00 00 00 00 00 00 00 00 00 00 00 00 00 00 00 00 00 00 00 00 00 00 00 00 00 00 00 00 00 00 00 00 00 00 00 00 00 00 00 00 00 00 00 00 00 00 00 00 00 00 00 00 00 00 00 00 00 00 00 00 00 00 00 00 00 00 00 00 00 00 00 00 00 00 00 00 00 00 00 00 00 52 13 56 30 7E
[666681][05:03:56.005]7E FF 02 FF B3 68 38 9D 7D 06 DD 01 35 69 C3 11 00 34 00 54 00 01 00 01 69 7F 94 D8 10 00 01 FE 12 40 E4 00 62 E4 63 D0 04 01 00 0A AF FD 00 1C 00 9F 04 00 33 00 00 03 00 00 00 4D 00 27 01 00 00 00 00 00 00 00 00 ED 00 00 01 06 00 00 00 39 00 00 00 49 CA CD 66 00 00 00 00 00 00 00 00 00 00 00 00 00 00 00 00 00 00 00 00 94 C7 4D 19 7E
[666682][05:03:56.005]7E FF 02 FF B4 68 3D 9D 7D 06 A1 01 A0 52 C5 11 00 34 00 10 00 01 00 02 69 7F 94 10 01 80 0D 01 00 01 00 00 0E D7 E8 CE C3 9F 6D 7E
[666683][05:03:56.036]7E FF 02 FF B5 68 47 9D 7D 06 42 00 D3 F9 C8 11 00 FD 03 14 01 01 00 01 69 7F 94 01 B0 00 03 27 16 EB C4 00 5E 96 90 10 00 37 01 03 4F 2F 30 74 88 FF 00 00 33 00 00 11 03 00 00 01 02 83 06 19 35 28 0A FE FE FE FE 68 62 00 43 05 45 92 04 09 00 30 10 CD 26 10 00 3E 05 03 30 50 02 02 00 01 20 21 02 00 1C 07 EA 06 1E 01 2D 00 08 00 20 21 02 00 00 20 01 04 00 00 20 00 02 00 00 20 01 02 00 00 20 04 02 00 00 20 0A 02 00 00 00 10 02 01 00 00 20 02 01 00 01 10 F0 D5 56 98 83 8E 08 15 8F 01 3B 87 D4 9A 8C D7 3C E8 16 58 CF 19 6A 00 00 00 00 00 00 00 00 00 00 00 00 00 00 00 00 00 00 00 00 00 00 00 00 00 00 00 00 00 00 00 00 00 00 00 00 00 00 00 00 00 00 00 00 00 00 00 00 00 00 00 00 00 00 00 00 00 00 00 00 00 00 00 00 00 00 00 00 00 00 00 00 00 00 00 00 00 00 00 00 00 00 00 00 00 00 00 00 00 00 00 00 00 00 00 00 00 00 00 00 00 00 00 00 00 00 00 00 00 00 00 00 00 00 00 00 00 00 00 00 00 00 00 00 61 84 AC 11 7E
[666684][05:03:56.066]7E FF 02 FF B6 68 63 9D 7D 06 12 01 B1 BC D3 11 00 FE 03 14 01 01 00 01 69 7F 94 01 B0 00 03 27 16 EB C4 00 5E 96 90 10 00 37 01 03 4F 2F 30 74 88 FF 00 00 33 00 00 11 03 00 00 01 02 83 06 19 35 28 0A FE FE FE FE 68 62 00 43 05 45 92 04 09 00 30 10 CD 26 10 00 3E 05 03 30 50 02 02 00 01 20 21 02 00 1C 07 EA 06 1E 01 2D 00 08 00 20 21 02 00 00 20 01 04 00 00 20 00 02 00 00 20 01 02 00 00 20 04 02 00 00 20 0A 02 00 00 00 10 02 01 00 00 20 02 01 00 01 10 F0 D5 56 98 83 8E 08 15 8F 01 3B 87 D4 9A 8C D7 3C E8 16 58 CF 19 6A 00 00 00 00 00 00 00 00 00 00 00 00 00 00 00 00 00 00 00 00 00 00 00 00 00 00 00 00 00 00 00 00 00 00 00 00 00 00 00 00 00 00 00 00 00 00 00 00 00 00 00 00 00 00 00 00 00 00 00 00 00 00 00 00 00 00 00 00 00 00 00 00 00 00 00 00 00 00 00 00 00 00 00 00 00 00 00 00 00 00 00 00 00 00 00 00 00 00 00 00 00 00 00 00 00 00 00 00 00 00 00 00 00 00 00 00 00 00 00 00 00 00 00 00 05 9E E6 06 7E
[666685][05:03:56.141]7E FF 02 FF B7 68 C8 9D 7D 06 C1 03 D6 86 FA 11 00 37 00 14 01 01 00 01 69 7F 94 2E 30 08 03 47 16 EB C4 00 B4 16 E5 50 13 01 00 0A AE C9 30 92 78 CF 04 00 33 00 00 11 03 00 00 01 02 63 08 16 35 01 00 68 84 00 C3 05 43 92 04 09 00 30 10 34 F2 90 00 6B 85 03 2E 50 02 02 00 08 00 20 21 02 00 00 20 01 04 00 00 20 00 02 00 00 20 01 02 00 00 20 04 02 00 00 20 0A 02 00 00 00 10 02 01 00 00 20 02 01 01 01 1C 07 EA 06 1E 01 2D 00 05 00 00 09 39 01 01 12 08 CB 01 01 05 00 00 09 1D 01 02 05 00 00 0C C3 05 00 00 0C C3 01 02 10 02 6E 10 02 6E 06 00 02 F3 BA 06 00 00 00 00 00 00 01 00 04 2C 42 CB AD EB 02 16 9F 0A 45 3C 00 00 00 00 00 00 00 00 00 00 00 00 00 00 00 00 00 00 00 00 00 00 00 00 00 00 00 00 00 00 00 00 00 00 00 00 00 00 00 00 00 00 00 00 00 00 00 00 00 00 00 00 00 00 00 00 00 00 00 00 00 00 00 00 00 00 00 00 00 00 00 00 00 00 00 00 00 00 00 00 00 00 00 00 00 00 00 00 00 00 00 00 00 00 3E 33 52 CA 7E
[666686][05:03:56.187]7E FF 02 FF B8 68 05 9E 7D 06 B4 02 31 B2 11 12 00 36 00 54 00 01 00 01 69 7F 94 D8 10 00 01 59 12 20 D4 00 58 15 9C D0 04 01 00 0A AF FD 00 1C 00 9F 04 00 33 00 00 03 00 00 00 4D 00 27 01 00 00 00 00 00 00 00 00 ED 00 00 01 06 00 00 00 39 00 00 00 49 CA CD 66 00 00 00 00 00 00 00 00 00 00 00 00 00 00 00 00 00 00 00 00 04 6B CE 0C 7E
[666687][05:03:56.187]7E FF 02 FF B9 68 08 9E 7D 06 B0 03 77 F5 12 12 00 36 00 10 00 01 00 02 69 7F 94 10 01 80 0D 01 00 00 00 00 0F C7 2C 90 0C F1 3D 7E
[666688][05:03:56.202]7E FF 02 FF BA 68 10 9E 7D 06 2F 01 2E C0 15 12 00 37 00 54 00 01 00 01 69 7F 94 D8 10 00 01 FE 12 40 E4 00 62 E4 63 D0 04 01 00 0A AF FD 00 1C 00 9F 04 00 33 00 00 03 00 00 00 4D 00 27 01 00 00 00 00 00 00 00 00 ED 00 00 01 06 00 00 00 39 00 00 00 49 CA CD 66 00 00 00 00 00 00 00 00 00 00 00 00 00 00 00 00 00 00 00 00 BE B0 4F 15 7E
[666689][05:03:56.203]7E FF 02 FF BB 68 15 9E 7D 06 15 01 59 AA 17 12 00 37 00 10 00 01 00 02 69 7F 94 10 01 80 0D 01 00 00 00 00 0F C7 2C 55 AE A5 D4 7E
[666690][05:03:56.324]7E FF 02 FF BC 68 3E 9E 7D 06 DF 02 5F A1 4D 12 00 37 00 10 00 01 00 02 69 7F 94 10 D8 30 08 01 0E 00 00 00 FD 19 64 2D 56 EF A5 7E
[666691][05:03:56.354]7E FF 02 FF BD 68 46 9E 7D 06 E1 02 1E A8 50 12 00 3A 00 54 00 01 00 01 69 7F 94 2E 30 08 01 D6 12 40 E0 00 FA C0 B8 30 17 01 00 0A FB 50 00 1C 18 BF 04 00 33 00 00 03 00 00 00 73 01 27 01 00 00 00 00 00 00 00 00 3D 01 00 01 08 00 00 00 39 00 00 00 2A 37 8B 96 00 00 00 00 00 00 00 00 00 00 00 00 00 00 00 00 00 00 00 00 91 8E F5 5F 7E
[666692][05:03:56.354]7E FF 02 FF BE 68 BB 9E 7D 06 8E 03 AB 3A 57 12 00 3A 00 10 00 01 00 02 69 7F 94 10 D8 10 0D 01 FF 00 00 00 A5 5E F9 6F C6 3F 7B 7E
[666693][05:03:56.370]7E FF 02 FF BF 68 CD 9E 7D 06 CD 03 C4 13 5D 12 01 23 0C 10 00 01 00 02 69 7F 94 00 01 80 0D 00 A9 00 00 00 CD CD 06 4A EB 77 FA 7E
[666694][05:03:56.416]7E FF 02 FF C0 68 DB 9E 7D 06 09 03 FF C4 61 12 01 22 10 94 00 01 00 01 69 7F 94 01 80 0D 01 E8 30 00 10 00 0E B5 D2 10 00 D8 00 05 53 2F 00 34 88 FF 00 00 33 00 00 01 00 00 00 30 00 09 05 35 42 20 00 00 12 74 72 0A 03 22 21 D1 00 01 01 07 85 24 45 E1 93 04 00 05 00 00 00 20 7E 00 00 00 00 00 00 00 00 00 00 00 00 00 00 25 2D C0 29 00 00 00 00 00 00 00 00 00 00 00 00 00 00 00 00 00 00 00 00 00 00 00 00 00 00 00 00 00 00 00 00 00 00 00 00 00 00 00 00 00 00 00 00 00 00 00 00 00 00 00 00 00 00 00 00 00 00 00 00 4F EC 2C E7 7E
[666695][05:03:56.432]7E FF 02 FF C1 68 AB 9E 7D 06 60 00 1C EC 75 12 01 22 0C 10 00 01 00 02 69 7F 94 00 01 80 0D 00 A9 00 00 00 CD CD 06 35 04 FE 1C 7E
[666696][05:03:56.508]7E FF 02 FF C2 68 41 9F 7D 06 05 00 D1 FA 89 12 00 38 00 94 00 01 00 01 69 7F 94 D8 10 0D 01 EF 12 3D 60 00 66 9D F4 80 0D D1 00 00 2E 41 00 34 10 FF 08 00 33 00 00 30 00 15 61 49 26 30 00 09 04 44 96 01 00 00 00 30 00 09 05 35 42 20 00 00 12 74 72 0A 03 22 21 D1 00 01 01 07 85 24 45 E1 93 04 00 05 00 00 00 20 7E 00 00 00 00 00 00 00 00 00 00 00 00 00 00 25 2D C0 29 00 00 00 00 00 00 00 00 00 00 00 00 00 00 00 00 00 00 00 00 00 00 00 00 00 00 00 00 00 00 00 00 00 00 00 00 00 00 00 00 00 00 00 00 00 00 00 00 D9 F1 8D 7D 7E
[666697][05:03:56.584]7E FF 02 FF C3 68 93 9F 7D 06 08 01 5A 5B A9 12 00 35 00 94 00 01 00 01 69 7F 94 D8 10 0D 01 24 14 79 44 00 78 BD 23 80 0D D1 00 00 2E 41 00 34 10 FF 08 00 33 00 00 30 00 15 61 49 26 30 00 09 04 44 96 01 00 00 00 30 00 09 05 35 42 20 00 00 12 74 72 0A 03 22 21 D1 00 01 01 07 85 24 45 E1 93 04 00 05 00 00 00 20 7E 00 00 00 00 00 00 00 00 00 00 00 00 00 00 25 2D C0 29 00 00 00 00 00 00 00 00 00 00 00 00 00 00 00 00 00 00 00 00 00 00 00 00 00 00 00 00 00 00 00 00 00 00 00 00 00 00 00 00 00 00 00 00 00 00 00 00 B7 54 B7 10 7E
[666698][05:03:56.659]7E FF 02 FF C4 68 ED 9F 7D 06 31 02 66 D3 CB 12 00 35 00 10 00 01 00 02 69 7F 94 10 D8 30 08 01 0A 01 00 00 BD 09 25 B7 D6 F5 5D 7E
[666699][05:03:56.690]7E FF 02 FF C5 68 FF 9F 7D 06 95 02 B0 B5 D2 12 00 37 00 94 00 01 00 01 69 7F 94 D8 10 0D 01 24 14 79 44 00 78 BD 23 80 0D D1 00 00 2E 41 00 34 10 FF 08 00 33 00 00 30 00 15 61 49 26 30 00 09 04 44 96 01 00 00 00 30 00 09 05 35 42 20 00 00 12 74 72 0A 03 22 21 D1 00 01 01 07 85 24 45 E1 93 04 00 05 00 00 00 20 7E 00 00 00 00 00 00 00 00 00 00 00 00 00 00 25 2D C0 29 00 00 00 00 00 00 00 00 00 00 00 00 00 00 00 00 00 00 00 00 00 00 00 00 00 00 00 00 00 00 00 00 00 00 00 00 00 00 00 00 00 00 00 00 00 00 00 00 9F 31 8E 8D 7E
[666700][05:03:56.705]7E FF 02 FF C6 68 06 A0 7D 06 BC 00 D7 2A D4 12 01 22 0C 10 00 01 00 02 69 7F 94 00 01 80 0D 00 A8 00 00 00 DC 8D 82 1F 62 3E 69 7E
[666701][05:03:56.720]7E FF 02 FF C7 68 10 A0 7D 06 36 02 81 27 D9 12 00 38 00 94 00 01 00 01 69 7F 94 D8 10 0D 01 24 14 79 44 00 78 BD 23 80 0D D1 00 00 2E 41 00 34 10 FF 08 00 33 00 00 30 00 15 61 49 26 30 00 09 04 44 96 01 00 00 00 30 00 09 05 35 42 20 00 00 12 74 72 0A 03 22 21 D1 00 01 01 07 85 24 45 E1 93 04 00 05 00 00 00 20 7E 00 00 00 00 00 00 00 00 00 00 00 00 00 00 25 2D C0 29 00 00 00 00 00 00 00 00 00 00 00 00 00 00 00 00 00 00 00 00 00 00 00 00 00 00 00 00 00 00 00 00 00 00 00 00 00 00 00 00 00 00 00 00 00 00 00 00 2B 89 92 EA 7E
[666702][05:03:56.825]7E FF 02 FF C8 68 8F A0 7D 06 32 00 C1 6D 09 13 00 38 00 10 00 01 00 02 69 7F 94 10 D8 10 0D 01 00 00 00 00 55 91 C6 51 00 F3 4B 7E
[666703][05:03:56.856]7E FF 02 FF C9 68 44 A0 7D 06 57 02 3A 2D 13 13 00 38 00 10 00 01 00 02 69 7F 94 10 D8 30 08 01 0C 00 00 00 DC 99 E0 A6 F0 A7 6C 7E
[666704][05:03:57.021]7E FF 02 FF CA 68 F8 A0 7D 06 C6 00 25 B0 57 13 00 38 00 10 00 01 00 02 69 7F 94 10 D8 10 0D 01 00 00 00 00 55 91 C6 75 AD 7A A5 7E
[666705][05:03:57.052]7E FF 02 FF CB 68 79 A1 7D 06 F4 00 37 C7 62 13 00 38 00 10 00 01 00 02 69 7F 94 01 D8 10 0D 01 00 00 00 00 47 91 5A 90 53 CE 7D 7E
[666706][05:03:57.097]7E FF 02 FF CC 68 9B A1 7D 06 9B 03 41 50 6F 13 01 55 02 54 00 01 00 01 69 7F 94 87 F0 FF 01 2D 20 00 22 00 C2 17 4B 01 00 3C 00 70 00 00 68 35 16 26 00 0E 20 00 00 12 74 72 01 20 01 62 64 64 9A 05 01 02 01 30 03 1F 08 01 00 17 01 00 00 00 00 00 00 00 00 00 00 00 00 00 00 00 00 00 00 00 00 00 04 64 7F 64 6F 3A 13 0A FA 3C 2F FC 50 7E
[666707][05:03:57.157]7E FF 02 FF CD 68 73 A1 7D 06 27 02 EB BD 86 13 00 38 00 10 00 01 00 02 69 7F 94 10 D8 10 0D 01 01 00 00 00 44 D1 42 0C 9E 05 65 7E
[666708][05:03:57.172]7E FF 02 FF CE 68 E7 A1 7D 06 74 03 65 F9 8C 13 00 38 00 10 00 01 00 02 69 7F 94 10 2E C0 13 01 15 00 00 00 07 19 DF E2 A4 1D A0 7E
[666709][05:03:57.187]7E FF 02 FF CF 68 F6 A1 7D 06 6C 02 8E 98 92 13 00 38 00 10 00 01 00 02 69 7F 94 10 D8 10 0D 01 00 00 00 00 55 91 C6 A3 A2 47 F7 7E
[666710][05:03:57.248]7E FF 02 FF D0 68 D8 A1 7D 06 D4 02 87 4B AC 13 01 23 0D 10 00 01 00 02 69 7F 94 00 01 80 0D 00 A8 01 00 00 DD 9D 46 62 1F F7 10 7E
[666711][05:03:57.279]7E FF 02 FF D1 68 57 A2 7D 06 92 03 B4 B7 B7 13 00 38 00 10 00 01 00 02 69 7F 94 10 2E C0 13 01 1C 00 00 00 97 59 DD 83 89 90 76 7E
[666712][05:03:57.369]7E FF 02 FF D2 68 B8 A2 7D 06 7E 00 7E 6B DC 13 00 38 00 10 00 01 00 02 69 7F 94 10 2E 40 0B 01 1F 00 00 00 80 DB 49 56 43 C0 58 7E
[666713][05:03:57.445]7E FF 02 FF D3 68 98 A2 7D 06 42 01 1A 6D F6 13 00 38 00 10 00 01 00 02 69 7F 94 10 2E 40 0B 01 1F 00 00 00 80 DB 49 C1 A8 5F C6 7E
[666714][05:03:57.475]7E FF 02 FF D4 68 12 A3 7D 06 8E 00 E0 B9 FE 13 00 39 00 54 00 01 00 01 69 7F 94 2E 30 08 01 D6 12 40 E4 00 EB C2 3C 30 17 01 00 0A FB 50 00 1C 18 BF 04 00 33 00 00 03 00 00 00 73 01 27 01 00 00 00 00 00 00 00 00 3D 01 00 01 08 00 00 00 39 00 00 00 2A 37 8B 96 00 00 00 00 00 00 00 00 00 00 00 00 00 00 00 00 00 00 00 00 E6 AF 38 90 7E
[666715][05:03:57.490]7E FF 02 FF D5 68 1A A3 7D 06 CA 03 9F 18 02 14 00 37 00 94 00 01 00 01 69 7F 94 2E 30 08 01 FC 13 79 40 00 F5 C8 5D E0 02 83 00 04 B4 15 00 4C 70 EF 04 00 33 00 00 07 00 00 00 2E 00 F5 00 A3 00 40 00 4E 43 02 08 1A E4 24 00 00 22 A9 10 49 6D 00 40 CF 08 00 00 34 D9 54 02 6C 97 3A ED 0B 3D FF D4 0A 04 54 4D 82 A0 F6 70 B4 1A C1 04 00 31 0C 00 00 00 00 04 00 00 00 00 00 00 00 00 00 01 08 80 79 CE 5F 9C 00 00 00 00 00 00 00 00 00 00 00 00 00 00 00 00 00 00 00 00 00 00 00 00 00 00 00 00 00 00 00 00 00 00 00 00 FB 6A 82 E5 7E
[666716][05:03:57.505]7E FF 02 FF D6 68 2A A3 7D 06 36 02 16 0A 08 14 00 3C 00 94 00 01 00 01 69 7F 94 2E 70 14 01 FC 13 79 40 00 51 1C D2 E0 02 47 01 0A B5 15 00 5B 70 EF 04 00 33 00 00 05 00 00 00 00 00 27 00 ED 00 21 01 06 00 00 00 1F 7E 00 00 00 00 00 00 00 00 00 00 00 00 00 00 00 00 08 00 00 00 00 00 00 00 00 00 00 00 00 00 00 00 20 00 00 00 00 00 00 00 00 00 00 00 40 00 00 00 00 00 00 00 00 00 39 3C E7 0A 19 46 20 45 E1 93 04 00 5E B9 87 8F BC 6D 09 8E F8 AE 28 00 00 00 00 00 00 00 00 00 00 00 00 00 00 00 00 00 00 00 00 00 89 18 DC 0D 7E
[666717][05:03:57.626]7E FF 02 FF D7 68 9E A3 7D 06 82 00 33 22 34 14 00 35 00 94 00 01 00 01 69 7F 94 2E 70 14 01 FC 13 79 44 00 40 1E 56 E0 02 47 01 0A B5 15 00 5B 70 EF 04 00 33 00 00 05 00 00 00 00 00 27 00 ED 00 21 01 06 00 00 00 1F 7E 00 00 00 00 00 00 00 00 00 00 00 00 00 00 00 00 08 00 00 00 00 00 00 00 00 00 00 00 00 00 00 00 20 00 00 00 00 00 00 00 00 00 00 00 40 00 00 00 00 00 00 00 00 00 39 3C E7 0A 19 46 20 45 E1 93 04 00 5E B9 87 8F BC 6D 09 8E F8 AE 28 00 00 00 00 00 00 00 00 00 00 00 00 00 00 00 00 00 00 00 00 00 AE 07 FE FC 7E
[666718][05:03:57.626]7E FF 02 FF D8 68 AA A3 7D 06 23 01 32 CA 38 14 00 35 00 10 00 01 00 03 69 7F 94 F0 0C F5 0E 00 00 00 10 02 7B 0D 2D EC F2 49 BA 7E
[666719][05:03:57.717]7E FF 02 FF D9 68 FF A3 7D 06 71 03 53 6C 59 14 00 36 00 94 00 01 00 01 69 7F 94 2E 70 14 01 FC 13 79 44 00 40 1E 56 E0 02 47 01 0A B5 15 00 5B 70 EF 04 00 33 00 00 05 00 00 00 00 00 27 00 ED 00 21 01 06 00 00 00 1F 7E 00 00 00 00 00 00 00 00 00 00 00 00 00 00 00 00 08 00 00 00 00 00 00 00 00 00 00 00 00 00 00 00 20 00 00 00 00 00 00 00 00 00 00 00 40 00 00 00 00 00 00 00 00 00 39 3C E7 0A 19 46 20 45 E1 93 04 00 5E B9 87 8F BC 6D 09 8E F8 AE 28 00 00 00 00 00 00 00 00 00 00 00 00 00 00 00 00 00 00 00 00 00 E6 F4 AE FF 7E
[666720][05:03:57.791]7E FF 02 FF DA 68 4C A4 7D 06 33 03 12 C4 76 14 00 3A 00 94 00 01 00 01 69 7F 94 2E 70 14 01 FC 13 79 44 00 40 1E 56 E0 02 47 01 0A B5 15 00 5B 70 EF 04 00 33 00 00 05 00 00 00 00 00 27 00 ED 00 21 01 06 00 00 00 1F 7E 00 00 00 00 00 00 00 00 00 00 00 00 00 00 00 00 08 00 00 00 00 00 00 00 00 00 00 00 00 00 00 00 20 00 00 00 00 00 00 00 00 00 00 00 40 00 00 00 00 00 00 00 00 00 39 3C E7 0A 19 46 20 45 E1 93 04 00 5E B9 87 8F BC 6D 09 8E F8 AE 28 00 00 00 00 00 00 00 00 00 00 00 00 00 00 00 00 00 00 00 00 00 98 4F 65 5E 7E
[666721][05:03:57.913]7E FF 02 FF DB 68 CE A4 7D 06 7A 03 0E 68 A8 14 00 3A 00 10 00 01 00 02 69 7F 94 01 2E F0 0D 01 17 00 00 00 3E 5F 07 3F 7B 50 9A 7E
[666722][05:03:57.943]7E FF 02 FF DC 68 85 A4 7D 06 67 03 8E B3 B2 14 00 3A 00 10 00 01 00 02 69 7F 94 10 D8 10 0D 01 00 00 00 00 55 91 C6 F4 AC F1 B0 7E
[666723][05:03:57.990]7E FF 02 FF DD 68 91 A4 7D 06 5B 03 B6 3F B7 14 00 FE 03 14 01 01 00 01 69 7F 94 01 B0 00 03 27 16 EB C0 00 4F 94 14 10 00 86 00 03 54 2F 30 74 88 FF 00 00 33 00 00 11 03 00 00 01 02 83 06 15 35 28 0A FE FE FE FE 68 62 00 43 05 40 92 04 09 00 30 10 6E D6 10 00 3E 05 03 2D 50 02 02 00 01 20 21 02 00 1C 07 EA 06 1E 01 2D 00 08 00 20 21 02 00 00 20 01 04 00 00 20 00 02 00 00 20 01 02 00 00 20 04 02 00 00 20 0A 02 00 00 00 10 02 01 00 00 20 02 01 00 01 10 F0 D5 56 98 83 8E 08 15 8F 01 3B 87 D4 9A 8C D7 29 45 16 6F 5D 10 BD 00 00 00 00 00 00 00 00 00 00 00 00 00 00 00 00 00 00 00 00 00 00 00 00 00 00 00 00 00 00 00 00 00 00 00 00 00 00 00 00 00 00 00 00 00 00 00 00 00 00 00 00 00 00 00 00 00 00 00 00 00 00 00 00 00 00 00 00 00 00 00 00 00 00 00 00 00 00 00 00 00 00 00 00 00 00 00 00 00 00 00 00 00 00 00 00 00 00 00 00 00 00 00 00 00 00 00 00 00 00 00 00 00 00 00 00 00 00 00 00 00 00 00 00 5C 43 BF DA 7E
[666724][05:03:58.036]7E FF 02 FF DE 68 26 A5 7D 06 05 02 D8 CE C9 14 00 FE 03 14 01 01 00 01 69 7F 94 01 B0 00 03 27 16 EB C4 00 5E 96 90 10 00 86 00 03 54 2F 30 74 88 FF 00 00 33 00 00 11 03 00 00 01 02 83 06 15 35 28 0A FE FE FE FE 68 62 00 43 05 40 92 04 09 00 30 10 6E D6 10 00 3E 05 03 2D 50 02 02 00 01 20 21 02 00 1C 07 EA 06 1E 01 2D 00 08 00 20 21 02 00 00 20 01 04 00 00 20 00 02 00 00 20 01 02 00 00 20 04 02 00 00 20 0A 02 00 00 00 10 02 01 00 00 20 02 01 00 01 10 F0 D5 56 98 83 8E 08 15 8F 01 3B 87 D4 9A 8C D7 29 45 16 6F 5D 10 BD 00 00 00 00 00 00 00 00 00 00 00 00 00 00 00 00 00 00 00 00 00 00 00 00 00 00 00 00 00 00 00 00 00 00 00 00 00 00 00 00 00 00 00 00 00 00 00 00 00 00 00 00 00 00 00 00 00 00 00 00 00 00 00 00 00 00 00 00 00 00 00 00 00 00 00 00 00 00 00 00 00 00 00 00 00 00 00 00 00 00 00 00 00 00 00 00 00 00 00 00 00 00 00 00 00 00 00 00 00 00 00 00 00 00 00 00 00 00 00 00 00 00 00 00 B3 31 A8 F1 7E
[666725][05:03:58.096]7E FF 02 FF DF 68 60 A5 7D 06 A0 02 A2 FE DF 14 00 FE 03 14 01 01 00 01 69 7F 94 01 B0 00 03 27 16 EB C4 00 5E 96 90 10 00 86 00 03 54 2F 30 74 88 FF 00 00 33 00 00 11 03 00 00 01 02 83 06 15 35 28 0A FE FE FE FE 68 62 00 43 05 40 92 04 09 00 30 10 6E D6 10 00 3E 05 03 2D 50 02 02 00 01 20 21 02 00 1C 07 EA 06 1E 01 2D 00 08 00 20 21 02 00 00 20 01 04 00 00 20 00 02 00 00 20 01 02 00 00 20 04 02 00 00 20 0A 02 00 00 00 10 02 01 00 00 20 02 01 00 01 10 F0 D5 56 98 83 8E 08 15 8F 01 3B 87 D4 9A 8C D7 29 45 16 6F 5D 10 BD 00 00 00 00 00 00 00 00 00 00 00 00 00 00 00 00 00 00 00 00 00 00 00 00 00 00 00 00 00 00 00 00 00 00 00 00 00 00 00 00 00 00 00 00 00 00 00 00 00 00 00 00 00 00 00 00 00 00 00 00 00 00 00 00 00 00 00 00 00 00 00 00 00 00 00 00 00 00 00 00 00 00 00 00 00 00 00 00 00 00 00 00 00 00 00 00 00 00 00 00 00 00 00 00 00 00 00 00 00 00 00 00 00 00 00 00 00 00 00 00 00 00 00 00 89 30 51 1F 7E
[666726][05:03:58.172]7E FF 02 FF E0 68 A3 A5 7D 06 0B 03 C4 FF F7 14 01 23 10 14 01 01 00 01 69 7F 94 01 80 0D 03 6A 41 00 10 00 16 42 9C 10 00 5A 01 03 55 2F 30 74 88 FF 00 00 33 00 00 11 03 00 00 01 02 83 06 18 35 28 0A FE FE FE FE 68 62 00 43 05 44 92 04 09 00 30 10 18 B9 10 00 3E 05 03 2F 50 02 02 00 01 20 21 02 00 1C 07 EA 06 1E 01 2D 00 08 00 20 21 02 00 00 20 01 04 00 00 20 00 02 00 00 20 01 02 00 00 20 04 02 00 00 20 0A 02 00 00 00 10 02 01 00 00 20 02 01 00 01 10 F0 D5 56 98 83 8E 08 15 8F 01 3B 87 D4 9A 8C D7 67 E4 16 78 6C B7 B6 00 00 00 00 00 00 00 00 00 00 00 00 00 00 00 00 00 00 00 00 00 00 00 00 00 00 00 00 00 00 00 00 00 00 00 00 00 00 00 00 00 00 00 00 00 00 00 00 00 00 00 00 00 00 00 00 00 00 00 00 00 00 00 00 00 00 00 00 00 00 00 00 00 00 00 00 00 00 00 00 00 00 00 00 00 00 00 00 00 00 00 00 00 00 00 00 00 00 00 00 00 00 00 00 00 00 00 00 00 00 00 00 00 00 00 00 00 00 00 00 00 00 00 00 0B 28 47 FE 7E
[666727][05:03:58.203]7E FF 02 FF E1 68 CB A5 7D 06 9A 01 0B B6 08 15 00 38 00 14 01 01 00 01 69 7F 94 D8 10 0D 03 14 14 76 B0 00 2D 28 B9 10 00 5A 01 03 55 2F 30 74 88 EF 00 00 33 00 00 11 03 00 00 01 02 83 06 18 35 28 0A FE FE FE FE 68 62 00 43 05 44 92 04 09 00 30 10 18 B9 10 00 3E 05 03 2F 50 02 02 00 01 20 21 02 00 1C 07 EA 06 1E 01 2D 00 08 00 20 21 02 00 00 20 01 04 00 00 20 00 02 00 00 20 01 02 00 00 20 04 02 00 00 20 0A 02 00 00 00 10 02 01 00 00 20 02 01 00 01 10 F0 D5 56 98 83 8E 08 15 8F 01 3B 87 D4 9A 8C D7 67 E4 16 78 6C B7 B6 00 00 00 00 00 00 00 00 00 00 00 00 00 00 00 00 00 00 00 00 00 00 00 00 00 00 00 00 00 00 00 00 00 00 00 00 00 00 00 00 00 00 00 00 00 00 00 00 00 00 00 00 00 00 00 00 00 00 00 00 00 00 00 00 00 00 00 00 00 00 00 00 00 00 00 00 00 00 00 00 00 00 00 00 00 00 00 00 00 00 00 00 00 00 00 00 00 00 00 00 00 00 00 00 00 00 00 00 00 00 00 00 00 00 00 00 00 00 00 00 00 00 00 00 C7 48 F5 AC 7E
[666728][05:03:58.308]7E FF 02 FF E2 68 58 A6 7D 06 5D 02 E1 9A 3E 15 00 38 00 10 00 01 00 02 69 7F 94 10 2E D0 0E 01 01 00 00 00 84 E7 F9 83 EB 5F FB 7E
[666729][05:03:58.488]7E FF 02 FF E3 68 09 A7 7D 06 03 03 C3 2E 82 15 00 38 00 10 00 01 00 02 69 7F 94 10 2E D0 0E 01 13 00 00 00 A4 66 FD CF 31 60 8F 7E
[666730][05:03:58.519]7E FF 02 FF E4 68 D0 A6 7D 06 F9 00 30 63 92 15 00 38 00 10 00 01 00 02 69 7F 94 01 2E F0 0D 01 13 00 00 00 7F 5F 82 72 EF D5 D7 7E
[666731][05:03:58.714]7E FF 02 FF E5 68 EE A7 7D 06 00 01 5F 59 D9 15 00 38 00 10 00 01 00 02 69 7F 94 10 D8 30 08 01 0C 00 00 00 DC 99 E0 59 45 B2 98 7E
[666732][05:03:58.729]7E FF 02 FF E6 68 9C A7 7D 06 B1 01 F4 3B DF 15 01 22 0D 10 00 01 00 02 69 7F 94 00 01 80 0D 00 A8 00 00 00 DC 8D 82 CA 72 1B 58 7E
[666733][05:03:58.745]7E FF 02 FF E7 68 A8 A7 7D 06 B0 01 7B D9 E4 15 00 38 00 10 00 01 00 02 69 7F 94 10 2E 40 0B 01 1F 00 00 00 80 DB 49 96 AA 6D 3E 7E
[666734][05:03:58.790]7E FF 02 FF E8 68 25 A8 7D 06 70 01 35 C0 EC 15 01 23 10 94 00 01 00 01 69 7F 94 01 80 0D 01 E8 30 00 10 00 0E B5 D2 10 00 D8 00 05 56 2F 00 34 88 FF 00 00 33 00 00 01 00 00 00 30 00 09 05 35 46 20 00 00 12 74 72 0A 04 70 20 2E 00 01 01 45 85 24 45 E1 93 04 00 0A 00 00 00 21 7E 00 00 00 00 00 00 00 00 00 00 00 00 00 00 5F D5 08 7E 00 00 00 00 00 00 00 00 00 00 00 00 00 00 00 00 00 00 00 00 00 00 00 00 00 00 00 00 00 00 00 00 00 00 00 00 00 00 00 00 00 00 00 00 00 00 00 00 00 00 00 00 00 00 00 00 00 00 00 00 C8 7B 0D AC 7E
[666735][05:03:58.806]7E FF 02 FF E9 68 44 A8 7D 06 73 01 7F 2A FA 15 00 37 00 94 00 01 00 01 69 7F 94 D8 30 08 01 EF 12 3D 60 00 6F 1C 55 80 0D 83 00 00 2F 41 00 34 10 FF 08 00 33 00 00 30 00 15 61 49 26 30 00 09 04 54 46 01 00 00 00 30 00 09 05 35 46 20 00 00 12 74 72 0A 04 70 20 2E 00 01 01 45 85 24 45 E1 93 04 00 0A 00 00 00 21 7E 00 00 00 00 00 00 00 00 00 00 00 00 00 00 5F D5 08 7E 00 00 00 00 00 00 00 00 00 00 00 00 00 00 00 00 00 00 00 00 00 00 00 00 00 00 00 00 00 00 00 00 00 00 00 00 00 00 00 00 00 00 00 00 00 00 00 00 BE CB FE 89 7E
[666736][05:03:58.822]7E FF 02 FF EA 68 53 A8 7D 06 34 01 E3 DD FF 15 00 3A 00 94 00 01 00 01 69 7F 94 2E 30 08 01 FC 13 79 44 00 E4 CA D9 E0 02 01 00 04 B7 15 00 5C 70 EF 0C 00 33 00 00 30 00 09 04 16 28 20 00 00 12 74 72 00 00 00 00 30 00 09 05 35 46 2E 00 00 00 00 00 00 00 00 00 39 03 00 01 45 85 24 45 E8 07 02 12 09 23 07 03 01 00 01 01 00 02 02 00 0D 00 00 09 03 31 17 6E 54 4E 59 58 0F 00 0F 00 00 00 00 00 0A 00 00 00 AB 4C 6E 5E 25 DA 87 A3 9F A1 1B 00 00 31 44 59 58 03 FB C1 01 9C 02 01 4B 2F C5 F8 00 00 00 00 00 00 00 00 C3 D2 B8 DA 7E
[666737][05:03:58.942]7E FF 02 FF EB 68 70 A8 7D 06 79 01 62 1F 31 16 00 3A 00 10 00 01 00 02 69 7F 94 10 2E A0 0D 01 1F 00 00 00 39 0D 17 42 9E EA 4D 7E
[666738][05:03:58.973]7E FF 02 FF EC 68 EA A8 7D 06 CE 03 A5 BA 39 16 00 39 00 54 00 01 00 01 69 7F 94 2E 30 08 01 D6 12 40 E0 00 FA C0 B8 40 13 01 00 0A FA 29 00 1C 70 BF 04 00 33 00 00 03 00 00 00 34 01 68 11 00 00 00 00 00 00 00 00 83 00 00 01 07 00 00 00 39 00 00 00 15 94 0E 59 00 00 00 00 00 00 00 00 00 00 00 00 00 00 00 00 00 00 00 00 23 54 3E 0E 7E
[666739][05:03:58.988]7E FF 02 FF ED 68 F2 A8 7D 06 38 01 A1 85 3C 16 00 3B 00 94 00 01 00 01 69 7F 94 2E F0 FF 01 99 12 79 42 00 E9 18 95 E0 02 FF 2F 03 B9 15 00 34 70 EF 04 00 33 00 00 01 00 00 00 30 00 09 05 35 46 20 00 00 12 74 72 0A 04 70 20 2E 00 01 01 45 85 24 45 E1 93 04 00 0A 00 00 00 21 7E 00 00 00 00 00 00 00 00 00 00 00 00 00 00 5F D5 08 7E 00 00 00 00 00 00 00 00 00 00 00 00 00 00 00 00 00 00 00 00 00 00 00 00 00 00 00 00 00 00 00 00 00 00 00 00 00 00 00 00 00 00 00 00 00 00 00 00 00 00 00 00 00 00 00 00 00 00 00 00 67 8A 7E 30 7E
[666740][05:03:58.988]7E FF 02 FF EE 68 01 A9 7D 06 10 03 9B 72 42 16 00 3B 00 10 00 01 00 02 69 7F 94 10 D8 30 08 01 11 00 00 00 0C D8 E7 35 3F 02 7C 7E
[666741][05:03:59.004]7E FF 02 FF EF 68 10 A9 7D 06 F3 01 89 04 47 16 01 22 0C 10 00 01 00 02 69 7F 94 00 01 80 0D 00 AA 00 00 00 FD 0D 06 5B 52 54 96 7E
[666742][05:03:59.080]7E FF 02 FF F0 68 D2 A8 7D 06 A4 03 2C B2 56 16 00 3A 00 14 01 01 00 01 69 7F 94 2E E0 0F 03 47 16 EB C0 00 4A 39 5A 10 00 FE 00 03 52 2F 30 74 88 CF 00 00 33 00 00 11 03 00 00 01 02 83 06 1A 35 28 0A FE FE FE FE 68 62 00 43 05 46 92 04 09 00 30 10 A3 8E 10 00 3E 05 03 31 50 02 02 00 01 20 21 02 00 1C 07 EA 06 1E 01 2D 00 08 00 20 21 02 00 00 20 01 04 00 00 20 00 02 00 00 20 01 02 00 00 20 04 02 00 00 20 0A 02 00 00 00 10 02 01 00 00 20 02 01 00 01 10 F0 D5 56 98 83 8E 08 15 8F 01 3B 87 D4 9A 8C D7 9B B8 16 C7 E6 1D 36 00 00 00 00 00 00 00 00 00 00 00 00 00 00 00 00 00 00 00 00 00 00 00 00 00 00 00 00 00 00 00 00 00 00 00 00 00 00 00 00 00 00 00 00 00 00 00 00 00 00 00 00 00 00 00 00 00 00 00 00 00 00 00 00 00 00 00 00 00 00 00 00 00 00 00 00 00 00 00 00 00 00 00 00 00 00 00 00 00 00 00 00 00 00 00 00 00 00 00 00 00 00 00 00 00 00 00 00 00 00 00 00 00 00 00 00 00 00 00 00 00 00 00 00 0F 09 5E 38 7E
[666743][05:03:59.080]7E FF 02 FF F1 68 51 A9 7D 06 4E 02 10 E4 60 16 00 3A 00 10 00 01 00 02 69 7F 94 10 2E 50 0F 01 1F 00 00 00 04 EA CF B6 B5 EA FD 7E
[666744][05:03:59.110]7E FF 02 FF F2 68 55 A9 7D 06 47 01 80 4D 62 16 00 3B 00 14 01 01 00 01 69 7F 94 2E E0 0F 03 47 16 EB C4 00 5B 3B DE 10 00 FE 00 03 52 2F 30 74 88 CF 00 00 33 00 00 11 03 00 00 01 02 83 06 1A 35 28 0A FE FE FE FE 68 62 00 43 05 46 92 04 09 00 30 10 A3 8E 10 00 3E 05 03 31 50 02 02 00 01 20 21 02 00 1C 07 EA 06 1E 01 2D 00 08 00 20 21 02 00 00 20 01 04 00 00 20 00 02 00 00 20 01 02 00 00 20 04 02 00 00 20 0A 02 00 00 00 10 02 01 00 00 20 02 01 00 01 10 F0 D5 56 98 83 8E 08 15 8F 01 3B 87 D4 9A 8C D7 9B B8 16 C7 E6 1D 36 00 00 00 00 00 00 00 00 00 00 00 00 00 00 00 00 00 00 00 00 00 00 00 00 00 00 00 00 00 00 00 00 00 00 00 00 00 00 00 00 00 00 00 00 00 00 00 00 00 00 00 00 00 00 00 00 00 00 00 00 00 00 00 00 00 00 00 00 00 00 00 00 00 00 00 00 00 00 00 00 00 00 00 00 00 00 00 00 00 00 00 00 00 00 00 00 00 00 00 00 00 00 00 00 00 00 00 00 00 00 00 00 00 00 00 00 00 00 00 00 00 00 00 00 C4 93 B0 B2 7E
[666745][05:03:59.186]7E FF 02 FF F3 68 AF A9 7D 06 E6 00 36 96 84 16 00 3A 00 14 01 01 00 01 69 7F 94 2E E0 0F 03 47 16 EB C4 00 5B 3B DE 10 00 FE 00 03 52 2F 30 74 88 CF 00 00 33 00 00 11 03 00 00 01 02 83 06 1A 35 28 0A FE FE FE FE 68 62 00 43 05 46 92 04 09 00 30 10 A3 8E 10 00 3E 05 03 31 50 02 02 00 01 20 21 02 00 1C 07 EA 06 1E 01 2D 00 08 00 20 21 02 00 00 20 01 04 00 00 20 00 02 00 00 20 01 02 00 00 20 04 02 00 00 20 0A 02 00 00 00 10 02 01 00 00 20 02 01 00 01 10 F0 D5 56 98 83 8E 08 15 8F 01 3B 87 D4 9A 8C D7 9B B8 16 C7 E6 1D 36 00 00 00 00 00 00 00 00 00 00 00 00 00 00 00 00 00 00 00 00 00 00 00 00 00 00 00 00 00 00 00 00 00 00 00 00 00 00 00 00 00 00 00 00 00 00 00 00 00 00 00 00 00 00 00 00 00 00 00 00 00 00 00 00 00 00 00 00 00 00 00 00 00 00 00 00 00 00 00 00 00 00 00 00 00 00 00 00 00 00 00 00 00 00 00 00 00 00 00 00 00 00 00 00 00 00 00 00 00 00 00 00 00 00 00 00 00 00 00 00 00 00 00 00 C1 EA BB 84 7E
[666746][05:03:59.247]7E FF 02 FF F4 68 E2 A9 7D 06 03 03 5B 40 98 16 00 39 00 14 01 01 00 01 69 7F 94 2E F0 FF 03 E5 14 EB C6 00 54 F7 14 C0 13 01 30 06 63 CC 30 92 78 AF 04 00 33 00 00 11 03 00 00 01 02 63 08 12 35 01 00 68 84 00 C3 05 37 92 04 09 00 30 10 0E 8C 90 00 6B 85 03 2A 50 02 02 00 08 00 20 21 02 00 00 20 01 04 00 00 20 00 02 00 00 20 01 02 00 00 20 04 02 00 00 20 0A 02 00 00 00 10 02 01 00 00 20 02 01 01 01 1C 07 EA 06 1E 01 2D 00 05 00 00 00 00 01 01 12 08 CD 01 01 05 00 00 00 00 01 02 05 00 00 00 00 05 00 00 00 00 01 02 10 03 E8 10 03 E8 06 00 00 00 00 06 00 00 00 00 00 00 01 00 04 82 33 4B 52 24 2B 16 BF F7 DC 40 00 00 00 00 00 00 00 00 00 00 00 00 00 00 00 00 00 00 00 00 00 00 00 00 00 00 00 00 00 00 00 00 00 00 00 00 00 00 00 00 00 00 00 00 00 00 00 00 00 00 00 00 00 00 00 00 00 00 00 00 00 00 00 00 00 00 00 00 00 00 00 00 00 00 00 00 00 00 00 00 00 00 00 00 00 00 00 00 00 00 00 00 00 00 E9 6B F8 86 7E
[666747][05:03:59.293]7E FF 02 FF F5 68 15 AA 7D 06 D0 02 FF AF AB 16 00 3B 00 14 01 01 00 01 69 7F 94 2E F0 FF 03 E5 14 EB C6 00 54 F7 14 C0 13 01 30 06 63 CC 30 92 78 AF 04 00 33 00 00 11 03 00 00 01 02 63 08 12 35 01 00 68 84 00 C3 05 37 92 04 09 00 30 10 0E 8C 90 00 6B 85 03 2A 50 02 02 00 08 00 20 21 02 00 00 20 01 04 00 00 20 00 02 00 00 20 01 02 00 00 20 04 02 00 00 20 0A 02 00 00 00 10 02 01 00 00 20 02 01 01 01 1C 07 EA 06 1E 01 2D 00 05 00 00 00 00 01 01 12 08 CD 01 01 05 00 00 00 00 01 02 05 00 00 00 00 05 00 00 00 00 01 02 10 03 E8 10 03 E8 06 00 00 00 00 06 00 00 00 00 00 00 01 00 04 82 33 4B 52 24 2B 16 BF F7 DC 40 00 00 00 00 00 00 00 00 00 00 00 00 00 00 00 00 00 00 00 00 00 00 00 00 00 00 00 00 00 00 00 00 00 00 00 00 00 00 00 00 00 00 00 00 00 00 00 00 00 00 00 00 00 00 00 00 00 00 00 00 00 00 00 00 00 00 00 00 00 00 00 00 00 00 00 00 00 00 00 00 00 00 00 00 00 00 00 00 00 00 00 00 00 00 50 0A EA 05 7E
[666748][05:03:59.293]7E FF 02 FF F6 68 2F AA 7D 06 8C 03 C0 B2 B5 16 00 3B 00 10 00 01 00 02 69 7F 94 10 2E A0 0D 01 1F 00 00 00 39 0D 17 86 CD 6D CA 7E
[666749][05:03:59.504]7E FF 02 FF F7 68 0B AB 7D 06 F2 02 16 92 09 17 00 3B 00 10 00 01 00 02 69 7F 94 10 2E 70 14 01 15 00 00 00 6B 95 2E 73 EE 6A 7F 7E
[666750][05:03:59.520]7E FF 02 FF F8 68 19 AB 7D 06 25 01 A7 BA 0E 17 00 3B 00 10 00 01 00 03 69 7F 94 F0 0C 86 07 00 00 00 10 02 BD 57 61 3F 40 8F 30 7E
[666751][05:03:59.701]7E FF 02 FF F9 68 CB AB 7D 06 58 02 EC 20 51 17 01 22 10 34 00 01 00 01 69 7F 94 01 80 0D 00 85 10 00 10 00 08 E4 90 10 00 34 01 03 57 2F 00 0C 88 FF 00 00 33 00 00 0B 00 00 00 34 01 00 01 08 00 00 00 0D 35 63 55 00 00 00 00 9F 84 FD B5 7E
[666752][05:03:59.716]7E FF 02 FF FA 68 D9 AB 7D 06 CB 00 E8 E8 57 17 00 38 00 54 00 01 00 01 69 7F 94 D8 30 08 00 59 12 20 D0 00 6A 33 3C 10 00 34 01 03 57 2F 00 0C 88 EF 00 00 33 00 00 0B 00 00 00 34 01 00 01 08 00 00 00 0D 35 63 55 00 00 00 00 D3 96 5C 00 00 00 00 00 00 00 00 00 00 00 00 00 00 00 00 00 00 00 00 00 00 00 00 00 00 00 00 00 38 8A B4 B1 7E
[666753][05:03:59.732]7E FF 02 FF FB 68 E2 AB 7D 06 7E 00 87 B9 59 17 01 23 10 34 00 01 00 01 69 7F 94 01 80 0D 03 85 10 00 10 00 C8 FC F3 10 00 35 01 0A 58 2F 30 10 88 FF 00 00 33 00 00 11 A1 00 00 01 23 74 0C 30 00 09 04 92 43 03 02 F4 0E F4 B1 35 66 57 A6 7E
[666754][05:03:59.732]7E FF 02 FF FC 68 87 AB 7D 06 86 03 B0 0B 5F 17 00 37 00 54 00 01 00 01 69 7F 94 D8 30 08 03 59 12 20 D0 00 AA 2B 5F 10 00 35 01 0A 58 2F 30 10 88 EF 00 00 33 00 00 11 A1 00 00 01 23 74 0C 30 00 09 04 92 43 03 02 F4 0E F4 B1 F4 F8 85 00 00 00 00 00 00 00 00 00 00 00 00 00 00 00 00 00 00 00 00 00 00 00 00 00 00 00 00 00 E2 FC 98 5E 7E
[666755][05:03:59.822]7E FF 02 FF FD 68 45 AC 7D 06 C8 00 B5 23 81 17 00 37 00 10 00 01 00 02 69 7F 94 10 D8 10 0D 01 01 00 00 00 44 D1 42 A8 D9 5B E1 7E
[666756][05:03:59.898]7E FF 02 FF FE 68 72 AC 7D 06 09 00 5E 35 92 17 00 38 00 14 01 01 00 01 69 7F 94 2E F0 FF 01 E5 14 EB C2 00 C4 E5 56 E0 02 FF 2F 01 BA 15 00 A4 70 01 04 00 33 00 00 08 00 00 00 2E 30 08 32 30 00 09 04 16 28 20 00 00 12 74 72 39 00 02 11 4F 00 09 01 0E 00 2F 00 00 00 00 00 83 30 04 02 02 00 1A 80 00 00 00 22 89 00 49 69 00 00 0E 00 00 00 30 08 14 02 64 02 32 25 0A 35 7B 84 08 04 00 04 02 80 72 70 B0 1A C1 04 00 31 0C 01 02 01 02 02 02 01 03 02 03 01 03 03 02 03 01 02 03 03 02 01 01 01 03 01 02 03 03 03 05 01 01 06 01 02 01 04 03 02 03 02 05 03 04 03 03 05 03 03 02 02 03 01 04 01 02 02 03 02 01 02 04 04 03 02 02 02 01 04 01 01 01 04 01 01 04 05 04 02 2D DE E9 A6 00 00 00 00 00 00 00 00 00 00 00 00 00 00 00 00 00 00 00 00 00 00 00 00 00 00 00 00 00 00 00 00 00 00 00 00 00 00 00 00 00 00 00 00 00 00 00 00 00 00 00 00 00 00 00 00 00 00 00 00 00 00 00 00 00 00 00 00 00 00 00 00 00 00 00 00 9F 14 A7 02 7E
[666757][05:03:59.898]7E FF 02 FF FF 68 8B AC 7D 06 6D 03 CF 17 9C 17 00 38 00 10 00 01 00 02 69 7F 94 10 D8 30 08 01 0C 00 00 00 DC 99 E0 B6 25 75 A8 7E
[666758][05:03:59.945]7E FF 02 FF 00 69 56 AC 7D 06 05 03 E7 F0 AC 17 01 22 0D 10 00 01 00 02 69 7F 94 00 01 80 0D 00 A7 00 00 00 2C 4D 81 AD 10 85 79 7E
[666759][05:03:59.945]7E FF 02 FF 01 69 61 AC 7D 06 59 02 32 1D B2 17 00 38 00 10 00 01 00 02 69 7F 94 10 D8 10 0D 01 0F 00 00 00 A5 51 C5 EB BB C0 34 7E
[666760][05:04:00.111]7E FF 02 FF 02 69 6C AD 7D 06 ED 01 85 C7 F1 17 00 38 00 10 00 01 00 02 69 7F 94 10 D8 30 08 01 0E 00 00 00 FD 19 64 56 0D 4E 07 7E
[666761][05:04:00.127]7E FF 02 FF 03 69 12 AD 7D 06 A7 00 73 78 F5 17 00 38 00 10 00 01 00 02 69 7F 94 01 2E F0 0D 01 18 00 00 00 CE 9F 04 25 E2 39 42 7E
[666762][05:04:00.231]7E FF 02 FF 04 69 78 AD 7D 06 E3 01 55 80 1C 18 00 38 00 10 00 01 00 02 69 7F 94 10 D8 30 08 01 0F 00 00 00 EC 59 E0 6C A4 A9 57 7E
[666763][05:04:00.246]7E FF 02 FF 05 69 8A AD 7D 06 4D 02 65 5D 22 18 01 22 0D 10 00 01 00 02 69 7F 94 00 01 80 0D 00 A8 00 00 00 DC 8D 82 DE 9A 6A 2B 7E
[666764][05:04:00.875]7E FF 02 FF 06 69 DF AF 7D 06 E5 03 67 47 07 19 00 FD 03 14 01 01 00 01 69 7F 94 01 B0 00 03 27 16 EB C0 00 4F 94 14 10 00 2F 01 03 59 2F 30 74 88 FF 00 00 33 00 00 11 03 00 00 01 02 83 06 1B 35 28 0A FE FE FE FE 68 62 00 43 05 85 92 04 09 00 30 10 D6 67 10 00 3E 05 03 32 50 02 02 00 01 20 21 02 00 1C 07 EA 06 1E 01 2D 00 08 00 20 21 02 00 00 20 01 04 00 00 20 00 02 00 00 20 01 02 00 00 20 04 02 00 00 20 0A 02 00 00 00 10 02 01 00 00 20 02 01 00 01 10 F0 D5 56 98 83 8E 08 15 8F 01 3B 87 D4 9A 8C D7 72 49 16 AF 79 D0 DC 00 00 00 00 00 00 00 00 00 00 00 00 00 00 00 00 00 00 00 00 00 00 00 00 00 00 00 00 00 00 00 00 00 00 00 00 00 00 00 00 00 00 00 00 00 00 00 00 00 00 00 00 00 00 00 00 00 00 00 00 00 00 00 00 00 00 00 00 00 00 00 00 00 00 00 00 00 00 00 00 00 00 00 00 00 00 00 00 00 00 00 00 00 00 00 00 00 00 00 00 00 00 00 00 00 00 00 00 00 00 00 00 00 00 00 00 00 00 00 00 00 00 00 00 9D 01 B4 CB 7E
[666765][05:04:00.921]7E FF 02 FF 07 69 54 B0 7D 06 DE 02 22 A8 0D 19 00 36 01 14 02 01 00 01 69 7F 94 12 F0 FF 01 D4 17 E8 92 00 CD 70 46 20 01 FF 2F 01 98 DA 00 EA 10 11 08 00 33 00 00 30 00 09 81 42 45 FF FF FF FF FF FF 08 00 00 00 12 10 00 11 30 00 09 81 42 45 20 00 00 12 74 72 03 00 5D 64 87 00 0F 01 FB 01 3D 00 00 00 00 00 01 30 92 B0 28 F5 00 02 52 FF BE 0D 06 C7 26 90 9E 8F 80 75 7B 69 01 04 01 04 00 00 01 10 00 00 00 00 A0 00 00 20 00 00 00 80 08 20 2E 22 3C 00 00 00 20 10 3E 79 4B 39 1C 53 E2 31 16 05 40 3D 3D 0B 3D 0D 09 0B 3C 0D 39 3D 0A 0C 0B 2E 3B 39 3C 0B 0A 0D 0C 09 0B 0B 0A 0B 0B 0B 0A 0C 0B 0F 0B 0B 0B 0A 0C 0B 07 0F 0C 09 0F 0A 0A 0C 0A 0A 08 0B 06 0A 08 0A 07 0B 3A 0D 3C 0C 0D 0A 0D 0B 0E 09 0A 0B 0C 09 0C 0B 0A 0A 0F 0A 0F 04 0E 0B 0C 0B 05 0B 09 0A 0E 08 08 0A 0D 0E 0B 0D 0A 0B 09 0D 3A 0D 0C 03 0B 0D 0D 0C 07 08 0D 0A 0B 0C 0C 0A 0E 0B 04 08 08 0B 0B 0C 0C 0D 0D 0D 08 0C 0B 08 0D 0E 0B 0E 30 88 79 AE 00 00 00 00 00 00 00 00 00 00 00 00 00 00 00 00 00 00 00 00 00 00 00 00 00 00 00 00 00 00 00 00 00 00 00 00 00 00 00 00 00 00 00 00 00 00 00 00 00 00 00 00 00 00 00 00 00 00 00 00 00 00 00 00 00 00 00 00 00 00 00 00 00 00 00 00 00 00 00 00 00 00 00 00 00 00 00 00 00 00 00 00 00 00 00 00 00 00 00 00 00 00 00 00 00 00 00 00 00 00 00 00 00 00 00 00 00 00 00 00 00 00 00 00 00 00 00 00 00 00 00 00 00 00 00 00 00 00 00 00 00 00 00 00 00 00 00 00 00 00 00 00 00 00 00 00 00 00 00 00 00 00 00 00 00 00 00 00 00 00 00 00 00 00 00 00 00 00 00 00 00 00 00 00 00 00 00 00 00 00 00 00 00 00 00 00 00 00 00 00 00 00 00 00 00 00 00 00 00 00 00 00 00 00 00 00 00 00 00 00 00 00 00 00 00 00 00 00 00 00 00 00 00 00 00 00 00 00 00 00 00 00 00 00 00 00 00 00 00 00 D9 2F AC 6B 7E
[666766][05:04:00.951]7E FF 02 FF 08 69 71 B0 7D 06 6C 01 51 94 18 19 00 FD 03 14 01 01 00 01 69 7F 94 01 B0 00 03 27 16 EB C4 00 5E 96 90 10 00 2F 01 03 59 2F 30 74 88 FF 00 00 33 00 00 11 03 00 00 01 02 83 06 1B 35 28 0A FE FE FE FE 68 62 00 43 05 85 92 04 09 00 30 10 D6 67 10 00 3E 05 03 32 50 02 02 00 01 20 21 02 00 1C 07 EA 06 1E 01 2D 00 08 00 20 21 02 00 00 20 01 04 00 00 20 00 02 00 00 20 01 02 00 00 20 04 02 00 00 20 0A 02 00 00 00 10 02 01 00 00 20 02 01 00 01 10 F0 D5 56 98 83 8E 08 15 8F 01 3B 87 D4 9A 8C D7 72 49 16 AF 79 D0 DC 00 00 00 00 00 00 00 00 00 00 00 00 00 00 00 00 00 00 00 00 00 00 00 00 00 00 00 00 00 00 00 00 00 00 00 00 00 00 00 00 00 00 00 00 00 00 00 00 00 00 00 00 00 00 00 00 00 00 00 00 00 00 00 00 00 00 00 00 00 00 00 00 00 00 00 00 00 00 00 00 00 00 00 00 00 00 00 00 00 00 00 00 00 00 00 00 00 00 00 00 00 00 00 00 00 00 00 00 00 00 00 00 00 00 00 00 00 00 00 00 00 00 00 00 6F 6E 51 E4 7E
[666767][05:04:00.951]7E FF 02 FF 09 69 38 B0 7D 06 EC 01 F8 0F 29 19 00 FD 03 10 00 01 00 02 69 7F 94 10 2E 50 0F 01 1F 00 00 00 04 EA CF 7F 6F E2 84 7E
[666768][05:04:00.998]7E FF 02 FF 0A 69 B5 B0 7D 06 21 01 10 7E 32 19 00 FE 03 14 01 01 00 01 69 7F 94 01 B0 00 03 27 16 EB C4 00 5E 96 90 10 00 2F 01 03 59 2F 30 74 88 FF 00 00 33 00 00 11 03 00 00 01 02 83 06 1B 35 28 0A FE FE FE FE 68 62 00 43 05 85 92 04 09 00 30 10 D6 67 10 00 3E 05 03 32 50 02 02 00 01 20 21 02 00 1C 07 EA 06 1E 01 2D 00 08 00 20 21 02 00 00 20 01 04 00 00 20 00 02 00 00 20 01 02 00 00 20 04 02 00 00 20 0A 02 00 00 00 10 02 01 00 00 20 02 01 00 01 10 F0 D5 56 98 83 8E 08 15 8F 01 3B 87 D4 9A 8C D7 72 49 16 AF 79 D0 DC 00 00 00 00 00 00 00 00 00 00 00 00 00 00 00 00 00 00 00 00 00 00 00 00 00 00 00 00 00 00 00 00 00 00 00 00 00 00 00 00 00 00 00 00 00 00 00 00 00 00 00 00 00 00 00 00 00 00 00 00 00 00 00 00 00 00 00 00 00 00 00 00 00 00 00 00 00 00 00 00 00 00 00 00 00 00 00 00 00 00 00 00 00 00 00 00 00 00 00 00 00 00 00 00 00 00 00 00 00 00 00 00 00 00 00 00 00 00 00 00 00 00 00 00 92 1D 97 47 7E
[666769][05:04:01.013]7E FF 02 FF 0B 69 F3 B0 7D 06 FF 00 74 27 4A 19 00 FE 03 10 00 01 00 02 69 7F 94 01 2E F0 0D 01 18 00 00 00 CE 9F 04 6C 3D 09 9E 7E
[666770][05:04:01.045]7E FF 02 FF 0C 69 A2 B0 7D 06 75 02 DD 8B 51 19 00 FE 03 10 00 01 00 02 69 7F 94 10 2E 70 15 01 15 00 00 00 2A 9D 8B 24 42 67 F6 7E
[666771][05:04:01.151]7E FF 02 FF 0D 69 7E B1 7D 06 68 01 95 38 7F 19 00 FE 03 10 00 01 00 02 69 7F 94 01 2E F0 0D 01 18 00 00 00 CE 9F 04 46 7B 3F 0B 7E
[666772][05:04:01.212]7E FF 02 FF 0E 69 AD B1 7D 06 1B 03 D7 50 91 19 00 FE 03 10 00 01 00 02 69 7F 94 10 2E C0 13 01 E1 00 00 00 46 16 66 0E 9D FF DF 7E
[666773][05:04:01.946]7E FF 02 FF 0F 69 5B B4 7D 06 D8 03 EC 0D 97 1A 00 FD 03 15 02 01 00 00 69 7F 94 EA 0D 97 1A 01 90 E8 02 00 C0 98 B0 CA 33 20 00 00 12 74 72 A4 0B 00 00 10 02 00 00 00 00 00 00 05 00 0F 01 00 00 64 20 00 00 12 74 72 04 00 00 01 0A D0 02 F9 01 30 00 39 00 06 0A BF 0A D6 31 2F 92 ED 19 C0 D5 00 59 33 00 41 24 32 00 00 00 00 79 DE 95 1A FA 39 00 00 24 00 0E 50 15 50 1C 50 31 50 0C 50 04 50 87 50 8A 50 93 51 34 50 36 50 08 50 40 51 D8 50 1A 50 11 50 05 50 0B 50 30 50 BA 51 29 50 39 51 75 50 BC 50 2D 50 5B 50 F7 50 83 50 24 50 21 50 86 50 6A 50 67 50 FB 50 D1 50 F8 51 C6 50 C9 50 14 51 48 51 FF 51 2E 50 C2 50 3D 51 F5 50 FE 51 18 51 3C 51 F2 50 4E 50 1A 51 B4 50 47 51 E1 50 DA 50 2E 51 56 50 DF 50 FA 51 A8 50 CC 50 CA 50 1B 51 21 51 ED 50 84 41 E9 41 8E 41 9F 41 64 41 DA 41 E6 41 58 40 A3 41 71 40 05 41 91 41 65 40 D7 40 18 40 1D 41 61 40 0D 41 C2 41 FD 41 AD 41 F5 41 C4 40 78 81 88 13 00 01 B8 0B 00 02 AC 0D 00 03 03 04 9A 05 9A 05 E7 40 5C 40 8B 40 C5 40 22 40 20 40 44 41 F1 40 4D 40 02 40 80 40 60 40 82 40 AB 40 4B 41 EB 40 17 40 06 40 03 40 81 40 EC 40 09 41 32 40 D5 40 03 41 49 40 F6 80 94 11 00 01 C4 09 00 02 B8 0B 00 03 03 04 9A 05 9A 05 9A 05 F1 81 88 13 00 01 D0 07 00 02 C4 09 00 03 03 04 9A 05 CF 41 D0 41 27 41 C1 40 D1 41 D2 41 31 41 BD 41 D3 41 26 40 D4 41 D5 41 C9 41 68 41 EE 40 4C 40 20 40 32 41 2C 40 F0 80 88 13 00 01 E8 03 00 02 C4 09 00 03 03 04 9A 05 00 00 00 00 00 00 00 00 00 00 00 00 00 00 00 00 00 00 00 00 00 00 00 00 00 00 00 00 00 00 00 00 00 00 00 00 00 00 00 00 00 00 00 00 00 00 00 00 00 00 00 00 00 00 00 00 00 00 00 00 00 00 00 00 00 00 00 00 00 00 00 00 00 00 00 00 00 00 00 00 00 00 00 00 00 00 00 00 00 00 DB 3E BB 90 39 3B B6 37 7E
[666774][05:04:01.991]7E FF 02 FF 10 69 5F B4 7D 06 48 02 18 6C 97 1A 01 23 0C 15 02 01 00 00 69 7F 94 8F 6A 97 1A 01 20 05 00 00 50 29 F6 CA 33 20 00 00 12 74 72 A4 0B 00 00 10 02 00 00 00 00 00 00 05 00 0F 01 00 00 64 20 00 00 12 74 72 04 00 00 01 0A D0 02 F9 01 30 00 39 00 06 0A BF 0A D6 31 2F 92 ED 19 C0 D5 00 59 33 00 41 24 32 00 00 00 00 79 DE 95 1A FA 39 00 00 24 00 0E 50 15 50 1C 50 31 50 0C 50 04 50 87 50 8A 50 93 51 34 50 36 50 08 50 40 51 D8 50 1A 50 11 50 05 50 0B 50 30 50 BA 51 29 50 39 51 75 50 BC 50 2D 50 5B 50 F7 50 83 50 24 50 21 50 86 50 6A 50 67 50 FB 50 D1 50 F8 51 C6 50 C9 50 14 51 48 51 FF 51 2E 50 C2 50 3D 51 F5 50 FE 51 18 51 3C 51 F2 50 4E 50 1A 51 B4 50 47 51 E1 50 DA 50 2E 51 56 50 DF 50 FA 51 A8 50 CC 50 CA 50 1B 51 21 51 ED 50 84 41 E9 41 8E 41 9F 41 64 41 DA 41 E6 41 58 40 A3 41 71 40 05 41 91 41 65 40 D7 40 18 40 1D 41 61 40 0D 41 C2 41 FD 41 AD 41 F5 41 C4 40 78 81 88 13 00 01 B8 0B 00 02 AC 0D 00 03 03 04 9A 05 9A 05 E7 40 5C 40 8B 40 C5 40 22 40 20 40 44 41 F1 40 4D 40 02 40 80 40 60 40 82 40 AB 40 4B 41 EB 40 17 40 06 40 03 40 81 40 EC 40 09 41 32 40 D5 40 03 41 49 40 F6 80 94 11 00 01 C4 09 00 02 B8 0B 00 03 03 04 9A 05 9A 05 9A 05 F1 81 88 13 00 01 D0 07 00 02 C4 09 00 03 03 04 9A 05 CF 41 D0 41 27 41 C1 40 D1 41 D2 41 31 41 BD 41 D3 41 26 40 D4 41 D5 41 C9 41 68 41 EE 40 4C 40 20 40 32 41 2C 40 F0 80 88 13 00 01 E8 03 00 02 C4 09 00 03 03 04 9A 05 00 00 00 00 00 00 00 00 00 00 00 00 00 00 00 00 00 00 00 00 00 00 00 00 00 00 00 00 00 00 00 00 00 00 00 00 00 00 00 00 00 00 00 00 00 00 00 00 00 00 00 00 00 00 00 00 00 00 00 00 00 00 00 00 00 00 00 00 00 00 00 00 00 00 00 00 00 00 00 00 00 00 00 00 00 00 00 00 00 00 DB 3E BB 90 E0 45 28 92 7E
[666775][05:04:02.052]7E FF 02 FF 11 69 1A B4 7D 06 BF 03 6B 63 A4 1A 00 00 03 15 02 01 00 00 69 7F 94 67 63 A4 1A 01 90 E8 04 00 7C AA 71 CA 33 20 00 00 12 74 72 A4 0B 00 00 10 02 00 00 00 00 00 00 05 00 0F 01 00 00 64 20 00 00 12 74 72 04 00 00 01 0A D0 02 F9 01 30 00 39 00 06 0A BF 0A D6 31 2F 92 ED 19 C0 D5 00 59 33 00 41 24 32 00 00 00 00 79 DE 95 1A FA 39 00 00 24 00 0E 50 15 50 1C 50 31 50 0C 50 04 50 87 50 8A 50 93 51 34 50 36 50 08 50 40 51 D8 50 1A 50 11 50 05 50 0B 50 30 50 BA 51 29 50 39 51 75 50 BC 50 2D 50 5B 50 F7 50 83 50 24 50 21 50 86 50 6A 50 67 50 FB 50 D1 50 F8 51 C6 50 C9 50 14 51 48 51 FF 51 2E 50 C2 50 3D 51 F5 50 FE 51 18 51 3C 51 F2 50 4E 50 1A 51 B4 50 47 51 E1 50 DA 50 2E 51 56 50 DF 50 FA 51 A8 50 CC 50 CA 50 1B 51 21 51 ED 50 84 41 E9 41 8E 41 9F 41 64 41 DA 41 E6 41 58 40 A3 41 71 40 05 41 91 41 65 40 D7 40 18 40 1D 41 61 40 0D 41 C2 41 FD 41 AD 41 F5 41 C4 40 78 81 88 13 00 01 B8 0B 00 02 AC 0D 00 03 03 04 9A 05 9A 05 E7 40 5C 40 8B 40 C5 40 22 40 20 40 44 41 F1 40 4D 40 02 40 80 40 60 40 82 40 AB 40 4B 41 EB 40 17 40 06 40 03 40 81 40 EC 40 09 41 32 40 D5 40 03 41 49 40 F6 80 94 11 00 01 C4 09 00 02 B8 0B 00 03 03 04 9A 05 9A 05 9A 05 F1 81 88 13 00 01 D0 07 00 02 C4 09 00 03 03 04 9A 05 CF 41 D0 41 27 41 C1 40 D1 41 D2 41 31 41 BD 41 D3 41 26 40 D4 41 D5 41 C9 41 68 41 EE 40 4C 40 20 40 32 41 2C 40 F0 80 88 13 00 01 E8 03 00 02 C4 09 00 03 03 04 9A 05 00 00 00 00 00 00 00 00 00 00 00 00 00 00 00 00 00 00 00 00 00 00 00 00 00 00 00 00 00 00 00 00 00 00 00 00 00 00 00 00 00 00 00 00 00 00 00 00 00 00 00 00 00 00 00 00 00 00 00 00 00 00 00 00 00 00 00 00 00 00 00 00 00 00 00 00 00 00 00 00 00 00 00 00 00 00 00 00 00 00 DB 3E BB 90 27 8F 72 B9 7E
[666776][05:04:02.098]7E FF 02 FF 12 69 A2 B4 7D 06 A2 03 06 1D B2 1A 00 FF 02 15 02 01 00 00 69 7F 94 05 1D B2 1A 01 90 E8 06 00 12 0C 55 CA 33 20 00 00 12 74 72 A4 0B 00 00 10 02 00 00 00 00 00 00 05 00 0F 01 00 00 64 20 00 00 12 74 72 04 00 00 01 0A D0 02 F9 01 30 00 39 00 06 0A BF 0A D6 31 2F 92 ED 19 C0 D5 00 59 33 00 41 24 32 00 00 00 00 79 DE 95 1A FA 39 00 00 24 00 0E 50 15 50 1C 50 31 50 0C 50 04 50 87 50 8A 50 93 51 34 50 36 50 08 50 40 51 D8 50 1A 50 11 50 05 50 0B 50 30 50 BA 51 29 50 39 51 75 50 BC 50 2D 50 5B 50 F7 50 83 50 24 50 21 50 86 50 6A 50 67 50 FB 50 D1 50 F8 51 C6 50 C9 50 14 51 48 51 FF 51 2E 50 C2 50 3D 51 F5 50 FE 51 18 51 3C 51 F2 50 4E 50 1A 51 B4 50 47 51 E1 50 DA 50 2E 51 56 50 DF 50 FA 51 A8 50 CC 50 CA 50 1B 51 21 51 ED 50 84 41 E9 41 8E 41 9F 41 64 41 DA 41 E6 41 58 40 A3 41 71 40 05 41 91 41 65 40 D7 40 18 40 1D 41 61 40 0D 41 C2 41 FD 41 AD 41 F5 41 C4 40 78 81 88 13 00 01 B8 0B 00 02 AC 0D 00 03 03 04 9A 05 9A 05 E7 40 5C 40 8B 40 C5 40 22 40 20 40 44 41 F1 40 4D 40 02 40 80 40 60 40 82 40 AB 40 4B 41 EB 40 17 40 06 40 03 40 81 40 EC 40 09 41 32 40 D5 40 03 41 49 40 F6 80 94 11 00 01 C4 09 00 02 B8 0B 00 03 03 04 9A 05 9A 05 9A 05 F1 81 88 13 00 01 D0 07 00 02 C4 09 00 03 03 04 9A 05 CF 41 D0 41 27 41 C1 40 D1 41 D2 41 31 41 BD 41 D3 41 26 40 D4 41 D5 41 C9 41 68 41 EE 40 4C 40 20 40 32 41 2C 40 F0 80 88 13 00 01 E8 03 00 02 C4 09 00 03 03 04 9A 05 00 00 00 00 00 00 00 00 00 00 00 00 00 00 00 00 00 00 00 00 00 00 00 00 00 00 00 00 00 00 00 00 00 00 00 00 00 00 00 00 00 00 00 00 00 00 00 00 00 00 00 00 00 00 00 00 00 00 00 00 00 00 00 00 00 00 00 00 00 00 00 00 00 00 00 00 00 00 00 00 00 00 00 00 00 00 00 00 00 00 DB 3E BB 90 31 0A 60 CF 7E
[666777][05:04:02.144]7E FF 02 FF 13 69 0D B5 7D 06 AD 01 FE BC DA 1A 00 37 01 15 02 01 00 00 69 7F 94 99 BC DA 1A 1C 90 E8 06 00 02 95 2F C9 33 20 00 00 12 74 72 A4 0B 00 00 10 02 00 00 00 00 00 00 05 00 0F 1C 10 00 64 30 00 09 80 93 77 12 00 03 01 0A D0 02 F9 01 30 00 39 00 06 0A BF 0A D6 31 2F 92 ED 19 C0 D5 00 59 33 00 41 24 32 00 00 00 00 79 DE 95 1A FA 39 00 00 24 00 0E 50 15 50 1C 50 31 50 0C 50 04 50 87 50 8A 50 93 51 34 50 36 50 08 50 40 51 D8 50 1A 50 11 50 05 50 0B 50 30 50 BA 51 29 50 39 51 75 50 BC 50 2D 50 5B 50 F7 50 83 50 24 50 21 50 86 50 6A 50 67 50 FB 50 D1 50 F8 51 C6 50 C9 50 14 51 48 51 FF 51 2E 50 C2 50 3D 51 F5 50 FE 51 18 51 3C 51 F2 50 4E 50 1A 51 B4 50 47 51 E1 50 DA 50 2E 51 56 50 DF 50 FA 51 A8 50 CC 50 CA 50 1B 51 21 51 ED 50 84 41 E9 41 8E 41 9F 41 64 41 DA 41 E6 41 58 40 A3 41 71 40 05 41 91 41 65 40 D7 40 18 40 1D 41 61 40 0D 41 C2 41 FD 41 AD 41 F5 41 C4 40 78 81 88 13 00 01 B8 0B 00 02 AC 0D 00 03 03 04 9A 05 9A 05 E7 40 5C 40 8B 40 C5 40 22 40 20 40 44 41 F1 40 4D 40 02 40 80 40 60 40 82 40 AB 40 4B 41 EB 40 17 40 06 40 03 40 81 40 EC 40 09 41 32 40 D5 40 03 41 49 40 F6 80 94 11 00 01 C4 09 00 02 B8 0B 00 03 03 04 9A 05 9A 05 9A 05 F1 81 88 13 00 01 D0 07 00 02 C4 09 00 03 03 04 9A 05 CF 41 D0 41 27 41 C1 40 D1 41 D2 41 31 41 BD 41 D3 41 26 40 D4 41 D5 41 C9 41 68 41 EE 40 4C 40 20 40 32 41 2C 40 F0 80 88 13 00 01 E8 03 00 02 C4 09 00 03 03 04 9A 05 00 00 00 00 00 00 00 00 00 00 00 00 00 00 00 00 00 00 00 00 00 00 00 00 00 00 00 00 00 00 00 00 00 00 00 00 00 00 00 00 00 00 00 00 00 00 00 00 00 00 00 00 00 00 00 00 00 00 00 00 00 00 00 00 00 00 00 00 00 00 00 00 00 00 00 00 00 00 00 00 00 00 00 00 00 00 00 00 00 00 7C C1 4A 21 7D 07 C1 9E 7E
[666778][05:04:02.189]7E FF 02 FF 14 69 1B B5 7D 06 B0 01 59 15 E0 1A 00 37 01 15 02 01 00 00 69 7F 94 F5 14 E0 1A 1C 90 E8 06 00 11 53 AE C9 33 20 00 00 12 74 72 A4 0B 00 00 10 02 00 00 00 00 00 00 05 00 0F 1C 10 00 64 30 00 09 80 93 77 12 00 03 01 0A D0 02 F9 01 30 00 39 00 06 0A BF 0A D6 31 2F 92 ED 19 C0 D5 00 59 33 00 41 24 32 00 00 00 00 79 DE 95 1A FA 39 00 00 24 00 0E 50 15 50 1C 50 31 50 0C 50 04 50 87 50 8A 50 93 51 34 50 36 50 08 50 40 51 D8 50 1A 50 11 50 05 50 0B 50 30 50 BA 51 29 50 39 51 75 50 BC 50 2D 50 5B 50 F7 50 83 50 24 50 21 50 86 50 6A 50 67 50 FB 50 D1 50 F8 51 C6 50 C9 50 14 51 48 51 FF 51 2E 50 C2 50 3D 51 F5 50 FE 51 18 51 3C 51 F2 50 4E 50 1A 51 B4 50 47 51 E1 50 DA 50 2E 51 56 50 DF 50 FA 51 A8 50 CC 50 CA 50 1B 51 21 51 ED 50 84 41 E9 41 8E 41 9F 41 64 41 DA 41 E6 41 58 40 A3 41 71 40 05 41 91 41 65 40 D7 40 18 40 1D 41 61 40 0D 41 C2 41 FD 41 AD 41 F5 41 C4 40 78 81 88 13 00 01 B8 0B 00 02 AC 0D 00 03 03 04 9A 05 9A 05 E7 40 5C 40 8B 40 C5 40 22 40 20 40 44 41 F1 40 4D 40 02 40 80 40 60 40 82 40 AB 40 4B 41 EB 40 17 40 06 40 03 40 81 40 EC 40 09 41 32 40 D5 40 03 41 49 40 F6 80 94 11 00 01 C4 09 00 02 B8 0B 00 03 03 04 9A 05 9A 05 9A 05 F1 81 88 13 00 01 D0 07 00 02 C4 09 00 03 03 04 9A 05 CF 41 D0 41 27 41 C1 40 D1 41 D2 41 31 41 BD 41 D3 41 26 40 D4 41 D5 41 C9 41 68 41 EE 40 4C 40 20 40 32 41 2C 40 F0 80 88 13 00 01 E8 03 00 02 C4 09 00 03 03 04 9A 05 00 00 00 00 00 00 00 00 00 00 00 00 00 00 00 00 00 00 00 00 00 00 00 00 00 00 00 00 00 00 00 00 00 00 00 00 00 00 00 00 00 00 00 00 00 00 00 00 00 00 00 00 00 00 00 00 00 00 00 00 00 00 00 00 00 00 00 00 00 00 00 00 00 00 00 00 00 00 00 00 00 00 00 00 00 00 00 00 00 00 7C C1 4A 21 1F 2E 8D 43 7E
[666779][05:04:02.250]7E FF 02 FF 15 69 87 B5 7D 06 AB 01 5C 48 09 1B 00 39 01 15 02 01 00 00 69 7F 94 D5 47 09 1B 04 90 E8 04 00 3F CB A5 C9 33 20 00 00 12 74 72 A4 0B 00 00 10 02 00 00 00 00 00 00 05 00 0F 04 10 00 64 30 00 09 80 44 14 12 00 02 01 0A D0 02 F9 01 30 00 39 00 06 0A BF 0A D6 31 2F 92 ED 19 C0 D5 00 59 33 00 41 24 32 00 00 00 00 79 DE 95 1A FA 39 00 00 24 00 0E 50 15 50 1C 50 31 50 0C 50 04 50 87 50 8A 50 93 51 34 50 36 50 08 50 40 51 D8 50 1A 50 11 50 05 50 0B 50 30 50 BA 51 29 50 39 51 75 50 BC 50 2D 50 5B 50 F7 50 83 50 24 50 21 50 86 50 6A 50 67 50 FB 50 D1 50 F8 51 C6 50 C9 50 14 51 48 51 FF 51 2E 50 C2 50 3D 51 F5 50 FE 51 18 51 3C 51 F2 50 4E 50 1A 51 B4 50 47 51 E1 50 DA 50 2E 51 56 50 DF 50 FA 51 A8 50 CC 50 CA 50 1B 51 21 51 ED 50 84 41 E9 41 8E 41 9F 41 64 41 DA 41 E6 41 58 40 A3 41 71 40 05 41 91 41 65 40 D7 40 18 40 1D 41 61 40 0D 41 C2 41 FD 41 AD 41 F5 41 C4 40 78 81 88 13 00 01 B8 0B 00 02 AC 0D 00 03 03 04 9A 05 9A 05 E7 40 5C 40 8B 40 C5 40 22 40 20 40 44 41 F1 40 4D 40 02 40 80 40 60 40 82 40 AB 40 4B 41 EB 40 17 40 06 40 03 40 81 40 EC 40 09 41 32 40 D5 40 03 41 49 40 F6 80 94 11 00 01 C4 09 00 02 B8 0B 00 03 03 04 9A 05 9A 05 9A 05 F1 81 88 13 00 01 D0 07 00 02 C4 09 00 03 03 04 9A 05 CF 41 D0 41 27 41 C1 40 D1 41 D2 41 31 41 BD 41 D3 41 26 40 D4 41 D5 41 C9 41 68 41 EE 40 4C 40 20 40 32 41 2C 40 F0 80 88 13 00 01 E8 03 00 02 C4 09 00 03 03 04 9A 05 00 00 00 00 00 00 00 00 00 00 00 00 00 00 00 00 00 00 00 00 00 00 00 00 00 00 00 00 00 00 00 00 00 00 00 00 00 00 00 00 00 00 00 00 00 00 00 00 00 00 00 00 00 00 00 00 00 00 00 00 00 00 00 00 00 00 00 00 00 00 00 00 00 00 00 00 00 00 00 00 00 00 00 00 00 00 00 00 00 00 F7 C8 BC A8 A5 68 19 E8 7E
[666780][05:04:02.296]7E FF 02 FF 16 69 9D B5 7D 06 E4 00 75 98 11 1B 00 2A 02 15 02 01 00 00 69 7F 94 BD 9A 11 1B 87 90 E8 06 00 27 F4 E6 C9 33 20 00 00 12 74 72 A4 0B 00 00 10 02 00 00 00 00 00 00 05 00 0F 87 10 00 51 70 00 00 68 35 16 12 00 03 01 0A D0 02 F9 01 30 00 39 00 06 0A BF 0A D6 31 2F 92 ED 19 C0 D5 00 59 33 00 41 24 32 00 00 00 00 79 DE 95 1A FA 39 00 00 24 00 0E 50 15 50 1C 50 31 50 0C 50 04 50 87 50 8A 50 93 51 34 50 36 50 08 50 40 51 D8 50 1A 50 11 50 05 50 0B 50 30 50 BA 51 29 50 39 51 75 50 BC 50 2D 50 5B 50 F7 50 83 50 24 50 21 50 86 50 6A 50 67 50 FB 50 D1 50 F8 51 C6 50 C9 50 14 51 48 51 FF 51 2E 50 C2 50 3D 51 F5 50 FE 51 18 51 3C 51 F2 50 4E 50 1A 51 B4 50 47 51 E1 50 DA 50 2E 51 56 50 DF 50 FA 51 A8 50 CC 50 CA 50 1B 51 21 51 ED 50 84 41 E9 41 8E 41 9F 41 64 41 DA 41 E6 41 58 40 A3 41 71 40 05 41 91 41 65 40 D7 40 18 40 1D 41 61 40 0D 41 C2 41 FD 41 AD 41 F5 41 C4 40 78 81 88 13 00 01 B8 0B 00 02 AC 0D 00 03 03 04 9A 05 00 00 00 00 00 00 00 00 00 00 00 00 00 00 00 00 00 00 00 00 00 00 00 00 00 00 00 00 00 00 00 00 00 00 00 00 00 00 00 00 00 00 00 00 00 00 00 00 00 00 00 00 00 00 00 00 00 00 00 00 00 00 00 00 00 00 00 00 00 00 00 00 00 00 00 00 00 00 00 00 00 00 00 00 00 00 00 00 00 00 00 00 00 00 00 00 00 00 00 00 00 00 00 00 00 00 00 00 00 00 00 00 00 00 00 00 00 00 00 00 00 00 00 00 00 00 00 00 00 00 00 00 00 00 00 00 00 00 00 00 00 00 00 00 00 00 00 00 00 00 00 00 00 00 00 00 00 00 00 00 00 00 00 00 00 00 00 00 00 00 00 00 00 00 00 00 00 00 00 00 00 00 00 00 00 00 00 00 00 00 00 00 00 00 00 00 00 00 00 00 00 00 00 00 00 00 00 00 00 00 00 00 00 00 00 00 00 00 00 00 00 00 00 00 00 00 00 00 00 00 00 00 00 00 00 00 00 00 00 00 43 18 6F 32 39 A6 4E A0 7E
[666781][05:04:02.521]7E FF 02 FF 17 69 99 B6 7D 06 93 01 E0 CC 71 1B 00 3B 00 15 02 01 00 00 69 7F 94 27 CF 71 1B D8 90 E8 06 00 84 1F A1 C9 33 20 00 00 12 74 72 A4 0B 00 00 10 02 00 00 00 00 00 00 05 00 0F D8 10 00 47 30 00 15 61 49 26 12 00 03 01 0A D0 02 F9 01 30 00 39 00 06 0A BF 0A D6 31 2F 92 ED 19 C0 D5 00 59 33 00 41 24 32 00 00 00 00 79 DE 95 1A FA 39 00 00 24 00 0E 50 15 50 1C 50 31 50 0C 50 04 50 87 50 8A 50 93 51 34 50 36 50 08 50 40 51 D8 50 1A 50 11 50 05 50 0B 50 30 50 BA 51 29 50 39 51 75 50 BC 50 2D 50 5B 50 F7 50 83 50 24 50 21 50 86 50 6A 50 67 50 FB 50 D1 50 F8 51 C6 50 C9 50 14 51 48 51 FF 51 2E 50 C2 50 3D 51 F5 50 FE 51 18 51 3C 51 F2 50 4E 50 1A 51 B4 50 47 51 E1 50 DA 50 2E 51 56 50 DF 50 FA 51 A8 50 CC 50 CA 50 1B 51 21 51 ED 50 84 41 E9 41 8E 41 9F 41 64 41 DA 41 E6 41 58 40 A3 41 71 40 05 41 91 41 65 40 D7 40 18 40 1D 41 61 40 0D 41 C2 41 FD 41 AD 41 F5 41 C4 40 78 81 88 13 00 01 B8 0B 00 02 AC 0D 00 03 03 04 9A 05 00 00 00 00 00 00 00 00 00 00 00 00 00 00 00 00 00 00 00 00 00 00 00 00 00 00 00 00 00 00 00 00 00 00 00 00 00 00 00 00 00 00 00 00 00 00 00 00 00 00 00 00 00 00 00 00 00 00 00 00 00 00 00 00 00 00 00 00 00 00 00 00 00 00 00 00 00 00 00 00 00 00 00 00 00 00 00 00 00 00 00 00 00 00 00 00 00 00 00 00 00 00 00 00 00 00 00 00 00 00 00 00 00 00 00 00 00 00 00 00 00 00 00 00 00 00 00 00 00 00 00 00 00 00 00 00 00 00 00 00 00 00 00 00 00 00 00 00 00 00 00 00 00 00 00 00 00 00 00 00 00 00 00 00 00 00 00 00 00 00 00 00 00 00 00 00 00 00 00 00 00 00 00 00 00 00 00 00 00 00 00 00 00 00 00 00 00 00 00 00 00 00 00 00 00 00 00 00 00 00 00 00 00 00 00 00 00 00 00 00 00 00 00 00 00 00 00 00 00 00 00 00 00 00 00 00 00 00 00 00 2B D4 A2 F6 B0 A0 B3 80 7E
[666782][05:04:05.259]7E FF 02 FF 18 69 56 C1 7D 06 AE 00 33 C5 88 1F 01 23 10 14 01 01 00 01 69 7F 94 01 80 0D 03 6A 41 00 10 00 16 42 9C 10 00 FE 00 03 5B 2F 30 74 88 FF 00 00 33 00 00 11 03 00 00 01 02 83 06 1A 35 28 0A FE FE FE FE 68 62 00 43 05 46 92 04 09 00 30 10 A3 8E 10 00 3E 05 03 31 50 02 02 00 01 20 21 02 00 1C 07 EA 06 1E 01 2D 00 08 00 20 21 02 00 00 20 01 04 00 00 20 00 02 00 00 20 01 02 00 00 20 04 02 00 00 20 0A 02 00 00 00 10 02 01 00 00 20 02 01 00 01 10 F0 D5 56 98 83 8E 08 15 8F 01 3B 87 D4 9A 8C D7 9B B8 16 C7 E6 1D 36 00 00 00 00 00 00 00 00 00 00 00 00 00 00 00 00 00 00 00 00 00 00 00 00 00 00 00 00 00 00 00 00 00 00 00 00 00 00 00 00 00 00 00 00 00 00 00 00 00 00 00 00 00 00 00 00 00 00 00 00 00 00 00 00 00 00 00 00 00 00 00 00 00 00 00 00 00 00 00 00 00 00 00 00 00 00 00 00 00 00 00 00 00 00 00 00 00 00 00 00 00 00 00 00 00 00 00 00 00 00 00 00 00 00 00 00 00 00 00 00 00 00 00 00 DC 86 C5 47 7E
[666783][05:04:05.380]7E FF 02 FF 19 69 6A C1 7D 06 C5 02 1F C0 B6 1F 01 22 10 14 01 01 00 01 69 7F 94 01 80 0D 03 6A 41 00 14 00 07 40 18 10 00 FE 00 03 5B 2F 30 74 88 FF 00 00 33 00 00 11 03 00 00 01 02 83 06 1A 35 28 0A FE FE FE FE 68 62 00 43 05 46 92 04 09 00 30 10 A3 8E 10 00 3E 05 03 31 50 02 02 00 01 20 21 02 00 1C 07 EA 06 1E 01 2D 00 08 00 20 21 02 00 00 20 01 04 00 00 20 00 02 00 00 20 01 02 00 00 20 04 02 00 00 20 0A 02 00 00 00 10 02 01 00 00 20 02 01 00 01 10 F0 D5 56 98 83 8E 08 15 8F 01 3B 87 D4 9A 8C D7 9B B8 16 C7 E6 1D 36 00 00 00 00 00 00 00 00 00 00 00 00 00 00 00 00 00 00 00 00 00 00 00 00 00 00 00 00 00 00 00 00 00 00 00 00 00 00 00 00 00 00 00 00 00 00 00 00 00 00 00 00 00 00 00 00 00 00 00 00 00 00 00 00 00 00 00 00 00 00 00 00 00 00 00 00 00 00 00 00 00 00 00 00 00 00 00 00 00 00 00 00 00 00 00 00 00 00 00 00 00 00 00 00 00 00 00 00 00 00 00 00 00 00 00 00 00 00 00 00 00 00 00 00 9B F5 9E C1 7E
[666784][05:04:05.410]7E FF 02 FF 1A 69 00 C2 7D 06 11 02 DB 59 CB 1F 00 37 00 14 01 01 00 01 69 7F 94 D8 30 08 03 14 14 76 B0 00 24 A9 18 10 00 FE 00 03 5B 2F 30 74 88 EF 00 00 33 00 00 11 03 00 00 01 02 83 06 1A 35 28 0A FE FE FE FE 68 62 00 43 05 46 92 04 09 00 30 10 A3 8E 10 00 3E 05 03 31 50 02 02 00 01 20 21 02 00 1C 07 EA 06 1E 01 2D 00 08 00 20 21 02 00 00 20 01 04 00 00 20 00 02 00 00 20 01 02 00 00 20 04 02 00 00 20 0A 02 00 00 00 10 02 01 00 00 20 02 01 00 01 10 F0 D5 56 98 83 8E 08 15 8F 01 3B 87 D4 9A 8C D7 9B B8 16 C7 E6 1D 36 00 00 00 00 00 00 00 00 00 00 00 00 00 00 00 00 00 00 00 00 00 00 00 00 00 00 00 00 00 00 00 00 00 00 00 00 00 00 00 00 00 00 00 00 00 00 00 00 00 00 00 00 00 00 00 00 00 00 00 00 00 00 00 00 00 00 00 00 00 00 00 00 00 00 00 00 00 00 00 00 00 00 00 00 00 00 00 00 00 00 00 00 00 00 00 00 00 00 00 00 00 00 00 00 00 00 00 00 00 00 00 00 00 00 00 00 00 00 00 00 00 00 00 00 B9 69 2E 69 7E
[666785][05:04:05.442]7E FF 02 FF 1B 69 04 C2 7D 06 7E 00 3E 21 CB 1F 01 23 10 14 01 01 00 01 69 7F 94 01 80 0D 03 6A 41 00 10 00 16 42 9C 10 00 5A 01 03 5C 2F 30 74 88 FF 00 00 33 00 00 11 03 00 00 01 02 83 06 18 35 28 0A FE FE FE FE 68 62 00 43 05 44 92 04 09 00 30 10 18 B9 10 00 3E 05 03 2F 50 02 02 00 01 20 21 02 00 1C 07 EA 06 1E 01 2D 00 08 00 20 21 02 00 00 20 01 04 00 00 20 00 02 00 00 20 01 02 00 00 20 04 02 00 00 20 0A 02 00 00 00 10 02 01 00 00 20 02 01 00 01 10 F0 D5 56 98 83 8E 08 15 8F 01 3B 87 D4 9A 8C D7 67 E4 16 78 6C B7 B6 00 00 00 00 00 00 00 00 00 00 00 00 00 00 00 00 00 00 00 00 00 00 00 00 00 00 00 00 00 00 00 00 00 00 00 00 00 00 00 00 00 00 00 00 00 00 00 00 00 00 00 00 00 00 00 00 00 00 00 00 00 00 00 00 00 00 00 00 00 00 00 00 00 00 00 00 00 00 00 00 00 00 00 00 00 00 00 00 00 00 00 00 00 00 00 00 00 00 00 00 00 00 00 00 00 00 00 00 00 00 00 00 00 00 00 00 00 00 00 00 00 00 00 00 12 57 9F 64 7E
[666786][05:04:05.488]7E FF 02 FF 1C 69 1E C2 7D 06 05 01 C3 B0 D6 1F 00 37 00 14 02 01 00 01 69 7F 94 D8 F0 FF 01 FD 14 E8 92 00 6C FA 48 80 0D FF 2F 01 30 41 00 FE 10 FF 08 00 33 00 00 30 00 15 61 49 26 FF FF FF FF FF FF 08 00 00 00 D8 10 00 12 30 00 15 61 49 26 20 00 00 12 74 72 03 00 4B 55 98 00 3B 01 F4 01 40 00 47 00 00 00 01 30 6E 41 81 08 1B D9 29 00 40 62 89 10 88 65 01 40 CA 08 04 00 12 C0 94 0B 61 52 12 EC AE FF FF FC 1A 15 44 40 C7 C6 F3 7A E4 1B C1 04 00 39 4C 00 00 08 00 02 00 02 00 00 00 00 00 00 00 10 70 92 35 12 39 0D 0F 2D 50 08 26 0D 2F 34 01 08 0F 1D 09 51 06 00 04 0A 01 27 12 05 05 08 30 01 1A 2A 05 2B 02 33 03 0E 17 46 52 22 31 06 02 01 01 01 2D 3C 07 01 27 04 07 2B 1C 19 01 41 19 15 2B 31 0B 10 36 43 11 25 03 01 07 09 22 15 0F 09 06 01 1D 24 23 1B 1E 0F 18 01 21 0B 01 33 43 1F 16 02 01 01 29 0B 02 07 00 06 05 05 04 09 17 09 17 28 05 09 36 24 09 25 28 0E 3D 21 03 0C 07 1C 3C 24 18 47 1A 03 0E 37 1B 22 05 16 00 16 15 05 02 00 01 04 04 01 08 04 0B 00 4C 2C BE F6 00 00 00 00 00 00 00 00 00 00 00 00 00 00 00 00 00 00 00 00 00 00 00 00 00 00 00 00 00 00 00 00 00 00 00 00 00 00 00 00 00 00 00 00 00 00 00 00 00 00 00 00 00 00 00 00 00 00 00 00 00 00 00 00 00 00 00 00 00 00 00 00 00 00 00 00 00 00 00 00 00 00 00 00 00 00 00 00 00 00 00 00 00 00 00 00 00 00 00 00 00 00 00 00 00 00 00 00 00 00 00 00 00 00 00 00 00 00 00 00 00 00 00 00 00 00 00 00 00 00 00 00 00 00 00 00 00 00 00 00 00 00 00 00 00 00 00 00 00 00 00 00 00 00 00 00 00 00 00 00 00 00 00 00 00 00 00 00 00 00 00 00 00 00 00 00 00 00 00 00 00 00 00 00 00 00 00 00 00 00 00 00 00 00 00 00 00 00 00 00 00 00 00 00 00 00 00 00 00 00 00 00 00 00 00 00 00 00 00 00 00 00 00 00 00 00 00 00 00 00 EB 47 A5 F3 7E
[666787][05:04:05.519]7E FF 02 FF 1D 69 D0 C1 7D 06 0C 02 88 2F DF 1F 00 37 00 14 01 01 00 01 69 7F 94 D8 10 0D 03 14 14 76 B0 00 2D 28 B9 10 00 5A 01 03 5C 2F 30 74 88 EF 00 00 33 00 00 11 03 00 00 01 02 83 06 18 35 28 0A FE FE FE FE 68 62 00 43 05 44 92 04 09 00 30 10 18 B9 10 00 3E 05 03 2F 50 02 02 00 01 20 21 02 00 1C 07 EA 06 1E 01 2D 00 08 00 20 21 02 00 00 20 01 04 00 00 20 00 02 00 00 20 01 02 00 00 20 04 02 00 00 20 0A 02 00 00 00 10 02 01 00 00 20 02 01 00 01 10 F0 D5 56 98 83 8E 08 15 8F 01 3B 87 D4 9A 8C D7 67 E4 16 78 6C B7 B6 00 00 00 00 00 00 00 00 00 00 00 00 00 00 00 00 00 00 00 00 00 00 00 00 00 00 00 00 00 00 00 00 00 00 00 00 00 00 00 00 00 00 00 00 00 00 00 00 00 00 00 00 00 00 00 00 00 00 00 00 00 00 00 00 00 00 00 00 00 00 00 00 00 00 00 00 00 00 00 00 00 00 00 00 00 00 00 00 00 00 00 00 00 00 00 00 00 00 00 00 00 00 00 00 00 00 00 00 00 00 00 00 00 00 00 00 00 00 00 00 00 00 00 00 42 31 81 30 7E
[666788][05:04:05.519]7E FF 02 FF 1E 69 4A C2 7D 06 E5 00 38 7D E7 1F 00 37 00 10 00 01 00 02 69 7F 94 10 D8 30 08 01 0F 01 00 00 ED 49 24 11 28 DD CA 7E
[666789][05:04:05.550]7E FF 02 FF 1F 69 70 C2 7D 06 E5 03 F7 40 F6 1F 00 37 00 14 01 01 00 01 69 7F 94 D8 10 0D 03 6F 16 EB C4 00 56 9D 9A 10 00 5A 01 03 5C 2F 30 74 88 EF 00 00 33 00 00 11 03 00 00 01 02 83 06 18 35 28 0A FE FE FE FE 68 62 00 43 05 44 92 04 09 00 30 10 18 B9 10 00 3E 05 03 2F 50 02 02 00 01 20 21 02 00 1C 07 EA 06 1E 01 2D 00 08 00 20 21 02 00 00 20 01 04 00 00 20 00 02 00 00 20 01 02 00 00 20 04 02 00 00 20 0A 02 00 00 00 10 02 01 00 00 20 02 01 00 01 10 F0 D5 56 98 83 8E 08 15 8F 01 3B 87 D4 9A 8C D7 67 E4 16 78 6C B7 B6 00 00 00 00 00 00 00 00 00 00 00 00 00 00 00 00 00 00 00 00 00 00 00 00 00 00 00 00 00 00 00 00 00 00 00 00 00 00 00 00 00 00 00 00 00 00 00 00 00 00 00 00 00 00 00 00 00 00 00 00 00 00 00 00 00 00 00 00 00 00 00 00 00 00 00 00 00 00 00 00 00 00 00 00 00 00 00 00 00 00 00 00 00 00 00 00 00 00 00 00 00 00 00 00 00 00 00 00 00 00 00 00 00 00 00 00 00 00 00 00 00 00 00 00 1B 1C 76 FF 7E
[666790][05:04:05.550]7E FF 02 FF 20 69 80 C2 7D 06 D8 02 67 48 FC 1F 00 37 00 10 00 01 00 02 69 7F 94 10 2E F0 0D 01 02 00 00 00 7D 1E 1A A1 A6 10 C4 7E
[666791][05:04:05.581]7E FF 02 FF 21 69 42 C2 7D 06 23 00 7E 7D 0A 20 00 38 00 14 01 01 00 01 69 7F 94 D8 10 0D 03 14 14 76 B4 00 3C 2A 3D 10 00 5A 01 03 5C 2F 30 74 88 EF 00 00 33 00 00 11 03 00 00 01 02 83 06 18 35 28 0A FE FE FE FE 68 62 00 43 05 44 92 04 09 00 30 10 18 B9 10 00 3E 05 03 2F 50 02 02 00 01 20 21 02 00 1C 07 EA 06 1E 01 2D 00 08 00 20 21 02 00 00 20 01 04 00 00 20 00 02 00 00 20 01 02 00 00 20 04 02 00 00 20 0A 02 00 00 00 10 02 01 00 00 20 02 01 00 01 10 F0 D5 56 98 83 8E 08 15 8F 01 3B 87 D4 9A 8C D7 67 E4 16 78 6C B7 B6 00 00 00 00 00 00 00 00 00 00 00 00 00 00 00 00 00 00 00 00 00 00 00 00 00 00 00 00 00 00 00 00 00 00 00 00 00 00 00 00 00 00 00 00 00 00 00 00 00 00 00 00 00 00 00 00 00 00 00 00 00 00 00 00 00 00 00 00 00 00 00 00 00 00 00 00 00 00 00 00 00 00 00 00 00 00 00 00 00 00 00 00 00 00 00 00 00 00 00 00 00 00 00 00 00 00 00 00 00 00 00 00 00 00 00 00 00 00 00 00 00 00 00 00 BA BB 6F B4 7E
[666792][05:04:05.641]7E FF 02 FF 22 69 D5 C2 7D 06 F8 01 0F 98 1C 20 00 34 00 14 01 01 00 01 69 7F 94 D8 10 0D 03 6F 16 EB C4 00 56 9D 9A 10 00 5A 01 03 5C 2F 30 74 88 EF 00 00 33 00 00 11 03 00 00 01 02 83 06 18 35 28 0A FE FE FE FE 68 62 00 43 05 44 92 04 09 00 30 10 18 B9 10 00 3E 05 03 2F 50 02 02 00 01 20 21 02 00 1C 07 EA 06 1E 01 2D 00 08 00 20 21 02 00 00 20 01 04 00 00 20 00 02 00 00 20 01 02 00 00 20 04 02 00 00 20 0A 02 00 00 00 10 02 01 00 00 20 02 01 00 01 10 F0 D5 56 98 83 8E 08 15 8F 01 3B 87 D4 9A 8C D7 67 E4 16 78 6C B7 B6 00 00 00 00 00 00 00 00 00 00 00 00 00 00 00 00 00 00 00 00 00 00 00 00 00 00 00 00 00 00 00 00 00 00 00 00 00 00 00 00 00 00 00 00 00 00 00 00 00 00 00 00 00 00 00 00 00 00 00 00 00 00 00 00 00 00 00 00 00 00 00 00 00 00 00 00 00 00 00 00 00 00 00 00 00 00 00 00 00 00 00 00 00 00 00 00 00 00 00 00 00 00 00 00 00 00 00 00 00 00 00 00 00 00 00 00 00 00 00 00 00 00 00 00 25 BD 85 0E 7E
[666793][05:04:05.641]7E FF 02 FF 23 69 94 C2 7D 06 D3 03 71 26 2A 20 00 34 00 10 00 01 00 02 69 7F 94 10 2E C0 13 01 F2 00 00 00 77 D7 E6 CA 3C 18 AF 7E
[666794][05:04:05.671]7E FF 02 FF 24 69 98 C2 7D 06 EF 02 98 91 2B 20 00 37 00 14 01 01 00 01 69 7F 94 D8 10 0D 03 6F 16 EB C4 00 56 9D 9A 10 00 5A 01 03 5C 2F 30 74 88 EF 00 00 33 00 00 11 03 00 00 01 02 83 06 18 35 28 0A FE FE FE FE 68 62 00 43 05 44 92 04 09 00 30 10 18 B9 10 00 3E 05 03 2F 50 02 02 00 01 20 21 02 00 1C 07 EA 06 1E 01 2D 00 08 00 20 21 02 00 00 20 01 04 00 00 20 00 02 00 00 20 01 02 00 00 20 04 02 00 00 20 0A 02 00 00 00 10 02 01 00 00 20 02 01 00 01 10 F0 D5 56 98 83 8E 08 15 8F 01 3B 87 D4 9A 8C D7 67 E4 16 78 6C B7 B6 00 00 00 00 00 00 00 00 00 00 00 00 00 00 00 00 00 00 00 00 00 00 00 00 00 00 00 00 00 00 00 00 00 00 00 00 00 00 00 00 00 00 00 00 00 00 00 00 00 00 00 00 00 00 00 00 00 00 00 00 00 00 00 00 00 00 00 00 00 00 00 00 00 00 00 00 00 00 00 00 00 00 00 00 00 00 00 00 00 00 00 00 00 00 00 00 00 00 00 00 00 00 00 00 00 00 00 00 00 00 00 00 00 00 00 00 00 00 00 00 00 00 00 00 B4 EA 3F E3 7E
[666795][05:04:05.702]7E FF 02 FF 25 69 17 C3 7D 06 AC 03 99 F0 35 20 00 37 00 14 01 01 00 01 69 7F 94 D8 10 0D 03 14 14 76 B4 00 3C 2A 3D 10 00 5A 01 03 5C 2F 30 74 88 EF 00 00 33 00 00 11 03 00 00 01 02 83 06 18 35 28 0A FE FE FE FE 68 62 00 43 05 44 92 04 09 00 30 10 18 B9 10 00 3E 05 03 2F 50 02 02 00 01 20 21 02 00 1C 07 EA 06 1E 01 2D 00 08 00 20 21 02 00 00 20 01 04 00 00 20 00 02 00 00 20 01 02 00 00 20 04 02 00 00 20 0A 02 00 00 00 10 02 01 00 00 20 02 01 00 01 10 F0 D5 56 98 83 8E 08 15 8F 01 3B 87 D4 9A 8C D7 67 E4 16 78 6C B7 B6 00 00 00 00 00 00 00 00 00 00 00 00 00 00 00 00 00 00 00 00 00 00 00 00 00 00 00 00 00 00 00 00 00 00 00 00 00 00 00 00 00 00 00 00 00 00 00 00 00 00 00 00 00 00 00 00 00 00 00 00 00 00 00 00 00 00 00 00 00 00 00 00 00 00 00 00 00 00 00 00 00 00 00 00 00 00 00 00 00 00 00 00 00 00 00 00 00 00 00 00 00 00 00 00 00 00 00 00 00 00 00 00 00 00 00 00 00 00 00 00 00 00 00 00 F0 8D 00 12 7E
[666796][05:04:05.702]7E FF 02 FF 26 69 1F C3 7D 06 72 01 92 CC 38 20 00 37 00 10 00 01 00 02 69 7F 94 01 2E 50 0F 01 03 00 00 00 D7 EB D0 33 EF 88 2B 7E
[666797][05:04:05.777]7E FF 02 FF 27 69 FC C2 7D 06 8B 03 A8 C5 51 20 00 38 00 14 01 01 00 01 69 7F 94 D8 10 0D 03 6F 16 EB C4 00 56 9D 9A 10 00 5A 01 03 5C 2F 30 74 88 EF 00 00 33 00 00 11 03 00 00 01 02 83 06 18 35 28 0A FE FE FE FE 68 62 00 43 05 44 92 04 09 00 30 10 18 B9 10 00 3E 05 03 2F 50 02 02 00 01 20 21 02 00 1C 07 EA 06 1E 01 2D 00 08 00 20 21 02 00 00 20 01 04 00 00 20 00 02 00 00 20 01 02 00 00 20 04 02 00 00 20 0A 02 00 00 00 10 02 01 00 00 20 02 01 00 01 10 F0 D5 56 98 83 8E 08 15 8F 01 3B 87 D4 9A 8C D7 67 E4 16 78 6C B7 B6 00 00 00 00 00 00 00 00 00 00 00 00 00 00 00 00 00 00 00 00 00 00 00 00 00 00 00 00 00 00 00 00 00 00 00 00 00 00 00 00 00 00 00 00 00 00 00 00 00 00 00 00 00 00 00 00 00 00 00 00 00 00 00 00 00 00 00 00 00 00 00 00 00 00 00 00 00 00 00 00 00 00 00 00 00 00 00 00 00 00 00 00 00 00 00 00 00 00 00 00 00 00 00 00 00 00 00 00 00 00 00 00 00 00 00 00 00 00 00 00 00 00 00 00 AA 11 32 5C 7E
[666798][05:04:05.852]7E FF 02 FF 28 69 B2 C3 7D 06 68 01 F2 D7 70 20 00 39 00 14 01 01 00 01 69 7F 94 D8 10 0D 03 6F 16 EB C4 00 56 9D 9A 10 00 5A 01 03 5C 2F 30 74 88 EF 00 00 33 00 00 11 03 00 00 01 02 83 06 18 35 28 0A FE FE FE FE 68 62 00 43 05 44 92 04 09 00 30 10 18 B9 10 00 3E 05 03 2F 50 02 02 00 01 20 21 02 00 1C 07 EA 06 1E 01 2D 00 08 00 20 21 02 00 00 20 01 04 00 00 20 00 02 00 00 20 01 02 00 00 20 04 02 00 00 20 0A 02 00 00 00 10 02 01 00 00 20 02 01 00 01 10 F0 D5 56 98 83 8E 08 15 8F 01 3B 87 D4 9A 8C D7 67 E4 16 78 6C B7 B6 00 00 00 00 00 00 00 00 00 00 00 00 00 00 00 00 00 00 00 00 00 00 00 00 00 00 00 00 00 00 00 00 00 00 00 00 00 00 00 00 00 00 00 00 00 00 00 00 00 00 00 00 00 00 00 00 00 00 00 00 00 00 00 00 00 00 00 00 00 00 00 00 00 00 00 00 00 00 00 00 00 00 00 00 00 00 00 00 00 00 00 00 00 00 00 00 00 00 00 00 00 00 00 00 00 00 00 00 00 00 00 00 00 00 00 00 00 00 00 00 00 00 00 00 E5 AC 56 78 7E
[666799][05:04:05.882]7E FF 02 FF 29 69 70 C3 7D 06 C9 00 09 C3 7D 20 00 3B 00 14 01 01 00 01 69 7F 94 D8 10 0D 03 14 14 76 B4 00 3C 2A 3D 10 00 5A 01 03 5C 2F 30 74 88 EF 00 00 33 00 00 11 03 00 00 01 02 83 06 18 35 28 0A FE FE FE FE 68 62 00 43 05 44 92 04 09 00 30 10 18 B9 10 00 3E 05 03 2F 50 02 02 00 01 20 21 02 00 1C 07 EA 06 1E 01 2D 00 08 00 20 21 02 00 00 20 01 04 00 00 20 00 02 00 00 20 01 02 00 00 20 04 02 00 00 20 0A 02 00 00 00 10 02 01 00 00 20 02 01 00 01 10 F0 D5 56 98 83 8E 08 15 8F 01 3B 87 D4 9A 8C D7 67 E4 16 78 6C B7 B6 00 00 00 00 00 00 00 00 00 00 00 00 00 00 00 00 00 00 00 00 00 00 00 00 00 00 00 00 00 00 00 00 00 00 00 00 00 00 00 00 00 00 00 00 00 00 00 00 00 00 00 00 00 00 00 00 00 00 00 00 00 00 00 00 00 00 00 00 00 00 00 00 00 00 00 00 00 00 00 00 00 00 00 00 00 00 00 00 00 00 00 00 00 00 00 00 00 00 00 00 00 00 00 00 00 00 00 00 00 00 00 00 00 00 00 00 00 00 00 00 00 00 00 00 04 56 E3 85 7E
[666800][05:04:06.136]7E FF 02 FF 2A 69 8E C4 7D 06 3A 01 C5 EB EA 20 00 3B 00 10 00 01 00 02 69 7F 94 10 D8 30 08 01 0D 00 00 00 CD D9 64 8F 1B DC 79 7E
