[426600][00:28:37.043]7E FF 02 FF 53 B9 9C 8E 81 05 54 01 82 28 D8 EA 00 FD 03 10 00 01 00 02 69 7F 94 10 17 C0 13 01 0C 00 00 00 8F 66 B9 3A FD E0 B5 7E
[426601][00:28:37.058]7E FF 02 FF 54 B9 A6 8E 81 05 49 02 7F 11 DC EA 00 FD 03 10 00 01 00 02 69 7F 94 10 17 30 05 01 08 00 00 00 F6 24 E4 4D 34 D6 9D 7E
[426602][00:28:37.088]7E FF 02 FF 55 B9 B1 8E 81 05 A3 02 CE 47 E0 EA 00 FE 03 94 00 01 00 01 69 7F 94 01 70 01 01 DC 13 79 44 00 C5 A3 11 10 00 17 00 05 4C BA 00 36 88 FF 00 00 33 00 00 01 00 00 00 30 00 09 05 35 39 20 00 00 12 74 72 0A 02 02 20 17 00 01 01 77 84 24 45 E1 93 04 00 05 00 00 00 9C 4A 00 00 00 00 00 00 01 00 00 00 02 00 00 00 3D 01 A7 57 AC 51 00 00 00 00 00 00 00 00 00 00 00 00 00 00 00 00 00 00 00 00 00 00 00 00 00 00 00 00 00 00 00 00 00 00 00 00 00 00 00 00 00 00 00 00 00 00 00 00 00 00 00 00 00 00 00 00 00 00 69 C6 94 E2 7E
[426603][00:28:37.104]7E FF 02 FF 56 B9 C4 8E 81 05 3D 01 ED 62 E7 EA 00 38 01 54 00 01 00 01 69 7F 94 17 10 00 01 D6 12 40 E0 00 A7 EC B1 F0 0C 01 00 00 69 01 00 1C 20 DF 08 00 33 00 00 70 00 00 78 47 39 20 00 00 12 74 72 03 00 00 00 11 01 CF 10 00 00 00 00 00 00 00 00 CF 00 00 0A 60 00 00 00 01 56 00 00 87 B0 36 42 00 00 00 00 00 00 00 00 99 1E D2 82 7E
[426604][00:28:37.104]7E FF 02 FF 57 B9 C9 8E 81 05 5B 01 CD 53 E9 EA 00 38 01 10 00 01 00 02 69 7F 94 10 01 70 01 01 01 03 00 00 A1 23 76 39 24 05 2A 7E
[426605][00:28:37.134]7E FF 02 FF 58 B9 D8 8E 81 05 81 01 49 0B EF EA 00 FD 03 94 00 01 00 01 69 7F 94 01 70 01 01 DC 13 79 44 00 C5 A3 11 10 00 17 00 05 4C BA 00 36 88 FF 00 00 33 00 00 01 00 00 00 30 00 09 05 35 39 20 00 00 12 74 72 0A 02 02 20 17 00 01 01 77 84 24 45 E1 93 04 00 05 00 00 00 9C 4A 00 00 00 00 00 00 01 00 00 00 02 00 00 00 3D 01 A7 57 AC 51 00 00 00 00 00 00 00 00 00 00 00 00 00 00 00 00 00 00 00 00 00 00 00 00 00 00 00 00 00 00 00 00 00 00 00 00 00 00 00 00 00 00 00 00 00 00 00 00 00 00 00 00 00 00 00 00 00 00 68 DB F5 6B 7E
[426606][00:28:37.165]7E FF 02 FF 59 B9 FE 8E 81 05 32 00 0B 69 FD EA 00 FE 03 94 00 01 00 01 69 7F 94 01 70 01 01 DC 13 79 44 00 C5 A3 11 10 00 17 00 05 4C BA 00 36 88 FF 00 00 33 00 00 01 00 00 00 30 00 09 05 35 39 20 00 00 12 74 72 0A 02 02 20 17 00 01 01 77 84 24 45 E1 93 04 00 05 00 00 00 9C 4A 00 00 00 00 00 00 01 00 00 00 02 00 00 00 3D 01 A7 57 AC 51 00 00 00 00 00 00 00 00 00 00 00 00 00 00 00 00 00 00 00 00 00 00 00 00 00 00 00 00 00 00 00 00 00 00 00 00 00 00 00 00 00 00 00 00 00 00 00 00 00 00 00 00 00 00 00 00 00 00 30 D2 B0 BE 7E
[426607][00:28:37.271]7E FF 02 FF 5A B9 6A 8F 81 05 7F 00 81 A3 26 EB 00 FD 03 94 00 01 00 01 69 7F 94 01 70 01 01 DC 13 79 44 00 C5 A3 11 10 00 17 00 05 4C BA 00 36 88 FF 00 00 33 00 00 01 00 00 00 30 00 09 05 35 39 20 00 00 12 74 72 0A 02 02 20 17 00 01 01 77 84 24 45 E1 93 04 00 05 00 00 00 9C 4A 00 00 00 00 00 00 01 00 00 00 02 00 00 00 3D 01 A7 57 AC 51 00 00 00 00 00 00 00 00 00 00 00 00 00 00 00 00 00 00 00 00 00 00 00 00 00 00 00 00 00 00 00 00 00 00 00 00 00 00 00 00 00 00 00 00 00 00 00 00 00 00 00 00 00 00 00 00 00 00 B8 54 15 DC 7E
[426608][00:28:37.316]7E FF 02 FF 5B B9 8D 8F 81 05 D3 01 96 1E 34 EB 00 FE 03 94 00 01 00 01 69 7F 94 01 70 01 01 DC 13 79 40 00 D4 A1 95 10 00 17 00 05 4E BA 00 34 88 FF 00 00 33 00 00 01 00 00 00 30 00 09 04 55 71 20 00 00 12 74 72 0A 02 04 21 17 00 01 01 99 87 16 45 E1 93 04 00 01 00 00 00 9E 4A 00 00 00 00 00 00 00 00 00 00 00 00 00 00 9A F1 E0 81 00 00 00 00 00 00 00 00 00 00 00 00 00 00 00 00 00 00 00 00 00 00 00 00 00 00 00 00 00 00 00 00 00 00 00 00 00 00 00 00 00 00 00 00 00 00 00 00 00 00 00 00 00 00 00 00 00 00 00 00 57 72 51 61 7E
[426609][00:28:37.331]7E FF 02 FF 5C B9 44 8F 81 05 E3 00 F2 53 3E EB 00 FE 03 94 00 01 00 01 69 7F 94 01 70 01 01 DC 13 79 44 00 C5 A3 11 10 00 17 00 05 4E BA 00 34 88 FF 00 00 33 00 00 01 00 00 00 30 00 09 04 55 71 20 00 00 12 74 72 0A 02 04 21 17 00 01 01 99 87 16 45 E1 93 04 00 01 00 00 00 9E 4A 00 00 00 00 00 00 00 00 00 00 00 00 00 00 9A F1 E0 81 00 00 00 00 00 00 00 00 00 00 00 00 00 00 00 00 00 00 00 00 00 00 00 00 00 00 00 00 00 00 00 00 00 00 00 00 00 00 00 00 00 00 00 00 00 00 00 00 00 00 00 00 00 00 00 00 00 00 00 00 AC A0 BB 3E 7E
[426610][00:28:37.346]7E FF 02 FF 5D B9 A3 8F 81 05 08 00 39 BD 3A EB 01 23 0F 94 00 01 00 01 69 7F 94 01 80 0D 03 E8 30 00 10 00 8F A5 14 10 00 BD 00 0A 58 BA 30 3A 88 FF 00 00 33 00 00 11 01 00 00 01 02 E3 02 63 20 28 00 68 2C 00 43 05 70 00 04 09 00 30 10 B8 CB 10 00 08 05 01 00 33 20 02 00 00 01 10 F0 D5 56 98 83 8E 08 15 8F 01 3B 87 D4 9A 8C D7 FD C4 16 D8 B1 60 94 00 00 00 00 00 00 00 00 00 00 00 00 00 00 00 00 00 00 00 00 00 00 00 00 00 00 00 00 00 00 00 00 00 00 00 00 00 00 00 00 00 00 00 00 00 00 00 00 00 00 00 00 00 00 C2 A4 2C 18 7E
[426611][00:28:37.360]7E FF 02 FF 5E B9 C4 8F 81 05 EC 01 DA 1B 49 EB 00 39 00 94 00 01 00 01 69 7F 94 D8 40 13 03 24 14 79 44 00 5C 29 EC 10 00 BD 00 0A 58 BA 30 3A 88 EF 00 00 33 00 00 11 01 00 00 01 02 E3 02 63 20 28 00 68 2C 00 43 05 70 00 04 09 00 30 10 B8 CB 10 00 08 05 01 00 33 20 02 00 00 01 10 F0 D5 56 98 83 8E 08 15 8F 01 3B 87 D4 9A 8C D7 FD C4 16 D8 B1 60 94 00 00 00 00 00 00 00 00 00 00 00 00 00 00 00 00 00 00 00 00 00 00 00 00 00 00 00 00 00 00 00 00 00 00 00 00 00 00 00 00 00 00 00 00 00 00 00 00 00 00 00 00 00 00 E9 2D 98 DB 7E
[426612][00:28:37.391]7E FF 02 FF 5F B9 E5 8F 81 05 AB 01 E4 AB 55 EB 00 37 00 94 00 01 00 01 69 7F 94 00 70 01 01 FC 13 79 44 00 C6 AB 01 00 00 17 00 0A 12 08 00 5C 10 EF 0C 00 33 00 00 30 00 09 05 35 36 FF FF FF FF FF FF 00 00 00 00 30 00 09 05 35 36 17 00 00 00 00 00 00 00 00 00 39 03 00 01 46 84 24 45 E8 07 02 12 09 23 07 03 01 00 01 01 00 02 02 00 0D 00 00 09 03 31 17 6E 54 4E 59 58 12 00 12 00 00 00 00 00 07 00 00 00 57 4F 67 7F EC 5A F8 8C 80 A1 1B 00 00 31 44 59 58 03 FB C1 01 9C 02 01 AB 7A D7 3A 00 00 00 00 00 00 00 00 3C B8 F0 FF 7E
[426613][00:28:37.407]7E FF 02 FF 60 B9 ED 8F 81 05 F9 01 EC C6 58 EB 00 37 00 10 00 01 00 02 69 7F 94 10 17 00 00 01 1F 00 00 00 4A FD 42 48 3A F8 C0 7E
[426614][00:28:37.423]7E FF 02 FF 61 B9 F4 8F 81 05 D5 02 42 84 5B EB 00 3A 00 94 00 01 00 01 69 7F 94 17 10 00 01 FC 13 79 40 00 A8 E4 54 70 01 01 00 04 B4 C1 00 5C 78 EF 0C 00 33 00 00 30 00 09 05 35 33 20 00 00 12 74 72 00 00 00 00 30 00 09 05 35 36 17 00 00 00 00 00 00 00 00 00 39 03 00 01 46 84 24 45 E8 07 02 12 09 23 07 03 01 00 01 01 00 02 02 00 0D 00 00 09 03 31 17 6E 54 4E 59 58 12 00 12 00 00 00 00 00 07 00 00 00 57 4F 67 7F EC 5A F8 8C 80 A1 1B 00 00 31 44 59 58 03 FB C1 01 9C 02 01 AB 7A D7 3A 00 00 00 00 00 00 00 00 21 16 61 5C 7E
[426615][00:28:37.439]7E FF 02 FF 62 B9 FC 8F 81 05 6B 02 29 8A 5E EB 00 3A 00 10 00 01 00 02 69 7F 94 10 01 70 01 01 01 03 00 00 A1 23 76 00 68 F1 B4 7E
[426616][00:28:37.439]7E FF 02 FF 63 B9 07 90 81 05 F6 01 5A AC 62 EB 00 FE 03 94 00 01 00 01 69 7F 94 01 70 01 01 DC 13 79 44 00 C5 A3 11 10 00 17 00 05 4E BA 00 34 88 FF 00 00 33 00 00 01 00 00 00 30 00 09 04 55 71 20 00 00 12 74 72 0A 02 04 21 17 00 01 01 99 87 16 45 E1 93 04 00 01 00 00 00 9E 4A 00 00 00 00 00 00 00 00 00 00 00 00 00 00 9A F1 E0 81 00 00 00 00 00 00 00 00 00 00 00 00 00 00 00 00 00 00 00 00 00 00 00 00 00 00 00 00 00 00 00 00 00 00 00 00 00 00 00 00 00 00 00 00 00 00 00 00 00 00 00 00 00 00 00 00 00 00 00 00 4C 05 3B 3C 7E
[426617][00:28:37.439]7E FF 02 FF 64 B9 0F 90 81 05 E3 01 9E BD 65 EB 00 FE 03 10 00 01 00 02 69 7F 94 10 17 10 00 01 FE 00 00 00 DF A3 FC D5 CD E7 ED 7E
[426618][00:28:37.454]7E FF 02 FF 65 B9 14 90 81 05 3B 00 7C 76 67 EB 00 38 00 94 00 01 00 01 69 7F 94 17 F0 FF 01 99 12 79 42 00 D6 18 1D 70 01 FF 2F 03 B5 C1 00 34 78 EF 04 00 33 00 00 01 00 00 00 30 00 09 04 55 71 20 00 00 12 74 72 0A 02 04 21 17 00 01 01 99 87 16 45 E1 93 04 00 01 00 00 00 9E 4A 00 00 00 00 00 00 00 00 00 00 00 00 00 00 9A F1 E0 81 00 00 00 00 00 00 00 00 00 00 00 00 00 00 00 00 00 00 00 00 00 00 00 00 00 00 00 00 00 00 00 00 00 00 00 00 00 00 00 00 00 00 00 00 00 00 00 00 00 00 00 00 00 00 00 00 00 00 00 00 50 DC B9 A9 7E
[426619][00:28:37.468]7E FF 02 FF 66 B9 1F 90 81 05 CB 01 DB D0 6B EB 00 38 01 94 00 01 00 01 69 7F 94 17 F0 FF 01 99 12 79 46 00 C7 1A 99 70 01 FF 2F 03 B5 C1 00 34 78 EF 04 00 33 00 00 01 00 00 00 30 00 09 04 55 71 20 00 00 12 74 72 0A 02 04 21 17 00 01 01 99 87 16 45 E1 93 04 00 01 00 00 00 9E 4A 00 00 00 00 00 00 00 00 00 00 00 00 00 00 9A F1 E0 81 00 00 00 00 00 00 00 00 00 00 00 00 00 00 00 00 00 00 00 00 00 00 00 00 00 00 00 00 00 00 00 00 00 00 00 00 00 00 00 00 00 00 00 00 00 00 00 00 00 00 00 00 00 00 00 00 00 00 00 00 05 AC 88 37 7E
[426620][00:28:37.483]7E FF 02 FF 67 B9 2C 90 81 05 F6 02 8B E2 70 EB 00 FD 03 94 00 01 00 01 69 7F 94 01 70 01 01 DC 13 79 40 00 D4 A1 95 10 00 17 00 05 53 BA 00 34 88 FF 00 00 33 00 00 01 00 00 00 30 00 09 05 39 36 20 00 00 12 74 72 0A 02 80 20 17 00 01 01 43 24 25 45 E1 93 04 00 01 00 00 00 A1 4A 00 00 00 00 00 00 00 00 00 00 00 00 00 00 67 E3 A3 CD 00 00 00 00 00 00 00 00 00 00 00 00 00 00 00 00 00 00 00 00 00 00 00 00 00 00 00 00 00 00 00 00 00 00 00 00 00 00 00 00 00 00 00 00 00 00 00 00 00 00 00 00 00 00 00 00 00 00 00 00 FC 95 2F A7 7E
[426621][00:28:37.513]7E FF 02 FF 68 B9 57 90 81 05 85 01 93 25 81 EB 00 FD 03 94 00 01 00 01 69 7F 94 01 70 01 01 DC 13 79 44 00 C5 A3 11 10 00 17 00 05 53 BA 00 34 88 FF 00 00 33 00 00 01 00 00 00 30 00 09 05 39 36 20 00 00 12 74 72 0A 02 80 20 17 00 01 01 43 24 25 45 E1 93 04 00 01 00 00 00 A1 4A 00 00 00 00 00 00 00 00 00 00 00 00 00 00 67 E3 A3 CD 00 00 00 00 00 00 00 00 00 00 00 00 00 00 00 00 00 00 00 00 00 00 00 00 00 00 00 00 00 00 00 00 00 00 00 00 00 00 00 00 00 00 00 00 00 00 00 00 00 00 00 00 00 00 00 00 00 00 00 00 DC 3C 8C 0D 7E
[426622][00:28:37.513]7E FF 02 FF 69 B9 5F 90 81 05 7D 01 E9 37 84 EB 00 FD 03 10 00 01 00 02 69 7F 94 10 17 10 00 01 02 00 00 00 1F AC C3 77 F1 EC FF 7E
[426623][00:28:37.543]7E FF 02 FF 6A B9 73 90 81 05 5E 03 AF 02 8C EB 00 35 00 94 00 01 00 01 69 7F 94 17 F0 FF 01 99 12 79 46 00 C7 1A 99 70 01 FF 2F 03 B5 C1 00 34 78 EF 04 00 33 00 00 01 00 00 00 30 00 09 04 55 71 20 00 00 12 74 72 0A 02 04 21 17 00 01 01 99 87 16 45 E1 93 04 00 01 00 00 00 9E 4A 00 00 00 00 00 00 00 00 00 00 00 00 00 00 9A F1 E0 81 00 00 00 00 00 00 00 00 00 00 00 00 00 00 00 00 00 00 00 00 00 00 00 00 00 00 00 00 00 00 00 00 00 00 00 00 00 00 00 00 00 00 00 00 00 00 00 00 00 00 00 00 00 00 00 00 00 00 00 00 1F 79 2C 7B 7E
[426624][00:28:37.558]7E FF 02 FF 6B B9 82 90 81 05 63 00 1A 71 91 EB 00 FE 03 94 00 01 00 01 69 7F 94 01 70 01 01 DC 13 79 40 00 D4 A1 95 10 00 17 00 0A 57 BA 00 58 88 FF 08 00 33 00 00 20 00 00 12 74 72 30 00 09 05 35 33 05 00 00 00 00 00 24 00 11 11 CF 00 60 00 00 00 A3 4A 00 00 00 00 00 00 00 00 00 00 00 00 00 00 00 00 00 00 00 00 00 00 00 00 00 00 00 01 00 00 00 00 00 00 00 00 00 00 00 00 10 08 00 00 00 00 00 00 00 00 00 00 00 00 CD 67 94 D5 AC 51 00 00 94 4A 00 00 49 08 7E C8 CA B5 1A 1B 00 00 00 00 00 00 00 00 00 00 00 00 7A 2C 86 6B 7E
[426625][00:28:37.589]7E FF 02 FF 6C B9 A3 90 81 05 8A 03 B7 55 9E EB 00 36 00 94 00 01 00 01 69 7F 94 17 F0 FF 01 99 12 79 42 00 D6 18 1D 70 01 FF 2F 03 B6 C1 00 34 78 EF 04 00 33 00 00 01 00 00 00 30 00 09 05 39 36 20 00 00 12 74 72 0A 02 80 20 17 00 01 01 43 24 25 45 E1 93 04 00 01 00 00 00 A1 4A 00 00 00 00 00 00 00 00 00 00 00 00 00 00 67 E3 A3 CD 00 00 00 00 00 00 00 00 00 00 00 00 00 00 00 00 00 00 00 00 00 00 00 00 00 00 00 00 00 00 00 00 00 00 00 00 00 00 00 00 00 00 00 00 00 00 00 00 00 00 00 00 00 00 00 00 00 00 00 00 6B BC 01 60 7E
[426626][00:28:37.620]7E FF 02 FF 6D B9 BD 90 81 05 91 02 F9 28 A8 EB 00 FE 03 94 00 01 00 01 69 7F 94 01 70 01 01 DC 13 79 44 00 C5 A3 11 10 00 17 00 0A 57 BA 00 58 88 FF 08 00 33 00 00 20 00 00 12 74 72 30 00 09 05 35 33 05 00 00 00 00 00 24 00 11 11 CF 00 60 00 00 00 A3 4A 00 00 00 00 00 00 00 00 00 00 00 00 00 00 00 00 00 00 00 00 00 00 00 00 00 00 00 01 00 00 00 00 00 00 00 00 00 00 00 00 10 08 00 00 00 00 00 00 00 00 00 00 00 00 CD 67 94 D5 AC 51 00 00 94 4A 00 00 49 08 7E C8 CA B5 1A 1B 00 00 00 00 00 00 00 00 00 00 00 00 6D 45 97 86 7E
[426627][00:28:37.635]7E FF 02 FF 6E B9 CF 90 81 05 6E 03 56 1C AF EB 00 35 00 94 00 01 00 01 69 7F 94 17 F0 FF 01 99 12 79 46 00 C7 1A 99 70 01 FF 2F 03 B6 C1 00 34 78 EF 04 00 33 00 00 01 00 00 00 30 00 09 05 39 36 20 00 00 12 74 72 0A 02 80 20 17 00 01 01 43 24 25 45 E1 93 04 00 01 00 00 00 A1 4A 00 00 00 00 00 00 00 00 00 00 00 00 00 00 67 E3 A3 CD 00 00 00 00 00 00 00 00 00 00 00 00 00 00 00 00 00 00 00 00 00 00 00 00 00 00 00 00 00 00 00 00 00 00 00 00 00 00 00 00 00 00 00 00 00 00 00 00 00 00 00 00 00 00 00 00 00 00 00 00 40 F1 8F 6F 7E
[426628][00:28:37.651]7E FF 02 FF 6F B9 D9 90 81 05 8B 00 98 A4 B2 EB 00 38 01 94 00 01 00 01 69 7F 94 17 F0 FF 01 99 12 79 46 00 C7 1A 99 70 01 FF 2F 03 B6 C1 00 34 78 EF 04 00 33 00 00 01 00 00 00 30 00 09 05 39 36 20 00 00 12 74 72 0A 02 80 20 17 00 01 01 43 24 25 45 E1 93 04 00 01 00 00 00 A1 4A 00 00 00 00 00 00 00 00 00 00 00 00 00 00 67 E3 A3 CD 00 00 00 00 00 00 00 00 00 00 00 00 00 00 00 00 00 00 00 00 00 00 00 00 00 00 00 00 00 00 00 00 00 00 00 00 00 00 00 00 00 00 00 00 00 00 00 00 00 00 00 00 00 00 00 00 00 00 00 00 DA 62 5C 08 7E
[426629][00:28:37.667]7E FF 02 FF 70 B9 EC 90 81 05 9B 03 AF 30 BA EB 00 FD 03 94 00 01 00 01 69 7F 94 01 70 01 01 DC 13 79 44 00 C5 A3 11 10 00 17 00 0A 57 BA 00 58 88 FF 08 00 33 00 00 20 00 00 12 74 72 30 00 09 05 35 33 05 00 00 00 00 00 24 00 11 11 CF 00 60 00 00 00 A3 4A 00 00 00 00 00 00 00 00 00 00 00 00 00 00 00 00 00 00 00 00 00 00 00 00 00 00 00 01 00 00 00 00 00 00 00 00 00 00 00 00 10 08 00 00 00 00 00 00 00 00 00 00 00 00 CD 67 94 D5 AC 51 00 00 94 4A 00 00 49 08 7E C8 CA B5 1A 1B 00 00 00 00 00 00 00 00 00 00 00 00 13 2A 4E C6 7E
[426630][00:28:37.667]7E FF 02 FF 71 B9 F5 90 81 05 01 00 56 4B BD EB 00 FD 03 10 00 01 00 02 69 7F 94 10 17 10 00 01 09 00 00 00 AE 6C 45 68 36 EF 42 7E
[426631][00:28:37.682]7E FF 02 FF 72 B9 FA 90 81 05 1E 03 B8 7B BF EB 00 FD 03 94 00 01 00 01 69 7F 94 01 70 01 01 DC 13 79 40 00 D4 A1 95 10 00 17 00 05 59 BA 00 34 88 FF 00 00 33 00 00 01 00 00 00 30 00 09 05 35 36 20 00 00 12 74 72 0A 02 46 20 17 00 01 01 46 84 24 45 E1 93 04 00 07 00 00 00 A4 4A 00 00 00 00 00 00 00 00 00 00 00 00 00 00 23 65 FD 68 00 00 00 00 00 00 00 00 00 00 00 00 00 00 00 00 00 00 00 00 00 00 00 00 00 00 00 00 00 00 00 00 00 00 00 00 00 00 00 00 00 00 00 00 00 00 00 00 00 00 00 00 00 00 00 00 00 00 00 00 6E 05 8D DB 7E
[426632][00:28:37.682]7E FF 02 FF 73 B9 02 91 81 05 0C 03 4B 8D C2 EB 00 FD 03 10 00 01 00 02 69 7F 94 10 17 10 00 01 02 00 00 00 1F AC C3 4B 84 2C DF 7E
[426633][00:28:37.697]7E FF 02 FF 74 B9 06 91 81 05 59 00 9C C9 C3 EB 00 37 00 94 00 01 00 01 69 7F 94 17 30 05 01 FC 13 79 40 00 A1 65 F5 70 01 53 00 0A B7 C1 00 58 78 EF 04 00 33 00 00 05 00 00 00 00 00 24 00 11 11 CF 00 60 00 00 00 A3 4A 00 00 00 00 00 00 00 00 00 00 00 00 00 00 00 00 00 00 00 00 00 00 00 00 00 00 00 01 00 00 00 00 00 00 00 00 00 00 00 00 10 08 00 00 00 00 00 00 00 00 00 00 00 00 CD 67 94 D5 AC 51 00 00 94 4A 00 00 49 08 7E C8 CA B5 1A 1B 00 00 00 00 00 00 00 00 00 00 00 00 00 00 00 00 00 00 00 00 00 00 00 00 4F 5B 7F 94 7E
[426634][00:28:37.712]7E FF 02 FF 75 B9 13 91 81 05 80 01 6C E2 C8 EB 00 37 00 10 00 01 00 03 69 7F 94 BA 07 8D 24 00 00 00 10 02 06 26 CD 45 74 A9 E4 7E
[426635][00:28:37.727]7E FF 02 FF 76 B9 30 91 81 05 61 02 85 02 D4 EB 00 38 00 94 00 01 00 01 69 7F 94 17 30 05 01 FC 13 79 44 00 B0 67 71 70 01 53 00 0A B7 C1 00 58 78 EF 04 00 33 00 00 05 00 00 00 00 00 24 00 11 11 CF 00 60 00 00 00 A3 4A 00 00 00 00 00 00 00 00 00 00 00 00 00 00 00 00 00 00 00 00 00 00 00 00 00 00 00 01 00 00 00 00 00 00 00 00 00 00 00 00 10 08 00 00 00 00 00 00 00 00 00 00 00 00 CD 67 94 D5 AC 51 00 00 94 4A 00 00 49 08 7E C8 CA B5 1A 1B 00 00 00 00 00 00 00 00 00 00 00 00 00 00 00 00 00 00 00 00 00 00 00 00 82 91 FB 94 7E
[426636][00:28:37.787]7E FF 02 FF 77 B9 6E 91 81 05 18 01 62 89 EB EB 00 37 00 94 00 01 00 01 69 7F 94 0A 41 13 01 FC 13 79 44 00 49 CE 25 A0 10 34 01 04 3D C9 00 3B 70 EF 04 00 33 00 00 07 00 00 00 0A 01 0A 01 A6 00 2F 00 62 4E C3 02 7F FD 29 00 00 E2 C9 20 40 69 01 00 C7 88 00 04 BE C0 D4 A3 6A C2 02 2D 72 B7 5F 6E 02 96 44 04 9A 00 75 10 94 1A 00 05 00 30 2C A7 29 23 07 00 00 00 00 00 00 00 00 00 00 00 00 00 00 00 00 00 00 00 00 00 00 00 00 00 00 00 00 00 00 00 00 00 00 00 00 00 00 00 00 00 00 00 00 00 00 00 00 00 00 00 00 00 9F 7C A9 88 7E
[426637][00:28:37.848]7E FF 02 FF 78 B9 AB 91 81 05 4F 02 78 ED 02 EC 00 38 01 94 00 01 00 01 69 7F 94 17 30 05 01 FC 13 79 44 00 B0 67 71 70 01 53 00 0A B7 C1 00 58 78 EF 04 00 33 00 00 05 00 00 00 00 00 24 00 11 11 CF 00 60 00 00 00 A3 4A 00 00 00 00 00 00 00 00 00 00 00 00 00 00 00 00 00 00 00 00 00 00 00 00 00 00 00 01 00 00 00 00 00 00 00 00 00 00 00 00 10 08 00 00 00 00 00 00 00 00 00 00 00 00 CD 67 94 D5 AC 51 00 00 94 4A 00 00 49 08 7E C8 CA B5 1A 1B 00 00 00 00 00 00 00 00 00 00 00 00 00 00 00 00 00 00 00 00 00 00 00 00 D8 2A 5A BF 7E
[426638][00:28:37.878]7E FF 02 FF 79 B9 C6 91 81 05 3A 01 45 1E 0D EC 00 38 00 94 00 01 00 01 69 7F 94 17 F0 FF 01 99 12 79 42 00 D6 18 1D 70 01 FF 2F 03 B8 C1 00 34 78 EF 04 00 33 00 00 01 00 00 00 30 00 09 05 35 36 20 00 00 12 74 72 0A 02 46 20 17 00 01 01 46 84 24 45 E1 93 04 00 07 00 00 00 A4 4A 00 00 00 00 00 00 00 00 00 00 00 00 00 00 23 65 FD 68 00 00 00 00 00 00 00 00 00 00 00 00 00 00 00 00 00 00 00 00 00 00 00 00 00 00 00 00 00 00 00 00 00 00 00 00 00 00 00 00 00 00 00 00 00 00 00 00 00 00 00 00 00 00 00 00 00 00 00 00 15 73 B1 F0 7E
[426639][00:28:37.893]7E FF 02 FF 7A B9 CE 91 81 05 F5 02 AA 56 10 EC 00 34 00 94 00 01 00 01 69 7F 94 17 F0 FF 01 99 12 79 46 00 C7 1A 99 70 01 FF 2F 03 B8 C1 00 34 78 EF 04 00 33 00 00 01 00 00 00 30 00 09 05 35 36 20 00 00 12 74 72 0A 02 46 20 17 00 01 01 46 84 24 45 E1 93 04 00 07 00 00 00 A4 4A 00 00 00 00 00 00 00 00 00 00 00 00 00 00 23 65 FD 68 00 00 00 00 00 00 00 00 00 00 00 00 00 00 00 00 00 00 00 00 00 00 00 00 00 00 00 00 00 00 00 00 00 00 00 00 00 00 00 00 00 00 00 00 00 00 00 00 00 00 00 00 00 00 00 00 00 00 00 00 4E 9A F3 B0 7E
[426640][00:28:37.908]7E FF 02 FF 7B B9 DA 91 81 05 F7 01 0E D3 14 EC 00 37 01 94 00 01 00 01 69 7F 94 17 F0 FF 01 99 12 79 46 00 C7 1A 99 70 01 FF 2F 03 B8 C1 00 34 78 EF 04 00 33 00 00 01 00 00 00 30 00 09 05 35 36 20 00 00 12 74 72 0A 02 46 20 17 00 01 01 46 84 24 45 E1 93 04 00 07 00 00 00 A4 4A 00 00 00 00 00 00 00 00 00 00 00 00 00 00 23 65 FD 68 00 00 00 00 00 00 00 00 00 00 00 00 00 00 00 00 00 00 00 00 00 00 00 00 00 00 00 00 00 00 00 00 00 00 00 00 00 00 00 00 00 00 00 00 00 00 00 00 00 00 00 00 00 00 00 00 00 00 00 00 20 9E 1F BF 7E
[426641][00:28:38.044]7E FF 02 FF 7C B9 7C 92 81 05 67 02 EF A3 51 EC 01 22 0D 10 00 01 00 02 69 7F 94 00 01 80 0D 00 A9 00 00 00 CD CD 06 7A E7 91 61 7E
[426642][00:28:38.118]7E FF 02 FF 7D B9 AA 92 81 05 5D 02 CA 34 64 EC 00 39 00 14 01 01 00 01 69 7F 94 23 F0 FF 01 E5 14 EB C2 00 C8 E5 02 30 02 FF 2F 01 B8 70 00 83 70 01 04 00 33 00 00 08 00 00 00 23 70 01 21 30 00 09 04 28 27 20 00 00 12 74 72 39 1B 16 16 2E 00 02 01 0D 00 2F 00 00 00 00 00 17 30 60 0E C1 02 67 94 29 00 00 00 49 00 00 00 00 00 04 08 00 04 02 00 40 A0 02 00 00 00 70 91 00 60 00 00 00 00 00 00 14 00 14 00 00 00 00 30 08 02 02 01 02 02 01 02 02 04 03 04 02 02 03 01 01 02 03 03 02 02 01 01 01 02 03 01 01 02 02 02 01 01 03 01 01 03 02 01 02 01 02 02 02 02 01 04 D9 48 18 00 00 00 00 00 00 00 00 00 00 00 00 00 00 00 00 00 00 00 00 00 00 00 00 00 00 00 00 00 00 00 00 00 00 00 00 00 00 00 00 00 00 00 00 00 00 00 00 00 00 00 00 00 00 00 00 00 00 00 00 00 00 00 00 00 00 00 00 00 00 00 00 00 00 00 00 00 00 00 00 00 00 00 00 00 00 00 00 00 00 00 00 00 00 00 00 00 00 00 00 00 00 00 00 00 00 00 00 00 DB C2 F8 BE 7E
[426643][00:28:38.163]7E FF 02 FF 7E B9 DE 92 81 05 96 00 52 E0 77 EC 00 37 00 94 00 01 00 01 69 7F 94 17 10 00 01 FC 13 79 40 00 A8 E4 54 70 01 01 00 04 B9 C1 00 3B 78 EF 04 00 33 00 00 07 00 00 00 17 00 3C 01 9A 00 2F 00 62 4F C3 02 7F FD 2D 00 00 E2 C9 00 40 69 01 00 C7 88 00 04 BE D0 D4 A3 6A 52 02 2D 72 B7 5F 6E 1A 96 44 04 9B 00 77 10 94 1A 00 05 00 30 0C 3B 5C 39 88 00 00 00 00 00 00 00 00 00 00 00 00 00 00 00 00 00 00 00 00 00 00 00 00 00 00 00 00 00 00 00 00 00 00 00 00 00 00 00 00 00 00 00 00 00 00 00 00 00 00 00 00 00 D7 39 71 B3 7E
[426644][00:28:38.163]7E FF 02 FF 7F B9 E6 92 81 05 4B 00 1D E9 7A EC 00 37 00 10 00 01 00 02 69 7F 94 10 01 70 01 01 01 00 00 00 A1 13 B6 5A C3 56 23 7E
[426645][00:28:38.223]7E FF 02 FF 80 B9 10 93 81 05 12 01 3D FC 8A EC 00 36 00 14 01 01 00 01 69 7F 94 20 F0 FF 01 E5 14 EB C2 00 CB E5 32 00 02 FF 2F 01 A7 94 00 83 70 01 04 00 33 00 00 08 00 00 00 20 40 14 41 30 00 09 04 22 19 20 00 00 12 74 72 39 07 00 43 2E 00 08 01 0D 00 2F 00 00 00 00 00 44 31 20 0E C1 02 6E 90 29 00 00 00 00 00 00 01 00 00 00 08 00 04 00 00 40 01 02 40 00 05 70 11 01 68 10 90 00 00 00 00 02 10 14 00 00 00 00 10 0C 05 04 03 05 03 05 03 03 03 04 02 05 05 01 05 03 03 02 02 01 02 02 02 04 01 01 01 01 01 01 01 01 02 02 01 01 01 02 01 01 01 01 06 01 01 01 59 0C D2 CB 00 00 00 00 00 00 00 00 00 00 00 00 00 00 00 00 00 00 00 00 00 00 00 00 00 00 00 00 00 00 00 00 00 00 00 00 00 00 00 00 00 00 00 00 00 00 00 00 00 00 00 00 00 00 00 00 00 00 00 00 00 00 00 00 00 00 00 00 00 00 00 00 00 00 00 00 00 00 00 00 00 00 00 00 00 00 00 00 00 00 00 00 00 00 00 00 00 00 00 00 00 00 00 00 00 00 00 00 00 14 A6 7A CE 7E
[426646][00:28:38.223]7E FF 02 FF 81 B9 1E 93 81 05 D6 03 98 9E 90 EC 00 36 00 10 00 01 00 02 69 7F 94 10 D8 40 13 01 00 00 00 00 47 34 0A 03 34 53 8A 7E
[426647][00:28:38.238]7E FF 02 FF 82 B9 21 93 81 05 0A 00 44 61 91 EC 00 38 01 94 00 01 00 01 69 7F 94 17 10 00 01 FC 13 79 44 00 B9 E6 D0 70 01 01 00 04 B9 C1 00 3B 78 EF 04 00 33 00 00 07 00 00 00 17 00 3C 01 9A 00 2F 00 62 4F C3 02 7F FD 2D 00 00 E2 C9 00 40 69 01 00 C7 88 00 04 BE D0 D4 A3 6A 52 02 2D 72 B7 5F 6E 1A 96 44 04 9B 00 77 10 94 1A 00 05 00 30 0C 3B 5C 39 88 00 00 00 00 00 00 00 00 00 00 00 00 00 00 00 00 00 00 00 00 00 00 00 00 00 00 00 00 00 00 00 00 00 00 00 00 00 00 00 00 00 00 00 00 00 00 00 00 00 00 00 00 00 13 A4 6C 9F 7E
[426648][00:28:38.253]7E FF 02 FF 83 B9 28 93 81 05 76 03 FE 66 94 EC 00 38 01 10 00 01 00 02 69 7F 94 10 01 70 01 01 01 00 00 00 A1 13 B6 0B FE 1A 3C 7E
[426649][00:28:38.268]7E FF 02 FF 84 B9 CA 92 81 05 AB 01 FC 7F 96 EC 00 39 00 94 00 01 00 01 69 7F 94 05 40 14 01 FC 13 79 40 00 4F 2A 36 50 00 44 01 04 9A E0 00 4A 78 EF 04 00 33 00 00 07 00 00 00 05 00 05 00 82 00 3E 00 62 4F C3 02 7F FC 2D 00 00 E2 C9 20 40 09 01 00 C6 88 00 04 3A 80 C4 A3 22 42 00 2D 72 B3 03 6E 1A 96 40 00 9B 00 76 10 94 0A 00 01 00 30 0C 00 00 00 00 00 00 00 00 00 04 00 00 00 00 01 D2 CB F7 2E 00 00 00 00 00 00 00 00 00 00 00 00 00 00 00 00 00 00 00 00 00 00 00 00 00 00 00 00 00 00 00 00 00 00 00 00 00 00 6B E5 CC C8 7E
[426650][00:28:38.404]7E FF 02 FF 85 B9 D0 93 81 05 7B 00 E9 2E D4 EC 00 39 00 94 00 01 00 01 69 7F 94 05 40 14 01 FC 13 79 44 00 5E 28 B2 50 00 44 01 04 9A E0 00 4A 78 EF 04 00 33 00 00 07 00 00 00 05 00 05 00 82 00 3E 00 62 4F C3 02 7F FC 2D 00 00 E2 C9 20 40 09 01 00 C6 88 00 04 3A 80 C4 A3 22 42 00 2D 72 B3 03 6E 1A 96 40 00 9B 00 76 10 94 0A 00 01 00 30 0C 00 00 00 00 00 00 00 00 00 04 00 00 00 00 01 D2 CB F7 2E 00 00 00 00 00 00 00 00 00 00 00 00 00 00 00 00 00 00 00 00 00 00 00 00 00 00 00 00 00 00 00 00 00 00 00 00 00 00 54 4A 22 8A 7E
[426651][00:28:38.569]7E FF 02 FF 86 B9 68 94 81 05 81 03 93 75 0E ED 00 39 00 14 01 01 00 01 69 7F 94 17 F0 FF 01 E5 14 EB C2 00 FB E5 DE 70 01 FF 2F 01 BA C1 00 AB 78 01 04 00 33 00 00 08 00 00 00 17 10 00 12 30 00 09 05 35 33 20 00 00 12 74 72 39 02 00 00 56 00 09 01 0D 00 2F 00 00 00 00 00 01 30 42 0F 41 02 7E D5 29 00 00 E2 C9 00 40 21 00 00 44 88 00 04 32 00 C0 A3 02 00 00 08 70 91 0B 2E 10 94 00 00 8A 00 57 10 94 0A 00 04 00 30 0C 01 03 01 02 03 04 02 01 04 01 03 02 01 03 02 03 06 01 02 01 01 03 02 01 01 02 01 04 02 01 01 01 03 01 02 01 02 01 01 01 02 01 02 02 04 02 03 04 05 01 05 01 04 02 02 05 02 02 01 01 01 02 03 01 01 02 01 04 02 01 01 01 02 05 01 02 05 03 01 03 01 01 05 09 02 02 76 C8 FC A5 00 00 00 00 00 00 00 00 00 00 00 00 00 00 00 00 00 00 00 00 00 00 00 00 00 00 00 00 00 00 00 00 00 00 00 00 00 00 00 00 00 00 00 00 00 00 00 00 00 00 00 00 00 00 00 00 00 00 00 00 00 00 00 00 00 00 00 00 00 F3 A9 CF 34 7E
[426652][00:28:38.599]7E FF 02 FF 87 B9 9A 94 81 05 2A 02 4F 64 21 ED 00 38 00 94 00 01 00 01 69 7F 94 05 40 14 01 FC 13 79 44 00 5E 28 B2 50 00 44 01 04 9A E0 00 4A 78 EF 04 00 33 00 00 07 00 00 00 05 00 05 00 82 00 3E 00 62 4F C3 02 7F FC 2D 00 00 E2 C9 20 40 09 01 00 C6 88 00 04 3A 80 C4 A3 22 42 00 2D 72 B3 03 6E 1A 96 40 00 9B 00 76 10 94 0A 00 01 00 30 0C 00 00 00 00 00 00 00 00 00 04 00 00 00 00 01 D2 CB F7 2E 00 00 00 00 00 00 00 00 00 00 00 00 00 00 00 00 00 00 00 00 00 00 00 00 00 00 00 00 00 00 00 00 00 00 00 00 00 00 5D 08 6B 38 7E
[426653][00:28:38.750]7E FF 02 FF 88 B9 2F 95 81 05 B6 02 89 4A 5A ED 00 38 00 94 00 01 00 01 69 7F 94 05 40 14 01 FC 13 79 44 00 5E 28 B2 50 00 44 01 04 9A E0 00 4A 78 EF 04 00 33 00 00 07 00 00 00 05 00 05 00 82 00 3E 00 62 4F C3 02 7F FC 2D 00 00 E2 C9 20 40 09 01 00 C6 88 00 04 3A 80 C4 A3 22 42 00 2D 72 B3 03 6E 1A 96 40 00 9B 00 76 10 94 0A 00 01 00 30 0C 00 00 00 00 00 00 00 00 00 04 00 00 00 00 01 D2 CB F7 2E 00 00 00 00 00 00 00 00 00 00 00 00 00 00 00 00 00 00 00 00 00 00 00 00 00 00 00 00 00 00 00 00 00 00 00 00 00 00 4C B1 42 86 7E
[426654][00:28:38.930]7E FF 02 FF 89 B9 D6 95 81 05 E6 03 18 1D 9A ED 00 37 00 14 01 01 00 01 69 7F 94 49 F0 FF 01 E5 14 EB C2 00 AE E5 92 90 04 FF 2F 01 6C B2 00 A9 70 01 04 00 33 00 00 08 00 00 00 49 40 13 32 30 00 09 03 55 07 20 00 00 12 74 72 39 1C 00 00 54 00 06 01 0E 00 2F 00 00 00 00 00 34 31 40 04 82 02 0A 44 01 00 00 60 C8 00 41 69 01 00 44 88 00 04 3E 00 54 83 62 42 02 A9 32 31 5E 66 02 04 40 04 82 00 55 10 84 1A 00 04 00 30 0C 01 03 01 02 04 02 01 01 04 01 01 01 01 01 01 01 01 02 03 03 01 01 02 01 03 01 02 01 02 01 02 01 02 02 03 01 03 02 01 01 02 02 02 02 03 01 02 01 01 03 02 02 02 03 03 02 02 02 01 02 03 02 01 04 01 02 02 01 02 01 02 03 03 05 02 02 01 01 01 01 02 01 02 01 D1 3C 27 64 00 00 00 00 00 00 00 00 00 00 00 00 00 00 00 00 00 00 00 00 00 00 00 00 00 00 00 00 00 00 00 00 00 00 00 00 00 00 00 00 00 00 00 00 00 00 00 00 00 00 00 00 00 00 00 00 00 00 00 00 00 00 00 00 00 00 00 00 00 00 00 BE E5 F1 EA 7E
[426655][00:28:38.946]7E FF 02 FF 8A B9 FF 95 81 05 1E 01 C7 80 A9 ED 00 37 00 10 00 01 00 02 69 7F 94 10 17 C0 13 01 07 00 00 00 3E A6 3F 04 DE 1F A6 7E
[426656][00:28:38.975]7E FF 02 FF 8B B9 19 96 81 05 D0 03 3E AE B3 ED 00 37 00 10 00 01 00 02 69 7F 94 10 34 41 14 01 0D 00 00 00 34 9D E3 FA B0 14 84 7E
[426657][00:28:38.990]7E FF 02 FF 8C B9 2C 96 81 05 10 01 23 A9 BA ED 00 37 00 10 00 01 00 02 69 7F 94 10 05 D0 02 01 FE 00 00 00 3C 65 6A E7 BB E2 F5 7E
[426658][00:28:39.035]7E FF 02 FF 8D B9 E8 95 81 05 28 00 7D C1 C6 ED 00 FD 03 94 00 01 00 01 69 7F 94 01 70 01 03 DC 13 79 40 00 55 B1 53 10 00 E8 00 03 5A BA 30 3F 88 FF 00 00 33 00 00 11 03 00 00 01 02 33 03 64 20 28 0A FE FE FE FE 68 2D 00 43 05 07 37 05 09 00 30 10 38 98 10 00 09 05 02 1E 01 40 00 02 00 00 01 10 F0 D5 56 98 83 8E 08 15 8F 01 3B 87 D4 9A 8C D7 05 4D 16 C9 43 34 C5 00 00 00 00 00 00 00 00 00 00 00 00 00 00 00 00 00 00 00 00 00 00 00 00 00 00 00 00 00 00 00 00 00 00 00 00 00 00 00 00 00 00 00 00 00 00 00 00 00 D2 D7 9E 26 7E
[426659][00:28:39.081]7E FF 02 FF 8E B9 7E 96 81 05 0B 01 3B EA D9 ED 00 FE 03 94 00 01 00 01 69 7F 94 01 70 01 03 DC 13 79 44 00 44 B3 D7 10 00 E8 00 03 5A BA 30 3F 88 FF 00 00 33 00 00 11 03 00 00 01 02 33 03 64 20 28 0A FE FE FE FE 68 2D 00 43 05 07 37 05 09 00 30 10 38 98 10 00 09 05 02 1E 01 40 00 02 00 00 01 10 F0 D5 56 98 83 8E 08 15 8F 01 3B 87 D4 9A 8C D7 05 4D 16 C9 43 34 C5 00 00 00 00 00 00 00 00 00 00 00 00 00 00 00 00 00 00 00 00 00 00 00 00 00 00 00 00 00 00 00 00 00 00 00 00 00 00 00 00 00 00 00 00 00 00 00 00 00 71 7B 54 D7 7E
[426660][00:28:39.096]7E FF 02 FF 8F B9 86 96 81 05 09 01 D6 FC DC ED 00 FE 03 10 00 01 00 02 69 7F 94 10 17 10 00 01 00 00 00 00 3E 2C 47 DA CD 54 81 7E
[426661][00:28:39.112]7E FF 02 FF 90 B9 9A 96 81 05 30 00 B1 83 E4 ED 00 36 00 94 00 01 00 01 69 7F 94 17 80 0E 03 FC 13 79 40 00 CF B8 05 10 00 E8 00 03 5A BA 30 3F 88 EF 00 00 33 00 00 11 03 00 00 01 02 33 03 64 20 28 0A FE FE FE FE 68 2D 00 43 05 07 37 05 09 00 30 10 38 98 10 00 09 05 02 1E 01 40 00 02 00 00 01 10 F0 D5 56 98 83 8E 08 15 8F 01 3B 87 D4 9A 8C D7 05 4D 16 C9 43 34 C5 00 00 00 00 00 00 00 00 00 00 00 00 00 00 00 00 00 00 00 00 00 00 00 00 00 00 00 00 00 00 00 00 00 00 00 00 00 00 00 00 00 00 00 00 00 00 00 00 00 E3 4D A6 C3 7E
[426662][00:28:39.127]7E FF 02 FF 91 B9 AC 96 81 05 32 00 4F 61 EB ED 00 FD 03 94 00 01 00 01 69 7F 94 01 70 01 03 DC 13 79 44 00 44 B3 D7 10 00 E8 00 03 5A BA 30 3F 88 FF 00 00 33 00 00 11 03 00 00 01 02 33 03 64 20 28 0A FE FE FE FE 68 2D 00 43 05 07 37 05 09 00 30 10 38 98 10 00 09 05 02 1E 01 40 00 02 00 00 01 10 F0 D5 56 98 83 8E 08 15 8F 01 3B 87 D4 9A 8C D7 05 4D 16 C9 43 34 C5 00 00 00 00 00 00 00 00 00 00 00 00 00 00 00 00 00 00 00 00 00 00 00 00 00 00 00 00 00 00 00 00 00 00 00 00 00 00 00 00 00 00 00 00 00 00 00 00 00 8D 06 CD 4E 7E
[426663][00:28:39.142]7E FF 02 FF 92 B9 B4 96 81 05 2C 01 1E 87 EE ED 00 37 00 94 00 01 00 01 69 7F 94 17 80 0E 03 FC 13 79 44 00 DE BA 81 10 00 E8 00 03 5A BA 30 3F 88 EF 00 00 33 00 00 11 03 00 00 01 02 33 03 64 20 28 0A FE FE FE FE 68 2D 00 43 05 07 37 05 09 00 30 10 38 98 10 00 09 05 02 1E 01 40 00 02 00 00 01 10 F0 D5 56 98 83 8E 08 15 8F 01 3B 87 D4 9A 8C D7 05 4D 16 C9 43 34 C5 00 00 00 00 00 00 00 00 00 00 00 00 00 00 00 00 00 00 00 00 00 00 00 00 00 00 00 00 00 00 00 00 00 00 00 00 00 00 00 00 00 00 00 00 00 00 00 00 00 5F 53 C4 83 7E
[426664][00:28:39.172]7E FF 02 FF 93 B9 D3 96 81 05 7C 01 F3 61 FA ED 00 38 00 94 00 01 00 01 69 7F 94 49 40 13 01 FC 13 79 44 00 22 CF B5 90 04 34 01 04 6D B2 00 45 70 EF 04 00 33 00 00 07 00 00 00 49 00 49 00 AA 00 39 00 62 4E C3 02 7F FD 29 00 00 E2 C9 20 40 69 01 00 C4 88 00 04 BE D0 56 E3 6A D6 02 2D 72 B5 5E 6E 12 96 46 04 9A 00 75 10 94 1A 00 05 00 30 2C 00 00 00 00 00 00 00 00 00 04 F5 7D 45 55 00 00 00 00 00 00 00 00 00 00 00 00 00 00 00 00 00 00 00 00 00 00 00 00 00 00 00 00 00 00 00 00 00 00 00 00 00 00 00 00 00 00 00 AF 22 D8 0B 7E
[426665][00:28:39.202]7E FF 02 FF 94 B9 F5 96 81 05 F2 02 E0 7F 07 EE 00 36 01 94 00 01 00 01 69 7F 94 17 80 0E 03 FC 13 79 44 00 DE BA 81 10 00 E8 00 03 5A BA 30 3F 88 EF 00 00 33 00 00 11 03 00 00 01 02 33 03 64 20 28 0A FE FE FE FE 68 2D 00 43 05 07 37 05 09 00 30 10 38 98 10 00 09 05 02 1E 01 40 00 02 00 00 01 10 F0 D5 56 98 83 8E 08 15 8F 01 3B 87 D4 9A 8C D7 05 4D 16 C9 43 34 C5 00 00 00 00 00 00 00 00 00 00 00 00 00 00 00 00 00 00 00 00 00 00 00 00 00 00 00 00 00 00 00 00 00 00 00 00 00 00 00 00 00 00 00 00 00 00 00 00 00 31 B5 21 B9 7E
[426666][00:28:39.261]7E FF 02 FF 95 B9 3C 97 81 05 02 01 DD 6C 22 EE 00 36 01 10 00 01 00 02 69 7F 94 10 D8 E0 02 01 00 00 00 00 2A 1D BB 40 DD A6 6C 7E
[426667][00:28:39.292]7E FF 02 FF 96 B9 44 97 81 05 19 02 DE 8C 25 EE 00 3B 00 94 00 01 00 01 69 7F 94 49 40 13 01 FC 13 79 44 00 22 CF B5 90 04 34 01 04 6D B2 00 45 70 EF 04 00 33 00 00 07 00 00 00 49 00 49 00 AA 00 39 00 62 4E C3 02 7F FD 29 00 00 E2 C9 20 40 69 01 00 C4 88 00 04 BE D0 56 E3 6A D6 02 2D 72 B5 5E 6E 12 96 46 04 9A 00 75 10 94 1A 00 05 00 30 2C 00 00 00 00 00 00 00 00 00 04 F5 7D 45 55 00 00 00 00 00 00 00 00 00 00 00 00 00 00 00 00 00 00 00 00 00 00 00 00 00 00 00 00 00 00 00 00 00 00 00 00 00 00 00 00 00 00 00 C9 F6 38 AC 7E
[426668][00:28:39.338]7E FF 02 FF 97 B9 92 97 81 05 97 00 DC 2D 43 EE 00 3B 00 10 00 01 00 03 69 7F 94 BA 07 0E 1E 00 00 00 10 02 B0 1F FD F8 36 13 84 7E
[426669][00:28:39.369]7E FF 02 FF 98 B9 8F 97 81 05 07 00 F3 5B 40 EE 01 22 0F 94 00 01 00 01 69 7F 94 01 80 0D 03 E8 30 00 10 00 8F A5 14 10 00 B7 00 03 5B BA 30 3F 88 FF 00 00 33 00 00 11 03 00 00 01 02 33 03 5F 20 28 0A FE FE FE FE 68 2D 00 43 05 55 36 05 09 00 30 10 67 D9 10 00 09 05 02 1A 01 40 00 02 00 00 01 10 F0 D5 56 98 83 8E 08 15 8F 01 3B 87 D4 9A 8C D7 E9 5C 16 15 41 9C B5 00 00 00 00 00 00 00 00 00 00 00 00 00 00 00 00 00 00 00 00 00 00 00 00 00 00 00 00 00 00 00 00 00 00 00 00 00 00 00 00 00 00 00 00 00 00 00 00 00 DD C6 57 5A 7E
[426670][00:28:39.399]7E FF 02 FF 99 B9 BD 97 81 05 E2 03 DD E0 53 EE 00 37 00 94 00 01 00 01 69 7F 94 D8 E0 02 03 EF 12 3D 60 00 6A 8C 88 10 00 B7 00 03 5B BA 30 3F 88 EF 00 00 33 00 00 11 03 00 00 01 02 33 03 5F 20 28 0A FE FE FE FE 68 2D 00 43 05 55 36 05 09 00 30 10 67 D9 10 00 09 05 02 1A 01 40 00 02 00 00 01 10 F0 D5 56 98 83 8E 08 15 8F 01 3B 87 D4 9A 8C D7 E9 5C 16 15 41 9C B5 00 00 00 00 00 00 00 00 00 00 00 00 00 00 00 00 00 00 00 00 00 00 00 00 00 00 00 00 00 00 00 00 00 00 00 00 00 00 00 00 00 00 00 00 00 00 00 00 00 08 E9 45 A9 7E
[426671][00:28:39.430]7E FF 02 FF 9A B9 CE 97 81 05 6D 01 51 20 5A EE 00 38 00 94 00 01 00 01 69 7F 94 D8 E0 02 03 24 14 79 44 00 74 AC 5F 10 00 B7 00 03 5B BA 30 3F 88 EF 00 00 33 00 00 11 03 00 00 01 02 33 03 5F 20 28 0A FE FE FE FE 68 2D 00 43 05 55 36 05 09 00 30 10 67 D9 10 00 09 05 02 1A 01 40 00 02 00 00 01 10 F0 D5 56 98 83 8E 08 15 8F 01 3B 87 D4 9A 8C D7 E9 5C 16 15 41 9C B5 00 00 00 00 00 00 00 00 00 00 00 00 00 00 00 00 00 00 00 00 00 00 00 00 00 00 00 00 00 00 00 00 00 00 00 00 00 00 00 00 00 00 00 00 00 00 00 00 00 CA 60 46 81 7E
[426672][00:28:39.430]7E FF 02 FF 9B B9 D6 97 81 05 6D 01 F4 32 5D EE 00 38 00 10 00 01 00 02 69 7F 94 10 2E 80 0D 01 F8 00 00 00 40 E2 AE 76 C6 6B 57 7E
[426673][00:28:39.445]7E FF 02 FF 9C B9 78 97 81 05 05 02 D5 88 5F EE 00 37 00 94 00 01 00 01 69 7F 94 2E 70 0B 03 FC 13 79 40 00 2E F3 F0 10 00 B7 00 03 5B BA 30 3F 88 DF 00 00 33 00 00 11 03 00 00 01 02 33 03 5F 20 28 0A FE FE FE FE 68 2D 00 43 05 55 36 05 09 00 30 10 67 D9 10 00 09 05 02 1A 01 40 00 02 00 00 01 10 F0 D5 56 98 83 8E 08 15 8F 01 3B 87 D4 9A 8C D7 E9 5C 16 15 41 9C B5 00 00 00 00 00 00 00 00 00 00 00 00 00 00 00 00 00 00 00 00 00 00 00 00 00 00 00 00 00 00 00 00 00 00 00 00 00 00 00 00 00 00 00 00 00 00 00 00 00 44 38 D3 67 7E
[426674][00:28:39.507]7E FF 02 FF 9D B9 1D 98 81 05 B8 02 AF 63 78 EE 00 36 00 94 00 01 00 01 69 7F 94 2E 70 0B 03 FC 13 79 44 00 3F F1 74 10 00 B7 00 03 5B BA 30 3F 88 DF 00 00 33 00 00 11 03 00 00 01 02 33 03 5F 20 28 0A FE FE FE FE 68 2D 00 43 05 55 36 05 09 00 30 10 67 D9 10 00 09 05 02 1A 01 40 00 02 00 00 01 10 F0 D5 56 98 83 8E 08 15 8F 01 3B 87 D4 9A 8C D7 E9 5C 16 15 41 9C B5 00 00 00 00 00 00 00 00 00 00 00 00 00 00 00 00 00 00 00 00 00 00 00 00 00 00 00 00 00 00 00 00 00 00 00 00 00 00 00 00 00 00 00 00 00 00 00 00 00 A6 88 19 DB 7E
[426675][00:28:39.716]7E FF 02 FF 9E B9 A4 98 81 05 2B 00 D9 D1 D1 EE 00 36 00 10 00 01 00 02 69 7F 94 10 D8 E0 02 01 00 00 00 00 2A 1D BB CF FB FA 9A 7E
[426676][00:28:39.732]7E FF 02 FF 9F B9 1A 99 81 05 DC 00 40 B3 D7 EE 01 22 0D 10 00 01 00 02 69 7F 94 00 01 80 0D 00 A8 00 00 00 DC 8D 82 9B 01 9B 8A 7E
[426677][00:28:39.823]7E FF 02 FF A0 B9 75 99 81 05 67 03 C7 B6 FB EE 00 36 00 10 00 01 00 02 69 7F 94 10 D8 E0 02 01 00 00 00 00 2A 1D BB BD D3 B6 8F 7E
[426678][00:28:39.854]7E FF 02 FF A1 B9 88 99 81 05 0D 00 3B 95 01 EF 01 22 0D 10 00 01 00 02 69 7F 94 00 01 80 0D 00 AA 00 00 00 FD 0D 06 E8 78 12 BF 7E
[426679][00:28:39.854]7E FF 02 FF A2 B9 89 99 81 05 9D 03 62 5A 03 EF 00 36 00 10 00 01 00 02 69 7F 94 10 17 30 05 01 FA 00 00 00 D7 AB 5C 15 4E 68 23 7E
[426680][00:28:39.884]7E FF 02 FF A3 B9 94 99 81 05 12 02 5E C8 05 EF 01 23 10 94 00 01 00 01 69 7F 94 01 80 0D 01 E8 30 00 10 00 0E B5 D2 10 00 D8 00 05 5C BA 00 34 88 FF 00 00 33 00 00 01 00 00 00 30 00 09 03 50 22 20 00 00 12 74 72 0A 03 3B 21 2E 00 01 01 08 33 06 45 E1 93 04 00 06 00 00 00 A5 4A 00 00 00 00 00 00 00 00 00 00 00 00 00 00 84 0E 15 D0 00 00 00 00 00 00 00 00 00 00 00 00 00 00 00 00 00 00 00 00 00 00 00 00 00 00 00 00 00 00 00 00 00 00 00 00 00 00 00 00 00 00 00 00 00 00 00 00 00 00 00 00 00 00 00 00 00 00 00 00 E5 32 9E 0D 7E
[426681][00:28:39.914]7E FF 02 FF A4 B9 9C 99 81 05 D1 02 56 80 0A EF 00 38 00 14 01 01 00 01 69 7F 94 05 F0 FF 01 E5 14 EB C2 00 EA E5 72 50 00 FF 2F 01 9B E0 00 8C 78 01 04 00 33 00 00 08 00 00 00 05 40 14 42 30 00 09 05 35 40 20 00 00 12 74 72 39 19 23 32 37 00 0A 01 10 00 2F 00 00 00 00 00 44 31 02 0F C1 02 6F 98 29 00 00 80 48 00 00 01 00 00 80 08 00 04 22 00 40 20 02 42 00 04 30 11 02 68 00 94 00 00 08 00 26 00 14 00 00 00 00 20 08 01 01 05 01 04 01 04 01 03 04 02 03 02 04 03 01 03 04 03 04 01 01 02 01 01 01 02 01 02 01 02 02 04 01 01 02 01 01 01 01 02 02 02 01 01 02 02 01 01 02 01 01 05 01 02 2C 9E 79 9E 00 00 00 00 00 00 00 00 00 00 00 00 00 00 00 00 00 00 00 00 00 00 00 00 00 00 00 00 00 00 00 00 00 00 00 00 00 00 00 00 00 00 00 00 00 00 00 00 00 00 00 00 00 00 00 00 00 00 00 00 00 00 00 00 00 00 00 00 00 00 00 00 00 00 00 00 00 00 00 00 00 00 00 00 00 00 00 00 00 00 00 00 00 00 00 00 00 00 00 00 58 E4 75 1D 7E
[426682][00:28:39.929]7E FF 02 FF A5 B9 B9 99 81 05 C3 02 69 8E 15 EF 00 37 00 94 00 01 00 01 69 7F 94 D8 E0 02 01 24 14 79 44 00 F5 BC 99 80 0D 2E 00 00 0A 1A 00 34 10 FF 08 00 33 00 00 30 00 15 61 49 26 30 00 09 04 16 28 01 00 00 00 30 00 09 03 50 22 20 00 00 12 74 72 0A 03 3B 21 2E 00 01 01 08 33 06 45 E1 93 04 00 06 00 00 00 A5 4A 00 00 00 00 00 00 00 00 00 00 00 00 00 00 84 0E 15 D0 00 00 00 00 00 00 00 00 00 00 00 00 00 00 00 00 00 00 00 00 00 00 00 00 00 00 00 00 00 00 00 00 00 00 00 00 00 00 00 00 00 00 00 00 00 00 00 00 95 B0 42 36 7E
[426683][00:28:39.944]7E FF 02 FF A6 B9 C6 99 81 05 74 02 1B 7D 1A EF 00 36 00 94 00 01 00 01 69 7F 94 D8 E0 02 01 24 14 79 44 00 F5 BC 99 80 0D 2E 00 00 0A 1A 00 34 10 FF 08 00 33 00 00 30 00 15 61 49 26 30 00 09 04 16 28 01 00 00 00 30 00 09 03 50 22 20 00 00 12 74 72 0A 03 3B 21 2E 00 01 01 08 33 06 45 E1 93 04 00 06 00 00 00 A5 4A 00 00 00 00 00 00 00 00 00 00 00 00 00 00 84 0E 15 D0 00 00 00 00 00 00 00 00 00 00 00 00 00 00 00 00 00 00 00 00 00 00 00 00 00 00 00 00 00 00 00 00 00 00 00 00 00 00 00 00 00 00 00 00 00 00 00 00 1F E6 94 F6 7E
[426684][00:28:39.975]7E FF 02 FF A7 B9 F4 99 81 05 61 01 39 EE 2B EF 00 35 00 94 00 01 00 01 69 7F 94 D8 E0 02 01 EF 12 3D 64 00 FA 9E CA 80 0D 2E 00 00 0A 1A 00 34 10 FF 08 00 33 00 00 30 00 15 61 49 26 30 00 09 04 16 28 01 00 00 00 30 00 09 03 50 22 20 00 00 12 74 72 0A 03 3B 21 2E 00 01 01 08 33 06 45 E1 93 04 00 06 00 00 00 A5 4A 00 00 00 00 00 00 00 00 00 00 00 00 00 00 84 0E 15 D0 00 00 00 00 00 00 00 00 00 00 00 00 00 00 00 00 00 00 00 00 00 00 00 00 00 00 00 00 00 00 00 00 00 00 00 00 00 00 00 00 00 00 00 00 00 00 00 00 D2 5A 21 C2 7E
[426685][00:28:40.004]7E FF 02 FF A8 B9 26 9A 81 05 CA 03 E1 44 3F EF 00 35 00 10 00 01 00 02 69 7F 94 10 D8 E0 02 01 01 00 00 00 3B 5D 3F 74 48 10 DA 7E
[426686][00:28:40.019]7E FF 02 FF A9 B9 D0 99 81 05 BA 03 7E 98 44 EF 00 35 00 10 00 01 00 02 69 7F 94 10 17 30 05 01 0A 00 00 00 D7 A4 60 C3 F3 B8 3E 7E
[426687][00:28:40.124]7E FF 02 FF AA B9 89 9A 81 05 16 02 F0 D7 64 EF 00 3A 00 94 00 01 00 01 69 7F 94 2E F0 FF 01 99 12 79 46 00 F8 1A 11 E0 02 FF 2F 03 A6 F2 00 34 70 EF 04 00 33 00 00 01 00 00 00 30 00 09 03 50 22 20 00 00 12 74 72 0A 03 3B 21 2E 00 01 01 08 33 06 45 E1 93 04 00 06 00 00 00 A5 4A 00 00 00 00 00 00 00 00 00 00 00 00 00 00 84 0E 15 D0 00 00 00 00 00 00 00 00 00 00 00 00 00 00 00 00 00 00 00 00 00 00 00 00 00 00 00 00 00 00 00 00 00 00 00 00 00 00 00 00 00 00 00 00 00 00 00 00 00 00 00 00 00 00 00 00 00 00 00 00 77 7A 5F 15 7E
[426688][00:28:40.245]7E FF 02 FF AB B9 04 9B 81 05 4E 00 72 98 93 EF 00 39 00 94 00 01 00 01 69 7F 94 05 40 14 01 FC 13 79 44 00 5E 28 B2 50 00 44 01 04 9C E0 00 4A 78 EF 04 00 33 00 00 07 00 00 00 05 00 F2 00 BB 00 3E 00 6E 4F C3 0A 7F FD 2D 00 40 F2 E9 30 C9 6D 01 40 FF 88 00 04 BE D8 D4 EB 6E 53 3A ED FE FF 7F FF 1A 97 44 44 DF EE FF 78 F4 9B C1 15 00 39 2C 00 00 00 00 00 00 00 00 00 04 00 00 00 00 01 8D 77 16 C7 00 00 00 00 00 00 00 00 00 00 00 00 00 00 00 00 00 00 00 00 00 00 00 00 00 00 00 00 00 00 00 00 00 00 00 00 00 00 27 C5 C8 52 7E
[426689][00:28:40.410]7E FF 02 FF AC B9 87 9B 81 05 FA 02 09 D3 C5 EF 00 34 01 14 02 01 00 01 69 7F 94 5E F0 FF 01 D4 17 E8 92 00 89 70 A6 E0 05 FF 2F 01 50 FC 00 ED 30 11 08 00 33 00 00 30 00 09 81 40 41 FF FF FF FF FF FF 08 00 00 00 5E 10 00 11 30 00 09 81 40 41 20 00 00 12 74 72 02 00 64 64 8A 00 10 01 D4 01 3D 00 00 00 00 00 01 30 92 B0 2C F5 02 02 52 FF BE 0D 06 87 26 90 9E 8F 80 75 7B 69 01 04 09 04 00 00 01 12 00 00 00 00 A0 00 00 20 00 00 00 80 08 20 2E 22 3C 00 00 00 20 10 3E 79 4B 39 1C 53 E2 31 16 05 40 3E 3B 09 3B 0C 0C 0F 0E 3B 0D 39 3E 0D 0E 0E 05 2B 3B 3A 3C 0E 0E 0D 0F 0D 0B 3D 0C 0E 0F 0F 0C 0C 0D 0F 0F 0C 0D 0B 0C 0C 0C 0E 0B 3C 0C 0B 0D 0C 0D 09 0D 0A 0D 0A 08 0E 0E 3D 0F 3D 0E 0D 05 0B 09 0E 08 0E 0D 0C 0B 3B 0D 0C 0C 0E 06 08 10 2C 0D 0F 0C 0C 0B 0D 09 0D 0D 0B 06 0B 0D 0D 07 0F 0C 0B 07 0F 0E 3C 0E 0F 09 0D 0B 0F 0F 0D 0C 0D 0C 0F 09 0E 0E 0D 0D 0E 0E 0D 0C 08 0F 0D 0C 08 0B 0D 0A 0C 09 09 37 0B 0D CC 92 EF D7 00 00 00 00 00 00 00 00 00 00 00 00 00 00 00 00 00 00 00 00 00 00 00 00 00 00 00 00 00 00 00 00 00 00 00 00 00 00 00 00 00 00 00 00 00 00 00 00 00 00 00 00 00 00 00 00 00 00 00 00 00 00 00 00 00 00 00 00 00 00 00 00 00 00 00 00 00 00 00 00 00 00 00 00 00 00 00 00 00 00 00 00 00 00 00 00 00 00 00 00 00 00 00 00 00 00 00 00 00 00 00 00 00 00 00 00 00 00 00 00 00 00 00 00 00 00 00 00 00 00 00 00 00 00 00 00 00 00 00 00 00 00 00 00 00 00 00 00 00 00 00 00 00 00 00 00 00 00 00 00 00 00 00 00 00 00 00 00 00 00 00 00 00 00 00 00 00 00 00 00 00 00 00 00 00 00 00 00 00 00 00 00 00 00 00 00 00 00 00 00 00 00 00 00 00 00 00 00 00 00 00 00 00 00 00 00 00 00 00 00 00 00 00 00 00 00 00 00 00 00 00 00 00 00 00 00 00 00 00 00 00 00 00 00 00 00 00 EF 32 B4 73 7E
[426690][00:28:40.516]7E FF 02 FF AD B9 05 9C 81 05 C1 01 22 2B F4 EF 01 23 10 94 00 01 00 01 69 7F 94 01 80 0D 03 E8 30 00 10 00 8F A5 14 10 00 0C 01 03 5D BA 30 3F 88 FF 00 00 33 00 00 11 03 00 00 01 02 33 03 65 20 28 0A FE FE FE FE 68 2D 00 43 05 10 37 05 09 00 30 10 E9 EA 10 00 09 05 02 1F 01 40 00 02 00 00 01 10 F0 D5 56 98 83 8E 08 15 8F 01 3B 87 D4 9A 8C D7 7E 49 16 67 36 89 DF 00 00 00 00 00 00 00 00 00 00 00 00 00 00 00 00 00 00 00 00 00 00 00 00 00 00 00 00 00 00 00 00 00 00 00 00 00 00 00 00 00 00 00 00 00 00 00 00 00 19 10 E6 98 7E
[426691][00:28:40.531]7E FF 02 FF AE B9 2C 9C 81 05 75 01 97 9C 04 F0 00 38 00 94 00 01 00 01 69 7F 94 D8 40 13 03 EF 12 3D 60 00 42 09 3B 10 00 0C 01 03 5D BA 30 3F 88 EF 00 00 33 00 00 11 03 00 00 01 02 33 03 65 20 28 0A FE FE FE FE 68 2D 00 43 05 10 37 05 09 00 30 10 E9 EA 10 00 09 05 02 1F 01 40 00 02 00 00 01 10 F0 D5 56 98 83 8E 08 15 8F 01 3B 87 D4 9A 8C D7 7E 49 16 67 36 89 DF 00 00 00 00 00 00 00 00 00 00 00 00 00 00 00 00 00 00 00 00 00 00 00 00 00 00 00 00 00 00 00 00 00 00 00 00 00 00 00 00 00 00 00 00 00 00 00 00 00 BC 39 A1 D9 7E
[426692][00:28:40.561]7E FF 02 FF AF B9 3A 9C 81 05 E6 00 32 E6 09 F0 00 3B 00 94 00 01 00 01 69 7F 94 17 10 00 01 FC 13 79 44 00 B9 E6 D0 70 01 01 00 04 BB C1 00 3B 78 EF 04 00 33 00 00 07 00 00 00 17 00 53 00 A9 00 2F 00 62 4F C3 02 7F FD 2D 00 40 E2 C9 00 40 69 01 00 C7 88 00 04 BE D0 D6 E3 6A D7 02 2D 72 B7 5F 6E 1A 96 D6 04 9B 00 77 10 94 1A 00 05 00 30 2C C8 AB 9D 3D 00 00 00 00 00 00 00 00 00 00 00 00 00 00 00 00 00 00 00 00 00 00 00 00 00 00 00 00 00 00 00 00 00 00 00 00 00 00 00 00 00 00 00 00 00 00 00 00 00 00 00 00 00 46 BA 1F 73 7E
[426693][00:28:40.561]7E FF 02 FF B0 B9 42 9C 81 05 74 00 D5 ED 0C F0 00 3B 00 10 00 01 00 02 69 7F 94 10 01 70 01 01 01 00 00 00 A1 13 B6 72 87 8E FA 7E
[426694][00:28:40.592]7E FF 02 FF B1 B9 47 9C 81 05 51 00 BF CC 0E F0 00 3A 00 14 01 01 00 01 69 7F 94 23 F0 FF 01 E5 14 EB C2 00 C8 E5 02 30 02 FF 2F 01 B9 70 00 83 70 01 04 00 33 00 00 08 00 00 00 23 70 01 21 30 00 09 04 28 27 20 00 00 12 74 72 39 1B 16 16 2E 00 02 01 0B 00 2F 00 00 00 00 00 17 30 60 0E C1 02 67 94 29 00 00 00 49 00 00 00 00 00 04 08 00 04 02 00 40 A0 02 00 00 00 70 91 00 60 00 00 00 00 00 00 14 00 14 00 00 00 00 30 08 02 02 01 02 02 01 02 02 04 03 04 02 02 03 01 01 02 03 03 02 02 01 01 01 02 03 01 01 02 02 02 01 01 03 01 01 03 02 01 02 01 02 02 02 02 01 BE 25 90 2A 00 00 00 00 00 00 00 00 00 00 00 00 00 00 00 00 00 00 00 00 00 00 00 00 00 00 00 00 00 00 00 00 00 00 00 00 00 00 00 00 00 00 00 00 00 00 00 00 00 00 00 00 00 00 00 00 00 00 00 00 00 00 00 00 00 00 00 00 00 00 00 00 00 00 00 00 00 00 00 00 00 00 00 00 00 00 00 00 00 00 00 00 00 00 00 00 00 00 00 00 00 00 00 00 00 00 00 00 00 BE 1D 5C F8 7E
[426695][00:28:40.607]7E FF 02 FF B2 B9 58 9C 81 05 EA 00 76 57 15 F0 00 39 00 14 01 01 00 01 69 7F 94 17 F0 FF 01 E5 14 EB C2 00 FB E5 DE 70 01 FF 2F 01 BC C1 00 AB 78 01 04 00 33 00 00 08 00 00 00 17 10 00 12 30 00 09 05 35 33 20 00 00 12 74 72 39 01 00 00 56 00 09 01 0B 00 2F 00 00 00 00 00 01 30 42 0F 41 02 7E D5 29 00 00 E2 C9 00 40 21 00 00 44 88 00 04 32 00 C0 A3 02 00 00 08 70 91 0B 2E 10 94 00 00 8A 00 57 10 94 0A 00 04 00 30 0C 01 03 01 02 03 04 02 01 04 01 03 02 01 03 02 03 06 01 02 01 01 03 02 01 01 02 01 04 02 01 01 01 03 01 02 01 02 01 01 01 02 01 02 02 04 02 03 04 05 01 05 01 04 02 02 05 02 02 01 01 01 02 03 01 01 02 01 04 02 01 01 01 02 05 01 02 05 03 01 03 01 01 05 09 02 02 D3 71 E5 82 00 00 00 00 00 00 00 00 00 00 00 00 00 00 00 00 00 00 00 00 00 00 00 00 00 00 00 00 00 00 00 00 00 00 00 00 00 00 00 00 00 00 00 00 00 00 00 00 00 00 00 00 00 00 00 00 00 00 00 00 00 00 00 00 00 00 00 00 00 65 92 C6 2F 7E
[426696][00:28:40.756]7E FF 02 FF B3 B9 0A 9D 81 05 05 00 1E 2B 59 F0 00 3A 01 54 00 01 00 01 69 7F 94 05 40 14 01 D6 12 40 E0 00 40 22 D3 D0 02 01 00 04 97 09 00 1C 30 DF 00 00 33 00 00 03 00 00 00 F2 00 2D 10 00 00 00 00 00 00 00 00 2D 00 00 0A B4 00 00 00 00 AD 00 00 50 25 50 10 00 00 00 00 00 00 00 00 00 00 00 00 00 00 00 00 00 00 00 00 A4 C9 68 2B 7E
[426697][00:28:40.831]7E FF 02 FF B4 B9 39 9D 81 05 D1 03 E8 77 6B F0 00 38 00 14 01 01 00 01 69 7F 94 49 F0 FF 01 E5 14 EB C2 00 AE E5 92 90 04 FF 2F 01 6E B2 00 A9 70 01 04 00 33 00 00 08 00 00 00 49 40 13 32 30 00 09 03 55 07 20 00 00 12 74 72 39 1C 00 00 54 00 06 01 0C 00 2F 00 00 00 00 00 34 31 40 04 82 02 0A 44 01 00 00 60 C8 00 41 69 01 00 44 88 00 04 3E 00 54 83 62 42 02 A9 32 31 5E 66 02 04 40 04 82 00 55 10 84 1A 00 04 00 30 0C 01 03 01 02 04 02 01 01 04 01 01 01 01 01 01 01 01 02 03 03 01 01 02 01 03 01 02 01 02 01 02 01 02 02 03 01 03 02 01 01 02 02 02 02 03 01 02 01 01 03 02 02 02 03 03 02 02 02 01 02 03 02 01 04 01 02 02 01 02 01 02 03 03 05 02 02 01 01 01 01 02 01 02 01 78 5E 93 41 00 00 00 00 00 00 00 00 00 00 00 00 00 00 00 00 00 00 00 00 00 00 00 00 00 00 00 00 00 00 00 00 00 00 00 00 00 00 00 00 00 00 00 00 00 00 00 00 00 00 00 00 00 00 00 00 00 00 00 00 00 00 00 00 00 00 00 00 00 00 00 C9 87 80 04 7E
[426698][00:28:40.846]7E FF 02 FF B5 B9 77 9D 81 05 2B 01 A4 E1 82 F0 00 38 00 10 00 01 00 02 69 7F 94 10 D8 40 13 01 FF 00 00 00 B7 FB 35 8E 7E E0 D6 7E
[426699][00:28:40.876]7E FF 02 FF B6 B9 89 9D 81 05 F1 01 65 C5 88 F0 01 23 0D 10 00 01 00 02 69 7F 94 00 01 80 0D 00 A9 00 00 00 CD CD 06 6F 64 43 96 7E
[426700][00:28:40.907]7E FF 02 FF B7 B9 8F 9D 81 05 5E 01 89 05 8C F0 00 3A 01 14 01 01 00 01 69 7F 94 20 F0 FF 01 E5 14 EB C2 00 CB E5 32 00 02 FF 2F 01 A8 94 00 83 70 01 04 00 33 00 00 08 00 00 00 20 40 14 41 30 00 09 04 22 19 20 00 00 12 74 72 39 0C 00 43 2E 00 08 01 0A 00 2F 00 00 00 00 00 44 31 20 0E C1 02 6E 90 29 00 00 00 00 00 00 01 00 00 00 08 00 04 00 00 40 01 02 40 00 05 70 11 01 68 10 90 00 00 00 00 02 10 14 00 00 00 00 10 0C 05 04 03 05 03 05 03 03 03 04 02 05 05 01 05 03 03 02 02 01 02 02 02 04 01 01 01 01 01 01 01 01 02 02 01 01 01 02 01 01 01 01 06 01 01 01 20 52 BE 48 00 00 00 00 00 00 00 00 00 00 00 00 00 00 00 00 00 00 00 00 00 00 00 00 00 00 00 00 00 00 00 00 00 00 00 00 00 00 00 00 00 00 00 00 00 00 00 00 00 00 00 00 00 00 00 00 00 00 00 00 00 00 00 00 00 00 00 00 00 00 00 00 00 00 00 00 00 00 00 00 00 00 00 00 00 00 00 00 00 00 00 00 00 00 00 00 00 00 00 00 00 00 00 00 00 00 00 00 00 54 09 88 C0 7E
[426701][00:28:40.922]7E FF 02 FF B8 B9 A3 9D 81 05 47 00 37 86 92 F0 01 23 0D 10 00 01 00 02 69 7F 94 00 01 80 0D 00 A8 00 00 00 DC 8D 82 98 EA DB 63 7E
[426702][00:28:41.192]7E FF 02 FF BC B9 AB 9E 81 05 AE 02 F5 7E F8 F0 00 34 00 14 01 01 00 01 69 7F 94 05 F0 FF 01 E5 14 EB C2 00 EA E5 72 50 00 FF 2F 01 9D E0 00 8C 78 01 04 00 33 00 00 08 00 00 00 05 40 14 42 30 00 09 05 35 40 20 00 00 12 74 72 39 1C 23 32 37 00 0A 01 0F 00 2F 00 00 00 00 00 44 31 02 0F C1 02 6F 98 29 00 00 80 48 00 00 01 00 00 80 08 00 04 22 00 40 20 02 42 00 04 30 11 02 68 00 94 00 00 08 00 26 00 14 00 00 00 00 20 08 01 01 05 01 04 01 04 01 03 04 02 03 02 04 03 01 03 04 03 04 01 01 02 01 01 01 02 01 02 01 02 02 04 01 01 02 01 01 01 01 02 02 02 01 01 02 02 01 01 02 01 01 05 01 02 6D 8F BA ED 00 00 00 00 00 00 00 00 00 00 00 00 00 00 00 00 00 00 00 00 00 00 00 00 00 00 00 00 00 00 00 00 00 00 00 00 00 00 00 00 00 00 00 00 00 00 00 00 00 00 00 00 00 00 00 00 00 00 00 00 00 00 00 00 00 00 00 00 00 00 00 00 00 00 00 00 00 00 00 00 00 00 00 00 00 00 00 00 00 00 00 00 00 00 00 00 00 00 00 00 5C 93 12 7D 7E
[426703][00:28:41.207]7E FF 02 FF BD B9 D1 9E 81 05 84 00 D4 CB 06 F1 00 34 00 10 00 01 00 02 69 7F 94 10 05 40 14 01 1F 00 00 00 0C 0A 86 33 02 0D 26 7E
[426704][00:28:41.254]7E FF 02 FF BF B9 FA 9E 81 05 5A 02 45 9E 16 F1 00 3A 01 10 00 01 00 03 69 7F 94 BA 07 A5 16 00 00 00 10 02 C1 93 0F B6 DC 34 C9 7E
[426705][00:28:41.269]7E FF 02 FF C0 B9 17 9F 81 05 2B 00 CB 77 21 F1 00 3A 01 10 00 01 00 02 69 7F 94 01 D8 E0 02 01 03 00 00 00 08 DD 27 42 3C AC 26 7E
[426706][00:28:41.301]7E FF 02 FF C1 B9 3D 9F 81 05 4E 00 97 FA 2F F1 00 3A 01 10 00 01 00 02 69 7F 94 01 D8 E0 02 01 02 00 00 00 19 9D A3 70 4E 6A 22 7E
[426707][00:28:41.332]7E FF 02 FF C3 B9 50 9F 81 05 72 03 B8 87 37 F1 00 37 00 10 00 01 00 02 69 7F 94 01 D8 E0 02 01 02 00 00 00 19 9D A3 80 93 4B 31 7E
[426708][00:28:41.602]7E FF 02 FF C6 B9 3D A0 81 05 5E 00 D3 05 90 F1 01 23 0F 94 00 01 00 01 69 7F 94 01 80 0D 03 E8 30 00 10 00 8F A5 14 10 00 26 00 03 60 BA 30 3F 88 FF 00 00 33 00 00 11 03 00 00 01 02 33 03 66 20 28 0A FE FE FE FE 68 2D 00 43 05 35 39 05 09 00 30 10 6B 40 10 00 09 05 02 20 01 40 00 02 00 00 01 10 F0 D5 56 98 83 8E 08 15 8F 01 3B 87 D4 9A 8C D7 17 BF 16 80 52 57 9B 00 00 00 00 00 00 00 00 00 00 00 00 00 00 00 00 00 00 00 00 00 00 00 00 00 00 00 00 00 00 00 00 00 00 00 00 00 00 00 00 00 00 00 00 00 00 00 00 00 D2 15 F4 D5 7E
[426709][00:28:41.617]7E FF 02 FF C7 B9 63 A0 81 05 26 02 04 4A A0 F1 00 3A 00 94 00 01 00 01 69 7F 94 D8 40 13 03 24 14 79 44 00 5C 29 EC 10 00 26 00 03 60 BA 30 3F 88 EF 00 00 33 00 00 11 03 00 00 01 02 33 03 66 20 28 0A FE FE FE FE 68 2D 00 43 05 35 39 05 09 00 30 10 6B 40 10 00 09 05 02 20 01 40 00 02 00 00 01 10 F0 D5 56 98 83 8E 08 15 8F 01 3B 87 D4 9A 8C D7 17 BF 16 80 52 57 9B 00 00 00 00 00 00 00 00 00 00 00 00 00 00 00 00 00 00 00 00 00 00 00 00 00 00 00 00 00 00 00 00 00 00 00 00 00 00 00 00 00 00 00 00 00 00 00 00 00 0B 6B 15 74 7E
[426710][00:28:41.931]7E FF 02 FF C9 B9 AB A1 81 05 33 03 74 7D 1C F2 01 22 0D 10 00 01 00 02 69 7F 94 00 01 80 0D 00 A9 01 00 00 CC DD C2 3E 6C 67 BA 7E
[426711][00:28:41.992]7E FF 02 FF CA B9 D5 A1 81 05 5D 01 DC C1 2B F2 01 22 10 94 00 01 00 01 69 7F 94 01 80 0D 03 E8 30 00 10 00 8F A5 14 10 00 DE 00 03 62 BA 30 3F 88 FF 00 00 33 00 00 11 03 00 00 01 02 33 03 62 20 28 0A FE FE FE FE 68 2D 00 43 05 97 36 05 09 00 30 10 C7 AF 10 00 09 05 02 1D 01 40 00 02 00 00 01 10 F0 D5 56 98 83 8E 08 15 8F 01 3B 87 D4 9A 8C D7 88 41 16 1C 39 A7 52 00 00 00 00 00 00 00 00 00 00 00 00 00 00 00 00 00 00 00 00 00 00 00 00 00 00 00 00 00 00 00 00 00 00 00 00 00 00 00 00 00 00 00 00 00 00 00 00 00 4D A8 9F 00 7E
[426712][00:28:42.007]7E FF 02 FF CB B9 E7 A1 81 05 A1 02 BD 57 34 F2 00 39 00 94 00 01 00 01 69 7F 94 D8 40 13 03 EF 12 3D 60 00 42 09 3B 10 00 DE 00 03 62 BA 30 3F 88 EF 00 00 33 00 00 11 03 00 00 01 02 33 03 62 20 28 0A FE FE FE FE 68 2D 00 43 05 97 36 05 09 00 30 10 C7 AF 10 00 09 05 02 1D 01 40 00 02 00 00 01 10 F0 D5 56 98 83 8E 08 15 8F 01 3B 87 D4 9A 8C D7 88 41 16 1C 39 A7 52 00 00 00 00 00 00 00 00 00 00 00 00 00 00 00 00 00 00 00 00 00 00 00 00 00 00 00 00 00 00 00 00 00 00 00 00 00 00 00 00 00 00 00 00 00 00 00 00 00 2B FD 94 22 7E
[426713][00:28:42.067]7E FF 02 FF CC B9 1B A2 81 05 47 01 72 0E 48 F2 00 FD 03 94 00 01 00 01 69 7F 94 01 70 01 03 DC 13 79 40 00 55 B1 53 10 00 58 01 03 61 BA 30 3F 88 FF 00 00 33 00 00 11 03 00 00 01 02 33 03 67 20 28 0A FE FE FE FE 68 2D 00 43 05 37 39 05 09 00 30 10 D0 77 10 00 09 05 02 21 01 40 00 02 00 00 01 10 F0 D5 56 98 83 8E 08 15 8F 01 3B 87 D4 9A 8C D7 6C BB 16 98 B7 A7 0F 00 00 00 00 00 00 00 00 00 00 00 00 00 00 00 00 00 00 00 00 00 00 00 00 00 00 00 00 00 00 00 00 00 00 00 00 00 00 00 00 00 00 00 00 00 00 00 00 00 FE E4 FC 74 7E
[426714][00:28:42.112]7E FF 02 FF CD B9 5B A2 81 05 99 01 A2 85 60 F2 00 FD 03 10 00 01 00 02 69 7F 94 10 05 40 14 01 1A 00 00 00 5C 4A 87 D9 81 60 CC 7E
[426715][00:28:42.143]7E FF 02 FF CE B9 74 A2 81 05 98 00 DC EE 69 F2 00 39 00 94 00 01 00 01 69 7F 94 17 10 00 01 FC 13 79 40 00 A8 E4 54 70 01 01 00 04 BD C1 00 4A 78 EF 04 00 33 00 00 07 00 00 00 17 00 53 00 AD 00 3E 00 62 4F C3 02 7F FD 2D 00 40 E2 C9 20 40 69 01 00 C7 88 00 04 BE D1 D6 E3 6A D6 02 2D 72 B7 7F 7E 1A 96 D6 04 9B 00 77 18 94 1A 00 05 00 30 2C 00 00 00 00 00 00 00 00 00 04 00 00 00 00 01 B1 B2 AF D2 00 00 00 00 00 00 00 00 00 00 00 00 00 00 00 00 00 00 00 00 00 00 00 00 00 00 00 00 00 00 00 00 00 00 00 00 00 00 4B D6 E5 31 7E
[426716][00:28:42.189]7E FF 02 FF CF B9 93 A2 81 05 5D 02 ED 55 74 F2 01 22 10 94 00 01 00 01 69 7F 94 01 80 0D 03 E8 30 00 10 00 8F A5 14 10 00 6A 00 03 63 BA 30 3F 88 FF 00 00 33 00 00 11 03 00 00 01 02 33 03 61 20 28 0A FE FE FE FE 68 2D 00 43 05 96 36 05 09 00 30 10 12 30 10 00 09 05 02 1C 01 40 00 02 00 00 01 10 F0 D5 56 98 83 8E 08 15 8F 01 3B 87 D4 9A 8C D7 F3 45 16 34 02 5B 85 00 00 00 00 00 00 00 00 00 00 00 00 00 00 00 00 00 00 00 00 00 00 00 00 00 00 00 00 00 00 00 00 00 00 00 00 00 00 00 00 00 00 00 00 00 00 00 00 00 0C 27 17 E9 7E
[426717][00:28:42.205]7E FF 02 FF D0 B9 A3 A2 81 05 21 00 91 CF 7B F2 00 3A 00 94 00 01 00 01 69 7F 94 17 10 00 01 FC 13 79 44 00 B9 E6 D0 70 01 01 00 04 BD C1 00 4A 78 EF 04 00 33 00 00 07 00 00 00 17 00 53 00 AD 00 3E 00 62 4F C3 02 7F FD 2D 00 40 E2 C9 20 40 69 01 00 C7 88 00 04 BE D1 D6 E3 6A D6 02 2D 72 B7 7F 7E 1A 96 D6 04 9B 00 77 18 94 1A 00 05 00 30 2C 00 00 00 00 00 00 00 00 00 04 00 00 00 00 01 B1 B2 AF D2 00 00 00 00 00 00 00 00 00 00 00 00 00 00 00 00 00 00 00 00 00 00 00 00 00 00 00 00 00 00 00 00 00 00 00 00 00 00 97 95 5D 3B 7E
[426718][00:28:42.205]7E FF 02 FF D1 B9 AA A2 81 05 83 03 4E D7 7E F2 00 3A 00 10 00 01 00 02 69 7F 94 10 01 70 01 01 01 00 00 00 A1 13 B6 A7 F6 D6 D9 7E
[426719][00:28:42.280]7E FF 02 FF D2 B9 E2 A2 81 05 D4 02 02 1C 94 F2 00 37 00 14 01 01 00 01 69 7F 94 20 F0 FF 01 E5 14 EB C2 00 CB E5 32 00 02 FF 2F 01 A9 94 00 83 70 01 04 00 33 00 00 08 00 00 00 20 40 14 41 30 00 09 04 22 19 20 00 00 12 74 72 39 0F 00 43 2E 00 08 01 09 00 2F 00 00 00 00 00 44 31 20 0E C1 02 6E 90 29 00 00 00 00 00 00 01 00 00 00 08 00 04 00 00 40 01 02 40 00 05 70 11 01 68 10 90 00 00 00 00 02 10 14 00 00 00 00 10 0C 05 04 03 05 03 05 03 03 03 04 02 05 05 01 05 03 03 02 02 01 02 02 02 04 01 01 01 01 01 01 01 01 02 02 01 01 01 02 01 01 01 01 06 01 01 01 E2 4A 2B 53 00 00 00 00 00 00 00 00 00 00 00 00 00 00 00 00 00 00 00 00 00 00 00 00 00 00 00 00 00 00 00 00 00 00 00 00 00 00 00 00 00 00 00 00 00 00 00 00 00 00 00 00 00 00 00 00 00 00 00 00 00 00 00 00 00 00 00 00 00 00 00 00 00 00 00 00 00 00 00 00 00 00 00 00 00 00 00 00 00 00 00 00 00 00 00 00 00 00 00 00 00 00 00 00 00 00 00 00 00 4A B3 9C 6E 7E
[426720][00:28:42.295]7E FF 02 FF D3 B9 1A A3 81 05 67 01 98 5D A9 F2 00 37 00 10 00 01 00 02 69 7F 94 10 D8 40 13 01 00 00 00 00 47 34 0A 6C F4 AD 23 7E
[426721][00:28:42.326]7E FF 02 FF D5 B9 35 A3 81 05 96 03 E4 DE B3 F2 00 35 00 10 00 01 00 02 69 7F 94 10 17 80 15 01 1E 00 00 00 3E 94 F7 C8 33 21 13 7E
[426722][00:28:42.372]7E FF 02 FF D6 B9 3B A3 81 05 00 01 E9 E1 B5 F2 00 34 00 14 01 01 00 01 69 7F 94 17 F0 FF 01 E5 14 EB C2 00 FB E5 DE 70 01 FF 2F 01 BE C1 00 AB 78 01 04 00 33 00 00 08 00 00 00 17 10 00 12 30 00 09 05 35 33 20 00 00 12 74 72 39 FA 00 00 56 00 09 01 09 00 2F 00 00 00 00 00 01 30 42 0F 41 02 7E D5 29 00 00 E2 C9 00 40 21 00 00 44 88 00 04 32 00 C0 A3 02 00 00 08 70 91 0B 2E 10 94 00 00 8A 00 57 10 94 0A 00 04 00 30 0C 01 03 01 02 03 04 02 01 04 01 03 02 01 03 02 03 06 01 02 01 01 03 02 01 01 02 01 04 02 01 01 01 03 01 02 01 02 01 01 01 02 01 02 02 04 02 03 04 05 01 05 01 04 02 02 05 02 02 01 01 01 02 03 01 01 02 01 04 02 01 01 01 02 05 01 02 05 03 01 03 01 01 05 09 02 02 D6 7F F0 A2 00 00 00 00 00 00 00 00 00 00 00 00 00 00 00 00 00 00 00 00 00 00 00 00 00 00 00 00 00 00 00 00 00 00 00 00 00 00 00 00 00 00 00 00 00 00 00 00 00 00 00 00 00 00 00 00 00 00 00 00 00 00 00 00 00 00 00 00 00 58 04 2C 62 7E
[426723][00:28:42.387]7E FF 02 FF D7 B9 57 A3 81 05 14 00 DD 78 C0 F2 00 37 00 94 00 01 00 01 69 7F 94 17 10 00 03 FC 13 79 40 00 29 F4 92 80 15 01 00 0A FD 23 30 3A 78 DF 04 00 33 00 00 11 03 00 00 01 02 E3 02 67 20 01 00 68 2C 00 C3 05 37 39 05 09 00 30 10 96 E6 90 00 13 85 02 21 01 40 00 02 00 01 1C 07 EA 06 1E 00 1D 25 00 00 01 00 04 3A EF 04 C8 DD DE 16 C3 E3 2C 93 00 00 00 00 00 00 00 00 00 00 00 00 00 00 00 00 00 00 00 00 00 00 00 00 00 00 00 00 00 00 00 00 00 00 00 00 00 00 00 00 00 00 00 00 00 00 00 00 00 00 00 00 00 00 D6 C7 F2 01 7E
[426724][00:28:42.387]7E FF 02 FF D8 B9 5E A3 81 05 95 03 1D 83 C3 F2 00 37 00 10 00 01 00 02 69 7F 94 10 01 70 01 01 01 00 00 00 A1 13 B6 B6 FA 05 40 7E
[426725][00:28:42.402]7E FF 02 FF D9 B9 75 A3 81 05 9F 01 1F 12 CC F2 00 39 00 94 00 01 00 01 69 7F 94 17 10 00 03 FC 13 79 44 00 38 F6 16 80 15 01 00 0A FD 23 30 3A 78 DF 04 00 33 00 00 11 03 00 00 01 02 E3 02 67 20 01 00 68 2C 00 C3 05 37 39 05 09 00 30 10 96 E6 90 00 13 85 02 21 01 40 00 02 00 01 1C 07 EA 06 1E 00 1D 25 00 00 01 00 04 3A EF 04 C8 DD DE 16 C3 E3 2C 93 00 00 00 00 00 00 00 00 00 00 00 00 00 00 00 00 00 00 00 00 00 00 00 00 00 00 00 00 00 00 00 00 00 00 00 00 00 00 00 00 00 00 00 00 00 00 00 00 00 00 00 00 00 00 3B EE AC 17 7E
[426726][00:28:42.418]7E FF 02 FF DA B9 7D A3 81 05 AF 01 72 26 CF F2 00 39 00 10 00 01 00 02 69 7F 94 10 01 70 01 01 01 00 00 00 A1 13 B6 77 B2 64 C9 7E
[426727][00:28:42.448]7E FF 02 FF DB B9 98 A3 81 05 42 00 D1 4A D9 F2 00 36 01 94 00 01 00 01 69 7F 94 17 10 00 03 FC 13 79 44 00 38 F6 16 80 15 01 00 0A FD 23 30 3A 78 DF 04 00 33 00 00 11 03 00 00 01 02 E3 02 67 20 01 00 68 2C 00 C3 05 37 39 05 09 00 30 10 96 E6 90 00 13 85 02 21 01 40 00 02 00 01 1C 07 EA 06 1E 00 1D 25 00 00 01 00 04 3A EF 04 C8 DD DE 16 C3 E3 2C 93 00 00 00 00 00 00 00 00 00 00 00 00 00 00 00 00 00 00 00 00 00 00 00 00 00 00 00 00 00 00 00 00 00 00 00 00 00 00 00 00 00 00 00 00 00 00 00 00 00 00 00 00 00 00 A9 AB D6 C2 7E
[426728][00:28:42.448]7E FF 02 FF DC B9 9F A3 81 05 E3 03 8B 55 DC F2 00 36 01 10 00 01 00 02 69 7F 94 10 01 70 01 01 01 00 00 00 A1 13 B6 FD C7 E0 4E 7E
[426729][00:28:42.492]7E FF 02 FF DD B9 DC A3 81 05 AF 03 7A 97 F3 F2 00 36 01 10 00 01 00 02 69 7F 94 10 17 80 15 01 1F 00 00 00 2F D4 73 0B 84 34 2C 7E
[426730][00:28:42.552]7E FF 02 FF DE B9 F1 A3 81 05 D6 01 7B 64 FB F2 00 3C 00 14 01 01 00 01 69 7F 94 23 F0 FF 01 E5 14 EB C2 00 C8 E5 02 30 02 FF 2F 01 BA 70 00 83 70 01 04 00 33 00 00 08 00 00 00 23 70 01 21 30 00 09 04 28 27 20 00 00 12 74 72 39 1B 16 16 2E 00 02 01 09 00 2F 00 00 00 00 00 17 30 60 0E C1 02 67 94 29 00 00 00 49 00 00 00 00 00 04 08 00 04 02 00 40 A0 02 00 00 00 70 91 00 60 00 00 00 00 00 00 14 00 14 00 00 00 00 30 08 02 02 01 02 02 01 02 02 04 03 04 02 02 03 01 01 02 03 03 02 02 01 01 01 02 03 01 01 02 02 02 01 01 03 01 01 03 02 01 02 01 02 02 02 02 01 28 8E 27 3B 00 00 00 00 00 00 00 00 00 00 00 00 00 00 00 00 00 00 00 00 00 00 00 00 00 00 00 00 00 00 00 00 00 00 00 00 00 00 00 00 00 00 00 00 00 00 00 00 00 00 00 00 00 00 00 00 00 00 00 00 00 00 00 00 00 00 00 00 00 00 00 00 00 00 00 00 00 00 00 00 00 00 00 00 00 00 00 00 00 00 00 00 00 00 00 00 00 00 00 00 00 00 00 00 00 00 00 00 00 45 D2 DD 2A 7E
[426731][00:28:42.582]7E FF 02 FF DF B9 23 A4 81 05 8F 00 07 BA 0C F3 01 22 10 94 00 01 00 01 69 7F 94 01 80 0D 03 E8 30 00 10 00 8F A5 14 10 00 44 01 03 64 BA 30 3F 88 FF 00 00 33 00 00 11 03 00 00 01 02 33 03 68 20 28 0A FE FE FE FE 68 2D 00 43 05 38 39 05 09 00 30 10 24 6E 10 00 09 05 02 22 01 40 00 02 00 00 01 10 F0 D5 56 98 83 8E 08 15 8F 01 3B 87 D4 9A 8C D7 E1 B7 16 83 31 88 E5 00 00 00 00 00 00 00 00 00 00 00 00 00 00 00 00 00 00 00 00 00 00 00 00 00 00 00 00 00 00 00 00 00 00 00 00 00 00 00 00 00 00 00 00 00 00 00 00 00 A3 FF 51 2A 7E
[426732][00:28:42.597]7E FF 02 FF E0 B9 35 A4 81 05 9C 02 53 68 15 F3 00 37 00 94 00 01 00 01 69 7F 94 D8 40 13 03 EF 12 3D 60 00 42 09 3B 10 00 44 01 03 64 BA 30 3F 88 EF 00 00 33 00 00 11 03 00 00 01 02 33 03 68 20 28 0A FE FE FE FE 68 2D 00 43 05 38 39 05 09 00 30 10 24 6E 10 00 09 05 02 22 01 40 00 02 00 00 01 10 F0 D5 56 98 83 8E 08 15 8F 01 3B 87 D4 9A 8C D7 E1 B7 16 83 31 88 E5 00 00 00 00 00 00 00 00 00 00 00 00 00 00 00 00 00 00 00 00 00 00 00 00 00 00 00 00 00 00 00 00 00 00 00 00 00 00 00 00 00 00 00 00 00 00 00 00 00 BB 13 83 04 7E
[426733][00:28:42.657]7E FF 02 FF E2 B9 76 A4 81 05 A4 01 AF 21 2E F3 00 36 00 10 00 01 00 02 69 7F 94 10 D8 40 13 01 0F 00 00 00 B7 F4 09 12 E4 88 D8 7E
[426734][00:28:42.703]7E FF 02 FF E3 B9 9D A4 81 05 33 03 DD 23 3D F3 00 36 00 94 00 01 00 01 69 7F 94 05 40 14 01 FC 13 79 40 00 4F 2A 36 50 00 44 01 04 9F E0 00 4A 78 EF 04 00 33 00 00 07 00 00 00 05 00 05 00 8B 00 3E 00 62 4F C3 02 7F FC 2D 00 40 E2 C9 20 40 09 01 00 C7 88 00 04 3A 80 D4 E3 22 42 00 2D 72 B3 03 6E 1A 96 40 00 9B 00 76 10 94 0A 00 01 00 30 2C 00 00 00 00 00 00 00 00 00 04 00 00 00 00 01 3E 36 61 7E 00 00 00 00 00 00 00 00 00 00 00 00 00 00 00 00 00 00 00 00 00 00 00 00 00 00 00 00 00 00 00 00 00 00 00 00 00 00 57 A5 C6 EE 7E
[426735][00:28:42.912]7E FF 02 FF E4 B9 72 A5 81 05 30 02 14 4E 8E F3 00 39 00 94 00 01 00 01 69 7F 94 34 81 0D 01 FC 13 79 44 00 40 C8 84 40 13 D8 00 04 69 04 00 4B 70 EF 04 00 33 00 00 07 00 00 00 34 01 F2 00 BB 00 3F 00 6E 4F C3 0A 7F FD 2D 00 40 F2 E9 30 C9 6D 01 40 FF 88 00 04 BE D9 D6 EB 6E D7 3A ED FE FF 7F FF 1A 97 D6 44 DF EE FF 78 F4 9B C1 15 00 39 2C 00 00 00 00 00 00 00 00 00 04 00 00 00 00 01 40 27 11 7E 4D 00 00 00 00 00 00 00 00 00 00 00 00 00 00 00 00 00 00 00 00 00 00 00 00 00 00 00 00 00 00 00 00 00 00 00 00 00 0C 67 37 D7 7E
[426736][00:28:42.912]7E FF 02 FF E5 B9 7A A5 81 05 8B 01 8B 4D 91 F3 00 39 00 10 00 01 00 02 69 7F 94 10 D8 40 13 01 00 00 00 00 47 34 0A 6B 54 2D 4E 7E
[426737][00:28:43.003]7E FF 02 FF E6 B9 D7 A5 81 05 94 03 EA FA B4 F3 00 39 00 10 00 01 00 02 69 7F 94 10 17 C0 13 01 05 00 00 00 1F 26 BB D2 7D E9 FE 7E
[426738][00:28:43.063]7E FF 02 FF E7 B9 03 A6 81 05 25 02 D6 01 C4 F3 01 22 10 94 00 01 00 01 69 7F 94 01 80 0D 03 E8 30 00 10 00 8F A5 14 10 00 66 00 03 65 BA 30 3F 88 FF 00 00 33 00 00 11 03 00 00 01 02 33 03 69 20 28 0A FE FE FE FE 68 2D 00 43 05 41 39 05 09 00 30 10 51 3E 10 00 09 05 02 23 01 40 00 02 00 00 01 10 F0 D5 56 98 83 8E 08 15 8F 01 3B 87 D4 9A 8C D7 9A B3 16 9D 73 2B EB 00 00 00 00 00 00 00 00 00 00 00 00 00 00 00 00 00 00 00 00 00 00 00 00 00 00 00 00 00 00 00 00 00 00 00 00 00 00 00 00 00 00 00 00 00 00 00 00 00 64 B0 05 4C 7E
[426739][00:28:43.078]7E FF 02 FF E8 B9 16 A6 81 05 02 00 C2 A3 CC F3 00 36 00 94 00 01 00 01 69 7F 94 D8 40 13 03 EF 12 3D 60 00 42 09 3B 10 00 66 00 03 65 BA 30 3F 88 EF 00 00 33 00 00 11 03 00 00 01 02 33 03 69 20 28 0A FE FE FE FE 68 2D 00 43 05 41 39 05 09 00 30 10 51 3E 10 00 09 05 02 23 01 40 00 02 00 00 01 10 F0 D5 56 98 83 8E 08 15 8F 01 3B 87 D4 9A 8C D7 9A B3 16 9D 73 2B EB 00 00 00 00 00 00 00 00 00 00 00 00 00 00 00 00 00 00 00 00 00 00 00 00 00 00 00 00 00 00 00 00 00 00 00 00 00 00 00 00 00 00 00 00 00 00 00 00 00 AD 91 91 1C 7E
[426740][00:28:43.093]7E FF 02 FF E9 B9 21 A6 81 05 2E 00 5F DC D0 F3 00 36 00 94 00 01 00 01 69 7F 94 D8 40 13 03 24 14 79 44 00 5C 29 EC 10 00 66 00 03 65 BA 30 3F 88 EF 00 00 33 00 00 11 03 00 00 01 02 33 03 69 20 28 0A FE FE FE FE 68 2D 00 43 05 41 39 05 09 00 30 10 51 3E 10 00 09 05 02 23 01 40 00 02 00 00 01 10 F0 D5 56 98 83 8E 08 15 8F 01 3B 87 D4 9A 8C D7 9A B3 16 9D 73 2B EB 00 00 00 00 00 00 00 00 00 00 00 00 00 00 00 00 00 00 00 00 00 00 00 00 00 00 00 00 00 00 00 00 00 00 00 00 00 00 00 00 00 00 00 00 00 00 00 00 00 6D 56 E8 AF 7E
[426741][00:28:43.108]7E FF 02 FF EA B9 2F A6 81 05 8A 02 51 6D D6 F3 00 36 00 94 00 01 00 01 69 7F 94 D8 40 13 03 24 14 79 44 00 5C 29 EC 10 00 66 00 03 65 BA 30 3F 88 EF 00 00 33 00 00 11 03 00 00 01 02 33 03 69 20 28 0A FE FE FE FE 68 2D 00 43 05 41 39 05 09 00 30 10 51 3E 10 00 09 05 02 23 01 40 00 02 00 00 01 10 F0 D5 56 98 83 8E 08 15 8F 01 3B 87 D4 9A 8C D7 9A B3 16 9D 73 2B EB 00 00 00 00 00 00 00 00 00 00 00 00 00 00 00 00 00 00 00 00 00 00 00 00 00 00 00 00 00 00 00 00 00 00 00 00 00 00 00 00 00 00 00 00 00 00 00 00 00 95 6B D0 EE 7E
[426742][00:28:43.168]7E FF 02 FF EB B9 88 A6 81 05 BE 01 20 52 F8 F3 00 36 00 10 00 01 00 03 69 7F 94 BA 07 18 0F 00 00 00 10 02 40 45 18 12 3E 2F ED 7E
[426743][00:28:43.212]7E FF 02 FF EC B9 99 A6 81 05 F6 02 64 E7 FE F3 00 39 00 94 00 01 00 01 69 7F 94 05 40 14 01 FC 13 79 44 00 5E 28 B2 50 00 44 01 04 9F E0 00 4A 78 EF 04 00 33 00 00 07 00 00 00 05 00 05 00 8B 00 3E 00 62 4F C3 02 7F FC 2D 00 40 E2 C9 20 40 09 01 00 C7 88 00 04 3A 80 D4 E3 22 42 00 2D 72 B3 03 6E 1A 96 40 00 9B 00 76 10 94 0A 00 01 00 30 2C 00 00 00 00 00 00 00 00 00 04 00 00 00 00 01 3E 36 61 7E 00 00 00 00 00 00 00 00 00 00 00 00 00 00 00 00 00 00 00 00 00 00 00 00 00 00 00 00 00 00 00 00 00 00 00 00 00 00 32 EB 18 F8 7E
[426744][00:28:43.258]7E FF 02 FF ED B9 E0 A6 81 05 7C 02 B1 F8 19 F4 00 39 00 10 00 01 00 02 69 7F 94 10 D8 40 13 01 02 00 00 00 66 B4 8E EE 55 F0 9B 7E
[426745][00:28:43.289]7E FF 02 FF EE B9 F2 A6 81 05 65 03 FA DF 1F F4 01 22 0C 10 00 01 00 02 69 7F 94 00 01 80 0D 00 A9 00 00 00 CD CD 06 78 BA 5C 52 7E
[426746][00:28:43.334]7E FF 02 FF EF B9 17 A7 81 05 C6 02 6E F2 2E F4 00 37 00 94 00 01 00 01 69 7F 94 05 40 14 01 FC 13 79 44 00 5E 28 B2 50 00 44 01 04 9F E0 00 4A 78 EF 04 00 33 00 00 07 00 00 00 05 00 05 00 8B 00 3E 00 62 4F C3 02 7F FC 2D 00 40 E2 C9 20 40 09 01 00 C7 88 00 04 3A 80 D4 E3 22 42 00 2D 72 B3 03 6E 1A 96 40 00 9B 00 76 10 94 0A 00 01 00 30 2C 00 00 00 00 00 00 00 00 00 04 00 00 00 00 01 3E 36 61 7E 00 00 00 00 00 00 00 00 00 00 00 00 00 00 00 00 00 00 00 00 00 00 00 00 00 00 00 00 00 00 00 00 00 00 00 00 00 00 34 78 AD 78 7E
[426747][00:28:43.394]7E FF 02 FF F0 B9 42 A7 81 05 DD 03 9E 74 3F F4 00 37 00 14 01 01 00 01 69 7F 94 05 F0 FF 01 E5 14 EB C2 00 EA E5 72 50 00 FF 2F 01 A0 E0 00 8C 78 01 04 00 33 00 00 08 00 00 00 05 40 14 42 30 00 09 05 35 40 20 00 00 12 74 72 39 16 23 32 37 00 0A 01 0D 00 2F 00 00 00 00 00 44 31 02 0F C1 02 6F 98 29 00 00 80 48 00 00 01 00 00 80 08 00 04 22 00 40 20 02 42 00 04 30 11 02 68 00 94 00 00 08 00 26 00 14 00 00 00 00 20 08 01 01 05 01 04 01 04 01 03 04 02 03 02 04 03 01 03 04 03 04 01 01 02 01 01 01 02 01 02 01 02 02 04 01 01 02 01 01 01 01 02 02 02 01 01 02 02 01 01 02 01 01 05 01 02 7D FD BE B9 00 00 00 00 00 00 00 00 00 00 00 00 00 00 00 00 00 00 00 00 00 00 00 00 00 00 00 00 00 00 00 00 00 00 00 00 00 00 00 00 00 00 00 00 00 00 00 00 00 00 00 00 00 00 00 00 00 00 00 00 00 00 00 00 00 00 00 00 00 00 00 00 00 00 00 00 00 00 00 00 00 00 00 00 00 00 00 00 00 00 00 00 00 00 00 00 00 00 00 00 27 46 20 CD 7E
[426748][00:28:43.455]7E FF 02 FF F1 B9 A7 A7 81 05 46 01 09 B6 64 F4 01 22 0C 10 00 01 00 02 69 7F 94 00 01 80 0D 00 AA 00 00 00 FD 0D 06 25 B5 1D 75 7E
[426749][00:28:43.485]7E FF 02 FF F2 B9 A7 A7 81 05 88 00 DA AA 65 F4 00 39 00 94 00 01 00 01 69 7F 94 05 E0 0D 03 FC 13 79 40 00 A5 B7 C6 10 00 DE 00 03 62 BA 30 3F 88 BF 00 00 33 00 00 11 03 00 00 01 02 33 03 62 20 28 0A FE FE FE FE 68 2D 00 43 05 97 36 05 09 00 30 10 C7 AF 10 00 09 05 02 1D 01 40 00 02 00 00 01 10 F0 D5 56 98 83 8E 08 15 8F 01 3B 87 D4 9A 8C D7 88 41 16 1C 39 A7 52 00 00 00 00 00 00 00 00 00 00 00 00 00 00 00 00 00 00 00 00 00 00 00 00 00 00 00 00 00 00 00 00 00 00 00 00 00 00 00 00 00 00 00 00 00 00 00 00 00 85 F3 7F 88 7E
[426750][00:28:43.500]7E FF 02 FF F3 B9 C2 A7 81 05 16 00 56 ED 6F F4 00 39 00 94 00 01 00 01 69 7F 94 05 E0 0D 03 FC 13 79 44 00 B4 B5 42 10 00 DE 00 03 62 BA 30 3F 88 BF 00 00 33 00 00 11 03 00 00 01 02 33 03 62 20 28 0A FE FE FE FE 68 2D 00 43 05 97 36 05 09 00 30 10 C7 AF 10 00 09 05 02 1D 01 40 00 02 00 00 01 10 F0 D5 56 98 83 8E 08 15 8F 01 3B 87 D4 9A 8C D7 88 41 16 1C 39 A7 52 00 00 00 00 00 00 00 00 00 00 00 00 00 00 00 00 00 00 00 00 00 00 00 00 00 00 00 00 00 00 00 00 00 00 00 00 00 00 00 00 00 00 00 00 00 00 00 00 00 C0 A5 2C 96 7E
[426751][00:28:43.619]7E FF 02 FF F4 B9 E3 A7 81 05 33 00 37 B2 A2 F4 00 39 00 10 00 01 00 02 69 7F 94 01 D8 E0 02 01 04 00 00 00 79 1D A2 2D 49 CA 44 7E
[426752][00:28:43.665]7E FF 02 FF F5 B9 5B A8 81 05 6E 02 6A 83 AA F4 00 38 00 94 00 01 00 01 69 7F 94 05 E0 0D 03 FC 13 79 44 00 B4 B5 42 10 00 DE 00 03 62 BA 30 3F 88 BF 00 00 33 00 00 11 03 00 00 01 02 33 03 62 20 28 0A FE FE FE FE 68 2D 00 43 05 97 36 05 09 00 30 10 C7 AF 10 00 09 05 02 1D 01 40 00 02 00 00 01 10 F0 D5 56 98 83 8E 08 15 8F 01 3B 87 D4 9A 8C D7 88 41 16 1C 39 A7 52 00 00 00 00 00 00 00 00 00 00 00 00 00 00 00 00 00 00 00 00 00 00 00 00 00 00 00 00 00 00 00 00 00 00 00 00 00 00 00 00 00 00 00 00 00 00 00 00 00 06 9B 83 03 7E
[426753][00:28:43.994]7E FF 02 FF F6 B9 94 A9 81 05 6E 01 64 D2 21 F5 00 39 00 14 01 01 00 01 69 7F 94 20 F0 FF 01 E5 14 EB C2 00 CB E5 32 00 02 FF 2F 01 AA 94 00 83 70 01 04 00 33 00 00 08 00 00 00 20 40 14 41 30 00 09 04 22 19 20 00 00 12 74 72 39 16 17 3C 2E 00 08 01 07 00 2F 00 00 00 00 00 44 31 20 0E C1 02 6E 90 29 00 00 00 00 00 00 01 00 00 00 08 00 04 00 00 40 01 02 40 00 05 70 11 01 68 10 90 00 00 00 00 02 10 14 00 00 00 00 10 0C 05 04 03 05 03 05 03 03 03 04 02 05 05 01 05 03 03 02 02 01 02 02 02 04 01 01 01 01 01 01 01 01 02 02 01 01 01 02 01 01 01 01 06 01 01 01 7C BE B6 BB 00 00 00 00 00 00 00 00 00 00 00 00 00 00 00 00 00 00 00 00 00 00 00 00 00 00 00 00 00 00 00 00 00 00 00 00 00 00 00 00 00 00 00 00 00 00 00 00 00 00 00 00 00 00 00 00 00 00 00 00 00 00 00 00 00 00 00 00 00 00 00 00 00 00 00 00 00 00 00 00 00 00 00 00 00 00 00 00 00 00 00 00 00 00 00 00 00 00 00 00 00 00 00 00 00 00 00 00 00 C5 2F 0F ED 7E
[426754][00:28:44.144]7E FF 02 FF F7 B9 D5 A9 81 05 CF 00 75 19 5F F5 01 22 0F 94 00 01 00 01 69 7F 94 01 80 0D 03 E8 30 00 10 00 8F A5 14 10 00 C1 00 03 66 BA 30 3F 88 FF 00 00 33 00 00 11 03 00 00 01 02 33 03 6A 20 28 0A FE FE FE FE 68 2D 00 43 05 42 39 05 09 00 30 10 3F 96 10 00 09 05 02 24 01 40 00 02 00 00 01 10 F0 D5 56 98 83 8E 08 15 8F 01 3B 87 D4 9A 8C D7 FB AE 16 E5 20 54 38 00 00 00 00 00 00 00 00 00 00 00 00 00 00 00 00 00 00 00 00 00 00 00 00 00 00 00 00 00 00 00 00 00 00 00 00 00 00 00 00 00 00 00 00 00 00 00 00 00 F6 83 60 6F 7E
[426755][00:28:44.159]7E FF 02 FF F8 B9 43 AA 81 05 DE 00 6F 84 64 F5 00 38 00 94 00 01 00 01 69 7F 94 17 10 00 01 FC 13 79 40 00 A8 E4 54 70 01 01 00 04 BF C1 00 4A 78 EF 04 00 33 00 00 07 00 00 00 17 00 53 00 B1 00 3E 00 62 4F C3 02 7F FD 2D 00 40 E2 C9 20 40 69 01 00 C7 88 00 04 BE D1 D6 E3 6A D6 02 2D 72 B7 7F 7E 1A 96 D6 04 9B 00 77 18 94 1A 00 05 00 30 2C 00 00 00 00 00 00 00 00 00 04 00 00 00 00 01 C1 A6 1A 49 00 00 00 00 00 00 00 00 00 00 00 00 00 00 00 00 00 00 00 00 00 00 00 00 00 00 00 00 00 00 00 00 00 00 00 00 00 00 48 76 02 11 7E
[426756][00:28:44.159]7E FF 02 FF F9 B9 4B AA 81 05 98 00 BE 90 67 F5 00 38 00 10 00 01 00 02 69 7F 94 10 01 70 01 01 01 01 00 00 A0 03 72 33 E0 E2 AA 7E
[426757][00:28:44.190]7E FF 02 FF FA B9 71 AA 81 05 B2 00 5C 0C 76 F5 00 35 00 94 00 01 00 01 69 7F 94 05 40 14 01 FC 13 79 40 00 4F 2A 36 50 00 44 01 04 A1 E0 00 4A 78 EF 04 00 33 00 00 07 00 00 00 05 00 05 00 88 00 3E 00 62 0F C3 02 7F FC 2D 00 40 C2 C9 20 40 09 01 00 C5 88 00 04 3A 80 D4 E3 22 42 00 25 72 B3 0B 6E 1A 96 40 00 9B 00 76 10 94 0A 00 01 00 30 2C 00 00 00 00 00 00 00 00 00 04 00 00 00 00 01 12 7E A6 00 00 00 00 00 00 00 00 00 00 00 00 00 00 00 00 00 00 00 00 00 00 00 00 00 00 00 00 00 00 00 00 00 00 00 00 00 00 00 6A 89 75 07 7E
[426758][00:28:44.414]7E FF 02 FF FB B9 43 AB 81 05 00 02 FA B0 C4 F5 01 23 0F 94 00 01 00 01 69 7F 94 01 80 0D 03 E8 30 00 10 00 8F A5 14 10 00 32 00 03 67 BA 30 3F 88 FF 00 00 33 00 00 11 03 00 00 01 02 33 03 6B 20 28 0A FE FE FE FE 68 2D 00 43 05 43 39 05 09 00 30 10 EA 09 10 00 09 05 02 25 01 40 00 02 00 00 01 10 F0 D5 56 98 83 8E 08 15 8F 01 3B 87 D4 9A 8C D7 80 AA 16 ED 7D AF AB 00 00 00 00 00 00 00 00 00 00 00 00 00 00 00 00 00 00 00 00 00 00 00 00 00 00 00 00 00 00 00 00 00 00 00 00 00 00 00 00 00 00 00 00 00 00 00 00 00 A3 A9 D4 4B 7E
[426759][00:28:44.475]7E FF 02 FF FC B9 8B AB 81 05 53 02 93 C8 E1 F5 00 39 00 94 00 01 00 01 69 7F 94 05 40 14 01 FC 13 79 44 00 5E 28 B2 50 00 44 01 04 A1 E0 00 4A 78 EF 04 00 33 00 00 07 00 00 00 05 00 05 00 88 00 3E 00 62 0F C3 02 7F FC 2D 00 40 C2 C9 20 40 09 01 00 C5 88 00 04 3A 80 D4 E3 22 42 00 25 72 B3 0B 6E 1A 96 40 00 9B 00 76 10 94 0A 00 01 00 30 2C 00 00 00 00 00 00 00 00 00 04 00 00 00 00 01 12 7E A6 00 00 00 00 00 00 00 00 00 00 00 00 00 00 00 00 00 00 00 00 00 00 00 00 00 00 00 00 00 00 00 00 00 00 00 00 00 00 00 A2 5A 2E 30 7E
[426760][00:28:44.625]7E FF 02 FF FD B9 08 AC 81 05 25 03 71 8C 11 F6 00 38 01 14 01 01 00 01 69 7F 94 21 F0 FF 01 E5 14 EB C2 00 CB E5 A6 10 02 FF 2F 01 BC 6C 00 83 78 01 04 00 33 00 00 08 00 00 00 21 70 01 21 30 00 09 05 35 35 20 00 00 12 74 72 39 1D 00 00 2E 00 05 01 08 00 2F 00 00 00 00 00 17 30 60 0E C1 02 6D 94 29 00 00 80 01 00 40 00 00 00 04 08 00 04 02 00 40 80 02 00 00 00 70 91 00 20 00 00 00 00 80 00 14 00 14 02 00 00 00 30 08 04 01 01 02 03 01 02 03 04 02 04 01 05 04 03 01 01 01 03 01 01 02 01 01 01 02 01 02 03 02 01 01 03 02 01 01 01 01 01 01 03 07 01 02 01 01 05 63 24 3D 00 00 00 00 00 00 00 00 00 00 00 00 00 00 00 00 00 00 00 00 00 00 00 00 00 00 00 00 00 00 00 00 00 00 00 00 00 00 00 00 00 00 00 00 00 00 00 00 00 00 00 00 00 00 00 00 00 00 00 00 00 00 00 00 00 00 00 00 00 00 00 00 00 00 00 00 00 00 00 00 00 00 00 00 00 00 00 00 00 00 00 00 00 00 00 00 00 00 00 00 00 00 00 00 00 00 00 00 00 DD 9B 56 7F 7E
[426761][00:28:44.790]7E FF 02 FF FE B9 CD AC 81 05 F3 01 46 95 5C F6 00 36 00 94 00 01 00 01 69 7F 94 05 40 14 01 FC 13 79 44 00 5E 28 B2 50 00 44 01 04 A1 E0 00 4A 78 EF 04 00 33 00 00 07 00 00 00 05 00 05 00 88 00 3E 00 62 0F C3 02 7F FC 2D 00 40 C2 C9 20 40 09 01 00 C5 88 00 04 3A 80 D4 E3 22 42 00 25 72 B3 0B 6E 1A 96 40 00 9B 00 76 10 94 0A 00 01 00 30 2C 00 00 00 00 00 00 00 00 00 04 00 00 00 00 01 12 7E A6 00 00 00 00 00 00 00 00 00 00 00 00 00 00 00 00 00 00 00 00 00 00 00 00 00 00 00 00 00 00 00 00 00 00 00 00 00 00 00 33 86 63 FE 7E
[426762][00:28:45.031]7E FF 02 FF FF B9 CF AD 81 05 0A 01 29 E3 BD F6 01 22 0D 10 00 01 00 02 69 7F 94 00 01 80 0D 00 A9 00 00 00 CD CD 06 D7 16 07 77 7E
[426763][00:28:45.105]7E FF 02 FF 00 BA F3 AD 81 05 BD 03 C4 E8 CC F6 00 2A 00 14 01 01 00 01 69 7F 94 17 F0 FF 01 E5 14 EB C2 00 FB E5 DE 70 01 FF 2F 01 C0 C1 00 AB 78 01 04 00 33 00 00 08 00 00 00 17 10 00 12 30 00 09 05 35 33 20 00 00 12 74 72 39 FD 00 00 56 00 09 01 06 00 2F 00 00 00 00 00 01 30 42 0F 41 02 7E D5 29 00 00 E2 C9 00 40 21 00 00 44 88 00 04 32 00 C0 A3 02 00 00 08 70 91 0B 2E 10 94 00 00 8A 00 57 10 94 0A 00 04 00 30 0C 01 03 01 02 03 04 02 01 04 01 03 02 01 03 02 03 06 01 02 01 01 03 02 01 01 02 01 04 02 01 01 01 03 01 02 01 02 01 01 01 02 01 02 02 04 02 03 04 05 01 05 01 04 02 02 05 02 02 01 01 01 02 03 01 01 02 01 04 02 01 01 01 02 05 01 02 05 03 01 03 01 01 05 09 02 02 CF 0A F7 9F 00 00 00 00 00 00 00 00 00 00 00 00 00 00 00 00 00 00 00 00 00 00 00 00 00 00 00 00 00 00 00 00 00 00 00 00 00 00 00 00 00 00 00 00 00 00 00 00 00 00 00 00 00 00 00 00 00 00 00 00 00 00 00 00 00 00 00 00 00 22 33 81 DA 7E
[426764][00:28:45.105]7E FF 02 FF 01 BA 08 AE 81 05 13 01 94 AD D4 F6 00 2A 00 10 00 01 00 02 69 7F 94 10 34 81 06 01 03 00 00 00 60 4F BA 7E 94 34 00 7E
[426765][00:28:45.121]7E FF 02 FF 02 BA 16 AE 81 05 08 01 7C 05 DA F6 00 2A 00 10 00 01 00 02 69 7F 94 10 17 C0 13 01 00 00 00 00 4F 66 BA 12 FA 02 64 7E
[426766][00:28:45.226]7E FF 02 FF 03 BA 92 AE 81 05 09 03 3B 85 09 F7 00 2A 00 10 00 01 00 02 69 7F 94 01 D8 E0 02 01 05 00 00 00 68 5D 26 A2 CE EC EB 7E
[426767][00:28:45.287]7E FF 02 FF 04 BA C5 AE 81 05 A0 01 DF D4 1C F7 00 2A 00 10 00 01 00 02 69 7F 94 01 D8 E0 02 01 03 00 00 00 08 DD 27 17 D4 BF 5C 7E
[426768][00:28:45.541]7E FF 02 FF 05 BA C9 AF 81 05 BF 02 7C 14 7F F7 01 23 0D 10 00 01 00 02 69 7F 94 00 01 80 0D 00 A9 00 00 00 CD CD 06 68 28 51 CB 7E
[426769][00:28:45.751]7E FF 02 FF 06 BA 17 B0 81 05 D2 00 77 37 C2 F7 01 22 10 94 00 01 00 01 69 7F 94 01 80 0D 03 E8 30 00 10 00 8F A5 14 10 00 25 00 03 69 BA 30 3F 88 FF 00 00 33 00 00 11 03 00 00 01 02 33 03 6C 20 28 0A FE FE FE FE 68 2D 00 43 05 44 39 05 09 00 30 10 F2 CE 10 00 09 05 02 26 01 40 00 02 00 00 01 10 F0 D5 56 98 83 8E 08 15 8F 01 3B 87 D4 9A 8C D7 0D A6 16 74 C9 44 C9 00 00 00 00 00 00 00 00 00 00 00 00 00 00 00 00 00 00 00 00 00 00 00 00 00 00 00 00 00 00 00 00 00 00 00 00 00 00 00 00 00 00 00 00 00 00 00 00 00 46 53 75 A1 7E
[426770][00:28:45.766]7E FF 02 FF 07 BA 8D B0 81 05 2B 02 3A CF CA F7 00 37 00 94 00 01 00 01 69 7F 94 D8 40 13 03 EF 12 3D 60 00 42 09 3B 10 00 25 00 03 69 BA 30 3F 88 EF 00 00 33 00 00 11 03 00 00 01 02 33 03 6C 20 28 0A FE FE FE FE 68 2D 00 43 05 44 39 05 09 00 30 10 F2 CE 10 00 09 05 02 26 01 40 00 02 00 00 01 10 F0 D5 56 98 83 8E 08 15 8F 01 3B 87 D4 9A 8C D7 0D A6 16 74 C9 44 C9 00 00 00 00 00 00 00 00 00 00 00 00 00 00 00 00 00 00 00 00 00 00 00 00 00 00 00 00 00 00 00 00 00 00 00 00 00 00 00 00 00 00 00 00 00 00 00 00 00 35 A7 4D 0A 7E
[426771][00:28:45.781]7E FF 02 FF 08 BA BB B0 81 05 E4 01 A3 5C DC F7 00 37 00 10 00 01 00 02 69 7F 94 01 17 60 00 01 1F 00 00 00 40 9E D2 50 05 3C 11 7E
[426772][00:28:45.870]7E FF 02 FF 09 BA 0D B1 81 05 BA 03 27 D3 FB F7 00 37 00 10 00 01 00 02 69 7F 94 01 17 60 00 01 1F 00 00 00 40 9E D2 4C F9 35 B8 7E
[426773][00:28:45.900]7E FF 02 FF 0A BA 30 B1 81 05 C1 00 33 E0 08 F8 00 37 00 10 00 01 00 02 69 7F 94 01 17 60 00 01 1F 00 00 00 40 9E D2 65 43 39 09 7E
[426774][00:28:45.961]7E FF 02 FF 0B BA 4C B1 81 05 CC 02 06 BB 13 F8 00 38 00 14 01 01 00 01 69 7F 94 05 F0 FF 01 E5 14 EB C2 00 EA E5 72 50 00 FF 2F 01 A2 E0 00 8C 78 01 04 00 33 00 00 08 00 00 00 05 40 14 42 30 00 09 05 35 40 20 00 00 12 74 72 39 1C 23 32 37 00 0A 01 0A 00 2F 00 00 00 00 00 44 31 02 0F C1 02 6F 98 29 00 00 80 48 00 00 01 00 00 80 08 00 04 22 00 40 20 02 42 00 04 30 11 02 68 00 94 00 00 08 00 26 00 14 00 00 00 00 20 08 01 01 05 01 04 01 04 01 03 04 02 03 02 04 03 01 03 04 03 04 01 01 02 01 01 01 02 01 02 01 02 02 04 01 01 02 01 01 01 01 02 02 02 01 01 02 02 01 01 02 01 01 05 01 02 AE 7F A2 1B 00 00 00 00 00 00 00 00 00 00 00 00 00 00 00 00 00 00 00 00 00 00 00 00 00 00 00 00 00 00 00 00 00 00 00 00 00 00 00 00 00 00 00 00 00 00 00 00 00 00 00 00 00 00 00 00 00 00 00 00 00 00 00 00 00 00 00 00 00 00 00 00 00 00 00 00 00 00 00 00 00 00 00 00 00 00 00 00 00 00 00 00 00 00 00 00 00 00 00 00 7F 21 42 3E 7E
[426775][00:28:46.036]7E FF 02 FF 0C BA 41 B1 81 05 6A 01 99 8B 35 F8 00 FD 03 94 00 01 00 01 69 7F 94 01 70 01 03 DC 13 79 40 00 55 B1 53 10 00 E8 00 03 68 BA 30 3F 88 FF 00 00 33 00 00 11 03 00 00 01 02 33 03 64 20 28 0A FE FE FE FE 68 2D 00 43 05 07 37 05 09 00 30 10 38 98 10 00 09 05 02 1E 01 40 00 02 00 00 01 10 F0 D5 56 98 83 8E 08 15 8F 01 3B 87 D4 9A 8C D7 05 4D 16 C9 43 34 C5 00 00 00 00 00 00 00 00 00 00 00 00 00 00 00 00 00 00 00 00 00 00 00 00 00 00 00 00 00 00 00 00 00 00 00 00 00 00 00 00 00 00 00 00 00 00 00 00 00 31 33 95 0F 7E
[426776][00:28:46.081]7E FF 02 FF 0D BA D1 B1 81 05 8B 02 8B 72 46 F8 00 FD 03 94 00 01 00 01 69 7F 94 01 70 01 03 DC 13 79 44 00 44 B3 D7 10 00 E8 00 03 68 BA 30 3F 88 FF 00 00 33 00 00 11 03 00 00 01 02 33 03 64 20 28 0A FE FE FE FE 68 2D 00 43 05 07 37 05 09 00 30 10 38 98 10 00 09 05 02 1E 01 40 00 02 00 00 01 10 F0 D5 56 98 83 8E 08 15 8F 01 3B 87 D4 9A 8C D7 05 4D 16 C9 43 34 C5 00 00 00 00 00 00 00 00 00 00 00 00 00 00 00 00 00 00 00 00 00 00 00 00 00 00 00 00 00 00 00 00 00 00 00 00 00 00 00 00 00 00 00 00 00 00 00 00 00 AC 47 8D 45 7E
[426777][00:28:46.096]7E FF 02 FF 0E BA DD B1 81 05 86 01 2D EC 4A F8 00 34 00 94 00 01 00 01 69 7F 94 17 80 0E 03 FC 13 79 40 00 CF B8 05 10 00 E8 00 03 68 BA 30 3F 88 EF 00 00 33 00 00 11 03 00 00 01 02 33 03 64 20 28 0A FE FE FE FE 68 2D 00 43 05 07 37 05 09 00 30 10 38 98 10 00 09 05 02 1E 01 40 00 02 00 00 01 10 F0 D5 56 98 83 8E 08 15 8F 01 3B 87 D4 9A 8C D7 05 4D 16 C9 43 34 C5 00 00 00 00 00 00 00 00 00 00 00 00 00 00 00 00 00 00 00 00 00 00 00 00 00 00 00 00 00 00 00 00 00 00 00 00 00 00 00 00 00 00 00 00 00 00 00 00 00 8A 92 2E 0F 7E
[426778][00:28:46.096]7E FF 02 FF 0F BA EE B1 81 05 73 00 BC 52 51 F8 00 34 00 10 00 01 00 02 69 7F 94 10 17 30 05 01 02 00 00 00 56 A4 E6 2A D5 20 5F 7E
[426779][00:28:46.111]7E FF 02 FF 10 BA F2 B1 81 05 A8 01 54 ED 51 F8 01 23 0C 10 00 01 00 02 69 7F 94 00 01 80 0D 00 A8 00 00 00 DC 8D 82 0A 4C 9A 08 7E
[426780][00:28:46.126]7E FF 02 FF 11 BA 01 B2 81 05 0E 01 75 9B 58 F8 00 35 00 94 00 01 00 01 69 7F 94 05 40 14 01 FC 13 79 40 00 4F 2A 36 50 00 44 01 04 A3 E0 00 4A 78 EF 04 00 33 00 00 07 00 00 00 05 00 05 00 8A 00 3E 00 62 0F C3 02 7F FC 2D 00 40 C2 C9 20 40 29 01 00 C5 88 00 04 3A 80 D4 E3 22 42 00 25 72 B3 0B 6E 1A 96 40 00 9B 00 76 10 94 0A 00 05 00 30 2C 00 00 00 00 00 00 00 00 00 04 00 00 00 00 01 75 97 13 90 00 00 00 00 00 00 00 00 00 00 00 00 00 00 00 00 00 00 00 00 00 00 00 00 00 00 00 00 00 00 00 00 00 00 00 00 00 00 4F 3F 0C 26 7E
[426781][00:28:46.141]7E FF 02 FF 12 BA 0F B2 81 05 B2 02 97 1C 5E F8 00 36 00 94 00 01 00 01 69 7F 94 17 80 0E 03 FC 13 79 44 00 DE BA 81 10 00 E8 00 03 68 BA 30 3F 88 EF 00 00 33 00 00 11 03 00 00 01 02 33 03 64 20 28 0A FE FE FE FE 68 2D 00 43 05 07 37 05 09 00 30 10 38 98 10 00 09 05 02 1E 01 40 00 02 00 00 01 10 F0 D5 56 98 83 8E 08 15 8F 01 3B 87 D4 9A 8C D7 05 4D 16 C9 43 34 C5 00 00 00 00 00 00 00 00 00 00 00 00 00 00 00 00 00 00 00 00 00 00 00 00 00 00 00 00 00 00 00 00 00 00 00 00 00 00 00 00 00 00 00 00 00 00 00 00 00 D0 BE B9 FB 7E
[426782][00:28:46.171]7E FF 02 FF 13 BA 2B B2 81 05 99 02 24 C8 68 F8 00 36 00 94 00 01 00 01 69 7F 94 17 10 00 01 FC 13 79 40 00 A8 E4 54 70 01 01 00 04 C1 C1 00 3B 78 EF 04 00 33 00 00 07 00 00 00 17 00 53 00 AE 00 2F 00 62 4F C3 02 7F FD 2D 00 40 E2 C9 00 40 69 01 00 C7 88 00 04 BE D1 D6 E3 6A D6 02 2D 72 B7 7F 7E 1A 96 D6 04 9B 00 77 18 94 1A 00 05 00 30 2C 74 AE E2 CD 00 00 00 00 00 00 00 00 00 00 00 00 00 00 00 00 00 00 00 00 00 00 00 00 00 00 00 00 00 00 00 00 00 00 00 00 00 00 00 00 00 00 00 00 00 00 00 00 00 00 00 00 00 52 62 F1 54 7E
[426783][00:28:46.171]7E FF 02 FF 14 BA 33 B2 81 05 5E 02 0A D5 6B F8 00 36 00 10 00 01 00 02 69 7F 94 10 01 70 01 01 01 00 00 00 A1 13 B6 D8 75 60 2C 7E
[426784][00:28:46.187]7E FF 02 FF 15 BA 37 B2 81 05 EB 02 84 66 6D F8 00 36 00 94 00 01 00 01 69 7F 94 17 80 0E 03 FC 13 79 44 00 DE BA 81 10 00 E8 00 03 68 BA 30 3F 88 EF 00 00 33 00 00 11 03 00 00 01 02 33 03 64 20 28 0A FE FE FE FE 68 2D 00 43 05 07 37 05 09 00 30 10 38 98 10 00 09 05 02 1E 01 40 00 02 00 00 01 10 F0 D5 56 98 83 8E 08 15 8F 01 3B 87 D4 9A 8C D7 05 4D 16 C9 43 34 C5 00 00 00 00 00 00 00 00 00 00 00 00 00 00 00 00 00 00 00 00 00 00 00 00 00 00 00 00 00 00 00 00 00 00 00 00 00 00 00 00 00 00 00 00 00 00 00 00 00 E3 9F C6 F9 7E
[426785][00:28:46.232]7E FF 02 FF 16 BA 63 B2 81 05 E5 00 55 FC 7D F8 00 FE 03 94 00 01 00 01 69 7F 94 01 70 01 03 DC 13 79 40 00 55 B1 53 10 00 2B 01 03 6A BA 30 3F 88 FF 00 00 33 00 00 11 03 00 00 01 02 33 03 6D 20 28 0A FE FE FE FE 68 2D 00 43 05 44 44 05 09 00 30 10 2C 3E 10 00 09 05 02 27 01 40 00 02 00 00 01 10 F0 D5 56 98 83 8E 08 15 8F 01 3B 87 D4 9A 8C D7 76 A2 16 95 0E 3D EB 00 00 00 00 00 00 00 00 00 00 00 00 00 00 00 00 00 00 00 00 00 00 00 00 00 00 00 00 00 00 00 00 00 00 00 00 00 00 00 00 00 00 00 00 00 00 00 00 00 A1 AF 31 60 7E
[426786][00:28:46.292]7E FF 02 FF 17 BA A4 B2 81 05 DD 02 F5 F6 96 F8 00 FD 03 94 00 01 00 01 69 7F 94 01 70 01 03 DC 13 79 44 00 44 B3 D7 10 00 2B 01 03 6A BA 30 3F 88 FF 00 00 33 00 00 11 03 00 00 01 02 33 03 6D 20 28 0A FE FE FE FE 68 2D 00 43 05 44 44 05 09 00 30 10 2C 3E 10 00 09 05 02 27 01 40 00 02 00 00 01 10 F0 D5 56 98 83 8E 08 15 8F 01 3B 87 D4 9A 8C D7 76 A2 16 95 0E 3D EB 00 00 00 00 00 00 00 00 00 00 00 00 00 00 00 00 00 00 00 00 00 00 00 00 00 00 00 00 00 00 00 00 00 00 00 00 00 00 00 00 00 00 00 00 00 00 00 00 00 86 06 A3 E8 7E
[426787][00:28:46.292]7E FF 02 FF 18 BA AC B2 81 05 DE 02 88 09 9A F8 00 FD 03 10 00 01 00 02 69 7F 94 10 17 10 00 01 01 00 00 00 2F 6C C3 EA 1A EB F0 7E
[426788][00:28:46.308]7E FF 02 FF 19 BA B2 B2 81 05 1E 00 FE 0B 9C F8 00 35 01 94 00 01 00 01 69 7F 94 17 60 00 03 FC 13 79 40 00 5B 8A 5A 10 00 2B 01 03 6A BA 30 3F 88 EF 00 00 33 00 00 11 03 00 00 01 02 33 03 6D 20 28 0A FE FE FE FE 68 2D 00 43 05 44 44 05 09 00 30 10 2C 3E 10 00 09 05 02 27 01 40 00 02 00 00 01 10 F0 D5 56 98 83 8E 08 15 8F 01 3B 87 D4 9A 8C D7 76 A2 16 95 0E 3D EB 00 00 00 00 00 00 00 00 00 00 00 00 00 00 00 00 00 00 00 00 00 00 00 00 00 00 00 00 00 00 00 00 00 00 00 00 00 00 00 00 00 00 00 00 00 00 00 00 00 79 76 B8 44 7E
[426789][00:28:46.338]7E FF 02 FF 1A BA CC B2 81 05 85 02 A5 30 A6 F8 00 39 00 94 00 01 00 01 69 7F 94 17 60 00 03 FC 13 79 44 00 4A 88 DE 10 00 2B 01 03 6A BA 30 3F 88 EF 00 00 33 00 00 11 03 00 00 01 02 33 03 6D 20 28 0A FE FE FE FE 68 2D 00 43 05 44 44 05 09 00 30 10 2C 3E 10 00 09 05 02 27 01 40 00 02 00 00 01 10 F0 D5 56 98 83 8E 08 15 8F 01 3B 87 D4 9A 8C D7 76 A2 16 95 0E 3D EB 00 00 00 00 00 00 00 00 00 00 00 00 00 00 00 00 00 00 00 00 00 00 00 00 00 00 00 00 00 00 00 00 00 00 00 00 00 00 00 00 00 00 00 00 00 00 00 00 00 C0 42 89 1F 7E
[426790][00:28:46.593]7E FF 02 FF 1B BA D9 B3 81 05 26 03 4F 46 0B F9 01 22 0F 34 00 01 00 01 69 7F 94 01 80 0D 00 85 10 00 10 00 08 E4 90 10 00 C5 00 03 6B BA 00 0C 88 FF 00 00 33 00 00 0B 00 00 00 C5 00 00 01 08 00 00 00 6D 2A D5 C0 00 00 00 00 1E 84 80 D8 7E
[426791][00:28:46.624]7E FF 02 FF 1C BA F2 B3 81 05 D4 00 B1 2C 16 F9 00 38 00 54 00 01 00 01 69 7F 94 D8 40 13 00 59 12 20 D0 00 C6 36 94 10 00 C5 00 03 6B BA 00 0C 88 EF 00 00 33 00 00 0B 00 00 00 C5 00 00 01 08 00 00 00 6D 2A D5 C0 00 00 00 00 4E EB 57 00 00 00 00 00 00 00 00 00 00 00 00 00 00 00 00 00 00 00 00 00 00 00 00 00 00 00 00 00 0E 26 20 89 7E
[426792][00:28:46.624]7E FF 02 FF 1D BA F7 B3 81 05 B3 02 DD A9 16 F9 01 23 0F 34 00 01 00 01 69 7F 94 01 80 0D 03 85 10 00 10 00 C8 FC F3 10 00 6A 00 0A 6C BA 30 10 88 FF 00 00 33 00 00 11 A1 00 00 01 23 4F 08 30 00 09 05 36 96 03 02 0E 76 20 08 0D 5B 9A 6C 7E
[426793][00:28:46.879]7E FF 02 FF 1E BA FE B4 81 05 A4 01 BE 84 7C F9 00 38 00 10 00 01 00 02 69 7F 94 10 D8 40 13 01 00 00 00 00 47 34 0A D8 61 96 F7 7E
[426794][00:28:46.894]7E FF 02 FF 1F BA 0D B5 81 05 9A 00 F5 16 81 F9 01 22 0C 10 00 01 00 02 69 7F 94 00 01 80 0D 00 A7 01 00 00 2D 5D 45 39 C4 58 19 7E
[426795][00:28:47.507]7E FF 02 FF 20 BA 3B B7 81 05 E1 03 0F 4C 57 FA 00 FD 03 15 02 01 00 00 69 7F 94 12 4C 57 FA 01 90 E8 02 00 4D 2F 5B CA 33 20 00 00 12 74 72 69 07 00 00 10 02 00 00 00 00 00 00 05 00 0F 01 00 00 64 20 00 00 12 74 72 04 00 00 01 0A D0 02 CA 01 30 00 39 00 06 0A 3B CA D5 31 96 21 BA F9 C0 C7 00 52 33 00 3A 24 32 00 00 00 00 05 18 56 FA FE 38 00 00 24 00 0E 50 15 50 1C 50 31 50 0C 50 04 50 87 50 8A 50 93 51 34 50 36 50 08 50 40 51 D8 50 62 50 1A 50 11 50 17 50 BA 51 5D 50 29 50 39 51 75 50 7C 51 BC 50 5B 50 D9 50 9D 50 34 51 DF 50 2E 50 06 50 53 50 3C 51 02 50 F8 51 CF 50 68 51 01 51 0A 51 E4 50 6D 51 44 51 68 50 49 50 FE 51 CA 50 11 51 42 51 05 50 FA 51 2D 50 14 51 F2 50 C9 50 16 51 A2 50 C6 50 CF 41 5B 41 A0 41 79 40 51 41 D9 41 EC 41 EB 41 F2 41 60 41 C9 41 8F 41 EA 41 C7 40 C0 41 D3 40 A6 40 A2 41 76 41 82 41 37 40 B6 41 54 40 47 80 7C 15 00 01 C4 09 00 02 AC 0D 00 03 03 04 9A 05 B1 F8 AC 0D 00 03 03 04 9A 05 9A 05 9A 05 9A 05 0B 40 37 41 45 41 0A 40 86 40 C2 40 F5 40 9A 40 4B 41 B9 40 02 40 72 41 EB 40 6E 40 CE 40 5A 41 57 40 49 40 35 41 EA 80 88 13 00 01 C4 09 00 02 B8 0B 00 03 03 04 9A 05 00 01 D0 07 00 02 C4 09 00 03 03 04 9A 05 9A 05 9A 05 F1 81 88 13 00 01 D0 07 00 02 C4 09 00 03 03 04 9A 05 CF 41 D0 41 27 41 C1 40 D1 41 D2 41 31 41 BD 41 D3 41 26 40 D4 41 D5 41 C9 41 68 41 EE 40 4C 40 20 40 32 41 2C 40 F0 80 88 13 00 01 E8 03 00 02 C4 09 00 03 03 04 9A 05 00 00 00 00 00 00 00 00 00 00 00 00 00 00 00 00 00 00 00 00 00 00 00 00 00 00 00 00 00 00 00 00 00 00 00 00 00 00 00 00 00 00 00 00 00 00 00 00 00 00 00 00 00 00 00 00 00 00 00 00 00 00 00 00 00 00 00 00 00 00 00 00 00 00 00 00 00 00 00 00 00 00 00 00 00 00 00 00 00 00 EE C7 52 6B 27 AA EC 0C 7E
[426796][00:28:47.553]7E FF 02 FF 21 BA 3F B7 81 05 5B 02 2F AA 57 FA 01 22 0D 15 02 01 00 00 69 7F 94 8A A8 57 FA 01 20 05 00 00 D8 0D 2D CA 33 20 00 00 12 74 72 69 07 00 00 10 02 00 00 00 00 00 00 05 00 0F 01 00 00 64 20 00 00 12 74 72 04 00 00 01 0A D0 02 CA 01 30 00 39 00 06 0A 3B CA D5 31 96 21 BA F9 C0 C7 00 52 33 00 3A 24 32 00 00 00 00 05 18 56 FA FE 38 00 00 24 00 0E 50 15 50 1C 50 31 50 0C 50 04 50 87 50 8A 50 93 51 34 50 36 50 08 50 40 51 D8 50 62 50 1A 50 11 50 17 50 BA 51 5D 50 29 50 39 51 75 50 7C 51 BC 50 5B 50 D9 50 9D 50 34 51 DF 50 2E 50 06 50 53 50 3C 51 02 50 F8 51 CF 50 68 51 01 51 0A 51 E4 50 6D 51 44 51 68 50 49 50 FE 51 CA 50 11 51 42 51 05 50 FA 51 2D 50 14 51 F2 50 C9 50 16 51 A2 50 C6 50 CF 41 5B 41 A0 41 79 40 51 41 D9 41 EC 41 EB 41 F2 41 60 41 C9 41 8F 41 EA 41 C7 40 C0 41 D3 40 A6 40 A2 41 76 41 82 41 37 40 B6 41 54 40 47 80 7C 15 00 01 C4 09 00 02 AC 0D 00 03 03 04 9A 05 B1 F8 AC 0D 00 03 03 04 9A 05 9A 05 9A 05 9A 05 0B 40 37 41 45 41 0A 40 86 40 C2 40 F5 40 9A 40 4B 41 B9 40 02 40 72 41 EB 40 6E 40 CE 40 5A 41 57 40 49 40 35 41 EA 80 88 13 00 01 C4 09 00 02 B8 0B 00 03 03 04 9A 05 00 01 D0 07 00 02 C4 09 00 03 03 04 9A 05 9A 05 9A 05 F1 81 88 13 00 01 D0 07 00 02 C4 09 00 03 03 04 9A 05 CF 41 D0 41 27 41 C1 40 D1 41 D2 41 31 41 BD 41 D3 41 26 40 D4 41 D5 41 C9 41 68 41 EE 40 4C 40 20 40 32 41 2C 40 F0 80 88 13 00 01 E8 03 00 02 C4 09 00 03 03 04 9A 05 00 00 00 00 00 00 00 00 00 00 00 00 00 00 00 00 00 00 00 00 00 00 00 00 00 00 00 00 00 00 00 00 00 00 00 00 00 00 00 00 00 00 00 00 00 00 00 00 00 00 00 00 00 00 00 00 00 00 00 00 00 00 00 00 00 00 00 00 00 00 00 00 00 00 00 00 00 00 00 00 00 00 00 00 00 00 00 00 00 00 EE C7 52 6B 09 97 E9 A1 7E
[426797][00:28:47.613]7E FF 02 FF 22 BA 5E B7 81 05 B5 03 E6 9E 64 FA 00 00 03 15 02 01 00 00 69 7F 94 E6 9E 64 FA 01 90 E8 04 00 BE B6 D2 CA 33 20 00 00 12 74 72 69 07 00 00 10 02 00 00 00 00 00 00 05 00 0F 01 00 00 64 20 00 00 12 74 72 04 00 00 01 0A D0 02 CA 01 30 00 39 00 06 0A 3B CA D5 31 96 21 BA F9 C0 C7 00 52 33 00 3A 24 32 00 00 00 00 05 18 56 FA FE 38 00 00 24 00 0E 50 15 50 1C 50 31 50 0C 50 04 50 87 50 8A 50 93 51 34 50 36 50 08 50 40 51 D8 50 62 50 1A 50 11 50 17 50 BA 51 5D 50 29 50 39 51 75 50 7C 51 BC 50 5B 50 D9 50 9D 50 34 51 DF 50 2E 50 06 50 53 50 3C 51 02 50 F8 51 CF 50 68 51 01 51 0A 51 E4 50 6D 51 44 51 68 50 49 50 FE 51 CA 50 11 51 42 51 05 50 FA 51 2D 50 14 51 F2 50 C9 50 16 51 A2 50 C6 50 CF 41 5B 41 A0 41 79 40 51 41 D9 41 EC 41 EB 41 F2 41 60 41 C9 41 8F 41 EA 41 C7 40 C0 41 D3 40 A6 40 A2 41 76 41 82 41 37 40 B6 41 54 40 47 80 7C 15 00 01 C4 09 00 02 AC 0D 00 03 03 04 9A 05 B1 F8 AC 0D 00 03 03 04 9A 05 9A 05 9A 05 9A 05 0B 40 37 41 45 41 0A 40 86 40 C2 40 F5 40 9A 40 4B 41 B9 40 02 40 72 41 EB 40 6E 40 CE 40 5A 41 57 40 49 40 35 41 EA 80 88 13 00 01 C4 09 00 02 B8 0B 00 03 03 04 9A 05 00 01 D0 07 00 02 C4 09 00 03 03 04 9A 05 9A 05 9A 05 F1 81 88 13 00 01 D0 07 00 02 C4 09 00 03 03 04 9A 05 CF 41 D0 41 27 41 C1 40 D1 41 D2 41 31 41 BD 41 D3 41 26 40 D4 41 D5 41 C9 41 68 41 EE 40 4C 40 20 40 32 41 2C 40 F0 80 88 13 00 01 E8 03 00 02 C4 09 00 03 03 04 9A 05 00 00 00 00 00 00 00 00 00 00 00 00 00 00 00 00 00 00 00 00 00 00 00 00 00 00 00 00 00 00 00 00 00 00 00 00 00 00 00 00 00 00 00 00 00 00 00 00 00 00 00 00 00 00 00 00 00 00 00 00 00 00 00 00 00 00 00 00 00 00 00 00 00 00 00 00 00 00 00 00 00 00 00 00 00 00 00 00 00 00 EE C7 52 6B 47 4E 40 EF 7E
[426798][00:28:47.659]7E FF 02 FF 23 BA 1E B7 81 05 A2 03 0C 59 72 FA 00 00 03 15 02 01 00 00 69 7F 94 0B 59 72 FA 01 90 E8 06 00 D2 BE B2 CA 33 20 00 00 12 74 72 69 07 00 00 10 02 00 00 00 00 00 00 05 00 0F 01 00 00 64 20 00 00 12 74 72 04 00 00 01 0A D0 02 CA 01 30 00 39 00 06 0A 3B CA D5 31 96 21 BA F9 C0 C7 00 52 33 00 3A 24 32 00 00 00 00 05 18 56 FA FE 38 00 00 24 00 0E 50 15 50 1C 50 31 50 0C 50 04 50 87 50 8A 50 93 51 34 50 36 50 08 50 40 51 D8 50 62 50 1A 50 11 50 17 50 BA 51 5D 50 29 50 39 51 75 50 7C 51 BC 50 5B 50 D9 50 9D 50 34 51 DF 50 2E 50 06 50 53 50 3C 51 02 50 F8 51 CF 50 68 51 01 51 0A 51 E4 50 6D 51 44 51 68 50 49 50 FE 51 CA 50 11 51 42 51 05 50 FA 51 2D 50 14 51 F2 50 C9 50 16 51 A2 50 C6 50 CF 41 5B 41 A0 41 79 40 51 41 D9 41 EC 41 EB 41 F2 41 60 41 C9 41 8F 41 EA 41 C7 40 C0 41 D3 40 A6 40 A2 41 76 41 82 41 37 40 B6 41 54 40 47 80 7C 15 00 01 C4 09 00 02 AC 0D 00 03 03 04 9A 05 B1 F8 AC 0D 00 03 03 04 9A 05 9A 05 9A 05 9A 05 0B 40 37 41 45 41 0A 40 86 40 C2 40 F5 40 9A 40 4B 41 B9 40 02 40 72 41 EB 40 6E 40 CE 40 5A 41 57 40 49 40 35 41 EA 80 88 13 00 01 C4 09 00 02 B8 0B 00 03 03 04 9A 05 00 01 D0 07 00 02 C4 09 00 03 03 04 9A 05 9A 05 9A 05 F1 81 88 13 00 01 D0 07 00 02 C4 09 00 03 03 04 9A 05 CF 41 D0 41 27 41 C1 40 D1 41 D2 41 31 41 BD 41 D3 41 26 40 D4 41 D5 41 C9 41 68 41 EE 40 4C 40 20 40 32 41 2C 40 F0 80 88 13 00 01 E8 03 00 02 C4 09 00 03 03 04 9A 05 00 00 00 00 00 00 00 00 00 00 00 00 00 00 00 00 00 00 00 00 00 00 00 00 00 00 00 00 00 00 00 00 00 00 00 00 00 00 00 00 00 00 00 00 00 00 00 00 00 00 00 00 00 00 00 00 00 00 00 00 00 00 00 00 00 00 00 00 00 00 00 00 00 00 00 00 00 00 00 00 00 00 00 00 00 00 00 00 00 00 EE C7 52 6B 43 6A D7 49 7E
[426799][00:28:47.704]7E FF 02 FF 24 BA C9 B7 81 05 92 01 EC 3A 8D FA 00 38 01 15 02 01 00 00 69 7F 94 85 3A 8D FA 15 90 E8 06 00 8A CC 4F C9 33 20 00 00 12 74 72 69 07 00 00 10 02 00 00 00 00 00 00 05 00 0F 15 10 00 64 30 00 09 80 95 26 12 00 03 01 0A D0 02 CA 01 30 00 39 00 06 0A 3B CA D5 31 96 21 BA F9 C0 C7 00 52 33 00 3A 24 32 00 00 00 00 05 18 56 FA FE 38 00 00 24 00 0E 50 15 50 1C 50 31 50 0C 50 04 50 87 50 8A 50 93 51 34 50 36 50 08 50 40 51 D8 50 62 50 1A 50 11 50 17 50 BA 51 5D 50 29 50 39 51 75 50 7C 51 BC 50 5B 50 D9 50 9D 50 34 51 DF 50 2E 50 06 50 53 50 3C 51 02 50 F8 51 CF 50 68 51 01 51 0A 51 E4 50 6D 51 44 51 68 50 49 50 FE 51 CA 50 11 51 42 51 05 50 FA 51 2D 50 14 51 F2 50 C9 50 16 51 A2 50 C6 50 CF 41 5B 41 A0 41 79 40 51 41 D9 41 EC 41 EB 41 F2 41 60 41 C9 41 8F 41 EA 41 C7 40 C0 41 D3 40 A6 40 A2 41 76 41 82 41 37 40 B6 41 54 40 47 80 7C 15 00 01 C4 09 00 02 AC 0D 00 03 03 04 9A 05 B1 F8 AC 0D 00 03 03 04 9A 05 9A 05 9A 05 9A 05 0B 40 37 41 45 41 0A 40 86 40 C2 40 F5 40 9A 40 4B 41 B9 40 02 40 72 41 EB 40 6E 40 CE 40 5A 41 57 40 49 40 35 41 EA 80 88 13 00 01 C4 09 00 02 B8 0B 00 03 03 04 9A 05 00 01 D0 07 00 02 C4 09 00 03 03 04 9A 05 9A 05 9A 05 F1 81 88 13 00 01 D0 07 00 02 C4 09 00 03 03 04 9A 05 CF 41 D0 41 27 41 C1 40 D1 41 D2 41 31 41 BD 41 D3 41 26 40 D4 41 D5 41 C9 41 68 41 EE 40 4C 40 20 40 32 41 2C 40 F0 80 88 13 00 01 E8 03 00 02 C4 09 00 03 03 04 9A 05 00 00 00 00 00 00 00 00 00 00 00 00 00 00 00 00 00 00 00 00 00 00 00 00 00 00 00 00 00 00 00 00 00 00 00 00 00 00 00 00 00 00 00 00 00 00 00 00 00 00 00 00 00 00 00 00 00 00 00 00 00 00 00 00 00 00 00 00 00 00 00 00 00 00 00 00 00 00 00 00 00 00 00 00 00 00 00 00 00 00 40 7E 80 74 18 69 F9 6E 7E
[426800][00:28:47.750]7E FF 02 FF 25 BA D7 B7 81 05 96 01 48 93 92 FA 00 3A 01 15 02 01 00 00 69 7F 94 E1 92 92 FA 15 90 E8 06 00 B1 8E EF C9 33 20 00 00 12 74 72 69 07 00 00 10 02 00 00 00 00 00 00 05 00 0F 15 10 00 64 30 00 09 80 95 26 12 00 03 01 0A D0 02 CA 01 30 00 39 00 06 0A 3B CA D5 31 96 21 BA F9 C0 C7 00 52 33 00 3A 24 32 00 00 00 00 05 18 56 FA FE 38 00 00 24 00 0E 50 15 50 1C 50 31 50 0C 50 04 50 87 50 8A 50 93 51 34 50 36 50 08 50 40 51 D8 50 62 50 1A 50 11 50 17 50 BA 51 5D 50 29 50 39 51 75 50 7C 51 BC 50 5B 50 D9 50 9D 50 34 51 DF 50 2E 50 06 50 53 50 3C 51 02 50 F8 51 CF 50 68 51 01 51 0A 51 E4 50 6D 51 44 51 68 50 49 50 FE 51 CA 50 11 51 42 51 05 50 FA 51 2D 50 14 51 F2 50 C9 50 16 51 A2 50 C6 50 CF 41 5B 41 A0 41 79 40 51 41 D9 41 EC 41 EB 41 F2 41 60 41 C9 41 8F 41 EA 41 C7 40 C0 41 D3 40 A6 40 A2 41 76 41 82 41 37 40 B6 41 54 40 47 80 7C 15 00 01 C4 09 00 02 AC 0D 00 03 03 04 9A 05 B1 F8 AC 0D 00 03 03 04 9A 05 9A 05 9A 05 9A 05 0B 40 37 41 45 41 0A 40 86 40 C2 40 F5 40 9A 40 4B 41 B9 40 02 40 72 41 EB 40 6E 40 CE 40 5A 41 57 40 49 40 35 41 EA 80 88 13 00 01 C4 09 00 02 B8 0B 00 03 03 04 9A 05 00 01 D0 07 00 02 C4 09 00 03 03 04 9A 05 9A 05 9A 05 F1 81 88 13 00 01 D0 07 00 02 C4 09 00 03 03 04 9A 05 CF 41 D0 41 27 41 C1 40 D1 41 D2 41 31 41 BD 41 D3 41 26 40 D4 41 D5 41 C9 41 68 41 EE 40 4C 40 20 40 32 41 2C 40 F0 80 88 13 00 01 E8 03 00 02 C4 09 00 03 03 04 9A 05 00 00 00 00 00 00 00 00 00 00 00 00 00 00 00 00 00 00 00 00 00 00 00 00 00 00 00 00 00 00 00 00 00 00 00 00 00 00 00 00 00 00 00 00 00 00 00 00 00 00 00 00 00 00 00 00 00 00 00 00 00 00 00 00 00 00 00 00 00 00 00 00 00 00 00 00 00 00 00 00 00 00 00 00 00 00 00 00 00 00 40 7E 80 74 BF DF F9 99 7E
[426801][00:28:47.811]7E FF 02 FF 26 BA ED B7 81 05 8C 01 85 F6 9A FA 00 36 01 15 02 01 00 00 69 7F 94 25 F6 9A FA 1C 90 E8 06 00 89 AC 1C C9 33 20 00 00 12 74 72 69 07 00 00 10 02 00 00 00 00 00 00 05 00 0F 1C 10 00 64 30 00 09 80 93 77 12 00 03 01 0A D0 02 CA 01 30 00 39 00 06 0A 3B CA D5 31 96 21 BA F9 C0 C7 00 52 33 00 3A 24 32 00 00 00 00 05 18 56 FA FE 38 00 00 24 00 0E 50 15 50 1C 50 31 50 0C 50 04 50 87 50 8A 50 93 51 34 50 36 50 08 50 40 51 D8 50 62 50 1A 50 11 50 17 50 BA 51 5D 50 29 50 39 51 75 50 7C 51 BC 50 5B 50 D9 50 9D 50 34 51 DF 50 2E 50 06 50 53 50 3C 51 02 50 F8 51 CF 50 68 51 01 51 0A 51 E4 50 6D 51 44 51 68 50 49 50 FE 51 CA 50 11 51 42 51 05 50 FA 51 2D 50 14 51 F2 50 C9 50 16 51 A2 50 C6 50 CF 41 5B 41 A0 41 79 40 51 41 D9 41 EC 41 EB 41 F2 41 60 41 C9 41 8F 41 EA 41 C7 40 C0 41 D3 40 A6 40 A2 41 76 41 82 41 37 40 B6 41 54 40 47 80 7C 15 00 01 C4 09 00 02 AC 0D 00 03 03 04 9A 05 B1 F8 AC 0D 00 03 03 04 9A 05 9A 05 9A 05 9A 05 0B 40 37 41 45 41 0A 40 86 40 C2 40 F5 40 9A 40 4B 41 B9 40 02 40 72 41 EB 40 6E 40 CE 40 5A 41 57 40 49 40 35 41 EA 80 88 13 00 01 C4 09 00 02 B8 0B 00 03 03 04 9A 05 00 01 D0 07 00 02 C4 09 00 03 03 04 9A 05 9A 05 9A 05 F1 81 88 13 00 01 D0 07 00 02 C4 09 00 03 03 04 9A 05 CF 41 D0 41 27 41 C1 40 D1 41 D2 41 31 41 BD 41 D3 41 26 40 D4 41 D5 41 C9 41 68 41 EE 40 4C 40 20 40 32 41 2C 40 F0 80 88 13 00 01 E8 03 00 02 C4 09 00 03 03 04 9A 05 00 00 00 00 00 00 00 00 00 00 00 00 00 00 00 00 00 00 00 00 00 00 00 00 00 00 00 00 00 00 00 00 00 00 00 00 00 00 00 00 00 00 00 00 00 00 00 00 00 00 00 00 00 00 00 00 00 00 00 00 00 00 00 00 00 00 00 00 00 00 00 00 00 00 00 00 00 00 00 00 00 00 00 00 00 00 00 00 00 00 49 38 A3 DA B2 67 2D 2F 7E
[426802][00:28:47.857]7E FF 02 FF 27 BA FB B7 81 05 95 01 E1 4E A0 FA 00 38 01 15 02 01 00 00 69 7F 94 81 4E A0 FA 1C 90 E8 06 00 5A 78 3D C9 33 20 00 00 12 74 72 69 07 00 00 10 02 00 00 00 00 00 00 05 00 0F 1C 10 00 64 30 00 09 80 93 77 12 00 03 01 0A D0 02 CA 01 30 00 39 00 06 0A 3B CA D5 31 96 21 BA F9 C0 C7 00 52 33 00 3A 24 32 00 00 00 00 05 18 56 FA FE 38 00 00 24 00 0E 50 15 50 1C 50 31 50 0C 50 04 50 87 50 8A 50 93 51 34 50 36 50 08 50 40 51 D8 50 62 50 1A 50 11 50 17 50 BA 51 5D 50 29 50 39 51 75 50 7C 51 BC 50 5B 50 D9 50 9D 50 34 51 DF 50 2E 50 06 50 53 50 3C 51 02 50 F8 51 CF 50 68 51 01 51 0A 51 E4 50 6D 51 44 51 68 50 49 50 FE 51 CA 50 11 51 42 51 05 50 FA 51 2D 50 14 51 F2 50 C9 50 16 51 A2 50 C6 50 CF 41 5B 41 A0 41 79 40 51 41 D9 41 EC 41 EB 41 F2 41 60 41 C9 41 8F 41 EA 41 C7 40 C0 41 D3 40 A6 40 A2 41 76 41 82 41 37 40 B6 41 54 40 47 80 7C 15 00 01 C4 09 00 02 AC 0D 00 03 03 04 9A 05 B1 F8 AC 0D 00 03 03 04 9A 05 9A 05 9A 05 9A 05 0B 40 37 41 45 41 0A 40 86 40 C2 40 F5 40 9A 40 4B 41 B9 40 02 40 72 41 EB 40 6E 40 CE 40 5A 41 57 40 49 40 35 41 EA 80 88 13 00 01 C4 09 00 02 B8 0B 00 03 03 04 9A 05 00 01 D0 07 00 02 C4 09 00 03 03 04 9A 05 9A 05 9A 05 F1 81 88 13 00 01 D0 07 00 02 C4 09 00 03 03 04 9A 05 CF 41 D0 41 27 41 C1 40 D1 41 D2 41 31 41 BD 41 D3 41 26 40 D4 41 D5 41 C9 41 68 41 EE 40 4C 40 20 40 32 41 2C 40 F0 80 88 13 00 01 E8 03 00 02 C4 09 00 03 03 04 9A 05 00 00 00 00 00 00 00 00 00 00 00 00 00 00 00 00 00 00 00 00 00 00 00 00 00 00 00 00 00 00 00 00 00 00 00 00 00 00 00 00 00 00 00 00 00 00 00 00 00 00 00 00 00 00 00 00 00 00 00 00 00 00 00 00 00 00 00 00 00 00 00 00 00 00 00 00 00 00 00 00 00 00 00 00 00 00 00 00 00 00 49 38 A3 DA 74 D8 C4 6A 7E
[426803][00:28:47.903]7E FF 02 FF 28 BA 59 B8 81 05 8F 01 80 29 C4 FA 00 38 00 15 02 01 00 00 69 7F 94 05 29 C4 FA 04 90 E8 04 00 7B F3 E7 C9 33 20 00 00 12 74 72 69 07 00 00 10 02 00 00 00 00 00 00 05 00 0F 04 10 00 64 30 00 09 80 44 14 12 00 02 01 0A D0 02 CA 01 30 00 39 00 06 0A 3B CA D5 31 96 21 BA F9 C0 C7 00 52 33 00 3A 24 32 00 00 00 00 05 18 56 FA FE 38 00 00 24 00 0E 50 15 50 1C 50 31 50 0C 50 04 50 87 50 8A 50 93 51 34 50 36 50 08 50 40 51 D8 50 62 50 1A 50 11 50 17 50 BA 51 5D 50 29 50 39 51 75 50 7C 51 BC 50 5B 50 D9 50 9D 50 34 51 DF 50 2E 50 06 50 53 50 3C 51 02 50 F8 51 CF 50 68 51 01 51 0A 51 E4 50 6D 51 44 51 68 50 49 50 FE 51 CA 50 11 51 42 51 05 50 FA 51 2D 50 14 51 F2 50 C9 50 16 51 A2 50 C6 50 CF 41 5B 41 A0 41 79 40 51 41 D9 41 EC 41 EB 41 F2 41 60 41 C9 41 8F 41 EA 41 C7 40 C0 41 D3 40 A6 40 A2 41 76 41 82 41 37 40 B6 41 54 40 47 80 7C 15 00 01 C4 09 00 02 AC 0D 00 03 03 04 9A 05 B1 F8 AC 0D 00 03 03 04 9A 05 9A 05 9A 05 9A 05 0B 40 37 41 45 41 0A 40 86 40 C2 40 F5 40 9A 40 4B 41 B9 40 02 40 72 41 EB 40 6E 40 CE 40 5A 41 57 40 49 40 35 41 EA 80 88 13 00 01 C4 09 00 02 B8 0B 00 03 03 04 9A 05 00 01 D0 07 00 02 C4 09 00 03 03 04 9A 05 9A 05 9A 05 F1 81 88 13 00 01 D0 07 00 02 C4 09 00 03 03 04 9A 05 CF 41 D0 41 27 41 C1 40 D1 41 D2 41 31 41 BD 41 D3 41 26 40 D4 41 D5 41 C9 41 68 41 EE 40 4C 40 20 40 32 41 2C 40 F0 80 88 13 00 01 E8 03 00 02 C4 09 00 03 03 04 9A 05 00 00 00 00 00 00 00 00 00 00 00 00 00 00 00 00 00 00 00 00 00 00 00 00 00 00 00 00 00 00 00 00 00 00 00 00 00 00 00 00 00 00 00 00 00 00 00 00 00 00 00 00 00 00 00 00 00 00 00 00 00 00 00 00 00 00 00 00 00 00 00 00 00 00 00 00 00 00 00 00 00 00 00 00 00 00 00 00 00 00 C2 31 55 53 B0 E6 72 A4 7E
[426804][00:28:47.948]7E FF 02 FF 29 BA 67 B8 81 05 A2 01 E9 81 C9 FA 00 36 00 15 02 01 00 00 69 7F 94 61 81 C9 FA 04 90 E8 04 00 D5 E3 83 C9 33 20 00 00 12 74 72 69 07 00 00 10 02 00 00 00 00 00 00 05 00 0F 04 10 00 64 30 00 09 80 44 14 12 00 02 01 0A D0 02 CA 01 30 00 39 00 06 0A 3B CA D5 31 96 21 BA F9 C0 C7 00 52 33 00 3A 24 32 00 00 00 00 05 18 56 FA FE 38 00 00 24 00 0E 50 15 50 1C 50 31 50 0C 50 04 50 87 50 8A 50 93 51 34 50 36 50 08 50 40 51 D8 50 62 50 1A 50 11 50 17 50 BA 51 5D 50 29 50 39 51 75 50 7C 51 BC 50 5B 50 D9 50 9D 50 34 51 DF 50 2E 50 06 50 53 50 3C 51 02 50 F8 51 CF 50 68 51 01 51 0A 51 E4 50 6D 51 44 51 68 50 49 50 FE 51 CA 50 11 51 42 51 05 50 FA 51 2D 50 14 51 F2 50 C9 50 16 51 A2 50 C6 50 CF 41 5B 41 A0 41 79 40 51 41 D9 41 EC 41 EB 41 F2 41 60 41 C9 41 8F 41 EA 41 C7 40 C0 41 D3 40 A6 40 A2 41 76 41 82 41 37 40 B6 41 54 40 47 80 7C 15 00 01 C4 09 00 02 AC 0D 00 03 03 04 9A 05 B1 F8 AC 0D 00 03 03 04 9A 05 9A 05 9A 05 9A 05 0B 40 37 41 45 41 0A 40 86 40 C2 40 F5 40 9A 40 4B 41 B9 40 02 40 72 41 EB 40 6E 40 CE 40 5A 41 57 40 49 40 35 41 EA 80 88 13 00 01 C4 09 00 02 B8 0B 00 03 03 04 9A 05 00 01 D0 07 00 02 C4 09 00 03 03 04 9A 05 9A 05 9A 05 F1 81 88 13 00 01 D0 07 00 02 C4 09 00 03 03 04 9A 05 CF 41 D0 41 27 41 C1 40 D1 41 D2 41 31 41 BD 41 D3 41 26 40 D4 41 D5 41 C9 41 68 41 EE 40 4C 40 20 40 32 41 2C 40 F0 80 88 13 00 01 E8 03 00 02 C4 09 00 03 03 04 9A 05 00 00 00 00 00 00 00 00 00 00 00 00 00 00 00 00 00 00 00 00 00 00 00 00 00 00 00 00 00 00 00 00 00 00 00 00 00 00 00 00 00 00 00 00 00 00 00 00 00 00 00 00 00 00 00 00 00 00 00 00 00 00 00 00 00 00 00 00 00 00 00 00 00 00 00 00 00 00 00 00 00 00 00 00 00 00 00 00 00 00 C2 31 55 53 53 07 04 9B 7E
[426805][00:28:48.009]7E FF 02 FF 2A BA 7D B8 81 05 BF 00 B8 D0 D1 FA 00 27 03 15 02 01 00 00 69 7F 94 0B D3 D1 FA 87 90 E8 06 00 A5 42 48 C9 33 20 00 00 12 74 72 69 07 00 00 10 02 00 00 00 00 00 00 05 00 0F 87 10 00 51 70 00 00 68 35 16 12 00 03 01 0A D0 02 CA 01 30 00 39 00 06 0A 3B CA D5 31 96 21 BA F9 C0 C7 00 52 33 00 3A 24 32 00 00 00 00 05 18 56 FA FE 38 00 00 24 00 0E 50 15 50 1C 50 31 50 0C 50 04 50 87 50 8A 50 93 51 34 50 36 50 08 50 40 51 D8 50 62 50 1A 50 11 50 17 50 BA 51 5D 50 29 50 39 51 75 50 7C 51 BC 50 5B 50 D9 50 9D 50 34 51 DF 50 2E 50 06 50 53 50 3C 51 02 50 F8 51 CF 50 68 51 01 51 0A 51 E4 50 6D 51 44 51 68 50 49 50 FE 51 CA 50 11 51 42 51 05 50 FA 51 2D 50 14 51 F2 50 C9 50 16 51 A2 50 C6 50 CF 41 5B 41 A0 41 79 40 51 41 D9 41 EC 41 EB 41 F2 41 60 41 C9 41 8F 41 EA 41 C7 40 C0 41 D3 40 A6 40 A2 41 76 41 82 41 37 40 B6 41 54 40 47 80 7C 15 00 01 C4 09 00 02 AC 0D 00 03 03 04 9A 05 00 00 00 00 00 00 00 00 00 00 00 00 00 00 00 00 00 00 00 00 00 00 00 00 00 00 00 00 00 00 00 00 00 00 00 00 00 00 00 00 00 00 00 00 00 00 00 00 00 00 00 00 00 00 00 00 00 00 00 00 00 00 00 00 00 00 00 00 00 00 00 00 00 00 00 00 00 00 00 00 00 00 00 00 00 00 00 00 00 00 00 00 00 00 00 00 00 00 00 00 00 00 00 00 00 00 00 00 00 00 00 00 00 00 00 00 00 00 00 00 00 00 00 00 00 00 00 00 00 00 00 00 00 00 00 00 00 00 00 00 00 00 00 00 00 00 00 00 00 00 00 00 00 00 00 00 00 00 00 00 00 00 00 00 00 00 00 00 00 00 00 00 00 00 00 00 00 00 00 00 00 00 00 00 00 00 00 00 00 00 00 00 00 00 00 00 00 00 00 00 00 00 00 00 00 00 00 00 00 00 00 00 00 00 00 00 00 00 00 00 00 00 00 00 00 00 00 00 00 00 00 00 00 00 00 00 00 00 00 00 00 00 00 00 00 00 00 00 00 00 00 00 00 00 0F 1B 00 B3 EE 0A A8 32 7E
[426806][00:28:48.054]7E FF 02 FF 2B BA 0D B9 81 05 99 01 8B D3 08 FB 00 37 01 15 02 01 00 00 69 7F 94 25 D3 08 FB 36 90 E8 06 00 7B D9 2F C9 33 20 00 00 12 74 72 69 07 00 00 10 02 00 00 00 00 00 00 05 00 0F 36 10 00 64 30 00 09 79 78 92 12 00 03 01 0A D0 02 CA 01 30 00 39 00 06 0A 3B CA D5 31 96 21 BA F9 C0 C7 00 52 33 00 3A 24 32 00 00 00 00 05 18 56 FA FE 38 00 00 24 00 0E 50 15 50 1C 50 31 50 0C 50 04 50 87 50 8A 50 93 51 34 50 36 50 08 50 40 51 D8 50 62 50 1A 50 11 50 17 50 BA 51 5D 50 29 50 39 51 75 50 7C 51 BC 50 5B 50 D9 50 9D 50 34 51 DF 50 2E 50 06 50 53 50 3C 51 02 50 F8 51 CF 50 68 51 01 51 0A 51 E4 50 6D 51 44 51 68 50 49 50 FE 51 CA 50 11 51 42 51 05 50 FA 51 2D 50 14 51 F2 50 C9 50 16 51 A2 50 C6 50 CF 41 5B 41 A0 41 79 40 51 41 D9 41 EC 41 EB 41 F2 41 60 41 C9 41 8F 41 EA 41 C7 40 C0 41 D3 40 A6 40 A2 41 76 41 82 41 37 40 B6 41 54 40 47 80 7C 15 00 01 C4 09 00 02 AC 0D 00 03 03 04 9A 05 B1 F8 AC 0D 00 03 03 04 9A 05 9A 05 9A 05 9A 05 0B 40 37 41 45 41 0A 40 86 40 C2 40 F5 40 9A 40 4B 41 B9 40 02 40 72 41 EB 40 6E 40 CE 40 5A 41 57 40 49 40 35 41 EA 80 88 13 00 01 C4 09 00 02 B8 0B 00 03 03 04 9A 05 00 01 D0 07 00 02 C4 09 00 03 03 04 9A 05 9A 05 9A 05 F1 81 88 13 00 01 D0 07 00 02 C4 09 00 03 03 04 9A 05 CF 41 D0 41 27 41 C1 40 D1 41 D2 41 31 41 BD 41 D3 41 26 40 D4 41 D5 41 C9 41 68 41 EE 40 4C 40 20 40 32 41 2C 40 F0 80 88 13 00 01 E8 03 00 02 C4 09 00 03 03 04 9A 05 00 00 00 00 00 00 00 00 00 00 00 00 00 00 00 00 00 00 00 00 00 00 00 00 00 00 00 00 00 00 00 00 00 00 00 00 00 00 00 00 00 00 00 00 00 00 00 00 00 00 00 00 00 00 00 00 00 00 00 00 00 00 00 00 00 00 00 00 00 00 00 00 00 00 00 00 00 00 00 00 00 00 00 00 00 00 00 00 00 00 F1 8E 8B 04 A9 0D 1F 0F 7E
[426807][00:28:48.099]7E FF 02 FF 2C BA 1B B9 81 05 99 01 EA 2B 0E FB 00 3A 00 15 02 01 00 00 69 7F 94 81 2B 0E FB 36 90 E8 06 00 05 F8 01 C9 33 20 00 00 12 74 72 69 07 00 00 10 02 00 00 00 00 00 00 05 00 0F 36 10 00 64 30 00 09 79 78 92 12 00 03 01 0A D0 02 CA 01 30 00 39 00 06 0A 3B CA D5 31 96 21 BA F9 C0 C7 00 52 33 00 3A 24 32 00 00 00 00 05 18 56 FA FE 38 00 00 24 00 0E 50 15 50 1C 50 31 50 0C 50 04 50 87 50 8A 50 93 51 34 50 36 50 08 50 40 51 D8 50 62 50 1A 50 11 50 17 50 BA 51 5D 50 29 50 39 51 75 50 7C 51 BC 50 5B 50 D9 50 9D 50 34 51 DF 50 2E 50 06 50 53 50 3C 51 02 50 F8 51 CF 50 68 51 01 51 0A 51 E4 50 6D 51 44 51 68 50 49 50 FE 51 CA 50 11 51 42 51 05 50 FA 51 2D 50 14 51 F2 50 C9 50 16 51 A2 50 C6 50 CF 41 5B 41 A0 41 79 40 51 41 D9 41 EC 41 EB 41 F2 41 60 41 C9 41 8F 41 EA 41 C7 40 C0 41 D3 40 A6 40 A2 41 76 41 82 41 37 40 B6 41 54 40 47 80 7C 15 00 01 C4 09 00 02 AC 0D 00 03 03 04 9A 05 B1 F8 AC 0D 00 03 03 04 9A 05 9A 05 9A 05 9A 05 0B 40 37 41 45 41 0A 40 86 40 C2 40 F5 40 9A 40 4B 41 B9 40 02 40 72 41 EB 40 6E 40 CE 40 5A 41 57 40 49 40 35 41 EA 80 88 13 00 01 C4 09 00 02 B8 0B 00 03 03 04 9A 05 00 01 D0 07 00 02 C4 09 00 03 03 04 9A 05 9A 05 9A 05 F1 81 88 13 00 01 D0 07 00 02 C4 09 00 03 03 04 9A 05 CF 41 D0 41 27 41 C1 40 D1 41 D2 41 31 41 BD 41 D3 41 26 40 D4 41 D5 41 C9 41 68 41 EE 40 4C 40 20 40 32 41 2C 40 F0 80 88 13 00 01 E8 03 00 02 C4 09 00 03 03 04 9A 05 00 00 00 00 00 00 00 00 00 00 00 00 00 00 00 00 00 00 00 00 00 00 00 00 00 00 00 00 00 00 00 00 00 00 00 00 00 00 00 00 00 00 00 00 00 00 00 00 00 00 00 00 00 00 00 00 00 00 00 00 00 00 00 00 00 00 00 00 00 00 00 00 00 00 00 00 00 00 00 00 00 00 00 00 00 00 00 00 00 00 F1 8E 8B 04 89 20 D7 DF 7E
[426808][00:28:48.145]7E FF 02 FF 2D BA 79 B9 81 05 B2 01 79 09 32 FB 00 38 00 15 02 01 00 00 69 7F 94 2E 09 32 FB D8 90 E8 06 00 BC D8 D9 C9 33 20 00 00 12 74 72 69 07 00 00 10 02 00 00 00 00 00 00 05 00 0F D8 10 00 00 30 00 15 61 49 26 12 00 03 01 0A D0 02 CA 01 30 00 39 00 06 0A 3B CA D5 31 96 21 BA F9 C0 C7 00 52 33 00 3A 24 32 00 00 00 00 05 18 56 FA FE 38 00 00 24 00 0E 50 15 50 1C 50 31 50 0C 50 04 50 87 50 8A 50 93 51 34 50 36 50 08 50 40 51 D8 50 62 50 1A 50 11 50 17 50 BA 51 5D 50 29 50 39 51 75 50 7C 51 BC 50 5B 50 D9 50 9D 50 34 51 DF 50 2E 50 06 50 53 50 3C 51 02 50 F8 51 CF 50 68 51 01 51 0A 51 E4 50 6D 51 44 51 68 50 49 50 FE 51 CA 50 11 51 42 51 05 50 FA 51 2D 50 14 51 F2 50 C9 50 16 51 A2 50 C6 50 CF 41 5B 41 A0 41 79 40 51 41 D9 41 EC 41 EB 41 F2 41 60 41 C9 41 8F 41 EA 41 C7 40 C0 41 D3 40 A6 40 A2 41 76 41 82 41 37 40 B6 41 54 40 47 80 7C 15 00 01 C4 09 00 02 AC 0D 00 03 03 04 9A 05 00 00 00 00 00 00 00 00 00 00 00 00 00 00 00 00 00 00 00 00 00 00 00 00 00 00 00 00 00 00 00 00 00 00 00 00 00 00 00 00 00 00 00 00 00 00 00 00 00 00 00 00 00 00 00 00 00 00 00 00 00 00 00 00 00 00 00 00 00 00 00 00 00 00 00 00 00 00 00 00 00 00 00 00 00 00 00 00 00 00 00 00 00 00 00 00 00 00 00 00 00 00 00 00 00 00 00 00 00 00 00 00 00 00 00 00 00 00 00 00 00 00 00 00 00 00 00 00 00 00 00 00 00 00 00 00 00 00 00 00 00 00 00 00 00 00 00 00 00 00 00 00 00 00 00 00 00 00 00 00 00 00 00 00 00 00 00 00 00 00 00 00 00 00 00 00 00 00 00 00 00 00 00 00 00 00 00 00 00 00 00 00 00 00 00 00 00 00 00 00 00 00 00 00 00 00 00 00 00 00 00 00 00 00 00 00 00 00 00 00 00 00 00 00 00 00 00 00 00 00 00 00 00 00 00 00 00 00 00 00 00 00 00 00 00 00 00 00 00 00 00 00 00 00 2F D9 2B D0 65 73 77 FD 7E
[426809][00:28:48.206]7E FF 02 FF 2E BA 9D B9 81 05 9D 01 2D C2 3F FB 00 35 01 15 02 01 00 00 69 7F 94 A5 C1 3F FB 62 90 E8 04 00 01 0B 63 C9 33 20 00 00 12 74 72 69 07 00 00 10 02 00 00 00 00 00 00 05 00 0F 62 10 00 64 30 00 09 81 09 37 12 00 02 01 0A D0 02 CA 01 30 00 39 00 06 0A 3B CA D5 31 96 21 BA F9 C0 C7 00 52 33 00 3A 24 32 00 00 00 00 05 18 56 FA FE 38 00 00 24 00 0E 50 15 50 1C 50 31 50 0C 50 04 50 87 50 8A 50 93 51 34 50 36 50 08 50 40 51 D8 50 62 50 1A 50 11 50 17 50 BA 51 5D 50 29 50 39 51 75 50 7C 51 BC 50 5B 50 D9 50 9D 50 34 51 DF 50 2E 50 06 50 53 50 3C 51 02 50 F8 51 CF 50 68 51 01 51 0A 51 E4 50 6D 51 44 51 68 50 49 50 FE 51 CA 50 11 51 42 51 05 50 FA 51 2D 50 14 51 F2 50 C9 50 16 51 A2 50 C6 50 CF 41 5B 41 A0 41 79 40 51 41 D9 41 EC 41 EB 41 F2 41 60 41 C9 41 8F 41 EA 41 C7 40 C0 41 D3 40 A6 40 A2 41 76 41 82 41 37 40 B6 41 54 40 47 80 7C 15 00 01 C4 09 00 02 AC 0D 00 03 03 04 9A 05 B1 F8 AC 0D 00 03 03 04 9A 05 9A 05 9A 05 9A 05 0B 40 37 41 45 41 0A 40 86 40 C2 40 F5 40 9A 40 4B 41 B9 40 02 40 72 41 EB 40 6E 40 CE 40 5A 41 57 40 49 40 35 41 EA 80 88 13 00 01 C4 09 00 02 B8 0B 00 03 03 04 9A 05 00 01 D0 07 00 02 C4 09 00 03 03 04 9A 05 9A 05 9A 05 F1 81 88 13 00 01 D0 07 00 02 C4 09 00 03 03 04 9A 05 CF 41 D0 41 27 41 C1 40 D1 41 D2 41 31 41 BD 41 D3 41 26 40 D4 41 D5 41 C9 41 68 41 EE 40 4C 40 20 40 32 41 2C 40 F0 80 88 13 00 01 E8 03 00 02 C4 09 00 03 03 04 9A 05 00 00 00 00 00 00 00 00 00 00 00 00 00 00 00 00 00 00 00 00 00 00 00 00 00 00 00 00 00 00 00 00 00 00 00 00 00 00 00 00 00 00 00 00 00 00 00 00 00 00 00 00 00 00 00 00 00 00 00 00 00 00 00 00 00 00 00 00 00 00 00 00 00 00 00 00 00 00 00 00 00 00 00 00 00 00 00 00 00 00 C3 DA 7D C3 6C AC 3E EE 7E
[426810][00:28:48.252]7E FF 02 FF 2F BA AB B9 81 05 92 01 6D 1A 45 FB 00 36 01 15 02 01 00 00 69 7F 94 01 1A 45 FB 62 90 E8 04 00 C3 F2 CE C9 33 20 00 00 12 74 72 69 07 00 00 10 02 00 00 00 00 00 00 05 00 0F 62 10 00 64 30 00 09 81 09 37 12 00 02 01 0A D0 02 CA 01 30 00 39 00 06 0A 3B CA D5 31 96 21 BA F9 C0 C7 00 52 33 00 3A 24 32 00 00 00 00 05 18 56 FA FE 38 00 00 24 00 0E 50 15 50 1C 50 31 50 0C 50 04 50 87 50 8A 50 93 51 34 50 36 50 08 50 40 51 D8 50 62 50 1A 50 11 50 17 50 BA 51 5D 50 29 50 39 51 75 50 7C 51 BC 50 5B 50 D9 50 9D 50 34 51 DF 50 2E 50 06 50 53 50 3C 51 02 50 F8 51 CF 50 68 51 01 51 0A 51 E4 50 6D 51 44 51 68 50 49 50 FE 51 CA 50 11 51 42 51 05 50 FA 51 2D 50 14 51 F2 50 C9 50 16 51 A2 50 C6 50 CF 41 5B 41 A0 41 79 40 51 41 D9 41 EC 41 EB 41 F2 41 60 41 C9 41 8F 41 EA 41 C7 40 C0 41 D3 40 A6 40 A2 41 76 41 82 41 37 40 B6 41 54 40 47 80 7C 15 00 01 C4 09 00 02 AC 0D 00 03 03 04 9A 05 B1 F8 AC 0D 00 03 03 04 9A 05 9A 05 9A 05 9A 05 0B 40 37 41 45 41 0A 40 86 40 C2 40 F5 40 9A 40 4B 41 B9 40 02 40 72 41 EB 40 6E 40 CE 40 5A 41 57 40 49 40 35 41 EA 80 88 13 00 01 C4 09 00 02 B8 0B 00 03 03 04 9A 05 00 01 D0 07 00 02 C4 09 00 03 03 04 9A 05 9A 05 9A 05 F1 81 88 13 00 01 D0 07 00 02 C4 09 00 03 03 04 9A 05 CF 41 D0 41 27 41 C1 40 D1 41 D2 41 31 41 BD 41 D3 41 26 40 D4 41 D5 41 C9 41 68 41 EE 40 4C 40 20 40 32 41 2C 40 F0 80 88 13 00 01 E8 03 00 02 C4 09 00 03 03 04 9A 05 00 00 00 00 00 00 00 00 00 00 00 00 00 00 00 00 00 00 00 00 00 00 00 00 00 00 00 00 00 00 00 00 00 00 00 00 00 00 00 00 00 00 00 00 00 00 00 00 00 00 00 00 00 00 00 00 00 00 00 00 00 00 00 00 00 00 00 00 00 00 00 00 00 00 00 00 00 00 00 00 00 00 00 00 00 00 00 00 00 00 C3 DA 7D C3 99 AE AD 47 7E
[426811][00:28:48.298]7E FF 02 FF 30 BA 09 BA 81 05 7A 02 86 0B 69 FB 00 34 01 15 02 01 00 00 69 7F 94 0C 0A 69 FB 17 90 E8 02 00 EA 13 72 C9 33 20 00 00 12 74 72 69 07 00 00 10 02 00 00 00 00 00 00 05 00 0F 17 10 00 00 30 00 09 05 35 33 12 F6 00 01 0A D0 02 00 00 30 00 39 00 06 0A 3B CA D5 31 96 21 BA F9 C0 C7 00 52 33 00 3A 24 32 00 00 00 00 05 18 56 FA FE 38 00 00 24 00 0E 50 15 50 1C 50 31 50 0C 50 04 50 87 50 8A 50 93 51 34 50 36 50 08 50 40 51 D8 50 62 50 1A 50 11 50 17 50 BA 51 5D 50 29 50 39 51 75 50 7C 51 BC 50 5B 50 D9 50 9D 50 34 51 DF 50 2E 50 06 50 53 50 3C 51 02 50 F8 51 CF 50 68 51 01 51 0A 51 E4 50 6D 51 44 51 68 50 49 50 FE 51 CA 50 11 51 42 51 05 50 FA 51 2D 50 14 51 F2 50 C9 50 16 51 A2 50 C6 50 CF 41 5B 41 A0 41 79 40 51 41 D9 41 EC 41 EB 41 F2 41 60 41 C9 41 8F 41 EA 41 C7 40 C0 41 D3 40 A6 40 A2 41 76 41 82 41 37 40 B6 41 54 40 47 80 7C 15 00 01 C4 09 00 02 AC 0D 00 03 03 04 9A 05 B1 F8 AC 0D 00 03 03 04 9A 05 9A 05 9A 05 9A 05 0B 40 37 41 45 41 0A 40 86 40 C2 40 F5 40 9A 40 4B 41 B9 40 02 40 72 41 EB 40 6E 40 CE 40 5A 41 57 40 49 40 35 41 EA 80 88 13 00 01 C4 09 00 02 B8 0B 00 03 03 04 9A 05 00 01 D0 07 00 02 C4 09 00 03 03 04 9A 05 9A 05 9A 05 F1 81 88 13 00 01 D0 07 00 02 C4 09 00 03 03 04 9A 05 CF 41 D0 41 27 41 C1 40 D1 41 D2 41 31 41 BD 41 D3 41 26 40 D4 41 D5 41 C9 41 68 41 EE 40 4C 40 20 40 32 41 2C 40 F0 80 88 13 00 01 E8 03 00 02 C4 09 00 03 03 04 9A 05 00 00 00 00 00 00 00 00 00 00 00 00 00 00 00 00 00 00 00 00 00 00 00 00 00 00 00 00 00 00 00 00 00 00 00 00 00 00 00 00 00 00 00 00 00 00 00 00 00 00 00 00 00 00 00 00 00 00 00 00 00 00 00 00 00 00 00 00 00 00 00 00 00 00 00 00 00 00 00 00 00 00 00 00 00 00 00 00 00 00 51 D9 1C C9 F2 54 84 BC 7E
[426812][00:28:49.376]7E FF 02 FF 31 BA 25 BE 81 05 4A 03 3A 96 20 FD 00 38 01 15 02 01 00 00 69 7F 94 9B 7E 20 FD 05 90 E8 02 00 C3 B7 E8 C9 33 20 00 00 12 74 72 69 07 00 00 10 02 00 00 00 00 00 00 05 00 0F 05 40 14 00 30 00 09 05 35 40 42 1C 00 01 0A D0 02 00 00 30 00 39 00 06 0A 3B CA D5 31 96 21 BA F9 C0 C7 00 52 33 00 3A 24 32 00 00 00 00 05 18 56 FA FE 38 00 00 24 00 0E 50 15 50 1C 50 31 50 0C 50 04 50 87 50 8A 50 93 51 34 50 36 50 08 50 40 51 D8 50 62 50 1A 50 11 50 17 50 BA 51 5D 50 29 50 39 51 75 50 7C 51 BC 50 5B 50 D9 50 9D 50 34 51 DF 50 2E 50 06 50 53 50 3C 51 02 50 F8 51 CF 50 68 51 01 51 0A 51 E4 50 6D 51 44 51 68 50 49 50 FE 51 CA 50 11 51 42 51 05 50 FA 51 2D 50 14 51 F2 50 C9 50 16 51 A2 50 C6 50 CF 41 5B 41 A0 41 79 40 51 41 D9 41 EC 41 EB 41 F2 41 60 41 C9 41 8F 41 EA 41 C7 40 C0 41 D3 40 A6 40 A2 41 76 41 82 41 37 40 B6 41 54 40 47 80 7C 15 00 01 C4 09 00 02 AC 0D 00 03 03 04 9A 05 B1 F8 AC 0D 00 03 03 04 9A 05 9A 05 9A 05 9A 05 0B 40 37 41 45 41 0A 40 86 40 C2 40 F5 40 9A 40 4B 41 B9 40 02 40 72 41 EB 40 6E 40 CE 40 5A 41 57 40 49 40 35 41 EA 80 88 13 00 01 C4 09 00 02 B8 0B 00 03 03 04 9A 05 00 01 D0 07 00 02 C4 09 00 03 03 04 9A 05 9A 05 9A 05 F1 81 88 13 00 01 D0 07 00 02 C4 09 00 03 03 04 9A 05 CF 41 D0 41 27 41 C1 40 D1 41 D2 41 31 41 BD 41 D3 41 26 40 D4 41 D5 41 C9 41 68 41 EE 40 4C 40 20 40 32 41 2C 40 F0 80 88 13 00 01 E8 03 00 02 C4 09 00 03 03 04 9A 05 00 00 00 00 00 00 00 00 00 00 00 00 00 00 00 00 00 00 00 00 00 00 00 00 00 00 00 00 00 00 00 00 00 00 00 00 00 00 00 00 00 00 00 00 00 00 00 00 00 00 00 00 00 00 00 00 00 00 00 00 00 00 00 00 00 00 00 00 00 00 00 00 00 00 00 00 00 00 00 00 00 00 00 00 00 00 00 00 00 00 C5 04 52 66 3E AC FB 9F 7E
[426813][00:28:50.545]7E FF 02 FF 32 BA 17 C3 81 05 90 01 63 35 DD FE 00 3B 00 15 02 01 00 00 69 7F 94 E1 34 DD FE 47 90 E8 04 00 35 25 99 C8 33 20 00 00 12 74 72 69 07 00 00 10 02 00 00 00 00 00 00 05 00 0F 47 10 00 64 30 00 09 80 99 65 11 00 02 01 0A D0 02 CA 01 30 00 39 00 06 0A 3B CA D5 31 96 21 BA F9 C0 23 00 52 33 00 3A 24 32 00 00 00 00 05 18 56 FA FE 38 00 00 24 00 7C 15 00 01 C4 09 00 02 AC 0D 00 03 03 04 9A 05 B1 F8 AC 0D 00 03 03 04 9A 05 9A 05 9A 05 9A 05 0B 40 37 41 45 41 0A 40 86 40 C2 40 F5 40 9A 40 4B 41 B9 40 02 40 72 41 EB 40 6E 40 CE 40 5A 41 57 40 49 40 35 41 EA 80 88 13 00 01 C4 09 00 02 B8 0B 00 03 03 04 9A 05 00 01 D0 07 00 02 C4 09 00 03 03 04 9A 05 9A 05 9A 05 F1 81 88 13 00 01 D0 07 00 02 C4 09 00 03 03 04 9A 05 CF 41 D0 41 27 41 C1 40 D1 41 D2 41 31 41 BD 41 D3 41 26 40 D4 41 D5 41 C9 41 68 41 EE 40 4C 40 20 40 32 41 2C 40 F0 80 88 13 00 01 E8 03 00 02 C4 09 00 03 03 04 9A 05 00 00 00 00 00 00 00 00 00 00 00 00 00 00 00 00 00 00 00 00 00 00 00 00 00 00 00 00 00 00 00 00 00 00 00 00 00 00 00 00 00 00 00 00 00 00 00 00 00 00 00 00 00 00 00 00 00 00 00 00 00 00 00 00 00 00 00 00 00 00 00 00 00 00 00 00 00 00 00 00 00 00 00 00 00 00 00 00 00 00 00 00 00 00 00 00 00 00 00 00 00 00 00 00 00 00 00 00 00 00 00 00 00 00 00 00 00 00 00 00 00 00 00 00 00 00 00 00 00 00 00 00 00 00 00 00 00 00 00 00 00 00 00 00 00 00 00 00 00 00 00 00 00 00 00 00 00 00 00 00 00 00 00 00 00 00 00 00 00 00 00 00 00 00 00 00 00 00 00 00 00 00 00 00 00 00 00 00 00 00 00 00 00 00 00 00 00 00 00 00 00 00 00 00 00 00 00 00 00 00 00 00 00 00 00 00 00 00 00 00 00 00 00 00 00 00 00 00 00 00 00 00 00 00 00 00 00 00 00 00 00 00 00 00 00 00 00 00 00 00 00 00 00 00 4C 8A B4 5E 58 87 1A BA 7E
[426814][00:28:50.560]7E FF 02 FF 33 BA 41 C3 81 05 9B 03 12 6E ED FE 00 00 03 94 00 01 00 01 69 7F 94 01 E0 00 03 DC 13 79 40 00 C8 12 A6 10 00 7A 01 03 6D BA 30 3F 88 FF 00 00 33 00 00 11 03 00 00 01 02 33 03 6E 20 28 0A FE FE FE FE 68 2D 00 43 05 35 54 79 09 00 30 10 C6 90 10 00 09 05 02 28 01 40 00 02 00 00 01 10 F0 D5 56 98 83 8E 08 15 8F 01 3B 87 D4 9A 8C D7 CF 9C 16 F7 D1 AC FA 00 00 00 00 00 00 00 00 00 00 00 00 00 00 00 00 00 00 00 00 00 00 00 00 00 00 00 00 00 00 00 00 00 00 00 00 00 00 00 00 00 00 00 00 00 00 00 00 00 4B 2A 9B 4F 7E
[426815][00:28:50.575]7E FF 02 FF 34 BA 3E C3 81 05 D6 00 87 6B EA FE 01 22 10 94 00 01 00 01 69 7F 94 01 80 0D 03 E8 30 00 10 00 8F A5 14 10 00 DE 00 03 6E BA 30 3F 88 FF 00 00 33 00 00 11 03 00 00 01 02 33 03 62 20 28 0A FE FE FE FE 68 2D 00 43 05 97 36 05 09 00 30 10 C7 AF 10 00 09 05 02 1D 01 40 00 02 00 00 01 10 F0 D5 56 98 83 8E 08 15 8F 01 3B 87 D4 9A 8C D7 88 41 16 1C 39 A7 52 00 00 00 00 00 00 00 00 00 00 00 00 00 00 00 00 00 00 00 00 00 00 00 00 00 00 00 00 00 00 00 00 00 00 00 00 00 00 00 00 00 00 00 00 00 00 00 00 00 38 90 DA 2B 7E
[426816][00:28:50.590]7E FF 02 FF 35 BA 6B C3 81 05 D2 01 B1 AD FB FE 01 23 10 94 00 01 00 01 69 7F 94 01 F0 FF 03 95 30 00 12 00 1E 30 EB 10 00 FF 3F 01 6F BA 30 3F 88 FF 09 00 33 00 00 20 00 00 12 74 72 FF FF FF FF FF FF 11 03 00 00 01 02 33 03 61 20 28 0A FE FE FE FE 68 2D 00 43 05 96 36 05 09 00 30 10 12 30 10 00 09 05 02 1C 01 40 00 02 00 00 01 10 F0 D5 56 98 83 8E 08 15 8F 01 3B 87 D4 9A 8C D7 F3 45 16 34 02 5B 85 00 00 00 00 00 00 00 00 00 00 00 00 00 00 00 00 00 00 00 00 00 00 00 00 00 00 00 00 00 00 00 00 00 00 00 00 00 68 64 2C E0 7E
[426817][00:28:50.605]7E FF 02 FF 36 BA 77 C3 81 05 E3 01 43 DC 01 FF 00 FF 03 94 00 01 00 01 69 7F 94 01 E0 00 03 DC 13 79 44 00 D9 10 22 10 00 7A 01 03 6D BA 30 3F 88 FF 00 00 33 00 00 11 03 00 00 01 02 33 03 6E 20 28 0A FE FE FE FE 68 2D 00 43 05 35 54 79 09 00 30 10 C6 90 10 00 09 05 02 28 01 40 00 02 00 00 01 10 F0 D5 56 98 83 8E 08 15 8F 01 3B 87 D4 9A 8C D7 CF 9C 16 F7 D1 AC FA 00 00 00 00 00 00 00 00 00 00 00 00 00 00 00 00 00 00 00 00 00 00 00 00 00 00 00 00 00 00 00 00 00 00 00 00 00 00 00 00 00 00 00 00 00 00 00 00 00 D1 6A D0 AB 7E
[426818][00:28:50.635]7E FF 02 FF 37 BA 85 C3 81 05 9A 03 31 B6 06 FF 01 55 02 94 00 01 00 01 69 7F 94 87 F0 FF 00 4F 30 00 22 00 04 86 7E 10 00 FF 3F 01 6F BA 30 3F 88 EF 09 00 33 00 00 20 00 00 12 74 72 FF FF FF FF FF FF 11 03 00 00 01 02 33 03 61 20 28 0A FE FE FE FE 68 2D 00 43 05 96 36 05 09 00 30 10 12 30 10 00 09 05 02 1C 01 40 00 02 00 00 01 10 F0 D5 56 98 83 8E 08 15 8F 01 3B 87 D4 9A 8C D7 F3 45 16 34 02 5B 85 00 00 00 00 00 00 00 00 00 00 00 00 00 00 00 00 00 00 00 00 00 00 00 00 00 00 00 00 00 00 00 00 00 00 00 00 00 BA 6F 90 C9 7E
[426819][00:28:50.650]7E FF 02 FF 38 BA 89 C3 81 05 BE 01 75 B5 08 FF 00 29 01 94 00 01 00 01 69 7F 94 87 F0 FF 03 C1 12 79 42 00 D0 1E D1 10 00 FF 3F 01 6F BA 30 3F 88 EF 09 00 33 00 00 20 00 00 12 74 72 FF FF FF FF FF FF 11 03 00 00 01 02 33 03 61 20 28 0A FE FE FE FE 68 2D 00 43 05 96 36 05 09 00 30 10 12 30 10 00 09 05 02 1C 01 40 00 02 00 00 01 10 F0 D5 56 98 83 8E 08 15 8F 01 3B 87 D4 9A 8C D7 F3 45 16 34 02 5B 85 00 00 00 00 00 00 00 00 00 00 00 00 00 00 00 00 00 00 00 00 00 00 00 00 00 00 00 00 00 00 00 00 00 00 00 00 00 0A 59 CB 3A 7E
[426820][00:28:50.665]7E FF 02 FF 39 BA 39 C3 81 05 18 03 2F 79 10 FF 00 37 00 94 00 01 00 01 69 7F 94 D8 40 13 03 EF 12 3D 60 00 42 09 3B 10 00 DE 00 03 6E BA 30 3F 88 EF 00 00 33 00 00 11 03 00 00 01 02 33 03 62 20 28 0A FE FE FE FE 68 2D 00 43 05 97 36 05 09 00 30 10 C7 AF 10 00 09 05 02 1D 01 40 00 02 00 00 01 10 F0 D5 56 98 83 8E 08 15 8F 01 3B 87 D4 9A 8C D7 88 41 16 1C 39 A7 52 00 00 00 00 00 00 00 00 00 00 00 00 00 00 00 00 00 00 00 00 00 00 00 00 00 00 00 00 00 00 00 00 00 00 00 00 00 00 00 00 00 00 00 00 00 00 00 00 00 17 1D C8 16 7E
[426821][00:28:50.680]7E FF 02 FF 3A BA A6 C3 81 05 6D 01 C9 C0 13 FF 00 38 00 94 00 01 00 01 69 7F 94 D8 F0 FF 03 C1 12 79 42 00 85 1E 09 10 00 FF 3F 01 6F BA 30 3F 88 EF 09 00 33 00 00 20 00 00 12 74 72 FF FF FF FF FF FF 11 03 00 00 01 02 33 03 61 20 28 0A FE FE FE FE 68 2D 00 43 05 96 36 05 09 00 30 10 12 30 10 00 09 05 02 1C 01 40 00 02 00 00 01 10 F0 D5 56 98 83 8E 08 15 8F 01 3B 87 D4 9A 8C D7 F3 45 16 34 02 5B 85 00 00 00 00 00 00 00 00 00 00 00 00 00 00 00 00 00 00 00 00 00 00 00 00 00 00 00 00 00 00 00 00 00 00 00 00 00 CF 9C B8 DB 7E
[426822][00:28:50.680]7E FF 02 FF 3B BA B9 C3 81 05 B5 02 CB 22 1B FF 00 38 00 10 00 01 00 02 69 7F 94 10 01 E0 00 01 00 04 00 00 57 8F 8D CE 75 7C D8 7E
[426823][00:28:50.695]7E FF 02 FF 3C BA C0 C3 81 05 D5 00 60 9C 1D FF 00 01 03 94 00 01 00 01 69 7F 94 01 E0 00 03 DC 13 79 44 00 D9 10 22 10 00 7A 01 03 6D BA 30 3F 88 FF 00 00 33 00 00 11 03 00 00 01 02 33 03 6E 20 28 0A FE FE FE FE 68 2D 00 43 05 35 54 79 09 00 30 10 C6 90 10 00 09 05 02 28 01 40 00 02 00 00 01 10 F0 D5 56 98 83 8E 08 15 8F 01 3B 87 D4 9A 8C D7 CF 9C 16 F7 D1 AC FA 00 00 00 00 00 00 00 00 00 00 00 00 00 00 00 00 00 00 00 00 00 00 00 00 00 00 00 00 00 00 00 00 00 00 00 00 00 00 00 00 00 00 00 00 00 00 00 00 00 F5 F6 AF 41 7E
[426824][00:28:50.710]7E FF 02 FF 3D BA CF C3 81 05 72 03 F3 94 23 FF 00 35 00 94 00 01 00 01 69 7F 94 17 10 00 01 FC 13 79 44 00 B9 E6 D0 70 01 01 00 04 C3 C1 00 3B 78 EF 04 00 33 00 00 07 00 00 00 17 00 17 00 8E 00 2F 00 62 4F C1 02 7F FD 2D 00 40 E2 C9 00 40 29 01 00 C7 88 00 04 3A 00 D4 E3 22 42 02 2D 72 B3 3B 6E 18 96 40 00 9B 00 57 10 94 0A 00 05 00 30 2C F1 4F B1 25 00 00 00 00 00 00 00 00 00 00 00 00 00 00 00 00 00 00 00 00 00 00 00 00 00 00 00 00 00 00 00 00 00 00 00 00 00 00 00 00 00 00 00 00 00 00 00 00 00 00 00 00 00 5E 69 48 00 7E
[426825][00:28:50.710]7E FF 02 FF 3E BA D7 C3 81 05 ED 02 C2 9B 26 FF 00 35 00 10 00 01 00 02 69 7F 94 10 01 70 01 01 01 03 00 00 A1 23 76 96 3A 0C 85 7E
[426826][00:28:50.725]7E FF 02 FF 3F BA DC C3 81 05 32 00 16 3A 28 FF 00 00 03 94 00 01 00 01 69 7F 94 01 F0 FF 03 8D 13 79 42 00 52 4D 92 10 00 FF 3F 01 6F BA 30 3F 88 FF 09 00 33 00 00 20 00 00 12 74 72 FF FF FF FF FF FF 11 03 00 00 01 02 33 03 61 20 28 0A FE FE FE FE 68 2D 00 43 05 96 36 05 09 00 30 10 12 30 10 00 09 05 02 1C 01 40 00 02 00 00 01 10 F0 D5 56 98 83 8E 08 15 8F 01 3B 87 D4 9A 8C D7 F3 45 16 34 02 5B 85 00 00 00 00 00 00 00 00 00 00 00 00 00 00 00 00 00 00 00 00 00 00 00 00 00 00 00 00 00 00 00 00 00 00 00 00 00 58 13 EA D3 7E
[426827][00:28:50.755]7E FF 02 FF 40 BA E3 C3 81 05 BD 02 C4 23 2B FF 00 36 00 14 01 01 00 01 69 7F 94 05 F0 FF 01 E5 14 EB C2 00 EA E5 72 50 00 FF 2F 01 A6 E0 00 8C 78 01 04 00 33 00 00 08 00 00 00 05 40 14 42 30 00 09 05 35 40 20 00 00 12 74 72 39 1C 23 32 37 00 0A 01 06 00 2F 00 00 00 00 00 44 31 02 0F C1 02 6F 98 29 00 00 80 48 00 00 01 00 00 80 08 00 04 22 00 40 20 02 42 00 04 30 11 02 68 00 94 00 00 08 00 26 00 14 00 00 00 00 20 08 01 01 05 01 04 01 04 01 03 04 02 03 02 04 03 01 03 04 03 04 01 01 02 01 01 01 02 01 02 01 02 02 04 01 01 02 01 01 01 01 02 02 02 01 01 02 02 01 01 02 01 01 05 01 02 EB 38 F2 88 00 00 00 00 00 00 00 00 00 00 00 00 00 00 00 00 00 00 00 00 00 00 00 00 00 00 00 00 00 00 00 00 00 00 00 00 00 00 00 00 00 00 00 00 00 00 00 00 00 00 00 00 00 00 00 00 00 00 00 00 00 00 00 00 00 00 00 00 00 00 00 00 00 00 00 00 00 00 00 00 00 00 00 00 00 00 00 00 00 00 00 00 00 00 00 00 00 00 00 00 14 5D E1 E6 7E
[426828][00:28:50.755]7E FF 02 FF 41 BA F2 C3 81 05 55 02 07 D9 30 FF 00 36 00 10 00 01 00 03 69 7F 94 F4 0B 48 2C 00 00 00 10 02 D7 0A 04 DD A1 BB AB 7E
[426829][00:28:50.769]7E FF 02 FF 42 BA FC C3 81 05 49 01 30 8E 34 FF 00 36 00 10 00 01 00 02 69 7F 94 10 D8 E0 02 01 0E 00 00 00 CB 9D 3C AB A8 48 7A 7E
[426830][00:28:50.784]7E FF 02 FF 43 BA 9E C3 81 05 38 00 12 B9 36 FF 00 34 00 94 00 01 00 01 69 7F 94 05 40 14 01 FC 13 79 40 00 4F 2A 36 50 00 44 01 04 A7 E0 00 4A 78 EF 04 00 33 00 00 07 00 00 00 05 00 05 00 8D 00 3E 00 62 4F C3 02 7F FC 2D 00 40 C2 C9 20 40 29 01 00 C5 88 00 04 3A 80 D4 E3 22 42 00 25 72 B3 2B 6E 1A 96 42 00 9B 00 76 10 94 0A 00 05 00 30 2C 00 00 00 00 00 00 00 00 00 04 00 00 00 00 01 92 D4 F7 26 00 00 00 00 00 00 00 00 00 00 00 00 00 00 00 00 00 00 00 00 00 00 00 00 00 00 00 00 00 00 00 00 00 00 00 00 00 00 AA DB B7 4E 7E
[426831][00:28:50.920]7E FF 02 FF 44 BA B3 C4 81 05 02 01 6C 53 7A FF 00 39 00 94 00 01 00 01 69 7F 94 2E 80 0D 01 FC 13 79 40 00 69 CB 28 E0 02 D8 00 04 B0 F2 00 3B 70 EF 04 00 33 00 00 07 00 00 00 2E 00 2E 00 B1 00 2F 00 62 4F C3 02 7F FD 2D 00 40 E2 C9 20 40 69 01 00 C7 88 00 04 BE D0 D4 E3 6A C2 02 2D 72 B7 7F 7E 1A 96 44 04 8A 00 77 18 94 1A 00 05 00 30 2C 63 8D 9C B2 00 00 00 00 00 00 00 00 00 00 00 00 00 00 00 00 00 00 00 00 00 00 00 00 00 00 00 00 00 00 00 00 00 00 00 00 00 00 00 00 00 00 00 00 00 00 00 00 00 00 00 00 00 E6 08 61 7B 7E
[426832][00:28:50.920]7E FF 02 FF 45 BA BB C4 81 05 38 00 32 50 7D FF 00 39 00 10 00 01 00 02 69 7F 94 10 D8 E0 02 01 00 00 00 00 2A 1D BB 7A 0C 84 9E 7E
[426833][00:28:50.920]7E FF 02 FF 46 BA C1 C4 81 05 84 00 08 A4 7F FF 00 39 00 10 00 01 00 02 69 7F 94 01 06 00 00 01 1F 00 00 00 69 EE 9A 4D 6C BD FC 7E
[426834][00:28:50.935]7E FF 02 FF 47 BA CB C4 81 05 B7 03 7A BD 83 FF 00 35 00 94 00 01 00 01 69 7F 94 05 40 14 01 FC 13 79 44 00 5E 28 B2 50 00 44 01 04 A7 E0 00 4A 78 EF 04 00 33 00 00 07 00 00 00 05 00 05 00 8D 00 3E 00 62 4F C3 02 7F FC 2D 00 40 C2 C9 20 40 29 01 00 C5 88 00 04 3A 80 D4 E3 22 42 00 25 72 B3 2B 6E 1A 96 42 00 9B 00 76 10 94 0A 00 05 00 30 2C 00 00 00 00 00 00 00 00 00 04 00 00 00 00 01 92 D4 F7 26 00 00 00 00 00 00 00 00 00 00 00 00 00 00 00 00 00 00 00 00 00 00 00 00 00 00 00 00 00 00 00 00 00 00 00 00 00 00 B2 30 B1 18 7E
[426835][00:28:50.950]7E FF 02 FF 48 BA D8 C4 81 05 BA 00 1A 68 88 FF 00 37 00 94 00 01 00 01 69 7F 94 05 F0 FF 03 99 12 79 42 00 46 08 77 10 00 FF 3F 01 6F BA 30 3F 88 CF 09 00 33 00 00 20 00 00 12 74 72 FF FF FF FF FF FF 11 03 00 00 01 02 33 03 61 20 28 0A FE FE FE FE 68 2D 00 43 05 96 36 05 09 00 30 10 12 30 10 00 09 05 02 1C 01 40 00 02 00 00 01 10 F0 D5 56 98 83 8E 08 15 8F 01 3B 87 D4 9A 8C D7 F3 45 16 34 02 5B 85 00 00 00 00 00 00 00 00 00 00 00 00 00 00 00 00 00 00 00 00 00 00 00 00 00 00 00 00 00 00 00 00 00 00 00 00 00 6A 9A A4 58 7E
[426836][00:28:50.965]7E FF 02 FF 49 BA F4 C4 81 05 FD 02 76 56 93 FF 00 37 00 10 00 01 00 02 69 7F 94 10 34 91 04 01 1F 00 00 00 A5 4E 79 33 28 A6 85 7E
[426837][00:28:50.995]7E FF 02 FF 4A BA 09 C5 81 05 A0 01 12 31 9B FF 00 3B 00 94 00 01 00 01 69 7F 94 49 F0 FF 03 99 12 79 42 00 02 08 97 10 00 FF 3F 01 6F BA 30 3F 88 DF 09 00 33 00 00 20 00 00 12 74 72 FF FF FF FF FF FF 11 03 00 00 01 02 33 03 61 20 28 0A FE FE FE FE 68 2D 00 43 05 96 36 05 09 00 30 10 12 30 10 00 09 05 02 1C 01 40 00 02 00 00 01 10 F0 D5 56 98 83 8E 08 15 8F 01 3B 87 D4 9A 8C D7 F3 45 16 34 02 5B 85 00 00 00 00 00 00 00 00 00 00 00 00 00 00 00 00 00 00 00 00 00 00 00 00 00 00 00 00 00 00 00 00 00 00 00 00 00 C5 D7 3F AC 7E
[426838][00:28:51.010]7E FF 02 FF 4B BA 19 C5 81 05 0C 00 E8 27 A1 FF 00 3B 00 10 00 01 00 02 69 7F 94 10 D8 40 13 01 01 00 00 00 56 74 8E CC 19 A8 17 7E
[426839][00:28:51.070]7E FF 02 FF 4C BA 4D C5 81 05 3F 03 8D 4A B5 FF 00 36 00 94 00 01 00 01 69 7F 94 17 10 00 01 FC 13 79 40 00 A8 E4 54 70 01 01 00 04 C5 C1 00 3B 78 EF 04 00 33 00 00 07 00 00 00 17 00 17 00 8F 00 2F 00 62 4F C3 02 7F FD 2D 00 40 E2 C9 00 40 29 01 00 C7 88 00 04 3A 00 D4 E3 22 42 02 2D 72 B3 3B 6E 18 96 40 00 9B 00 57 10 94 0A 00 05 00 30 2C BB EA D2 73 00 00 00 00 00 00 00 00 00 00 00 00 00 00 00 00 00 00 00 00 00 00 00 00 00 00 00 00 00 00 00 00 00 00 00 00 00 00 00 00 00 00 00 00 00 00 00 00 00 00 00 00 00 1B 01 70 85 7E
[426840][00:28:51.070]7E FF 02 FF 4D BA 55 C5 81 05 B4 02 CE 4D B8 FF 00 36 00 10 00 01 00 02 69 7F 94 10 01 70 01 01 01 01 00 00 A0 03 72 4B 8C 54 3A 7E
[426841][00:28:51.099]7E FF 02 FF 4E BA 75 C5 81 05 A5 03 3D 8E C3 FF 01 22 0D 10 00 01 00 02 69 7F 94 00 01 80 0D 00 A9 01 00 00 CC DD C2 7B 11 91 AF 7E
[426842][00:28:51.160]7E FF 02 FF 4F BA A2 C5 81 05 88 01 1B F2 D3 FF 01 23 0F 94 00 01 00 01 69 7F 94 01 80 0D 01 E8 30 00 10 00 0E B5 D2 10 00 D8 00 05 70 BA 00 3A 88 FF 00 00 33 00 00 01 00 00 00 30 00 09 04 92 33 20 00 00 12 74 72 0A 03 68 31 34 01 01 01 18 54 20 45 E1 93 04 00 01 00 00 00 A7 4A 00 00 00 00 00 00 03 00 00 00 06 00 00 00 5C 00 AB 00 D5 00 D0 CE 0E 93 00 00 00 00 00 00 00 00 00 00 00 00 00 00 00 00 00 00 00 00 00 00 00 00 00 00 00 00 00 00 00 00 00 00 00 00 00 00 00 00 00 00 00 00 00 00 00 00 00 00 00 00 00 00 60 51 07 59 7E
[426843][00:28:51.190]7E FF 02 FF 50 BA D6 C5 81 05 50 03 5F 87 E8 FF 01 23 0D 10 00 01 00 02 69 7F 94 00 01 80 0D 00 A7 01 00 00 2D 5D 45 9B 8A 0A 64 7E
[426844][00:28:51.205]7E FF 02 FF 51 BA DD C5 81 05 FB 02 35 30 EC FF 00 34 01 94 00 01 00 01 69 7F 94 3E F0 FF 01 7C 1B 3D 62 00 87 71 3A 10 00 FF 3F 01 6F BA 30 3F 88 DF 09 00 33 00 00 20 00 00 12 74 72 FF FF FF FF FF FF 11 03 00 00 01 02 33 03 61 20 28 0A FE FE FE FE 68 2D 00 43 05 96 36 05 09 00 30 10 12 30 10 00 09 05 02 1C 01 40 00 02 00 00 01 10 F0 D5 56 98 83 8E 08 15 8F 01 3B 87 D4 9A 8C D7 F3 45 16 34 02 5B 85 00 00 00 00 00 00 00 00 00 00 00 00 00 00 00 00 00 00 00 00 00 00 00 00 00 00 00 00 00 00 00 00 00 00 00 00 00 94 40 8F B8 7E
[426845][00:28:51.265]7E FF 02 FF 52 BA 05 C6 81 05 15 01 1A AB F9 FF 01 23 10 94 00 01 00 01 69 7F 94 01 80 0D 01 E8 30 00 10 00 0E B5 D2 10 00 D8 00 05 71 BA 00 4A 88 FF 00 00 33 00 00 01 00 00 00 30 00 09 04 92 31 20 00 00 12 74 72 0A 03 DF 20 34 01 01 01 95 53 20 45 E1 93 04 00 03 00 00 00 A8 4A 00 00 00 00 00 00 0B 00 00 00 16 00 00 00 D4 00 EE 00 6B 01 37 01 81 00 30 01 4F 01 FF 00 EB 10 BB 00 2F 01 01 8B 93 A0 00 00 00 00 00 00 00 00 00 00 00 00 00 00 00 00 00 00 00 00 00 00 00 00 00 00 00 00 00 00 00 00 00 00 00 00 00 00 8A AB 43 50 7E
[426846][00:28:51.311]7E FF 02 FF 53 BA 49 C6 81 05 5C 00 30 24 15 00 00 38 00 94 00 01 00 01 69 7F 94 D8 40 13 01 EF 12 3D 60 00 C3 19 FD 80 0D 34 01 00 0D 1A 00 4A 10 FF 08 00 33 00 00 30 00 15 61 49 26 30 00 09 03 54 73 01 00 00 00 30 00 09 04 92 31 20 00 00 12 74 72 0A 03 DF 20 34 01 01 01 95 53 20 45 E1 93 04 00 03 00 00 00 A8 4A 00 00 00 00 00 00 0B 00 00 00 16 00 00 00 D4 00 EE 00 6B 01 37 01 81 00 30 01 4F 01 FF 00 EB 10 BB 00 2F 01 01 8B 93 A0 00 00 00 00 00 00 00 00 00 00 00 00 00 00 00 00 00 00 00 00 00 00 00 00 00 00 9B 67 6F FD 7E
[426847][00:28:51.342]7E FF 02 FF 54 BA 60 C6 81 05 68 02 32 1B 1E 00 00 35 00 94 00 01 00 01 69 7F 94 B3 F0 FF 01 C1 12 79 42 00 62 0E CB 30 0B FF 2F 01 30 02 00 4B 10 FF 08 00 33 00 00 70 00 01 32 04 70 FF FF FF FF FF FF 08 00 00 00 B3 10 00 11 70 00 01 32 04 70 20 00 00 12 74 72 36 02 56 64 03 00 0F 01 C6 01 22 00 47 00 00 00 01 30 02 00 00 00 00 00 00 00 00 00 00 00 00 00 00 00 80 00 00 00 00 00 00 00 00 00 00 00 00 00 00 00 00 20 3E 3D 12 10 4A 8E F7 00 00 00 00 00 00 00 00 00 00 00 00 00 00 00 00 00 00 00 00 00 00 00 00 00 2C B5 FD AB 7E
[426848][00:28:51.373]7E FF 02 FF 55 BA 83 C6 81 05 31 03 7C 88 2B 00 00 3A 00 94 00 01 00 01 69 7F 94 2E 80 0D 01 FC 13 79 44 00 78 C9 AC E0 02 D8 00 04 B2 F2 00 3B 70 EF 04 00 33 00 00 07 00 00 00 2E 00 2E 00 AC 00 2F 00 62 4F C3 02 7F FD 2D 00 40 E2 C9 20 40 69 01 00 C7 88 00 04 BE D0 D4 E3 6A C2 0A 2D 72 B7 7F 7E 18 96 44 04 8A 00 77 18 94 1A 00 05 00 30 6C 6F C7 A5 EF 00 00 00 00 00 00 00 00 00 00 00 00 00 00 00 00 00 00 00 00 00 00 00 00 00 00 00 00 00 00 00 00 00 00 00 00 00 00 00 00 00 00 00 00 00 00 00 00 00 00 00 00 00 5B 65 B9 26 7E
[426849][00:28:51.388]7E FF 02 FF 56 BA 8B C6 81 05 8E 02 6A 8B 2E 00 00 3A 00 10 00 01 00 02 69 7F 94 10 D8 E0 02 01 00 00 00 00 2A 1D BB D0 25 5A 30 7E
[426850][00:28:51.403]7E FF 02 FF 57 BA 95 C6 81 05 28 02 4F 4E 32 00 00 34 01 94 00 01 00 01 69 7F 94 15 F0 FF 01 7C 1B 3D 62 00 A9 71 1E 10 00 FF 3F 01 6F BA 30 3F 88 DF 09 00 33 00 00 20 00 00 12 74 72 FF FF FF FF FF FF 11 03 00 00 01 02 33 03 61 20 28 0A FE FE FE FE 68 2D 00 43 05 96 36 05 09 00 30 10 12 30 10 00 09 05 02 1C 01 40 00 02 00 00 01 10 F0 D5 56 98 83 8E 08 15 8F 01 3B 87 D4 9A 8C D7 F3 45 16 34 02 5B 85 00 00 00 00 00 00 00 00 00 00 00 00 00 00 00 00 00 00 00 00 00 00 00 00 00 00 00 00 00 00 00 00 00 00 00 00 00 F3 BA 9D 89 7E
[426851][00:28:51.449]7E FF 02 FF 58 BA D7 C6 81 05 BF 03 5D A7 4B 00 00 34 01 10 00 01 00 02 69 7F 94 10 D8 00 00 01 0E 00 00 00 73 6A 62 A2 2A 70 ED 7E
[426852][00:28:51.464]7E FF 02 FF 59 BA EA C6 81 05 BA 00 8B 90 51 00 01 23 0D 10 00 01 00 02 69 7F 94 00 01 80 0D 00 A8 01 00 00 DD 9D 46 1E C6 57 25 7E
[426853][00:28:51.524]7E FF 02 FF 5A BA 0C C7 81 05 55 02 62 1E 5E 00 01 22 10 94 00 01 00 01 69 7F 94 01 80 0D 01 E8 30 00 10 00 0E B5 D2 10 00 D8 00 05 72 BA 00 34 88 FF 00 00 33 00 00 01 00 00 00 30 00 09 04 54 46 20 00 00 12 74 72 0A 02 83 20 D8 00 01 01 49 75 16 45 E1 93 04 00 02 00 00 00 A9 4A 00 00 00 00 00 00 00 00 00 00 00 00 00 00 09 59 8D 77 00 00 00 00 00 00 00 00 00 00 00 00 00 00 00 00 00 00 00 00 00 00 00 00 00 00 00 00 00 00 00 00 00 00 00 00 00 00 00 00 00 00 00 00 00 00 00 00 00 00 00 00 00 00 00 00 00 00 00 00 CC 5C 35 96 7E
[426854][00:28:51.570]7E FF 02 FF 5B BA 3D C7 81 05 4F 01 72 50 72 00 00 FD 03 94 00 01 00 01 69 7F 94 01 F0 FF 03 8D 13 79 42 00 52 4D 92 10 00 FF 3F 01 6F BA 30 3F 88 FF 09 00 33 00 00 20 00 00 12 74 72 FF FF FF FF FF FF 11 03 00 00 01 02 33 03 61 20 28 0A FE FE FE FE 68 2D 00 43 05 96 36 05 09 00 30 10 12 30 10 00 09 05 02 1C 01 40 00 02 00 00 01 10 F0 D5 56 98 83 8E 08 15 8F 01 3B 87 D4 9A 8C D7 F3 45 16 34 02 5B 85 00 00 00 00 00 00 00 00 00 00 00 00 00 00 00 00 00 00 00 00 00 00 00 00 00 00 00 00 00 00 00 00 00 00 00 00 00 E0 CF A7 75 7E
[426855][00:28:51.600]7E FF 02 FF 5C BA 4D C7 81 05 0D 01 09 62 78 00 00 3A 00 94 00 01 00 01 69 7F 94 D8 F0 FF 01 C1 12 79 42 00 04 0E CF 80 0D FF 2F 03 0F 1A 00 34 10 FF 08 00 33 00 00 30 00 15 61 49 26 FF FF FF FF FF FF 01 00 00 00 30 00 09 04 54 46 20 00 00 12 74 72 0A 02 83 20 D8 00 01 01 49 75 16 45 E1 93 04 00 02 00 00 00 A9 4A 00 00 00 00 00 00 00 00 00 00 00 00 00 00 09 59 8D 77 00 00 00 00 00 00 00 00 00 00 00 00 00 00 00 00 00 00 00 00 00 00 00 00 00 00 00 00 00 00 00 00 00 00 00 00 00 00 00 00 00 00 00 00 00 00 00 00 B9 3E 83 9B 7E
[426856][00:28:51.600]7E FF 02 FF 5D BA 5A C7 81 05 33 01 50 5B 7D 00 00 36 00 94 00 01 00 01 69 7F 94 D8 F0 FF 01 C1 12 79 42 00 04 0E CF 80 0D FF 2F 03 0F 1A 00 34 10 FF 08 00 33 00 00 30 00 15 61 49 26 FF FF FF FF FF FF 01 00 00 00 30 00 09 04 54 46 20 00 00 12 74 72 0A 02 83 20 D8 00 01 01 49 75 16 45 E1 93 04 00 02 00 00 00 A9 4A 00 00 00 00 00 00 00 00 00 00 00 00 00 00 09 59 8D 77 00 00 00 00 00 00 00 00 00 00 00 00 00 00 00 00 00 00 00 00 00 00 00 00 00 00 00 00 00 00 00 00 00 00 00 00 00 00 00 00 00 00 00 00 00 00 00 00 C8 B4 04 CE 7E
[426857][00:28:51.615]7E FF 02 FF 5E BA 76 C7 81 05 E4 01 A0 1B 88 00 00 39 00 54 00 01 00 01 69 7F 94 46 F0 FF 01 74 11 40 E2 00 6E 61 F9 60 04 FF 2F 01 19 08 00 26 10 01 04 00 33 00 00 08 00 00 00 46 70 01 21 30 00 09 05 35 36 20 00 00 12 74 72 39 1B 00 00 00 00 00 01 02 00 00 00 00 00 00 00 17 30 91 DF AE 10 00 00 00 00 00 00 00 00 00 00 6C C1 26 94 7E
[426858][00:28:51.677]7E FF 02 FF 5F BA C0 C7 81 05 89 02 07 6B A4 00 00 39 00 10 00 01 00 02 69 7F 94 10 17 30 05 01 02 00 00 00 56 A4 E6 06 D9 89 7B 7E
[426859][00:28:51.692]7E FF 02 FF 60 BA D0 C7 81 05 14 00 53 4A AA 00 00 39 00 10 00 01 00 02 69 7F 94 10 D8 40 13 01 00 00 00 00 47 34 0A 6B F5 F1 1F 7E
[426860][00:28:51.723]7E FF 02 FF 61 BA D5 C7 81 05 7A 00 10 34 AC 00 00 35 00 94 00 01 00 01 69 7F 94 17 10 00 01 FC 13 79 40 00 A8 E4 54 30 05 01 00 04 6D 82 00 5C 00 DF 0C 00 33 00 00 30 00 09 05 35 45 20 00 00 12 74 72 00 00 00 00 30 00 09 05 33 96 53 00 00 00 00 00 00 00 00 00 39 03 00 01 43 70 24 45 E8 07 02 12 09 23 07 03 01 00 01 01 00 02 02 00 0D 00 00 09 03 31 17 6E 54 4E 59 58 0F 00 0F 00 00 00 00 00 02 00 00 00 0E 8A 31 0E EE C7 D3 5A 47 9F 1B 00 00 31 44 59 58 03 FB C1 01 9C 02 01 09 F8 2E 09 00 00 00 00 00 00 00 00 06 4D B5 D0 7E
[426861][00:28:51.723]7E FF 02 FF 62 BA DC C7 81 05 D7 03 DF 39 AF 00 00 35 00 10 00 01 00 02 69 7F 94 10 01 70 01 01 01 00 00 00 A1 13 B6 26 06 F8 41 7E
[426862][00:28:51.723]7E FF 02 FF 63 BA E2 C7 81 05 AB 00 37 2A B0 00 01 22 0C 10 00 01 00 02 69 7F 94 00 01 80 0D 00 A9 00 00 00 CD CD 06 55 57 53 F2 7E
[426863][00:28:51.738]7E FF 02 FF 64 BA EF C7 81 05 DF 03 8C 73 B6 00 00 FD 03 94 00 01 00 01 69 7F 94 01 70 01 01 DC 13 79 40 00 D4 A1 95 10 00 17 00 05 73 BA 00 34 88 FF 00 00 33 00 00 01 00 00 00 30 00 09 05 33 96 20 00 00 12 74 72 0A 03 50 21 53 00 01 01 43 70 24 45 E1 93 04 00 02 00 00 00 AA 4A 00 00 00 00 00 00 00 00 00 00 00 00 00 00 8E 5F C9 FB 00 00 00 00 00 00 00 00 00 00 00 00 00 00 00 00 00 00 00 00 00 00 00 00 00 00 00 00 00 00 00 00 00 00 00 00 00 00 00 00 00 00 00 00 00 00 00 00 00 00 00 00 00 00 00 00 00 00 00 00 C3 50 B4 31 7E
[426864][00:28:51.768]7E FF 02 FF 65 BA 04 C8 81 05 E5 03 26 78 BE 00 00 36 00 94 00 01 00 01 69 7F 94 17 10 00 01 FC 13 79 44 00 B9 E6 D0 30 05 01 00 04 6D 82 00 5C 00 DF 0C 00 33 00 00 30 00 09 05 35 45 20 00 00 12 74 72 00 00 00 00 30 00 09 05 33 96 53 00 00 00 00 00 00 00 00 00 39 03 00 01 43 70 24 45 E8 07 02 12 09 23 07 03 01 00 01 01 00 02 02 00 0D 00 00 09 03 31 17 6E 54 4E 59 58 0F 00 0F 00 00 00 00 00 02 00 00 00 0E 8A 31 0E EE C7 D3 5A 47 9F 1B 00 00 31 44 59 58 03 FB C1 01 9C 02 01 09 F8 2E 09 00 00 00 00 00 00 00 00 1C 66 21 82 7E
[426865][00:28:51.768]7E FF 02 FF 66 BA 0C C8 81 05 79 03 73 80 C1 00 00 36 00 10 00 01 00 02 69 7F 94 10 01 70 01 01 01 02 00 00 A0 33 B2 E7 ED E3 EB 7E
[426866][00:28:51.768]7E FF 02 FF 67 BA 19 C8 81 05 A4 02 B0 62 C6 00 00 36 00 10 00 01 00 02 69 7F 94 01 17 C0 13 01 0B 00 00 00 EC A6 A0 03 01 EB 70 7E
[426867][00:28:51.799]7E FF 02 FF 68 BA 18 C8 81 05 6C 00 32 2A C4 00 01 23 10 94 00 01 00 01 69 7F 94 01 80 0D 01 E8 30 00 10 00 0E B5 D2 10 00 D8 00 05 74 BA 00 34 88 FF 00 00 33 00 00 01 00 00 00 30 00 09 05 36 51 20 00 00 12 74 72 0A 04 4C 20 68 00 01 01 97 95 24 45 E1 93 04 00 16 00 00 00 AB 4A 00 00 00 00 00 00 00 00 00 00 00 00 00 00 E3 20 5D B7 00 00 00 00 00 00 00 00 00 00 00 00 00 00 00 00 00 00 00 00 00 00 00 00 00 00 00 00 00 00 00 00 00 00 00 00 00 00 00 00 00 00 00 00 00 00 00 00 00 00 00 00 00 00 00 00 00 00 00 00 C4 95 45 F5 7E
[426868][00:28:51.813]7E FF 02 FF 69 BA 27 C8 81 05 D6 00 5D 6A CB 00 00 FD 03 94 00 01 00 01 69 7F 94 01 70 01 01 DC 13 79 44 00 C5 A3 11 10 00 17 00 05 73 BA 00 34 88 FF 00 00 33 00 00 01 00 00 00 30 00 09 05 33 96 20 00 00 12 74 72 0A 03 50 21 53 00 01 01 43 70 24 45 E1 93 04 00 02 00 00 00 AA 4A 00 00 00 00 00 00 00 00 00 00 00 00 00 00 8E 5F C9 FB 00 00 00 00 00 00 00 00 00 00 00 00 00 00 00 00 00 00 00 00 00 00 00 00 00 00 00 00 00 00 00 00 00 00 00 00 00 00 00 00 00 00 00 00 00 00 00 00 00 00 00 00 00 00 00 00 00 00 00 00 B6 F2 15 9D 7E
[426869][00:28:51.829]7E FF 02 FF 6A BA 3E C8 81 05 0F 02 45 6A D4 00 00 39 00 94 00 01 00 01 69 7F 94 D8 40 13 01 24 14 79 44 00 DD 39 2A 80 0D 34 01 00 10 1A 00 34 10 FF 08 00 33 00 00 30 00 15 61 49 26 30 00 09 03 54 73 01 00 00 00 30 00 09 05 36 51 20 00 00 12 74 72 0A 04 4C 20 68 00 01 01 97 95 24 45 E1 93 04 00 16 00 00 00 AB 4A 00 00 00 00 00 00 00 00 00 00 00 00 00 00 E3 20 5D B7 00 00 00 00 00 00 00 00 00 00 00 00 00 00 00 00 00 00 00 00 00 00 00 00 00 00 00 00 00 00 00 00 00 00 00 00 00 00 00 00 00 00 00 00 00 00 00 00 F4 7E A3 BF 7E
[426870][00:28:51.844]7E FF 02 FF 6B BA E9 C7 81 05 5A 00 75 F8 D9 00 00 39 00 94 00 01 00 01 69 7F 94 D8 40 13 01 24 14 79 44 00 DD 39 2A 80 0D 34 01 00 10 1A 00 34 10 FF 08 00 33 00 00 30 00 15 61 49 26 30 00 09 03 54 73 01 00 00 00 30 00 09 05 36 51 20 00 00 12 74 72 0A 04 4C 20 68 00 01 01 97 95 24 45 E1 93 04 00 16 00 00 00 AB 4A 00 00 00 00 00 00 00 00 00 00 00 00 00 00 E3 20 5D B7 00 00 00 00 00 00 00 00 00 00 00 00 00 00 00 00 00 00 00 00 00 00 00 00 00 00 00 00 00 00 00 00 00 00 00 00 00 00 00 00 00 00 00 00 00 00 00 00 A5 2C 20 F9 7E
[426871][00:28:51.858]7E FF 02 FF 6C BA 5A C8 81 05 A5 00 91 F5 DE 00 00 FD 03 94 00 01 00 01 69 7F 94 01 70 01 01 DC 13 79 44 00 C5 A3 11 10 00 17 00 05 73 BA 00 34 88 FF 00 00 33 00 00 01 00 00 00 30 00 09 05 33 96 20 00 00 12 74 72 0A 03 50 21 53 00 01 01 43 70 24 45 E1 93 04 00 02 00 00 00 AA 4A 00 00 00 00 00 00 00 00 00 00 00 00 00 00 8E 5F C9 FB 00 00 00 00 00 00 00 00 00 00 00 00 00 00 00 00 00 00 00 00 00 00 00 00 00 00 00 00 00 00 00 00 00 00 00 00 00 00 00 00 00 00 00 00 00 00 00 00 00 00 00 00 00 00 00 00 00 00 00 00 E6 F1 62 29 7E
[426872][00:28:51.874]7E FF 02 FF 6D BA 67 C8 81 05 A1 01 8C 03 E4 00 00 37 00 94 00 01 00 01 69 7F 94 D8 40 13 01 EF 12 3D 64 00 D2 1B 79 80 0D 34 01 00 10 1A 00 34 10 FF 08 00 33 00 00 30 00 15 61 49 26 30 00 09 03 54 73 01 00 00 00 30 00 09 05 36 51 20 00 00 12 74 72 0A 04 4C 20 68 00 01 01 97 95 24 45 E1 93 04 00 16 00 00 00 AB 4A 00 00 00 00 00 00 00 00 00 00 00 00 00 00 E3 20 5D B7 00 00 00 00 00 00 00 00 00 00 00 00 00 00 00 00 00 00 00 00 00 00 00 00 00 00 00 00 00 00 00 00 00 00 00 00 00 00 00 00 00 00 00 00 00 00 00 00 93 99 2F BC 7E
[426873][00:28:51.903]7E FF 02 FF 6E BA 8B C8 81 05 D3 00 DB AA F1 00 00 38 00 94 00 01 00 01 69 7F 94 D8 40 13 01 24 14 79 44 00 DD 39 2A 80 0D 34 01 00 10 1A 00 34 10 FF 08 00 33 00 00 30 00 15 61 49 26 30 00 09 03 54 73 01 00 00 00 30 00 09 05 36 51 20 00 00 12 74 72 0A 04 4C 20 68 00 01 01 97 95 24 45 E1 93 04 00 16 00 00 00 AB 4A 00 00 00 00 00 00 00 00 00 00 00 00 00 00 E3 20 5D B7 00 00 00 00 00 00 00 00 00 00 00 00 00 00 00 00 00 00 00 00 00 00 00 00 00 00 00 00 00 00 00 00 00 00 00 00 00 00 00 00 00 00 00 00 00 00 00 00 31 8C EC E3 7E
[426874][00:28:51.918]7E FF 02 FF 6F BA 98 C8 81 05 6B 00 64 96 F6 00 00 3B 00 94 00 01 00 01 69 7F 94 D8 40 13 01 24 14 79 44 00 DD 39 2A 80 0D 34 01 00 10 1A 00 34 10 FF 08 00 33 00 00 30 00 15 61 49 26 30 00 09 03 54 73 01 00 00 00 30 00 09 05 36 51 20 00 00 12 74 72 0A 04 4C 20 68 00 01 01 97 95 24 45 E1 93 04 00 16 00 00 00 AB 4A 00 00 00 00 00 00 00 00 00 00 00 00 00 00 E3 20 5D B7 00 00 00 00 00 00 00 00 00 00 00 00 00 00 00 00 00 00 00 00 00 00 00 00 00 00 00 00 00 00 00 00 00 00 00 00 00 00 00 00 00 00 00 00 00 00 00 00 63 C5 5B 9F 7E
[426875][00:28:51.918]7E FF 02 FF 70 BA AF C8 81 05 14 01 77 72 FF 00 00 3B 00 10 00 01 00 02 69 7F 94 10 D8 E0 02 01 03 00 00 00 1A DD BB B2 B1 26 1F 7E
[426876][00:28:51.933]7E FF 02 FF 71 BA C1 C8 81 05 73 01 E2 4E 05 01 01 23 0C 10 00 01 00 02 69 7F 94 00 01 80 0D 00 A9 01 00 00 CC DD C2 40 B7 D0 53 7E
[426877][00:28:51.978]7E FF 02 FF 72 BA D2 C8 81 05 E3 03 82 0D 0D 01 00 FA 03 94 00 01 00 01 69 7F 94 01 70 01 01 DC 13 79 44 00 C5 A3 11 10 00 17 00 05 73 BA 00 34 88 FF 00 00 33 00 00 01 00 00 00 30 00 09 05 33 96 20 00 00 12 74 72 0A 03 50 21 53 00 01 01 43 70 24 45 E1 93 04 00 02 00 00 00 AA 4A 00 00 00 00 00 00 00 00 00 00 00 00 00 00 8E 5F C9 FB 00 00 00 00 00 00 00 00 00 00 00 00 00 00 00 00 00 00 00 00 00 00 00 00 00 00 00 00 00 00 00 00 00 00 00 00 00 00 00 00 00 00 00 00 00 00 00 00 00 00 00 00 00 00 00 00 00 00 00 00 A1 0E 7F C9 7E
[426878][00:28:51.993]7E FF 02 FF 73 BA D2 C8 81 05 E2 01 66 42 0B 01 01 23 0F 94 00 01 00 01 69 7F 94 01 80 0D 01 E8 30 00 10 00 0E B5 D2 10 00 D8 00 05 75 BA 00 34 88 FF 00 00 33 00 00 01 00 00 00 30 00 09 03 50 15 20 00 00 12 74 72 0A 03 81 20 2E 00 01 01 30 32 06 45 E1 93 04 00 01 00 00 00 AC 4A 00 00 00 00 00 00 00 00 00 00 00 00 00 00 79 35 37 91 00 00 00 00 00 00 00 00 00 00 00 00 00 00 00 00 00 00 00 00 00 00 00 00 00 00 00 00 00 00 00 00 00 00 00 00 00 00 00 00 00 00 00 00 00 00 00 00 00 00 00 00 00 00 00 00 00 00 00 00 47 BD 65 7F 7E
[426879][00:28:52.113]7E FF 02 FF 74 BA 5E C9 81 05 AD 01 61 3F 42 01 00 38 00 94 00 01 00 01 69 7F 94 05 40 14 01 FC 13 79 40 00 4F 2A 36 50 00 44 01 04 A9 E0 00 4A 78 EF 04 00 33 00 00 07 00 00 00 05 00 05 00 8C 00 3E 00 62 4F C3 02 7F FC 2D 00 40 C2 C9 20 40 29 01 00 C5 88 00 04 3A 80 D4 E3 22 42 08 25 72 B3 2B 6E 1A 96 42 00 9A 00 76 10 94 0A 00 05 00 30 2C 00 00 00 00 00 00 00 00 00 04 00 00 00 00 01 34 6E A3 F8 00 00 00 00 00 00 00 00 00 00 00 00 00 00 00 00 00 00 00 00 00 00 00 00 00 00 00 00 00 00 00 00 00 00 00 00 00 00 37 47 36 C6 7E
[426880][00:28:52.128]7E FF 02 FF 75 BA 76 C9 81 05 39 00 F5 40 4B 01 00 33 00 94 00 01 00 01 69 7F 94 2E F0 FF 01 99 12 79 46 00 F8 1A 11 E0 02 FF 2F 03 B4 F2 00 34 70 EF 04 00 33 00 00 01 00 00 00 30 00 09 03 50 15 20 00 00 12 74 72 0A 03 81 20 2E 00 01 01 30 32 06 45 E1 93 04 00 01 00 00 00 AC 4A 00 00 00 00 00 00 00 00 00 00 00 00 00 00 79 35 37 91 00 00 00 00 00 00 00 00 00 00 00 00 00 00 00 00 00 00 00 00 00 00 00 00 00 00 00 00 00 00 00 00 00 00 00 00 00 00 00 00 00 00 00 00 00 00 00 00 00 00 00 00 00 00 00 00 00 00 00 00 BE 81 98 35 7E
[426881][00:28:52.143]7E FF 02 FF 76 BA 94 C9 81 05 AD 02 B0 F8 56 01 00 33 00 10 00 01 00 02 69 7F 94 10 06 00 00 01 1F 00 00 00 7B EE 06 A7 B5 AE 54 7E
[426882][00:28:52.173]7E FF 02 FF 77 BA A8 C9 81 05 8D 01 13 7B 5E 01 00 33 00 10 00 01 00 02 69 7F 94 01 17 C0 13 01 02 00 00 00 7C E6 A2 CF 4C CA C6 7E
[426883][00:28:52.188]7E FF 02 FF 78 BA C0 C9 81 05 9C 03 29 D8 67 01 00 33 00 10 00 01 00 02 69 7F 94 10 D8 40 13 01 00 00 00 00 47 34 0A A9 94 D6 55 7E
[426884][00:28:52.217]7E FF 02 FF 79 BA D9 C9 81 05 AF 01 D9 2F 71 01 00 33 00 10 00 01 00 02 69 7F 94 10 34 01 00 01 0D 00 00 00 20 7A 6F 95 4B E4 3D 7E
[426885][00:28:52.248]7E FF 02 FF 7A BA ED C9 81 05 F3 00 5C B8 78 01 00 38 01 94 00 01 00 01 69 7F 94 17 30 05 01 FC 13 79 44 00 B0 67 71 70 01 53 00 0A C6 C1 00 34 78 EF 04 00 33 00 00 01 00 00 00 30 00 09 05 33 96 20 00 00 12 74 72 0A 03 50 21 53 00 01 01 43 70 24 45 E1 93 04 00 02 00 00 00 AA 4A 00 00 00 00 00 00 00 00 00 00 00 00 00 00 8E 5F C9 FB 00 00 00 00 00 00 00 00 00 00 00 00 00 00 00 00 00 00 00 00 00 00 00 00 00 00 00 00 00 00 00 00 00 00 00 00 00 00 00 00 00 00 00 00 00 00 00 00 00 00 00 00 00 00 00 00 00 00 00 00 24 F9 96 3C 7E
[426886][00:28:52.264]7E FF 02 FF 7B BA FC C9 81 05 01 02 13 8D 7E 01 00 34 00 94 00 01 00 01 69 7F 94 17 10 00 01 FC 13 79 40 00 A8 E4 54 70 01 01 00 04 C7 C1 00 4A 78 EF 04 00 33 00 00 07 00 00 00 17 00 53 00 AD 00 3E 00 62 4F C3 02 7F FD 2D 00 40 E2 C9 20 40 69 01 00 C7 88 00 04 BE D1 D6 E3 6A D6 0A 2D 72 B7 7F 7E 18 96 D6 04 9B 00 77 18 94 1A 00 05 00 30 2C 00 00 00 00 00 00 00 00 00 04 00 00 00 00 01 8F C5 CE DA 00 00 00 00 00 00 00 00 00 00 00 00 00 00 00 00 00 00 00 00 00 00 00 00 00 00 00 00 00 00 00 00 00 00 00 00 00 00 33 22 D7 DF 7E
[426887][00:28:52.279]7E FF 02 FF 7C BA 04 CA 81 05 98 01 0B 93 81 01 00 34 00 10 00 01 00 02 69 7F 94 10 01 70 01 01 01 00 00 00 A1 13 B6 B8 44 18 87 7E
[426888][00:28:52.339]7E FF 02 FF 7D BA 56 CA 81 05 46 02 7D E2 9F 01 01 23 0C 10 00 01 00 02 69 7F 94 00 01 80 0D 00 A8 00 00 00 DC 8D 82 AC 40 57 A5 7E
[426889][00:28:52.370]7E FF 02 FF 7E BA 72 CA 81 05 AD 01 80 82 AA 01 01 23 0D 10 00 01 00 02 69 7F 94 00 01 80 0D 00 A8 01 00 00 DD 9D 46 68 48 6D 0C 7E
[426890][00:28:52.401]7E FF 02 FF 7F BA 7A CA 81 05 CC 03 99 30 AD 01 01 23 0F 94 00 01 00 01 69 7F 94 01 80 0D 01 E8 30 00 10 00 0E B5 D2 10 00 D8 00 05 76 BA 00 34 88 FF 00 00 33 00 00 01 00 00 00 30 00 09 04 11 20 20 00 00 12 74 72 0A 04 E7 20 6D 01 01 01 83 42 12 45 E1 93 04 00 01 00 00 00 AD 4A 00 00 00 00 00 00 00 00 00 00 00 00 00 00 3B 30 F5 64 00 00 00 00 00 00 00 00 00 00 00 00 00 00 00 00 00 00 00 00 00 00 00 00 00 00 00 00 00 00 00 00 00 00 00 00 00 00 00 00 00 00 00 00 00 00 00 00 00 00 00 00 00 00 00 00 00 00 00 00 56 06 D2 5B 7E
[426891][00:28:52.416]7E FF 02 FF 80 BA 98 CA 81 05 7D 01 4A 02 BA 01 00 36 00 94 00 01 00 01 69 7F 94 D8 40 13 01 EF 12 3D 60 00 C3 19 FD 80 0D 34 01 00 12 1A 00 34 10 FF 08 00 33 00 00 30 00 15 61 49 26 30 00 09 03 54 73 01 00 00 00 30 00 09 04 11 20 20 00 00 12 74 72 0A 04 E7 20 6D 01 01 01 83 42 12 45 E1 93 04 00 01 00 00 00 AD 4A 00 00 00 00 00 00 00 00 00 00 00 00 00 00 3B 30 F5 64 00 00 00 00 00 00 00 00 00 00 00 00 00 00 00 00 00 00 00 00 00 00 00 00 00 00 00 00 00 00 00 00 00 00 00 00 00 00 00 00 00 00 00 00 00 00 00 00 F0 F1 28 16 7E
[426892][00:28:52.432]7E FF 02 FF 81 BA A3 CA 81 05 19 02 50 3D BD 01 01 22 0D 10 00 01 00 02 69 7F 94 00 01 80 0D 00 A9 01 00 00 CC DD C2 D3 31 6A 93 7E
[426893][00:28:52.447]7E FF 02 FF 82 BA A8 CA 81 05 92 01 89 1D C0 01 00 38 00 94 00 01 00 01 69 7F 94 D8 40 13 01 24 14 79 44 00 DD 39 2A 80 0D 34 01 00 12 1A 00 34 10 FF 08 00 33 00 00 30 00 15 61 49 26 30 00 09 03 54 73 01 00 00 00 30 00 09 04 11 20 20 00 00 12 74 72 0A 04 E7 20 6D 01 01 01 83 42 12 45 E1 93 04 00 01 00 00 00 AD 4A 00 00 00 00 00 00 00 00 00 00 00 00 00 00 3B 30 F5 64 00 00 00 00 00 00 00 00 00 00 00 00 00 00 00 00 00 00 00 00 00 00 00 00 00 00 00 00 00 00 00 00 00 00 00 00 00 00 00 00 00 00 00 00 00 00 00 00 F2 36 51 69 7E
[426894][00:28:52.462]7E FF 02 FF 83 BA B4 CA 81 05 47 03 B6 42 C3 01 01 22 0F 94 00 01 00 01 69 7F 94 01 80 0D 01 E8 30 00 10 00 0E B5 D2 10 00 D8 00 05 77 BA 00 34 88 FF 00 00 33 00 00 01 00 00 00 30 00 09 05 36 96 20 00 00 12 74 72 0A 04 6A 20 68 00 01 01 43 00 25 45 E1 93 04 00 06 00 00 00 AE 4A 00 00 00 00 00 00 00 00 00 00 00 00 00 00 27 A4 58 A4 00 00 00 00 00 00 00 00 00 00 00 00 00 00 00 00 00 00 00 00 00 00 00 00 00 00 00 00 00 00 00 00 00 00 00 00 00 00 00 00 00 00 00 00 00 00 00 00 00 00 00 00 00 00 00 00 00 00 00 00 B6 44 01 F6 7E
[426895][00:28:52.492]7E FF 02 FF 84 BA E0 CA 81 05 49 00 37 5C D5 01 00 37 00 94 00 01 00 01 69 7F 94 D8 40 13 01 EF 12 3D 60 00 C3 19 FD 80 0D 34 01 00 13 1A 00 34 10 FF 08 00 33 00 00 30 00 15 61 49 26 30 00 09 03 54 73 01 00 00 00 30 00 09 05 36 96 20 00 00 12 74 72 0A 04 6A 20 68 00 01 01 43 00 25 45 E1 93 04 00 06 00 00 00 AE 4A 00 00 00 00 00 00 00 00 00 00 00 00 00 00 27 A4 58 A4 00 00 00 00 00 00 00 00 00 00 00 00 00 00 00 00 00 00 00 00 00 00 00 00 00 00 00 00 00 00 00 00 00 00 00 00 00 00 00 00 00 00 00 00 00 00 00 00 42 49 4A 6F 7E
[426896][00:28:52.507]7E FF 02 FF 85 BA E7 CA 81 05 40 03 53 B5 D6 01 01 22 10 94 00 01 00 01 69 7F 94 01 80 0D 01 E8 30 00 10 00 0E B5 D2 10 00 D8 00 05 78 BA 00 34 88 FF 00 00 33 00 00 01 00 00 00 30 00 09 03 53 84 20 00 00 12 74 72 0A 04 2D 21 68 00 01 01 27 69 06 45 E1 93 04 00 12 00 00 00 AF 4A 00 00 00 00 00 00 00 00 00 00 00 00 00 00 17 DA BF 7F 00 00 00 00 00 00 00 00 00 00 00 00 00 00 00 00 00 00 00 00 00 00 00 00 00 00 00 00 00 00 00 00 00 00 00 00 00 00 00 00 00 00 00 00 00 00 00 00 00 00 00 00 00 00 00 00 00 00 00 00 4D 8E 18 82 7E
[426897][00:28:52.523]7E FF 02 FF 86 BA FF CA 81 05 F4 00 69 43 E1 01 00 37 00 10 00 01 00 02 69 7F 94 01 17 C0 13 01 04 00 00 00 1C 66 A3 8B D8 02 E6 7E
[426898][00:28:52.553]7E FF 02 FF 87 BA 12 CB 81 05 BB 03 68 C3 E8 01 00 35 00 94 00 01 00 01 69 7F 94 D8 40 13 01 24 14 79 44 00 DD 39 2A 80 0D 34 01 00 14 1A 00 34 10 FF 08 00 33 00 00 30 00 15 61 49 26 30 00 09 03 54 73 01 00 00 00 30 00 09 03 53 84 20 00 00 12 74 72 0A 04 2D 21 68 00 01 01 27 69 06 45 E1 93 04 00 12 00 00 00 AF 4A 00 00 00 00 00 00 00 00 00 00 00 00 00 00 17 DA BF 7F 00 00 00 00 00 00 00 00 00 00 00 00 00 00 00 00 00 00 00 00 00 00 00 00 00 00 00 00 00 00 00 00 00 00 00 00 00 00 00 00 00 00 00 00 00 00 00 00 15 1D 1B EB 7E
[426899][00:28:52.568]7E FF 02 FF 88 BA 22 CB 81 05 38 03 44 D1 EE 01 00 3B 00 94 00 01 00 01 69 7F 94 34 81 0D 01 FC 13 79 44 00 40 C8 84 40 13 D8 00 04 77 04 00 4B 70 EF 04 00 33 00 00 07 00 00 00 34 01 34 01 BC 00 3F 00 62 4F C3 02 7F FD 2D 00 40 E2 C9 20 40 69 01 00 C7 88 00 04 BE D1 D6 E3 6A D6 0A 2D 72 B7 7F 7E 1A 96 D6 04 9B 00 77 18 94 1A 00 05 00 31 6C 00 00 00 00 00 00 00 40 00 04 00 00 00 00 01 40 C4 2A 39 1B 00 00 00 00 00 00 00 00 00 00 00 00 00 00 00 00 00 00 00 00 00 00 00 00 00 00 00 00 00 00 00 00 00 00 00 00 00 7D 51 76 2F 7E
[426900][00:28:52.568]7E FF 02 FF 89 BA 2A CB 81 05 E9 02 C9 DB F1 01 00 3B 00 10 00 01 00 02 69 7F 94 10 D8 40 13 01 00 00 00 00 47 34 0A 40 65 12 D4 7E
[426901][00:28:52.568]7E FF 02 FF 8A BA 37 CB 81 05 E0 03 AC EA F6 01 00 3B 00 10 00 01 00 02 69 7F 94 10 01 E0 00 01 00 00 00 00 55 CF 85 1A D2 F9 7D 7E
[426902][00:28:52.597]7E FF 02 FF 8B BA 5B CB 81 05 5E 01 3B 67 04 02 00 3B 00 10 00 01 00 02 69 7F 94 10 D8 40 13 01 00 00 00 00 47 34 0A FD EF 21 F2 7E
[426903][00:28:52.612]7E FF 02 FF 8C BA 67 CB 81 05 49 02 22 12 09 02 00 3B 00 10 00 01 00 02 69 7F 94 10 D8 40 13 01 00 00 00 00 47 34 0A 2E C1 BA CF 7E
[426904][00:28:52.627]7E FF 02 FF 8D BA 79 CB 81 05 09 03 23 F7 0E 02 01 22 0D 10 00 01 00 02 69 7F 94 00 01 80 0D 00 A9 00 00 00 CD CD 06 7F 96 74 F4 7E
[426905][00:28:52.673]7E FF 02 FF 8E BA 91 CB 81 05 47 01 96 F7 18 02 00 39 00 94 00 01 00 01 69 7F 94 34 81 06 01 FC 13 79 40 00 0A A1 E6 40 13 68 00 0A 7B 04 00 34 70 EF 04 00 33 00 00 01 00 00 00 30 00 09 03 53 84 20 00 00 12 74 72 0A 04 2D 21 68 00 01 01 27 69 06 45 E1 93 04 00 12 00 00 00 AF 4A 00 00 00 00 00 00 00 00 00 00 00 00 00 00 17 DA BF 7F 00 00 00 00 00 00 00 00 00 00 00 00 00 00 00 00 00 00 00 00 00 00 00 00 00 00 00 00 00 00 00 00 00 00 00 00 00 00 00 00 00 00 00 00 00 00 00 00 00 00 00 00 00 00 00 00 00 00 00 00 A6 2C E7 53 7E
[426906][00:28:52.673]7E FF 02 FF 8F BA A0 CB 81 05 B1 02 35 DA 1E 02 00 39 00 10 00 01 00 03 69 7F 94 F4 0B 99 24 00 00 00 10 02 68 BF BB 71 82 9C EC 7E
[426907][00:28:52.688]7E FF 02 FF 90 BA B5 CB 81 05 91 00 0E A8 26 02 00 39 00 10 00 01 00 02 69 7F 94 10 05 40 14 01 1F 00 00 00 0C 0A 86 F9 5F 05 5F 7E
[426908][00:28:52.704]7E FF 02 FF 91 BA A7 CB 81 05 AD 02 ED E4 1F 02 01 22 0F 94 00 01 00 01 69 7F 94 01 80 0D 01 E8 30 00 10 00 0E B5 D2 10 00 D8 00 05 79 BA 00 34 88 FF 00 00 33 00 00 01 00 00 00 30 00 09 04 14 77 20 00 00 12 74 72 0A 03 48 21 34 01 01 01 57 78 12 45 E1 93 04 00 03 00 00 00 B0 4A 00 00 00 00 00 00 00 00 00 00 00 00 00 00 13 95 3D 07 00 00 00 00 00 00 00 00 00 00 00 00 00 00 00 00 00 00 00 00 00 00 00 00 00 00 00 00 00 00 00 00 00 00 00 00 00 00 00 00 00 00 00 00 00 00 00 00 00 00 00 00 00 00 00 00 00 00 00 00 D3 DE 0A FB 7E
[426909][00:28:52.719]7E FF 02 FF 92 BA CB CB 81 05 DE 02 DE 46 2F 02 00 39 00 10 00 01 00 02 69 7F 94 01 17 C0 13 01 E1 00 00 00 4D 28 1E D3 F4 F4 4A 7E
[426910][00:28:52.749]7E FF 02 FF 93 BA DB CB 81 05 79 03 B9 69 35 02 00 36 00 94 00 01 00 01 69 7F 94 D8 40 13 01 EF 12 3D 60 00 C3 19 FD 80 0D 34 01 00 15 1A 00 34 10 FF 08 00 33 00 00 30 00 15 61 49 26 30 00 09 03 54 73 01 00 00 00 30 00 09 04 14 77 20 00 00 12 74 72 0A 03 48 21 34 01 01 01 57 78 12 45 E1 93 04 00 03 00 00 00 B0 4A 00 00 00 00 00 00 00 00 00 00 00 00 00 00 13 95 3D 07 00 00 00 00 00 00 00 00 00 00 00 00 00 00 00 00 00 00 00 00 00 00 00 00 00 00 00 00 00 00 00 00 00 00 00 00 00 00 00 00 00 00 00 00 00 00 00 00 BD F5 DF 13 7E
[426911][00:28:52.780]7E FF 02 FF 94 BA F7 CB 81 05 22 01 95 DE 3F 02 00 39 01 94 00 01 00 01 69 7F 94 05 E0 0D 03 FC 13 79 44 00 B4 B5 42 10 00 DE 00 03 6E BA 30 3F 88 BF 00 00 33 00 00 11 03 00 00 01 02 33 03 62 20 28 0A FE FE FE FE 68 2D 00 43 05 97 36 05 09 00 30 10 C7 AF 10 00 09 05 02 1D 01 40 00 02 00 00 01 10 F0 D5 56 98 83 8E 08 15 8F 01 3B 87 D4 9A 8C D7 88 41 16 1C 39 A7 52 00 00 00 00 00 00 00 00 00 00 00 00 00 00 00 00 00 00 00 00 00 00 00 00 00 00 00 00 00 00 00 00 00 00 00 00 00 00 00 00 00 00 00 00 00 00 00 00 00 32 26 04 24 7E
[426912][00:28:52.825]7E FF 02 FF 95 BA 23 CC 81 05 02 00 4A 8A 50 02 00 37 00 94 00 01 00 01 69 7F 94 05 E0 0D 03 FC 13 79 44 00 B4 B5 42 10 00 DE 00 03 6E BA 30 3F 88 BF 00 00 33 00 00 11 03 00 00 01 02 33 03 62 20 28 0A FE FE FE FE 68 2D 00 43 05 97 36 05 09 00 30 10 C7 AF 10 00 09 05 02 1D 01 40 00 02 00 00 01 10 F0 D5 56 98 83 8E 08 15 8F 01 3B 87 D4 9A 8C D7 88 41 16 1C 39 A7 52 00 00 00 00 00 00 00 00 00 00 00 00 00 00 00 00 00 00 00 00 00 00 00 00 00 00 00 00 00 00 00 00 00 00 00 00 00 00 00 00 00 00 00 00 00 00 00 00 00 5F FF 58 2D 7E
[426913][00:28:52.825]7E FF 02 FF 96 BA 32 CC 81 05 67 02 7B 84 56 02 00 37 00 10 00 01 00 02 69 7F 94 01 2E 00 00 01 0F 00 00 00 40 C2 BA 66 1B 4B EA 7E
[426914][00:28:53.259]7E FF 02 FF 97 BA DE CD 81 05 CE 02 8D D0 F9 02 00 00 03 94 00 01 00 01 69 7F 94 01 C0 01 03 DC 13 79 40 00 E1 17 83 10 00 7A 00 03 7C BA 30 3F 88 FF 00 00 33 00 00 11 03 00 00 01 02 33 03 6F 20 28 0A FE FE FE FE 68 2D 00 43 05 17 62 79 09 00 30 10 D4 1B 10 00 09 05 02 29 01 40 00 02 00 00 01 10 F0 D5 56 98 83 8E 08 15 8F 01 3B 87 D4 9A 8C D7 B4 98 16 4B FB DE C7 00 00 00 00 00 00 00 00 00 00 00 00 00 00 00 00 00 00 00 00 00 00 00 00 00 00 00 00 00 00 00 00 00 00 00 00 00 00 00 00 00 00 00 00 00 00 00 00 00 B0 02 31 5A 7E
[426915][00:28:53.274]7E FF 02 FF 98 BA E6 CD 81 05 15 03 44 E7 FC 02 00 00 03 10 00 01 00 02 69 7F 94 10 1C 10 00 01 00 00 00 00 54 26 EF 24 02 EB 5B 7E
[426916][00:28:53.290]7E FF 02 FF 99 BA ED CD 81 05 55 01 FF 62 FF 02 00 35 01 94 00 01 00 01 69 7F 94 1C D0 09 01 14 13 3D 60 00 83 7F 12 10 00 7A 00 03 7C BA 30 3F 88 EF 00 00 33 00 00 11 03 00 00 01 02 33 03 6F 20 28 0A FE FE FE FE 68 2D 00 43 05 17 62 79 09 00 30 10 D4 1B 10 00 09 05 02 29 01 40 00 02 00 00 01 10 F0 D5 56 98 83 8E 08 15 8F 01 3B 87 D4 9A 8C D7 B4 98 16 4B FB DE C7 00 00 00 00 00 00 00 00 00 00 00 00 00 00 00 00 00 00 00 00 00 00 00 00 00 00 00 00 00 00 00 00 00 00 00 00 00 00 00 00 00 00 00 00 00 00 00 00 00 0F 06 6D A6 7E
[426917][00:28:53.290]7E FF 02 FF 9A BA F8 CD 81 05 62 00 FE 81 03 03 00 35 01 10 00 01 00 02 69 7F 94 10 17 60 00 01 1F 00 00 00 52 9E 4E E5 5A 06 43 7E
[426918][00:28:53.290]7E FF 02 FF 9B BA 06 CE 81 05 63 01 53 F4 08 03 00 35 01 10 00 01 00 02 69 7F 94 10 D8 E0 02 01 00 00 00 00 2A 1D BB F7 4D E8 F5 7E
[426919][00:28:53.290]7E FF 02 FF 9C BA 08 CE 81 05 C7 02 67 DB 09 03 00 35 01 10 00 01 00 02 69 7F 94 01 06 00 00 01 FF 00 00 00 68 E0 26 F4 EC 1D F9 7E
[426920][00:28:53.335]7E FF 02 FF 9D BA 35 CE 81 05 72 02 E6 FC 1A 03 00 35 01 10 00 01 00 02 69 7F 94 10 D8 40 13 01 01 00 00 00 56 74 8E 93 AC 82 F2 7E
[426921][00:28:53.350]7E FF 02 FF 9E BA 47 CE 81 05 9F 03 0C EB 20 03 01 23 0C 10 00 01 00 02 69 7F 94 00 01 80 0D 00 A8 02 00 00 DD AD 86 EA 46 5F A5 7E
[426922][00:28:53.365]7E FF 02 FF 9F BA 52 CE 81 05 70 00 73 D8 25 03 00 35 01 10 00 01 00 02 69 7F 94 10 D8 E0 02 01 01 00 00 00 3B 5D 3F FC C3 07 63 7E
[426923][00:28:53.396]7E FF 02 FF A0 BA 5D CE 81 05 41 01 85 81 28 03 01 23 10 94 00 01 00 01 69 7F 94 01 80 0D 01 E8 30 00 10 00 0E B5 D2 10 00 D8 00 05 7D BA 00 34 88 FF 00 00 33 00 00 01 00 00 00 30 00 09 04 90 70 20 00 00 12 74 72 0A 03 30 21 34 01 01 01 80 37 20 45 E1 93 04 00 01 00 00 00 B1 4A 00 00 00 00 00 00 00 00 00 00 00 00 00 00 1F 9E 8F 26 00 00 00 00 00 00 00 00 00 00 00 00 00 00 00 00 00 00 00 00 00 00 00 00 00 00 00 00 00 00 00 00 00 00 00 00 00 00 00 00 00 00 00 00 00 00 00 00 00 00 00 00 00 00 00 00 00 00 00 00 E7 92 BB 30 7E
[426924][00:28:53.411]7E FF 02 FF A1 BA 70 CE 81 05 A2 01 C9 61 31 03 00 33 00 94 00 01 00 01 69 7F 94 D8 40 13 01 EF 12 3D 60 00 C3 19 FD 80 0D 34 01 00 16 1A 00 34 10 FF 08 00 33 00 00 30 00 15 61 49 26 30 00 09 03 54 73 01 00 00 00 30 00 09 04 90 70 20 00 00 12 74 72 0A 03 30 21 34 01 01 01 80 37 20 45 E1 93 04 00 01 00 00 00 B1 4A 00 00 00 00 00 00 00 00 00 00 00 00 00 00 1F 9E 8F 26 00 00 00 00 00 00 00 00 00 00 00 00 00 00 00 00 00 00 00 00 00 00 00 00 00 00 00 00 00 00 00 00 00 00 00 00 00 00 00 00 00 00 00 00 00 00 00 00 17 E0 39 ED 7E
[426925][00:28:53.546]7E FF 02 FF A2 BA 8F CE 81 05 DA 00 CF 49 63 03 00 FD 03 94 00 01 00 01 69 7F 94 01 70 01 03 DC 13 79 40 00 55 B1 53 10 00 E8 00 03 7A BA 30 3F 88 FF 00 00 33 00 00 11 03 00 00 01 02 33 03 64 20 28 0A FE FE FE FE 68 2D 00 43 05 07 37 05 09 00 30 10 38 98 10 00 09 05 02 1E 01 40 00 02 00 00 01 10 F0 D5 56 98 83 8E 08 15 8F 01 3B 87 D4 9A 8C D7 05 4D 16 C9 43 34 C5 00 00 00 00 00 00 00 00 00 00 00 00 00 00 00 00 00 00 00 00 00 00 00 00 00 00 00 00 00 00 00 00 00 00 00 00 00 00 00 00 00 00 00 00 00 00 00 00 00 73 10 B1 05 7E
[426926][00:28:53.546]7E FF 02 FF A3 BA FA CE 81 05 CB 02 DA 1C 65 03 01 22 0D 10 00 01 00 02 69 7F 94 00 01 80 0D 00 A8 02 00 00 DD AD 86 0F C6 89 66 7E
[426927][00:28:53.561]7E FF 02 FF A4 BA 18 CF 81 05 0E 03 A0 A2 71 03 00 FD 03 10 00 01 00 02 69 7F 94 10 17 60 00 01 1F 00 00 00 52 9E 4E 94 FB 93 FD 7E
[426928][00:28:53.576]7E FF 02 FF A5 BA 11 CF 81 05 BC 01 91 36 6D 03 01 23 10 94 00 01 00 01 69 7F 94 01 80 0D 01 E8 30 00 10 00 0E B5 D2 10 00 D8 00 05 7E BA 00 34 88 FF 00 00 33 00 00 01 00 00 00 30 00 09 04 93 26 20 00 00 12 74 72 0A 03 45 21 34 01 01 01 47 63 20 45 E1 93 04 00 06 00 00 00 B2 4A 00 00 00 00 00 00 00 00 00 00 00 00 00 00 BF 64 1A D6 00 00 00 00 00 00 00 00 00 00 00 00 00 00 00 00 00 00 00 00 00 00 00 00 00 00 00 00 00 00 00 00 00 00 00 00 00 00 00 00 00 00 00 00 00 00 00 00 00 00 00 00 00 00 00 00 00 00 00 00 00 00 3D 24 7E
[426929][00:28:53.591]7E FF 02 FF A6 BA 20 CF 81 05 5E 00 E5 63 74 03 00 37 00 94 00 01 00 01 69 7F 94 17 10 00 01 FC 13 79 40 00 A8 E4 54 60 00 01 00 04 64 36 00 5C 70 DF 0C 00 33 00 00 30 00 09 04 02 59 20 00 00 12 74 72 00 00 00 00 30 00 09 04 27 02 06 00 00 00 00 00 00 00 00 00 39 03 00 01 08 01 14 45 E8 07 02 12 09 23 07 03 01 00 01 01 00 02 02 00 0D 00 00 09 03 31 17 6E 54 4E 59 58 0F 00 0F 00 00 00 00 00 01 00 00 00 8E 8D 29 EC 75 63 66 AB EA 74 1A 00 00 31 44 59 58 03 FB C1 01 9C 02 01 A9 2F 98 C8 00 00 00 00 00 00 00 00 7E D7 B9 6A 7E
[426930][00:28:53.591]7E FF 02 FF A7 BA 27 CF 81 05 A3 03 AC 69 77 03 00 37 00 10 00 01 00 02 69 7F 94 10 01 70 01 01 01 03 00 00 A1 23 76 33 8E 75 4A 7E
[426931][00:28:53.606]7E FF 02 FF A8 BA 2A CF 81 05 96 00 14 45 78 03 00 37 00 10 00 01 00 02 69 7F 94 10 D8 40 13 01 01 01 00 00 57 64 4A 7D 2E BD 02 7E
[426932][00:28:53.621]7E FF 02 FF A9 BA 31 CF 81 05 24 01 14 F6 7A 03 00 FD 03 94 00 01 00 01 69 7F 94 01 70 01 03 DC 13 79 44 00 44 B3 D7 10 00 E8 00 03 7A BA 30 3F 88 FF 00 00 33 00 00 11 03 00 00 01 02 33 03 64 20 28 0A FE FE FE FE 68 2D 00 43 05 07 37 05 09 00 30 10 38 98 10 00 09 05 02 1E 01 40 00 02 00 00 01 10 F0 D5 56 98 83 8E 08 15 8F 01 3B 87 D4 9A 8C D7 05 4D 16 C9 43 34 C5 00 00 00 00 00 00 00 00 00 00 00 00 00 00 00 00 00 00 00 00 00 00 00 00 00 00 00 00 00 00 00 00 00 00 00 00 00 00 00 00 00 00 00 00 00 00 00 00 00 04 B7 45 69 7E
[426933][00:28:53.621]7E FF 02 FF AA BA 39 CF 81 05 16 01 F0 07 7E 03 00 FD 03 10 00 01 00 02 69 7F 94 10 17 10 00 01 FD 00 00 00 EF 63 FC CC D7 75 C5 7E
[426934][00:28:53.636]7E FF 02 FF AB BA 3C CF 81 05 6E 02 9E 4B 7F 03 00 38 00 94 00 01 00 01 69 7F 94 D8 40 13 01 EF 12 3D 60 00 C3 19 FD 80 0D 34 01 00 17 1A 00 34 10 FF 08 00 33 00 00 30 00 15 61 49 26 30 00 09 03 54 73 01 00 00 00 30 00 09 04 93 26 20 00 00 12 74 72 0A 03 45 21 34 01 01 01 47 63 20 45 E1 93 04 00 06 00 00 00 B2 4A 00 00 00 00 00 00 00 00 00 00 00 00 00 00 BF 64 1A D6 00 00 00 00 00 00 00 00 00 00 00 00 00 00 00 00 00 00 00 00 00 00 00 00 00 00 00 00 00 00 00 00 00 00 00 00 00 00 00 00 00 00 00 00 00 00 00 00 19 CE 37 AF 7E
[426935][00:28:53.651]7E FF 02 FF AC BA 48 CF 81 05 57 01 C6 BF 83 03 00 FD 03 94 00 01 00 01 69 7F 94 01 70 01 03 DC 13 79 40 00 55 B1 53 10 00 2B 01 03 7B BA 30 3F 88 FF 00 00 33 00 00 11 03 00 00 01 02 33 03 6D 20 28 0A FE FE FE FE 68 2D 00 43 05 44 44 05 09 00 30 10 2C 3E 10 00 09 05 02 27 01 40 00 02 00 00 01 10 F0 D5 56 98 83 8E 08 15 8F 01 3B 87 D4 9A 8C D7 76 A2 16 95 0E 3D EB 00 00 00 00 00 00 00 00 00 00 00 00 00 00 00 00 00 00 00 00 00 00 00 00 00 00 00 00 00 00 00 00 00 00 00 00 00 00 00 00 00 00 00 00 00 00 00 00 00 A5 B5 5A 98 7E
[426936][00:28:53.651]7E FF 02 FF AD BA 50 CF 81 05 40 01 FB D1 86 03 00 FD 03 10 00 01 00 02 69 7F 94 10 17 10 00 01 E1 00 00 00 2E 62 7F 78 71 20 AF 7E
[426937][00:28:53.666]7E FF 02 FF AE BA 5E CF 81 05 E5 00 47 1A 8C 03 00 36 01 94 00 01 00 01 69 7F 94 17 60 00 03 FC 13 79 40 00 5B 8A 5A 10 00 2B 01 03 7B BA 30 3F 88 EF 00 00 33 00 00 11 03 00 00 01 02 33 03 6D 20 28 0A FE FE FE FE 68 2D 00 43 05 44 44 05 09 00 30 10 2C 3E 10 00 09 05 02 27 01 40 00 02 00 00 01 10 F0 D5 56 98 83 8E 08 15 8F 01 3B 87 D4 9A 8C D7 76 A2 16 95 0E 3D EB 00 00 00 00 00 00 00 00 00 00 00 00 00 00 00 00 00 00 00 00 00 00 00 00 00 00 00 00 00 00 00 00 00 00 00 00 00 00 00 00 00 00 00 00 00 00 00 00 00 1E 6A 38 A0 7E
[426938][00:28:53.696]7E FF 02 FF AF BA 6E CF 81 05 74 00 A9 29 92 03 00 FE 03 94 00 01 00 01 69 7F 94 01 70 01 01 DC 13 79 40 00 D4 A1 95 10 00 17 00 05 7F BA 00 34 88 FF 00 00 33 00 00 01 00 00 00 30 00 09 04 27 02 20 00 00 12 74 72 0A 03 1B 20 06 00 01 01 08 01 14 45 E1 93 04 00 01 00 00 00 B3 4A 00 00 00 00 00 00 00 00 00 00 00 00 00 00 3B 4C 39 25 00 00 00 00 00 00 00 00 00 00 00 00 00 00 00 00 00 00 00 00 00 00 00 00 00 00 00 00 00 00 00 00 00 00 00 00 00 00 00 00 00 00 00 00 00 00 00 00 00 00 00 00 00 00 00 00 00 00 00 00 B7 57 74 97 7E
[426939][00:28:53.696]7E FF 02 FF B0 BA 76 CF 81 05 6D 00 5A 3C 95 03 00 FE 03 10 00 01 00 02 69 7F 94 10 17 10 00 01 E1 00 00 00 2E 62 7F A3 16 44 6B 7E
[426940][00:28:53.711]7E FF 02 FF B1 BA 82 CF 81 05 44 00 61 C6 99 03 00 36 00 94 00 01 00 01 69 7F 94 17 60 00 01 FC 13 79 40 00 DA 9A 9C 70 01 06 00 0A C8 C1 00 34 78 EF 04 00 33 00 00 01 00 00 00 30 00 09 04 27 02 20 00 00 12 74 72 0A 03 1B 20 06 00 01 01 08 01 14 45 E1 93 04 00 01 00 00 00 B3 4A 00 00 00 00 00 00 00 00 00 00 00 00 00 00 3B 4C 39 25 00 00 00 00 00 00 00 00 00 00 00 00 00 00 00 00 00 00 00 00 00 00 00 00 00 00 00 00 00 00 00 00 00 00 00 00 00 00 00 00 00 00 00 00 00 00 00 00 00 00 00 00 00 00 00 00 00 00 00 00 9C AA F2 A6 7E
[426941][00:28:53.711]7E FF 02 FF B2 BA 8A CF 81 05 6B 00 71 DD 9C 03 00 36 00 10 00 01 00 02 69 7F 94 10 06 70 01 01 1F 00 00 00 A7 95 29 43 57 7E C3 7E
[426942][00:28:53.740]7E FF 02 FF B3 BA B5 CF 81 05 4D 01 AD 54 AD 03 00 3A 01 94 00 01 00 01 69 7F 94 17 60 00 03 FC 13 79 44 00 4A 88 DE 10 00 2B 01 03 7B BA 30 3F 88 EF 00 00 33 00 00 11 03 00 00 01 02 33 03 6D 20 28 0A FE FE FE FE 68 2D 00 43 05 44 44 05 09 00 30 10 2C 3E 10 00 09 05 02 27 01 40 00 02 00 00 01 10 F0 D5 56 98 83 8E 08 15 8F 01 3B 87 D4 9A 8C D7 76 A2 16 95 0E 3D EB 00 00 00 00 00 00 00 00 00 00 00 00 00 00 00 00 00 00 00 00 00 00 00 00 00 00 00 00 00 00 00 00 00 00 00 00 00 00 00 00 00 00 00 00 00 00 00 00 00 FF 48 6C 66 7E
[426943][00:28:53.740]7E FF 02 FF B4 BA BD CF 81 05 7B 01 D1 6B B0 03 00 3A 01 10 00 01 00 02 69 7F 94 10 06 70 01 01 1F 00 00 00 A7 95 29 E6 4E AD 7D 7E
[426944][00:28:53.980]7E FF 02 FF B5 BA AE D0 81 05 85 01 EA 59 0C 04 00 39 00 94 00 01 00 01 69 7F 94 17 10 00 03 FC 13 79 40 00 29 F4 92 80 0E 01 00 0A 60 F2 30 3A 78 DF 04 00 33 00 00 11 03 00 00 01 02 E3 02 64 20 01 00 68 2C 00 C3 05 07 37 05 09 00 30 10 7E 09 90 00 13 85 02 1E 01 40 00 02 00 01 1C 07 EA 06 1E 00 1E 2C 00 00 01 00 04 9D 7A CB 10 FE DD 16 58 69 E7 A2 00 00 00 00 00 00 00 00 00 00 00 00 00 00 00 00 00 00 00 00 00 00 00 00 00 00 00 00 00 00 00 00 00 00 00 00 00 00 00 00 00 00 00 00 00 00 00 00 00 00 00 00 00 00 46 77 E0 6A 7E
[426945][00:28:53.980]7E FF 02 FF B6 BA B6 D0 81 05 1F 01 B0 5E 0F 04 00 39 00 10 00 01 00 02 69 7F 94 10 01 70 01 01 01 00 00 00 A1 13 B6 93 4A 51 6F 7E
[426946][00:28:54.010]7E FF 02 FF B7 BA D7 D0 81 05 A7 01 60 03 1C 04 00 39 00 10 00 01 00 02 69 7F 94 10 17 30 05 01 F7 00 00 00 06 EB DB 24 D0 A5 57 7E
[426947][00:28:54.041]7E FF 02 FF B8 BA E9 D0 81 05 07 00 F2 B5 22 04 00 35 01 94 00 01 00 01 69 7F 94 1C 10 00 01 14 13 3D 60 00 0E 8E AE A0 07 01 00 0A 1C C1 30 3A 20 DF 00 00 33 00 00 11 03 00 00 01 02 E3 02 6F 20 01 00 68 2C 00 C3 05 17 62 79 09 00 30 10 92 8A 90 00 13 85 02 29 01 40 00 02 00 01 1C 07 EA 06 1E 00 1E 37 00 00 01 00 04 07 B1 43 F0 50 82 16 E9 4C 91 56 00 00 00 00 00 00 00 00 00 00 00 00 00 00 00 00 00 00 00 00 00 00 00 00 00 00 00 00 00 00 00 00 00 00 00 00 00 00 00 00 00 00 00 00 00 00 00 00 00 00 00 00 00 00 E8 6E D9 29 7E
[426948][00:28:54.041]7E FF 02 FF B9 BA ED D0 81 05 2A 03 60 8D 24 04 00 35 01 10 00 01 00 02 69 7F 94 10 01 C0 01 01 02 00 00 00 3C 66 24 D8 D3 2F 9C 7E
[426949][00:28:54.100]7E FF 02 FF BA BA 2B D1 81 05 77 00 DE EB 3B 04 00 39 00 94 00 01 00 01 69 7F 94 05 40 14 01 FC 13 79 40 00 4F 2A 36 50 00 44 01 04 AB E0 00 4A 78 EF 04 00 33 00 00 07 00 00 00 05 00 16 01 BB 00 3E 00 6E 4F C3 0A 7F FD 2D 00 40 F2 E9 30 C9 6D 01 00 F7 88 00 04 BE D8 D4 EB 6F 53 3A ED FE FF 7F FF 1A 97 46 44 DE EE FF 78 F4 9B C1 15 00 39 2C 00 00 00 00 00 00 00 00 00 04 00 00 00 00 01 AC 97 4E D4 00 00 00 00 00 00 00 00 00 00 00 00 00 00 00 00 00 00 00 00 00 00 00 00 00 00 00 00 00 00 00 00 00 00 00 00 00 00 65 88 28 6E 7E
[426950][00:28:54.175]7E FF 02 FF BB BA 66 D1 81 05 26 03 45 B1 52 04 00 38 01 94 00 01 00 01 69 7F 94 17 10 00 01 FC 13 79 40 00 A8 E4 54 70 01 01 00 04 C9 C1 00 4A 78 EF 04 00 33 00 00 07 00 00 00 17 00 53 00 AD 00 3E 00 62 4F C3 02 7F FD 2D 00 40 E2 C9 20 40 69 01 00 CF 88 00 04 BE D1 D6 E3 6B D6 0A 2D 72 B7 7F 7E 18 96 D6 04 9B 00 77 18 94 1A 00 05 00 30 2C 00 00 00 00 00 00 00 00 00 04 00 00 00 00 01 77 E8 E8 1F 00 00 00 00 00 00 00 00 00 00 00 00 00 00 00 00 00 00 00 00 00 00 00 00 00 00 00 00 00 00 00 00 00 00 00 00 00 00 BD 61 4B BB 7E
[426951][00:28:54.175]7E FF 02 FF BC BA 6E D1 81 05 D5 02 5C BA 55 04 00 38 01 10 00 01 00 02 69 7F 94 10 01 70 01 01 01 00 00 00 A1 13 B6 83 A6 94 E6 7E
[426952][00:28:54.190]7E FF 02 FF BD BA 71 D1 81 05 64 00 85 9D 56 04 00 38 00 94 00 01 00 01 69 7F 94 05 40 14 01 FC 13 79 44 00 5E 28 B2 50 00 44 01 04 AB E0 00 4A 78 EF 04 00 33 00 00 07 00 00 00 05 00 16 01 BB 00 3E 00 6E 4F C3 0A 7F FD 2D 00 40 F2 E9 30 C9 6D 01 00 F7 88 00 04 BE D8 D4 EB 6F 53 3A ED FE FF 7F FF 1A 97 46 44 DE EE FF 78 F4 9B C1 15 00 39 2C 00 00 00 00 00 00 00 00 00 04 00 00 00 00 01 AC 97 4E D4 00 00 00 00 00 00 00 00 00 00 00 00 00 00 00 00 00 00 00 00 00 00 00 00 00 00 00 00 00 00 00 00 00 00 00 00 00 00 45 5A C9 61 7E
[426953][00:28:54.190]7E FF 02 FF BE BA 83 D1 81 05 DE 03 47 D7 5D 04 00 38 00 10 00 01 00 02 69 7F 94 10 D8 40 13 01 03 00 00 00 77 F4 0A A7 83 80 BE 7E
[426954][00:28:54.251]7E FF 02 FF BF BA A4 D1 81 05 BD 01 21 33 6A 04 00 3A 01 14 01 01 00 01 69 7F 94 17 F0 FF 01 E5 14 EB C2 00 FB E5 DE 70 01 FF 2F 01 CA C1 00 AB 78 01 04 00 33 00 00 08 00 00 00 17 10 00 12 30 00 09 05 35 33 20 00 00 12 74 72 39 FC 00 00 56 00 0A 01 11 00 2F 00 00 00 00 00 01 30 22 0D 42 00 5F 54 0C 00 40 C2 49 00 40 29 01 00 C1 80 00 04 32 00 C0 E3 20 42 08 04 70 A2 29 6A 18 94 40 00 9A 00 54 10 14 0A 00 01 00 30 24 01 09 01 03 02 01 02 04 04 07 05 04 05 04 03 01 04 05 04 02 06 02 03 06 03 04 06 02 01 01 04 01 01 03 02 06 01 01 04 04 02 02 05 03 03 02 01 02 01 03 04 01 04 01 01 03 02 01 01 01 01 04 01 05 02 06 04 02 01 04 01 02 02 03 04 01 03 08 05 04 02 03 02 06 02 03 1B 07 B4 71 00 00 00 00 00 00 00 00 00 00 00 00 00 00 00 00 00 00 00 00 00 00 00 00 00 00 00 00 00 00 00 00 00 00 00 00 00 00 00 00 00 00 00 00 00 00 00 00 00 00 00 00 00 00 00 00 00 00 00 00 00 00 00 00 00 00 00 00 00 4F C3 3B 44 7E
[426955][00:28:54.520]7E FF 02 FF C0 BA A0 D2 81 05 57 01 3B 4B CA 04 00 35 01 14 02 01 00 01 69 7F 94 1E F0 FF 01 D4 17 E8 92 00 C1 70 86 E0 01 FF 2F 01 C5 11 00 EC 20 11 08 00 33 00 00 30 00 09 80 95 19 FF FF FF FF FF FF 08 00 00 00 1E 10 00 11 30 00 09 80 95 19 20 00 00 12 74 72 03 00 64 64 89 00 10 01 C6 01 3D 00 00 00 00 00 01 30 92 B0 2C B5 00 02 52 FF BE 0D 06 C7 26 90 9E 8F 80 75 7B 69 01 04 09 04 00 00 01 12 00 00 00 00 A0 00 00 20 00 00 00 80 08 20 2E 22 3C 00 00 00 20 10 3E 79 4B 39 1C 53 E2 31 16 05 40 3F 3A 0A 3B 0D 0C 0E 0E 3B 0E 39 3E 0D 0E 2F 3A 39 3D 0D 0E 0D 0D 0D 0B 3D 0B 0F 0F 0F 0C 0D 0D 0F 0F 0D 0B 0B 0C 0B 0C 0F 0E 0C 3C 0B 0A 0D 0C 0C 09 0D 0A 0D 06 09 0E 0E 3C 0F 3D 0E 0E 05 0B 09 0E 0E 0E 0D 0C 0B 39 0C 0C 0B 0E 0C 08 0E 2F 09 10 0C 0C 0C 09 08 0C 0D 0B 06 0A 0D 0E 0C 0E 09 0B 07 0E 10 3C 0E 0F 06 0D 0A 0F 0F 0A 0C 0D 0C 0E 09 0E 0A 0D 0C 0E 0D 0D 0C 08 0E 0E 0C 0C 0B 0D 0B 0C 04 0B 37 0B 0D 85 CF 25 A9 00 00 00 00 00 00 00 00 00 00 00 00 00 00 00 00 00 00 00 00 00 00 00 00 00 00 00 00 00 00 00 00 00 00 00 00 00 00 00 00 00 00 00 00 00 00 00 00 00 00 00 00 00 00 00 00 00 00 00 00 00 00 00 00 00 00 00 00 00 00 00 00 00 00 00 00 00 00 00 00 00 00 00 00 00 00 00 00 00 00 00 00 00 00 00 00 00 00 00 00 00 00 00 00 00 00 00 00 00 00 00 00 00 00 00 00 00 00 00 00 00 00 00 00 00 00 00 00 00 00 00 00 00 00 00 00 00 00 00 00 00 00 00 00 00 00 00 00 00 00 00 00 00 00 00 00 00 00 00 00 00 00 00 00 00 00 00 00 00 00 00 00 00 00 00 00 00 00 00 00 00 00 00 00 00 00 00 00 00 00 00 00 00 00 00 00 00 00 00 00 00 00 00 00 00 00 00 00 00 00 00 00 00 00 00 00 00 00 00 00 00 00 00 00 00 00 00 00 00 00 00 00 00 00 00 00 00 00 00 00 00 00 00 00 00 00 00 00 B8 BD 17 1B 7E
[426956][00:28:54.550]7E FF 02 FF C1 BA D3 D2 81 05 35 01 CD BA DD 04 00 39 00 14 01 01 00 01 69 7F 94 23 F0 FF 01 E5 14 EB C2 00 C8 E5 02 30 02 FF 2F 01 BE 70 00 96 70 01 04 00 33 00 00 08 00 00 00 23 70 01 21 30 00 09 04 28 27 20 00 00 12 74 72 39 1C 16 16 41 00 08 01 11 00 2F 00 00 00 00 00 17 30 20 0E C0 00 77 54 25 00 40 C0 49 00 40 09 00 00 01 80 00 00 02 00 C0 63 22 40 00 04 70 82 01 22 18 96 00 00 8A 00 14 00 14 00 00 01 00 30 20 08 02 03 05 01 06 05 04 05 04 04 05 02 04 01 04 04 05 02 05 02 02 03 01 01 05 01 05 01 01 01 03 03 01 03 03 04 01 01 03 05 01 03 03 03 01 02 01 03 02 01 01 04 03 01 04 01 01 01 07 06 03 01 01 02 A6 48 DE FE 00 00 00 00 00 00 00 00 00 00 00 00 00 00 00 00 00 00 00 00 00 00 00 00 00 00 00 00 00 00 00 00 00 00 00 00 00 00 00 00 00 00 00 00 00 00 00 00 00 00 00 00 00 00 00 00 00 00 00 00 00 00 00 00 00 00 00 00 00 00 00 00 00 00 00 00 00 00 00 00 00 00 00 00 00 00 00 00 00 00 1E 27 A2 9B 7E
[426957][00:28:54.580]7E FF 02 FF C2 BA 14 D3 81 05 4A 01 EC 8E F6 04 00 39 00 10 00 01 00 03 69 7F 94 F4 0B 26 1D 00 00 00 10 02 F1 23 EF EC AA 72 8E 7E
[426958][00:28:54.775]7E FF 02 FF C3 BA C5 D3 81 05 F7 01 83 21 3A 05 00 25 02 94 00 01 00 01 69 7F 94 87 F0 FF 01 C1 12 79 42 00 51 0E 17 70 08 FF 2F 01 43 04 00 63 78 FF 08 00 33 00 00 70 00 00 68 35 16 FF FF FF FF FF FF 08 00 00 00 87 10 00 12 70 00 00 68 35 16 20 00 00 12 74 72 37 09 4D 64 0E 00 3D 01 C3 01 2F 00 51 00 00 00 01 30 0A 00 00 00 02 00 00 00 00 00 00 00 00 00 00 00 00 00 00 00 00 00 08 00 00 00 00 00 00 00 00 00 04 68 09 00 00 10 00 00 01 04 00 00 00 00 10 3E 01 02 0F 03 02 12 05 08 02 04 33 02 02 7B D5 1A 86 00 5A B8 65 0D 7E
[426959][00:28:54.819]7E FF 02 FF C4 BA 0A D4 81 05 BB 01 7D 71 54 05 00 25 02 10 00 01 00 02 69 7F 94 01 17 C0 13 01 09 00 00 00 CD 26 24 08 B2 D0 4D 7E
[426960][00:28:54.939]7E FF 02 FF C5 BA 49 D4 81 05 7E 00 CC 54 6C 05 00 36 01 14 02 01 00 01 69 7F 94 5F F0 FF 01 D4 17 E8 92 00 89 70 32 F0 05 FF 2F 01 94 6B 00 EC 38 11 08 00 33 00 00 30 00 09 80 93 76 FF FF FF FF FF FF 08 00 00 00 5F 10 00 11 30 00 09 80 93 76 20 00 00 12 74 72 03 00 5D 64 89 00 10 01 C5 01 3D 00 00 00 00 00 01 30 92 B0 2C F5 00 02 52 FF BE 0D 06 47 26 90 9E 8F 80 75 7B 69 01 04 09 04 00 00 01 12 00 00 00 00 A0 00 00 20 00 00 00 80 08 20 2E 22 3C 00 00 00 20 10 3E 79 4B 39 1C 53 E2 31 16 05 40 3E 3A 0A 3B 0D 0C 0F 0E 3B 0D 39 3D 0D 0E 0E 2D 3A 38 3D 0E 0E 0D 0D 0C 0B 3C 0A 0F 0F 0F 0C 0D 0F 0E 0F 0D 0C 09 0C 0C 0C 0F 0C 3D 0C 0A 0D 0C 0D 09 0D 0B 0D 02 08 0D 0E 3C 0E 3D 0E 0E 03 0B 08 0B 0E 0E 0C 0C 0B 3B 09 0C 0B 0E 07 07 0E 23 03 10 0C 0C 0C 03 09 0B 0D 0B 03 0B 0D 0E 0B 0F 08 0B 08 0E 10 3C 0E 0F 01 0D 0B 0F 0F 0A 0B 0D 0D 0E 09 0E 08 0E 0D 0E 0D 0D 0A 08 0F 0E 0C 0C 0B 0D 0B 0C 03 0B 37 0C 0D 56 EB E1 66 00 00 00 00 00 00 00 00 00 00 00 00 00 00 00 00 00 00 00 00 00 00 00 00 00 00 00 00 00 00 00 00 00 00 00 00 00 00 00 00 00 00 00 00 00 00 00 00 00 00 00 00 00 00 00 00 00 00 00 00 00 00 00 00 00 00 00 00 00 00 00 00 00 00 00 00 00 00 00 00 00 00 00 00 00 00 00 00 00 00 00 00 00 00 00 00 00 00 00 00 00 00 00 00 00 00 00 00 00 00 00 00 00 00 00 00 00 00 00 00 00 00 00 00 00 00 00 00 00 00 00 00 00 00 00 00 00 00 00 00 00 00 00 00 00 00 00 00 00 00 00 00 00 00 00 00 00 00 00 00 00 00 00 00 00 00 00 00 00 00 00 00 00 00 00 00 00 00 00 00 00 00 00 00 00 00 00 00 00 00 00 00 00 00 00 00 00 00 00 00 00 00 00 00 00 00 00 00 00 00 00 00 00 00 00 00 00 00 00 00 00 00 00 00 00 00 00 00 00 00 00 00 00 00 00 00 00 00 00 00 00 00 00 00 00 00 00 00 02 31 3C 40 7E
[426961][00:28:54.954]7E FF 02 FF C6 BA 59 D4 81 05 DA 01 55 97 72 05 00 36 01 10 00 01 00 02 69 7F 94 10 17 30 05 01 E1 00 00 00 67 6A 5A 26 1D 8A 68 7E
[426962][00:28:54.969]7E FF 02 FF C7 BA 5F D4 81 05 52 02 BF E8 74 05 00 39 00 94 00 01 00 01 69 7F 94 17 10 00 01 FC 13 79 40 00 A8 E4 54 30 05 01 00 04 72 82 00 5C 00 DF 0C 00 33 00 00 30 00 09 05 35 45 20 00 00 12 74 72 00 00 00 00 30 00 09 05 32 03 53 00 00 00 00 00 00 00 00 00 39 03 00 01 17 51 24 45 E8 07 02 12 09 23 07 03 01 00 01 01 00 02 02 00 0D 00 00 09 03 31 17 6E 54 4E 59 58 20 00 20 00 00 00 00 00 08 00 00 00 CA 97 F1 D0 14 1D 4A 70 83 A1 1A 00 00 31 44 59 58 03 FB C1 01 9C 02 01 C9 47 2A 08 00 00 00 00 00 00 00 00 51 CE 67 09 7E
[426963][00:28:54.969]7E FF 02 FF C8 BA 67 D4 81 05 16 02 CB F5 77 05 00 39 00 10 00 01 00 02 69 7F 94 10 01 70 01 01 01 01 00 00 A0 03 72 1E D6 59 2B 7E
[426964][00:28:54.985]7E FF 02 FF C9 BA 7A D4 81 05 5D 02 89 36 7F 05 00 FE 03 94 00 01 00 01 69 7F 94 01 70 01 01 DC 13 79 40 00 D4 A1 95 10 00 17 00 05 81 BA 00 34 88 FF 00 00 33 00 00 01 00 00 00 30 00 09 05 32 03 20 00 00 12 74 72 0A 03 D5 20 53 00 01 01 17 51 24 45 E1 93 04 00 08 00 00 00 B4 4A 00 00 00 00 00 00 00 00 00 00 00 00 00 00 BB FD D3 EE 00 00 00 00 00 00 00 00 00 00 00 00 00 00 00 00 00 00 00 00 00 00 00 00 00 00 00 00 00 00 00 00 00 00 00 00 00 00 00 00 00 00 00 00 00 00 00 00 00 00 00 00 00 00 00 00 00 00 00 00 CC 5E E0 04 7E
[426965][00:28:54.985]7E FF 02 FF CA BA 8C D4 81 05 57 00 87 E5 85 05 00 FE 03 10 00 01 00 02 69 7F 94 10 01 70 01 01 01 03 00 00 A1 23 76 5A EE F9 AC 7E
[426966][00:28:55.000]7E FF 02 FF CB BA 98 D4 81 05 18 00 08 76 8A 05 00 FE 03 10 00 01 00 02 69 7F 94 10 05 D0 02 01 FE 00 00 00 3C 65 6A A3 DD 53 86 7E
[426967][00:28:55.000]7E FF 02 FF CC BA 9A D4 81 05 8D 03 50 86 8B 05 00 36 00 54 00 01 00 01 69 7F 94 05 40 14 01 D6 12 40 E0 00 40 22 D3 D0 02 01 00 04 9A 09 00 1C 30 DF 00 00 33 00 00 03 00 00 00 C3 00 2D 10 00 00 00 00 00 00 00 00 2D 00 00 0A 53 00 00 00 00 52 00 00 A5 D9 45 27 00 00 00 00 00 00 00 00 00 00 00 00 00 00 00 00 00 00 00 00 BD 74 7B EB 7E
[426968][00:28:55.015]7E FF 02 FF CD BA AA D4 81 05 04 01 1E 63 91 05 00 FD 03 94 00 01 00 01 69 7F 94 01 70 01 01 DC 13 79 44 00 C5 A3 11 10 00 17 00 05 81 BA 00 34 88 FF 00 00 33 00 00 01 00 00 00 30 00 09 05 32 03 20 00 00 12 74 72 0A 03 D5 20 53 00 01 01 17 51 24 45 E1 93 04 00 08 00 00 00 B4 4A 00 00 00 00 00 00 00 00 00 00 00 00 00 00 BB FD D3 EE 00 00 00 00 00 00 00 00 00 00 00 00 00 00 00 00 00 00 00 00 00 00 00 00 00 00 00 00 00 00 00 00 00 00 00 00 00 00 00 00 00 00 00 00 00 00 00 00 00 00 00 00 00 00 00 00 00 00 00 00 D0 FE 23 4A 7E
[426969][00:28:55.060]7E FF 02 FF CE BA F0 D4 81 05 1B 00 7B 02 AC 05 00 37 01 54 00 01 00 01 69 7F 94 05 40 14 01 D6 12 40 E4 00 51 20 57 D0 02 01 00 04 9B 09 00 1C 30 DF 00 00 33 00 00 03 00 00 00 AF 00 2D 10 00 00 00 00 00 00 00 00 2D 00 00 0A C1 00 00 00 00 C0 00 00 99 A0 76 D7 00 00 00 00 00 00 00 00 00 00 00 00 00 00 00 00 00 00 00 00 29 1E 13 74 7E
[426970][00:28:55.105]7E FF 02 FF CF BA 25 D5 81 05 9F 01 D2 63 C0 05 00 37 01 10 00 01 00 02 69 7F 94 10 34 91 04 01 13 00 00 00 65 4E 7A 36 23 D1 59 7E
[426971][00:28:55.166]7E FF 02 FF D0 BA 59 D5 81 05 7E 00 4C 1F D4 05 00 37 01 10 00 01 00 02 69 7F 94 10 D8 40 13 01 00 00 00 00 47 34 0A 23 29 9D 5E 7E
[426972][00:28:55.181]7E FF 02 FF D1 BA 67 D5 81 05 8B 03 01 B6 D8 05 01 22 0D 10 00 01 00 02 69 7F 94 00 01 80 0D 00 A9 03 00 00 CD FD C6 F4 D4 4E 22 7E
[426973][00:28:55.240]7E FF 02 FF D2 BA 89 D5 81 05 E3 00 1C D9 E4 05 01 22 10 94 00 01 00 01 69 7F 94 01 80 0D 01 E8 30 00 10 00 0E B5 D2 10 00 D8 00 0A 84 BA 00 34 88 FF 08 00 33 00 00 20 00 00 12 74 72 30 00 15 61 49 26 04 00 00 00 00 01 01 00 C3 10 2D 00 53 00 00 00 B5 4A 00 00 00 00 00 00 30 00 09 05 32 03 20 00 00 12 74 72 0A 03 D5 20 53 00 01 01 17 51 24 45 E1 93 04 00 0A 03 E5 0F 00 00 00 00 00 00 00 00 00 00 00 00 00 00 00 00 00 00 00 00 00 00 00 00 00 00 00 00 00 00 00 00 00 00 00 00 00 00 00 00 00 00 00 00 00 00 00 00 32 10 91 7E 7E
[426974][00:28:55.272]7E FF 02 FF D3 BA BA D5 81 05 7A 00 F2 19 F9 05 00 38 00 94 00 01 00 01 69 7F 94 D8 40 13 01 24 14 79 44 00 DD 39 2A 80 0D 34 01 00 18 1A 00 34 10 FF 08 00 33 00 00 30 00 15 61 49 26 30 00 09 03 54 73 04 00 00 00 00 01 01 00 C3 10 2D 00 53 00 00 00 B5 4A 00 00 00 00 00 00 30 00 09 05 32 03 20 00 00 12 74 72 0A 03 D5 20 53 00 01 01 17 51 24 45 E1 93 04 00 0A 03 E5 0F 00 00 00 00 00 00 00 00 00 00 00 00 00 00 00 00 00 00 00 00 00 00 00 00 00 00 00 00 00 00 00 00 00 00 00 00 00 00 00 00 00 00 00 00 00 00 00 00 6C 72 16 0C 7E
[426975][00:28:55.272]7E FF 02 FF D4 BA C4 D5 81 05 BA 00 60 F4 FC 05 00 38 00 10 00 01 00 02 69 7F 94 01 01 E0 00 01 00 03 00 00 47 FF D9 E4 7A 49 A9 7E
[426976][00:28:55.556]7E FF 02 FF D5 BA D8 D6 81 05 34 01 DB 45 66 06 00 FF 03 94 00 01 00 01 69 7F 94 01 50 01 03 DC 13 79 40 00 74 95 57 10 00 D8 01 03 80 BA 30 3F 88 FF 00 00 33 00 00 11 03 00 00 01 02 33 03 70 20 28 0A FE FE FE FE 68 2D 00 43 05 18 62 79 09 00 30 10 20 02 10 00 09 05 02 2A 01 40 00 02 00 00 01 10 F0 D5 56 98 83 8E 08 15 8F 01 3B 87 D4 9A 8C D7 39 94 16 93 46 59 60 00 00 00 00 00 00 00 00 00 00 00 00 00 00 00 00 00 00 00 00 00 00 00 00 00 00 00 00 00 00 00 00 00 00 00 00 00 00 00 00 00 00 00 00 00 00 00 00 00 E6 0D D5 A4 7E
[426977][00:28:55.571]7E FF 02 FF D6 BA E0 D6 81 05 72 01 97 5C 69 06 00 FF 03 10 00 01 00 02 69 7F 94 10 15 10 00 01 00 00 00 00 7D 2E CB C9 BB 65 76 7E
[426978][00:28:55.586]7E FF 02 FF D7 BA F7 D6 81 05 3B 01 04 18 72 06 00 36 01 94 00 01 00 01 69 7F 94 15 80 1D 01 14 13 3D 60 00 7C B1 4C 10 00 D8 01 03 80 BA 30 3F 88 EF 00 00 33 00 00 11 03 00 00 01 02 33 03 70 20 28 0A FE FE FE FE 68 2D 00 43 05 18 62 79 09 00 30 10 20 02 10 00 09 05 02 2A 01 40 00 02 00 00 01 10 F0 D5 56 98 83 8E 08 15 8F 01 3B 87 D4 9A 8C D7 39 94 16 93 46 59 60 00 00 00 00 00 00 00 00 00 00 00 00 00 00 00 00 00 00 00 00 00 00 00 00 00 00 00 00 00 00 00 00 00 00 00 00 00 00 00 00 00 00 00 00 00 00 00 00 00 B6 27 CF B9 7E
[426979][00:28:55.601]7E FF 02 FF D8 BA 04 D7 81 05 44 03 84 40 77 06 00 00 03 94 00 01 00 01 69 7F 94 01 50 01 03 DC 13 79 40 00 74 95 57 10 00 AB 01 03 82 BA 30 3F 88 FF 00 00 33 00 00 11 03 00 00 01 02 33 03 71 20 28 0A FE FE FE FE 68 2D 00 43 05 19 62 79 09 00 30 10 F5 9D 10 00 09 05 02 2B 01 40 00 02 00 00 01 10 F0 D5 56 98 83 8E 08 15 8F 01 3B 87 D4 9A 8C D7 42 90 16 9B 1B A2 F3 00 00 00 00 00 00 00 00 00 00 00 00 00 00 00 00 00 00 00 00 00 00 00 00 00 00 00 00 00 00 00 00 00 00 00 00 00 00 00 00 00 00 00 00 00 00 00 00 00 36 DB 4C 5F 7E
[426980][00:28:55.616]7E FF 02 FF D9 BA 0C D7 81 05 6F 03 41 57 7A 06 00 00 03 10 00 01 00 02 69 7F 94 10 15 10 00 01 00 00 00 00 7D 2E CB 80 A9 AB 3B 7E
[426981][00:28:55.616]7E FF 02 FF DA BA 1A D7 81 05 14 01 1B 77 7F 06 00 00 03 10 00 01 00 02 69 7F 94 10 05 D0 02 01 09 00 00 00 4D AA D3 F2 C3 65 73 7E
[426982][00:28:55.631]7E FF 02 FF DB BA 2A D7 81 05 73 01 2D 92 85 06 00 37 00 54 00 01 00 01 69 7F 94 05 40 14 01 D6 12 40 E0 00 40 22 D3 A0 11 01 00 00 8E 00 00 1C 08 DF 08 00 33 00 00 30 00 06 54 24 90 20 00 00 12 74 72 03 00 00 00 CC 00 1A 11 00 00 00 00 00 00 00 00 C6 00 00 07 D7 00 00 00 03 D5 00 00 4A DE CD F6 00 00 00 00 00 00 00 00 E7 EB 03 51 7E
[426983][00:28:55.662]7E FF 02 FF DC BA 4B D7 81 05 72 03 21 5C 92 06 00 38 01 54 00 01 00 01 69 7F 94 05 40 14 01 D6 12 40 E4 00 51 20 57 A0 11 01 00 00 8E 00 00 1C 08 DF 08 00 33 00 00 30 00 06 54 24 90 20 00 00 12 74 72 03 00 00 00 CC 00 1A 11 00 00 00 00 00 00 00 00 C6 00 00 07 D7 00 00 00 03 D5 00 00 4A DE CD F6 00 00 00 00 00 00 00 00 1B 13 07 A5 7E
[426984][00:28:55.738]7E FF 02 FF DD BA 8E D7 81 05 EB 01 5B C5 AB 06 00 39 01 54 00 01 00 01 69 7F 94 05 40 14 01 D6 12 40 E4 00 51 20 57 A0 11 01 00 00 8E 00 00 1C 08 DF 08 00 33 00 00 30 00 06 54 24 90 20 00 00 12 74 72 03 00 00 00 CC 00 1A 11 00 00 00 00 00 00 00 00 C6 00 00 07 D7 00 00 00 03 D5 00 00 4A DE CD F6 00 00 00 00 00 00 00 00 FA 9A B5 F6 7E
[426985][00:28:55.828]7E FF 02 FF DE BA F4 D7 81 05 15 02 F3 B5 D2 06 00 39 01 10 00 01 00 02 69 7F 94 10 15 B0 1A 01 00 00 00 00 D2 5D 19 47 E6 7B 2B 7E
[426986][00:28:55.859]7E FF 02 FF DF BA 0C D8 81 05 A6 02 16 E6 DB 06 00 36 01 94 00 01 00 01 69 7F 94 15 10 00 01 14 13 3D 60 00 07 8E 3E B0 1A 01 00 0A A2 76 30 3A 10 EF 00 00 33 00 00 11 03 00 00 01 02 E3 02 71 20 01 00 68 2C 00 C3 05 19 62 79 09 00 30 10 B3 0C 90 00 13 85 02 2B 01 40 00 02 00 01 1C 07 EA 06 1E 00 1E 36 00 00 01 00 04 5D 65 ED 80 41 BB 16 C9 49 2D 04 00 00 00 00 00 00 00 00 00 00 00 00 00 00 00 00 00 00 00 00 00 00 00 00 00 00 00 00 00 00 00 00 00 00 00 00 00 00 00 00 00 00 00 00 00 00 00 00 00 00 00 00 00 00 26 AD 64 FD 7E
[426987][00:28:55.874]7E FF 02 FF E0 BA 11 D8 81 05 F8 01 95 C2 DD 06 00 36 01 10 00 01 00 02 69 7F 94 10 01 50 01 01 01 01 00 00 A9 22 F2 BC F5 19 35 7E
[426988][00:28:55.874]7E FF 02 FF E1 BA 17 D8 81 05 37 01 45 FC DF 06 00 36 01 10 00 01 00 02 69 7F 94 01 17 60 00 01 1F 00 00 00 40 9E D2 10 2D DE FB 7E
[426989][00:28:55.874]7E FF 02 FF E2 BA 21 D8 81 05 5C 02 AE E7 E3 06 00 36 01 10 00 01 00 02 69 7F 94 10 15 80 1D 01 00 00 00 00 9F 55 7C 17 6B F5 14 7E
[426990][00:28:55.889]7E FF 02 FF E3 BA 27 D8 81 05 F8 02 90 3B E6 06 00 35 01 94 00 01 00 01 69 7F 94 15 10 00 01 14 13 3D 60 00 07 8E 3E 80 1D 01 00 0A 88 CE 30 3A 18 EF 00 00 33 00 00 11 03 00 00 01 02 E3 02 70 20 01 00 68 2C 00 C3 05 18 62 79 09 00 30 10 66 93 90 00 13 85 02 2A 01 40 00 02 00 01 1C 07 EA 06 1E 00 1F 0D 00 00 01 00 04 B8 F9 D8 B4 89 9F 16 0B 9A E2 86 00 00 00 00 00 00 00 00 00 00 00 00 00 00 00 00 00 00 00 00 00 00 00 00 00 00 00 00 00 00 00 00 00 00 00 00 00 00 00 00 00 00 00 00 00 00 00 00 00 00 00 00 00 00 89 99 F3 B8 7E
[426991][00:28:55.904]7E FF 02 FF E4 BA 2C D8 81 05 8B 02 F1 1C E8 06 00 35 01 10 00 01 00 02 69 7F 94 10 01 50 01 01 02 01 00 00 99 E2 F2 14 4F DF D4 7E
[426992][00:28:55.904]7E FF 02 FF E5 BA 2F D8 81 05 3E 03 53 51 E9 06 00 37 00 54 00 01 00 01 69 7F 94 05 40 14 01 D6 12 40 E4 00 51 20 57 A0 11 01 00 00 8E 00 00 1C 08 DF 08 00 33 00 00 30 00 06 54 24 90 20 00 00 12 74 72 03 00 00 00 CC 00 1A 11 00 00 00 00 00 00 00 00 C6 00 00 07 D7 00 00 00 03 D5 00 00 4A DE CD F6 00 00 00 00 00 00 00 00 D4 3A 74 3E 7E
[426993][00:28:55.965]7E FF 02 FF E6 BA 77 D8 81 05 D3 01 D9 9D 03 07 01 23 0D 10 00 01 00 02 69 7F 94 00 01 80 0D 00 A9 01 00 00 CC DD C2 09 D6 58 41 7E
[426994][00:28:56.040]7E FF 02 FF E7 BA A9 D8 81 05 B9 01 18 1B 16 07 01 22 10 94 00 01 00 01 69 7F 94 01 80 0D 01 E8 30 00 10 00 0E B5 D2 10 00 D8 00 0A 86 BA 00 34 88 FF 08 00 33 00 00 20 00 00 12 74 72 30 00 15 61 49 26 05 00 00 00 00 00 00 00 CC 10 1A 01 D7 00 00 00 B6 4A 00 00 00 00 00 00 74 72 30 00 15 61 49 26 04 00 00 00 00 01 01 00 C3 10 2D 00 53 00 00 00 B5 4A 00 00 60 4D 23 C6 00 00 00 00 00 00 00 00 00 00 00 00 00 00 00 00 00 00 00 00 00 00 00 00 00 00 00 00 00 00 00 00 00 00 00 00 00 00 00 00 00 00 00 00 00 00 00 00 55 45 71 26 7E
[426995][00:28:56.055]7E FF 02 FF E8 BA C2 D8 81 05 11 02 39 46 21 07 00 36 00 94 00 01 00 01 69 7F 94 D8 40 13 01 EF 12 3D 60 00 C3 19 FD 80 0D 0A 01 00 19 1A 00 34 10 FF 08 00 33 00 00 30 00 15 61 49 26 30 00 09 04 15 87 05 00 00 00 00 00 00 00 CC 10 1A 01 D7 00 00 00 B6 4A 00 00 00 00 00 00 74 72 30 00 15 61 49 26 04 00 00 00 00 01 01 00 C3 10 2D 00 53 00 00 00 B5 4A 00 00 60 4D 23 C6 00 00 00 00 00 00 00 00 00 00 00 00 00 00 00 00 00 00 00 00 00 00 00 00 00 00 00 00 00 00 00 00 00 00 00 00 00 00 00 00 00 00 00 00 00 00 00 00 AB CA A9 23 7E
[426996][00:28:56.055]7E FF 02 FF E9 BA C9 D8 81 05 8D 00 0A D0 23 07 00 36 00 10 00 01 00 02 69 7F 94 10 17 30 05 01 07 00 00 00 06 E4 E7 15 0E 6C AC 7E
[426997][00:28:56.070]7E FF 02 FF EA BA CE D8 81 05 5E 01 39 C9 25 07 00 FD 03 94 00 01 00 01 69 7F 94 01 70 01 01 DC 13 79 44 00 C5 A3 11 10 00 17 00 05 81 BA 00 34 88 FF 00 00 33 00 00 01 00 00 00 30 00 09 05 32 03 20 00 00 12 74 72 0A 03 D5 20 53 00 01 01 17 51 24 45 E1 93 04 00 08 00 00 00 B4 4A 00 00 00 00 00 00 00 00 00 00 00 00 00 00 BB FD D3 EE 00 00 00 00 00 00 00 00 00 00 00 00 00 00 00 00 00 00 00 00 00 00 00 00 00 00 00 00 00 00 00 00 00 00 00 00 00 00 00 00 00 00 00 00 00 00 00 00 00 00 00 00 00 00 00 00 00 00 00 00 E5 13 AC 7B 7E
[426998][00:28:56.114]7E FF 02 FF EB BA D8 D8 81 05 72 03 8B CB 29 07 00 38 01 14 02 01 00 01 69 7F 94 41 F0 FF 01 D4 17 E8 92 00 94 70 5E 10 04 FF 2F 01 25 C2 00 EB 60 11 08 00 33 00 00 30 00 09 81 06 24 FF FF FF FF FF FF 08 00 00 00 41 10 00 11 30 00 09 81 06 24 20 00 00 12 74 72 02 00 5D 64 88 00 10 01 C4 01 3D 00 00 00 00 00 01 30 92 B0 2C F5 00 02 52 FF BC 0D 06 C7 26 90 9E 8F 80 75 7B 69 01 04 01 04 00 00 01 12 00 00 00 00 A0 00 00 20 00 00 00 80 08 20 2E 22 3C 00 00 00 20 10 3E 79 4B 39 1C 53 E2 31 16 05 40 3B 3B 0A 3B 0D 0C 0F 0D 3B 0E 37 3E 0D 0E 0F 2C 38 3A 3C 0F 0E 0D 0F 0A 0B 3B 0B 0F 0E 0C 0D 0F 0F 0E 0E 09 0B 0C 0B 0C 0F 0E 0B 3C 0B 0A 0D 0C 0C 08 0D 09 0D 09 08 0E 0D 38 0F 3D 0D 0F 05 09 09 0E 0E 0E 0C 0C 0B 37 0E 0C 0A 0F 08 10 1F 0C 10 0C 0C 0B 0D 09 08 0D 0A 06 08 0D 0A 0B 0E 09 0C 07 0F 10 3C 0D 0F 09 0E 0A 0E 0F 09 0B 0D 0C 0F 08 0E 0E 0D 0C 0B 0D 0B 0C 08 0E 0E 0C 0B 0A 0C 08 0D 09 0B 31 0B 0D 30 95 A9 CA 00 00 00 00 00 00 00 00 00 00 00 00 00 00 00 00 00 00 00 00 00 00 00 00 00 00 00 00 00 00 00 00 00 00 00 00 00 00 00 00 00 00 00 00 00 00 00 00 00 00 00 00 00 00 00 00 00 00 00 00 00 00 00 00 00 00 00 00 00 00 00 00 00 00 00 00 00 00 00 00 00 00 00 00 00 00 00 00 00 00 00 00 00 00 00 00 00 00 00 00 00 00 00 00 00 00 00 00 00 00 00 00 00 00 00 00 00 00 00 00 00 00 00 00 00 00 00 00 00 00 00 00 00 00 00 00 00 00 00 00 00 00 00 00 00 00 00 00 00 00 00 00 00 00 00 00 00 00 00 00 00 00 00 00 00 00 00 00 00 00 00 00 00 00 00 00 00 00 00 00 00 00 00 00 00 00 00 00 00 00 00 00 00 00 00 00 00 00 00 00 00 00 00 00 00 00 00 00 00 00 00 00 00 00 00 00 00 00 00 00 00 00 00 00 00 00 00 00 00 00 00 00 00 00 00 00 00 00 00 00 00 00 00 00 00 00 00 00 00 A0 02 FC B5 7E
[426999][00:28:56.130]7E FF 02 FF EC BA D7 D8 81 05 E2 01 0E A8 27 07 01 23 10 94 00 01 00 01 69 7F 94 01 80 0D 03 E8 30 00 10 00 8F A5 14 10 00 DE 00 03 87 BA 30 3F 88 FF 00 00 33 00 00 11 03 00 00 01 02 33 03 62 20 28 0A FE FE FE FE 68 2D 00 43 05 97 36 05 09 00 30 10 C7 AF 10 00 09 05 02 1D 01 40 00 02 00 00 01 10 F0 D5 56 98 83 8E 08 15 8F 01 3B 87 D4 9A 8C D7 88 41 16 1C 39 A7 52 00 00 00 00 00 00 00 00 00 00 00 00 00 00 00 00 00 00 00 00 00 00 00 00 00 00 00 00 00 00 00 00 00 00 00 00 00 00 00 00 00 00 00 00 00 00 00 00 00 DE 8C 41 1D 7E
[427000][00:28:56.144]7E FF 02 FF ED BA F8 D8 81 05 E6 00 2D C1 35 07 00 37 00 94 00 01 00 01 69 7F 94 D8 40 13 03 24 14 79 44 00 5C 29 EC 10 00 DE 00 03 87 BA 30 3F 88 EF 00 00 33 00 00 11 03 00 00 01 02 33 03 62 20 28 0A FE FE FE FE 68 2D 00 43 05 97 36 05 09 00 30 10 C7 AF 10 00 09 05 02 1D 01 40 00 02 00 00 01 10 F0 D5 56 98 83 8E 08 15 8F 01 3B 87 D4 9A 8C D7 88 41 16 1C 39 A7 52 00 00 00 00 00 00 00 00 00 00 00 00 00 00 00 00 00 00 00 00 00 00 00 00 00 00 00 00 00 00 00 00 00 00 00 00 00 00 00 00 00 00 00 00 00 00 00 00 00 69 E7 AD 19 7E
[427001][00:28:56.159]7E FF 02 FF EE BA 10 D9 81 05 2D 02 6E 09 3F 07 00 FE 03 94 00 01 00 01 69 7F 94 01 70 01 01 DC 13 79 44 00 C5 A3 11 10 00 17 00 05 81 BA 00 34 88 FF 00 00 33 00 00 01 00 00 00 30 00 09 05 32 03 20 00 00 12 74 72 0A 03 D5 20 53 00 01 01 17 51 24 45 E1 93 04 00 08 00 00 00 B4 4A 00 00 00 00 00 00 00 00 00 00 00 00 00 00 BB FD D3 EE 00 00 00 00 00 00 00 00 00 00 00 00 00 00 00 00 00 00 00 00 00 00 00 00 00 00 00 00 00 00 00 00 00 00 00 00 00 00 00 00 00 00 00 00 00 00 00 00 00 00 00 00 00 00 00 00 00 00 00 00 85 30 35 D5 7E
[427002][00:28:56.190]7E FF 02 FF EF BA 1D D9 81 05 CB 00 56 DA 43 07 00 37 00 94 00 01 00 01 69 7F 94 D8 40 13 03 24 14 79 44 00 5C 29 EC 10 00 DE 00 03 87 BA 30 3F 88 EF 00 00 33 00 00 11 03 00 00 01 02 33 03 62 20 28 0A FE FE FE FE 68 2D 00 43 05 97 36 05 09 00 30 10 C7 AF 10 00 09 05 02 1D 01 40 00 02 00 00 01 10 F0 D5 56 98 83 8E 08 15 8F 01 3B 87 D4 9A 8C D7 88 41 16 1C 39 A7 52 00 00 00 00 00 00 00 00 00 00 00 00 00 00 00 00 00 00 00 00 00 00 00 00 00 00 00 00 00 00 00 00 00 00 00 00 00 00 00 00 00 00 00 00 00 00 00 00 00 B7 F5 A0 1D 7E
[427003][00:28:56.190]7E FF 02 FF F0 BA 29 D9 81 05 F9 02 98 A7 48 07 00 39 00 94 00 01 00 01 69 7F 94 17 10 00 01 FC 13 79 40 00 A8 E4 54 70 01 01 00 04 CB C1 00 4A 78 EF 04 00 33 00 00 07 00 00 00 17 00 53 00 B4 00 3E 00 62 4F C3 0A 7F FD 2D 00 40 E2 C9 20 40 69 01 00 CF 88 00 04 BE D1 D6 E3 6B D6 0A 2D 72 B7 6F 7E 18 96 D6 04 9A 00 77 18 B4 1B 01 05 00 30 2C 00 00 00 00 00 00 00 00 00 04 00 00 00 00 01 4A 22 87 45 00 00 00 00 00 00 00 00 00 00 00 00 00 00 00 00 00 00 00 00 00 00 00 00 00 00 00 00 00 00 00 00 00 00 00 00 00 00 8E B0 13 45 7E
[427004][00:28:56.206]7E FF 02 FF F1 BA 31 D9 81 05 C3 02 9F B3 4B 07 00 39 00 10 00 01 00 02 69 7F 94 10 01 70 01 01 01 01 00 00 A0 03 72 63 AC 33 FD 7E
[427005][00:28:56.221]7E FF 02 FF F2 BA 42 D9 81 05 95 03 E6 3E 52 07 00 FE 03 94 00 01 00 01 69 7F 94 01 70 01 01 DC 13 79 44 00 C5 A3 11 10 00 17 00 05 81 BA 00 34 88 FF 00 00 33 00 00 01 00 00 00 30 00 09 05 32 03 20 00 00 12 74 72 0A 03 D5 20 53 00 01 01 17 51 24 45 E1 93 04 00 08 00 00 00 B4 4A 00 00 00 00 00 00 00 00 00 00 00 00 00 00 BB FD D3 EE 00 00 00 00 00 00 00 00 00 00 00 00 00 00 00 00 00 00 00 00 00 00 00 00 00 00 00 00 00 00 00 00 00 00 00 00 00 00 00 00 00 00 00 00 00 00 00 00 00 00 00 00 00 00 00 00 00 00 00 00 D3 53 EC ED 7E
[427006][00:28:56.237]7E FF 02 FF F3 BA 54 D9 81 05 B3 00 94 D7 58 07 00 37 00 94 00 01 00 01 69 7F 94 17 30 05 01 FC 13 79 40 00 A1 65 F5 70 01 53 00 0A CC C1 00 34 78 EF 04 00 33 00 00 01 00 00 00 30 00 09 05 32 03 20 00 00 12 74 72 0A 03 D5 20 53 00 01 01 17 51 24 45 E1 93 04 00 08 00 00 00 B4 4A 00 00 00 00 00 00 00 00 00 00 00 00 00 00 BB FD D3 EE 00 00 00 00 00 00 00 00 00 00 00 00 00 00 00 00 00 00 00 00 00 00 00 00 00 00 00 00 00 00 00 00 00 00 00 00 00 00 00 00 00 00 00 00 00 00 00 00 00 00 00 00 00 00 00 00 00 00 00 00 3D 09 A8 57 7E
[427007][00:28:56.237]7E FF 02 FF F4 BA 5F D9 81 05 27 00 82 FE 5C 07 00 37 00 10 00 01 00 02 69 7F 94 10 D8 40 13 01 00 00 00 00 47 34 0A 7B 78 B2 A4 7E
[427008][00:28:56.237]7E FF 02 FF F5 BA 69 D9 81 05 23 03 0B 1C 61 07 00 37 00 10 00 01 00 02 69 7F 94 10 05 40 14 01 1F 00 00 00 0C 0A 86 73 78 EB 2E 7E
[427009][00:28:56.252]7E FF 02 FF F6 BA 6E D9 81 05 C8 03 2F 0D 63 07 00 37 00 94 00 01 00 01 69 7F 94 05 E0 0D 03 FC 13 79 40 00 A5 B7 C6 10 00 DE 00 03 87 BA 30 3F 88 BF 00 00 33 00 00 11 03 00 00 01 02 33 03 62 20 28 0A FE FE FE FE 68 2D 00 43 05 97 36 05 09 00 30 10 C7 AF 10 00 09 05 02 1D 01 40 00 02 00 00 01 10 F0 D5 56 98 83 8E 08 15 8F 01 3B 87 D4 9A 8C D7 88 41 16 1C 39 A7 52 00 00 00 00 00 00 00 00 00 00 00 00 00 00 00 00 00 00 00 00 00 00 00 00 00 00 00 00 00 00 00 00 00 00 00 00 00 00 00 00 00 00 00 00 00 00 00 00 00 68 98 E9 BD 7E
[427010][00:28:56.267]7E FF 02 FF F7 BA 9A D9 81 05 AC 03 63 D2 73 07 00 39 01 94 00 01 00 01 69 7F 94 05 E0 0D 03 FC 13 79 44 00 B4 B5 42 10 00 DE 00 03 87 BA 30 3F 88 BF 00 00 33 00 00 11 03 00 00 01 02 33 03 62 20 28 0A FE FE FE FE 68 2D 00 43 05 97 36 05 09 00 30 10 C7 AF 10 00 09 05 02 1D 01 40 00 02 00 00 01 10 F0 D5 56 98 83 8E 08 15 8F 01 3B 87 D4 9A 8C D7 88 41 16 1C 39 A7 52 00 00 00 00 00 00 00 00 00 00 00 00 00 00 00 00 00 00 00 00 00 00 00 00 00 00 00 00 00 00 00 00 00 00 00 00 00 00 00 00 00 00 00 00 00 00 00 00 00 FD F9 C7 2F 7E
[427011][00:28:56.297]7E FF 02 FF F8 BA BA D9 81 05 BA 02 1E F0 7F 07 00 39 00 94 00 01 00 01 69 7F 94 05 E0 0D 03 FC 13 79 44 00 B4 B5 42 10 00 DE 00 03 87 BA 30 3F 88 BF 00 00 33 00 00 11 03 00 00 01 02 33 03 62 20 28 0A FE FE FE FE 68 2D 00 43 05 97 36 05 09 00 30 10 C7 AF 10 00 09 05 02 1D 01 40 00 02 00 00 01 10 F0 D5 56 98 83 8E 08 15 8F 01 3B 87 D4 9A 8C D7 88 41 16 1C 39 A7 52 00 00 00 00 00 00 00 00 00 00 00 00 00 00 00 00 00 00 00 00 00 00 00 00 00 00 00 00 00 00 00 00 00 00 00 00 00 00 00 00 00 00 00 00 00 00 00 00 00 5F 50 E1 E4 7E
[427012][00:28:56.463]7E FF 02 FF F9 BA 71 DA 81 05 B6 03 7A DF C5 07 00 39 00 10 00 01 00 03 69 7F 94 F4 0B C8 15 00 00 00 10 02 B9 48 34 E9 8A A1 CC 7E
[427013][00:28:56.718]7E FF 02 FF FA BA 4D DB 81 05 74 00 ED 72 19 08 00 38 00 14 01 01 00 01 69 7F 94 20 F0 FF 01 E5 14 EB C2 00 CB E5 32 00 02 FF 2F 01 AE 94 00 93 70 01 04 00 33 00 00 08 00 00 00 20 40 14 41 30 00 09 04 22 19 20 00 00 12 74 72 39 0D 0B 1E 3E 00 08 01 0E 00 2F 00 00 00 00 00 44 31 22 0C C0 02 5E 54 0C 00 40 C2 09 00 40 09 00 00 01 80 00 00 02 00 C0 E1 00 40 00 00 70 82 00 28 18 96 00 00 9A 00 10 00 14 0A 00 01 00 30 20 01 05 02 05 01 06 01 04 08 06 04 05 02 04 01 03 02 04 01 03 02 02 01 04 06 01 04 01 02 02 01 04 03 03 05 01 05 01 02 03 01 01 01 03 02 01 01 04 03 02 03 01 02 01 06 04 02 01 03 02 03 02 97 A9 81 0C 00 00 00 00 00 00 00 00 00 00 00 00 00 00 00 00 00 00 00 00 00 00 00 00 00 00 00 00 00 00 00 00 00 00 00 00 00 00 00 00 00 00 00 00 00 00 00 00 00 00 00 00 00 00 00 00 00 00 00 00 00 00 00 00 00 00 00 00 00 00 00 00 00 00 00 00 00 00 00 00 00 00 00 00 00 00 00 00 00 00 00 00 00 DD 0A 61 21 7E
[427014][00:28:56.764]7E FF 02 FF FB BA A1 DB 81 05 19 01 8D 93 39 08 00 38 00 10 00 01 00 02 69 7F 94 10 17 30 05 01 F7 00 00 00 06 EB DB 9B CB 62 29 7E
[427015][00:28:56.779]7E FF 02 FF FC BA B0 DB 81 05 41 00 FF 37 3F 08 00 38 00 10 00 01 00 02 69 7F 94 10 34 81 06 01 0D 00 00 00 81 CF 3D 07 DF D9 B1 7E
[427016][00:28:56.794]7E FF 02 FF FD BA B5 DB 81 05 D6 02 F7 5A 41 08 00 39 00 54 00 01 00 01 69 7F 94 17 10 00 01 D6 12 40 E0 00 A7 EC B1 F0 0C 01 00 00 6E 01 00 1C 20 DF 08 00 33 00 00 70 00 00 78 47 39 20 00 00 12 74 72 03 00 00 00 B1 00 CF 00 00 00 00 00 00 00 00 00 CF 00 00 0A 79 00 00 00 01 37 00 00 B8 C8 2F 0B 00 00 00 00 00 00 00 00 67 26 4E 93 7E
[427017][00:28:56.809]7E FF 02 FF FE BA BA DB 81 05 90 02 1D 42 43 08 00 39 00 10 00 01 00 02 69 7F 94 10 01 70 01 01 01 02 00 00 A0 33 B2 A5 60 25 02 7E
[427018][00:28:56.824]7E FF 02 FF FF BA C7 DB 81 05 81 00 CE FE 47 08 00 FD 03 94 00 01 00 01 69 7F 94 01 70 01 01 DC 13 79 40 00 D4 A1 95 10 00 17 00 0A 8B BA 00 34 88 FF 08 00 33 00 00 20 00 00 12 74 72 30 00 09 05 35 33 04 00 00 00 00 01 01 00 B1 00 CF 00 79 00 00 00 B7 4A 00 00 00 00 00 00 74 72 30 00 15 61 49 26 05 00 00 00 00 00 00 00 CC 10 1A 01 D7 00 00 00 B6 4A 00 00 B8 65 B7 54 00 00 00 00 00 00 00 00 00 00 00 00 00 00 00 00 00 00 00 00 00 00 00 00 00 00 00 00 00 00 00 00 00 00 00 00 00 00 00 00 00 00 00 00 00 00 00 00 E0 0D E5 A8 7E
[427019][00:28:56.840]7E FF 02 FF 00 BB D9 DB 81 05 42 01 3E EF 4E 08 00 3A 00 54 00 01 00 01 69 7F 94 17 10 00 01 D6 12 40 E4 00 B6 EE 35 F0 0C 01 00 00 6E 01 00 1C 20 DF 08 00 33 00 00 70 00 00 78 47 39 20 00 00 12 74 72 03 00 00 00 B1 00 CF 00 00 00 00 00 00 00 00 00 CF 00 00 0A 79 00 00 00 01 37 00 00 B8 C8 2F 0B 00 00 00 00 00 00 00 00 4E 87 46 2A 7E
[427020][00:28:56.840]7E FF 02 FF 01 BB DE DB 81 05 E5 00 27 D3 50 08 00 3A 00 10 00 01 00 02 69 7F 94 10 01 70 01 01 01 03 00 00 A1 23 76 79 A7 8A 96 7E
[427021][00:28:56.870]7E FF 02 FF 02 BB F6 DB 81 05 20 01 5A FC 59 08 00 FE 03 94 00 01 00 01 69 7F 94 01 70 01 01 DC 13 79 44 00 C5 A3 11 10 00 17 00 0A 8B BA 00 34 88 FF 08 00 33 00 00 20 00 00 12 74 72 30 00 09 05 35 33 04 00 00 00 00 01 01 00 B1 00 CF 00 79 00 00 00 B7 4A 00 00 00 00 00 00 74 72 30 00 15 61 49 26 05 00 00 00 00 00 00 00 CC 10 1A 01 D7 00 00 00 B6 4A 00 00 B8 65 B7 54 00 00 00 00 00 00 00 00 00 00 00 00 00 00 00 00 00 00 00 00 00 00 00 00 00 00 00 00 00 00 00 00 00 00 00 00 00 00 00 00 00 00 00 00 00 00 00 00 5A 40 06 6A 7E
[427022][00:28:56.901]7E FF 02 FF 03 BB 0A DC 81 05 B4 00 0F 92 61 08 00 38 00 14 01 01 00 01 69 7F 94 17 F0 FF 01 E5 14 EB C2 00 FB E5 DE 70 01 FF 2F 01 CD C1 00 AB 78 01 04 00 33 00 00 08 00 00 00 17 10 00 12 30 00 09 05 35 33 20 00 00 12 74 72 39 F0 00 00 56 00 0A 01 0E 00 2F 00 00 00 00 00 01 30 22 0D 42 00 5F 54 0C 00 40 C2 49 00 40 29 01 00 C1 80 00 04 32 00 C0 E3 20 42 08 04 70 A2 29 6A 18 94 40 00 9A 00 54 10 14 0A 00 01 00 30 24 01 09 01 03 02 01 02 04 04 07 05 04 05 04 03 01 04 05 04 02 06 02 03 06 03 04 06 02 01 01 04 01 01 03 02 06 01 01 04 04 02 02 05 03 03 02 01 02 01 03 04 01 04 01 01 03 02 01 01 01 01 04 01 05 02 06 04 02 01 04 01 02 02 03 04 02 03 08 05 04 02 03 02 06 02 03 5F 76 F6 A5 00 00 00 00 00 00 00 00 00 00 00 00 00 00 00 00 00 00 00 00 00 00 00 00 00 00 00 00 00 00 00 00 00 00 00 00 00 00 00 00 00 00 00 00 00 00 00 00 00 00 00 00 00 00 00 00 00 00 00 00 00 00 00 00 00 00 00 00 00 BF 04 51 B7 7E
[427023][00:28:56.916]7E FF 02 FF 04 BB 2A DC 81 05 06 00 38 B8 6D 08 00 FE 03 94 00 01 00 01 69 7F 94 01 70 01 01 DC 13 79 44 00 C5 A3 11 10 00 17 00 0A 8B BA 00 34 88 FF 08 00 33 00 00 20 00 00 12 74 72 30 00 09 05 35 33 04 00 00 00 00 01 01 00 B1 00 CF 00 79 00 00 00 B7 4A 00 00 00 00 00 00 74 72 30 00 15 61 49 26 05 00 00 00 00 00 00 00 CC 10 1A 01 D7 00 00 00 B6 4A 00 00 B8 65 B7 54 00 00 00 00 00 00 00 00 00 00 00 00 00 00 00 00 00 00 00 00 00 00 00 00 00 00 00 00 00 00 00 00 00 00 00 00 00 00 00 00 00 00 00 00 00 00 00 00 C5 4E 93 39 7E
[427024][00:28:56.947]7E FF 02 FF 05 BB D4 DB 81 05 EA 00 B1 26 73 08 00 3A 01 94 00 01 00 01 69 7F 94 17 30 05 01 FC 13 79 40 00 A1 65 F5 70 01 53 00 0A CE C1 00 34 78 EF 04 00 33 00 00 04 00 00 00 00 01 01 00 B1 00 CF 00 79 00 00 00 B7 4A 00 00 00 00 00 00 74 72 30 00 15 61 49 26 05 00 00 00 00 00 00 00 CC 10 1A 01 D7 00 00 00 B6 4A 00 00 B8 65 B7 54 00 00 00 00 00 00 00 00 00 00 00 00 00 00 00 00 00 00 00 00 00 00 00 00 00 00 00 00 00 00 00 00 00 00 00 00 00 00 00 00 00 00 00 00 00 00 00 00 00 00 00 00 00 00 00 00 00 00 00 00 1D 9C 73 CC 7E
[427025][00:28:57.097]7E FF 02 FF 06 BB C7 DC 81 05 F6 01 BD CC A9 08 00 38 01 14 01 01 00 01 69 7F 94 46 F0 FF 01 E5 14 EB C2 00 A1 E5 62 60 04 FF 2F 01 1A 08 00 87 10 01 04 00 33 00 00 08 00 00 00 46 70 01 21 30 00 09 05 35 36 20 00 00 12 74 72 39 1D 00 00 32 00 07 01 11 00 2F 00 00 00 00 00 17 30 62 06 00 0A 36 84 2D 00 00 80 09 00 40 01 00 00 01 00 00 00 12 00 40 C0 02 00 00 00 20 02 01 08 1A 02 00 00 14 00 15 00 80 0A 00 05 00 20 24 01 02 01 01 01 02 02 01 01 02 02 01 02 01 03 04 01 01 01 01 04 01 04 01 01 01 03 03 03 01 02 01 01 01 02 03 01 01 01 01 01 01 01 01 01 03 01 02 01 01 9E 26 34 CB 00 00 00 00 00 00 00 00 00 00 00 00 00 00 00 00 00 00 00 00 00 00 00 00 00 00 00 00 00 00 00 00 00 00 00 00 00 00 00 00 00 00 00 00 00 00 00 00 00 00 00 00 00 00 00 00 00 00 00 00 00 00 00 00 00 00 00 00 00 00 00 00 00 00 00 00 00 00 00 00 00 00 00 00 00 00 00 00 00 00 00 00 00 00 00 00 00 00 00 00 00 00 00 00 00 0C 1C 26 0D 7E
[427026][00:28:57.306]7E FF 02 FF 07 BB 89 DD 81 05 E3 02 D0 E4 F3 08 00 36 01 14 02 01 00 01 69 7F 94 43 F0 FF 01 D4 17 E8 92 00 97 70 FA 30 04 FF 2F 01 5E A3 00 ED 28 11 08 00 33 00 00 30 00 09 81 32 48 FF FF FF FF FF FF 08 00 00 00 43 10 00 11 30 00 09 81 32 48 20 00 00 12 74 72 02 00 57 64 8A 00 10 01 C3 01 3D 00 00 00 00 00 01 30 92 B0 2C F5 02 02 52 FF B6 0D 06 C7 26 90 9E 8F 80 75 7B 69 01 04 09 04 00 00 01 12 00 00 00 00 A0 00 00 20 00 00 00 80 08 20 2E 22 3C 00 00 00 20 10 3E 79 4B 39 1C 53 E2 31 16 05 40 3E 3B 0A 3A 0C 09 0F 0D 3B 0C 38 3E 0C 0E 0E 02 25 39 3B 3C 0E 0E 0D 0E 0E 0B 3D 0B 0E 0F 0B 0A 0A 0E 0F 0A 0C 0C 0C 0C 0B 10 0E 0A 3C 0B 0B 0D 0C 0C 08 0D 0A 0C 08 08 0E 0D 3C 0F 3D 0E 0B 05 0C 08 0E 08 0E 0D 0C 0A 3A 07 0C 0B 0E 06 06 10 21 0C 0E 0C 0C 0C 0D 09 0D 0D 0B 05 0B 0D 0D 08 0E 08 0B 09 0F 0C 34 0E 0F 0A 0C 0D 0F 0F 0D 09 0C 0C 0E 08 0E 0E 0D 0C 0D 0D 0C 0C 08 0F 0B 0B 08 0B 0B 08 0C 09 0A 32 0C 0D 42 E9 B9 F5 00 00 00 00 00 00 00 00 00 00 00 00 00 00 00 00 00 00 00 00 00 00 00 00 00 00 00 00 00 00 00 00 00 00 00 00 00 00 00 00 00 00 00 00 00 00 00 00 00 00 00 00 00 00 00 00 00 00 00 00 00 00 00 00 00 00 00 00 00 00 00 00 00 00 00 00 00 00 00 00 00 00 00 00 00 00 00 00 00 00 00 00 00 00 00 00 00 00 00 00 00 00 00 00 00 00 00 00 00 00 00 00 00 00 00 00 00 00 00 00 00 00 00 00 00 00 00 00 00 00 00 00 00 00 00 00 00 00 00 00 00 00 00 00 00 00 00 00 00 00 00 00 00 00 00 00 00 00 00 00 00 00 00 00 00 00 00 00 00 00 00 00 00 00 00 00 00 00 00 00 00 00 00 00 00 00 00 00 00 00 00 00 00 00 00 00 00 00 00 00 00 00 00 00 00 00 00 00 00 00 00 00 00 00 00 00 00 00 00 00 00 00 00 00 00 00 00 00 00 00 00 00 00 00 00 00 00 00 00 00 00 00 00 00 00 00 00 1E 88 3A 69 7E
[427027][00:28:57.336]7E FF 02 FF 08 BB D2 DD 81 05 B4 03 64 D5 0F 09 00 36 01 10 00 01 00 02 69 7F 94 01 34 01 00 01 0E 00 00 00 02 BA F3 9A CD 39 36 7E
[427028][00:28:57.516]7E FF 02 FF 09 BB 8C DE 81 05 46 03 5F C1 56 09 00 36 01 10 00 01 00 02 69 7F 94 10 01 30 19 01 00 02 00 00 A6 F7 BA 13 E5 85 93 7E
[427029][00:28:57.516]7E FF 02 FF 0A BB 8F DE 81 05 60 00 86 9C 57 09 00 36 01 10 00 01 00 02 69 7F 94 01 17 C0 13 01 00 00 00 00 5D 66 26 F3 0F 23 E0 7E
[427030][00:28:57.546]7E FF 02 FF 0B BB 2E DE 81 05 26 03 EE 00 59 09 00 FF 03 94 00 01 00 01 69 7F 94 01 50 01 03 DC 13 79 40 00 74 95 57 10 00 9B 00 03 88 BA 30 3F 88 FF 00 00 33 00 00 11 03 00 00 01 02 33 03 72 20 28 0A FE FE FE FE 68 2D 00 43 05 20 62 79 09 00 30 10 86 0A 10 00 09 05 02 2C 01 40 00 02 00 00 01 10 F0 D5 56 98 83 8E 08 15 8F 01 3B 87 D4 9A 8C D7 23 8D 16 C9 7B 93 29 00 00 00 00 00 00 00 00 00 00 00 00 00 00 00 00 00 00 00 00 00 00 00 00 00 00 00 00 00 00 00 00 00 00 00 00 00 00 00 00 00 00 00 00 00 00 00 00 00 5A 9D 17 DF 7E
[427031][00:28:57.546]7E FF 02 FF 0C BB 9A DE 81 05 52 03 A9 17 5C 09 00 FF 03 10 00 01 00 02 69 7F 94 10 15 10 00 01 00 00 00 00 7D 2E CB 09 FF 2E CB 7E
[427032][00:28:57.562]7E FF 02 FF 0D BB A0 DE 81 05 3F 02 30 43 5E 09 00 38 01 94 00 01 00 01 69 7F 94 15 B0 09 01 14 13 3D 60 00 E9 13 8E 10 00 9B 00 03 88 BA 30 3F 88 EF 00 00 33 00 00 11 03 00 00 01 02 33 03 72 20 28 0A FE FE FE FE 68 2D 00 43 05 20 62 79 09 00 30 10 86 0A 10 00 09 05 02 2C 01 40 00 02 00 00 01 10 F0 D5 56 98 83 8E 08 15 8F 01 3B 87 D4 9A 8C D7 23 8D 16 C9 7B 93 29 00 00 00 00 00 00 00 00 00 00 00 00 00 00 00 00 00 00 00 00 00 00 00 00 00 00 00 00 00 00 00 00 00 00 00 00 00 00 00 00 00 00 00 00 00 00 00 00 00 19 BB F5 B6 7E
[427033][00:28:57.577]7E FF 02 FF 0E BB AC DE 81 05 11 03 FE E9 62 09 00 00 03 94 00 01 00 01 69 7F 94 01 C0 01 03 DC 13 79 40 00 E1 17 83 10 00 74 00 03 89 BA 30 3F 88 FF 00 00 33 00 00 11 03 00 00 01 02 33 03 73 20 28 0A FE FE FE FE 68 2D 00 43 05 50 62 79 09 00 30 10 CA 1B 10 00 09 05 02 2D 01 40 00 02 00 00 01 10 F0 D5 56 98 83 8E 08 15 8F 01 3B 87 D4 9A 8C D7 58 89 16 24 C4 1D E8 00 00 00 00 00 00 00 00 00 00 00 00 00 00 00 00 00 00 00 00 00 00 00 00 00 00 00 00 00 00 00 00 00 00 00 00 00 00 00 00 00 00 00 00 00 00 00 00 00 A0 0E 29 BC 7E
[427034][00:28:57.577]7E FF 02 FF 0F BB D0 DE 81 05 8D 02 37 9E 70 09 00 00 03 10 00 01 00 02 69 7F 94 01 17 C0 13 01 08 00 00 00 DC 66 A0 BA 06 75 93 7E
[427035][00:28:57.621]7E FF 02 FF 10 BB E3 DE 81 05 58 00 2E A2 77 09 00 FF 03 94 00 01 00 01 69 7F 94 01 C0 01 03 DC 13 79 44 00 F0 15 07 10 00 74 00 03 89 BA 30 3F 88 FF 00 00 33 00 00 11 03 00 00 01 02 33 03 73 20 28 0A FE FE FE FE 68 2D 00 43 05 50 62 79 09 00 30 10 CA 1B 10 00 09 05 02 2D 01 40 00 02 00 00 01 10 F0 D5 56 98 83 8E 08 15 8F 01 3B 87 D4 9A 8C D7 58 89 16 24 C4 1D E8 00 00 00 00 00 00 00 00 00 00 00 00 00 00 00 00 00 00 00 00 00 00 00 00 00 00 00 00 00 00 00 00 00 00 00 00 00 00 00 00 00 00 00 00 00 00 00 00 00 CD 73 B8 F8 7E
[427036][00:28:57.621]7E FF 02 FF 11 BB EB DE 81 05 91 00 E9 B8 7A 09 00 FF 03 10 00 01 00 02 69 7F 94 10 1C 10 00 01 00 00 00 00 54 26 EF AD CF DF C6 7E
[427037][00:28:57.742]7E FF 02 FF 12 BB 36 DF 81 05 5E 03 65 96 97 09 00 36 01 14 02 01 00 01 69 7F 94 1F F0 FF 01 D4 17 E8 92 00 C1 70 12 F0 01 FF 2F 01 69 CE 00 EB 10 11 08 00 33 00 00 30 00 09 81 09 38 FF FF FF FF FF FF 08 00 00 00 1F 10 00 11 30 00 09 81 09 38 20 00 00 12 74 72 02 00 64 60 88 00 10 01 C2 01 3D 00 00 00 00 00 01 30 92 B0 2C 75 00 02 52 FF BE 0D 06 C7 26 90 9E 8F 80 75 7B 69 01 04 01 04 00 00 01 12 00 00 00 00 A0 00 00 20 00 00 00 80 08 20 2E 22 3C 00 00 00 20 10 3E 79 4B 39 1C 53 E2 31 16 05 40 3D 3A 0B 3B 0C 0C 0F 0E 3B 0E 38 3C 0D 0E 2C 35 3A 3C 0E 0E 0D 0F 0D 0B 3B 08 0F 0F 0E 0C 0D 0F 0F 0E 0E 0B 0C 0C 0B 0C 0F 0E 0B 3B 0B 0A 0D 0C 0C 07 0D 0A 0D 09 08 0E 0E 39 0F 3D 0E 0D 03 09 08 0E 0E 0E 0B 0C 0B 38 0E 0C 09 0E 05 0F 18 0C 10 0C 0C 0A 0C 08 05 0D 0B 06 08 0D 0B 0B 0E 08 0C 07 0F 10 3D 0D 0F 08 0E 0A 0E 0F 09 0C 0D 0C 0F 09 0E 0E 0D 0C 0B 09 0C 0C 08 0F 0E 0C 0C 0B 0A 08 0C 09 0B 2C 0B 0D C2 A8 70 EE 00 00 00 00 00 00 00 00 00 00 00 00 00 00 00 00 00 00 00 00 00 00 00 00 00 00 00 00 00 00 00 00 00 00 00 00 00 00 00 00 00 00 00 00 00 00 00 00 00 00 00 00 00 00 00 00 00 00 00 00 00 00 00 00 00 00 00 00 00 00 00 00 00 00 00 00 00 00 00 00 00 00 00 00 00 00 00 00 00 00 00 00 00 00 00 00 00 00 00 00 00 00 00 00 00 00 00 00 00 00 00 00 00 00 00 00 00 00 00 00 00 00 00 00 00 00 00 00 00 00 00 00 00 00 00 00 00 00 00 00 00 00 00 00 00 00 00 00 00 00 00 00 00 00 00 00 00 00 00 00 00 00 00 00 00 00 00 00 00 00 00 00 00 00 00 00 00 00 00 00 00 00 00 00 00 00 00 00 00 00 00 00 00 00 00 00 00 00 00 00 00 00 00 00 00 00 00 00 00 00 00 00 00 00 00 00 00 00 00 00 00 00 00 00 00 00 00 00 00 00 00 00 00 00 00 00 00 00 00 00 00 00 00 00 00 00 00 00 00 1A E7 16 4D 7E
[427038][00:28:57.742]7E FF 02 FF 13 BB 5F DF 81 05 32 00 FD EF A6 09 00 36 01 10 00 01 00 02 69 7F 94 01 17 C0 13 01 02 00 00 00 7C E6 A2 C3 CD 5C 4D 7E
[427039][00:28:57.772]7E FF 02 FF 14 BB 87 DF 81 05 E1 01 C0 5C B6 09 00 36 01 10 00 01 00 02 69 7F 94 01 34 01 00 01 FA 00 00 00 43 B5 4A CE 8A 3E 69 7E
[427040][00:28:57.833]7E FF 02 FF 15 BB B4 DF 81 05 A5 03 28 B0 C7 09 00 37 01 94 00 01 00 01 69 7F 94 15 10 00 01 14 13 3D 60 00 07 8E 3E B0 09 01 00 0A B5 93 30 3A 08 EF 00 00 33 00 00 11 03 00 00 01 02 E3 02 72 20 01 00 68 2C 00 C3 05 20 62 79 09 00 30 10 C0 9B 90 00 13 85 02 2C 01 40 00 02 00 01 1C 07 EA 06 1E 00 1F 12 00 00 01 00 04 19 82 65 8A 9D 76 16 30 EF F8 5E 00 00 00 00 00 00 00 00 00 00 00 00 00 00 00 00 00 00 00 00 00 00 00 00 00 00 00 00 00 00 00 00 00 00 00 00 00 00 00 00 00 00 00 00 00 00 00 00 00 00 00 00 00 00 15 78 01 56 7E
[427041][00:28:57.833]7E FF 02 FF 16 BB B9 DF 81 05 FD 02 A5 8A C9 09 00 37 01 10 00 01 00 02 69 7F 94 10 01 50 01 01 02 00 00 00 98 F2 36 5C 1C E8 33 7E
[427042][00:28:57.878]7E FF 02 FF 17 BB EE DF 81 05 42 02 98 AD DD 09 00 38 01 94 00 01 00 01 69 7F 94 1C 10 00 01 14 13 3D 60 00 0E 8E AE 40 07 01 00 0A 79 DC 30 3A 08 EF 00 00 33 00 00 11 03 00 00 01 02 E3 02 73 20 01 00 68 2C 00 C3 05 50 62 79 09 00 30 10 8C 8A 90 00 13 85 02 2D 01 40 00 02 00 01 1C 07 EA 06 1E 00 1F 11 00 00 01 00 04 3D 5A 1D 2A CC 76 16 E2 64 8A 6E 00 00 00 00 00 00 00 00 00 00 00 00 00 00 00 00 00 00 00 00 00 00 00 00 00 00 00 00 00 00 00 00 00 00 00 00 00 00 00 00 00 00 00 00 00 00 00 00 00 00 00 00 00 00 85 AD 76 0A 7E
[427043][00:28:57.893]7E FF 02 FF 18 BB F3 DF 81 05 DA 01 55 8E DF 09 00 38 01 10 00 01 00 02 69 7F 94 10 01 C0 01 01 02 00 00 00 3C 66 24 24 80 BC 36 7E
[427044][00:28:58.058]7E FF 02 FF 19 BB AB E0 81 05 89 00 5D A0 25 0A 00 38 01 10 00 01 00 02 69 7F 94 10 17 30 05 01 07 00 00 00 06 E4 E7 42 1F EE 8A 7E
[427045][00:28:58.164]7E FF 02 FF 1A BB 0A E1 81 05 AB 03 A1 25 4A 0A 00 3C 01 94 00 01 00 01 69 7F 94 05 40 14 01 FC 13 79 40 00 4F 2A 36 50 00 44 01 04 AE E0 00 4A 78 EF 04 00 33 00 00 07 00 00 00 05 00 05 00 92 00 3E 00 62 4F C3 0A 7F FC 2D 00 40 E2 C9 20 40 2D 00 00 C5 88 00 04 B2 80 D4 E3 23 42 2A 25 72 B3 2B 6E 18 96 42 00 9A 00 76 10 94 0B 01 05 00 30 2C 00 00 00 00 00 00 00 00 00 04 00 00 00 00 01 35 F4 55 CD 00 00 00 00 00 00 00 00 00 00 00 00 00 00 00 00 00 00 00 00 00 00 00 00 00 00 00 00 00 00 00 00 00 00 00 00 00 00 A1 C5 7E 2F 7E
[427046][00:28:58.194]7E FF 02 FF 1B BB 12 E1 81 05 79 03 7B 2C 4D 0A 00 37 00 94 00 01 00 01 69 7F 94 17 10 00 01 FC 13 79 40 00 A8 E4 54 70 01 01 00 04 CF C1 00 3B 78 EF 04 00 33 00 00 07 00 00 00 17 00 17 00 92 00 2F 00 62 4F C3 0A 7F F5 2D 00 40 E2 C9 00 40 29 01 00 C7 88 00 04 3A 80 D4 E3 23 C2 0A 2D F2 B3 2B 6E 18 96 40 00 9A 00 57 10 94 0B 01 05 00 30 2C B4 A6 B3 4F 00 00 00 00 00 00 00 00 00 00 00 00 00 00 00 00 00 00 00 00 00 00 00 00 00 00 00 00 00 00 00 00 00 00 00 00 00 00 00 00 00 00 00 00 00 00 00 00 00 00 00 00 00 EC 4E D1 6A 7E
[427047][00:28:58.194]7E FF 02 FF 1C BB 1A E1 81 05 0A 03 EE 34 50 0A 00 37 00 10 00 01 00 02 69 7F 94 10 01 70 01 01 01 00 00 00 A1 13 B6 F0 CE 39 EB 7E
[427048][00:28:58.299]7E FF 02 FF 1D BB 97 E1 81 05 40 00 B3 9F 7F 0A 00 37 00 10 00 01 00 02 69 7F 94 10 D8 40 13 01 01 00 00 00 56 74 8E F3 DA 22 28 7E
[427049][00:28:58.345]7E FF 02 FF 1E BB BA E1 81 05 64 02 F6 27 8D 0A 00 3B 00 94 00 01 00 01 69 7F 94 05 40 14 01 FC 13 79 44 00 5E 28 B2 50 00 44 01 04 AE E0 00 4A 78 EF 04 00 33 00 00 07 00 00 00 05 00 05 00 92 00 3E 00 62 4F C3 0A 7F FC 2D 00 40 E2 C9 20 40 2D 00 00 C5 88 00 04 B2 80 D4 E3 23 42 2A 25 72 B3 2B 6E 18 96 42 00 9A 00 76 10 94 0B 01 05 00 30 2C 00 00 00 00 00 00 00 00 00 04 00 00 00 00 01 35 F4 55 CD 00 00 00 00 00 00 00 00 00 00 00 00 00 00 00 00 00 00 00 00 00 00 00 00 00 00 00 00 00 00 00 00 00 00 00 00 00 00 E5 32 A3 E0 7E
[427050][00:28:58.375]7E FF 02 FF 1F BB C9 E1 81 05 D6 03 B8 04 93 0A 00 37 00 14 01 01 00 01 69 7F 94 17 F0 FF 01 E5 14 EB C2 00 FB E5 DE 70 01 FF 2F 01 D0 C1 00 AB 78 01 04 00 33 00 00 08 00 00 00 17 10 00 12 30 00 09 05 35 33 20 00 00 12 74 72 39 F6 00 00 56 00 0A 01 0D 00 2F 00 00 00 00 00 01 30 22 0D 42 00 5F 54 0C 00 40 C2 49 00 40 29 01 00 C1 80 00 04 32 00 C0 E3 20 42 08 04 70 A2 29 6A 18 94 40 00 9A 00 54 10 14 0A 00 01 00 30 24 01 09 01 03 02 01 02 04 04 07 05 04 05 04 03 01 04 05 04 02 06 02 03 06 03 04 06 02 01 01 04 01 01 03 02 06 01 01 04 04 02 02 05 03 03 02 01 02 01 03 04 01 04 01 01 03 02 01 01 01 01 04 01 05 02 06 04 02 01 04 01 02 02 03 04 02 03 08 05 04 02 03 02 06 02 03 C6 71 05 FD 00 00 00 00 00 00 00 00 00 00 00 00 00 00 00 00 00 00 00 00 00 00 00 00 00 00 00 00 00 00 00 00 00 00 00 00 00 00 00 00 00 00 00 00 00 00 00 00 00 00 00 00 00 00 00 00 00 00 00 00 00 00 00 00 00 00 00 00 00 B9 53 13 AE 7E
[427051][00:28:58.390]7E FF 02 FF 20 BB D9 E1 81 05 C3 02 34 0A 99 0A 00 37 00 10 00 01 00 03 69 7F 94 F4 0B 60 0E 00 00 00 10 02 14 3B C6 B0 F0 C5 C8 7E
[427052][00:28:58.465]7E FF 02 FF 21 BB 37 E2 81 05 BE 02 44 E2 BC 0A 00 36 00 94 00 01 00 01 69 7F 94 05 40 14 01 FC 13 79 44 00 5E 28 B2 50 00 44 01 04 AE E0 00 4A 78 EF 04 00 33 00 00 07 00 00 00 05 00 05 00 92 00 3E 00 62 4F C3 0A 7F FC 2D 00 40 E2 C9 20 40 2D 00 00 C5 88 00 04 B2 80 D4 E3 23 42 2A 25 72 B3 2B 6E 18 96 42 00 9A 00 76 10 94 0B 01 05 00 30 2C 00 00 00 00 00 00 00 00 00 04 00 00 00 00 01 35 F4 55 CD 00 00 00 00 00 00 00 00 00 00 00 00 00 00 00 00 00 00 00 00 00 00 00 00 00 00 00 00 00 00 00 00 00 00 00 00 00 00 93 E9 E0 F2 7E
[427053][00:28:58.525]7E FF 02 FF 22 BB 57 E2 81 05 2A 02 DB 05 C9 0A 00 37 00 14 01 01 00 01 69 7F 94 10 F1 FF 01 0D 15 EB C2 00 C3 9E E8 00 11 FF 2F 01 DB 02 00 75 18 FF 08 00 33 00 00 70 00 00 78 61 70 FF FF FF FF FF FF 08 00 00 00 10 01 14 21 70 00 00 78 61 70 20 00 00 12 74 72 03 4F 54 60 20 00 12 01 BF 01 2F 00 30 00 00 00 40 31 6E 00 80 00 03 10 00 00 00 00 00 00 00 00 00 00 80 00 00 00 00 02 08 00 00 00 00 00 00 00 00 00 04 68 08 10 20 11 00 05 01 04 00 00 C0 C6 10 3E 18 03 14 36 25 00 02 02 3D 12 0C 11 12 12 0E 0E 0F 0F 0E 0F 0F 0F 39 10 0E 0E 0D 0E 0F 0E 0F BA 32 93 AF 00 00 00 00 00 00 00 00 00 00 00 00 00 00 00 00 00 00 00 00 00 00 00 00 00 00 00 00 00 00 00 00 00 00 00 00 00 00 00 00 00 00 00 00 00 00 00 00 00 00 00 00 00 00 00 00 00 00 00 00 00 00 00 00 00 00 00 00 00 00 00 00 00 00 00 00 00 00 00 00 00 00 00 00 00 00 00 00 00 00 00 00 00 00 00 00 00 00 00 00 00 00 00 00 00 00 00 00 00 00 00 36 F0 A1 8D 7E
[427054][00:28:58.601]7E FF 02 FF 23 BB AD E2 81 05 81 02 F0 DD E9 0A 00 3C 00 14 01 01 00 01 69 7F 94 23 F0 FF 01 E5 14 EB C2 00 C8 E5 02 30 02 FF 2F 01 C0 70 00 97 70 01 04 00 33 00 00 08 00 00 00 23 70 01 21 30 00 09 04 28 27 20 00 00 12 74 72 39 1C 26 3C 42 00 08 01 0D 00 2F 00 00 00 00 00 17 30 20 0E C0 00 77 54 25 00 40 C0 49 00 40 09 00 00 01 80 00 00 02 00 C0 63 22 40 00 04 70 82 01 22 18 96 00 00 8A 00 54 00 14 00 00 01 00 30 20 08 02 03 05 01 06 05 04 05 04 04 05 02 04 01 04 04 05 02 05 02 02 03 01 01 05 01 05 01 01 01 03 03 01 03 03 04 01 01 03 05 01 03 03 03 01 02 01 03 02 01 01 04 03 01 04 01 01 01 01 07 06 03 01 01 02 F7 CC 9A BB 00 00 00 00 00 00 00 00 00 00 00 00 00 00 00 00 00 00 00 00 00 00 00 00 00 00 00 00 00 00 00 00 00 00 00 00 00 00 00 00 00 00 00 00 00 00 00 00 00 00 00 00 00 00 00 00 00 00 00 00 00 00 00 00 00 00 00 00 00 00 00 00 00 00 00 00 00 00 00 00 00 00 00 00 00 00 00 00 00 CF A3 57 37 7E
[427055][00:28:58.811]7E FF 02 FF 24 BB 78 E3 81 05 18 03 70 5B 37 0B 00 37 00 14 01 01 00 01 69 7F 94 20 F0 FF 01 E5 14 EB C2 00 CB E5 32 00 02 FF 2F 01 AF 94 00 93 70 01 04 00 33 00 00 08 00 00 00 20 40 14 41 30 00 09 04 22 19 20 00 00 12 74 72 39 00 0B 1E 3E 00 08 01 0C 00 2F 00 00 00 00 00 44 31 22 0C C0 02 5E 54 0C 00 40 C2 09 00 40 09 00 00 01 80 00 00 02 00 C0 E1 00 40 00 00 70 82 00 28 18 96 00 00 9A 00 10 00 14 0A 00 01 00 30 20 01 05 02 05 01 06 01 04 08 06 04 05 02 04 01 03 02 04 01 03 02 02 01 04 06 01 04 01 02 02 01 04 03 03 05 01 05 01 02 03 01 01 01 03 02 01 01 04 03 02 03 01 02 01 06 04 02 01 03 02 03 02 66 D7 B1 F1 00 00 00 00 00 00 00 00 00 00 00 00 00 00 00 00 00 00 00 00 00 00 00 00 00 00 00 00 00 00 00 00 00 00 00 00 00 00 00 00 00 00 00 00 00 00 00 00 00 00 00 00 00 00 00 00 00 00 00 00 00 00 00 00 00 00 00 00 00 00 00 00 00 00 00 00 00 00 00 00 00 00 00 00 00 00 00 00 00 00 00 00 00 03 5D D7 8B 7E
[427056][00:28:59.037]7E FF 02 FF 25 BB 69 E4 81 05 7E 00 FB 09 93 0B 00 FE 03 94 00 01 00 01 69 7F 94 01 C0 00 03 DC 13 79 40 00 E9 36 A2 10 00 98 00 03 8C BA 30 3F 88 FF 00 00 33 00 00 11 03 00 00 01 02 33 03 74 20 28 0A FE FE FE FE 68 2D 00 43 05 52 62 79 09 00 30 10 71 2C 10 00 09 05 02 2E 01 40 00 02 00 00 01 10 F0 D5 56 98 83 8E 08 15 8F 01 3B 87 D4 9A 8C D7 D5 85 16 0C F4 1F CA 00 00 00 00 00 00 00 00 00 00 00 00 00 00 00 00 00 00 00 00 00 00 00 00 00 00 00 00 00 00 00 00 00 00 00 00 00 00 00 00 00 00 00 00 00 00 00 00 00 C2 E0 DD E7 7E
[427057][00:28:59.067]7E FF 02 FF 26 BB 91 E4 81 05 21 01 68 5C A2 0B 00 FF 03 94 00 01 00 01 69 7F 94 01 60 03 03 DC 13 79 40 00 54 E1 D5 10 00 36 00 03 8D BA 30 3F 88 FF 00 00 33 00 00 11 03 00 00 01 02 33 03 75 20 28 0A FE FE FE FE 68 2D 00 43 05 92 78 79 09 00 30 10 D4 06 10 00 09 05 02 2F 01 40 00 02 00 00 01 10 F0 D5 56 98 83 8E 08 15 8F 01 3B 87 D4 9A 8C D7 AE 81 16 D7 6F 66 4B 00 00 00 00 00 00 00 00 00 00 00 00 00 00 00 00 00 00 00 00 00 00 00 00 00 00 00 00 00 00 00 00 00 00 00 00 00 00 00 00 00 00 00 00 00 00 00 00 00 FA ED 32 91 7E
[427058][00:28:59.082]7E FF 02 FF 27 BB 99 E4 81 05 48 01 20 73 A5 0B 00 FF 03 10 00 01 00 02 69 7F 94 10 36 10 00 01 00 00 00 00 3F 09 C3 D5 95 1D 11 7E
[427059][00:28:59.276]7E FF 02 FF 28 BB 62 E5 81 05 91 00 20 0B F2 0B 00 37 00 94 00 01 00 01 69 7F 94 2E 80 0D 01 FC 13 79 40 00 69 CB 28 E0 02 D8 00 04 BA F2 00 3B 70 EF 04 00 33 00 00 07 00 00 00 2E 00 2E 00 B8 00 2F 00 42 4F C3 0A 7E FD 2D 00 40 F2 C9 20 40 69 01 00 CF 88 00 04 BE D0 D6 E3 6A D3 0A AD 70 B7 7F 7E 18 96 40 04 9A 20 77 18 B4 1B 01 05 00 30 6C 3A F0 C2 00 00 00 00 00 00 00 00 00 00 00 00 00 00 00 00 00 00 00 00 00 00 00 00 00 00 00 00 00 00 00 00 00 00 00 00 00 00 00 00 00 00 00 00 00 00 00 00 00 00 00 00 00 00 89 35 2C 85 7E
[427060][00:28:59.291]7E FF 02 FF 29 BB 69 E5 81 05 BC 03 A8 08 F5 0B 00 37 00 10 00 01 00 02 69 7F 94 10 D8 E0 02 01 01 00 00 00 3B 5D 3F C6 B3 29 A6 7E
[427061][00:28:59.291]7E FF 02 FF 2A BB 70 E5 81 05 A1 02 06 9B F7 0B 00 37 00 10 00 01 00 02 69 7F 94 10 01 C0 00 01 00 00 00 00 5C EE 05 AA AF 4C 65 7E
[427062][00:28:59.382]7E FF 02 FF 2B BB AE E5 81 05 90 00 A8 07 0F 0C 00 3A 01 14 01 01 00 01 69 7F 94 05 F0 FF 01 E5 14 EB C2 00 EA E5 72 50 00 FF 2F 01 AF E0 00 A8 78 01 04 00 33 00 00 08 00 00 00 05 40 14 42 30 00 09 05 35 40 20 00 00 12 74 72 39 1B 23 32 53 00 09 01 11 00 2F 00 00 00 00 00 44 31 02 0C C0 0A 5F 44 0C 00 40 C2 49 00 40 09 00 00 01 88 00 04 22 00 C0 E3 20 40 08 04 70 A2 29 6E 18 96 00 00 9A 00 54 10 14 0B 01 01 00 30 24 01 01 05 03 05 01 01 04 04 04 05 04 05 03 01 04 06 03 02 06 03 04 03 03 05 05 02 06 02 01 02 07 01 04 04 04 02 05 02 03 01 03 02 04 04 02 01 03 01 03 01 02 01 03 01 03 04 01 04 01 01 01 04 03 02 03 02 03 03 02 02 02 04 05 01 04 02 01 03 02 05 01 03 B5 F9 CF CA 00 00 00 00 00 00 00 00 00 00 00 00 00 00 00 00 00 00 00 00 00 00 00 00 00 00 00 00 00 00 00 00 00 00 00 00 00 00 00 00 00 00 00 00 00 00 00 00 00 00 00 00 00 00 00 00 00 00 00 00 00 00 00 00 00 00 00 00 00 00 00 00 E8 3D 7B A0 7E
[427063][00:28:59.397]7E FF 02 FF 2C BB BD E5 81 05 E0 02 43 F9 14 0C 00 39 00 94 00 01 00 01 69 7F 94 2E 80 0D 01 FC 13 79 44 00 78 C9 AC E0 02 D8 00 04 BA F2 00 3B 70 EF 04 00 33 00 00 07 00 00 00 2E 00 2E 00 B8 00 2F 00 42 4F C3 0A 7E FD 2D 00 40 F2 C9 20 40 69 01 00 CF 88 00 04 BE D0 D6 E3 6A D3 0A AD 70 B7 7F 7E 18 96 40 04 9A 20 77 18 B4 1B 01 05 00 30 6C 3A F0 C2 00 00 00 00 00 00 00 00 00 00 00 00 00 00 00 00 00 00 00 00 00 00 00 00 00 00 00 00 00 00 00 00 00 00 00 00 00 00 00 00 00 00 00 00 00 00 00 00 00 00 00 00 00 00 D1 50 AB 1C 7E
[427064][00:28:59.397]7E FF 02 FF 2D BB C5 E5 81 05 0E 02 60 F8 17 0C 00 39 00 10 00 01 00 02 69 7F 94 10 D8 E0 02 01 04 00 00 00 6B 1D 3E 16 E1 90 3F 7E
[427065][00:28:59.397]7E FF 02 FF 2E BB EA E5 81 05 A3 00 4E F1 25 0C 00 39 00 10 00 01 00 02 69 7F 94 10 D8 E0 02 01 0F 00 00 00 DA DD B8 FA 40 40 A6 7E
[427066][00:28:59.564]7E FF 02 FF 2F BB 58 E6 81 05 52 01 84 F2 4F 0C 00 37 01 14 02 01 00 01 69 7F 94 15 F0 FF 01 D4 17 E8 92 00 CB 70 B2 50 01 FF 2F 01 46 21 00 EC 20 11 08 00 33 00 00 30 00 09 80 95 26 FF FF FF FF FF FF 08 00 00 00 15 10 00 12 30 00 09 80 95 26 20 00 00 12 74 72 03 00 64 64 89 00 3E 01 C1 01 3D 00 00 00 00 00 01 30 92 B0 0C F5 00 02 52 FF BE 0D 06 C7 26 90 9E 8F 80 75 7B 69 01 04 09 04 00 00 01 12 00 00 00 00 A0 00 00 20 00 00 00 80 08 20 2E 22 3C 00 00 00 20 10 3E 79 4B 39 1C 53 E2 31 16 05 40 3E 3A 0A 3B 0D 0C 0F 0E 0E 39 3C 0D 10 0E 2D 3A 3A 3D 0C 0E 0D 0F 0D 0B 3D 0B 0F 0F 0F 0C 0C 0F 0F 0F 0D 0C 0C 0C 0B 0C 0F 0E 0C 3C 0A 0A 0D 0C 0D 09 0D 0A 0D 04 09 0E 0E 37 0E 3D 0E 0E 03 0B 08 0E 0E 0D 0D 0C 0B 3A 0C 0C 0B 0E 09 07 0D 25 09 10 0C 0C 0C 07 08 0B 0D 0B 06 0B 0B 0E 0C 0E 08 0B 07 0E 0F 3D 0D 0F 04 0D 0A 0F 0F 0B 0A 0D 0D 0E 09 0E 09 0D 0D 0E 0C 0D 0B 08 0E 0E 0D 0C 0B 0D 0A 0C 04 0B 37 0C 0C 84 98 7D 3F 00 00 00 00 00 00 00 00 00 00 00 00 00 00 00 00 00 00 00 00 00 00 00 00 00 00 00 00 00 00 00 00 00 00 00 00 00 00 00 00 00 00 00 00 00 00 00 00 00 00 00 00 00 00 00 00 00 00 00 00 00 00 00 00 00 00 00 00 00 00 00 00 00 00 00 00 00 00 00 00 00 00 00 00 00 00 00 00 00 00 00 00 00 00 00 00 00 00 00 00 00 00 00 00 00 00 00 00 00 00 00 00 00 00 00 00 00 00 00 00 00 00 00 00 00 00 00 00 00 00 00 00 00 00 00 00 00 00 00 00 00 00 00 00 00 00 00 00 00 00 00 00 00 00 00 00 00 00 00 00 00 00 00 00 00 00 00 00 00 00 00 00 00 00 00 00 00 00 00 00 00 00 00 00 00 00 00 00 00 00 00 00 00 00 00 00 00 00 00 00 00 00 00 00 00 00 00 00 00 00 00 00 00 00 00 00 00 00 00 00 00 00 00 00 00 00 00 00 00 00 00 00 00 00 00 00 00 00 00 00 00 00 00 00 00 00 00 00 D0 1B CC 1C 7E
[427067][00:28:59.580]7E FF 02 FF 30 BB 7B E6 81 05 4E 01 41 52 5D 0C 00 37 01 10 00 01 00 02 69 7F 94 01 34 41 14 01 E1 00 00 00 E7 93 C0 12 D8 41 AB 7E
[427068][00:28:59.594]7E FF 02 FF 31 BB 8F E6 81 05 92 00 61 DC 64 0C 00 39 00 14 01 01 00 01 69 7F 94 33 F0 FF 01 E5 14 EB C2 00 DA E5 0A 30 03 FF 2F 01 1E E2 00 9E 70 01 04 00 33 00 00 08 00 00 00 33 70 01 21 30 00 09 04 54 33 20 00 00 12 74 72 39 1B 19 28 49 00 08 01 0F 00 2F 00 00 00 00 00 17 30 60 0C C1 00 57 54 04 00 40 62 C9 00 40 01 01 00 45 88 00 00 12 00 C0 E0 20 40 08 00 70 A2 00 6C 18 06 00 00 0A 00 54 10 14 0A 01 01 00 30 2C 04 04 01 01 02 04 04 04 05 07 03 04 04 02 03 04 03 02 03 02 01 04 02 02 05 06 01 05 03 01 01 02 05 01 03 04 02 04 04 01 01 02 04 02 02 01 02 01 02 03 03 01 01 01 03 01 02 02 03 01 03 03 07 02 03 01 01 03 02 01 02 01 03 0D 66 66 60 00 00 00 00 00 00 00 00 00 00 00 00 00 00 00 00 00 00 00 00 00 00 00 00 00 00 00 00 00 00 00 00 00 00 00 00 00 00 00 00 00 00 00 00 00 00 00 00 00 00 00 00 00 00 00 00 00 00 00 00 00 00 00 00 00 00 00 00 00 00 00 00 00 00 00 00 00 00 00 00 00 00 A9 D5 01 69 7E
[427069][00:28:59.639]7E FF 02 FF 32 BB D9 E6 81 05 D3 01 86 3C 81 0C 00 39 00 10 00 01 00 02 69 7F 94 10 34 D1 16 01 0D 00 00 00 11 19 37 3B CB 5F 9D 7E
[427070][00:29:00.134]7E FF 02 FF 33 BB B7 E8 81 05 B4 00 90 73 37 0D 00 FE 03 94 00 01 00 01 69 7F 94 01 70 01 03 DC 13 79 40 00 55 B1 53 10 00 2B 01 03 8F BA 30 3F 88 FF 00 00 33 00 00 11 03 00 00 01 02 33 03 6D 20 28 0A FE FE FE FE 68 2D 00 43 05 44 44 05 09 00 30 10 2C 3E 10 00 09 05 02 27 01 40 00 02 00 00 01 10 F0 D5 56 98 83 8E 08 15 8F 01 3B 87 D4 9A 8C D7 76 A2 16 95 0E 3D EB 00 00 00 00 00 00 00 00 00 00 00 00 00 00 00 00 00 00 00 00 00 00 00 00 00 00 00 00 00 00 00 00 00 00 00 00 00 00 00 00 00 00 00 00 00 00 00 00 00 BF 33 BC 88 7E
[427071][00:29:00.180]7E FF 02 FF 34 BB E5 E8 81 05 E7 02 D0 35 49 0D 00 FD 03 94 00 01 00 01 69 7F 94 01 70 01 03 DC 13 79 44 00 44 B3 D7 10 00 2B 01 03 8F BA 30 3F 88 FF 00 00 33 00 00 11 03 00 00 01 02 33 03 6D 20 28 0A FE FE FE FE 68 2D 00 43 05 44 44 05 09 00 30 10 2C 3E 10 00 09 05 02 27 01 40 00 02 00 00 01 10 F0 D5 56 98 83 8E 08 15 8F 01 3B 87 D4 9A 8C D7 76 A2 16 95 0E 3D EB 00 00 00 00 00 00 00 00 00 00 00 00 00 00 00 00 00 00 00 00 00 00 00 00 00 00 00 00 00 00 00 00 00 00 00 00 00 00 00 00 00 00 00 00 00 00 00 00 00 C1 37 38 86 7E
[427072][00:29:00.225]7E FF 02 FF 35 BB 12 E9 81 05 C3 03 65 75 5A 0D 00 FE 03 94 00 01 00 01 69 7F 94 01 70 01 03 DC 13 79 44 00 44 B3 D7 10 00 2B 01 03 8F BA 30 3F 88 FF 00 00 33 00 00 11 03 00 00 01 02 33 03 6D 20 28 0A FE FE FE FE 68 2D 00 43 05 44 44 05 09 00 30 10 2C 3E 10 00 09 05 02 27 01 40 00 02 00 00 01 10 F0 D5 56 98 83 8E 08 15 8F 01 3B 87 D4 9A 8C D7 76 A2 16 95 0E 3D EB 00 00 00 00 00 00 00 00 00 00 00 00 00 00 00 00 00 00 00 00 00 00 00 00 00 00 00 00 00 00 00 00 00 00 00 00 00 00 00 00 00 00 00 00 00 00 00 00 00 7A B1 6A 70 7E
[427073][00:29:00.270]7E FF 02 FF 36 BB 32 E9 81 05 F6 01 4F 7B 66 0D 00 3B 01 14 01 01 00 01 69 7F 94 21 F0 FF 01 E5 14 EB C2 00 CB E5 A6 10 02 FF 2F 01 C2 6C 00 90 78 01 04 00 33 00 00 08 00 00 00 21 70 01 21 30 00 09 05 35 35 20 00 00 12 74 72 39 1D 00 00 3B 00 08 01 0D 00 2F 00 00 00 00 00 17 30 60 0E C1 02 5D 90 2D 00 40 C0 41 00 40 01 00 00 01 80 00 00 02 00 C0 E1 00 00 00 20 40 82 02 28 18 94 00 00 0A 00 40 10 94 02 00 01 00 20 20 03 02 02 03 01 01 03 03 02 01 03 02 02 03 06 01 02 04 02 02 04 01 01 01 01 03 03 05 01 01 01 01 01 01 04 04 01 01 02 01 01 01 03 04 02 01 01 01 01 01 01 01 01 05 01 02 04 01 01 EA 81 80 AB 00 00 00 00 00 00 00 00 00 00 00 00 00 00 00 00 00 00 00 00 00 00 00 00 00 00 00 00 00 00 00 00 00 00 00 00 00 00 00 00 00 00 00 00 00 00 00 00 00 00 00 00 00 00 00 00 00 00 00 00 00 00 00 00 00 00 00 00 00 00 00 00 00 00 00 00 00 00 00 00 00 00 00 00 00 00 00 00 00 00 00 00 00 00 00 00 74 89 82 86 7E
[427074][00:29:00.285]7E FF 02 FF 37 BB 44 E9 81 05 37 00 C3 33 6D 0D 00 3B 01 10 00 01 00 03 69 7F 94 F4 0B F6 06 00 00 00 10 02 82 2B 12 65 01 CC B2 7E
[427075][00:29:00.285]7E FF 02 FF 38 BB 52 E9 81 05 7E 03 12 DF 72 0D 00 3B 01 10 00 01 00 02 69 7F 94 10 D8 40 13 01 03 00 00 00 77 F4 0A 22 A8 53 44 7E
[427076][00:29:00.315]7E FF 02 FF 39 BB 67 E9 81 05 A7 01 3B AC 7A 0D 00 36 00 94 00 01 00 01 69 7F 94 05 40 14 01 FC 13 79 40 00 4F 2A 36 50 00 44 01 04 B0 E0 00 4A 78 EF 04 00 33 00 00 07 00 00 00 05 00 05 00 92 00 3E 00 62 4F C3 0A 7F FC 2D 00 40 F2 C9 20 40 2D 00 00 C5 88 00 04 B2 80 D4 E3 23 42 2A 24 70 B3 2B 6E 18 96 42 00 9A 00 77 10 94 0B 01 05 00 30 2C 00 00 00 00 00 00 00 00 00 04 00 00 00 00 01 A2 39 A5 4A 00 00 00 00 00 00 00 00 00 00 00 00 00 00 00 00 00 00 00 00 00 00 00 00 00 00 00 00 00 00 00 00 00 00 00 00 00 00 A8 93 5C C9 7E
[427077][00:29:00.361]7E FF 02 FF 3A BB 71 E9 81 05 55 00 7D 5B 7E 0D 00 37 01 14 02 01 00 01 69 7F 94 1C F0 FF 01 D4 17 E8 92 00 C2 70 22 C0 01 FF 2F 01 5A 66 00 EC 20 11 08 00 33 00 00 30 00 09 80 93 77 FF FF FF FF FF FF 08 00 00 00 1C 10 00 12 30 00 09 80 93 77 20 00 00 12 74 72 03 00 64 64 89 00 3E 01 C0 01 3D 00 00 00 00 00 01 30 92 B0 2C E5 00 02 52 FF BE 0D 06 C7 26 90 9E 8F 80 75 7B 69 01 04 09 04 00 00 01 12 00 00 00 00 A0 00 00 20 00 00 00 80 08 20 2E 22 3C 00 00 00 20 10 3E 79 4B 39 1C 53 E2 31 16 05 40 3E 3A 0B 3B 0D 0C 0F 0E 3B 0D 39 0D 10 0E 2D 3A 39 3D 0C 0E 0D 0E 0D 0B 3C 0A 0F 0F 0F 0C 0D 0E 0F 0F 0D 0C 0C 0C 0C 0C 0F 0E 0C 3C 0B 0A 0D 0C 0C 09 0D 09 0D 03 07 0E 0E 3C 0F 3D 0E 0E 04 0B 07 0E 0E 0D 0C 0C 0B 3A 0D 0C 0B 0E 0A 06 0D 2B 06 10 0C 0C 0C 04 08 0C 0D 0B 05 0A 0C 0E 0C 0E 06 0B 07 0E 10 3D 0E 0F 02 0D 0B 0F 0F 0B 0C 0D 0D 0E 09 0E 0A 0D 0D 0E 0D 0D 0B 08 0F 0E 0D 0C 0B 0D 0B 0C 07 0B 37 0C 0D AF 51 92 29 00 00 00 00 00 00 00 00 00 00 00 00 00 00 00 00 00 00 00 00 00 00 00 00 00 00 00 00 00 00 00 00 00 00 00 00 00 00 00 00 00 00 00 00 00 00 00 00 00 00 00 00 00 00 00 00 00 00 00 00 00 00 00 00 00 00 00 00 00 00 00 00 00 00 00 00 00 00 00 00 00 00 00 00 00 00 00 00 00 00 00 00 00 00 00 00 00 00 00 00 00 00 00 00 00 00 00 00 00 00 00 00 00 00 00 00 00 00 00 00 00 00 00 00 00 00 00 00 00 00 00 00 00 00 00 00 00 00 00 00 00 00 00 00 00 00 00 00 00 00 00 00 00 00 00 00 00 00 00 00 00 00 00 00 00 00 00 00 00 00 00 00 00 00 00 00 00 00 00 00 00 00 00 00 00 00 00 00 00 00 00 00 00 00 00 00 00 00 00 00 00 00 00 00 00 00 00 00 00 00 00 00 00 00 00 00 00 00 00 00 00 00 00 00 00 00 00 00 00 00 00 00 00 00 00 00 00 00 00 00 00 00 00 00 00 00 00 00 17 7E 3E 0F 7E
[427078][00:29:00.361]7E FF 02 FF 3B BB 84 E9 81 05 9B 02 68 DC 85 0D 00 37 01 10 00 01 00 02 69 7F 94 10 D8 40 13 01 03 00 00 00 77 F4 0A 7A 20 EA B1 7E
[427079][00:29:00.393]7E FF 02 FF 3C BB 9F E9 81 05 99 03 81 39 90 0D 00 37 00 14 01 01 00 01 69 7F 94 23 F0 FF 01 E5 14 EB C2 00 C8 E5 02 30 02 FF 2F 01 C1 70 00 97 70 01 04 00 33 00 00 08 00 00 00 23 70 01 21 30 00 09 04 28 27 20 00 00 12 74 72 39 1C 26 3C 42 00 08 01 0B 00 2F 00 00 00 00 00 17 30 20 0E C0 00 77 54 25 00 40 C0 49 00 40 09 00 00 01 80 00 00 02 00 C0 63 22 40 00 04 70 82 01 22 18 96 00 00 8A 00 54 00 14 00 00 01 00 30 20 08 02 03 05 01 06 05 04 05 04 04 05 02 04 01 04 04 05 02 05 02 02 03 01 01 05 01 05 01 01 01 03 03 01 03 03 04 01 01 03 05 01 03 03 03 01 02 01 03 02 01 01 04 03 01 04 01 01 01 01 07 06 03 01 01 02 7F E1 88 BF 00 00 00 00 00 00 00 00 00 00 00 00 00 00 00 00 00 00 00 00 00 00 00 00 00 00 00 00 00 00 00 00 00 00 00 00 00 00 00 00 00 00 00 00 00 00 00 00 00 00 00 00 00 00 00 00 00 00 00 00 00 00 00 00 00 00 00 00 00 00 00 00 00 00 00 00 00 00 00 00 00 00 00 00 00 00 00 00 00 71 1E 9F 32 7E
[427080][00:29:00.423]7E FF 02 FF 3D BB EA E9 81 05 9C 00 B3 90 AC 0D 00 37 00 10 00 01 00 02 69 7F 94 01 05 D0 02 01 FC 00 00 00 0F E5 72 5E 43 5F 39 7E
[427081][00:29:01.891]7E FF 02 FF 3E BB 7B EF 81 05 21 00 34 18 CC 0F 00 38 00 14 01 01 00 01 69 7F 94 05 F0 FF 01 E5 14 EB C2 00 EA E5 72 50 00 FF 2F 01 B1 E0 00 A8 78 01 04 00 33 00 00 08 00 00 00 05 40 14 42 30 00 09 05 35 40 20 00 00 12 74 72 39 1C 27 35 53 00 09 01 0E 00 2F 00 00 00 00 00 44 31 02 0C C0 0A 5F 44 0C 00 40 C2 49 00 40 09 00 00 01 88 00 04 22 00 C0 E3 20 40 08 04 70 A2 29 6E 18 96 00 00 9A 00 54 10 14 0B 01 01 00 30 24 01 01 05 03 05 01 01 04 04 04 05 04 05 03 01 04 06 03 02 06 03 04 03 03 05 05 02 06 02 01 02 07 01 04 04 04 02 05 02 03 01 03 02 04 04 02 01 03 01 03 01 02 01 03 01 03 04 01 04 01 01 01 04 03 02 03 02 03 03 02 02 02 04 05 01 04 02 01 03 02 05 01 03 2E A5 AB E1 00 00 00 00 00 00 00 00 00 00 00 00 00 00 00 00 00 00 00 00 00 00 00 00 00 00 00 00 00 00 00 00 00 00 00 00 00 00 00 00 00 00 00 00 00 00 00 00 00 00 00 00 00 00 00 00 00 00 00 00 00 00 00 00 00 00 00 00 00 00 00 00 A6 95 02 CD 7E
[427082][00:29:02.504]7E FF 02 FF 3F BB D3 F1 81 05 17 00 4D F8 B0 10 00 FD 03 15 02 01 00 00 69 7F 94 4E F8 B0 10 01 90 E8 02 00 90 E7 49 CA 33 20 00 00 12 74 72 6A 07 00 00 10 02 00 00 00 00 00 00 05 00 0F 01 00 00 64 20 00 00 12 74 72 04 00 00 01 0A D0 02 BB 01 30 00 39 00 06 0A 4A CA D5 31 81 FE 14 10 C0 C7 00 52 33 00 3A 24 32 00 00 00 00 59 D2 AF 10 FE 38 00 00 24 00 0E 50 15 50 1C 50 31 50 0C 50 04 50 87 50 8A 50 93 51 34 50 36 50 08 50 40 51 D8 50 62 50 1A 50 11 50 17 50 BA 51 5D 50 29 50 39 51 75 50 7C 51 BC 50 5B 50 D9 50 9D 50 34 51 2E 50 06 50 53 50 3C 51 02 50 F8 51 CF 50 01 51 0A 51 E4 50 6D 51 44 51 68 50 49 50 68 51 DF 50 FE 51 CA 50 11 51 42 51 05 50 FA 51 2D 50 14 51 F2 50 C9 50 16 51 1A 51 A2 50 0F 40 19 41 92 41 9F 40 CB 41 AD 40 7E 40 C4 41 69 40 B0 40 E1 41 E5 41 D0 41 DC 40 8E 40 7F 40 F1 41 BE 41 A7 41 86 41 52 41 FB 41 F0 41 FC 80 7C 15 00 01 C4 09 00 02 AC 0D 00 03 03 04 9A 05 B1 F8 AC 0D 00 03 03 04 9A 05 9A 05 9A 05 9A 05 0B 40 37 41 45 41 0A 40 86 40 C2 40 F5 40 9A 40 4B 41 B9 40 02 40 72 41 EB 40 6E 40 CE 40 5A 41 57 40 49 40 35 41 EA 80 88 13 00 01 C4 09 00 02 B8 0B 00 03 03 04 9A 05 00 01 D0 07 00 02 C4 09 00 03 03 04 9A 05 9A 05 9A 05 F1 81 88 13 00 01 D0 07 00 02 C4 09 00 03 03 04 9A 05 CF 41 D0 41 27 41 C1 40 D1 41 D2 41 31 41 BD 41 D3 41 26 40 D4 41 D5 41 C9 41 68 41 EE 40 4C 40 20 40 32 41 2C 40 F0 80 88 13 00 01 E8 03 00 02 C4 09 00 03 03 04 9A 05 00 00 00 00 00 00 00 00 00 00 00 00 00 00 00 00 00 00 00 00 00 00 00 00 00 00 00 00 00 00 00 00 00 00 00 00 00 00 00 00 00 00 00 00 00 00 00 00 00 00 00 00 00 00 00 00 00 00 00 00 00 00 00 00 00 00 00 00 00 00 00 00 00 00 00 00 00 00 00 00 00 00 00 00 00 00 00 00 00 00 44 4A B5 D0 03 ED 90 CF 7E
[427083][00:29:02.564]7E FF 02 FF 40 BB D6 F1 81 05 92 02 B8 59 B1 10 01 22 0D 15 02 01 00 00 69 7F 94 27 58 B1 10 01 20 05 00 00 24 A8 6E CA 33 20 00 00 12 74 72 6A 07 00 00 10 02 00 00 00 00 00 00 05 00 0F 01 00 00 64 20 00 00 12 74 72 04 00 00 01 0A D0 02 BB 01 30 00 39 00 06 0A 4A CA D5 31 81 FE 14 10 C0 C7 00 52 33 00 3A 24 32 00 00 00 00 59 D2 AF 10 FE 38 00 00 24 00 0E 50 15 50 1C 50 31 50 0C 50 04 50 87 50 8A 50 93 51 34 50 36 50 08 50 40 51 D8 50 62 50 1A 50 11 50 17 50 BA 51 5D 50 29 50 39 51 75 50 7C 51 BC 50 5B 50 D9 50 9D 50 34 51 2E 50 06 50 53 50 3C 51 02 50 F8 51 CF 50 01 51 0A 51 E4 50 6D 51 44 51 68 50 49 50 68 51 DF 50 FE 51 CA 50 11 51 42 51 05 50 FA 51 2D 50 14 51 F2 50 C9 50 16 51 1A 51 A2 50 0F 40 19 41 92 41 9F 40 CB 41 AD 40 7E 40 C4 41 69 40 B0 40 E1 41 E5 41 D0 41 DC 40 8E 40 7F 40 F1 41 BE 41 A7 41 86 41 52 41 FB 41 F0 41 FC 80 7C 15 00 01 C4 09 00 02 AC 0D 00 03 03 04 9A 05 B1 F8 AC 0D 00 03 03 04 9A 05 9A 05 9A 05 9A 05 0B 40 37 41 45 41 0A 40 86 40 C2 40 F5 40 9A 40 4B 41 B9 40 02 40 72 41 EB 40 6E 40 CE 40 5A 41 57 40 49 40 35 41 EA 80 88 13 00 01 C4 09 00 02 B8 0B 00 03 03 04 9A 05 00 01 D0 07 00 02 C4 09 00 03 03 04 9A 05 9A 05 9A 05 F1 81 88 13 00 01 D0 07 00 02 C4 09 00 03 03 04 9A 05 CF 41 D0 41 27 41 C1 40 D1 41 D2 41 31 41 BD 41 D3 41 26 40 D4 41 D5 41 C9 41 68 41 EE 40 4C 40 20 40 32 41 2C 40 F0 80 88 13 00 01 E8 03 00 02 C4 09 00 03 03 04 9A 05 00 00 00 00 00 00 00 00 00 00 00 00 00 00 00 00 00 00 00 00 00 00 00 00 00 00 00 00 00 00 00 00 00 00 00 00 00 00 00 00 00 00 00 00 00 00 00 00 00 00 00 00 00 00 00 00 00 00 00 00 00 00 00 00 00 00 00 00 00 00 00 00 00 00 00 00 00 00 00 00 00 00 00 00 00 00 00 00 00 00 44 4A B5 D0 E2 11 2C 2B 7E
[427084][00:29:02.609]7E FF 02 FF 41 BB F6 F1 81 05 5C 00 85 57 BE 10 00 00 03 15 02 01 00 00 69 7F 94 85 57 BE 10 01 90 E8 04 00 63 90 76 CA 33 20 00 00 12 74 72 6A 07 00 00 10 02 00 00 00 00 00 00 05 00 0F 01 00 00 64 20 00 00 12 74 72 04 00 00 01 0A D0 02 BB 01 30 00 39 00 06 0A 4A CA D5 31 81 FE 14 10 C0 C7 00 52 33 00 3A 24 32 00 00 00 00 59 D2 AF 10 FE 38 00 00 24 00 0E 50 15 50 1C 50 31 50 0C 50 04 50 87 50 8A 50 93 51 34 50 36 50 08 50 40 51 D8 50 62 50 1A 50 11 50 17 50 BA 51 5D 50 29 50 39 51 75 50 7C 51 BC 50 5B 50 D9 50 9D 50 34 51 2E 50 06 50 53 50 3C 51 02 50 F8 51 CF 50 01 51 0A 51 E4 50 6D 51 44 51 68 50 49 50 68 51 DF 50 FE 51 CA 50 11 51 42 51 05 50 FA 51 2D 50 14 51 F2 50 C9 50 16 51 1A 51 A2 50 0F 40 19 41 92 41 9F 40 CB 41 AD 40 7E 40 C4 41 69 40 B0 40 E1 41 E5 41 D0 41 DC 40 8E 40 7F 40 F1 41 BE 41 A7 41 86 41 52 41 FB 41 F0 41 FC 80 7C 15 00 01 C4 09 00 02 AC 0D 00 03 03 04 9A 05 B1 F8 AC 0D 00 03 03 04 9A 05 9A 05 9A 05 9A 05 0B 40 37 41 45 41 0A 40 86 40 C2 40 F5 40 9A 40 4B 41 B9 40 02 40 72 41 EB 40 6E 40 CE 40 5A 41 57 40 49 40 35 41 EA 80 88 13 00 01 C4 09 00 02 B8 0B 00 03 03 04 9A 05 00 01 D0 07 00 02 C4 09 00 03 03 04 9A 05 9A 05 9A 05 F1 81 88 13 00 01 D0 07 00 02 C4 09 00 03 03 04 9A 05 CF 41 D0 41 27 41 C1 40 D1 41 D2 41 31 41 BD 41 D3 41 26 40 D4 41 D5 41 C9 41 68 41 EE 40 4C 40 20 40 32 41 2C 40 F0 80 88 13 00 01 E8 03 00 02 C4 09 00 03 03 04 9A 05 00 00 00 00 00 00 00 00 00 00 00 00 00 00 00 00 00 00 00 00 00 00 00 00 00 00 00 00 00 00 00 00 00 00 00 00 00 00 00 00 00 00 00 00 00 00 00 00 00 00 00 00 00 00 00 00 00 00 00 00 00 00 00 00 00 00 00 00 00 00 00 00 00 00 00 00 00 00 00 00 00 00 00 00 00 00 00 00 00 00 44 4A B5 D0 30 74 BF 00 7E
[427085][00:29:02.653]7E FF 02 FF 42 BB B6 F1 81 05 59 00 BE 12 CC 10 00 00 03 15 02 01 00 00 69 7F 94 BA 12 CC 10 01 90 E8 06 00 39 ED CE CA 33 20 00 00 12 74 72 6A 07 00 00 10 02 00 00 00 00 00 00 05 00 0F 01 00 00 64 20 00 00 12 74 72 04 00 00 01 0A D0 02 BB 01 30 00 39 00 06 0A 4A CA D5 31 81 FE 14 10 C0 C7 00 52 33 00 3A 24 32 00 00 00 00 59 D2 AF 10 FE 38 00 00 24 00 0E 50 15 50 1C 50 31 50 0C 50 04 50 87 50 8A 50 93 51 34 50 36 50 08 50 40 51 D8 50 62 50 1A 50 11 50 17 50 BA 51 5D 50 29 50 39 51 75 50 7C 51 BC 50 5B 50 D9 50 9D 50 34 51 2E 50 06 50 53 50 3C 51 02 50 F8 51 CF 50 01 51 0A 51 E4 50 6D 51 44 51 68 50 49 50 68 51 DF 50 FE 51 CA 50 11 51 42 51 05 50 FA 51 2D 50 14 51 F2 50 C9 50 16 51 1A 51 A2 50 0F 40 19 41 92 41 9F 40 CB 41 AD 40 7E 40 C4 41 69 40 B0 40 E1 41 E5 41 D0 41 DC 40 8E 40 7F 40 F1 41 BE 41 A7 41 86 41 52 41 FB 41 F0 41 FC 80 7C 15 00 01 C4 09 00 02 AC 0D 00 03 03 04 9A 05 B1 F8 AC 0D 00 03 03 04 9A 05 9A 05 9A 05 9A 05 0B 40 37 41 45 41 0A 40 86 40 C2 40 F5 40 9A 40 4B 41 B9 40 02 40 72 41 EB 40 6E 40 CE 40 5A 41 57 40 49 40 35 41 EA 80 88 13 00 01 C4 09 00 02 B8 0B 00 03 03 04 9A 05 00 01 D0 07 00 02 C4 09 00 03 03 04 9A 05 9A 05 9A 05 F1 81 88 13 00 01 D0 07 00 02 C4 09 00 03 03 04 9A 05 CF 41 D0 41 27 41 C1 40 D1 41 D2 41 31 41 BD 41 D3 41 26 40 D4 41 D5 41 C9 41 68 41 EE 40 4C 40 20 40 32 41 2C 40 F0 80 88 13 00 01 E8 03 00 02 C4 09 00 03 03 04 9A 05 00 00 00 00 00 00 00 00 00 00 00 00 00 00 00 00 00 00 00 00 00 00 00 00 00 00 00 00 00 00 00 00 00 00 00 00 00 00 00 00 00 00 00 00 00 00 00 00 00 00 00 00 00 00 00 00 00 00 00 00 00 00 00 00 00 00 00 00 00 00 00 00 00 00 00 00 00 00 00 00 00 00 00 00 00 00 00 00 00 00 44 4A B5 D0 48 82 A3 7F 7E
[427086][00:29:02.698]7E FF 02 FF 43 BB 60 F2 81 05 33 02 3A F5 E6 10 00 38 01 15 02 01 00 00 69 7F 94 D9 F4 E6 10 15 90 E8 06 00 2D 79 28 C9 33 20 00 00 12 74 72 6A 07 00 00 10 02 00 00 00 00 00 00 05 00 0F 15 10 00 64 30 00 09 80 95 26 12 00 03 01 0A D0 02 BB 01 30 00 39 00 06 0A 4A CA D5 31 81 FE 14 10 C0 C7 00 52 33 00 3A 24 32 00 00 00 00 59 D2 AF 10 FE 38 00 00 24 00 0E 50 15 50 1C 50 31 50 0C 50 04 50 87 50 8A 50 93 51 34 50 36 50 08 50 40 51 D8 50 62 50 1A 50 11 50 17 50 BA 51 5D 50 29 50 39 51 75 50 7C 51 BC 50 5B 50 D9 50 9D 50 34 51 2E 50 06 50 53 50 3C 51 02 50 F8 51 CF 50 01 51 0A 51 E4 50 6D 51 44 51 68 50 49 50 68 51 DF 50 FE 51 CA 50 11 51 42 51 05 50 FA 51 2D 50 14 51 F2 50 C9 50 16 51 1A 51 A2 50 0F 40 19 41 92 41 9F 40 CB 41 AD 40 7E 40 C4 41 69 40 B0 40 E1 41 E5 41 D0 41 DC 40 8E 40 7F 40 F1 41 BE 41 A7 41 86 41 52 41 FB 41 F0 41 FC 80 7C 15 00 01 C4 09 00 02 AC 0D 00 03 03 04 9A 05 B1 F8 AC 0D 00 03 03 04 9A 05 9A 05 9A 05 9A 05 0B 40 37 41 45 41 0A 40 86 40 C2 40 F5 40 9A 40 4B 41 B9 40 02 40 72 41 EB 40 6E 40 CE 40 5A 41 57 40 49 40 35 41 EA 80 88 13 00 01 C4 09 00 02 B8 0B 00 03 03 04 9A 05 00 01 D0 07 00 02 C4 09 00 03 03 04 9A 05 9A 05 9A 05 F1 81 88 13 00 01 D0 07 00 02 C4 09 00 03 03 04 9A 05 CF 41 D0 41 27 41 C1 40 D1 41 D2 41 31 41 BD 41 D3 41 26 40 D4 41 D5 41 C9 41 68 41 EE 40 4C 40 20 40 32 41 2C 40 F0 80 88 13 00 01 E8 03 00 02 C4 09 00 03 03 04 9A 05 00 00 00 00 00 00 00 00 00 00 00 00 00 00 00 00 00 00 00 00 00 00 00 00 00 00 00 00 00 00 00 00 00 00 00 00 00 00 00 00 00 00 00 00 00 00 00 00 00 00 00 00 00 00 00 00 00 00 00 00 00 00 00 00 00 00 00 00 00 00 00 00 00 00 00 00 00 00 00 00 00 00 00 00 00 00 00 00 00 00 EA F3 67 CF 66 4D 23 B6 7E
[427087][00:29:02.758]7E FF 02 FF 44 BB 6E F2 81 05 33 02 9A 4D EC 10 00 39 01 15 02 01 00 00 69 7F 94 35 4D EC 10 15 90 E8 06 00 13 9D AB C9 33 20 00 00 12 74 72 6A 07 00 00 10 02 00 00 00 00 00 00 05 00 0F 15 10 00 64 30 00 09 80 95 26 12 00 03 01 0A D0 02 BB 01 30 00 39 00 06 0A 4A CA D5 31 81 FE 14 10 C0 C7 00 52 33 00 3A 24 32 00 00 00 00 59 D2 AF 10 FE 38 00 00 24 00 0E 50 15 50 1C 50 31 50 0C 50 04 50 87 50 8A 50 93 51 34 50 36 50 08 50 40 51 D8 50 62 50 1A 50 11 50 17 50 BA 51 5D 50 29 50 39 51 75 50 7C 51 BC 50 5B 50 D9 50 9D 50 34 51 2E 50 06 50 53 50 3C 51 02 50 F8 51 CF 50 01 51 0A 51 E4 50 6D 51 44 51 68 50 49 50 68 51 DF 50 FE 51 CA 50 11 51 42 51 05 50 FA 51 2D 50 14 51 F2 50 C9 50 16 51 1A 51 A2 50 0F 40 19 41 92 41 9F 40 CB 41 AD 40 7E 40 C4 41 69 40 B0 40 E1 41 E5 41 D0 41 DC 40 8E 40 7F 40 F1 41 BE 41 A7 41 86 41 52 41 FB 41 F0 41 FC 80 7C 15 00 01 C4 09 00 02 AC 0D 00 03 03 04 9A 05 B1 F8 AC 0D 00 03 03 04 9A 05 9A 05 9A 05 9A 05 0B 40 37 41 45 41 0A 40 86 40 C2 40 F5 40 9A 40 4B 41 B9 40 02 40 72 41 EB 40 6E 40 CE 40 5A 41 57 40 49 40 35 41 EA 80 88 13 00 01 C4 09 00 02 B8 0B 00 03 03 04 9A 05 00 01 D0 07 00 02 C4 09 00 03 03 04 9A 05 9A 05 9A 05 F1 81 88 13 00 01 D0 07 00 02 C4 09 00 03 03 04 9A 05 CF 41 D0 41 27 41 C1 40 D1 41 D2 41 31 41 BD 41 D3 41 26 40 D4 41 D5 41 C9 41 68 41 EE 40 4C 40 20 40 32 41 2C 40 F0 80 88 13 00 01 E8 03 00 02 C4 09 00 03 03 04 9A 05 00 00 00 00 00 00 00 00 00 00 00 00 00 00 00 00 00 00 00 00 00 00 00 00 00 00 00 00 00 00 00 00 00 00 00 00 00 00 00 00 00 00 00 00 00 00 00 00 00 00 00 00 00 00 00 00 00 00 00 00 00 00 00 00 00 00 00 00 00 00 00 00 00 00 00 00 00 00 00 00 00 00 00 00 00 00 00 00 00 00 EA F3 67 CF CD EC E2 5B 7E
[427088][00:29:02.803]7E FF 02 FF 45 BB 84 F2 81 05 2E 02 DD B0 F4 10 00 38 01 15 02 01 00 00 69 7F 94 79 B0 F4 10 1C 90 E8 06 00 8B 25 6A C9 33 20 00 00 12 74 72 6A 07 00 00 10 02 00 00 00 00 00 00 05 00 0F 1C 10 00 64 30 00 09 80 93 77 12 00 03 01 0A D0 02 BB 01 30 00 39 00 06 0A 4A CA D5 31 81 FE 14 10 C0 C7 00 52 33 00 3A 24 32 00 00 00 00 59 D2 AF 10 FE 38 00 00 24 00 0E 50 15 50 1C 50 31 50 0C 50 04 50 87 50 8A 50 93 51 34 50 36 50 08 50 40 51 D8 50 62 50 1A 50 11 50 17 50 BA 51 5D 50 29 50 39 51 75 50 7C 51 BC 50 5B 50 D9 50 9D 50 34 51 2E 50 06 50 53 50 3C 51 02 50 F8 51 CF 50 01 51 0A 51 E4 50 6D 51 44 51 68 50 49 50 68 51 DF 50 FE 51 CA 50 11 51 42 51 05 50 FA 51 2D 50 14 51 F2 50 C9 50 16 51 1A 51 A2 50 0F 40 19 41 92 41 9F 40 CB 41 AD 40 7E 40 C4 41 69 40 B0 40 E1 41 E5 41 D0 41 DC 40 8E 40 7F 40 F1 41 BE 41 A7 41 86 41 52 41 FB 41 F0 41 FC 80 7C 15 00 01 C4 09 00 02 AC 0D 00 03 03 04 9A 05 B1 F8 AC 0D 00 03 03 04 9A 05 9A 05 9A 05 9A 05 0B 40 37 41 45 41 0A 40 86 40 C2 40 F5 40 9A 40 4B 41 B9 40 02 40 72 41 EB 40 6E 40 CE 40 5A 41 57 40 49 40 35 41 EA 80 88 13 00 01 C4 09 00 02 B8 0B 00 03 03 04 9A 05 00 01 D0 07 00 02 C4 09 00 03 03 04 9A 05 9A 05 9A 05 F1 81 88 13 00 01 D0 07 00 02 C4 09 00 03 03 04 9A 05 CF 41 D0 41 27 41 C1 40 D1 41 D2 41 31 41 BD 41 D3 41 26 40 D4 41 D5 41 C9 41 68 41 EE 40 4C 40 20 40 32 41 2C 40 F0 80 88 13 00 01 E8 03 00 02 C4 09 00 03 03 04 9A 05 00 00 00 00 00 00 00 00 00 00 00 00 00 00 00 00 00 00 00 00 00 00 00 00 00 00 00 00 00 00 00 00 00 00 00 00 00 00 00 00 00 00 00 00 00 00 00 00 00 00 00 00 00 00 00 00 00 00 00 00 00 00 00 00 00 00 00 00 00 00 00 00 00 00 00 00 00 00 00 00 00 00 00 00 00 00 00 00 00 00 E3 B5 44 61 AF 4D B1 62 7E
[427089][00:29:02.848]7E FF 02 FF 46 BB 92 F2 81 05 37 02 39 09 FA 10 00 37 01 15 02 01 00 00 69 7F 94 D5 08 FA 10 1C 90 E8 06 00 FD 44 CD C9 33 20 00 00 12 74 72 6A 07 00 00 10 02 00 00 00 00 00 00 05 00 0F 1C 10 00 64 30 00 09 80 93 77 12 00 03 01 0A D0 02 BB 01 30 00 39 00 06 0A 4A CA D5 31 81 FE 14 10 C0 C7 00 52 33 00 3A 24 32 00 00 00 00 59 D2 AF 10 FE 38 00 00 24 00 0E 50 15 50 1C 50 31 50 0C 50 04 50 87 50 8A 50 93 51 34 50 36 50 08 50 40 51 D8 50 62 50 1A 50 11 50 17 50 BA 51 5D 50 29 50 39 51 75 50 7C 51 BC 50 5B 50 D9 50 9D 50 34 51 2E 50 06 50 53 50 3C 51 02 50 F8 51 CF 50 01 51 0A 51 E4 50 6D 51 44 51 68 50 49 50 68 51 DF 50 FE 51 CA 50 11 51 42 51 05 50 FA 51 2D 50 14 51 F2 50 C9 50 16 51 1A 51 A2 50 0F 40 19 41 92 41 9F 40 CB 41 AD 40 7E 40 C4 41 69 40 B0 40 E1 41 E5 41 D0 41 DC 40 8E 40 7F 40 F1 41 BE 41 A7 41 86 41 52 41 FB 41 F0 41 FC 80 7C 15 00 01 C4 09 00 02 AC 0D 00 03 03 04 9A 05 B1 F8 AC 0D 00 03 03 04 9A 05 9A 05 9A 05 9A 05 0B 40 37 41 45 41 0A 40 86 40 C2 40 F5 40 9A 40 4B 41 B9 40 02 40 72 41 EB 40 6E 40 CE 40 5A 41 57 40 49 40 35 41 EA 80 88 13 00 01 C4 09 00 02 B8 0B 00 03 03 04 9A 05 00 01 D0 07 00 02 C4 09 00 03 03 04 9A 05 9A 05 9A 05 F1 81 88 13 00 01 D0 07 00 02 C4 09 00 03 03 04 9A 05 CF 41 D0 41 27 41 C1 40 D1 41 D2 41 31 41 BD 41 D3 41 26 40 D4 41 D5 41 C9 41 68 41 EE 40 4C 40 20 40 32 41 2C 40 F0 80 88 13 00 01 E8 03 00 02 C4 09 00 03 03 04 9A 05 00 00 00 00 00 00 00 00 00 00 00 00 00 00 00 00 00 00 00 00 00 00 00 00 00 00 00 00 00 00 00 00 00 00 00 00 00 00 00 00 00 00 00 00 00 00 00 00 00 00 00 00 00 00 00 00 00 00 00 00 00 00 00 00 00 00 00 00 00 00 00 00 00 00 00 00 00 00 00 00 00 00 00 00 00 00 00 00 00 00 E3 B5 44 61 C9 D4 BD 4D 7E
[427090][00:29:02.908]7E FF 02 FF 47 BB F0 F2 81 05 36 02 E0 E3 1D 11 00 38 01 15 02 01 00 00 69 7F 94 59 E3 1D 11 04 90 E8 04 00 A5 BD 61 C9 33 20 00 00 12 74 72 6A 07 00 00 10 02 00 00 00 00 00 00 05 00 0F 04 10 00 64 30 00 09 80 44 14 12 00 02 01 0A D0 02 BB 01 30 00 39 00 06 0A 4A CA D5 31 81 FE 14 10 C0 C7 00 52 33 00 3A 24 32 00 00 00 00 59 D2 AF 10 FE 38 00 00 24 00 0E 50 15 50 1C 50 31 50 0C 50 04 50 87 50 8A 50 93 51 34 50 36 50 08 50 40 51 D8 50 62 50 1A 50 11 50 17 50 BA 51 5D 50 29 50 39 51 75 50 7C 51 BC 50 5B 50 D9 50 9D 50 34 51 2E 50 06 50 53 50 3C 51 02 50 F8 51 CF 50 01 51 0A 51 E4 50 6D 51 44 51 68 50 49 50 68 51 DF 50 FE 51 CA 50 11 51 42 51 05 50 FA 51 2D 50 14 51 F2 50 C9 50 16 51 1A 51 A2 50 0F 40 19 41 92 41 9F 40 CB 41 AD 40 7E 40 C4 41 69 40 B0 40 E1 41 E5 41 D0 41 DC 40 8E 40 7F 40 F1 41 BE 41 A7 41 86 41 52 41 FB 41 F0 41 FC 80 7C 15 00 01 C4 09 00 02 AC 0D 00 03 03 04 9A 05 B1 F8 AC 0D 00 03 03 04 9A 05 9A 05 9A 05 9A 05 0B 40 37 41 45 41 0A 40 86 40 C2 40 F5 40 9A 40 4B 41 B9 40 02 40 72 41 EB 40 6E 40 CE 40 5A 41 57 40 49 40 35 41 EA 80 88 13 00 01 C4 09 00 02 B8 0B 00 03 03 04 9A 05 00 01 D0 07 00 02 C4 09 00 03 03 04 9A 05 9A 05 9A 05 F1 81 88 13 00 01 D0 07 00 02 C4 09 00 03 03 04 9A 05 CF 41 D0 41 27 41 C1 40 D1 41 D2 41 31 41 BD 41 D3 41 26 40 D4 41 D5 41 C9 41 68 41 EE 40 4C 40 20 40 32 41 2C 40 F0 80 88 13 00 01 E8 03 00 02 C4 09 00 03 03 04 9A 05 00 00 00 00 00 00 00 00 00 00 00 00 00 00 00 00 00 00 00 00 00 00 00 00 00 00 00 00 00 00 00 00 00 00 00 00 00 00 00 00 00 00 00 00 00 00 00 00 00 00 00 00 00 00 00 00 00 00 00 00 00 00 00 00 00 00 00 00 00 00 00 00 00 00 00 00 00 00 00 00 00 00 00 00 00 00 00 00 00 00 68 BC B2 E8 FC 10 E3 8D 7E
[427091][00:29:02.954]7E FF 02 FF 48 BB FE F2 81 05 33 02 32 3C 23 11 00 3A 01 15 02 01 00 00 69 7F 94 B5 3B 23 11 04 90 E8 04 00 74 81 EC C9 33 20 00 00 12 74 72 6A 07 00 00 10 02 00 00 00 00 00 00 05 00 0F 04 10 00 64 30 00 09 80 44 14 12 00 02 01 0A D0 02 BB 01 30 00 39 00 06 0A 4A CA D5 31 81 FE 14 10 C0 C7 00 52 33 00 3A 24 32 00 00 00 00 59 D2 AF 10 FE 38 00 00 24 00 0E 50 15 50 1C 50 31 50 0C 50 04 50 87 50 8A 50 93 51 34 50 36 50 08 50 40 51 D8 50 62 50 1A 50 11 50 17 50 BA 51 5D 50 29 50 39 51 75 50 7C 51 BC 50 5B 50 D9 50 9D 50 34 51 2E 50 06 50 53 50 3C 51 02 50 F8 51 CF 50 01 51 0A 51 E4 50 6D 51 44 51 68 50 49 50 68 51 DF 50 FE 51 CA 50 11 51 42 51 05 50 FA 51 2D 50 14 51 F2 50 C9 50 16 51 1A 51 A2 50 0F 40 19 41 92 41 9F 40 CB 41 AD 40 7E 40 C4 41 69 40 B0 40 E1 41 E5 41 D0 41 DC 40 8E 40 7F 40 F1 41 BE 41 A7 41 86 41 52 41 FB 41 F0 41 FC 80 7C 15 00 01 C4 09 00 02 AC 0D 00 03 03 04 9A 05 B1 F8 AC 0D 00 03 03 04 9A 05 9A 05 9A 05 9A 05 0B 40 37 41 45 41 0A 40 86 40 C2 40 F5 40 9A 40 4B 41 B9 40 02 40 72 41 EB 40 6E 40 CE 40 5A 41 57 40 49 40 35 41 EA 80 88 13 00 01 C4 09 00 02 B8 0B 00 03 03 04 9A 05 00 01 D0 07 00 02 C4 09 00 03 03 04 9A 05 9A 05 9A 05 F1 81 88 13 00 01 D0 07 00 02 C4 09 00 03 03 04 9A 05 CF 41 D0 41 27 41 C1 40 D1 41 D2 41 31 41 BD 41 D3 41 26 40 D4 41 D5 41 C9 41 68 41 EE 40 4C 40 20 40 32 41 2C 40 F0 80 88 13 00 01 E8 03 00 02 C4 09 00 03 03 04 9A 05 00 00 00 00 00 00 00 00 00 00 00 00 00 00 00 00 00 00 00 00 00 00 00 00 00 00 00 00 00 00 00 00 00 00 00 00 00 00 00 00 00 00 00 00 00 00 00 00 00 00 00 00 00 00 00 00 00 00 00 00 00 00 00 00 00 00 00 00 00 00 00 00 00 00 00 00 00 00 00 00 00 00 00 00 00 00 00 00 00 00 68 BC B2 E8 ED EB 32 79 7E
[427092][00:29:03.000]7E FF 02 FF 49 BB 14 F3 81 05 67 01 0D 8C 2B 11 00 2A 02 15 02 01 00 00 69 7F 94 47 8E 2B 11 87 90 E8 06 00 0B CB 69 C9 33 20 00 00 12 74 72 6A 07 00 00 10 02 00 00 00 00 00 00 05 00 0F 87 10 00 51 70 00 00 68 35 16 12 00 03 01 0A D0 02 BB 01 30 00 39 00 06 0A 4A CA D5 31 81 FE 14 10 C0 C7 00 52 33 00 3A 24 32 00 00 00 00 59 D2 AF 10 FE 38 00 00 24 00 0E 50 15 50 1C 50 31 50 0C 50 04 50 87 50 8A 50 93 51 34 50 36 50 08 50 40 51 D8 50 62 50 1A 50 11 50 17 50 BA 51 5D 50 29 50 39 51 75 50 7C 51 BC 50 5B 50 D9 50 9D 50 34 51 2E 50 06 50 53 50 3C 51 02 50 F8 51 CF 50 01 51 0A 51 E4 50 6D 51 44 51 68 50 49 50 68 51 DF 50 FE 51 CA 50 11 51 42 51 05 50 FA 51 2D 50 14 51 F2 50 C9 50 16 51 1A 51 A2 50 0F 40 19 41 92 41 9F 40 CB 41 AD 40 7E 40 C4 41 69 40 B0 40 E1 41 E5 41 D0 41 DC 40 8E 40 7F 40 F1 41 BE 41 A7 41 86 41 52 41 FB 41 F0 41 FC 80 7C 15 00 01 C4 09 00 02 AC 0D 00 03 03 04 9A 05 00 00 00 00 00 00 00 00 00 00 00 00 00 00 00 00 00 00 00 00 00 00 00 00 00 00 00 00 00 00 00 00 00 00 00 00 00 00 00 00 00 00 00 00 00 00 00 00 00 00 00 00 00 00 00 00 00 00 00 00 00 00 00 00 00 00 00 00 00 00 00 00 00 00 00 00 00 00 00 00 00 00 00 00 00 00 00 00 00 00 00 00 00 00 00 00 00 00 00 00 00 00 00 00 00 00 00 00 00 00 00 00 00 00 00 00 00 00 00 00 00 00 00 00 00 00 00 00 00 00 00 00 00 00 00 00 00 00 00 00 00 00 00 00 00 00 00 00 00 00 00 00 00 00 00 00 00 00 00 00 00 00 00 00 00 00 00 00 00 00 00 00 00 00 00 00 00 00 00 00 00 00 00 00 00 00 00 00 00 00 00 00 00 00 00 00 00 00 00 00 00 00 00 00 00 00 00 00 00 00 00 00 00 00 00 00 00 00 00 00 00 00 00 00 00 00 00 00 00 00 00 00 00 00 00 00 00 00 00 00 00 00 00 00 00 00 00 00 00 00 00 00 00 00 A5 96 E7 08 C7 FB CF D4 7E
[427093][00:29:03.059]7E FF 02 FF 4A BB A4 F3 81 05 33 02 DB 8D 62 11 00 3A 01 15 02 01 00 00 69 7F 94 79 8D 62 11 36 90 E8 06 00 41 CF BD C9 33 20 00 00 12 74 72 6A 07 00 00 10 02 00 00 00 00 00 00 05 00 0F 36 10 00 64 30 00 09 79 78 92 12 00 03 01 0A D0 02 BB 01 30 00 39 00 06 0A 4A CA D5 31 81 FE 14 10 C0 C7 00 52 33 00 3A 24 32 00 00 00 00 59 D2 AF 10 FE 38 00 00 24 00 0E 50 15 50 1C 50 31 50 0C 50 04 50 87 50 8A 50 93 51 34 50 36 50 08 50 40 51 D8 50 62 50 1A 50 11 50 17 50 BA 51 5D 50 29 50 39 51 75 50 7C 51 BC 50 5B 50 D9 50 9D 50 34 51 2E 50 06 50 53 50 3C 51 02 50 F8 51 CF 50 01 51 0A 51 E4 50 6D 51 44 51 68 50 49 50 68 51 DF 50 FE 51 CA 50 11 51 42 51 05 50 FA 51 2D 50 14 51 F2 50 C9 50 16 51 1A 51 A2 50 0F 40 19 41 92 41 9F 40 CB 41 AD 40 7E 40 C4 41 69 40 B0 40 E1 41 E5 41 D0 41 DC 40 8E 40 7F 40 F1 41 BE 41 A7 41 86 41 52 41 FB 41 F0 41 FC 80 7C 15 00 01 C4 09 00 02 AC 0D 00 03 03 04 9A 05 B1 F8 AC 0D 00 03 03 04 9A 05 9A 05 9A 05 9A 05 0B 40 37 41 45 41 0A 40 86 40 C2 40 F5 40 9A 40 4B 41 B9 40 02 40 72 41 EB 40 6E 40 CE 40 5A 41 57 40 49 40 35 41 EA 80 88 13 00 01 C4 09 00 02 B8 0B 00 03 03 04 9A 05 00 01 D0 07 00 02 C4 09 00 03 03 04 9A 05 9A 05 9A 05 F1 81 88 13 00 01 D0 07 00 02 C4 09 00 03 03 04 9A 05 CF 41 D0 41 27 41 C1 40 D1 41 D2 41 31 41 BD 41 D3 41 26 40 D4 41 D5 41 C9 41 68 41 EE 40 4C 40 20 40 32 41 2C 40 F0 80 88 13 00 01 E8 03 00 02 C4 09 00 03 03 04 9A 05 00 00 00 00 00 00 00 00 00 00 00 00 00 00 00 00 00 00 00 00 00 00 00 00 00 00 00 00 00 00 00 00 00 00 00 00 00 00 00 00 00 00 00 00 00 00 00 00 00 00 00 00 00 00 00 00 00 00 00 00 00 00 00 00 00 00 00 00 00 00 00 00 00 00 00 00 00 00 00 00 00 00 00 00 00 00 00 00 00 00 5B 03 6C BF E1 DA D5 19 7E
[427094][00:29:03.105]7E FF 02 FF 4B BB B2 F3 81 05 32 02 36 E6 67 11 00 3A 01 15 02 01 00 00 69 7F 94 D5 E5 67 11 36 90 E8 06 00 BB 0F 20 C9 33 20 00 00 12 74 72 6A 07 00 00 10 02 00 00 00 00 00 00 05 00 0F 36 10 00 64 30 00 09 79 78 92 12 00 03 01 0A D0 02 BB 01 30 00 39 00 06 0A 4A CA D5 31 81 FE 14 10 C0 C7 00 52 33 00 3A 24 32 00 00 00 00 59 D2 AF 10 FE 38 00 00 24 00 0E 50 15 50 1C 50 31 50 0C 50 04 50 87 50 8A 50 93 51 34 50 36 50 08 50 40 51 D8 50 62 50 1A 50 11 50 17 50 BA 51 5D 50 29 50 39 51 75 50 7C 51 BC 50 5B 50 D9 50 9D 50 34 51 2E 50 06 50 53 50 3C 51 02 50 F8 51 CF 50 01 51 0A 51 E4 50 6D 51 44 51 68 50 49 50 68 51 DF 50 FE 51 CA 50 11 51 42 51 05 50 FA 51 2D 50 14 51 F2 50 C9 50 16 51 1A 51 A2 50 0F 40 19 41 92 41 9F 40 CB 41 AD 40 7E 40 C4 41 69 40 B0 40 E1 41 E5 41 D0 41 DC 40 8E 40 7F 40 F1 41 BE 41 A7 41 86 41 52 41 FB 41 F0 41 FC 80 7C 15 00 01 C4 09 00 02 AC 0D 00 03 03 04 9A 05 B1 F8 AC 0D 00 03 03 04 9A 05 9A 05 9A 05 9A 05 0B 40 37 41 45 41 0A 40 86 40 C2 40 F5 40 9A 40 4B 41 B9 40 02 40 72 41 EB 40 6E 40 CE 40 5A 41 57 40 49 40 35 41 EA 80 88 13 00 01 C4 09 00 02 B8 0B 00 03 03 04 9A 05 00 01 D0 07 00 02 C4 09 00 03 03 04 9A 05 9A 05 9A 05 F1 81 88 13 00 01 D0 07 00 02 C4 09 00 03 03 04 9A 05 CF 41 D0 41 27 41 C1 40 D1 41 D2 41 31 41 BD 41 D3 41 26 40 D4 41 D5 41 C9 41 68 41 EE 40 4C 40 20 40 32 41 2C 40 F0 80 88 13 00 01 E8 03 00 02 C4 09 00 03 03 04 9A 05 00 00 00 00 00 00 00 00 00 00 00 00 00 00 00 00 00 00 00 00 00 00 00 00 00 00 00 00 00 00 00 00 00 00 00 00 00 00 00 00 00 00 00 00 00 00 00 00 00 00 00 00 00 00 00 00 00 00 00 00 00 00 00 00 00 00 00 00 00 00 00 00 00 00 00 00 00 00 00 00 00 00 00 00 00 00 00 00 00 00 5B 03 6C BF 01 E2 A7 B0 7E
[427095][00:29:03.151]7E FF 02 FF 4C BB 10 F4 81 05 39 02 8A C1 8B 11 00 36 00 15 02 01 00 00 69 7F 94 C7 C3 8B 11 D8 90 E8 06 00 98 FD FE C9 33 20 00 00 12 74 72 6A 07 00 00 10 02 00 00 00 00 00 00 05 00 0F D8 10 00 00 30 00 15 61 49 26 12 00 03 01 0A D0 02 BB 01 30 00 39 00 06 0A 4A CA D5 31 81 FE 14 10 C0 C7 00 52 33 00 3A 24 32 00 00 00 00 59 D2 AF 10 FE 38 00 00 24 00 0E 50 15 50 1C 50 31 50 0C 50 04 50 87 50 8A 50 93 51 34 50 36 50 08 50 40 51 D8 50 62 50 1A 50 11 50 17 50 BA 51 5D 50 29 50 39 51 75 50 7C 51 BC 50 5B 50 D9 50 9D 50 34 51 2E 50 06 50 53 50 3C 51 02 50 F8 51 CF 50 01 51 0A 51 E4 50 6D 51 44 51 68 50 49 50 68 51 DF 50 FE 51 CA 50 11 51 42 51 05 50 FA 51 2D 50 14 51 F2 50 C9 50 16 51 1A 51 A2 50 0F 40 19 41 92 41 9F 40 CB 41 AD 40 7E 40 C4 41 69 40 B0 40 E1 41 E5 41 D0 41 DC 40 8E 40 7F 40 F1 41 BE 41 A7 41 86 41 52 41 FB 41 F0 41 FC 80 7C 15 00 01 C4 09 00 02 AC 0D 00 03 03 04 9A 05 00 00 00 00 00 00 00 00 00 00 00 00 00 00 00 00 00 00 00 00 00 00 00 00 00 00 00 00 00 00 00 00 00 00 00 00 00 00 00 00 00 00 00 00 00 00 00 00 00 00 00 00 00 00 00 00 00 00 00 00 00 00 00 00 00 00 00 00 00 00 00 00 00 00 00 00 00 00 00 00 00 00 00 00 00 00 00 00 00 00 00 00 00 00 00 00 00 00 00 00 00 00 00 00 00 00 00 00 00 00 00 00 00 00 00 00 00 00 00 00 00 00 00 00 00 00 00 00 00 00 00 00 00 00 00 00 00 00 00 00 00 00 00 00 00 00 00 00 00 00 00 00 00 00 00 00 00 00 00 00 00 00 00 00 00 00 00 00 00 00 00 00 00 00 00 00 00 00 00 00 00 00 00 00 00 00 00 00 00 00 00 00 00 00 00 00 00 00 00 00 00 00 00 00 00 00 00 00 00 00 00 00 00 00 00 00 00 00 00 00 00 00 00 00 00 00 00 00 00 00 00 00 00 00 00 00 00 00 00 00 00 00 00 00 00 00 00 00 00 00 00 00 00 00 85 54 CC 6B BD D2 BD D3 7E
[427096][00:29:03.196]7E FF 02 FF 4D BB 34 F4 81 05 3C 02 70 7C 99 11 00 36 01 15 02 01 00 00 69 7F 94 F9 7B 99 11 62 90 E8 04 00 0A AF 60 C9 33 20 00 00 12 74 72 6A 07 00 00 10 02 00 00 00 00 00 00 05 00 0F 62 10 00 64 30 00 09 81 09 37 12 00 02 01 0A D0 02 BB 01 30 00 39 00 06 0A 4A CA D5 31 81 FE 14 10 C0 C7 00 52 33 00 3A 24 32 00 00 00 00 59 D2 AF 10 FE 38 00 00 24 00 0E 50 15 50 1C 50 31 50 0C 50 04 50 87 50 8A 50 93 51 34 50 36 50 08 50 40 51 D8 50 62 50 1A 50 11 50 17 50 BA 51 5D 50 29 50 39 51 75 50 7C 51 BC 50 5B 50 D9 50 9D 50 34 51 2E 50 06 50 53 50 3C 51 02 50 F8 51 CF 50 01 51 0A 51 E4 50 6D 51 44 51 68 50 49 50 68 51 DF 50 FE 51 CA 50 11 51 42 51 05 50 FA 51 2D 50 14 51 F2 50 C9 50 16 51 1A 51 A2 50 0F 40 19 41 92 41 9F 40 CB 41 AD 40 7E 40 C4 41 69 40 B0 40 E1 41 E5 41 D0 41 DC 40 8E 40 7F 40 F1 41 BE 41 A7 41 86 41 52 41 FB 41 F0 41 FC 80 7C 15 00 01 C4 09 00 02 AC 0D 00 03 03 04 9A 05 B1 F8 AC 0D 00 03 03 04 9A 05 9A 05 9A 05 9A 05 0B 40 37 41 45 41 0A 40 86 40 C2 40 F5 40 9A 40 4B 41 B9 40 02 40 72 41 EB 40 6E 40 CE 40 5A 41 57 40 49 40 35 41 EA 80 88 13 00 01 C4 09 00 02 B8 0B 00 03 03 04 9A 05 00 01 D0 07 00 02 C4 09 00 03 03 04 9A 05 9A 05 9A 05 F1 81 88 13 00 01 D0 07 00 02 C4 09 00 03 03 04 9A 05 CF 41 D0 41 27 41 C1 40 D1 41 D2 41 31 41 BD 41 D3 41 26 40 D4 41 D5 41 C9 41 68 41 EE 40 4C 40 20 40 32 41 2C 40 F0 80 88 13 00 01 E8 03 00 02 C4 09 00 03 03 04 9A 05 00 00 00 00 00 00 00 00 00 00 00 00 00 00 00 00 00 00 00 00 00 00 00 00 00 00 00 00 00 00 00 00 00 00 00 00 00 00 00 00 00 00 00 00 00 00 00 00 00 00 00 00 00 00 00 00 00 00 00 00 00 00 00 00 00 00 00 00 00 00 00 00 00 00 00 00 00 00 00 00 00 00 00 00 00 00 00 00 00 00 69 57 9A 78 33 DB FF 97 7E
[427097][00:29:03.256]7E FF 02 FF 4E BB 42 F4 81 05 33 02 D6 D4 9E 11 00 36 01 15 02 01 00 00 69 7F 94 55 D4 9E 11 62 90 E8 04 00 C0 F2 3F C9 33 20 00 00 12 74 72 6A 07 00 00 10 02 00 00 00 00 00 00 05 00 0F 62 10 00 64 30 00 09 81 09 37 12 00 02 01 0A D0 02 BB 01 30 00 39 00 06 0A 4A CA D5 31 81 FE 14 10 C0 C7 00 52 33 00 3A 24 32 00 00 00 00 59 D2 AF 10 FE 38 00 00 24 00 0E 50 15 50 1C 50 31 50 0C 50 04 50 87 50 8A 50 93 51 34 50 36 50 08 50 40 51 D8 50 62 50 1A 50 11 50 17 50 BA 51 5D 50 29 50 39 51 75 50 7C 51 BC 50 5B 50 D9 50 9D 50 34 51 2E 50 06 50 53 50 3C 51 02 50 F8 51 CF 50 01 51 0A 51 E4 50 6D 51 44 51 68 50 49 50 68 51 DF 50 FE 51 CA 50 11 51 42 51 05 50 FA 51 2D 50 14 51 F2 50 C9 50 16 51 1A 51 A2 50 0F 40 19 41 92 41 9F 40 CB 41 AD 40 7E 40 C4 41 69 40 B0 40 E1 41 E5 41 D0 41 DC 40 8E 40 7F 40 F1 41 BE 41 A7 41 86 41 52 41 FB 41 F0 41 FC 80 7C 15 00 01 C4 09 00 02 AC 0D 00 03 03 04 9A 05 B1 F8 AC 0D 00 03 03 04 9A 05 9A 05 9A 05 9A 05 0B 40 37 41 45 41 0A 40 86 40 C2 40 F5 40 9A 40 4B 41 B9 40 02 40 72 41 EB 40 6E 40 CE 40 5A 41 57 40 49 40 35 41 EA 80 88 13 00 01 C4 09 00 02 B8 0B 00 03 03 04 9A 05 00 01 D0 07 00 02 C4 09 00 03 03 04 9A 05 9A 05 9A 05 F1 81 88 13 00 01 D0 07 00 02 C4 09 00 03 03 04 9A 05 CF 41 D0 41 27 41 C1 40 D1 41 D2 41 31 41 BD 41 D3 41 26 40 D4 41 D5 41 C9 41 68 41 EE 40 4C 40 20 40 32 41 2C 40 F0 80 88 13 00 01 E8 03 00 02 C4 09 00 03 03 04 9A 05 00 00 00 00 00 00 00 00 00 00 00 00 00 00 00 00 00 00 00 00 00 00 00 00 00 00 00 00 00 00 00 00 00 00 00 00 00 00 00 00 00 00 00 00 00 00 00 00 00 00 00 00 00 00 00 00 00 00 00 00 00 00 00 00 00 00 00 00 00 00 00 00 00 00 00 00 00 00 00 00 00 00 00 00 00 00 00 00 00 00 69 57 9A 78 E2 B0 6F 3C 7E
[427098][00:29:03.691]7E FF 02 FF 4F BB 74 F6 81 05 01 03 FD 4B 75 12 00 36 01 15 02 01 00 00 69 7F 94 AC 4B 75 12 06 90 E8 02 00 E1 F0 03 C9 33 20 00 00 12 74 72 6A 07 00 00 10 02 00 00 00 00 00 00 05 00 0F 06 70 01 00 30 00 09 04 02 59 22 16 03 01 0A D0 02 00 00 30 00 39 00 06 0A 4A CA D5 31 81 FE 14 10 C0 C7 00 52 33 00 3A 24 32 00 00 00 00 59 D2 AF 10 FE 38 00 00 24 00 0E 50 15 50 1C 50 31 50 0C 50 04 50 87 50 8A 50 93 51 34 50 36 50 08 50 40 51 D8 50 62 50 1A 50 11 50 17 50 BA 51 5D 50 29 50 39 51 75 50 7C 51 BC 50 5B 50 D9 50 9D 50 34 51 2E 50 06 50 53 50 3C 51 02 50 F8 51 CF 50 01 51 0A 51 E4 50 6D 51 44 51 68 50 49 50 68 51 DF 50 FE 51 CA 50 11 51 42 51 05 50 FA 51 2D 50 14 51 F2 50 C9 50 16 51 1A 51 A2 50 0F 40 19 41 92 41 9F 40 CB 41 AD 40 7E 40 C4 41 69 40 B0 40 E1 41 E5 41 D0 41 DC 40 8E 40 7F 40 F1 41 BE 41 A7 41 86 41 52 41 FB 41 F0 41 FC 80 7C 15 00 01 C4 09 00 02 AC 0D 00 03 03 04 9A 05 00 00 00 00 00 00 00 00 00 00 00 00 00 00 00 00 00 00 00 00 00 00 00 00 00 00 00 00 00 00 00 00 00 00 00 00 00 00 00 00 00 00 00 00 00 00 00 00 00 00 00 00 00 00 00 00 00 00 00 00 00 00 00 00 00 00 00 00 00 00 00 00 00 00 00 00 00 00 00 00 00 00 00 00 00 00 00 00 00 00 00 00 00 00 00 00 00 00 00 00 00 00 00 00 00 00 00 00 00 00 00 00 00 00 00 00 00 00 00 00 00 00 00 00 00 00 00 00 00 00 00 00 00 00 00 00 00 00 00 00 00 00 00 00 00 00 00 00 00 00 00 00 00 00 00 00 00 00 00 00 00 00 00 00 00 00 00 00 00 00 00 00 00 00 00 00 00 00 00 00 00 00 00 00 00 00 00 00 00 00 00 00 00 00 00 00 00 00 00 00 00 00 00 00 00 00 00 00 00 00 00 00 00 00 00 00 00 00 00 00 00 00 00 00 00 00 00 00 00 00 00 00 00 00 00 00 00 00 00 00 00 00 00 00 00 00 00 00 00 00 00 00 00 00 BC 0B D1 51 28 19 23 35 7E
[427099][00:29:05.532]7E FF 02 FF 50 BB 6E FD 81 05 15 02 5F AA 44 15 00 00 03 94 00 01 00 01 69 7F 94 01 E0 00 03 DC 13 79 40 00 C8 12 A6 10 00 DC 01 03 8E BA 30 3F 88 FF 00 00 33 00 00 11 03 00 00 01 02 33 03 76 20 28 0A FE FE FE FE 68 2D 00 43 05 43 85 79 09 00 30 10 AF 98 10 00 09 05 02 30 01 40 00 02 00 00 01 10 F0 D5 56 98 83 8E 08 15 8F 01 3B 87 D4 9A 8C D7 A7 F8 16 46 53 A4 1D 00 00 00 00 00 00 00 00 00 00 00 00 00 00 00 00 00 00 00 00 00 00 00 00 00 00 00 00 00 00 00 00 00 00 00 00 00 00 00 00 00 00 00 00 00 00 00 00 00 55 FC A4 FC 7E
[427100][00:29:05.578]7E FF 02 FF 51 BB FA FD 81 05 06 00 7B B9 53 15 00 FF 03 94 00 01 00 01 69 7F 94 01 E0 00 03 DC 13 79 44 00 D9 10 22 10 00 DC 01 03 8E BA 30 3F 88 FF 00 00 33 00 00 11 03 00 00 01 02 33 03 76 20 28 0A FE FE FE FE 68 2D 00 43 05 43 85 79 09 00 30 10 AF 98 10 00 09 05 02 30 01 40 00 02 00 00 01 10 F0 D5 56 98 83 8E 08 15 8F 01 3B 87 D4 9A 8C D7 A7 F8 16 46 53 A4 1D 00 00 00 00 00 00 00 00 00 00 00 00 00 00 00 00 00 00 00 00 00 00 00 00 00 00 00 00 00 00 00 00 00 00 00 00 00 00 00 00 00 00 00 00 00 00 00 00 00 1D AE 47 85 7E
[427101][00:29:05.623]7E FF 02 FF 52 BB 23 FE 81 05 12 03 7D A8 63 15 00 34 00 94 00 01 00 01 69 7F 94 06 70 01 01 FC 13 79 44 00 C0 AB 61 60 00 17 00 04 6E 36 00 4A 70 EF 04 00 33 00 00 07 00 00 00 06 00 06 00 99 00 3E 00 62 4F C3 0A 7F F5 2D 00 40 F2 C9 20 40 45 01 00 C7 88 00 04 32 81 D4 E1 23 C2 02 29 F0 B7 0B 6E 18 96 C2 00 9A 20 77 18 94 03 00 05 00 30 2C 00 00 00 00 00 00 00 00 00 04 00 00 00 00 01 13 29 17 3F 00 00 00 00 00 00 00 00 00 00 00 00 00 00 00 00 00 00 00 00 00 00 00 00 00 00 00 00 00 00 00 00 00 00 00 00 00 00 4A 5B 35 34 7E
[427102][00:29:05.652]7E FF 02 FF 53 BB 44 FE 81 05 A7 02 5D 34 70 15 00 00 03 94 00 01 00 01 69 7F 94 01 E0 00 03 DC 13 79 44 00 D9 10 22 10 00 DC 01 03 8E BA 30 3F 88 FF 00 00 33 00 00 11 03 00 00 01 02 33 03 76 20 28 0A FE FE FE FE 68 2D 00 43 05 43 85 79 09 00 30 10 AF 98 10 00 09 05 02 30 01 40 00 02 00 00 01 10 F0 D5 56 98 83 8E 08 15 8F 01 3B 87 D4 9A 8C D7 A7 F8 16 46 53 A4 1D 00 00 00 00 00 00 00 00 00 00 00 00 00 00 00 00 00 00 00 00 00 00 00 00 00 00 00 00 00 00 00 00 00 00 00 00 00 00 00 00 00 00 00 00 00 00 00 00 00 30 FD 59 EA 7E
[427103][00:29:05.728]7E FF 02 FF 54 BB 8A FE 81 05 A3 03 68 02 8B 15 00 00 03 94 00 01 00 01 69 7F 94 01 E0 00 03 DC 13 79 40 00 C8 12 A6 10 00 78 01 03 90 BA 30 3F 88 FF 00 00 33 00 00 11 03 00 00 01 02 33 03 77 20 28 0A FE FE FE FE 68 2D 00 43 05 44 85 79 09 00 30 10 B7 5F 10 00 09 05 02 31 01 40 00 02 00 00 01 10 F0 D5 56 98 83 8E 08 15 8F 01 3B 87 D4 9A 8C D7 DC FC 16 EF 32 BD C9 00 00 00 00 00 00 00 00 00 00 00 00 00 00 00 00 00 00 00 00 00 00 00 00 00 00 00 00 00 00 00 00 00 00 00 00 00 00 00 00 00 00 00 00 00 00 00 00 00 CD 41 D9 DE 7E
[427104][00:29:05.758]7E FF 02 FF 55 BB AF FE 81 05 93 00 A0 D1 98 15 00 00 03 94 00 01 00 01 69 7F 94 01 E0 00 03 DC 13 79 44 00 D9 10 22 10 00 78 01 03 90 BA 30 3F 88 FF 00 00 33 00 00 11 03 00 00 01 02 33 03 77 20 28 0A FE FE FE FE 68 2D 00 43 05 44 85 79 09 00 30 10 B7 5F 10 00 09 05 02 31 01 40 00 02 00 00 01 10 F0 D5 56 98 83 8E 08 15 8F 01 3B 87 D4 9A 8C D7 DC FC 16 EF 32 BD C9 00 00 00 00 00 00 00 00 00 00 00 00 00 00 00 00 00 00 00 00 00 00 00 00 00 00 00 00 00 00 00 00 00 00 00 00 00 00 00 00 00 00 00 00 00 00 00 00 00 0A D2 E2 AA 7E
[427105][00:29:05.804]7E FF 02 FF 56 BB EB FE 81 05 58 02 BF E5 AF 15 00 00 03 10 00 01 00 02 69 7F 94 10 D8 40 13 01 00 00 00 00 47 34 0A ED DB 4A 39 7E
[427106][00:29:05.835]7E FF 02 FF 57 BB 00 FF 81 05 08 03 BF F4 B7 15 00 00 03 94 00 01 00 01 69 7F 94 01 E0 00 03 DC 13 79 44 00 D9 10 22 10 00 78 01 03 90 BA 30 3F 88 FF 00 00 33 00 00 11 03 00 00 01 02 33 03 77 20 28 0A FE FE FE FE 68 2D 00 43 05 44 85 79 09 00 30 10 B7 5F 10 00 09 05 02 31 01 40 00 02 00 00 01 10 F0 D5 56 98 83 8E 08 15 8F 01 3B 87 D4 9A 8C D7 DC FC 16 EF 32 BD C9 00 00 00 00 00 00 00 00 00 00 00 00 00 00 00 00 00 00 00 00 00 00 00 00 00 00 00 00 00 00 00 00 00 00 00 00 00 00 00 00 00 00 00 00 00 00 00 00 00 64 4F 9B EC 7E
[427107][00:29:05.880]7E FF 02 FF 58 BB 24 FF 81 05 93 03 BF BF C5 15 00 00 03 94 00 01 00 01 69 7F 94 01 E0 00 03 DC 13 79 40 00 C8 12 A6 10 00 F3 01 03 91 BA 30 3F 88 FF 00 00 33 00 00 11 03 00 00 01 02 33 03 78 20 28 0A FE FE FE FE 68 2D 00 43 05 51 85 79 09 00 30 10 DD 1A 10 00 09 05 02 32 01 40 00 02 00 00 01 10 F0 D5 56 98 83 8E 08 15 8F 01 3B 87 D4 9A 8C D7 51 F0 16 10 E5 10 25 00 00 00 00 00 00 00 00 00 00 00 00 00 00 00 00 00 00 00 00 00 00 00 00 00 00 00 00 00 00 00 00 00 00 00 00 00 00 00 00 00 00 00 00 00 00 00 00 00 64 C8 64 D6 7E
[427108][00:29:05.940]7E FF 02 FF 59 BB FD FE 81 05 26 01 EA C6 DC 15 00 00 03 94 00 01 00 01 69 7F 94 01 E0 00 03 DC 13 79 44 00 D9 10 22 10 00 F3 01 03 91 BA 30 3F 88 FF 00 00 33 00 00 11 03 00 00 01 02 33 03 78 20 28 0A FE FE FE FE 68 2D 00 43 05 51 85 79 09 00 30 10 DD 1A 10 00 09 05 02 32 01 40 00 02 00 00 01 10 F0 D5 56 98 83 8E 08 15 8F 01 3B 87 D4 9A 8C D7 51 F0 16 10 E5 10 25 00 00 00 00 00 00 00 00 00 00 00 00 00 00 00 00 00 00 00 00 00 00 00 00 00 00 00 00 00 00 00 00 00 00 00 00 00 00 00 00 00 00 00 00 00 00 00 00 00 08 D4 BF 8D 7E
[427109][00:29:05.955]7E FF 02 FF 5A BB 8B FF 81 05 99 00 2F C3 EC 15 00 00 03 10 00 01 00 02 69 7F 94 01 01 E0 00 01 00 01 00 00 46 DF DD 54 FC 1D DA 7E
[427110][00:29:05.986]7E FF 02 FF 5B BB 8F FF 81 05 17 00 06 38 EE 15 00 00 03 94 00 01 00 01 69 7F 94 01 E0 00 03 DC 13 79 44 00 D9 10 22 10 00 F3 01 03 91 BA 30 3F 88 FF 00 00 33 00 00 11 03 00 00 01 02 33 03 78 20 28 0A FE FE FE FE 68 2D 00 43 05 51 85 79 09 00 30 10 DD 1A 10 00 09 05 02 32 01 40 00 02 00 00 01 10 F0 D5 56 98 83 8E 08 15 8F 01 3B 87 D4 9A 8C D7 51 F0 16 10 E5 10 25 00 00 00 00 00 00 00 00 00 00 00 00 00 00 00 00 00 00 00 00 00 00 00 00 00 00 00 00 00 00 00 00 00 00 00 00 00 00 00 00 00 00 00 00 00 00 00 00 00 4E 01 D5 13 7E
[427111][00:29:05.986]7E FF 02 FF 5C BB 9D FF 81 05 A6 00 03 A2 F3 15 00 00 03 10 00 01 00 03 69 7F 94 F4 0B 34 2B 00 00 00 10 02 E8 CC EC 90 D5 52 4D 7E
[427112][00:29:06.015]7E FF 02 FF 5D BB A8 FF 81 05 D4 03 F6 1E F8 15 00 37 00 94 00 01 00 01 69 7F 94 06 70 01 01 FC 13 79 44 00 C0 AB 61 60 00 17 00 04 70 36 00 4A 70 EF 04 00 33 00 00 07 00 00 00 06 00 06 00 99 00 3E 00 62 4F C3 0A 7F F5 2D 00 40 F2 C9 20 40 45 01 00 C7 88 00 04 32 81 D4 E1 23 C2 02 29 F0 B7 0B 6E 18 96 C2 00 9A 20 77 18 94 03 00 05 00 30 2C 00 00 00 00 00 00 00 00 00 04 00 00 00 00 01 13 29 17 3F 00 00 00 00 00 00 00 00 00 00 00 00 00 00 00 00 00 00 00 00 00 00 00 00 00 00 00 00 00 00 00 00 00 00 00 00 00 00 6A C9 E1 65 7E
[427113][00:29:06.120]7E FF 02 FF 5E BB 1E 00 82 05 5D 01 7D E6 24 16 00 3C 01 94 00 01 00 01 69 7F 94 06 70 01 01 FC 13 79 44 00 C0 AB 61 60 00 17 00 04 70 36 00 4A 70 EF 04 00 33 00 00 07 00 00 00 06 00 06 00 99 00 3E 00 62 4F C3 0A 7F F5 2D 00 40 F2 C9 20 40 45 01 00 C7 88 00 04 32 81 D4 E1 23 C2 02 29 F0 B7 0B 6E 18 96 C2 00 9A 20 77 18 94 03 00 05 00 30 2C 00 00 00 00 00 00 00 00 00 04 00 00 00 00 01 13 29 17 3F 00 00 00 00 00 00 00 00 00 00 00 00 00 00 00 00 00 00 00 00 00 00 00 00 00 00 00 00 00 00 00 00 00 00 00 00 00 00 41 83 99 D2 7E
[427114][00:29:06.135]7E FF 02 FF 5F BB 35 00 82 05 2F 00 D7 93 2D 16 00 3C 01 10 00 01 00 02 69 7F 94 10 D8 E0 02 01 00 00 00 00 2A 1D BB 02 11 53 16 7E
[427115][00:29:06.151]7E FF 02 FF 60 BB 47 00 82 05 1C 01 05 7C 33 16 01 23 0D 10 00 01 00 02 69 7F 94 00 01 80 0D 00 A8 00 00 00 DC 8D 82 0F A4 5D 9B 7E
[427116][00:29:06.181]7E FF 02 FF 61 BB 5F 00 82 05 AC 00 48 A4 3D 16 00 3C 01 10 00 01 00 02 69 7F 94 10 49 00 00 01 FA 00 00 00 87 E6 8F 5A EB A7 10 7E
[427117][00:29:06.181]7E FF 02 FF 62 BB 68 00 82 05 C7 03 25 64 41 16 00 3C 01 10 00 01 00 02 69 7F 94 10 D8 40 13 01 03 00 00 00 77 F4 0A 3F 9D 14 09 7E
[427118][00:29:06.212]7E FF 02 FF 63 BB 66 00 82 05 1F 01 9E BC 3E 16 01 23 10 94 00 01 00 01 69 7F 94 01 80 0D 01 E8 30 00 10 00 0E B5 D2 10 00 D8 00 05 92 BA 00 34 88 FF 00 00 33 00 00 01 00 00 00 30 00 09 03 50 21 20 00 00 12 74 72 0A 03 FF 20 2E 00 01 01 92 32 06 45 E1 93 04 00 05 00 00 00 B8 4A 00 00 00 00 00 00 00 00 00 00 00 00 00 00 B9 0B EE 3C 00 00 00 00 00 00 00 00 00 00 00 00 00 00 00 00 00 00 00 00 00 00 00 00 00 00 00 00 00 00 00 00 00 00 00 00 00 00 00 00 00 00 00 00 00 00 00 00 00 00 00 00 00 00 00 00 00 00 00 00 53 C7 8B E3 7E
[427119][00:29:06.242]7E FF 02 FF 64 BB 93 00 82 05 39 02 A0 9C 51 16 00 36 00 94 00 01 00 01 69 7F 94 D8 E0 02 01 24 14 79 44 00 F5 BC 99 80 0D 2E 00 00 1A 1A 00 34 10 FF 08 00 33 00 00 30 00 15 61 49 26 30 00 09 04 16 28 01 00 00 00 30 00 09 03 50 21 20 00 00 12 74 72 0A 03 FF 20 2E 00 01 01 92 32 06 45 E1 93 04 00 05 00 00 00 B8 4A 00 00 00 00 00 00 00 00 00 00 00 00 00 00 B9 0B EE 3C 00 00 00 00 00 00 00 00 00 00 00 00 00 00 00 00 00 00 00 00 00 00 00 00 00 00 00 00 00 00 00 00 00 00 00 00 00 00 00 00 00 00 00 00 00 00 00 00 D5 8C 56 42 7E
[427120][00:29:06.257]7E FF 02 FF 65 BB A3 00 82 05 05 03 C8 C9 57 16 00 37 00 94 00 01 00 01 69 7F 94 D8 E0 02 01 24 14 79 44 00 F5 BC 99 80 0D 2E 00 00 1A 1A 00 34 10 FF 08 00 33 00 00 30 00 15 61 49 26 30 00 09 04 16 28 01 00 00 00 30 00 09 03 50 21 20 00 00 12 74 72 0A 03 FF 20 2E 00 01 01 92 32 06 45 E1 93 04 00 05 00 00 00 B8 4A 00 00 00 00 00 00 00 00 00 00 00 00 00 00 B9 0B EE 3C 00 00 00 00 00 00 00 00 00 00 00 00 00 00 00 00 00 00 00 00 00 00 00 00 00 00 00 00 00 00 00 00 00 00 00 00 00 00 00 00 00 00 00 00 00 00 00 00 50 B1 8D 3B 7E
[427121][00:29:06.257]7E FF 02 FF 66 BB B6 00 82 05 26 01 33 E0 5E 16 00 37 00 10 00 01 00 02 69 7F 94 10 D8 E0 02 01 01 01 00 00 3A 4D FB 04 9B CC 1B 7E
[427122][00:29:06.287]7E FF 02 FF 67 BB BB 00 82 05 73 03 C4 FC 60 16 00 36 00 94 00 01 00 01 69 7F 94 D8 E0 02 01 EF 12 3D 64 00 FA 9E CA 80 0D 2E 00 00 1A 1A 00 34 10 FF 08 00 33 00 00 30 00 15 61 49 26 30 00 09 04 16 28 01 00 00 00 30 00 09 03 50 21 20 00 00 12 74 72 0A 03 FF 20 2E 00 01 01 92 32 06 45 E1 93 04 00 05 00 00 00 B8 4A 00 00 00 00 00 00 00 00 00 00 00 00 00 00 B9 0B EE 3C 00 00 00 00 00 00 00 00 00 00 00 00 00 00 00 00 00 00 00 00 00 00 00 00 00 00 00 00 00 00 00 00 00 00 00 00 00 00 00 00 00 00 00 00 00 00 00 00 E6 C6 99 18 7E
[427123][00:29:06.287]7E FF 02 FF 68 BB C8 00 82 05 5B 03 BB E9 64 16 01 23 0D 10 00 01 00 02 69 7F 94 00 01 80 0D 00 A9 00 00 00 CD CD 06 69 F8 62 03 7E
[427124][00:29:06.303]7E FF 02 FF 69 BB C7 00 82 05 F5 02 4D 86 65 16 00 3A 00 94 00 01 00 01 69 7F 94 D8 E0 02 01 24 14 79 44 00 F5 BC 99 80 0D 2E 00 00 1A 1A 00 34 10 FF 08 00 33 00 00 30 00 15 61 49 26 30 00 09 04 16 28 01 00 00 00 30 00 09 03 50 21 20 00 00 12 74 72 0A 03 FF 20 2E 00 01 01 92 32 06 45 E1 93 04 00 05 00 00 00 B8 4A 00 00 00 00 00 00 00 00 00 00 00 00 00 00 B9 0B EE 3C 00 00 00 00 00 00 00 00 00 00 00 00 00 00 00 00 00 00 00 00 00 00 00 00 00 00 00 00 00 00 00 00 00 00 00 00 00 00 00 00 00 00 00 00 00 00 00 00 57 50 9E 3B 7E
[427125][00:29:06.318]7E FF 02 FF 6A BB D8 00 82 05 E7 03 86 17 6C 16 00 39 00 94 00 01 00 01 69 7F 94 2E 80 0D 01 FC 13 79 40 00 69 CB 28 E0 02 01 00 04 C4 F2 00 5C 70 EF 0C 00 33 00 00 30 00 09 04 16 28 20 00 00 12 74 72 00 00 00 00 30 00 09 03 50 16 2E 00 00 00 00 00 00 00 00 00 39 03 00 01 47 32 06 45 E8 07 02 12 09 23 07 03 01 00 01 01 00 02 02 00 0D 00 00 09 03 31 17 6E 54 4E 59 58 17 00 17 00 00 00 00 00 07 00 00 00 91 09 67 5D DC 3F 37 62 1D 69 1A 00 00 31 44 59 58 03 FB C1 01 9C 02 01 A8 37 D9 C0 00 00 00 00 00 00 00 00 A1 2C 40 8B 7E
[427126][00:29:06.318]7E FF 02 FF 6B BB E0 00 82 05 C2 03 7B 27 6F 16 00 39 00 10 00 01 00 02 69 7F 94 10 D8 E0 02 01 00 01 00 00 2B 0D 7F CF 46 11 76 7E
[427127][00:29:06.333]7E FF 02 FF 6C BB D9 00 82 05 39 02 0F B8 6A 16 01 23 0F 94 00 01 00 01 69 7F 94 01 80 0D 01 E8 30 00 10 00 0E B5 D2 10 00 D8 00 05 93 BA 00 3E 88 FF 00 00 33 00 00 01 00 00 00 30 00 09 05 36 98 20 00 00 12 74 72 0A 03 42 21 2E 00 01 01 67 00 25 45 E1 93 04 00 01 00 00 00 B9 4A 00 00 00 00 00 00 05 00 00 00 0A 00 00 00 E3 00 2A 00 2F 00 16 10 BF 00 E8 96 76 65 00 00 00 00 00 00 00 00 00 00 00 00 00 00 00 00 00 00 00 00 00 00 00 00 00 00 00 00 00 00 00 00 00 00 00 00 00 00 00 00 00 00 00 00 00 00 00 00 00 00 DB 81 C2 50 7E
[427128][00:29:06.348]7E FF 02 FF 6D BB 0A 01 82 05 B6 02 DA 07 7E 16 01 23 0C 10 00 01 00 02 69 7F 94 00 01 80 0D 00 A7 00 00 00 2C 4D 81 73 B8 FC A6 7E
[427129][00:29:06.378]7E FF 02 FF 6E BB 1F 01 82 05 DC 01 88 FC 86 16 00 36 00 94 00 01 00 01 69 7F 94 D8 E0 02 01 24 14 79 44 00 F5 BC 99 80 0D 2E 00 00 1A 1A 00 34 10 FF 08 00 33 00 00 30 00 15 61 49 26 30 00 09 04 16 28 01 00 00 00 30 00 09 03 50 21 20 00 00 12 74 72 0A 03 FF 20 2E 00 01 01 92 32 06 45 E1 93 04 00 05 00 00 00 B8 4A 00 00 00 00 00 00 00 00 00 00 00 00 00 00 B9 0B EE 3C 00 00 00 00 00 00 00 00 00 00 00 00 00 00 00 00 00 00 00 00 00 00 00 00 00 00 00 00 00 00 00 00 00 00 00 00 00 00 00 00 00 00 00 00 00 00 00 00 54 5E 50 6F 7E
[427130][00:29:06.392]7E FF 02 FF 6F BB 26 01 82 05 8B 00 BC EA 87 16 01 23 10 94 00 01 00 01 69 7F 94 01 80 0D 01 E8 30 00 10 00 0E B5 D2 10 00 D8 00 05 94 BA 00 34 88 FF 00 00 33 00 00 01 00 00 00 30 00 09 03 50 16 20 00 00 12 74 72 0A 03 EB 20 2E 00 01 01 47 32 06 45 E1 93 04 00 07 00 00 00 BA 4A 00 00 00 00 00 00 00 00 00 00 00 00 00 00 EF 5A D3 46 00 00 00 00 00 00 00 00 00 00 00 00 00 00 00 00 00 00 00 00 00 00 00 00 00 00 00 00 00 00 00 00 00 00 00 00 00 00 00 00 00 00 00 00 00 00 00 00 00 00 00 00 00 00 00 00 00 00 00 00 1C 5B 5B ED 7E
[427131][00:29:06.422]7E FF 02 FF 70 BB 42 01 82 05 59 03 A2 79 94 16 00 35 00 94 00 01 00 01 69 7F 94 D8 E0 02 01 24 14 79 44 00 F5 BC 99 80 0D 2E 00 00 1A 1A 00 34 10 FF 08 00 33 00 00 30 00 15 61 49 26 30 00 09 04 16 28 01 00 00 00 30 00 09 03 50 21 20 00 00 12 74 72 0A 03 FF 20 2E 00 01 01 92 32 06 45 E1 93 04 00 05 00 00 00 B8 4A 00 00 00 00 00 00 00 00 00 00 00 00 00 00 B9 0B EE 3C 00 00 00 00 00 00 00 00 00 00 00 00 00 00 00 00 00 00 00 00 00 00 00 00 00 00 00 00 00 00 00 00 00 00 00 00 00 00 00 00 00 00 00 00 00 00 00 00 08 EE F5 97 7E
[427132][00:29:06.437]7E FF 02 FF 71 BB 50 01 82 05 C4 01 59 A9 99 16 00 3A 00 94 00 01 00 01 69 7F 94 D8 E0 02 01 EF 12 3D 64 00 FA 9E CA 80 0D 2E 00 00 1A 1A 00 34 10 FF 08 00 33 00 00 30 00 15 61 49 26 30 00 09 04 16 28 01 00 00 00 30 00 09 03 50 21 20 00 00 12 74 72 0A 03 FF 20 2E 00 01 01 92 32 06 45 E1 93 04 00 05 00 00 00 B8 4A 00 00 00 00 00 00 00 00 00 00 00 00 00 00 B9 0B EE 3C 00 00 00 00 00 00 00 00 00 00 00 00 00 00 00 00 00 00 00 00 00 00 00 00 00 00 00 00 00 00 00 00 00 00 00 00 00 00 00 00 00 00 00 00 00 00 00 00 CB 43 24 B1 7E
[427133][00:29:06.452]7E FF 02 FF 72 BB 62 01 82 05 3C 03 C5 AB A0 16 00 37 00 94 00 01 00 01 69 7F 94 D8 E0 02 01 EF 12 3D 60 00 EB 9C 4E 80 0D 2E 00 00 1B 1A 00 3E 10 FF 08 00 33 00 00 30 00 15 61 49 26 30 00 09 04 16 28 01 00 00 00 30 00 09 05 36 98 20 00 00 12 74 72 0A 03 42 21 2E 00 01 01 67 00 25 45 E1 93 04 00 01 00 00 00 B9 4A 00 00 00 00 00 00 05 00 00 00 0A 00 00 00 E3 00 2A 00 2F 00 16 10 BF 00 E8 96 76 65 00 00 00 00 00 00 00 00 00 00 00 00 00 00 00 00 00 00 00 00 00 00 00 00 00 00 00 00 00 00 00 00 00 00 00 00 00 00 FF 4D 21 F6 7E
[427134][00:29:06.467]7E FF 02 FF 73 BB 6F 01 82 05 98 03 46 AA A5 16 00 3C 00 94 00 01 00 01 69 7F 94 D8 E0 02 01 24 14 79 44 00 F5 BC 99 80 0D 2E 00 00 1B 1A 00 3E 10 FF 08 00 33 00 00 30 00 15 61 49 26 30 00 09 04 16 28 01 00 00 00 30 00 09 05 36 98 20 00 00 12 74 72 0A 03 42 21 2E 00 01 01 67 00 25 45 E1 93 04 00 01 00 00 00 B9 4A 00 00 00 00 00 00 05 00 00 00 0A 00 00 00 E3 00 2A 00 2F 00 16 10 BF 00 E8 96 76 65 00 00 00 00 00 00 00 00 00 00 00 00 00 00 00 00 00 00 00 00 00 00 00 00 00 00 00 00 00 00 00 00 00 00 00 00 00 00 64 DE 38 05 7E
[427135][00:29:06.497]7E FF 02 FF 74 BB 8E 01 82 05 D9 00 A1 3B B1 16 00 39 00 94 00 01 00 01 69 7F 94 2E 80 0D 01 FC 13 79 44 00 78 C9 AC E0 02 01 00 04 C4 F2 00 5C 70 EF 0C 00 33 00 00 30 00 09 04 16 28 20 00 00 12 74 72 00 00 00 00 30 00 09 03 50 16 2E 00 00 00 00 00 00 00 00 00 39 03 00 01 47 32 06 45 E8 07 02 12 09 23 07 03 01 00 01 01 00 02 02 00 0D 00 00 09 03 31 17 6E 54 4E 59 58 17 00 17 00 00 00 00 00 07 00 00 00 91 09 67 5D DC 3F 37 62 1D 69 1A 00 00 31 44 59 58 03 FB C1 01 9C 02 01 A8 37 D9 C0 00 00 00 00 00 00 00 00 74 22 3B DF 7E
[427136][00:29:06.498]7E FF 02 FF 75 BB 96 01 82 05 AD 00 85 47 B4 16 00 39 00 10 00 01 00 02 69 7F 94 10 D8 E0 02 01 02 02 00 00 0A BD 3B 41 4B 5F 73 7E
[427137][00:29:06.527]7E FF 02 FF 76 BB A0 01 82 05 57 01 F7 23 B8 16 00 3B 00 14 01 01 00 01 69 7F 94 06 F0 FF 01 E5 14 EB C2 00 E9 E5 42 60 00 FF 2F 01 71 36 00 71 70 01 04 00 33 00 00 08 00 00 00 06 70 01 22 30 00 09 04 02 59 20 00 00 12 74 72 39 16 00 00 1C 00 0A 01 07 00 2F 00 00 00 00 00 17 30 00 04 01 00 32 00 0C 00 40 82 00 00 40 00 00 00 41 00 00 00 00 00 80 C0 00 00 00 20 00 03 02 02 08 02 00 00 00 00 04 00 80 00 00 05 00 00 04 01 02 02 03 01 03 04 02 03 01 06 04 03 04 03 03 02 01 03 01 01 03 02 01 05 04 02 02 12 C6 A9 8A 00 00 00 00 00 00 00 00 00 00 00 00 00 00 00 00 00 00 00 00 00 00 00 00 00 00 00 00 00 00 00 00 00 00 00 00 00 00 00 00 00 00 00 00 00 00 00 00 00 00 00 00 00 00 00 00 00 00 00 00 00 00 00 00 00 00 00 00 00 00 00 00 00 00 00 00 00 00 00 00 00 00 00 00 00 00 00 00 00 00 00 00 00 00 00 00 00 00 00 00 00 00 00 00 00 00 00 00 00 00 00 00 00 00 00 00 00 00 00 00 00 00 00 00 00 00 00 76 97 C4 1D 7E
[427138][00:29:06.557]7E FF 02 FF 77 BB C9 01 82 05 0F 00 E1 A7 C7 16 00 36 00 94 00 01 00 01 69 7F 94 D8 E0 02 01 24 14 79 44 00 F5 BC 99 80 0D 2E 00 00 1C 1A 00 34 10 FF 08 00 33 00 00 30 00 15 61 49 26 30 00 09 04 16 28 01 00 00 00 30 00 09 03 50 16 20 00 00 12 74 72 0A 03 EB 20 2E 00 01 01 47 32 06 45 E1 93 04 00 07 00 00 00 BA 4A 00 00 00 00 00 00 00 00 00 00 00 00 00 00 EF 5A D3 46 00 00 00 00 00 00 00 00 00 00 00 00 00 00 00 00 00 00 00 00 00 00 00 00 00 00 00 00 00 00 00 00 00 00 00 00 00 00 00 00 00 00 00 00 00 00 00 00 68 11 B7 F4 7E
[427139][00:29:06.572]7E FF 02 FF 78 BB DD 01 82 05 F2 01 95 77 CF 16 00 36 00 94 00 01 00 01 69 7F 94 D8 E0 02 01 24 14 79 44 00 F5 BC 99 80 0D 2E 00 00 1C 1A 00 34 10 FF 08 00 33 00 00 30 00 15 61 49 26 30 00 09 04 16 28 01 00 00 00 30 00 09 03 50 16 20 00 00 12 74 72 0A 03 EB 20 2E 00 01 01 47 32 06 45 E1 93 04 00 07 00 00 00 BA 4A 00 00 00 00 00 00 00 00 00 00 00 00 00 00 EF 5A D3 46 00 00 00 00 00 00 00 00 00 00 00 00 00 00 00 00 00 00 00 00 00 00 00 00 00 00 00 00 00 00 00 00 00 00 00 00 00 00 00 00 00 00 00 00 00 00 00 00 70 D7 08 5D 7E
[427140][00:29:06.587]7E FF 02 FF 79 BB F2 01 82 05 AE 03 60 A5 D7 16 00 38 00 94 00 01 00 01 69 7F 94 D8 E0 02 01 EF 12 3D 64 00 FA 9E CA 80 0D 2E 00 00 1C 1A 00 34 10 FF 08 00 33 00 00 30 00 15 61 49 26 30 00 09 04 16 28 01 00 00 00 30 00 09 03 50 16 20 00 00 12 74 72 0A 03 EB 20 2E 00 01 01 47 32 06 45 E1 93 04 00 07 00 00 00 BA 4A 00 00 00 00 00 00 00 00 00 00 00 00 00 00 EF 5A D3 46 00 00 00 00 00 00 00 00 00 00 00 00 00 00 00 00 00 00 00 00 00 00 00 00 00 00 00 00 00 00 00 00 00 00 00 00 00 00 00 00 00 00 00 00 00 00 00 00 2F 6F 10 77 7E
[427141][00:29:06.647]7E FF 02 FF 7A BB 24 02 82 05 1B 00 B5 60 EA 16 00 38 00 94 00 01 00 01 69 7F 94 D8 E0 02 01 EF 12 3D 64 00 FA 9E CA 80 0D 2E 00 00 1C 1A 00 34 10 FF 08 00 33 00 00 30 00 15 61 49 26 30 00 09 04 16 28 01 00 00 00 30 00 09 03 50 16 20 00 00 12 74 72 0A 03 EB 20 2E 00 01 01 47 32 06 45 E1 93 04 00 07 00 00 00 BA 4A 00 00 00 00 00 00 00 00 00 00 00 00 00 00 EF 5A D3 46 00 00 00 00 00 00 00 00 00 00 00 00 00 00 00 00 00 00 00 00 00 00 00 00 00 00 00 00 00 00 00 00 00 00 00 00 00 00 00 00 00 00 00 00 00 00 00 00 3A CB 60 B8 7E
[427142][00:29:06.662]7E FF 02 FF 7B BB 43 02 82 05 9B 00 DA 45 F6 16 00 38 00 10 00 01 00 02 69 7F 94 10 D8 E0 02 01 04 00 00 00 6B 1D 3E 3F 17 0A 69 7E
[427143][00:29:06.677]7E FF 02 FF 7C BB 55 02 82 05 2E 01 E2 25 FC 16 01 22 0C 10 00 01 00 02 69 7F 94 00 01 80 0D 00 A8 00 00 00 DC 8D 82 8F CF 83 D5 7E
[427144][00:29:06.722]7E FF 02 FF 7D BB 6B 02 82 05 64 02 59 16 04 17 01 22 10 94 00 01 00 01 69 7F 94 01 80 0D 01 E8 30 00 10 00 0E B5 D2 10 00 D8 00 05 95 BA 00 34 88 FF 00 00 33 00 00 01 00 00 00 30 00 09 05 36 97 20 00 00 12 74 72 0A 03 DE 20 2E 00 01 01 50 00 25 45 E1 93 04 00 01 00 00 00 BB 4A 00 00 00 00 00 00 00 00 00 00 00 00 00 00 74 A5 81 B2 00 00 00 00 00 00 00 00 00 00 00 00 00 00 00 00 00 00 00 00 00 00 00 00 00 00 00 00 00 00 00 00 00 00 00 00 00 00 00 00 00 00 00 00 00 00 00 00 00 00 00 00 00 00 00 00 00 00 00 00 57 80 F7 1E 7E
[427145][00:29:06.811]7E FF 02 FF 7E BB CE 02 82 05 26 01 7C 53 2B 17 00 3B 00 94 00 01 00 01 69 7F 94 2E F0 FF 01 99 12 79 46 00 F8 1A 11 E0 02 FF 2F 03 C7 F2 00 3E 70 EF 04 00 33 00 00 01 00 00 00 30 00 09 05 36 98 20 00 00 12 74 72 0A 03 42 21 2E 00 01 01 67 00 25 45 E1 93 04 00 01 00 00 00 B9 4A 00 00 00 00 00 00 05 00 00 00 0A 00 00 00 E3 00 2A 00 2F 00 16 10 BF 00 E8 96 76 65 00 00 00 00 00 00 00 00 00 00 00 00 00 00 00 00 00 00 00 00 00 00 00 00 00 00 00 00 00 00 00 00 00 00 00 00 00 00 00 00 00 00 00 00 00 00 00 00 00 00 40 E3 9B 60 7E
[427146][00:29:06.826]7E FF 02 FF 7F BB DB 02 82 05 AE 02 21 6E 30 17 00 39 00 94 00 01 00 01 69 7F 94 2E F0 FF 01 99 12 79 42 00 E9 18 95 E0 02 FF 2F 03 C8 F2 00 34 70 EF 04 00 33 00 00 01 00 00 00 30 00 09 03 50 16 20 00 00 12 74 72 0A 03 EB 20 2E 00 01 01 47 32 06 45 E1 93 04 00 07 00 00 00 BA 4A 00 00 00 00 00 00 00 00 00 00 00 00 00 00 EF 5A D3 46 00 00 00 00 00 00 00 00 00 00 00 00 00 00 00 00 00 00 00 00 00 00 00 00 00 00 00 00 00 00 00 00 00 00 00 00 00 00 00 00 00 00 00 00 00 00 00 00 00 00 00 00 00 00 00 00 00 00 00 00 CC F1 54 B1 7E
[427147][00:29:06.841]7E FF 02 FF 80 BB EF 02 82 05 7A 02 D5 0F 38 17 00 39 00 10 00 01 00 02 69 7F 94 10 2E 00 00 01 1F 00 00 00 53 C3 A6 9D B8 87 B4 7E
[427148][00:29:06.841]7E FF 02 FF 81 BB FE 02 82 05 C6 03 47 E9 3D 17 00 39 00 10 00 01 00 02 69 7F 94 10 34 D1 16 01 07 00 00 00 B1 99 35 E9 9E AF D4 7E
[427149][00:29:06.962]7E FF 02 FF 82 BB 60 03 82 05 CD 00 0C FE 62 17 00 39 00 94 00 01 00 01 69 7F 94 06 70 01 01 FC 13 79 44 00 C0 AB 61 60 00 01 00 04 72 36 00 5C 70 EF 0C 00 33 00 00 30 00 09 04 02 59 20 00 00 12 74 72 00 00 00 00 30 00 09 05 35 33 06 00 00 00 00 00 00 00 00 00 39 03 00 01 15 84 24 45 E8 07 02 12 09 23 07 03 01 00 01 01 00 02 02 00 0D 00 00 09 03 31 17 6E 54 4E 59 58 0F 00 0F 00 00 00 00 00 01 00 00 00 CA 47 E7 52 B5 81 DA E7 68 A1 1B 00 00 31 44 59 58 03 FB C1 01 9C 02 01 15 57 A7 43 00 00 00 00 00 00 00 00 52 42 35 43 7E
[427150][00:29:07.037]7E FF 02 FF 83 BB B7 03 82 05 68 02 3E 4E 83 17 01 23 0C 10 00 01 00 02 69 7F 94 00 01 80 0D 00 A8 00 00 00 DC 8D 82 FA B1 E1 67 7E
[427151][00:29:07.097]7E FF 02 FF 84 BB DD 03 82 05 20 02 B4 33 91 17 01 23 0F 94 00 01 00 01 69 7F 94 01 80 0D 01 E8 30 00 10 00 0E B5 D2 10 00 D8 00 05 96 BA 00 34 88 FF 00 00 33 00 00 01 00 00 00 30 00 09 04 15 81 20 00 00 12 74 72 0A 03 57 21 2E 00 01 01 92 88 12 45 E1 93 04 00 03 00 00 00 BC 4A 00 00 00 00 00 00 00 00 00 00 00 00 00 00 14 BE C0 F0 00 00 00 00 00 00 00 00 00 00 00 00 00 00 00 00 00 00 00 00 00 00 00 00 00 00 00 00 00 00 00 00 00 00 00 00 00 00 00 00 00 00 00 00 00 00 00 00 00 00 00 00 00 00 00 00 00 00 00 00 87 C0 E2 B4 7E
[427152][00:29:07.112]7E FF 02 FF 85 BB F0 03 82 05 66 02 62 11 9A 17 00 38 00 94 00 01 00 01 69 7F 94 D8 E0 02 01 EF 12 3D 60 00 EB 9C 4E 80 0D 2E 00 00 1E 1A 00 34 10 FF 08 00 33 00 00 30 00 15 61 49 26 30 00 09 04 16 28 01 00 00 00 30 00 09 04 15 81 20 00 00 12 74 72 0A 03 57 21 2E 00 01 01 92 88 12 45 E1 93 04 00 03 00 00 00 BC 4A 00 00 00 00 00 00 00 00 00 00 00 00 00 00 14 BE C0 F0 00 00 00 00 00 00 00 00 00 00 00 00 00 00 00 00 00 00 00 00 00 00 00 00 00 00 00 00 00 00 00 00 00 00 00 00 00 00 00 00 00 00 00 00 00 00 00 00 74 44 D6 47 7E
[427153][00:29:07.127]7E FF 02 FF 86 BB 02 04 82 05 D0 02 F6 F9 A0 17 00 38 00 94 00 01 00 01 69 7F 94 D8 E0 02 01 24 14 79 44 00 F5 BC 99 80 0D 2E 00 00 1E 1A 00 34 10 FF 08 00 33 00 00 30 00 15 61 49 26 30 00 09 04 16 28 01 00 00 00 30 00 09 04 15 81 20 00 00 12 74 72 0A 03 57 21 2E 00 01 01 92 88 12 45 E1 93 04 00 03 00 00 00 BC 4A 00 00 00 00 00 00 00 00 00 00 00 00 00 00 14 BE C0 F0 00 00 00 00 00 00 00 00 00 00 00 00 00 00 00 00 00 00 00 00 00 00 00 00 00 00 00 00 00 00 00 00 00 00 00 00 00 00 00 00 00 00 00 00 00 00 00 00 87 B5 8D C8 7E
[427154][00:29:07.142]7E FF 02 FF 87 BB 0F 04 82 05 BB 01 E0 D4 A5 17 00 3A 00 94 00 01 00 01 69 7F 94 2E F0 FF 01 99 12 79 42 00 E9 18 95 E0 02 FF 2F 03 CB F2 00 34 70 EF 04 00 33 00 00 01 00 00 00 30 00 09 04 15 81 20 00 00 12 74 72 0A 03 57 21 2E 00 01 01 92 88 12 45 E1 93 04 00 03 00 00 00 BC 4A 00 00 00 00 00 00 00 00 00 00 00 00 00 00 14 BE C0 F0 00 00 00 00 00 00 00 00 00 00 00 00 00 00 00 00 00 00 00 00 00 00 00 00 00 00 00 00 00 00 00 00 00 00 00 00 00 00 00 00 00 00 00 00 00 00 00 00 00 00 00 00 00 00 00 00 00 00 00 00 C8 2D DC 46 7E
[427155][00:29:07.157]7E FF 02 FF 88 BB 27 04 82 05 01 03 6E 1C AF 17 00 FE 03 94 00 01 00 01 69 7F 94 01 70 01 03 DC 13 79 40 00 55 B1 53 10 00 2B 01 03 98 BA 30 3F 88 FF 00 00 33 00 00 11 03 00 00 01 02 33 03 6D 20 28 0A FE FE FE FE 68 2D 00 43 05 44 44 05 09 00 30 10 2C 3E 10 00 09 05 02 27 01 40 00 02 00 00 01 10 F0 D5 56 98 83 8E 08 15 8F 01 3B 87 D4 9A 8C D7 76 A2 16 95 0E 3D EB 00 00 00 00 00 00 00 00 00 00 00 00 00 00 00 00 00 00 00 00 00 00 00 00 00 00 00 00 00 00 00 00 00 00 00 00 00 00 00 00 00 00 00 00 00 00 00 00 00 3A C2 4F 1A 7E
[427156][00:29:07.172]7E FF 02 FF 89 BB 43 04 82 05 7C 01 7D A9 B9 17 00 FE 03 10 00 01 00 02 69 7F 94 01 05 D0 02 01 05 00 00 00 9F AA 4C 6B 80 75 29 7E
[427157][00:29:07.202]7E FF 02 FF 8A BB 4C 04 82 05 1D 00 F1 F1 BC 17 00 FD 03 94 00 01 00 01 69 7F 94 01 70 01 03 DC 13 79 44 00 44 B3 D7 10 00 2B 01 03 98 BA 30 3F 88 FF 00 00 33 00 00 11 03 00 00 01 02 33 03 6D 20 28 0A FE FE FE FE 68 2D 00 43 05 44 44 05 09 00 30 10 2C 3E 10 00 09 05 02 27 01 40 00 02 00 00 01 10 F0 D5 56 98 83 8E 08 15 8F 01 3B 87 D4 9A 8C D7 76 A2 16 95 0E 3D EB 00 00 00 00 00 00 00 00 00 00 00 00 00 00 00 00 00 00 00 00 00 00 00 00 00 00 00 00 00 00 00 00 00 00 00 00 00 00 00 00 00 00 00 00 00 00 00 00 00 3B E7 7F 96 7E
[427158][00:29:07.232]7E FF 02 FF 8B BB 57 04 82 05 68 01 2F 43 C1 17 00 37 00 14 01 01 00 01 69 7F 94 21 F0 FF 01 E5 14 EB C2 00 CB E5 A6 10 02 FF 2F 01 C5 6C 00 90 78 01 04 00 33 00 00 08 00 00 00 21 70 01 21 30 00 09 05 35 35 20 00 00 12 74 72 39 1D 00 00 3B 00 08 01 06 00 2F 00 00 00 00 00 17 30 60 0E C1 02 5D 90 2D 00 40 C0 41 00 40 01 00 00 01 80 00 00 02 00 C0 E1 00 00 00 20 40 82 02 28 18 94 00 00 0A 00 40 10 94 02 00 01 00 20 20 03 02 02 03 01 01 03 03 02 01 03 02 02 03 06 01 02 04 02 02 04 01 01 01 01 03 03 05 01 01 01 01 01 01 04 04 01 01 02 01 01 01 03 04 02 01 01 01 01 01 01 01 01 05 01 02 04 01 01 92 1D EB A5 00 00 00 00 00 00 00 00 00 00 00 00 00 00 00 00 00 00 00 00 00 00 00 00 00 00 00 00 00 00 00 00 00 00 00 00 00 00 00 00 00 00 00 00 00 00 00 00 00 00 00 00 00 00 00 00 00 00 00 00 00 00 00 00 00 00 00 00 00 00 00 00 00 00 00 00 00 00 00 00 00 00 00 00 00 00 00 00 00 00 00 00 00 00 00 00 72 08 93 82 7E
[427159][00:29:07.247]7E FF 02 FF 8C BB 66 04 82 05 D5 03 27 39 C7 17 00 3A 00 94 00 01 00 01 69 7F 94 2E F0 FF 01 99 12 79 46 00 F8 1A 11 E0 02 FF 2F 03 CB F2 00 34 70 EF 04 00 33 00 00 01 00 00 00 30 00 09 04 15 81 20 00 00 12 74 72 0A 03 57 21 2E 00 01 01 92 88 12 45 E1 93 04 00 03 00 00 00 BC 4A 00 00 00 00 00 00 00 00 00 00 00 00 00 00 14 BE C0 F0 00 00 00 00 00 00 00 00 00 00 00 00 00 00 00 00 00 00 00 00 00 00 00 00 00 00 00 00 00 00 00 00 00 00 00 00 00 00 00 00 00 00 00 00 00 00 00 00 00 00 00 00 00 00 00 00 00 00 00 00 CA FE 88 D3 7E
[427160][00:29:07.292]7E FF 02 FF 8D BB A7 04 82 05 EC 00 37 BB DF 17 00 FD 03 94 00 01 00 01 69 7F 94 01 70 01 03 DC 13 79 44 00 44 B3 D7 10 00 2B 01 03 98 BA 30 3F 88 FF 00 00 33 00 00 11 03 00 00 01 02 33 03 6D 20 28 0A FE FE FE FE 68 2D 00 43 05 44 44 05 09 00 30 10 2C 3E 10 00 09 05 02 27 01 40 00 02 00 00 01 10 F0 D5 56 98 83 8E 08 15 8F 01 3B 87 D4 9A 8C D7 76 A2 16 95 0E 3D EB 00 00 00 00 00 00 00 00 00 00 00 00 00 00 00 00 00 00 00 00 00 00 00 00 00 00 00 00 00 00 00 00 00 00 00 00 00 00 00 00 00 00 00 00 00 00 00 00 00 C1 8A E6 DD 7E
[427161][00:29:07.307]7E FF 02 FF 8E BB B1 04 82 05 8E 00 56 83 E3 17 00 39 00 94 00 01 00 01 69 7F 94 2E 80 0D 01 FC 13 79 40 00 69 CB 28 E0 02 D8 00 04 CC F2 00 4B 70 EF 04 00 33 00 00 07 00 00 00 2E 00 2E 00 C5 00 3F 00 60 4F C3 0A 7F FD 2D 00 40 F2 C9 00 40 69 01 40 CF 88 00 04 BE C0 D6 E3 68 D7 2A AD 72 B7 77 7E 18 96 52 04 9A 20 77 18 B4 1B 01 05 00 31 6C 00 00 00 00 00 00 00 00 00 00 00 00 00 00 00 01 59 24 49 1B 00 00 00 00 00 00 00 00 00 00 00 00 00 00 00 00 00 00 00 00 00 00 00 00 00 00 00 00 00 00 00 00 00 00 00 00 00 68 D1 53 44 7E
[427162][00:29:07.307]7E FF 02 FF 8F BB B8 04 82 05 98 03 D5 81 E6 17 00 39 00 10 00 01 00 02 69 7F 94 10 D8 E0 02 01 04 00 00 00 6B 1D 3E 1B 09 2F 61 7E
[427163][00:29:07.338]7E FF 02 FF 90 BB 76 04 82 05 B6 03 42 76 F3 17 00 35 00 94 00 01 00 01 69 7F 94 06 70 01 01 FC 13 79 44 00 C0 AB 61 60 00 01 00 04 72 36 00 5C 70 EF 0C 00 33 00 00 30 00 09 04 02 59 20 00 00 12 74 72 00 00 00 00 30 00 09 05 35 33 06 00 00 00 00 00 00 00 00 00 39 03 00 01 15 84 24 45 E8 07 02 12 09 23 07 03 01 00 01 01 00 02 02 00 0D 00 00 09 03 31 17 6E 54 4E 59 58 0F 00 0F 00 00 00 00 00 01 00 00 00 CA 47 E7 52 B5 81 DA E7 68 A1 1B 00 00 31 44 59 58 03 FB C1 01 9C 02 01 15 57 A7 43 00 00 00 00 00 00 00 00 8A 39 A1 15 7E
[427164][00:29:07.353]7E FF 02 FF 91 BB E6 04 82 05 C8 03 86 0C F8 17 00 39 00 94 00 01 00 01 69 7F 94 49 40 13 01 FC 13 79 44 00 22 CF B5 90 04 01 00 04 86 B2 00 5C 70 EF 0C 00 33 00 00 30 00 09 03 55 07 20 00 00 12 74 72 00 00 00 00 30 00 09 04 32 19 49 00 00 00 00 00 00 00 00 00 39 03 00 01 71 52 14 45 E8 07 02 12 09 23 07 03 01 00 01 01 00 02 02 00 0D 00 00 09 03 31 17 6E 54 4E 59 58 0E 00 0E 00 00 00 00 00 01 00 00 00 34 BA EE 30 42 89 E1 D2 51 85 1A 00 00 31 44 59 58 03 FB C1 01 9C 02 01 39 BD BD 62 00 00 00 00 00 00 00 00 68 71 6F CD 7E
[427165][00:29:07.353]7E FF 02 FF 92 BB F8 04 82 05 BD 00 51 A3 FE 17 00 39 00 10 00 01 00 02 69 7F 94 10 D8 40 13 01 01 00 00 00 56 74 8E E3 23 7D 0C 7E
[427166][00:29:07.368]7E FF 02 FF 93 BB 0A 05 82 05 45 01 BC 83 04 18 01 22 0C 10 00 01 00 02 69 7F 94 00 01 80 0D 00 A8 02 00 00 DD AD 86 89 26 26 B2 7E
[427167][00:29:07.413]7E FF 02 FF 94 BB 22 05 82 05 DD 02 CB 3F 0D 18 01 23 0F 94 00 01 00 01 69 7F 94 01 80 0D 01 E8 30 00 10 00 0E B5 D2 10 00 D8 00 05 9A BA 00 34 88 FF 00 00 33 00 00 01 00 00 00 30 00 09 03 51 39 20 00 00 12 74 72 0A 03 0F 21 34 01 01 01 73 44 06 45 E1 93 04 00 01 00 00 00 BD 4A 00 00 00 00 00 00 00 00 00 00 00 00 00 00 53 F6 D5 51 00 00 00 00 00 00 00 00 00 00 00 00 00 00 00 00 00 00 00 00 00 00 00 00 00 00 00 00 00 00 00 00 00 00 00 00 00 00 00 00 00 00 00 00 00 00 00 00 00 00 00 00 00 00 00 00 00 00 00 00 9D E0 47 35 7E
[427168][00:29:07.428]7E FF 02 FF 95 BB D9 04 82 05 D8 02 A8 23 19 18 00 35 00 94 00 01 00 01 69 7F 94 D8 40 13 01 EF 12 3D 60 00 C3 19 FD 80 0D 34 01 00 1F 1A 00 34 10 FF 08 00 33 00 00 30 00 15 61 49 26 30 00 09 03 54 73 01 00 00 00 30 00 09 03 51 39 20 00 00 12 74 72 0A 03 0F 21 34 01 01 01 73 44 06 45 E1 93 04 00 01 00 00 00 BD 4A 00 00 00 00 00 00 00 00 00 00 00 00 00 00 53 F6 D5 51 00 00 00 00 00 00 00 00 00 00 00 00 00 00 00 00 00 00 00 00 00 00 00 00 00 00 00 00 00 00 00 00 00 00 00 00 00 00 00 00 00 00 00 00 00 00 00 00 2F EC AE 2D 7E
[427169][00:29:07.458]7E FF 02 FF 96 BB 4F 05 82 05 CA 00 1C CF 1F 18 00 36 00 94 00 01 00 01 69 7F 94 D8 40 13 01 24 14 79 44 00 DD 39 2A 80 0D 34 01 00 1F 1A 00 34 10 FF 08 00 33 00 00 30 00 15 61 49 26 30 00 09 03 54 73 01 00 00 00 30 00 09 03 51 39 20 00 00 12 74 72 0A 03 0F 21 34 01 01 01 73 44 06 45 E1 93 04 00 01 00 00 00 BD 4A 00 00 00 00 00 00 00 00 00 00 00 00 00 00 53 F6 D5 51 00 00 00 00 00 00 00 00 00 00 00 00 00 00 00 00 00 00 00 00 00 00 00 00 00 00 00 00 00 00 00 00 00 00 00 00 00 00 00 00 00 00 00 00 00 00 00 00 8B 11 83 29 7E
[427170][00:29:07.488]7E FF 02 FF 97 BB 70 05 82 05 69 02 3E 8F 2C 18 00 38 00 94 00 01 00 01 69 7F 94 D8 40 13 01 24 14 79 44 00 DD 39 2A 80 0D 34 01 00 1F 1A 00 34 10 FF 08 00 33 00 00 30 00 15 61 49 26 30 00 09 03 54 73 01 00 00 00 30 00 09 03 51 39 20 00 00 12 74 72 0A 03 0F 21 34 01 01 01 73 44 06 45 E1 93 04 00 01 00 00 00 BD 4A 00 00 00 00 00 00 00 00 00 00 00 00 00 00 53 F6 D5 51 00 00 00 00 00 00 00 00 00 00 00 00 00 00 00 00 00 00 00 00 00 00 00 00 00 00 00 00 00 00 00 00 00 00 00 00 00 00 00 00 00 00 00 00 00 00 00 00 1F DC D6 35 7E
[427171][00:29:07.548]7E FF 02 FF 98 BB A7 05 82 05 2C 00 90 51 41 18 00 00 03 94 00 01 00 01 69 7F 94 01 E0 00 03 DC 13 79 40 00 C8 12 A6 10 00 DC 01 03 97 BA 30 3F 88 FF 00 00 33 00 00 11 03 00 00 01 02 33 03 76 20 28 0A FE FE FE FE 68 2D 00 43 05 43 85 79 09 00 30 10 AF 98 10 00 09 05 02 30 01 40 00 02 00 00 01 10 F0 D5 56 98 83 8E 08 15 8F 01 3B 87 D4 9A 8C D7 A7 F8 16 46 53 A4 1D 00 00 00 00 00 00 00 00 00 00 00 00 00 00 00 00 00 00 00 00 00 00 00 00 00 00 00 00 00 00 00 00 00 00 00 00 00 00 00 00 00 00 00 00 00 00 00 00 00 CB 09 BD 71 7E
[427172][00:29:07.563]7E FF 02 FF 99 BB BD 05 82 05 93 02 10 F1 49 18 00 38 00 94 00 01 00 01 69 7F 94 D8 40 13 01 EF 12 3D 64 00 D2 1B 79 80 0D 34 01 00 1F 1A 00 34 10 FF 08 00 33 00 00 30 00 15 61 49 26 30 00 09 03 54 73 01 00 00 00 30 00 09 03 51 39 20 00 00 12 74 72 0A 03 0F 21 34 01 01 01 73 44 06 45 E1 93 04 00 01 00 00 00 BD 4A 00 00 00 00 00 00 00 00 00 00 00 00 00 00 53 F6 D5 51 00 00 00 00 00 00 00 00 00 00 00 00 00 00 00 00 00 00 00 00 00 00 00 00 00 00 00 00 00 00 00 00 00 00 00 00 00 00 00 00 00 00 00 00 00 00 00 00 87 22 FB 12 7E
[427173][00:29:07.563]7E FF 02 FF 9A BB D1 05 82 05 66 01 01 7B 51 18 00 38 00 10 00 01 00 02 69 7F 94 10 01 E0 00 01 00 02 00 00 54 EF 81 63 0C 8E 2B 7E
[427174][00:29:07.594]7E FF 02 FF 9B BB D6 05 82 05 51 01 FC 5B 53 18 00 00 03 94 00 01 00 01 69 7F 94 01 E0 00 03 DC 13 79 44 00 D9 10 22 10 00 DC 01 03 97 BA 30 3F 88 FF 00 00 33 00 00 11 03 00 00 01 02 33 03 76 20 28 0A FE FE FE FE 68 2D 00 43 05 43 85 79 09 00 30 10 AF 98 10 00 09 05 02 30 01 40 00 02 00 00 01 10 F0 D5 56 98 83 8E 08 15 8F 01 3B 87 D4 9A 8C D7 A7 F8 16 46 53 A4 1D 00 00 00 00 00 00 00 00 00 00 00 00 00 00 00 00 00 00 00 00 00 00 00 00 00 00 00 00 00 00 00 00 00 00 00 00 00 00 00 00 00 00 00 00 00 00 00 00 00 C5 69 A5 77 7E
[427175][00:29:07.609]7E FF 02 FF 9C BB F8 05 82 05 01 02 14 6B 60 18 00 00 03 10 00 01 00 02 69 7F 94 10 01 E0 00 01 00 02 00 00 54 EF 81 97 33 0B 2F 7E
[427176][00:29:07.639]7E FF 02 FF 9D BB 00 06 82 05 6D 02 77 7D 63 18 00 FF 03 94 00 01 00 01 69 7F 94 01 E0 00 03 DC 13 79 44 00 D9 10 22 10 00 DC 01 03 97 BA 30 3F 88 FF 00 00 33 00 00 11 03 00 00 01 02 33 03 76 20 28 0A FE FE FE FE 68 2D 00 43 05 43 85 79 09 00 30 10 AF 98 10 00 09 05 02 30 01 40 00 02 00 00 01 10 F0 D5 56 98 83 8E 08 15 8F 01 3B 87 D4 9A 8C D7 A7 F8 16 46 53 A4 1D 00 00 00 00 00 00 00 00 00 00 00 00 00 00 00 00 00 00 00 00 00 00 00 00 00 00 00 00 00 00 00 00 00 00 00 00 00 00 00 00 00 00 00 00 00 00 00 00 00 EE 31 04 3B 7E
[427177][00:29:07.654]7E FF 02 FF 9E BB 0E 06 82 05 E7 02 0F E0 68 18 00 38 00 94 00 01 00 01 69 7F 94 06 70 01 01 FC 13 79 40 00 D1 A9 E5 60 00 17 00 04 73 36 00 4B 70 EF 04 00 33 00 00 07 00 00 00 06 00 06 00 9C 00 3F 00 62 4E C3 0A 7F F5 2D 00 40 F2 C9 00 40 45 01 00 C7 88 00 04 32 81 D4 E1 23 C2 02 A9 F0 B7 0B 7E 18 96 D2 00 9A 20 77 18 94 03 00 05 00 31 2C 00 00 00 00 00 00 00 00 00 00 00 00 00 00 01 01 51 81 16 71 00 00 00 00 00 00 00 00 00 00 00 00 00 00 00 00 00 00 00 00 00 00 00 00 00 00 00 00 00 00 00 00 00 00 00 00 00 F5 D0 5B C3 7E
[427178][00:29:07.669]7E FF 02 FF 9F BB 1B 06 82 05 90 00 30 9B 6D 18 00 00 03 94 00 01 00 01 69 7F 94 01 E0 00 03 DC 13 79 40 00 C8 12 A6 10 00 78 01 03 99 BA 30 3F 88 FF 00 00 33 00 00 11 03 00 00 01 02 33 03 77 20 28 0A FE FE FE FE 68 2D 00 43 05 44 85 79 09 00 30 10 B7 5F 10 00 09 05 02 31 01 40 00 02 00 00 01 10 F0 D5 56 98 83 8E 08 15 8F 01 3B 87 D4 9A 8C D7 DC FC 16 EF 32 BD C9 00 00 00 00 00 00 00 00 00 00 00 00 00 00 00 00 00 00 00 00 00 00 00 00 00 00 00 00 00 00 00 00 00 00 00 00 00 00 00 00 00 00 00 00 00 00 00 00 00 95 3B 64 D4 7E
[427179][00:29:07.684]7E FF 02 FF A0 BB 35 06 82 05 42 03 F0 C9 77 18 00 37 00 94 00 01 00 01 69 7F 94 06 70 01 01 FC 13 79 44 00 C0 AB 61 60 00 17 00 04 73 36 00 4B 70 EF 04 00 33 00 00 07 00 00 00 06 00 06 00 9C 00 3F 00 62 4E C3 0A 7F F5 2D 00 40 F2 C9 00 40 45 01 00 C7 88 00 04 32 81 D4 E1 23 C2 02 A9 F0 B7 0B 7E 18 96 D2 00 9A 20 77 18 94 03 00 05 00 31 2C 00 00 00 00 00 00 00 00 00 00 00 00 00 00 01 01 51 81 16 71 00 00 00 00 00 00 00 00 00 00 00 00 00 00 00 00 00 00 00 00 00 00 00 00 00 00 00 00 00 00 00 00 00 00 00 00 00 53 DA 88 93 7E
[427180][00:29:07.714]7E FF 02 FF A1 BB 5C 06 82 05 20 00 54 61 86 18 00 37 00 10 00 01 00 02 69 7F 94 01 06 00 00 01 04 00 00 00 D9 2F 9C AD BB 1A DE 7E
[427181][00:29:07.745]7E FF 02 FF A2 BB 7F 06 82 05 00 01 26 D2 93 18 00 37 00 10 00 01 00 02 69 7F 94 01 06 00 00 01 09 00 00 00 08 6F 1B EE D9 BD CE 7E
[427182][00:29:07.939]7E FF 02 FF A3 BB 2F 07 82 05 76 00 41 E4 D6 18 00 37 00 94 00 01 00 01 69 7F 94 06 70 01 01 FC 13 79 44 00 C0 AB 61 60 00 17 00 04 73 36 00 4B 70 EF 04 00 33 00 00 07 00 00 00 06 00 06 00 9C 00 3F 00 62 4E C3 0A 7F F5 2D 00 40 F2 C9 00 40 45 01 00 C7 88 00 04 32 81 D4 E1 23 C2 02 A9 F0 B7 0B 7E 18 96 D2 00 9A 20 77 18 94 03 00 05 00 31 2C 00 00 00 00 00 00 00 00 00 00 00 00 00 00 01 01 51 81 16 71 00 00 00 00 00 00 00 00 00 00 00 00 00 00 00 00 00 00 00 00 00 00 00 00 00 00 00 00 00 00 00 00 00 00 00 00 00 62 12 D8 2E 7E
[427183][00:29:07.955]7E FF 02 FF A4 BB 54 07 82 05 F3 00 32 13 E5 18 00 37 00 10 00 01 00 02 69 7F 94 10 34 91 04 01 1F 00 00 00 A5 4E 79 DA E2 74 87 7E
[427184][00:29:08.060]7E FF 02 FF A5 BB BE 07 82 05 BD 03 22 C8 0D 19 00 37 00 10 00 01 00 02 69 7F 94 10 D8 40 13 01 01 01 00 00 57 64 4A 3E 14 2C 32 7E
[427185][00:29:08.106]7E FF 02 FF A6 BB C2 07 82 05 BC 00 29 FC 0E 19 00 35 00 14 01 01 00 01 69 7F 94 D8 F0 FF 01 0D 15 EB C2 00 32 9F 0C 80 0D FF 2F 01 20 1A 00 A5 10 FF 08 00 33 00 00 30 00 15 61 49 26 FF FF FF FF FF FF 08 00 00 00 D8 10 00 12 30 00 15 61 49 26 20 00 00 12 74 72 03 00 00 00 3F 00 3B 01 B5 01 40 00 00 00 00 00 01 30 08 01 00 00 03 49 00 00 40 02 80 00 88 40 00 40 4A 08 00 00 02 00 14 02 21 40 02 8C 02 0C 3B E4 02 04 00 00 00 C2 B2 3A C0 09 80 04 00 11 00 00 00 00 00 00 00 00 00 00 00 00 00 00 00 00 00 10 14 25 02 1F 07 0B 5C 00 19 1E 04 05 17 13 0A 50 30 32 01 26 07 00 0B 29 3A 00 3B 17 4E 3C 00 0B 1A 04 09 01 04 0A 02 15 01 69 17 00 03 08 06 1B 2F 1F 2C 01 3E 38 00 22 00 2B 27 31 02 01 09 BE 27 C9 BE 00 00 00 00 00 00 00 00 00 00 00 00 00 00 00 00 00 00 00 00 00 00 00 00 00 00 00 00 00 00 00 00 00 00 00 00 00 00 00 00 00 00 00 00 00 00 00 00 00 00 00 00 00 00 00 00 00 00 00 00 00 00 00 84 D5 D1 9C 7E
[427186][00:29:08.136]7E FF 02 FF A7 BB E3 07 82 05 78 00 24 8B 1B 19 00 38 00 14 01 01 00 01 69 7F 94 06 F0 FF 01 E5 14 EB C2 00 E9 E5 42 60 00 FF 2F 01 74 36 00 71 70 01 04 00 33 00 00 08 00 00 00 06 70 01 22 30 00 09 04 02 59 20 00 00 12 74 72 39 16 00 00 1C 00 0A 01 05 00 2F 00 00 00 00 00 17 30 00 04 01 00 32 00 0C 00 40 82 00 00 40 00 00 00 41 00 00 00 00 00 80 C0 00 00 00 20 00 03 02 02 08 02 00 00 00 00 04 00 80 00 00 05 00 00 04 01 02 02 03 01 03 04 02 03 01 06 04 03 04 03 03 02 01 03 01 01 03 02 01 05 04 02 02 10 7F AA 9D 00 00 00 00 00 00 00 00 00 00 00 00 00 00 00 00 00 00 00 00 00 00 00 00 00 00 00 00 00 00 00 00 00 00 00 00 00 00 00 00 00 00 00 00 00 00 00 00 00 00 00 00 00 00 00 00 00 00 00 00 00 00 00 00 00 00 00 00 00 00 00 00 00 00 00 00 00 00 00 00 00 00 00 00 00 00 00 00 00 00 00 00 00 00 00 00 00 00 00 00 00 00 00 00 00 00 00 00 00 00 00 00 00 00 00 00 00 00 00 00 00 00 00 00 00 00 00 EE 9C D5 E2 7E
[427187][00:29:08.136]7E FF 02 FF A8 BB FC 07 82 05 E3 00 FC 1A 24 19 01 22 0D 10 00 01 00 02 69 7F 94 00 01 80 0D 00 A7 00 00 00 2C 4D 81 9E 44 A4 64 7E
[427188][00:29:08.151]7E FF 02 FF A9 BB 19 08 82 05 03 01 D8 38 30 19 00 38 00 10 00 01 00 02 69 7F 94 10 D8 E0 02 01 02 00 00 00 0B 9D 3F 9D 51 25 06 7E
[427189][00:29:08.181]7E FF 02 FF AA BB 1C 08 82 05 5E 03 B2 F8 2F 19 01 22 0F 94 00 01 00 01 69 7F 94 01 80 0D 01 E8 30 00 10 00 0E B5 D2 10 00 D8 00 05 9B BA 00 34 88 FF 00 00 33 00 00 01 00 00 00 30 00 09 04 92 34 20 00 00 12 74 72 0A 03 3D 21 34 01 01 01 25 54 20 45 E1 93 04 00 05 00 00 00 BE 4A 00 00 00 00 00 00 00 00 00 00 00 00 00 00 24 33 05 BF 00 00 00 00 00 00 00 00 00 00 00 00 00 00 00 00 00 00 00 00 00 00 00 00 00 00 00 00 00 00 00 00 00 00 00 00 00 00 00 00 00 00 00 00 00 00 00 00 00 00 00 00 00 00 00 00 00 00 00 00 55 9A 65 04 7E
[427190][00:29:08.196]7E FF 02 FF AB BB 30 08 82 05 73 02 EE 1C 39 19 00 3A 00 94 00 01 00 01 69 7F 94 D8 40 13 01 EF 12 3D 60 00 C3 19 FD 80 0D 34 01 00 21 1A 00 34 10 FF 08 00 33 00 00 30 00 15 61 49 26 30 00 09 03 54 73 01 00 00 00 30 00 09 04 92 34 20 00 00 12 74 72 0A 03 3D 21 34 01 01 01 25 54 20 45 E1 93 04 00 05 00 00 00 BE 4A 00 00 00 00 00 00 00 00 00 00 00 00 00 00 24 33 05 BF 00 00 00 00 00 00 00 00 00 00 00 00 00 00 00 00 00 00 00 00 00 00 00 00 00 00 00 00 00 00 00 00 00 00 00 00 00 00 00 00 00 00 00 00 00 00 00 00 8B EF 10 EB 7E
[427191][00:29:08.196]7E FF 02 FF AC BB 48 08 82 05 E2 03 03 63 41 19 01 23 0C 10 00 01 00 02 69 7F 94 00 01 80 0D 00 A8 00 00 00 DC 8D 82 A6 F9 C7 E0 7E
[427192][00:29:08.256]7E FF 02 FF AD BB 62 08 82 05 72 01 4C 7F 4A 19 01 22 0F 94 00 01 00 01 69 7F 94 01 80 0D 01 E8 30 00 10 00 0E B5 D2 10 00 D8 00 05 9C BA 00 34 88 FF 00 00 33 00 00 01 00 00 00 30 00 09 04 01 56 20 00 00 12 74 72 0A 03 29 21 2E 00 01 01 42 46 11 45 E1 93 04 00 02 00 00 00 BF 4A 00 00 00 00 00 00 00 00 00 00 00 00 00 00 C6 60 0D 2A 00 00 00 00 00 00 00 00 00 00 00 00 00 00 00 00 00 00 00 00 00 00 00 00 00 00 00 00 00 00 00 00 00 00 00 00 00 00 00 00 00 00 00 00 00 00 00 00 00 00 00 00 00 00 00 00 00 00 00 00 42 2C BD F5 7E
[427193][00:29:08.256]7E FF 02 FF AE BB 7A 08 82 05 53 02 19 5A 55 19 00 3A 00 10 00 01 00 02 69 7F 94 10 2E 80 0D 01 09 00 00 00 51 AD 16 CD AC 9A 5F 7E
[427194][00:29:08.287]7E FF 02 FF AF BB 8E 08 82 05 00 00 87 BB 5C 19 00 3C 01 94 00 01 00 01 69 7F 94 06 70 01 01 FC 13 79 44 00 C0 AB 61 60 00 17 00 04 75 36 00 4B 70 EF 04 00 33 00 00 07 00 00 00 06 00 06 00 9E 00 3F 00 62 4E C3 0A 7F F5 2D 00 40 F2 C9 00 40 45 01 00 C7 88 00 04 32 81 D4 E1 23 C2 02 E9 F0 B7 0B 7E 18 96 D2 00 9A 20 77 18 94 03 00 05 00 31 2C 00 00 00 00 00 00 00 00 00 00 00 00 00 00 01 01 52 CA 03 83 00 00 00 00 00 00 00 00 00 00 00 00 00 00 00 00 00 00 00 00 00 00 00 00 00 00 00 00 00 00 00 00 00 00 00 00 00 1B 86 5A B9 7E
[427195][00:29:08.317]7E FF 02 FF B0 BB BB 08 82 05 D8 03 34 4E 6E 19 00 3C 01 10 00 01 00 02 69 7F 94 10 D8 E0 02 01 00 00 00 00 2A 1D BB 5B 49 35 F4 7E
[427196][00:29:08.542]7E FF 02 FF B1 BB 97 09 82 05 7A 03 78 24 C1 19 01 22 0D 10 00 01 00 02 69 7F 94 00 01 80 0D 00 AA 01 00 00 FC 1D C2 92 85 45 B5 7E
[427197][00:29:08.602]7E FF 02 FF B2 BB C2 09 82 05 29 00 FF A5 D0 19 01 22 10 94 00 01 00 01 69 7F 94 01 80 0D 01 E8 30 00 10 00 0E B5 D2 10 00 D8 00 05 9E BA 00 34 88 FF 00 00 33 00 00 01 00 00 00 30 00 09 04 32 19 20 00 00 12 74 72 0A 04 50 20 49 00 01 01 71 52 14 45 E1 93 04 00 01 00 00 00 C0 4A 00 00 00 00 00 00 00 00 00 00 00 00 00 00 46 25 78 82 00 00 00 00 00 00 00 00 00 00 00 00 00 00 00 00 00 00 00 00 00 00 00 00 00 00 00 00 00 00 00 00 00 00 00 00 00 00 00 00 00 00 00 00 00 00 00 00 00 00 00 00 00 00 00 00 00 00 00 00 D3 B7 D2 E2 7E
[427198][00:29:08.661]7E FF 02 FF B3 BB 89 09 82 05 06 03 86 EC E2 19 00 3A 00 14 01 01 00 01 69 7F 94 20 F0 FF 01 E5 14 EB C2 00 CB E5 32 00 02 FF 2F 01 B4 94 00 93 70 01 04 00 33 00 00 08 00 00 00 20 40 14 41 30 00 09 04 22 19 20 00 00 12 74 72 39 0C 0B 2C 3E 00 08 01 02 00 2F 00 00 00 00 00 44 31 22 0C C0 02 5E 54 0C 00 40 C2 09 00 40 09 00 00 01 80 00 00 02 00 C0 E1 00 40 00 00 70 82 00 28 18 96 00 00 9A 00 10 00 14 0A 00 01 00 30 20 01 05 02 05 01 06 01 04 08 06 04 05 02 04 01 03 02 04 01 03 02 02 01 04 06 01 04 01 02 02 01 04 03 03 05 01 05 01 02 03 01 01 01 03 02 01 01 04 03 02 03 01 02 01 06 04 02 01 03 02 03 02 91 7C A6 50 00 00 00 00 00 00 00 00 00 00 00 00 00 00 00 00 00 00 00 00 00 00 00 00 00 00 00 00 00 00 00 00 00 00 00 00 00 00 00 00 00 00 00 00 00 00 00 00 00 00 00 00 00 00 00 00 00 00 00 00 00 00 00 00 00 00 00 00 00 00 00 00 00 00 00 00 00 00 00 00 00 00 00 00 00 00 00 00 00 00 00 00 00 B6 E5 F2 D4 7E
[427199][00:29:08.691]7E FF 02 FF B4 BB 25 0A 82 05 65 02 DD 3A F8 19 00 37 00 94 00 01 00 01 69 7F 94 D8 40 13 01 24 14 79 44 00 DD 39 2A 80 0D 34 01 00 23 1A 00 34 10 FF 08 00 33 00 00 30 00 15 61 49 26 30 00 09 03 54 73 01 00 00 00 30 00 09 04 32 19 20 00 00 12 74 72 0A 04 50 20 49 00 01 01 71 52 14 45 E1 93 04 00 01 00 00 00 C0 4A 00 00 00 00 00 00 00 00 00 00 00 00 00 00 46 25 78 82 00 00 00 00 00 00 00 00 00 00 00 00 00 00 00 00 00 00 00 00 00 00 00 00 00 00 00 00 00 00 00 00 00 00 00 00 00 00 00 00 00 00 00 00 00 00 00 00 C0 04 FC 45 7E
[427200][00:29:08.722]7E FF 02 FF B5 BB 40 0A 82 05 08 02 92 7E 02 1A 00 38 00 94 00 01 00 01 69 7F 94 D8 40 13 01 24 14 79 44 00 DD 39 2A 80 0D 34 01 00 23 1A 00 34 10 FF 08 00 33 00 00 30 00 15 61 49 26 30 00 09 03 54 73 01 00 00 00 30 00 09 04 32 19 20 00 00 12 74 72 0A 04 50 20 49 00 01 01 71 52 14 45 E1 93 04 00 01 00 00 00 C0 4A 00 00 00 00 00 00 00 00 00 00 00 00 00 00 46 25 78 82 00 00 00 00 00 00 00 00 00 00 00 00 00 00 00 00 00 00 00 00 00 00 00 00 00 00 00 00 00 00 00 00 00 00 00 00 00 00 00 00 00 00 00 00 00 00 00 00 B3 3B AA F8 7E
[427201][00:29:08.737]7E FF 02 FF B6 BB 53 0A 82 05 72 01 41 AE 09 1A 00 39 00 94 00 01 00 01 69 7F 94 D8 40 13 01 24 14 79 44 00 DD 39 2A 80 0D 34 01 00 23 1A 00 34 10 FF 08 00 33 00 00 30 00 15 61 49 26 30 00 09 03 54 73 01 00 00 00 30 00 09 04 32 19 20 00 00 12 74 72 0A 04 50 20 49 00 01 01 71 52 14 45 E1 93 04 00 01 00 00 00 C0 4A 00 00 00 00 00 00 00 00 00 00 00 00 00 00 46 25 78 82 00 00 00 00 00 00 00 00 00 00 00 00 00 00 00 00 00 00 00 00 00 00 00 00 00 00 00 00 00 00 00 00 00 00 00 00 00 00 00 00 00 00 00 00 00 00 00 00 57 B7 DB F9 7E
[427202][00:29:08.827]7E FF 02 FF B7 BB BC 0A 82 05 95 02 05 E0 31 1A 00 39 00 10 00 01 00 02 69 7F 94 10 D8 40 13 01 FE 00 00 00 A6 BB B1 38 FD F9 3E 7E
[427203][00:29:08.842]7E FF 02 FF B8 BB CE 0A 82 05 4F 03 59 C3 37 1A 01 22 0D 10 00 01 00 02 69 7F 94 00 01 80 0D 00 A9 02 00 00 CC ED 02 F9 F9 5D 90 7E
[427204][00:29:08.889]7E FF 02 FF B9 BB E6 0A 82 05 1F 00 50 0A 40 1A 01 23 0F 94 00 01 00 01 69 7F 94 01 80 0D 01 E8 30 00 10 00 0E B5 D2 10 00 D8 00 05 A0 BA 00 40 88 FF 00 00 33 00 00 01 00 00 00 30 00 09 05 36 53 20 00 00 12 74 72 0A 04 E4 20 68 00 01 01 10 96 24 45 E1 93 04 00 01 00 00 00 C1 4A 00 00 00 00 00 00 06 00 00 00 0C 00 00 00 FB 00 0C 11 23 11 09 01 8F 00 32 00 3F 75 7B 56 00 00 00 00 00 00 00 00 00 00 00 00 00 00 00 00 00 00 00 00 00 00 00 00 00 00 00 00 00 00 00 00 00 00 00 00 00 00 00 00 00 00 00 00 00 00 00 00 BA 03 2A D3 7E
[427205][00:29:08.904]7E FF 02 FF BA BB 00 0B 82 05 8B 01 EF AE 4B 1A 00 39 00 94 00 01 00 01 69 7F 94 D8 40 13 01 EF 12 3D 60 00 C3 19 FD 80 0D 34 01 00 24 1A 00 40 10 FF 08 00 33 00 00 30 00 15 61 49 26 30 00 09 03 54 73 01 00 00 00 30 00 09 05 36 53 20 00 00 12 74 72 0A 04 E4 20 68 00 01 01 10 96 24 45 E1 93 04 00 01 00 00 00 C1 4A 00 00 00 00 00 00 06 00 00 00 0C 00 00 00 FB 00 0C 11 23 11 09 01 8F 00 32 00 3F 75 7B 56 00 00 00 00 00 00 00 00 00 00 00 00 00 00 00 00 00 00 00 00 00 00 00 00 00 00 00 00 00 00 00 00 00 00 00 00 92 21 45 D7 7E
[427206][00:29:08.936]7E FF 02 FF BB BB B6 0A 82 05 93 03 AB CC 55 1A 00 38 00 94 00 01 00 01 69 7F 94 D8 40 13 01 24 14 79 44 00 DD 39 2A 80 0D 34 01 00 24 1A 00 40 10 FF 08 00 33 00 00 30 00 15 61 49 26 30 00 09 03 54 73 01 00 00 00 30 00 09 05 36 53 20 00 00 12 74 72 0A 04 E4 20 68 00 01 01 10 96 24 45 E1 93 04 00 01 00 00 00 C1 4A 00 00 00 00 00 00 06 00 00 00 0C 00 00 00 FB 00 0C 11 23 11 09 01 8F 00 32 00 3F 75 7B 56 00 00 00 00 00 00 00 00 00 00 00 00 00 00 00 00 00 00 00 00 00 00 00 00 00 00 00 00 00 00 00 00 00 00 00 00 57 37 A3 BB 7E
[427207][00:29:09.085]7E FF 02 FF BC BB 99 0B 82 05 73 02 D5 23 86 1A 00 39 01 14 01 01 00 01 69 7F 94 21 F0 FF 01 E5 14 EB C2 00 CB E5 A6 10 02 FF 2F 01 C6 6C 00 90 78 01 04 00 33 00 00 08 00 00 00 21 70 01 21 30 00 09 05 35 35 20 00 00 12 74 72 39 1D 00 00 3B 00 08 01 04 00 2F 00 00 00 00 00 17 30 60 0E C1 02 5D 90 2D 00 40 C0 41 00 40 01 00 00 01 80 00 00 02 00 C0 E1 00 00 00 20 40 82 02 28 18 94 00 00 0A 00 40 10 94 02 00 01 00 20 20 03 02 02 03 01 01 03 03 02 01 03 02 02 03 06 01 02 04 02 02 04 01 01 01 01 03 03 05 01 01 01 01 01 01 04 04 01 01 02 01 01 01 03 04 02 01 01 01 01 01 01 01 01 05 01 02 04 01 01 42 D0 DB A6 00 00 00 00 00 00 00 00 00 00 00 00 00 00 00 00 00 00 00 00 00 00 00 00 00 00 00 00 00 00 00 00 00 00 00 00 00 00 00 00 00 00 00 00 00 00 00 00 00 00 00 00 00 00 00 00 00 00 00 00 00 00 00 00 00 00 00 00 00 00 00 00 00 00 00 00 00 00 00 00 00 00 00 00 00 00 00 00 00 00 00 00 00 00 00 00 47 2C 4C 5D 7E
[427208][00:29:09.265]7E FF 02 FF BD BB 5D 0C 82 05 85 03 48 05 D1 1A 00 38 00 94 00 01 00 01 69 7F 94 2E 80 0D 01 FC 13 79 40 00 69 CB 28 E0 02 D8 00 04 D0 F2 00 4B 70 EF 04 00 33 00 00 07 00 00 00 2E 00 2E 00 CB 00 3F 00 60 4F C3 0A 7F FD 2D 00 40 F2 C9 00 40 69 01 40 CF 88 00 04 BE D1 D6 E3 68 D7 2A AD F2 B7 7F FE 18 96 52 04 9A 20 77 18 B4 1B 81 05 00 31 6C 00 00 00 00 00 00 00 00 00 00 00 00 00 00 00 01 64 E8 D5 27 00 00 00 00 00 00 00 00 00 00 00 00 00 00 00 00 00 00 00 00 00 00 00 00 00 00 00 00 00 00 00 00 00 00 00 00 00 B4 32 56 E9 7E
[427209][00:29:09.265]7E FF 02 FF BE BB 65 0C 82 05 D5 02 A0 03 D4 1A 00 38 00 10 00 01 00 02 69 7F 94 10 D8 E0 02 01 02 00 00 00 0B 9D 3F 84 6F 98 35 7E
[427210][00:29:09.460]7E FF 02 FF BF BB 37 0D 82 05 1B 03 32 1C 23 1B 01 23 0C 10 00 01 00 02 69 7F 94 00 01 80 0D 00 A8 02 00 00 DD AD 86 FB 0E 55 F5 7E
[427211][00:29:09.520]7E FF 02 FF C0 BB 57 0D 82 05 C5 02 10 B6 2E 1B 01 23 0F 94 00 01 00 01 69 7F 94 01 80 0D 01 E8 30 00 10 00 0E B5 D2 10 00 D8 00 05 A1 BA 00 34 88 FF 00 00 33 00 00 01 00 00 00 30 00 09 04 92 45 20 00 00 12 74 72 0A 03 37 21 2E 00 01 01 31 55 20 45 E1 93 04 00 04 00 00 00 C2 4A 00 00 00 00 00 00 00 00 00 00 00 00 00 00 49 58 95 08 00 00 00 00 00 00 00 00 00 00 00 00 00 00 00 00 00 00 00 00 00 00 00 00 00 00 00 00 00 00 00 00 00 00 00 00 00 00 00 00 00 00 00 00 00 00 00 00 00 00 00 00 00 00 00 00 00 00 00 00 B5 20 42 23 7E
[427212][00:29:09.805]7E FF 02 FF C1 BB 76 0E 82 05 5B 00 42 8F 9D 1B 00 35 00 94 00 01 00 01 69 7F 94 06 70 01 01 FC 13 79 40 00 D1 A9 E5 60 00 17 00 04 77 36 00 4B 70 EF 04 00 33 00 00 07 00 00 00 06 00 06 00 9D 00 3F 00 60 4E C3 0A 7B D5 2D 00 40 F2 C9 00 40 45 01 00 C7 88 00 04 32 81 D4 E1 23 C2 22 E9 F0 B7 0B 7E 18 96 D6 00 9A 20 77 38 94 03 00 05 00 31 2C 00 00 00 00 00 00 00 00 00 00 00 00 00 00 01 01 7B D8 FA 93 00 00 00 00 00 00 00 00 00 00 00 00 00 00 00 00 00 00 00 00 00 00 00 00 00 00 00 00 00 00 00 00 00 00 00 00 00 6E 28 E6 57 7E
[427213][00:29:09.835]7E FF 02 FF C2 BB 93 0E 82 05 19 02 5F C8 A8 1B 00 3C 00 94 00 01 00 01 69 7F 94 2E F0 FF 01 99 12 79 46 00 F8 1A 11 E0 02 FF 2F 03 D3 F2 00 34 70 EF 04 00 33 00 00 01 00 00 00 30 00 09 04 92 45 20 00 00 12 74 72 0A 03 37 21 2E 00 01 01 31 55 20 45 E1 93 04 00 04 00 00 00 C2 4A 00 00 00 00 00 00 00 00 00 00 00 00 00 00 49 58 95 08 00 00 00 00 00 00 00 00 00 00 00 00 00 00 00 00 00 00 00 00 00 00 00 00 00 00 00 00 00 00 00 00 00 00 00 00 00 00 00 00 00 00 00 00 00 00 00 00 00 00 00 00 00 00 00 00 00 00 00 00 09 44 35 5E 7E
[427214][00:29:09.865]7E FF 02 FF C3 BB C6 0E 82 05 3E 02 65 48 BC 1B 00 3C 00 10 00 01 00 02 69 7F 94 01 06 00 00 01 0E 00 00 00 79 AF 9E 87 8E E9 07 7E
[427215][00:29:10.000]7E FF 02 FF C4 BB 45 0F 82 05 D2 01 C3 A9 EC 1B 00 38 00 94 00 01 00 01 69 7F 94 06 70 01 01 FC 13 79 44 00 C0 AB 61 60 00 17 00 04 77 36 00 4B 70 EF 04 00 33 00 00 07 00 00 00 06 00 06 00 9D 00 3F 00 60 4E C3 0A 7B D5 2D 00 40 F2 C9 00 40 45 01 00 C7 88 00 04 32 81 D4 E1 23 C2 22 E9 F0 B7 0B 7E 18 96 D6 00 9A 20 77 38 94 03 00 05 00 31 2C 00 00 00 00 00 00 00 00 00 00 00 00 00 00 01 01 7B D8 FA 93 00 00 00 00 00 00 00 00 00 00 00 00 00 00 00 00 00 00 00 00 00 00 00 00 00 00 00 00 00 00 00 00 00 00 00 00 00 96 B5 F0 06 7E
[427216][00:29:10.045]7E FF 02 FF C5 BB 6D 0F 82 05 12 00 DF BF FB 1B 00 00 03 94 00 01 00 01 69 7F 94 01 E0 00 03 DC 13 79 40 00 C8 12 A6 10 00 EC 01 03 9D BA 30 3F 88 FF 00 00 33 00 00 11 03 00 00 01 02 33 03 79 20 28 0A FE FE FE FE 68 2D 00 43 05 52 85 79 09 00 30 10 B3 B2 10 00 09 05 02 33 01 40 00 02 00 00 01 10 F0 D5 56 98 83 8E 08 15 8F 01 3B 87 D4 9A 8C D7 2A F4 16 B8 51 65 3D 00 00 00 00 00 00 00 00 00 00 00 00 00 00 00 00 00 00 00 00 00 00 00 00 00 00 00 00 00 00 00 00 00 00 00 00 00 00 00 00 00 00 00 00 00 00 00 00 00 A4 CF D3 88 7E
[427217][00:29:10.075]7E FF 02 FF C6 BB 8E 0F 82 05 D9 01 02 82 08 1C 00 01 03 94 00 01 00 01 69 7F 94 01 E0 00 03 DC 13 79 44 00 D9 10 22 10 00 EC 01 03 9D BA 30 3F 88 FF 00 00 33 00 00 11 03 00 00 01 02 33 03 79 20 28 0A FE FE FE FE 68 2D 00 43 05 52 85 79 09 00 30 10 B3 B2 10 00 09 05 02 33 01 40 00 02 00 00 01 10 F0 D5 56 98 83 8E 08 15 8F 01 3B 87 D4 9A 8C D7 2A F4 16 B8 51 65 3D 00 00 00 00 00 00 00 00 00 00 00 00 00 00 00 00 00 00 00 00 00 00 00 00 00 00 00 00 00 00 00 00 00 00 00 00 00 00 00 00 00 00 00 00 00 00 00 00 00 71 E2 13 FB 7E
[427218][00:29:10.090]7E FF 02 FF C7 BB 9C 0F 82 05 AE 02 38 EE 0D 1C 00 00 03 94 00 01 00 01 69 7F 94 01 E0 00 03 DC 13 79 40 00 C8 12 A6 10 00 37 00 03 9F BA 30 3F 88 FF 00 00 33 00 00 11 03 00 00 01 02 33 03 7A 20 28 0A FE FE FE FE 68 2D 00 43 05 53 85 79 09 00 30 10 66 2D 10 00 09 05 02 34 01 40 00 02 00 00 01 10 F0 D5 56 98 83 8E 08 15 8F 01 3B 87 D4 9A 8C D7 4B E9 16 60 EB 94 65 00 00 00 00 00 00 00 00 00 00 00 00 00 00 00 00 00 00 00 00 00 00 00 00 00 00 00 00 00 00 00 00 00 00 00 00 00 00 00 00 00 00 00 00 00 00 00 00 00 C7 82 68 D2 7E
[427219][00:29:10.134]7E FF 02 FF C8 BB C5 0F 82 05 A0 00 41 5E 1D 1C 00 FF 03 94 00 01 00 01 69 7F 94 01 E0 00 03 DC 13 79 44 00 D9 10 22 10 00 37 00 03 9F BA 30 3F 88 FF 00 00 33 00 00 11 03 00 00 01 02 33 03 7A 20 28 0A FE FE FE FE 68 2D 00 43 05 53 85 79 09 00 30 10 66 2D 10 00 09 05 02 34 01 40 00 02 00 00 01 10 F0 D5 56 98 83 8E 08 15 8F 01 3B 87 D4 9A 8C D7 4B E9 16 60 EB 94 65 00 00 00 00 00 00 00 00 00 00 00 00 00 00 00 00 00 00 00 00 00 00 00 00 00 00 00 00 00 00 00 00 00 00 00 00 00 00 00 00 00 00 00 00 00 00 00 00 00 5C AC 8A 28 7E
[427220][00:29:10.180]7E FF 02 FF C9 BB F9 0F 82 05 7B 03 05 7C 31 1C 00 00 03 94 00 01 00 01 69 7F 94 01 E0 00 03 DC 13 79 44 00 D9 10 22 10 00 37 00 03 9F BA 30 3F 88 FF 00 00 33 00 00 11 03 00 00 01 02 33 03 7A 20 28 0A FE FE FE FE 68 2D 00 43 05 53 85 79 09 00 30 10 66 2D 10 00 09 05 02 34 01 40 00 02 00 00 01 10 F0 D5 56 98 83 8E 08 15 8F 01 3B 87 D4 9A 8C D7 4B E9 16 60 EB 94 65 00 00 00 00 00 00 00 00 00 00 00 00 00 00 00 00 00 00 00 00 00 00 00 00 00 00 00 00 00 00 00 00 00 00 00 00 00 00 00 00 00 00 00 00 00 00 00 00 00 85 90 BB C3 7E
[427221][00:29:10.225]7E FF 02 FF CA BB 24 10 82 05 34 00 05 93 41 1C 00 3A 01 94 00 01 00 01 69 7F 94 06 70 01 01 FC 13 79 44 00 C0 AB 61 60 00 17 00 04 77 36 00 4B 70 EF 04 00 33 00 00 07 00 00 00 06 00 06 00 9D 00 3F 00 60 4E C3 0A 7B D5 2D 00 40 F2 C9 00 40 45 01 00 C7 88 00 04 32 81 D4 E1 23 C2 22 E9 F0 B7 0B 7E 18 96 D6 00 9A 20 77 38 94 03 00 05 00 31 2C 00 00 00 00 00 00 00 00 00 00 00 00 00 00 01 01 7B D8 FA 93 00 00 00 00 00 00 00 00 00 00 00 00 00 00 00 00 00 00 00 00 00 00 00 00 00 00 00 00 00 00 00 00 00 00 00 00 00 F7 2E BC 7A 7E
[427222][00:29:10.271]7E FF 02 FF CB BB 67 10 82 05 7A 02 7D 5E 5B 1C 00 3A 01 10 00 01 00 02 69 7F 94 10 01 E0 00 01 00 00 00 00 55 CF 85 E4 94 C8 C1 7E
[427223][00:29:10.406]7E FF 02 FF CC BB CE 10 82 05 01 01 8F 80 82 1C 00 38 00 94 00 01 00 01 69 7F 94 06 70 01 01 FC 13 79 44 00 C0 AB 61 60 00 17 00 04 77 36 00 4B 70 EF 04 00 33 00 00 07 00 00 00 06 00 06 00 9D 00 3F 00 60 4E C3 0A 7B D5 2D 00 40 F2 C9 00 40 45 01 00 C7 88 00 04 32 81 D4 E1 23 C2 22 E9 F0 B7 0B 7E 18 96 D6 00 9A 20 77 38 94 03 00 05 00 31 2C 00 00 00 00 00 00 00 00 00 00 00 00 00 00 01 01 7B D8 FA 93 00 00 00 00 00 00 00 00 00 00 00 00 00 00 00 00 00 00 00 00 00 00 00 00 00 00 00 00 00 00 00 00 00 00 00 00 00 CD 15 33 EA 7E
[427224][00:29:10.452]7E FF 02 FF CD BB 11 11 82 05 ED 00 A8 13 9C 1C 00 38 00 10 00 01 00 02 69 7F 94 10 01 E0 00 01 00 00 00 00 55 CF 85 46 40 66 0B 7E
[427225][00:29:10.736]7E FF 02 FF CE BB 1E 12 82 05 97 03 4D EE 02 1D 00 3A 00 94 00 01 00 01 69 7F 94 34 91 04 01 FC 13 79 44 00 1A F3 E4 40 13 49 00 0A 96 04 00 34 70 EF 04 00 33 00 00 01 00 00 00 30 00 09 04 32 19 20 00 00 12 74 72 0A 04 50 20 49 00 01 01 71 52 14 45 E1 93 04 00 01 00 00 00 C0 4A 00 00 00 00 00 00 00 00 00 00 00 00 00 00 46 25 78 82 00 00 00 00 00 00 00 00 00 00 00 00 00 00 00 00 00 00 00 00 00 00 00 00 00 00 00 00 00 00 00 00 00 00 00 00 00 00 00 00 00 00 00 00 00 00 00 00 00 00 00 00 00 00 00 00 00 00 00 00 7F A1 9A 9B 7E
[427226][00:29:11.215]7E FF 02 FF CF BB 0E 14 82 05 0F 00 FA D0 BF 1D 00 3A 00 10 00 01 00 02 69 7F 94 10 49 40 13 01 1F 00 00 00 03 76 DD B4 48 0E 5C 7E
[427227][00:29:11.245]7E FF 02 FF D0 BB 27 14 82 05 8B 00 F4 64 C9 1D 00 3A 00 10 00 01 00 02 69 7F 94 10 D8 E0 02 01 03 00 00 00 1A DD BB 48 90 87 90 7E
[427228][00:29:11.319]7E FF 02 FF D1 BB 74 14 82 05 78 01 4C D1 E5 1D 01 22 0C 10 00 01 00 02 69 7F 94 00 01 80 0D 00 A7 01 00 00 2D 5D 45 9E 5E 50 4C 7E
[427229][00:29:11.335]7E FF 02 FF D2 BB 8D 14 82 05 09 00 01 36 EF 1D 01 22 0D 10 00 01 00 02 69 7F 94 00 01 80 0D 00 A9 03 00 00 CD FD C6 30 23 AD 61 7E
[427230][00:29:11.395]7E FF 02 FF D3 BB AD 14 82 05 50 01 CB F6 FA 1D 01 22 10 94 00 01 00 01 69 7F 94 01 80 0D 01 E8 30 00 10 00 0E B5 D2 10 00 D8 00 05 A3 BA 00 34 88 FF 00 00 33 00 00 01 00 00 00 30 00 09 04 92 85 20 00 00 12 74 72 0A 04 2F 21 49 00 01 01 37 59 20 45 E1 93 04 00 03 00 00 00 C3 4A 00 00 00 00 00 00 00 00 00 00 00 00 00 00 AC 73 72 5A 00 00 00 00 00 00 00 00 00 00 00 00 00 00 00 00 00 00 00 00 00 00 00 00 00 00 00 00 00 00 00 00 00 00 00 00 00 00 00 00 00 00 00 00 00 00 00 00 00 00 00 00 00 00 00 00 00 00 00 00 CA 9B 63 7D 7E
[427231][00:29:11.425]7E FF 02 FF D4 BB DF 14 82 05 FC 01 68 AE 0E 1E 01 23 0D 10 00 01 00 02 69 7F 94 00 01 80 0D 00 A8 03 00 00 DC BD 42 04 02 31 A3 7E
[427232][00:29:11.440]7E FF 02 FF D5 BB DF 14 82 05 70 03 79 BB 0F 1E 00 37 00 94 00 01 00 01 69 7F 94 D8 40 13 01 EF 12 3D 60 00 C3 19 FD 80 0D 34 01 00 26 1A 00 34 10 FF 08 00 33 00 00 30 00 15 61 49 26 30 00 09 03 54 73 01 00 00 00 30 00 09 04 92 85 20 00 00 12 74 72 0A 04 2F 21 49 00 01 01 37 59 20 45 E1 93 04 00 03 00 00 00 C3 4A 00 00 00 00 00 00 00 00 00 00 00 00 00 00 AC 73 72 5A 00 00 00 00 00 00 00 00 00 00 00 00 00 00 00 00 00 00 00 00 00 00 00 00 00 00 00 00 00 00 00 00 00 00 00 00 00 00 00 00 00 00 00 00 00 00 00 00 1E 31 5A BA 7E
[427233][00:29:11.440]7E FF 02 FF D6 BB F0 14 82 05 82 03 03 5B 16 1E 00 37 00 10 00 01 00 02 69 7F 94 10 D8 40 13 01 00 01 00 00 46 24 CE 5F 30 7A 50 7E
[427234][00:29:11.470]7E FF 02 FF D7 BB F0 14 82 05 29 01 5C 83 14 1E 01 22 10 94 00 01 00 01 69 7F 94 01 80 0D 01 E8 30 00 10 00 0E B5 D2 10 00 D8 00 05 A5 BA 00 34 88 FF 00 00 33 00 00 01 00 00 00 30 00 09 04 44 64 20 00 00 12 74 72 0A 03 26 21 34 01 01 01 24 77 15 45 E1 93 04 00 03 00 00 00 C4 4A 00 00 00 00 00 00 00 00 00 00 00 00 00 00 E9 5D F8 59 00 00 00 00 00 00 00 00 00 00 00 00 00 00 00 00 00 00 00 00 00 00 00 00 00 00 00 00 00 00 00 00 00 00 00 00 00 00 00 00 00 00 00 00 00 00 00 00 00 00 00 00 00 00 00 00 00 00 00 00 E6 FF CA 94 7E
[427235][00:29:11.485]7E FF 02 FF D8 BB 0D 15 82 05 7D 02 0A 4C 21 1E 00 38 00 94 00 01 00 01 69 7F 94 D8 40 13 01 24 14 79 44 00 DD 39 2A 80 0D 34 01 00 26 1A 00 34 10 FF 08 00 33 00 00 30 00 15 61 49 26 30 00 09 03 54 73 01 00 00 00 30 00 09 04 92 85 20 00 00 12 74 72 0A 04 2F 21 49 00 01 01 37 59 20 45 E1 93 04 00 03 00 00 00 C3 4A 00 00 00 00 00 00 00 00 00 00 00 00 00 00 AC 73 72 5A 00 00 00 00 00 00 00 00 00 00 00 00 00 00 00 00 00 00 00 00 00 00 00 00 00 00 00 00 00 00 00 00 00 00 00 00 00 00 00 00 00 00 00 00 00 00 00 00 7D 5C 5D 81 7E
[427236][00:29:11.500]7E FF 02 FF D9 BB 11 15 82 05 47 00 C5 02 21 1E 01 22 10 94 00 01 00 01 69 7F 94 01 80 0D 01 E8 30 00 10 00 0E B5 D2 10 00 D8 00 05 A6 BA 00 34 88 FF 00 00 33 00 00 01 00 00 00 30 00 09 04 92 14 20 00 00 12 74 72 0A 03 63 20 34 01 01 01 27 52 20 45 E1 93 04 00 04 00 00 00 C5 4A 00 00 00 00 00 00 00 00 00 00 00 00 00 00 8F 43 5C CE 00 00 00 00 00 00 00 00 00 00 00 00 00 00 00 00 00 00 00 00 00 00 00 00 00 00 00 00 00 00 00 00 00 00 00 00 00 00 00 00 00 00 00 00 00 00 00 00 00 00 00 00 00 00 00 00 00 00 00 00 AA 2C 70 19 7E
[427237][00:29:11.560]7E FF 02 FF DA BB 5A 15 82 05 81 01 30 97 3E 1E 00 3B 00 94 00 01 00 01 69 7F 94 D8 40 13 01 24 14 79 44 00 DD 39 2A 80 0D 34 01 00 27 1A 00 34 10 FF 08 00 33 00 00 30 00 15 61 49 26 30 00 09 03 54 73 01 00 00 00 30 00 09 04 44 64 20 00 00 12 74 72 0A 03 26 21 34 01 01 01 24 77 15 45 E1 93 04 00 03 00 00 00 C4 4A 00 00 00 00 00 00 00 00 00 00 00 00 00 00 E9 5D F8 59 00 00 00 00 00 00 00 00 00 00 00 00 00 00 00 00 00 00 00 00 00 00 00 00 00 00 00 00 00 00 00 00 00 00 00 00 00 00 00 00 00 00 00 00 00 00 00 00 24 FA D4 F9 7E
[427238][00:29:11.606]7E FF 02 FF DB BB 8A 15 82 05 0A 03 3E 0C 51 1E 00 3A 00 94 00 01 00 01 69 7F 94 D8 40 13 01 24 14 79 44 00 DD 39 2A 80 0D 34 01 00 27 1A 00 34 10 FF 08 00 33 00 00 30 00 15 61 49 26 30 00 09 03 54 73 01 00 00 00 30 00 09 04 44 64 20 00 00 12 74 72 0A 03 26 21 34 01 01 01 24 77 15 45 E1 93 04 00 03 00 00 00 C4 4A 00 00 00 00 00 00 00 00 00 00 00 00 00 00 E9 5D F8 59 00 00 00 00 00 00 00 00 00 00 00 00 00 00 00 00 00 00 00 00 00 00 00 00 00 00 00 00 00 00 00 00 00 00 00 00 00 00 00 00 00 00 00 00 00 00 00 00 05 92 8B D8 7E
[427239][00:29:11.636]7E FF 02 FF DC BB AA 15 82 05 93 00 71 00 5D 1E 00 3A 00 94 00 01 00 01 69 7F 94 34 91 04 01 FC 13 79 44 00 1A F3 E4 40 13 49 00 0A 9B 04 00 34 70 EF 04 00 33 00 00 01 00 00 00 30 00 09 04 92 85 20 00 00 12 74 72 0A 04 2F 21 49 00 01 01 37 59 20 45 E1 93 04 00 03 00 00 00 C3 4A 00 00 00 00 00 00 00 00 00 00 00 00 00 00 AC 73 72 5A 00 00 00 00 00 00 00 00 00 00 00 00 00 00 00 00 00 00 00 00 00 00 00 00 00 00 00 00 00 00 00 00 00 00 00 00 00 00 00 00 00 00 00 00 00 00 00 00 00 00 00 00 00 00 00 00 00 00 00 00 BC 97 C8 C0 7E
[427240][00:29:11.651]7E FF 02 FF DD BB B2 15 82 05 E0 00 99 1A 60 1E 00 3A 00 10 00 01 00 02 69 7F 94 10 49 40 13 01 1F 00 00 00 03 76 DD 0E 63 25 1C 7E
[427241][00:29:11.666]7E FF 02 FF DE BB C4 15 82 05 89 02 23 1C 67 1E 00 37 00 94 00 01 00 01 69 7F 94 D8 40 13 01 EF 12 3D 60 00 C3 19 FD 80 0D 34 01 00 28 1A 00 34 10 FF 08 00 33 00 00 30 00 15 61 49 26 30 00 09 03 54 73 01 00 00 00 30 00 09 04 92 14 20 00 00 12 74 72 0A 03 63 20 34 01 01 01 27 52 20 45 E1 93 04 00 04 00 00 00 C5 4A 00 00 00 00 00 00 00 00 00 00 00 00 00 00 8F 43 5C CE 00 00 00 00 00 00 00 00 00 00 00 00 00 00 00 00 00 00 00 00 00 00 00 00 00 00 00 00 00 00 00 00 00 00 00 00 00 00 00 00 00 00 00 00 00 00 00 00 2A 0C 25 0C 7E
[427242][00:29:11.681]7E FF 02 FF DF BB DC 15 82 05 8B 02 12 4A 70 1E 00 37 00 10 00 01 00 03 69 7F 94 F4 0B F5 14 00 00 00 10 02 1F DC B7 AD 21 DB C0 7E
[427243][00:29:12.056]7E FF 02 FF E0 BB 41 17 82 05 C2 03 A5 94 F8 1E 00 01 03 94 00 01 00 01 69 7F 94 01 E0 00 03 DC 13 79 40 00 C8 12 A6 10 00 E8 01 03 A2 BA 30 3F 88 FF 00 00 33 00 00 11 03 00 00 01 02 33 03 7B 20 28 0A FE FE FE FE 68 2D 00 43 05 54 85 79 09 00 30 10 7E EA 10 00 09 05 02 35 01 40 00 02 00 00 01 10 F0 D5 56 98 83 8E 08 15 8F 01 3B 87 D4 9A 8C D7 30 ED 16 C9 8A 8D B1 00 00 00 00 00 00 00 00 00 00 00 00 00 00 00 00 00 00 00 00 00 00 00 00 00 00 00 00 00 00 00 00 00 00 00 00 00 00 00 00 00 00 00 00 00 00 00 00 00 ED 91 3A 2D 7E
[427244][00:29:12.071]7E FF 02 FF E1 BB 55 17 82 05 77 00 D2 E2 FF 1E 00 00 03 94 00 01 00 01 69 7F 94 01 E0 00 03 DC 13 79 40 00 C8 12 A6 10 00 A5 01 03 A4 BA 30 3F 88 FF 00 00 33 00 00 11 03 00 00 01 02 33 03 7C 20 28 0A FE FE FE FE 68 2D 00 43 05 95 85 79 09 00 30 10 B0 34 10 00 09 05 02 36 01 40 00 02 00 00 01 10 F0 D5 56 98 83 8E 08 15 8F 01 3B 87 D4 9A 8C D7 BD E1 16 D4 00 D8 FD 00 00 00 00 00 00 00 00 00 00 00 00 00 00 00 00 00 00 00 00 00 00 00 00 00 00 00 00 00 00 00 00 00 00 00 00 00 00 00 00 00 00 00 00 00 00 00 00 00 01 CD CC 85 7E
[427245][00:29:12.116]7E FF 02 FF E2 BB 7D 17 82 05 10 00 22 19 0F 1F 00 01 03 94 00 01 00 01 69 7F 94 01 E0 00 03 DC 13 79 44 00 D9 10 22 10 00 A5 01 03 A4 BA 30 3F 88 FF 00 00 33 00 00 11 03 00 00 01 02 33 03 7C 20 28 0A FE FE FE FE 68 2D 00 43 05 95 85 79 09 00 30 10 B0 34 10 00 09 05 02 36 01 40 00 02 00 00 01 10 F0 D5 56 98 83 8E 08 15 8F 01 3B 87 D4 9A 8C D7 BD E1 16 D4 00 D8 FD 00 00 00 00 00 00 00 00 00 00 00 00 00 00 00 00 00 00 00 00 00 00 00 00 00 00 00 00 00 00 00 00 00 00 00 00 00 00 00 00 00 00 00 00 00 00 00 00 00 3B 17 C2 82 7E
[427246][00:29:12.161]7E FF 02 FF E3 BB AD 17 82 05 D2 03 BF C6 21 1F 00 00 03 94 00 01 00 01 69 7F 94 01 E0 00 03 DC 13 79 44 00 D9 10 22 10 00 A5 01 03 A4 BA 30 3F 88 FF 00 00 33 00 00 11 03 00 00 01 02 33 03 7C 20 28 0A FE FE FE FE 68 2D 00 43 05 95 85 79 09 00 30 10 B0 34 10 00 09 05 02 36 01 40 00 02 00 00 01 10 F0 D5 56 98 83 8E 08 15 8F 01 3B 87 D4 9A 8C D7 BD E1 16 D4 00 D8 FD 00 00 00 00 00 00 00 00 00 00 00 00 00 00 00 00 00 00 00 00 00 00 00 00 00 00 00 00 00 00 00 00 00 00 00 00 00 00 00 00 00 00 00 00 00 00 00 00 00 41 3C 77 A8 7E
[427247][00:29:12.192]7E FF 02 FF E4 BB D0 17 82 05 72 02 1D FE 2E 1F 00 FF 03 94 00 01 00 01 69 7F 94 01 E0 00 03 DC 13 79 40 00 C8 12 A6 10 00 5F 01 0A A7 BA 30 3F 88 FF 00 00 33 00 00 11 03 00 00 01 02 33 03 7D 20 28 0A FE FE FE FE 68 2D 00 43 05 96 85 79 09 00 30 10 DE 9C 10 00 09 05 02 37 01 40 00 02 00 00 01 10 F0 D5 56 98 83 8E 08 15 8F 01 3B 87 D4 9A 8C D7 C6 E5 16 7C B4 AD E5 00 00 00 00 00 00 00 00 00 00 00 00 00 00 00 00 00 00 00 00 00 00 00 00 00 00 00 00 00 00 00 00 00 00 00 00 00 00 00 00 00 00 00 00 00 00 00 00 00 5E EE 14 18 7E
[427248][00:29:12.251]7E FF 02 FF E5 BB 10 18 82 05 7D 01 E9 52 47 1F 00 00 03 94 00 01 00 01 69 7F 94 01 E0 00 03 DC 13 79 44 00 D9 10 22 10 00 5F 01 0A A7 BA 30 3F 88 FF 00 00 33 00 00 11 03 00 00 01 02 33 03 7D 20 28 0A FE FE FE FE 68 2D 00 43 05 96 85 79 09 00 30 10 DE 9C 10 00 09 05 02 37 01 40 00 02 00 00 01 10 F0 D5 56 98 83 8E 08 15 8F 01 3B 87 D4 9A 8C D7 C6 E5 16 7C B4 AD E5 00 00 00 00 00 00 00 00 00 00 00 00 00 00 00 00 00 00 00 00 00 00 00 00 00 00 00 00 00 00 00 00 00 00 00 00 00 00 00 00 00 00 00 00 00 00 00 00 00 6F F1 32 EB 7E
[427249][00:29:12.311]7E FF 02 FF E6 BB 44 18 82 05 66 03 AC 57 5B 1F 00 00 03 94 00 01 00 01 69 7F 94 01 E0 00 03 DC 13 79 44 00 D9 10 22 10 00 5F 01 0A A7 BA 30 3F 88 FF 00 00 33 00 00 11 03 00 00 01 02 33 03 7D 20 28 0A FE FE FE FE 68 2D 00 43 05 96 85 79 09 00 30 10 DE 9C 10 00 09 05 02 37 01 40 00 02 00 00 01 10 F0 D5 56 98 83 8E 08 15 8F 01 3B 87 D4 9A 8C D7 C6 E5 16 7C B4 AD E5 00 00 00 00 00 00 00 00 00 00 00 00 00 00 00 00 00 00 00 00 00 00 00 00 00 00 00 00 00 00 00 00 00 00 00 00 00 00 00 00 00 00 00 00 00 00 00 00 00 65 DD C1 14 7E
[427250][00:29:12.386]7E FF 02 FF E7 BB 95 18 82 05 FB 01 EA 18 7A 1F 00 00 03 94 00 01 00 01 69 7F 94 01 E0 00 03 DC 13 79 44 00 D9 10 22 10 00 5F 01 0A A7 BA 30 3F 88 FF 00 00 33 00 00 11 03 00 00 01 02 33 03 7D 20 28 0A FE FE FE FE 68 2D 00 43 05 96 85 79 09 00 30 10 DE 9C 10 00 09 05 02 37 01 40 00 02 00 00 01 10 F0 D5 56 98 83 8E 08 15 8F 01 3B 87 D4 9A 8C D7 C6 E5 16 7C B4 AD E5 00 00 00 00 00 00 00 00 00 00 00 00 00 00 00 00 00 00 00 00 00 00 00 00 00 00 00 00 00 00 00 00 00 00 00 00 00 00 00 00 00 00 00 00 00 00 00 00 00 47 DD 7C 3D 7E
[427251][00:29:13.434]7E FF 02 FF E8 BB A2 1C 82 05 84 02 8B BE 05 21 00 38 00 94 00 01 00 01 69 7F 94 2E 80 0D 01 FC 13 79 44 00 78 C9 AC E0 02 D8 00 04 D5 F2 00 4B 70 EF 04 00 33 00 00 07 00 00 00 2E 00 2E 00 CB 00 3F 00 62 4F 43 0A 7F FD 2D 00 40 F2 C9 00 40 6D 01 40 CF 88 00 04 BE D1 D6 E3 68 D7 2A AD F2 BF 7D FE 18 96 56 04 9A 20 77 38 B4 1B 81 05 00 31 6C 00 00 00 00 00 00 00 00 00 00 00 00 00 00 00 01 00 26 0B 48 00 00 00 00 00 00 00 00 00 00 00 00 00 00 00 00 00 00 00 00 00 00 00 00 00 00 00 00 00 00 00 00 00 00 00 00 00 C6 E0 1A 31 7E
[427252][00:29:13.434]7E FF 02 FF E9 BB AA 1C 82 05 BD 01 D2 BA 08 21 00 38 00 10 00 01 00 02 69 7F 94 10 D8 E0 02 01 00 00 00 00 2A 1D BB CB E4 47 0D 7E
[427253][00:29:13.584]7E FF 02 FF EA BB 4A 1D 82 05 93 03 B1 F2 45 21 00 38 00 10 00 01 00 03 69 7F 94 F4 0B 86 0D 00 00 00 10 02 DD 02 FB 94 19 4B A8 7E
[427254][00:29:14.214]7E FF 02 FF EB BB 69 1F 82 05 15 02 45 0A 3A 22 01 23 0C 10 00 01 00 02 69 7F 94 00 01 80 0D 00 A9 04 00 00 CF 8D 0E A1 85 90 D5 7E
[427255][00:29:14.559]7E FF 02 FF F0 BB FB 20 82 05 CA 01 CF 3C AE 22 00 00 03 94 00 01 00 01 69 7F 94 01 E0 00 03 DC 13 79 44 00 D9 10 22 10 00 5F 01 0A A7 BA 30 3F 88 FF 00 00 33 00 00 11 03 00 00 01 02 33 03 7D 20 28 0A FE FE FE FE 68 2D 00 43 05 96 85 79 09 00 30 10 DE 9C 10 00 09 05 02 37 01 40 00 02 00 00 01 10 F0 D5 56 98 83 8E 08 15 8F 01 3B 87 D4 9A 8C D7 C6 E5 16 7C B4 AD E5 00 00 00 00 00 00 00 00 00 00 00 00 00 00 00 00 00 00 00 00 00 00 00 00 00 00 00 00 00 00 00 00 00 00 00 00 00 00 00 00 00 00 00 00 00 00 00 00 00 0B 45 9B 12 7E
[427256][00:29:14.574]7E FF 02 FF F1 BB 1D 21 82 05 15 02 4D 3D BB 22 00 FF 03 94 00 01 00 01 69 7F 94 01 E0 00 03 DC 13 79 44 00 D9 10 22 10 00 5F 01 0A A7 BA 30 3F 88 FF 00 00 33 00 00 11 03 00 00 01 02 33 03 7D 20 28 0A FE FE FE FE 68 2D 00 43 05 96 85 79 09 00 30 10 DE 9C 10 00 09 05 02 37 01 40 00 02 00 00 01 10 F0 D5 56 98 83 8E 08 15 8F 01 3B 87 D4 9A 8C D7 C6 E5 16 7C B4 AD E5 00 00 00 00 00 00 00 00 00 00 00 00 00 00 00 00 00 00 00 00 00 00 00 00 00 00 00 00 00 00 00 00 00 00 00 00 00 00 00 00 00 00 00 00 00 00 00 00 00 EE 05 92 86 7E
[427257][00:29:14.663]7E FF 02 FF F3 BB 65 21 82 05 81 03 6E D7 D6 22 00 FF 03 94 00 01 00 01 69 7F 94 01 E0 00 03 DC 13 79 44 00 D9 10 22 10 00 5F 01 0A A7 BA 30 3F 88 FF 00 00 33 00 00 11 03 00 00 01 02 33 03 7D 20 28 0A FE FE FE FE 68 2D 00 43 05 96 85 79 09 00 30 10 DE 9C 10 00 09 05 02 37 01 40 00 02 00 00 01 10 F0 D5 56 98 83 8E 08 15 8F 01 3B 87 D4 9A 8C D7 C6 E5 16 7C B4 AD E5 00 00 00 00 00 00 00 00 00 00 00 00 00 00 00 00 00 00 00 00 00 00 00 00 00 00 00 00 00 00 00 00 00 00 00 00 00 00 00 00 00 00 00 00 00 00 00 00 00 24 6A 7F C6 7E
[427258][00:29:14.768]7E FF 02 FF F5 BB E1 21 82 05 00 02 E3 FF 05 23 00 00 03 94 00 01 00 01 69 7F 94 01 E0 00 03 DC 13 79 44 00 D9 10 22 10 00 5F 01 0A A7 BA 30 3F 88 FF 00 00 33 00 00 11 03 00 00 01 02 33 03 7D 20 28 0A FE FE FE FE 68 2D 00 43 05 96 85 79 09 00 30 10 DE 9C 10 00 09 05 02 37 01 40 00 02 00 00 01 10 F0 D5 56 98 83 8E 08 15 8F 01 3B 87 D4 9A 8C D7 C6 E5 16 7C B4 AD E5 00 00 00 00 00 00 00 00 00 00 00 00 00 00 00 00 00 00 00 00 00 00 00 00 00 00 00 00 00 00 00 00 00 00 00 00 00 00 00 00 00 00 00 00 00 00 00 00 00 CC 4E 98 D3 7E
[427259][00:29:14.814]7E FF 02 FF F6 BB 08 22 82 05 B4 01 3C DA 14 23 00 FB 03 94 00 01 00 01 69 7F 94 01 E0 00 03 DC 13 79 40 00 C8 12 A6 10 00 F3 01 03 A8 BA 30 3F 88 FF 00 00 33 00 00 11 03 00 00 01 02 33 03 78 20 28 0A FE FE FE FE 68 2D 00 43 05 51 85 79 09 00 30 10 DD 1A 10 00 09 05 02 32 01 40 00 02 00 00 01 10 F0 D5 56 98 83 8E 08 15 8F 01 3B 87 D4 9A 8C D7 51 F0 16 10 E5 10 25 00 00 00 00 00 00 00 00 00 00 00 00 00 00 00 00 00 00 00 00 00 00 00 00 00 00 00 00 00 00 00 00 00 00 00 00 00 00 00 00 00 00 00 00 00 00 00 00 00 AD 94 E5 A7 7E
[427260][00:29:14.814]7E FF 02 FF F7 BB 1B 22 82 05 2B 03 93 42 1C 23 00 FB 03 10 00 01 00 02 69 7F 94 10 01 E0 00 01 00 04 00 00 57 8F 8D 9C 0D 7D 62 7E
[427261][00:29:14.844]7E FF 02 FF F8 BB C2 21 82 05 9B 00 32 2F 20 23 00 00 03 94 00 01 00 01 69 7F 94 01 E0 00 03 DC 13 79 44 00 D9 10 22 10 00 F3 01 03 A8 BA 30 3F 88 FF 00 00 33 00 00 11 03 00 00 01 02 33 03 78 20 28 0A FE FE FE FE 68 2D 00 43 05 51 85 79 09 00 30 10 DD 1A 10 00 09 05 02 32 01 40 00 02 00 00 01 10 F0 D5 56 98 83 8E 08 15 8F 01 3B 87 D4 9A 8C D7 51 F0 16 10 E5 10 25 00 00 00 00 00 00 00 00 00 00 00 00 00 00 00 00 00 00 00 00 00 00 00 00 00 00 00 00 00 00 00 00 00 00 00 00 00 00 00 00 00 00 00 00 00 00 00 00 00 1B 5F 5C B5 7E
[427262][00:29:14.875]7E FF 02 FF F9 BB 42 22 82 05 A5 02 81 11 2B 23 00 FF 03 94 00 01 00 01 69 7F 94 01 E0 00 03 DC 13 79 40 00 C8 12 A6 10 00 A7 01 03 A9 BA 30 3F 88 FF 00 00 33 00 00 11 03 00 00 01 02 33 03 7E 20 28 0A FE FE FE FE 68 2D 00 43 05 02 86 79 09 00 30 10 01 CC 10 00 09 05 02 38 01 40 00 02 00 00 01 10 F0 D5 56 98 83 8E 08 15 8F 01 3B 87 D4 9A 8C D7 7F DB 16 FE E0 BD 42 00 00 00 00 00 00 00 00 00 00 00 00 00 00 00 00 00 00 00 00 00 00 00 00 00 00 00 00 00 00 00 00 00 00 00 00 00 00 00 00 00 00 00 00 00 00 00 00 00 BD CD B3 DD 7E
[427263][00:29:14.905]7E FF 02 FF FA BB 61 22 82 05 0E 03 E9 EE 36 23 00 FC 02 94 00 01 00 01 69 7F 94 01 E0 00 03 DC 13 79 44 00 D9 10 22 10 00 A7 01 03 A9 BA 30 3F 88 FF 00 00 33 00 00 11 03 00 00 01 02 33 03 7E 20 28 0A FE FE FE FE 68 2D 00 43 05 02 86 79 09 00 30 10 01 CC 10 00 09 05 02 38 01 40 00 02 00 00 01 10 F0 D5 56 98 83 8E 08 15 8F 01 3B 87 D4 9A 8C D7 7F DB 16 FE E0 BD 42 00 00 00 00 00 00 00 00 00 00 00 00 00 00 00 00 00 00 00 00 00 00 00 00 00 00 00 00 00 00 00 00 00 00 00 00 00 00 00 00 00 00 00 00 00 00 00 00 00 64 A7 0E 8F 7E
[427264][00:29:14.936]7E FF 02 FF FB BB 80 22 82 05 0E 03 F7 C0 42 23 00 00 03 94 00 01 00 01 69 7F 94 01 E0 00 03 DC 13 79 44 00 D9 10 22 10 00 A7 01 03 A9 BA 30 3F 88 FF 00 00 33 00 00 11 03 00 00 01 02 33 03 7E 20 28 0A FE FE FE FE 68 2D 00 43 05 02 86 79 09 00 30 10 01 CC 10 00 09 05 02 38 01 40 00 02 00 00 01 10 F0 D5 56 98 83 8E 08 15 8F 01 3B 87 D4 9A 8C D7 7F DB 16 FE E0 BD 42 00 00 00 00 00 00 00 00 00 00 00 00 00 00 00 00 00 00 00 00 00 00 00 00 00 00 00 00 00 00 00 00 00 00 00 00 00 00 00 00 00 00 00 00 00 00 00 00 00 C9 19 66 D7 7E
[427265][00:29:14.936]7E FF 02 FF FC BB 93 22 82 05 1F 00 F1 BB 49 23 00 00 03 10 00 01 00 02 69 7F 94 01 01 E0 00 01 00 02 00 00 46 EF 1D C6 63 75 E5 7E
[427266][00:29:14.966]7E FF 02 FF FD BB B3 22 82 05 09 01 3C 09 56 23 00 00 03 10 00 01 00 02 69 7F 94 10 01 E0 00 01 00 02 00 00 54 EF 81 1E 90 D2 77 7E
[427267][00:29:15.041]7E FF 02 FF FF BB F4 22 82 05 52 01 1A D8 6E 23 00 FD 03 94 00 01 00 01 69 7F 94 01 70 01 03 DC 13 79 40 00 55 B1 53 10 00 2B 01 03 AA BA 30 3F 88 FF 00 00 33 00 00 11 03 00 00 01 02 33 03 6D 20 28 0A FE FE FE FE 68 2D 00 43 05 44 44 05 09 00 30 10 2C 3E 10 00 09 05 02 27 01 40 00 02 00 00 01 10 F0 D5 56 98 83 8E 08 15 8F 01 3B 87 D4 9A 8C D7 76 A2 16 95 0E 3D EB 00 00 00 00 00 00 00 00 00 00 00 00 00 00 00 00 00 00 00 00 00 00 00 00 00 00 00 00 00 00 00 00 00 00 00 00 00 00 00 00 00 00 00 00 00 00 00 00 00 92 C9 59 BA 7E
[427268][00:29:15.086]7E FF 02 FF 00 BC 21 23 82 05 03 00 14 E2 7F 23 00 FD 03 94 00 01 00 01 69 7F 94 01 70 01 03 DC 13 79 44 00 44 B3 D7 10 00 2B 01 03 AA BA 30 3F 88 FF 00 00 33 00 00 11 03 00 00 01 02 33 03 6D 20 28 0A FE FE FE FE 68 2D 00 43 05 44 44 05 09 00 30 10 2C 3E 10 00 09 05 02 27 01 40 00 02 00 00 01 10 F0 D5 56 98 83 8E 08 15 8F 01 3B 87 D4 9A 8C D7 76 A2 16 95 0E 3D EB 00 00 00 00 00 00 00 00 00 00 00 00 00 00 00 00 00 00 00 00 00 00 00 00 00 00 00 00 00 00 00 00 00 00 00 00 00 00 00 00 00 00 00 00 00 00 00 00 00 DB 15 40 14 7E
[427269][00:29:15.146]7E FF 02 FF 01 BC 61 23 82 05 EA 00 B2 61 98 23 00 FE 03 94 00 01 00 01 69 7F 94 01 70 01 03 DC 13 79 44 00 44 B3 D7 10 00 2B 01 03 AA BA 30 3F 88 FF 00 00 33 00 00 11 03 00 00 01 02 33 03 6D 20 28 0A FE FE FE FE 68 2D 00 43 05 44 44 05 09 00 30 10 2C 3E 10 00 09 05 02 27 01 40 00 02 00 00 01 10 F0 D5 56 98 83 8E 08 15 8F 01 3B 87 D4 9A 8C D7 76 A2 16 95 0E 3D EB 00 00 00 00 00 00 00 00 00 00 00 00 00 00 00 00 00 00 00 00 00 00 00 00 00 00 00 00 00 00 00 00 00 00 00 00 00 00 00 00 00 00 00 00 00 00 00 00 00 E6 79 32 39 7E
[427270][00:29:15.236]7E FF 02 FF 02 BC C2 23 82 05 83 02 9F 90 BD 23 00 FE 03 10 00 01 00 02 69 7F 94 10 D8 E0 02 01 04 00 00 00 6B 1D 3E 4F 83 F3 F4 7E
[427271][00:29:15.415]7E FF 02 FF 04 BC 58 24 82 05 81 01 84 A8 F6 23 00 36 00 14 01 01 00 01 69 7F 94 2E F0 FF 01 E5 14 EB C2 00 C4 E5 56 E0 02 FF 2F 01 D7 F2 00 CE 70 01 04 00 33 00 00 08 00 00 00 2E 80 0D 22 30 00 09 04 16 28 20 00 00 12 74 72 39 08 00 00 79 00 09 01 11 00 2F 00 00 00 00 00 D8 30 60 0C 02 02 4F BD 29 00 00 F2 C8 00 00 29 01 00 47 88 00 04 BE 90 D4 E3 20 42 22 A9 60 BF 5D FC 00 16 40 04 9A 20 75 38 B4 1B 81 05 00 31 2C 01 01 01 01 02 01 01 01 04 01 02 04 04 02 02 01 01 01 01 02 01 02 03 03 02 06 03 03 04 04 03 03 02 04 02 03 03 03 01 05 01 03 02 03 01 01 01 01 03 01 01 03 02 03 02 01 02 01 02 03 02 01 04 01 02 04 03 03 03 02 01 01 02 04 01 01 02 01 02 04 02 01 03 02 01 03 01 02 01 01 03 03 02 03 03 02 03 04 04 03 05 04 01 05 04 02 01 04 02 02 04 02 02 01 03 02 02 04 01 02 05 90 E9 5C 68 00 00 00 00 00 00 00 00 00 00 00 00 00 00 00 00 00 00 00 00 00 00 00 00 00 00 00 00 00 00 00 00 00 00 46 81 84 C2 7E
[427272][00:29:15.476]7E FF 02 FF 06 BC B4 24 82 05 C3 00 4E B3 19 24 00 36 00 10 00 01 00 03 69 7F 94 F4 0B 1D 06 00 00 00 10 02 E0 A7 6C C8 40 7B 79 7E
[427273][00:29:15.761]7E FF 02 FF 08 BC DA 25 82 05 57 01 AA EA 89 24 00 36 00 10 00 01 00 02 69 7F 94 01 05 D0 02 01 E1 00 00 00 DF A4 75 6F 31 5A 23 7E
[427274][00:29:15.882]7E FF 02 FF 09 BC AA 25 82 05 A5 01 23 C0 9D 24 00 00 03 14 02 01 00 01 69 7F 94 01 F0 FF 01 5A 16 04 83 00 F5 5B 57 10 00 FF 2F 01 AE BA 00 FA 88 11 00 00 33 00 00 08 00 00 00 01 00 00 04 20 00 00 12 74 72 20 00 00 12 74 72 00 00 64 64 99 00 3E 00 AE 01 3D 00 64 00 00 00 FC FF FF FF 7F DD 7F 6F FF 0F 00 C6 46 90 00 09 81 15 04 00 00 02 09 80 22 40 00 05 02 00 20 00 BC 6D 09 20 21 11 12 05 11 24 80 01 D4 C6 50 00 00 00 1E 7C 4A 31 04 01 42 00 00 00 40 1D 45 3E 20 70 07 16 1E 14 06 3C 04 23 0D 0B 33 0B 04 08 5A 15 39 05 2A 36 52 5B 08 0F 0A 10 50 13 0D 0C 17 14 0F 02 0D 29 24 1C 04 3C 0C 20 52 1F 4F 02 03 03 07 03 5C 07 0C 08 0E 02 02 00 09 0E 0D 0A 04 00 01 0C 10 04 5A 05 00 02 01 00 00 2F 02 53 00 02 02 0B 0D 13 06 02 00 35 01 02 12 03 08 10 00 01 05 06 04 01 05 0C 04 02 0D 08 04 03 09 09 01 05 1A 0A 0B 00 00 04 09 01 01 03 00 03 04 01 05 07 09 0E 4E 08 08 01 07 00 01 00 00 03 0F 0A 07 08 00 01 01 0B 04 7D 45 0C 00 00 00 00 00 00 00 00 00 00 00 00 00 00 00 00 00 00 00 00 00 00 00 00 00 00 00 00 00 00 00 00 00 00 00 00 00 00 00 00 00 00 00 00 00 00 00 00 00 00 00 00 00 00 00 00 00 00 00 00 00 00 00 00 00 00 00 00 00 00 00 00 00 00 00 00 00 00 00 00 00 00 00 00 00 00 00 00 00 00 00 00 00 00 00 00 00 00 00 00 00 00 00 00 00 00 00 00 00 00 00 00 00 00 00 00 00 00 00 00 00 00 00 00 00 00 00 00 00 00 00 00 00 00 00 00 00 00 00 00 00 00 00 00 00 00 00 00 00 00 00 00 00 00 00 00 00 00 00 00 00 00 00 00 00 00 00 00 00 00 00 00 00 00 00 00 00 00 00 00 00 00 00 00 00 00 00 00 00 00 00 00 00 00 00 00 00 00 00 00 00 00 00 00 00 00 00 00 00 00 00 00 00 00 00 00 00 00 00 00 00 00 00 00 00 00 00 00 00 00 00 00 00 00 00 00 00 00 00 00 00 00 00 00 00 00 A1 91 E6 7A 7E
[427275][00:29:15.958]7E FF 02 FF 0B BC 87 26 82 05 40 01 AD DE CB 24 00 36 00 94 00 01 00 01 69 7F 94 06 70 01 01 FC 13 79 40 00 D1 A9 E5 60 00 17 00 04 7C 36 00 4B 70 EF 04 00 33 00 00 07 00 00 00 06 00 06 00 A0 00 3F 00 62 4E C3 0A 7F D5 2C 00 40 F2 C9 00 40 45 01 00 C7 88 00 04 B2 81 D4 E1 03 82 22 E9 D2 BF 1B FE 18 96 D6 00 9A 20 F7 38 94 13 01 05 00 31 2C 00 00 00 00 00 00 00 00 00 00 00 00 00 00 00 01 C4 F1 F0 39 00 00 00 00 00 00 00 00 00 00 00 00 00 00 00 00 00 00 00 00 00 00 00 00 00 00 00 00 00 00 00 00 00 00 00 00 00 47 AE 46 83 7E
[427276][00:29:16.093]7E FF 02 FF 0C BC E0 26 82 05 E3 00 5A C9 ED 24 00 FD 03 14 02 01 00 01 69 7F 94 01 F0 FF 01 5A 16 04 83 00 F5 5B 57 10 00 FF 2F 01 AE BA 00 FA 88 11 00 00 33 00 00 08 00 00 00 01 00 00 04 20 00 00 12 74 72 20 00 00 12 74 72 00 00 64 64 99 00 3E 00 AE 01 3D 00 64 00 00 00 FC FF FF FF 7F DD 7F 6F FF 0F 00 C6 46 90 00 09 81 15 04 00 00 02 09 80 22 40 00 05 02 00 20 00 BC 6D 09 20 21 11 12 05 11 24 80 01 D4 C6 50 00 00 00 1E 7C 4A 31 04 01 42 00 00 00 40 1D 45 3E 20 70 07 16 1E 14 06 3C 04 23 0D 0B 33 0B 04 08 5A 15 39 05 2A 36 52 5B 08 0F 0A 10 50 13 0D 0C 17 14 0F 02 0D 29 24 1C 04 3C 0C 20 52 1F 4F 02 03 03 07 03 5C 07 0C 08 0E 02 02 00 09 0E 0D 0A 04 00 01 0C 10 04 5A 05 00 02 01 00 00 2F 02 53 00 02 02 0B 0D 13 06 02 00 35 01 02 12 03 08 10 00 01 05 06 04 01 05 0C 04 02 0D 08 04 03 09 09 01 05 1A 0A 0B 00 00 04 09 01 01 03 00 03 04 01 05 07 09 0E 4E 08 08 01 07 00 01 00 00 03 0F 0A 07 08 00 01 01 0B 04 7D 45 0C 00 00 00 00 00 00 00 00 00 00 00 00 00 00 00 00 00 00 00 00 00 00 00 00 00 00 00 00 00 00 00 00 00 00 00 00 00 00 00 00 00 00 00 00 00 00 00 00 00 00 00 00 00 00 00 00 00 00 00 00 00 00 00 00 00 00 00 00 00 00 00 00 00 00 00 00 00 00 00 00 00 00 00 00 00 00 00 00 00 00 00 00 00 00 00 00 00 00 00 00 00 00 00 00 00 00 00 00 00 00 00 00 00 00 00 00 00 00 00 00 00 00 00 00 00 00 00 00 00 00 00 00 00 00 00 00 00 00 00 00 00 00 00 00 00 00 00 00 00 00 00 00 00 00 00 00 00 00 00 00 00 00 00 00 00 00 00 00 00 00 00 00 00 00 00 00 00 00 00 00 00 00 00 00 00 00 00 00 00 00 00 00 00 00 00 00 00 00 00 00 00 00 00 00 00 00 00 00 00 00 00 00 00 00 00 00 00 00 00 00 00 00 00 00 00 00 00 00 00 00 00 00 00 00 00 00 00 00 00 00 00 00 00 00 00 00 FC D1 33 BF 7E
[427277][00:29:16.108]7E FF 02 FF 0D BC 09 27 82 05 C0 00 24 6A FD 24 00 39 00 94 00 01 00 01 69 7F 94 06 70 01 01 FC 13 79 44 00 C0 AB 61 60 00 17 00 04 7C 36 00 4B 70 EF 04 00 33 00 00 07 00 00 00 06 00 06 00 A0 00 3F 00 62 4E C3 0A 7F D5 2C 00 40 F2 C9 00 40 45 01 00 C7 88 00 04 B2 81 D4 E1 03 82 22 E9 D2 BF 1B FE 18 96 D6 00 9A 20 F7 38 94 13 01 05 00 31 2C 00 00 00 00 00 00 00 00 00 00 00 00 00 00 00 01 C4 F1 F0 39 00 00 00 00 00 00 00 00 00 00 00 00 00 00 00 00 00 00 00 00 00 00 00 00 00 00 00 00 00 00 00 00 00 00 00 00 00 31 B5 4C 78 7E
[427278][00:29:16.364]7E FF 02 FF 0E BC 03 28 82 05 61 02 07 F3 5C 25 00 38 00 14 01 01 00 01 69 7F 94 20 F0 FF 01 E5 14 EB C2 00 CB E5 32 00 02 FF 2F 01 B6 94 00 97 70 01 04 00 33 00 00 08 00 00 00 20 40 14 41 30 00 09 04 22 19 20 00 00 12 74 72 39 14 0B 2C 42 00 08 01 0F 00 2F 00 00 00 00 00 44 31 60 0C C0 0A 4E D4 29 00 40 60 48 00 00 05 00 00 01 80 00 00 02 00 C0 E1 02 00 00 60 B0 11 00 20 08 96 00 00 98 20 74 20 14 02 01 01 00 30 08 02 03 06 02 04 02 04 03 04 05 03 03 04 05 01 03 02 05 02 02 01 04 02 01 05 04 04 01 01 03 01 04 01 05 04 02 02 03 02 01 01 02 01 05 03 01 01 02 01 03 04 01 01 04 01 02 01 01 04 07 05 02 03 02 02 02 B0 30 F9 E0 00 00 00 00 00 00 00 00 00 00 00 00 00 00 00 00 00 00 00 00 00 00 00 00 00 00 00 00 00 00 00 00 00 00 00 00 00 00 00 00 00 00 00 00 00 00 00 00 00 00 00 00 00 00 00 00 00 00 00 00 00 00 00 00 00 00 00 00 00 00 00 00 00 00 00 00 00 00 00 00 00 00 00 00 00 00 00 00 00 50 E6 DE 7F 7E
[427279][00:29:16.543]7E FF 02 FF 0F BC CE 28 82 05 A1 00 0C 37 AA 25 00 39 00 94 00 01 00 01 69 7F 94 06 70 01 01 FC 13 79 44 00 C0 AB 61 60 00 17 00 04 7C 36 00 4B 70 EF 04 00 33 00 00 07 00 00 00 06 00 06 00 A0 00 3F 00 62 4E C3 0A 7F D5 2C 00 40 F2 C9 00 40 45 01 00 C7 88 00 04 B2 81 D4 E1 03 82 22 E9 D2 BF 1B FE 18 96 D6 00 9A 20 F7 38 94 13 01 05 00 31 2C 00 00 00 00 00 00 00 00 00 00 00 00 00 00 00 01 C4 F1 F0 39 00 00 00 00 00 00 00 00 00 00 00 00 00 00 00 00 00 00 00 00 00 00 00 00 00 00 00 00 00 00 00 00 00 00 00 00 00 43 4C A3 24 7E
[427280][00:29:16.723]7E FF 02 FF 10 BC 6E 29 82 05 7E 01 32 55 E7 25 00 39 00 14 01 01 00 01 69 7F 94 23 F0 FF 01 E5 14 EB C2 00 C8 E5 02 30 02 FF 2F 01 C7 70 00 AC 70 01 04 00 33 00 00 08 00 00 00 23 70 01 21 30 00 09 04 28 27 20 00 00 12 74 72 39 1C 26 3C 57 00 08 01 0F 00 2F 00 00 00 00 00 17 30 60 0E C0 0A 67 D4 29 00 40 F0 48 00 40 05 01 00 41 88 00 04 2A 00 C0 E1 22 40 00 60 70 9B 00 E8 08 92 00 00 18 20 B5 20 14 03 01 01 00 31 28 01 03 05 05 02 03 02 03 02 04 02 03 01 04 04 03 01 04 02 06 02 02 03 01 05 01 04 01 04 07 04 01 03 02 03 02 01 04 01 01 03 01 05 02 03 04 01 02 01 01 03 01 01 05 03 04 01 01 02 04 03 01 01 04 02 03 01 02 01 02 03 01 01 01 01 01 06 09 01 05 03 04 01 05 01 02 02 DE B4 FB AE 00 00 00 00 00 00 00 00 00 00 00 00 00 00 00 00 00 00 00 00 00 00 00 00 00 00 00 00 00 00 00 00 00 00 00 00 00 00 00 00 00 00 00 00 00 00 00 00 00 00 00 00 00 00 00 00 00 00 00 00 00 00 00 00 00 00 00 00 0D C5 CD F9 7E
[427281][00:29:16.783]7E FF 02 FF 11 BC B5 29 82 05 8B 02 F0 83 02 26 00 2E 00 14 01 01 00 01 69 7F 94 87 10 00 01 14 14 76 B0 00 92 95 87 70 08 01 00 00 44 04 00 8C 78 FF 08 00 33 00 00 70 00 00 68 35 16 20 00 00 12 74 72 07 00 00 00 87 00 87 00 0F 00 80 00 0A 00 00 00 03 00 00 00 00 00 00 00 00 00 00 00 00 00 00 00 00 00 08 00 00 00 00 00 00 00 00 00 04 68 09 00 00 10 00 00 01 04 00 00 00 00 10 00 00 00 00 00 00 00 00 00 00 00 00 00 00 00 00 00 00 00 00 00 00 00 00 00 00 00 00 00 00 00 00 00 00 00 00 00 00 00 00 00 00 00 00 00 00 00 00 00 00 00 00 00 00 00 00 00 00 00 00 00 00 00 00 00 00 00 00 00 00 00 00 00 00 00 00 00 00 00 00 00 14 B8 E3 B1 00 00 00 00 00 00 00 00 00 00 00 00 00 00 00 00 00 00 00 00 00 00 00 00 00 00 00 00 00 00 00 00 00 00 00 00 00 00 00 00 00 00 00 00 00 00 00 00 00 00 00 00 00 00 00 00 00 00 00 00 00 00 00 00 00 00 00 00 00 00 00 00 00 00 00 00 00 00 00 00 00 00 00 00 00 00 00 00 52 15 57 1A 7E
[427282][00:29:16.783]7E FF 02 FF 12 BC BD 29 82 05 AF 01 FC 80 05 26 00 2E 00 10 00 01 00 02 69 7F 94 10 01 70 08 01 01 03 00 00 E2 69 D3 15 49 9F 5A 7E
[427283][00:29:17.473]7E FF 02 FF 13 BC 69 2C 82 05 F6 02 17 8B 0A 27 00 FE 03 15 01 01 00 00 69 7F 94 1B 8B 0A 27 01 B0 76 02 00 A0 32 F7 CA 33 20 00 00 12 74 72 6B 07 00 00 10 02 00 00 00 00 00 00 05 00 0F 01 00 00 64 20 00 00 12 74 72 04 00 00 01 0A D0 02 AC 01 30 00 39 00 06 0A 59 CA D5 31 17 B4 6E 26 C0 C5 00 51 33 00 39 24 32 00 00 00 00 9E 6F 09 27 DA 38 00 00 24 00 0E 50 15 50 1C 50 31 50 0C 50 04 50 87 50 8A 50 93 51 34 50 36 50 08 50 40 51 D8 50 62 50 1A 50 11 50 17 50 BA 51 5D 50 29 50 39 51 75 50 7C 51 BC 50 5B 50 D9 50 9D 50 34 51 2E 50 06 50 53 50 3C 51 F8 51 CF 50 01 51 0A 51 6D 51 44 51 68 50 49 50 68 51 DF 50 42 51 FE 51 CA 50 11 51 05 50 E4 50 FA 51 2D 50 14 51 F2 50 C9 50 16 51 1A 51 A2 50 B1 40 9A 41 9D 41 F8 40 AE 40 C3 40 AA 41 A8 40 54 41 7A 40 17 41 18 41 70 41 7C 40 CE 41 BE 40 84 40 06 41 1B 41 AC 40 AF 40 E3 40 FB 40 B3 81 70 17 00 01 C4 09 00 02 B8 0B 00 03 03 04 9A 05 C5 75 82 20 5E 48 79 2C 7E
[427284][00:29:17.503]7E FF 02 FF 14 BC 6D 2C 82 05 51 01 A1 E3 0A 27 01 23 0C 15 01 01 00 00 69 7F 94 06 E2 0A 27 01 20 04 00 00 C4 7E C0 CA 33 20 00 00 12 74 72 6B 07 00 00 10 02 00 00 00 00 00 00 05 00 0F 01 00 00 64 20 00 00 12 74 72 04 00 00 01 0A D0 02 AC 01 30 00 39 00 06 0A 59 CA D5 31 17 B4 6E 26 C0 C5 00 51 33 00 39 24 32 00 00 00 00 9E 6F 09 27 DA 38 00 00 24 00 0E 50 15 50 1C 50 31 50 0C 50 04 50 87 50 8A 50 93 51 34 50 36 50 08 50 40 51 D8 50 62 50 1A 50 11 50 17 50 BA 51 5D 50 29 50 39 51 75 50 7C 51 BC 50 5B 50 D9 50 9D 50 34 51 2E 50 06 50 53 50 3C 51 F8 51 CF 50 01 51 0A 51 6D 51 44 51 68 50 49 50 68 51 DF 50 42 51 FE 51 CA 50 11 51 05 50 E4 50 FA 51 2D 50 14 51 F2 50 C9 50 16 51 1A 51 A2 50 B1 40 9A 41 9D 41 F8 40 AE 40 C3 40 AA 41 A8 40 54 41 7A 40 17 41 18 41 70 41 7C 40 CE 41 BE 40 84 40 06 41 1B 41 AC 40 AF 40 E3 40 FB 40 B3 81 70 17 00 01 C4 09 00 02 B8 0B 00 03 03 04 9A 05 C5 75 82 20 C6 B9 66 C6 7E
[427285][00:29:17.533]7E FF 02 FF 15 BC 8C 2C 82 05 C5 03 5A F5 17 27 00 00 03 15 01 01 00 00 69 7F 94 5A F5 17 27 01 B0 76 04 00 A3 FD 91 CA 33 20 00 00 12 74 72 6B 07 00 00 10 02 00 00 00 00 00 00 05 00 0F 01 00 00 64 20 00 00 12 74 72 04 00 00 01 0A D0 02 AC 01 30 00 39 00 06 0A 59 CA D5 31 17 B4 6E 26 C0 C5 00 51 33 00 39 24 32 00 00 00 00 9E 6F 09 27 DA 38 00 00 24 00 0E 50 15 50 1C 50 31 50 0C 50 04 50 87 50 8A 50 93 51 34 50 36 50 08 50 40 51 D8 50 62 50 1A 50 11 50 17 50 BA 51 5D 50 29 50 39 51 75 50 7C 51 BC 50 5B 50 D9 50 9D 50 34 51 2E 50 06 50 53 50 3C 51 F8 51 CF 50 01 51 0A 51 6D 51 44 51 68 50 49 50 68 51 DF 50 42 51 FE 51 CA 50 11 51 05 50 E4 50 FA 51 2D 50 14 51 F2 50 C9 50 16 51 1A 51 A2 50 B1 40 9A 41 9D 41 F8 40 AE 40 C3 40 AA 41 A8 40 54 41 7A 40 17 41 18 41 70 41 7C 40 CE 41 BE 40 84 40 06 41 1B 41 AC 40 AF 40 E3 40 FB 40 B3 81 70 17 00 01 C4 09 00 02 B8 0B 00 03 03 04 9A 05 C5 75 82 20 EE FF 7E 5C 7E
[427286][00:29:17.563]7E FF 02 FF 16 BC 4C 2C 82 05 D9 03 85 B3 25 27 00 00 03 15 01 01 00 00 69 7F 94 82 B3 25 27 01 B0 76 06 00 71 C1 2D CA 33 20 00 00 12 74 72 6B 07 00 00 10 02 00 00 00 00 00 00 05 00 0F 01 00 00 64 20 00 00 12 74 72 04 00 00 01 0A D0 02 AC 01 30 00 39 00 06 0A 59 CA D5 31 17 B4 6E 26 C0 C5 00 51 33 00 39 24 32 00 00 00 00 9E 6F 09 27 DA 38 00 00 24 00 0E 50 15 50 1C 50 31 50 0C 50 04 50 87 50 8A 50 93 51 34 50 36 50 08 50 40 51 D8 50 62 50 1A 50 11 50 17 50 BA 51 5D 50 29 50 39 51 75 50 7C 51 BC 50 5B 50 D9 50 9D 50 34 51 2E 50 06 50 53 50 3C 51 F8 51 CF 50 01 51 0A 51 6D 51 44 51 68 50 49 50 68 51 DF 50 42 51 FE 51 CA 50 11 51 05 50 E4 50 FA 51 2D 50 14 51 F2 50 C9 50 16 51 1A 51 A2 50 B1 40 9A 41 9D 41 F8 40 AE 40 C3 40 AA 41 A8 40 54 41 7A 40 17 41 18 41 70 41 7C 40 CE 41 BE 40 84 40 06 41 1B 41 AC 40 AF 40 E3 40 FB 40 B3 81 70 17 00 01 C4 09 00 02 B8 0B 00 03 03 04 9A 05 C5 75 82 20 07 29 95 12 7E
[427287][00:29:17.652]7E FF 02 FF 17 BC F7 2C 82 05 B0 01 87 92 40 27 00 36 01 15 02 01 00 00 69 7F 94 1E 92 40 27 15 90 E8 06 00 83 C5 18 C9 33 20 00 00 12 74 72 6B 07 00 00 10 02 00 00 00 00 00 00 05 00 0F 15 10 00 64 30 00 09 80 95 26 12 00 03 01 0A D0 02 AC 01 30 00 39 00 06 0A 59 CA D5 31 17 B4 6E 26 C0 C5 00 51 33 00 39 24 32 00 00 00 00 9E 6F 09 27 DA 38 00 00 24 00 0E 50 15 50 1C 50 31 50 0C 50 04 50 87 50 8A 50 93 51 34 50 36 50 08 50 40 51 D8 50 62 50 1A 50 11 50 17 50 BA 51 5D 50 29 50 39 51 75 50 7C 51 BC 50 5B 50 D9 50 9D 50 34 51 2E 50 06 50 53 50 3C 51 F8 51 CF 50 01 51 0A 51 6D 51 44 51 68 50 49 50 68 51 DF 50 42 51 FE 51 CA 50 11 51 05 50 E4 50 FA 51 2D 50 14 51 F2 50 C9 50 16 51 1A 51 A2 50 B1 40 9A 41 9D 41 F8 40 AE 40 C3 40 AA 41 A8 40 54 41 7A 40 17 41 18 41 70 41 7C 40 CE 41 BE 40 84 40 06 41 1B 41 AC 40 AF 40 E3 40 FB 40 B3 81 70 17 00 01 C4 09 00 02 B8 0B 00 03 03 04 9A 05 00 00 00 00 00 00 00 00 00 00 00 00 00 00 00 00 00 00 00 00 00 00 00 00 00 00 00 00 00 00 00 00 00 00 00 00 00 00 00 00 00 00 00 00 00 00 00 00 00 00 00 00 00 00 00 00 00 00 00 00 00 00 00 00 00 00 00 00 00 00 00 00 00 00 00 00 00 00 00 00 00 00 00 00 00 00 00 00 00 00 00 00 00 00 00 00 00 00 00 00 00 00 00 00 00 00 00 00 00 00 00 00 00 00 00 00 00 00 00 00 00 00 00 00 00 00 00 00 00 00 00 00 00 00 00 00 00 00 00 00 00 00 00 00 00 00 00 00 00 00 00 00 00 00 00 00 00 00 00 00 00 00 00 00 00 00 00 00 00 00 00 00 00 00 00 00 00 00 00 00 00 00 00 00 00 00 00 00 00 00 00 00 00 00 00 00 00 00 00 00 00 00 00 00 00 00 00 00 00 00 00 00 00 00 00 00 00 00 00 00 00 00 00 00 00 00 00 00 00 00 00 00 00 00 00 00 00 00 00 00 00 00 00 00 00 00 00 00 00 00 00 00 00 00 00 00 34 2B 59 02 7B C3 01 40 7E
[427288][00:29:17.713]7E FF 02 FF 19 BC 1B 2D 82 05 A2 01 25 4E 4E 27 00 38 01 15 02 01 00 00 69 7F 94 BE 4D 4E 27 1C 90 E8 06 00 3C 8D A1 C9 33 20 00 00 12 74 72 6B 07 00 00 10 02 00 00 00 00 00 00 05 00 0F 1C 10 00 64 30 00 09 80 93 77 12 00 03 01 0A D0 02 AC 01 30 00 39 00 06 0A 59 CA D5 31 17 B4 6E 26 C0 C5 00 51 33 00 39 24 32 00 00 00 00 9E 6F 09 27 DA 38 00 00 24 00 0E 50 15 50 1C 50 31 50 0C 50 04 50 87 50 8A 50 93 51 34 50 36 50 08 50 40 51 D8 50 62 50 1A 50 11 50 17 50 BA 51 5D 50 29 50 39 51 75 50 7C 51 BC 50 5B 50 D9 50 9D 50 34 51 2E 50 06 50 53 50 3C 51 F8 51 CF 50 01 51 0A 51 6D 51 44 51 68 50 49 50 68 51 DF 50 42 51 FE 51 CA 50 11 51 05 50 E4 50 FA 51 2D 50 14 51 F2 50 C9 50 16 51 1A 51 A2 50 B1 40 9A 41 9D 41 F8 40 AE 40 C3 40 AA 41 A8 40 54 41 7A 40 17 41 18 41 70 41 7C 40 CE 41 BE 40 84 40 06 41 1B 41 AC 40 AF 40 E3 40 FB 40 B3 81 70 17 00 01 C4 09 00 02 B8 0B 00 03 03 04 9A 05 00 00 00 00 00 00 00 00 00 00 00 00 00 00 00 00 00 00 00 00 00 00 00 00 00 00 00 00 00 00 00 00 00 00 00 00 00 00 00 00 00 00 00 00 00 00 00 00 00 00 00 00 00 00 00 00 00 00 00 00 00 00 00 00 00 00 00 00 00 00 00 00 00 00 00 00 00 00 00 00 00 00 00 00 00 00 00 00 00 00 00 00 00 00 00 00 00 00 00 00 00 00 00 00 00 00 00 00 00 00 00 00 00 00 00 00 00 00 00 00 00 00 00 00 00 00 00 00 00 00 00 00 00 00 00 00 00 00 00 00 00 00 00 00 00 00 00 00 00 00 00 00 00 00 00 00 00 00 00 00 00 00 00 00 00 00 00 00 00 00 00 00 00 00 00 00 00 00 00 00 00 00 00 00 00 00 00 00 00 00 00 00 00 00 00 00 00 00 00 00 00 00 00 00 00 00 00 00 00 00 00 00 00 00 00 00 00 00 00 00 00 00 00 00 00 00 00 00 00 00 00 00 00 00 00 00 00 00 00 00 00 00 00 00 00 00 00 00 00 00 00 00 00 00 00 00 3D 6D 7A AC FB D0 01 7E 7E
[427289][00:29:17.774]7E FF 02 FF 1A BC 29 2D 82 05 B1 01 82 A6 53 27 00 32 01 15 02 01 00 00 69 7F 94 1A A6 53 27 1C 90 E8 06 00 EE C6 27 C9 33 20 00 00 12 74 72 6B 07 00 00 10 02 00 00 00 00 00 00 05 00 0F 1C 10 00 64 30 00 09 80 93 77 12 00 03 01 0A D0 02 AC 01 30 00 39 00 06 0A 59 CA D5 31 17 B4 6E 26 C0 C5 00 51 33 00 39 24 32 00 00 00 00 9E 6F 09 27 DA 38 00 00 24 00 0E 50 15 50 1C 50 31 50 0C 50 04 50 87 50 8A 50 93 51 34 50 36 50 08 50 40 51 D8 50 62 50 1A 50 11 50 17 50 BA 51 5D 50 29 50 39 51 75 50 7C 51 BC 50 5B 50 D9 50 9D 50 34 51 2E 50 06 50 53 50 3C 51 F8 51 CF 50 01 51 0A 51 6D 51 44 51 68 50 49 50 68 51 DF 50 42 51 FE 51 CA 50 11 51 05 50 E4 50 FA 51 2D 50 14 51 F2 50 C9 50 16 51 1A 51 A2 50 B1 40 9A 41 9D 41 F8 40 AE 40 C3 40 AA 41 A8 40 54 41 7A 40 17 41 18 41 70 41 7C 40 CE 41 BE 40 84 40 06 41 1B 41 AC 40 AF 40 E3 40 FB 40 B3 81 70 17 00 01 C4 09 00 02 B8 0B 00 03 03 04 9A 05 00 00 00 00 00 00 00 00 00 00 00 00 00 00 00 00 00 00 00 00 00 00 00 00 00 00 00 00 00 00 00 00 00 00 00 00 00 00 00 00 00 00 00 00 00 00 00 00 00 00 00 00 00 00 00 00 00 00 00 00 00 00 00 00 00 00 00 00 00 00 00 00 00 00 00 00 00 00 00 00 00 00 00 00 00 00 00 00 00 00 00 00 00 00 00 00 00 00 00 00 00 00 00 00 00 00 00 00 00 00 00 00 00 00 00 00 00 00 00 00 00 00 00 00 00 00 00 00 00 00 00 00 00 00 00 00 00 00 00 00 00 00 00 00 00 00 00 00 00 00 00 00 00 00 00 00 00 00 00 00 00 00 00 00 00 00 00 00 00 00 00 00 00 00 00 00 00 00 00 00 00 00 00 00 00 00 00 00 00 00 00 00 00 00 00 00 00 00 00 00 00 00 00 00 00 00 00 00 00 00 00 00 00 00 00 00 00 00 00 00 00 00 00 00 00 00 00 00 00 00 00 00 00 00 00 00 00 00 00 00 00 00 00 00 00 00 00 00 00 00 00 00 00 00 00 00 3D 6D 7A AC 25 17 49 A1 7E
[427290][00:29:17.819]7E FF 02 FF 1B BC 87 2D 82 05 AA 01 27 81 77 27 00 37 00 15 02 01 00 00 69 7F 94 9E 80 77 27 04 90 E8 04 00 BC 46 F9 C9 33 20 00 00 12 74 72 6B 07 00 00 10 02 00 00 00 00 00 00 05 00 0F 04 10 00 64 30 00 09 80 44 14 12 00 02 01 0A D0 02 AC 01 30 00 39 00 06 0A 59 CA D5 31 17 B4 6E 26 C0 C5 00 51 33 00 39 24 32 00 00 00 00 9E 6F 09 27 DA 38 00 00 24 00 0E 50 15 50 1C 50 31 50 0C 50 04 50 87 50 8A 50 93 51 34 50 36 50 08 50 40 51 D8 50 62 50 1A 50 11 50 17 50 BA 51 5D 50 29 50 39 51 75 50 7C 51 BC 50 5B 50 D9 50 9D 50 34 51 2E 50 06 50 53 50 3C 51 F8 51 CF 50 01 51 0A 51 6D 51 44 51 68 50 49 50 68 51 DF 50 42 51 FE 51 CA 50 11 51 05 50 E4 50 FA 51 2D 50 14 51 F2 50 C9 50 16 51 1A 51 A2 50 B1 40 9A 41 9D 41 F8 40 AE 40 C3 40 AA 41 A8 40 54 41 7A 40 17 41 18 41 70 41 7C 40 CE 41 BE 40 84 40 06 41 1B 41 AC 40 AF 40 E3 40 FB 40 B3 81 70 17 00 01 C4 09 00 02 B8 0B 00 03 03 04 9A 05 00 00 00 00 00 00 00 00 00 00 00 00 00 00 00 00 00 00 00 00 00 00 00 00 00 00 00 00 00 00 00 00 00 00 00 00 00 00 00 00 00 00 00 00 00 00 00 00 00 00 00 00 00 00 00 00 00 00 00 00 00 00 00 00 00 00 00 00 00 00 00 00 00 00 00 00 00 00 00 00 00 00 00 00 00 00 00 00 00 00 00 00 00 00 00 00 00 00 00 00 00 00 00 00 00 00 00 00 00 00 00 00 00 00 00 00 00 00 00 00 00 00 00 00 00 00 00 00 00 00 00 00 00 00 00 00 00 00 00 00 00 00 00 00 00 00 00 00 00 00 00 00 00 00 00 00 00 00 00 00 00 00 00 00 00 00 00 00 00 00 00 00 00 00 00 00 00 00 00 00 00 00 00 00 00 00 00 00 00 00 00 00 00 00 00 00 00 00 00 00 00 00 00 00 00 00 00 00 00 00 00 00 00 00 00 00 00 00 00 00 00 00 00 00 00 00 00 00 00 00 00 00 00 00 00 00 00 00 00 00 00 00 00 00 00 00 00 00 00 00 00 00 00 00 00 00 B6 64 8C 25 91 D0 A8 3F 7E
[427291][00:29:17.864]7E FF 02 FF 1C BC 95 2D 82 05 AB 01 75 D9 7C 27 00 35 00 15 02 01 00 00 69 7F 94 FA D8 7C 27 04 90 E8 04 00 D4 7E 83 C9 33 20 00 00 12 74 72 6B 07 00 00 10 02 00 00 00 00 00 00 05 00 0F 04 10 00 64 30 00 09 80 44 14 12 00 02 01 0A D0 02 AC 01 30 00 39 00 06 0A 59 CA D5 31 17 B4 6E 26 C0 C5 00 51 33 00 39 24 32 00 00 00 00 9E 6F 09 27 DA 38 00 00 24 00 0E 50 15 50 1C 50 31 50 0C 50 04 50 87 50 8A 50 93 51 34 50 36 50 08 50 40 51 D8 50 62 50 1A 50 11 50 17 50 BA 51 5D 50 29 50 39 51 75 50 7C 51 BC 50 5B 50 D9 50 9D 50 34 51 2E 50 06 50 53 50 3C 51 F8 51 CF 50 01 51 0A 51 6D 51 44 51 68 50 49 50 68 51 DF 50 42 51 FE 51 CA 50 11 51 05 50 E4 50 FA 51 2D 50 14 51 F2 50 C9 50 16 51 1A 51 A2 50 B1 40 9A 41 9D 41 F8 40 AE 40 C3 40 AA 41 A8 40 54 41 7A 40 17 41 18 41 70 41 7C 40 CE 41 BE 40 84 40 06 41 1B 41 AC 40 AF 40 E3 40 FB 40 B3 81 70 17 00 01 C4 09 00 02 B8 0B 00 03 03 04 9A 05 00 00 00 00 00 00 00 00 00 00 00 00 00 00 00 00 00 00 00 00 00 00 00 00 00 00 00 00 00 00 00 00 00 00 00 00 00 00 00 00 00 00 00 00 00 00 00 00 00 00 00 00 00 00 00 00 00 00 00 00 00 00 00 00 00 00 00 00 00 00 00 00 00 00 00 00 00 00 00 00 00 00 00 00 00 00 00 00 00 00 00 00 00 00 00 00 00 00 00 00 00 00 00 00 00 00 00 00 00 00 00 00 00 00 00 00 00 00 00 00 00 00 00 00 00 00 00 00 00 00 00 00 00 00 00 00 00 00 00 00 00 00 00 00 00 00 00 00 00 00 00 00 00 00 00 00 00 00 00 00 00 00 00 00 00 00 00 00 00 00 00 00 00 00 00 00 00 00 00 00 00 00 00 00 00 00 00 00 00 00 00 00 00 00 00 00 00 00 00 00 00 00 00 00 00 00 00 00 00 00 00 00 00 00 00 00 00 00 00 00 00 00 00 00 00 00 00 00 00 00 00 00 00 00 00 00 00 00 00 00 00 00 00 00 00 00 00 00 00 00 00 00 00 00 00 00 B6 64 8C 25 D1 7C EB FE 7E
[427292][00:29:17.895]7E FF 02 FF 1D BC AB 2D 82 05 BD 00 BE 25 85 27 00 29 02 15 01 01 00 00 69 7F 94 16 28 85 27 87 C0 EB 06 00 E5 9A 9D C9 33 20 00 00 12 74 72 6B 07 00 00 10 02 00 00 00 00 00 00 05 00 0F 87 10 00 51 70 00 00 68 35 16 12 00 03 01 0A D0 02 AC 01 30 00 39 00 06 0A 59 CA D5 31 17 B4 6E 26 C0 C5 00 51 33 00 39 24 32 00 00 00 00 9E 6F 09 27 DA 38 00 00 24 00 0E 50 15 50 1C 50 31 50 0C 50 04 50 87 50 8A 50 93 51 34 50 36 50 08 50 40 51 D8 50 62 50 1A 50 11 50 17 50 BA 51 5D 50 29 50 39 51 75 50 7C 51 BC 50 5B 50 D9 50 9D 50 34 51 2E 50 06 50 53 50 3C 51 F8 51 CF 50 01 51 0A 51 6D 51 44 51 68 50 49 50 68 51 DF 50 42 51 FE 51 CA 50 11 51 05 50 E4 50 FA 51 2D 50 14 51 F2 50 C9 50 16 51 1A 51 A2 50 B1 40 9A 41 9D 41 F8 40 AE 40 C3 40 AA 41 A8 40 54 41 7A 40 17 41 18 41 70 41 7C 40 CE 41 BE 40 84 40 06 41 1B 41 AC 40 AF 40 E3 40 FB 40 B3 81 70 17 00 01 C4 09 00 02 B8 0B 00 03 03 04 9A 05 D6 AE 7E 2D DC 1A 25 15 7E
[427293][00:29:17.926]7E FF 02 FF 1E BC D2 2D 82 05 B0 01 67 76 93 27 01 55 01 15 01 01 00 00 69 7F 94 A0 74 93 27 87 20 04 00 00 43 E6 3F C9 33 20 00 00 12 74 72 6B 07 00 00 10 02 00 00 00 00 00 00 05 00 0F 87 10 00 51 70 00 00 68 35 16 12 00 03 01 0A D0 02 AC 01 30 00 39 00 06 0A 59 CA D5 31 17 B4 6E 26 C0 C5 00 51 33 00 39 24 32 00 00 00 00 9E 6F 09 27 DA 38 00 00 24 00 0E 50 15 50 1C 50 31 50 0C 50 04 50 87 50 8A 50 93 51 34 50 36 50 08 50 40 51 D8 50 62 50 1A 50 11 50 17 50 BA 51 5D 50 29 50 39 51 75 50 7C 51 BC 50 5B 50 D9 50 9D 50 34 51 2E 50 06 50 53 50 3C 51 F8 51 CF 50 01 51 0A 51 6D 51 44 51 68 50 49 50 68 51 DF 50 42 51 FE 51 CA 50 11 51 05 50 E4 50 FA 51 2D 50 14 51 F2 50 C9 50 16 51 1A 51 A2 50 B1 40 9A 41 9D 41 F8 40 AE 40 C3 40 AA 41 A8 40 54 41 7A 40 17 41 18 41 70 41 7C 40 CE 41 BE 40 84 40 06 41 1B 41 AC 40 AF 40 E3 40 FB 40 B3 81 70 17 00 01 C4 09 00 02 B8 0B 00 03 03 04 9A 05 D6 AE 7E 2D E5 ED 86 ED 7E
[427294][00:29:17.972]7E FF 02 FF 1F BC 3B 2E 82 05 B3 01 26 2B BC 27 00 39 01 15 02 01 00 00 69 7F 94 BE 2A BC 27 36 90 E8 06 00 96 D9 BF C9 33 20 00 00 12 74 72 6B 07 00 00 10 02 00 00 00 00 00 00 05 00 0F 36 10 00 64 30 00 09 79 78 92 12 00 03 01 0A D0 02 AC 01 30 00 39 00 06 0A 59 CA D5 31 17 B4 6E 26 C0 C5 00 51 33 00 39 24 32 00 00 00 00 9E 6F 09 27 DA 38 00 00 24 00 0E 50 15 50 1C 50 31 50 0C 50 04 50 87 50 8A 50 93 51 34 50 36 50 08 50 40 51 D8 50 62 50 1A 50 11 50 17 50 BA 51 5D 50 29 50 39 51 75 50 7C 51 BC 50 5B 50 D9 50 9D 50 34 51 2E 50 06 50 53 50 3C 51 F8 51 CF 50 01 51 0A 51 6D 51 44 51 68 50 49 50 68 51 DF 50 42 51 FE 51 CA 50 11 51 05 50 E4 50 FA 51 2D 50 14 51 F2 50 C9 50 16 51 1A 51 A2 50 B1 40 9A 41 9D 41 F8 40 AE 40 C3 40 AA 41 A8 40 54 41 7A 40 17 41 18 41 70 41 7C 40 CE 41 BE 40 84 40 06 41 1B 41 AC 40 AF 40 E3 40 FB 40 B3 81 70 17 00 01 C4 09 00 02 B8 0B 00 03 03 04 9A 05 00 00 00 00 00 00 00 00 00 00 00 00 00 00 00 00 00 00 00 00 00 00 00 00 00 00 00 00 00 00 00 00 00 00 00 00 00 00 00 00 00 00 00 00 00 00 00 00 00 00 00 00 00 00 00 00 00 00 00 00 00 00 00 00 00 00 00 00 00 00 00 00 00 00 00 00 00 00 00 00 00 00 00 00 00 00 00 00 00 00 00 00 00 00 00 00 00 00 00 00 00 00 00 00 00 00 00 00 00 00 00 00 00 00 00 00 00 00 00 00 00 00 00 00 00 00 00 00 00 00 00 00 00 00 00 00 00 00 00 00 00 00 00 00 00 00 00 00 00 00 00 00 00 00 00 00 00 00 00 00 00 00 00 00 00 00 00 00 00 00 00 00 00 00 00 00 00 00 00 00 00 00 00 00 00 00 00 00 00 00 00 00 00 00 00 00 00 00 00 00 00 00 00 00 00 00 00 00 00 00 00 00 00 00 00 00 00 00 00 00 00 00 00 00 00 00 00 00 00 00 00 00 00 00 00 00 00 00 00 00 00 00 00 00 00 00 00 00 00 00 00 00 00 00 00 00 85 DB 52 72 4B FF 17 61 7E
[427295][00:29:18.016]7E FF 02 FF 20 BC 49 2E 82 05 C6 01 82 83 C1 27 00 3C 01 15 02 01 00 00 69 7F 94 1A 83 C1 27 36 90 E8 06 00 5D BB B1 C9 33 20 00 00 12 74 72 6B 07 00 00 10 02 00 00 00 00 00 00 05 00 0F 36 10 00 64 30 00 09 79 78 92 12 00 03 01 0A D0 02 AC 01 30 00 39 00 06 0A 59 CA D5 31 17 B4 6E 26 C0 C5 00 51 33 00 39 24 32 00 00 00 00 9E 6F 09 27 DA 38 00 00 24 00 0E 50 15 50 1C 50 31 50 0C 50 04 50 87 50 8A 50 93 51 34 50 36 50 08 50 40 51 D8 50 62 50 1A 50 11 50 17 50 BA 51 5D 50 29 50 39 51 75 50 7C 51 BC 50 5B 50 D9 50 9D 50 34 51 2E 50 06 50 53 50 3C 51 F8 51 CF 50 01 51 0A 51 6D 51 44 51 68 50 49 50 68 51 DF 50 42 51 FE 51 CA 50 11 51 05 50 E4 50 FA 51 2D 50 14 51 F2 50 C9 50 16 51 1A 51 A2 50 B1 40 9A 41 9D 41 F8 40 AE 40 C3 40 AA 41 A8 40 54 41 7A 40 17 41 18 41 70 41 7C 40 CE 41 BE 40 84 40 06 41 1B 41 AC 40 AF 40 E3 40 FB 40 B3 81 70 17 00 01 C4 09 00 02 B8 0B 00 03 03 04 9A 05 00 00 00 00 00 00 00 00 00 00 00 00 00 00 00 00 00 00 00 00 00 00 00 00 00 00 00 00 00 00 00 00 00 00 00 00 00 00 00 00 00 00 00 00 00 00 00 00 00 00 00 00 00 00 00 00 00 00 00 00 00 00 00 00 00 00 00 00 00 00 00 00 00 00 00 00 00 00 00 00 00 00 00 00 00 00 00 00 00 00 00 00 00 00 00 00 00 00 00 00 00 00 00 00 00 00 00 00 00 00 00 00 00 00 00 00 00 00 00 00 00 00 00 00 00 00 00 00 00 00 00 00 00 00 00 00 00 00 00 00 00 00 00 00 00 00 00 00 00 00 00 00 00 00 00 00 00 00 00 00 00 00 00 00 00 00 00 00 00 00 00 00 00 00 00 00 00 00 00 00 00 00 00 00 00 00 00 00 00 00 00 00 00 00 00 00 00 00 00 00 00 00 00 00 00 00 00 00 00 00 00 00 00 00 00 00 00 00 00 00 00 00 00 00 00 00 00 00 00 00 00 00 00 00 00 00 00 00 00 00 00 00 00 00 00 00 00 00 00 00 00 00 00 00 00 00 85 DB 52 72 DF 8D 90 29 7E
[427296][00:29:18.047]7E FF 02 FF 21 BC 83 2E 82 05 F0 00 00 90 D7 27 00 38 00 15 01 01 00 00 69 7F 94 BD 8F D7 27 40 C1 EB 06 00 41 88 80 C9 33 20 00 00 12 74 72 6B 07 00 00 10 02 00 00 00 00 00 00 05 00 0F 40 11 00 30 70 00 00 78 61 68 12 00 03 01 0A D0 02 AC 01 30 00 39 00 06 0A 59 CA D5 31 17 B4 6E 26 C0 C5 00 51 33 00 39 24 32 00 00 00 00 9E 6F 09 27 DA 38 00 00 24 00 0E 50 15 50 1C 50 31 50 0C 50 04 50 87 50 8A 50 93 51 34 50 36 50 08 50 40 51 D8 50 62 50 1A 50 11 50 17 50 BA 51 5D 50 29 50 39 51 75 50 7C 51 BC 50 5B 50 D9 50 9D 50 34 51 2E 50 06 50 53 50 3C 51 F8 51 CF 50 01 51 0A 51 6D 51 44 51 68 50 49 50 68 51 DF 50 42 51 FE 51 CA 50 11 51 05 50 E4 50 FA 51 2D 50 14 51 F2 50 C9 50 16 51 1A 51 A2 50 B1 40 9A 41 9D 41 F8 40 AE 40 C3 40 AA 41 A8 40 54 41 7A 40 17 41 18 41 70 41 7C 40 CE 41 BE 40 84 40 06 41 1B 41 AC 40 AF 40 E3 40 FB 40 B3 81 70 17 00 01 C4 09 00 02 B8 0B 00 03 03 04 9A 05 15 86 A0 0E A1 0A BC 88 7E
[427297][00:29:18.077]7E FF 02 FF 22 BC A7 2E 82 05 7E 01 B2 5A E5 27 00 39 00 15 01 01 00 00 69 7F 94 0B 5D E5 27 D8 C0 EB 06 00 F1 55 6A C9 33 20 00 00 12 74 72 6B 07 00 00 10 02 00 00 00 00 00 00 05 00 0F D8 10 00 00 30 00 15 61 49 26 12 00 03 01 0A D0 02 AC 01 30 00 39 00 06 0A 59 CA D5 31 17 B4 6E 26 C0 C5 00 51 33 00 39 24 32 00 00 00 00 9E 6F 09 27 DA 38 00 00 24 00 0E 50 15 50 1C 50 31 50 0C 50 04 50 87 50 8A 50 93 51 34 50 36 50 08 50 40 51 D8 50 62 50 1A 50 11 50 17 50 BA 51 5D 50 29 50 39 51 75 50 7C 51 BC 50 5B 50 D9 50 9D 50 34 51 2E 50 06 50 53 50 3C 51 F8 51 CF 50 01 51 0A 51 6D 51 44 51 68 50 49 50 68 51 DF 50 42 51 FE 51 CA 50 11 51 05 50 E4 50 FA 51 2D 50 14 51 F2 50 C9 50 16 51 1A 51 A2 50 B1 40 9A 41 9D 41 F8 40 AE 40 C3 40 AA 41 A8 40 54 41 7A 40 17 41 18 41 70 41 7C 40 CE 41 BE 40 84 40 06 41 1B 41 AC 40 AF 40 E3 40 FB 40 B3 81 70 17 00 01 C4 09 00 02 B8 0B 00 03 03 04 9A 05 DC FE DC CF 1F 05 F0 C2 7E
[427298][00:29:18.122]7E FF 02 FF 23 BC CB 2E 82 05 AB 01 B3 19 F3 27 00 36 01 15 02 01 00 00 69 7F 94 3E 19 F3 27 62 90 E8 04 00 33 55 78 C9 33 20 00 00 12 74 72 6B 07 00 00 10 02 00 00 00 00 00 00 05 00 0F 62 10 00 64 30 00 09 81 09 37 12 00 02 01 0A D0 02 AC 01 30 00 39 00 06 0A 59 CA D5 31 17 B4 6E 26 C0 C5 00 51 33 00 39 24 32 00 00 00 00 9E 6F 09 27 DA 38 00 00 24 00 0E 50 15 50 1C 50 31 50 0C 50 04 50 87 50 8A 50 93 51 34 50 36 50 08 50 40 51 D8 50 62 50 1A 50 11 50 17 50 BA 51 5D 50 29 50 39 51 75 50 7C 51 BC 50 5B 50 D9 50 9D 50 34 51 2E 50 06 50 53 50 3C 51 F8 51 CF 50 01 51 0A 51 6D 51 44 51 68 50 49 50 68 51 DF 50 42 51 FE 51 CA 50 11 51 05 50 E4 50 FA 51 2D 50 14 51 F2 50 C9 50 16 51 1A 51 A2 50 B1 40 9A 41 9D 41 F8 40 AE 40 C3 40 AA 41 A8 40 54 41 7A 40 17 41 18 41 70 41 7C 40 CE 41 BE 40 84 40 06 41 1B 41 AC 40 AF 40 E3 40 FB 40 B3 81 70 17 00 01 C4 09 00 02 B8 0B 00 03 03 04 9A 05 00 00 00 00 00 00 00 00 00 00 00 00 00 00 00 00 00 00 00 00 00 00 00 00 00 00 00 00 00 00 00 00 00 00 00 00 00 00 00 00 00 00 00 00 00 00 00 00 00 00 00 00 00 00 00 00 00 00 00 00 00 00 00 00 00 00 00 00 00 00 00 00 00 00 00 00 00 00 00 00 00 00 00 00 00 00 00 00 00 00 00 00 00 00 00 00 00 00 00 00 00 00 00 00 00 00 00 00 00 00 00 00 00 00 00 00 00 00 00 00 00 00 00 00 00 00 00 00 00 00 00 00 00 00 00 00 00 00 00 00 00 00 00 00 00 00 00 00 00 00 00 00 00 00 00 00 00 00 00 00 00 00 00 00 00 00 00 00 00 00 00 00 00 00 00 00 00 00 00 00 00 00 00 00 00 00 00 00 00 00 00 00 00 00 00 00 00 00 00 00 00 00 00 00 00 00 00 00 00 00 00 00 00 00 00 00 00 00 00 00 00 00 00 00 00 00 00 00 00 00 00 00 00 00 00 00 00 00 00 00 00 00 00 00 00 00 00 00 00 00 00 00 00 00 00 00 B7 8F A4 B5 23 D5 17 98 7E
[427299][00:29:18.182]7E FF 02 FF 24 BC D9 2E 82 05 A8 01 2A 72 F8 27 00 36 01 15 02 01 00 00 69 7F 94 9A 71 F8 27 62 90 E8 04 00 B3 5B A2 C9 33 20 00 00 12 74 72 6B 07 00 00 10 02 00 00 00 00 00 00 05 00 0F 62 10 00 64 30 00 09 81 09 37 12 00 02 01 0A D0 02 AC 01 30 00 39 00 06 0A 59 CA D5 31 17 B4 6E 26 C0 C5 00 51 33 00 39 24 32 00 00 00 00 9E 6F 09 27 DA 38 00 00 24 00 0E 50 15 50 1C 50 31 50 0C 50 04 50 87 50 8A 50 93 51 34 50 36 50 08 50 40 51 D8 50 62 50 1A 50 11 50 17 50 BA 51 5D 50 29 50 39 51 75 50 7C 51 BC 50 5B 50 D9 50 9D 50 34 51 2E 50 06 50 53 50 3C 51 F8 51 CF 50 01 51 0A 51 6D 51 44 51 68 50 49 50 68 51 DF 50 42 51 FE 51 CA 50 11 51 05 50 E4 50 FA 51 2D 50 14 51 F2 50 C9 50 16 51 1A 51 A2 50 B1 40 9A 41 9D 41 F8 40 AE 40 C3 40 AA 41 A8 40 54 41 7A 40 17 41 18 41 70 41 7C 40 CE 41 BE 40 84 40 06 41 1B 41 AC 40 AF 40 E3 40 FB 40 B3 81 70 17 00 01 C4 09 00 02 B8 0B 00 03 03 04 9A 05 00 00 00 00 00 00 00 00 00 00 00 00 00 00 00 00 00 00 00 00 00 00 00 00 00 00 00 00 00 00 00 00 00 00 00 00 00 00 00 00 00 00 00 00 00 00 00 00 00 00 00 00 00 00 00 00 00 00 00 00 00 00 00 00 00 00 00 00 00 00 00 00 00 00 00 00 00 00 00 00 00 00 00 00 00 00 00 00 00 00 00 00 00 00 00 00 00 00 00 00 00 00 00 00 00 00 00 00 00 00 00 00 00 00 00 00 00 00 00 00 00 00 00 00 00 00 00 00 00 00 00 00 00 00 00 00 00 00 00 00 00 00 00 00 00 00 00 00 00 00 00 00 00 00 00 00 00 00 00 00 00 00 00 00 00 00 00 00 00 00 00 00 00 00 00 00 00 00 00 00 00 00 00 00 00 00 00 00 00 00 00 00 00 00 00 00 00 00 00 00 00 00 00 00 00 00 00 00 00 00 00 00 00 00 00 00 00 00 00 00 00 00 00 00 00 00 00 00 00 00 00 00 00 00 00 00 00 00 00 00 00 00 00 00 00 00 00 00 00 00 00 00 00 00 00 00 B7 8F A4 B5 FA BB DB 9F 7E
[427300][00:29:20.502]7E FF 02 FF 25 BC 49 38 82 05 53 00 EB F3 91 2B 00 FF 03 94 00 01 00 01 69 7F 94 01 E0 00 03 DC 13 79 40 00 C8 12 A6 10 00 D6 01 03 AD BA 30 3F 88 FF 00 00 33 00 00 11 03 00 00 01 02 33 03 7F 20 28 0A FE FE FE FE 68 2D 00 43 05 03 86 79 09 00 30 10 D4 53 10 00 09 05 02 39 01 40 00 02 00 00 01 10 F0 D5 56 98 83 8E 08 15 8F 01 3B 87 D4 9A 8C D7 04 DF 16 F6 BD 46 D1 00 00 00 00 00 00 00 00 00 00 00 00 00 00 00 00 00 00 00 00 00 00 00 00 00 00 00 00 00 00 00 00 00 00 00 00 00 00 00 00 00 00 00 00 00 00 00 00 00 53 81 B9 AD 7E
