[406727][00:00:00.016]7E FF 02 FF 24 6B 75 5B 67 05 E5 03 B9 D0 49 EC 00 39 00 10 00 01 00 02 69 7F 94 10 01 40 03 01 00 00 00 00 BD 72 F2 87 7B A5 C9 7E
[406728][00:00:00.061]7E FF 02 FF 25 6B 93 5B 67 05 F3 00 D2 F2 54 EC 00 3A 00 94 00 01 00 01 69 7F 94 35 60 00 01 FC 13 79 40 00 FD 9A 28 50 03 06 00 04 8D 41 00 3B 70 EF 04 00 33 00 00 07 00 00 00 35 00 35 00 9C 00 2F 00 2E 0C C3 0A 6D F9 2D 00 01 32 29 00 89 69 01 00 C5 88 00 00 22 80 D4 EB 22 44 12 E4 FE FE 7B EA 0A 97 46 40 9F 60 FA 70 54 02 81 05 00 31 04 E9 93 6C 3F 00 00 00 00 00 00 00 00 00 00 00 00 00 00 00 00 00 00 00 00 00 00 00 00 00 00 00 00 00 00 00 00 00 00 00 00 00 00 00 00 00 00 00 00 00 00 00 00 00 00 00 00 00 23 C3 F2 B6 7E
[406729][00:00:00.150]7E FF 02 FF 26 6B F3 5B 67 05 11 01 F0 96 79 EC 00 37 00 54 00 01 00 01 69 7F 94 05 60 00 01 D6 12 40 E4 00 D5 90 51 F0 0D 01 00 0A 9A 5F 00 1C 78 DF 04 00 33 00 00 03 00 00 00 DF 00 05 00 00 00 00 00 00 00 00 00 05 00 00 01 06 00 00 00 39 00 00 00 DA 21 A8 FA 00 00 00 00 00 00 00 00 00 00 00 00 00 00 00 00 00 00 00 00 44 50 D5 81 7E
[406730][00:00:00.240]7E FF 02 FF 27 6B 4E 5C 67 05 9F 01 E0 5B 9C EC 00 3A 00 54 00 01 00 01 69 7F 94 05 60 00 01 D6 12 40 E4 00 D5 90 51 F0 0D 01 00 0A 9A 5F 00 1C 78 DF 04 00 33 00 00 03 00 00 00 DF 00 05 00 00 00 00 00 00 00 00 00 05 00 00 01 06 00 00 00 39 00 00 00 DA 21 A8 FA 00 00 00 00 00 00 00 00 00 00 00 00 00 00 00 00 00 00 00 00 68 B8 46 74 7E
[406731][00:00:00.435]7E FF 02 FF 28 6B 67 5D 67 05 F1 01 24 6F E1 EC 00 39 00 94 00 01 00 01 69 7F 94 35 60 00 01 FC 13 79 44 00 EC 98 AC 50 03 06 00 04 8D 41 00 3B 70 EF 04 00 33 00 00 07 00 00 00 35 00 35 00 9C 00 2F 00 2E 0C C3 0A 6D F9 2D 00 01 32 29 00 89 69 01 00 C5 88 00 00 22 80 D4 EB 22 44 12 E4 FE FE 7B EA 0A 97 46 40 9F 60 FA 70 54 02 81 05 00 31 04 E9 93 6C 3F 00 00 00 00 00 00 00 00 00 00 00 00 00 00 00 00 00 00 00 00 00 00 00 00 00 00 00 00 00 00 00 00 00 00 00 00 00 00 00 00 00 00 00 00 00 00 00 00 00 00 00 00 00 62 04 0C 3D 7E
[406732][00:00:00.496]7E FF 02 FF 29 6B 4B 5D 67 05 3F 03 D7 0C FD EC 00 39 00 10 00 01 00 02 69 7F 94 10 01 E0 00 01 00 03 00 00 55 FF 45 91 85 BD 1C 7E
[406733][00:00:00.510]7E FF 02 FF 2A 6B 53 5D 67 05 85 03 88 19 00 ED 00 38 00 54 00 01 00 01 69 7F 94 05 60 00 01 D6 12 40 E4 00 D5 90 51 F0 0D 01 00 0A 9A 5F 00 1C 78 DF 04 00 33 00 00 03 00 00 00 DF 00 05 00 00 00 00 00 00 00 00 00 05 00 00 01 06 00 00 00 39 00 00 00 DA 21 A8 FA 00 00 00 00 00 00 00 00 00 00 00 00 00 00 00 00 00 00 00 00 02 65 10 84 7E
[406734][00:00:00.555]7E FF 02 FF 2B 6B 91 5D 67 05 13 02 A8 A3 17 ED 00 38 00 10 00 01 00 02 69 7F 94 10 05 30 05 01 F5 00 00 00 75 7B 17 9A 63 AD 43 7E
[406735][00:00:00.690]7E FF 02 FF 2C 6B 08 5E 67 05 98 00 12 DC 44 ED 00 3B 01 54 00 01 00 01 69 7F 94 05 60 00 01 D6 12 40 E4 00 D5 90 51 F0 0D 01 00 0A 9A 5F 00 1C 78 DF 04 00 33 00 00 03 00 00 00 DF 00 05 00 00 00 00 00 00 00 00 00 05 00 00 01 06 00 00 00 39 00 00 00 DA 21 A8 FA 00 00 00 00 00 00 00 00 00 00 00 00 00 00 00 00 00 00 00 00 53 33 9D FF 7E
[406736][00:00:00.690]7E FF 02 FF 2D 6B 12 5E 67 05 85 02 FF E1 48 ED 00 3B 01 10 00 01 00 03 69 7F 94 14 0D 40 07 00 00 00 10 02 64 56 8B E5 BC BF 2B 7E
[406737][00:00:01.049]7E FF 02 FF 2E 6B 68 5F 67 05 99 03 1E 70 CB ED 00 FF 03 94 00 01 00 01 69 7F 94 01 70 08 03 DC 13 79 40 00 1E 98 F7 10 00 87 00 0A BC AF 30 6F 88 FF 00 00 33 00 00 11 03 00 00 01 02 33 06 C2 1E 28 0A FE FE FE FE 68 5D 00 43 05 16 35 68 00 00 70 10 7A 86 10 00 39 05 03 27 50 02 02 00 01 20 21 02 00 1C 07 EA 06 1D 0A 2D 00 07 00 00 20 02 01 00 00 30 02 01 00 00 40 02 01 00 00 50 02 01 00 00 60 02 01 00 00 70 02 01 00 00 80 02 01 00 01 10 F0 D5 56 98 83 8E 08 15 8F 01 3B 87 D4 9A 8C D7 22 80 16 AD 57 E6 9C 00 B7 5B 0E 25 7E
[406738][00:00:01.049]7E FF 02 FF 2F 6B 70 5F 67 05 F3 02 00 70 CE ED 00 FF 03 10 00 01 00 02 69 7F 94 10 87 10 00 01 05 00 00 00 FB EE 92 02 4F EE 9E 7E
[406739][00:00:01.064]7E FF 02 FF 30 6B 7D 5F 67 05 A9 01 D9 41 D3 ED 00 FE 03 94 00 01 00 01 69 7F 94 01 00 14 03 DC 13 79 40 00 8A 7A B8 10 00 67 01 03 BD AF 30 6F 88 FF 00 00 33 00 00 11 03 00 00 01 02 33 06 C3 1E 28 0A FE FE FE FE 68 5D 00 43 05 55 52 78 00 00 70 10 32 C6 10 00 39 05 03 28 50 02 02 00 01 20 21 02 00 1C 07 EA 06 1D 0A 2D 00 07 00 00 20 02 01 00 00 30 02 01 00 00 40 02 01 00 00 50 02 01 00 00 60 02 01 00 00 70 02 01 00 00 80 02 01 00 01 10 F0 D5 56 98 83 8E 08 15 8F 01 3B 87 D4 9A 8C D7 AA BF 16 20 03 BC 4E 00 66 64 98 CB 7E
[406740][00:00:01.079]7E FF 02 FF 31 6B 8A 5F 67 05 C6 00 8A 22 D8 ED 00 FF 03 94 00 01 00 01 69 7F 94 01 00 14 03 DC 13 79 40 00 8A 7A B8 10 00 6F 01 03 BE AF 30 6F 88 FF 00 00 33 00 00 11 03 00 00 01 02 33 06 C4 1E 28 0A FE FE FE FE 68 5D 00 43 05 59 53 78 00 00 70 10 83 73 10 00 39 05 03 29 50 02 02 00 01 20 21 02 00 1C 07 EA 06 1D 0A 2D 00 07 00 00 20 02 01 00 00 30 02 01 00 00 40 02 01 00 00 50 02 01 00 00 60 02 01 00 00 70 02 01 00 00 80 02 01 00 01 10 F0 D5 56 98 83 8E 08 15 8F 01 3B 87 D4 9A 8C D7 B4 DE 16 42 59 BF 7D 00 37 F1 39 0B 7E
[406741][00:00:01.170]7E FF 02 FF 32 6B EB 5F 67 05 E9 01 F4 3C FD ED 00 38 00 54 00 01 00 01 69 7F 94 05 60 00 01 D6 12 40 E4 00 D5 90 51 F0 0D 01 00 0A 9A 5F 00 1C 78 DF 04 00 33 00 00 03 00 00 00 DF 00 05 00 00 00 00 00 00 00 00 00 05 00 00 01 06 00 00 00 39 00 00 00 DA 21 A8 FA 00 00 00 00 00 00 00 00 00 00 00 00 00 00 00 00 00 00 00 00 1A EA B9 A6 7E
[406742][00:00:01.230]7E FF 02 FF 33 6B 0C 60 67 05 81 01 74 C8 09 EE 00 36 00 14 01 01 00 01 69 7F 94 05 F0 FF 01 E5 14 EB C2 00 EA E5 72 50 00 FF 2F 01 71 DE 00 B5 78 01 04 00 33 00 00 08 00 00 00 05 60 00 22 30 00 09 05 35 40 20 00 00 12 74 72 39 00 00 00 60 00 09 01 09 00 2F 00 00 00 00 00 06 30 06 0D C1 0A 6D 90 2D 00 00 32 09 00 81 01 00 00 45 88 00 00 32 00 D0 E1 22 40 00 E0 9E FA 03 8A 0A 97 00 40 96 60 A8 30 54 02 01 05 00 31 04 01 03 01 04 02 01 02 04 05 04 04 06 05 05 01 02 03 03 03 03 07 03 04 02 03 02 01 01 05 06 04 03 01 04 02 01 02 01 01 02 01 03 03 05 02 02 01 02 03 03 03 03 02 03 01 03 02 03 01 05 01 04 04 01 01 01 03 03 04 02 03 04 04 02 05 01 01 03 05 03 01 01 03 01 01 05 05 01 03 02 02 01 03 05 01 05 E9 4C EA AB 00 00 00 00 00 00 00 00 00 00 00 00 00 00 00 00 00 00 00 00 00 00 00 00 00 00 00 00 00 00 00 00 00 00 00 00 00 00 00 00 00 00 00 00 00 00 00 00 00 00 00 00 00 00 00 00 00 00 00 5A 47 74 E2 7E
[406743][00:00:01.364]7E FF 02 FF 34 6B A2 60 67 05 FB 00 21 F4 42 EE 00 37 00 94 00 01 00 01 69 7F 94 05 60 00 01 FC 13 79 40 00 CB 9A 30 F0 0D 01 00 04 A0 5F 00 5C 78 DF 0C 00 33 00 00 30 00 09 04 92 31 20 00 00 12 74 72 00 00 00 00 30 00 09 03 66 72 DF 00 00 00 00 00 00 00 00 00 39 03 00 01 04 98 07 45 E8 07 02 12 09 23 07 03 01 00 01 01 00 02 02 00 0D 00 00 09 03 31 17 6E 54 4E 59 58 13 00 13 00 00 00 00 00 02 00 00 00 FA 71 6A CE F2 2B 5E FA A7 66 1A 00 00 31 44 59 58 03 FB C1 01 9C 02 01 5E DB 2B E0 00 00 00 00 00 00 00 00 06 3B D4 7C 7E
[406744][00:00:01.409]7E FF 02 FF 35 6B C2 60 67 05 44 00 0B 17 4F EE 00 29 02 14 01 01 00 01 69 7F 94 87 10 00 03 14 14 76 B0 00 13 85 41 70 08 01 00 00 04 04 30 79 78 FF 00 00 33 00 00 11 03 00 00 01 02 D3 06 C2 1E 01 00 68 6B 00 C3 05 16 35 68 00 00 70 10 15 24 90 00 52 85 03 27 50 02 02 00 07 00 00 20 02 01 00 00 30 02 01 00 00 40 02 01 00 00 50 02 01 00 00 60 02 01 00 00 70 02 01 00 00 80 02 01 01 01 06 00 00 00 00 05 00 03 81 C8 05 00 00 00 00 06 00 02 89 7D 06 00 00 00 00 06 00 00 00 00 06 00 00 F8 4B 00 00 01 00 04 99 2F 4B 7C 3C 86 16 83 77 70 DE 00 00 00 00 00 00 00 00 00 00 00 00 00 00 00 00 00 00 00 00 00 00 00 00 00 00 00 00 00 00 00 00 00 00 00 00 00 00 00 00 00 00 00 00 00 00 00 00 00 00 00 00 00 00 00 00 00 00 00 00 00 00 00 00 00 00 00 00 00 00 00 00 00 00 00 00 00 00 00 00 00 00 00 00 00 00 00 00 00 00 00 00 00 00 00 00 00 00 00 00 00 00 00 00 00 00 00 00 00 00 00 00 00 00 00 00 00 00 00 4A 38 07 A4 7E
[406745][00:00:01.409]7E FF 02 FF 36 6B C9 60 67 05 3C 03 A7 12 52 EE 00 29 02 10 00 01 00 02 69 7F 94 10 01 70 08 01 03 00 00 00 C3 D9 97 B6 40 1A 98 7E
[406746][00:00:01.663]7E FF 02 FF 37 6B CB 61 67 05 03 02 02 5C B4 EE 00 36 00 94 00 01 00 01 69 7F 94 05 60 00 01 FC 13 79 44 00 DA 98 B4 F0 0D 01 00 04 A0 5F 00 5C 78 DF 0C 00 33 00 00 30 00 09 04 92 31 20 00 00 12 74 72 00 00 00 00 30 00 09 03 66 72 DF 00 00 00 00 00 00 00 00 00 39 03 00 01 04 98 07 45 E8 07 02 12 09 23 07 03 01 00 01 01 00 02 02 00 0D 00 00 09 03 31 17 6E 54 4E 59 58 13 00 13 00 00 00 00 00 02 00 00 00 FA 71 6A CE F2 2B 5E FA A7 66 1A 00 00 31 44 59 58 03 FB C1 01 9C 02 01 5E DB 2B E0 00 00 00 00 00 00 00 00 79 DE 0D 50 7E
[406747][00:00:01.783]7E FF 02 FF 38 6B 42 62 67 05 7E 03 6B E4 E1 EE 00 35 00 94 00 01 00 01 69 7F 94 05 60 00 01 FC 13 79 44 00 DA 98 B4 F0 0D 01 00 04 A0 5F 00 5C 78 DF 0C 00 33 00 00 30 00 09 04 92 31 20 00 00 12 74 72 00 00 00 00 30 00 09 03 66 72 DF 00 00 00 00 00 00 00 00 00 39 03 00 01 04 98 07 45 E8 07 02 12 09 23 07 03 01 00 01 01 00 02 02 00 0D 00 00 09 03 31 17 6E 54 4E 59 58 13 00 13 00 00 00 00 00 02 00 00 00 FA 71 6A CE F2 2B 5E FA A7 66 1A 00 00 31 44 59 58 03 FB C1 01 9C 02 01 5E DB 2B E0 00 00 00 00 00 00 00 00 D8 A3 28 BB 7E
[406748][00:00:01.933]7E FF 02 FF 39 6B EE 62 67 05 2D 00 0E 29 22 EF 01 23 0C 10 00 01 00 02 69 7F 94 00 01 80 0D 00 A8 00 00 00 DC 8D 82 C5 A5 F0 B2 7E
[406749][00:00:02.308]7E FF 02 FF 3A 6B 4E 64 67 05 AE 01 6E 9D A9 EF 00 38 00 94 00 01 00 01 69 7F 94 05 60 00 01 FC 13 79 40 00 CB 9A 30 50 00 06 00 04 75 DE 00 4C 78 EF 04 00 33 00 00 07 00 00 00 05 00 53 00 CE 00 40 00 2E 4D D3 0A 6D FD 2D 00 00 32 29 20 89 69 01 00 CF 88 00 00 36 D8 D4 EB 2E C7 1A E5 FE FE 7F EF 0A 97 56 4C 9F 66 FA 78 74 12 81 05 00 31 0C 00 00 00 00 00 00 00 00 00 00 00 00 00 00 01 00 10 FA 67 24 86 00 00 00 00 00 00 00 00 00 00 00 00 00 00 00 00 00 00 00 00 00 00 00 00 00 00 00 00 00 00 00 00 00 00 00 00 0F A5 23 7F 7E
[406750][00:00:02.473]7E FF 02 FF 3B 6B 0B 65 67 05 4D 01 6D B2 F1 EF 00 38 00 10 00 01 00 02 69 7F 94 10 05 30 05 01 F6 00 00 00 45 BB 17 34 F9 BE 39 7E
[406751][00:00:03.042]7E FF 02 FF 3C 6B 0E 67 67 05 43 00 CE 04 B6 F0 00 FD 03 15 02 01 00 00 69 7F 94 CD 04 B6 F0 01 90 E8 02 00 71 FA 10 CA 33 20 00 00 12 74 72 F8 06 00 00 10 02 00 00 00 00 00 00 05 00 0F 01 00 00 64 20 00 00 12 74 72 04 00 00 01 0A D0 02 17 00 30 00 39 00 06 0A 7F C3 D5 31 FD 0C 0D F0 C0 D7 00 5A 33 00 42 24 32 00 00 00 00 E9 DB B4 F0 1E 3A 00 00 24 00 0E 50 15 50 1C 50 31 50 0C 50 04 50 87 50 8A 50 93 51 34 50 36 50 08 50 40 51 D8 50 62 50 3E 50 1A 50 06 50 BA 51 5D 50 29 50 39 51 75 50 7C 50 7C 51 BC 50 D8 51 5B 50 D9 50 9D 50 80 50 2E 50 05 50 44 51 35 50 42 51 68 51 F8 51 2D 50 34 51 E1 50 0A 51 EE 50 53 50 68 50 29 51 2D 51 DF 50 6C 51 26 51 FE 51 11 51 CF 50 1A 51 F2 50 86 50 82 50 FA 51 16 51 CA 50 AC 50 72 51 14 51 A2 50 A2 30 12 51 71 40 05 41 91 41 65 40 D7 40 18 40 1D 41 61 40 0D 41 C2 41 FD 41 EE 41 64 40 AD 41 A4 41 F5 41 C4 40 78 41 D3 41 C3 41 F4 41 41 41 B5 40 A5 81 7C 15 00 01 C4 09 00 02 AC 0D 00 03 03 04 9A 05 68 41 2E 41 01 41 60 40 0B 40 2A 40 25 40 28 40 9A 40 26 40 19 40 FD 40 47 41 70 40 42 41 03 40 4F 41 A5 40 E6 40 21 40 50 40 37 41 32 40 E8 40 4B 81 94 11 00 01 C4 09 00 02 B8 0B 00 03 03 04 9A 05 03 04 9A 05 9A 05 9A 05 F1 81 88 13 00 01 D0 07 00 02 C4 09 00 03 03 04 9A 05 CF 41 D0 41 27 41 C1 40 D1 41 D2 41 31 41 BD 41 D3 41 26 40 D4 41 D5 41 C9 41 68 41 EE 40 4C 40 20 40 32 41 2C 40 F0 80 88 13 00 01 E8 03 00 02 C4 09 00 03 03 04 9A 05 00 00 00 00 00 00 00 00 00 00 00 00 00 00 00 00 00 00 00 00 00 00 00 00 00 00 00 00 00 00 00 00 00 00 00 00 00 00 00 00 00 00 00 00 00 00 00 00 00 00 00 00 00 00 00 00 00 00 00 00 00 00 00 00 00 00 00 00 00 00 00 00 00 00 00 00 00 00 00 00 00 00 00 00 00 00 00 00 00 00 28 09 78 2F FD 3E 87 73 7E
[406752][00:00:03.102]7E FF 02 FF 3D 6B 11 67 67 05 78 02 76 60 B6 F0 01 23 0D 15 02 01 00 00 69 7F 94 E5 5E B6 F0 01 20 05 00 00 39 71 52 CA 33 20 00 00 12 74 72 F8 06 00 00 10 02 00 00 00 00 00 00 05 00 0F 01 00 00 64 20 00 00 12 74 72 04 00 00 01 0A D0 02 17 00 30 00 39 00 06 0A 7F C3 D5 31 FD 0C 0D F0 C0 D7 00 5A 33 00 42 24 32 00 00 00 00 E9 DB B4 F0 1E 3A 00 00 24 00 0E 50 15 50 1C 50 31 50 0C 50 04 50 87 50 8A 50 93 51 34 50 36 50 08 50 40 51 D8 50 62 50 3E 50 1A 50 06 50 BA 51 5D 50 29 50 39 51 75 50 7C 50 7C 51 BC 50 D8 51 5B 50 D9 50 9D 50 80 50 2E 50 05 50 44 51 35 50 42 51 68 51 F8 51 2D 50 34 51 E1 50 0A 51 EE 50 53 50 68 50 29 51 2D 51 DF 50 6C 51 26 51 FE 51 11 51 CF 50 1A 51 F2 50 86 50 82 50 FA 51 16 51 CA 50 AC 50 72 51 14 51 A2 50 A2 30 12 51 71 40 05 41 91 41 65 40 D7 40 18 40 1D 41 61 40 0D 41 C2 41 FD 41 EE 41 64 40 AD 41 A4 41 F5 41 C4 40 78 41 D3 41 C3 41 F4 41 41 41 B5 40 A5 81 7C 15 00 01 C4 09 00 02 AC 0D 00 03 03 04 9A 05 68 41 2E 41 01 41 60 40 0B 40 2A 40 25 40 28 40 9A 40 26 40 19 40 FD 40 47 41 70 40 42 41 03 40 4F 41 A5 40 E6 40 21 40 50 40 37 41 32 40 E8 40 4B 81 94 11 00 01 C4 09 00 02 B8 0B 00 03 03 04 9A 05 03 04 9A 05 9A 05 9A 05 F1 81 88 13 00 01 D0 07 00 02 C4 09 00 03 03 04 9A 05 CF 41 D0 41 27 41 C1 40 D1 41 D2 41 31 41 BD 41 D3 41 26 40 D4 41 D5 41 C9 41 68 41 EE 40 4C 40 20 40 32 41 2C 40 F0 80 88 13 00 01 E8 03 00 02 C4 09 00 03 03 04 9A 05 00 00 00 00 00 00 00 00 00 00 00 00 00 00 00 00 00 00 00 00 00 00 00 00 00 00 00 00 00 00 00 00 00 00 00 00 00 00 00 00 00 00 00 00 00 00 00 00 00 00 00 00 00 00 00 00 00 00 00 00 00 00 00 00 00 00 00 00 00 00 00 00 00 00 00 00 00 00 00 00 00 00 00 00 00 00 00 00 00 00 28 09 78 2F 71 A2 F5 F3 7E
[406753][00:00:03.146]7E FF 02 FF 3E 6B 31 67 67 05 DF 00 AD 6D C3 F0 00 FF 03 15 02 01 00 00 69 7F 94 AD 6D C3 F0 01 90 E8 04 00 FA 4B 27 CA 33 20 00 00 12 74 72 F8 06 00 00 10 02 00 00 00 00 00 00 05 00 0F 01 00 00 64 20 00 00 12 74 72 04 00 00 01 0A D0 02 17 00 30 00 39 00 06 0A 7F C3 D5 31 FD 0C 0D F0 C0 D7 00 5A 33 00 42 24 32 00 00 00 00 E9 DB B4 F0 1E 3A 00 00 24 00 0E 50 15 50 1C 50 31 50 0C 50 04 50 87 50 8A 50 93 51 34 50 36 50 08 50 40 51 D8 50 62 50 3E 50 1A 50 06 50 BA 51 5D 50 29 50 39 51 75 50 7C 50 7C 51 BC 50 D8 51 5B 50 D9 50 9D 50 80 50 2E 50 05 50 44 51 35 50 42 51 68 51 F8 51 2D 50 34 51 E1 50 0A 51 EE 50 53 50 68 50 29 51 2D 51 DF 50 6C 51 26 51 FE 51 11 51 CF 50 1A 51 F2 50 86 50 82 50 FA 51 16 51 CA 50 AC 50 72 51 14 51 A2 50 A2 30 12 51 71 40 05 41 91 41 65 40 D7 40 18 40 1D 41 61 40 0D 41 C2 41 FD 41 EE 41 64 40 AD 41 A4 41 F5 41 C4 40 78 41 D3 41 C3 41 F4 41 41 41 B5 40 A5 81 7C 15 00 01 C4 09 00 02 AC 0D 00 03 03 04 9A 05 68 41 2E 41 01 41 60 40 0B 40 2A 40 25 40 28 40 9A 40 26 40 19 40 FD 40 47 41 70 40 42 41 03 40 4F 41 A5 40 E6 40 21 40 50 40 37 41 32 40 E8 40 4B 81 94 11 00 01 C4 09 00 02 B8 0B 00 03 03 04 9A 05 03 04 9A 05 9A 05 9A 05 F1 81 88 13 00 01 D0 07 00 02 C4 09 00 03 03 04 9A 05 CF 41 D0 41 27 41 C1 40 D1 41 D2 41 31 41 BD 41 D3 41 26 40 D4 41 D5 41 C9 41 68 41 EE 40 4C 40 20 40 32 41 2C 40 F0 80 88 13 00 01 E8 03 00 02 C4 09 00 03 03 04 9A 05 00 00 00 00 00 00 00 00 00 00 00 00 00 00 00 00 00 00 00 00 00 00 00 00 00 00 00 00 00 00 00 00 00 00 00 00 00 00 00 00 00 00 00 00 00 00 00 00 00 00 00 00 00 00 00 00 00 00 00 00 00 00 00 00 00 00 00 00 00 00 00 00 00 00 00 00 00 00 00 00 00 00 00 00 00 00 00 00 00 00 28 09 78 2F 74 AA 1D 0D 7E
[406754][00:00:03.191]7E FF 02 FF 3F 6B 55 67 67 05 CA 00 2A 27 D1 F0 00 FF 03 15 02 01 00 00 69 7F 94 25 27 D1 F0 01 90 E8 06 00 F7 5B 03 CA 33 20 00 00 12 74 72 F8 06 00 00 10 02 00 00 00 00 00 00 05 00 0F 01 00 00 64 20 00 00 12 74 72 04 00 00 01 0A D0 02 17 00 30 00 39 00 06 0A 7F C3 D5 31 FD 0C 0D F0 C0 D7 00 5A 33 00 42 24 32 00 00 00 00 E9 DB B4 F0 1E 3A 00 00 24 00 0E 50 15 50 1C 50 31 50 0C 50 04 50 87 50 8A 50 93 51 34 50 36 50 08 50 40 51 D8 50 62 50 3E 50 1A 50 06 50 BA 51 5D 50 29 50 39 51 75 50 7C 50 7C 51 BC 50 D8 51 5B 50 D9 50 9D 50 80 50 2E 50 05 50 44 51 35 50 42 51 68 51 F8 51 2D 50 34 51 E1 50 0A 51 EE 50 53 50 68 50 29 51 2D 51 DF 50 6C 51 26 51 FE 51 11 51 CF 50 1A 51 F2 50 86 50 82 50 FA 51 16 51 CA 50 AC 50 72 51 14 51 A2 50 A2 30 12 51 71 40 05 41 91 41 65 40 D7 40 18 40 1D 41 61 40 0D 41 C2 41 FD 41 EE 41 64 40 AD 41 A4 41 F5 41 C4 40 78 41 D3 41 C3 41 F4 41 41 41 B5 40 A5 81 7C 15 00 01 C4 09 00 02 AC 0D 00 03 03 04 9A 05 68 41 2E 41 01 41 60 40 0B 40 2A 40 25 40 28 40 9A 40 26 40 19 40 FD 40 47 41 70 40 42 41 03 40 4F 41 A5 40 E6 40 21 40 50 40 37 41 32 40 E8 40 4B 81 94 11 00 01 C4 09 00 02 B8 0B 00 03 03 04 9A 05 03 04 9A 05 9A 05 9A 05 F1 81 88 13 00 01 D0 07 00 02 C4 09 00 03 03 04 9A 05 CF 41 D0 41 27 41 C1 40 D1 41 D2 41 31 41 BD 41 D3 41 26 40 D4 41 D5 41 C9 41 68 41 EE 40 4C 40 20 40 32 41 2C 40 F0 80 88 13 00 01 E8 03 00 02 C4 09 00 03 03 04 9A 05 00 00 00 00 00 00 00 00 00 00 00 00 00 00 00 00 00 00 00 00 00 00 00 00 00 00 00 00 00 00 00 00 00 00 00 00 00 00 00 00 00 00 00 00 00 00 00 00 00 00 00 00 00 00 00 00 00 00 00 00 00 00 00 00 00 00 00 00 00 00 00 00 00 00 00 00 00 00 00 00 00 00 00 00 00 00 00 00 00 00 28 09 78 2F FF 8E 26 C1 7E
[406755][00:00:03.237]7E FF 02 FF 40 6B 9B 67 67 05 37 02 CF FE EB F0 00 37 01 15 02 01 00 00 69 7F 94 69 FE EB F0 15 90 E8 06 00 92 E7 7F C9 33 20 00 00 12 74 72 F8 06 00 00 10 02 00 00 00 00 00 00 05 00 0F 15 10 00 64 30 00 09 80 95 26 12 00 03 01 0A D0 02 17 00 30 00 39 00 06 0A 7F C3 D5 31 FD 0C 0D F0 C0 D7 00 5A 33 00 42 24 32 00 00 00 00 E9 DB B4 F0 1E 3A 00 00 24 00 0E 50 15 50 1C 50 31 50 0C 50 04 50 87 50 8A 50 93 51 34 50 36 50 08 50 40 51 D8 50 62 50 3E 50 1A 50 06 50 BA 51 5D 50 29 50 39 51 75 50 7C 50 7C 51 BC 50 D8 51 5B 50 D9 50 9D 50 80 50 2E 50 05 50 44 51 35 50 42 51 68 51 F8 51 2D 50 34 51 E1 50 0A 51 EE 50 53 50 68 50 29 51 2D 51 DF 50 6C 51 26 51 FE 51 11 51 CF 50 1A 51 F2 50 86 50 82 50 FA 51 16 51 CA 50 AC 50 72 51 14 51 A2 50 A2 30 12 51 71 40 05 41 91 41 65 40 D7 40 18 40 1D 41 61 40 0D 41 C2 41 FD 41 EE 41 64 40 AD 41 A4 41 F5 41 C4 40 78 41 D3 41 C3 41 F4 41 41 41 B5 40 A5 81 7C 15 00 01 C4 09 00 02 AC 0D 00 03 03 04 9A 05 68 41 2E 41 01 41 60 40 0B 40 2A 40 25 40 28 40 9A 40 26 40 19 40 FD 40 47 41 70 40 42 41 03 40 4F 41 A5 40 E6 40 21 40 50 40 37 41 32 40 E8 40 4B 81 94 11 00 01 C4 09 00 02 B8 0B 00 03 03 04 9A 05 03 04 9A 05 9A 05 9A 05 F1 81 88 13 00 01 D0 07 00 02 C4 09 00 03 03 04 9A 05 CF 41 D0 41 27 41 C1 40 D1 41 D2 41 31 41 BD 41 D3 41 26 40 D4 41 D5 41 C9 41 68 41 EE 40 4C 40 20 40 32 41 2C 40 F0 80 88 13 00 01 E8 03 00 02 C4 09 00 03 03 04 9A 05 00 00 00 00 00 00 00 00 00 00 00 00 00 00 00 00 00 00 00 00 00 00 00 00 00 00 00 00 00 00 00 00 00 00 00 00 00 00 00 00 00 00 00 00 00 00 00 00 00 00 00 00 00 00 00 00 00 00 00 00 00 00 00 00 00 00 00 00 00 00 00 00 00 00 00 00 00 00 00 00 00 00 00 00 00 00 00 00 00 00 86 B0 AA 30 E8 0A 4B 38 7E
[406756][00:00:03.297]7E FF 02 FF 41 6B A9 67 67 05 3B 02 2E 57 F1 F0 00 36 01 15 02 01 00 00 69 7F 94 C5 56 F1 F0 15 90 E8 06 00 50 00 1E C9 33 20 00 00 12 74 72 F8 06 00 00 10 02 00 00 00 00 00 00 05 00 0F 15 10 00 64 30 00 09 80 95 26 12 00 03 01 0A D0 02 17 00 30 00 39 00 06 0A 7F C3 D5 31 FD 0C 0D F0 C0 D7 00 5A 33 00 42 24 32 00 00 00 00 E9 DB B4 F0 1E 3A 00 00 24 00 0E 50 15 50 1C 50 31 50 0C 50 04 50 87 50 8A 50 93 51 34 50 36 50 08 50 40 51 D8 50 62 50 3E 50 1A 50 06 50 BA 51 5D 50 29 50 39 51 75 50 7C 50 7C 51 BC 50 D8 51 5B 50 D9 50 9D 50 80 50 2E 50 05 50 44 51 35 50 42 51 68 51 F8 51 2D 50 34 51 E1 50 0A 51 EE 50 53 50 68 50 29 51 2D 51 DF 50 6C 51 26 51 FE 51 11 51 CF 50 1A 51 F2 50 86 50 82 50 FA 51 16 51 CA 50 AC 50 72 51 14 51 A2 50 A2 30 12 51 71 40 05 41 91 41 65 40 D7 40 18 40 1D 41 61 40 0D 41 C2 41 FD 41 EE 41 64 40 AD 41 A4 41 F5 41 C4 40 78 41 D3 41 C3 41 F4 41 41 41 B5 40 A5 81 7C 15 00 01 C4 09 00 02 AC 0D 00 03 03 04 9A 05 68 41 2E 41 01 41 60 40 0B 40 2A 40 25 40 28 40 9A 40 26 40 19 40 FD 40 47 41 70 40 42 41 03 40 4F 41 A5 40 E6 40 21 40 50 40 37 41 32 40 E8 40 4B 81 94 11 00 01 C4 09 00 02 B8 0B 00 03 03 04 9A 05 03 04 9A 05 9A 05 9A 05 F1 81 88 13 00 01 D0 07 00 02 C4 09 00 03 03 04 9A 05 CF 41 D0 41 27 41 C1 40 D1 41 D2 41 31 41 BD 41 D3 41 26 40 D4 41 D5 41 C9 41 68 41 EE 40 4C 40 20 40 32 41 2C 40 F0 80 88 13 00 01 E8 03 00 02 C4 09 00 03 03 04 9A 05 00 00 00 00 00 00 00 00 00 00 00 00 00 00 00 00 00 00 00 00 00 00 00 00 00 00 00 00 00 00 00 00 00 00 00 00 00 00 00 00 00 00 00 00 00 00 00 00 00 00 00 00 00 00 00 00 00 00 00 00 00 00 00 00 00 00 00 00 00 00 00 00 00 00 00 00 00 00 00 00 00 00 00 00 00 00 00 00 00 00 86 B0 AA 30 1F 4D 86 A6 7E
[406757][00:00:03.342]7E FF 02 FF 42 6B BF 67 67 05 37 02 72 BA F9 F0 00 39 01 15 02 01 00 00 69 7F 94 09 BA F9 F0 1C 90 E8 06 00 EC BB 5D C9 33 20 00 00 12 74 72 F8 06 00 00 10 02 00 00 00 00 00 00 05 00 0F 1C 10 00 64 30 00 09 80 93 77 12 00 03 01 0A D0 02 17 00 30 00 39 00 06 0A 7F C3 D5 31 FD 0C 0D F0 C0 D7 00 5A 33 00 42 24 32 00 00 00 00 E9 DB B4 F0 1E 3A 00 00 24 00 0E 50 15 50 1C 50 31 50 0C 50 04 50 87 50 8A 50 93 51 34 50 36 50 08 50 40 51 D8 50 62 50 3E 50 1A 50 06 50 BA 51 5D 50 29 50 39 51 75 50 7C 50 7C 51 BC 50 D8 51 5B 50 D9 50 9D 50 80 50 2E 50 05 50 44 51 35 50 42 51 68 51 F8 51 2D 50 34 51 E1 50 0A 51 EE 50 53 50 68 50 29 51 2D 51 DF 50 6C 51 26 51 FE 51 11 51 CF 50 1A 51 F2 50 86 50 82 50 FA 51 16 51 CA 50 AC 50 72 51 14 51 A2 50 A2 30 12 51 71 40 05 41 91 41 65 40 D7 40 18 40 1D 41 61 40 0D 41 C2 41 FD 41 EE 41 64 40 AD 41 A4 41 F5 41 C4 40 78 41 D3 41 C3 41 F4 41 41 41 B5 40 A5 81 7C 15 00 01 C4 09 00 02 AC 0D 00 03 03 04 9A 05 68 41 2E 41 01 41 60 40 0B 40 2A 40 25 40 28 40 9A 40 26 40 19 40 FD 40 47 41 70 40 42 41 03 40 4F 41 A5 40 E6 40 21 40 50 40 37 41 32 40 E8 40 4B 81 94 11 00 01 C4 09 00 02 B8 0B 00 03 03 04 9A 05 03 04 9A 05 9A 05 9A 05 F1 81 88 13 00 01 D0 07 00 02 C4 09 00 03 03 04 9A 05 CF 41 D0 41 27 41 C1 40 D1 41 D2 41 31 41 BD 41 D3 41 26 40 D4 41 D5 41 C9 41 68 41 EE 40 4C 40 20 40 32 41 2C 40 F0 80 88 13 00 01 E8 03 00 02 C4 09 00 03 03 04 9A 05 00 00 00 00 00 00 00 00 00 00 00 00 00 00 00 00 00 00 00 00 00 00 00 00 00 00 00 00 00 00 00 00 00 00 00 00 00 00 00 00 00 00 00 00 00 00 00 00 00 00 00 00 00 00 00 00 00 00 00 00 00 00 00 00 00 00 00 00 00 00 00 00 00 00 00 00 00 00 00 00 00 00 00 00 00 00 00 00 00 00 8F F6 89 9E C6 69 90 CD 7E
[406758][00:00:03.387]7E FF 02 FF 43 6B CD 67 67 05 38 02 CA 12 FF F0 00 35 01 15 02 01 00 00 69 7F 94 65 12 FF F0 1C 90 E8 06 00 10 C0 DB C9 33 20 00 00 12 74 72 F8 06 00 00 10 02 00 00 00 00 00 00 05 00 0F 1C 10 00 64 30 00 09 80 93 77 12 00 03 01 0A D0 02 17 00 30 00 39 00 06 0A 7F C3 D5 31 FD 0C 0D F0 C0 D7 00 5A 33 00 42 24 32 00 00 00 00 E9 DB B4 F0 1E 3A 00 00 24 00 0E 50 15 50 1C 50 31 50 0C 50 04 50 87 50 8A 50 93 51 34 50 36 50 08 50 40 51 D8 50 62 50 3E 50 1A 50 06 50 BA 51 5D 50 29 50 39 51 75 50 7C 50 7C 51 BC 50 D8 51 5B 50 D9 50 9D 50 80 50 2E 50 05 50 44 51 35 50 42 51 68 51 F8 51 2D 50 34 51 E1 50 0A 51 EE 50 53 50 68 50 29 51 2D 51 DF 50 6C 51 26 51 FE 51 11 51 CF 50 1A 51 F2 50 86 50 82 50 FA 51 16 51 CA 50 AC 50 72 51 14 51 A2 50 A2 30 12 51 71 40 05 41 91 41 65 40 D7 40 18 40 1D 41 61 40 0D 41 C2 41 FD 41 EE 41 64 40 AD 41 A4 41 F5 41 C4 40 78 41 D3 41 C3 41 F4 41 41 41 B5 40 A5 81 7C 15 00 01 C4 09 00 02 AC 0D 00 03 03 04 9A 05 68 41 2E 41 01 41 60 40 0B 40 2A 40 25 40 28 40 9A 40 26 40 19 40 FD 40 47 41 70 40 42 41 03 40 4F 41 A5 40 E6 40 21 40 50 40 37 41 32 40 E8 40 4B 81 94 11 00 01 C4 09 00 02 B8 0B 00 03 03 04 9A 05 03 04 9A 05 9A 05 9A 05 F1 81 88 13 00 01 D0 07 00 02 C4 09 00 03 03 04 9A 05 CF 41 D0 41 27 41 C1 40 D1 41 D2 41 31 41 BD 41 D3 41 26 40 D4 41 D5 41 C9 41 68 41 EE 40 4C 40 20 40 32 41 2C 40 F0 80 88 13 00 01 E8 03 00 02 C4 09 00 03 03 04 9A 05 00 00 00 00 00 00 00 00 00 00 00 00 00 00 00 00 00 00 00 00 00 00 00 00 00 00 00 00 00 00 00 00 00 00 00 00 00 00 00 00 00 00 00 00 00 00 00 00 00 00 00 00 00 00 00 00 00 00 00 00 00 00 00 00 00 00 00 00 00 00 00 00 00 00 00 00 00 00 00 00 00 00 00 00 00 00 00 00 00 00 8F F6 89 9E A5 AD D3 42 7E
[406759][00:00:03.447]7E FF 02 FF 44 6B B3 68 67 05 6C 01 E4 95 30 F1 00 2F 01 15 02 01 00 00 69 7F 94 32 98 30 F1 87 90 E8 06 00 41 9C BA C9 33 20 00 00 12 74 72 F8 06 00 00 10 02 00 00 00 00 00 00 05 00 0F 87 10 00 4E 70 00 00 68 35 16 12 00 03 01 0A D0 02 17 00 30 00 39 00 06 0A 7F C3 D5 31 FD 0C 0D F0 C0 D7 00 5A 33 00 42 24 32 00 00 00 00 E9 DB B4 F0 1E 3A 00 00 24 00 0E 50 15 50 1C 50 31 50 0C 50 04 50 87 50 8A 50 93 51 34 50 36 50 08 50 40 51 D8 50 62 50 3E 50 1A 50 06 50 BA 51 5D 50 29 50 39 51 75 50 7C 50 7C 51 BC 50 D8 51 5B 50 D9 50 9D 50 80 50 2E 50 05 50 44 51 35 50 42 51 68 51 F8 51 2D 50 34 51 E1 50 0A 51 EE 50 53 50 68 50 29 51 2D 51 DF 50 6C 51 26 51 FE 51 11 51 CF 50 1A 51 F2 50 86 50 82 50 FA 51 16 51 CA 50 AC 50 72 51 14 51 A2 50 A2 30 12 51 71 40 05 41 91 41 65 40 D7 40 18 40 1D 41 61 40 0D 41 C2 41 FD 41 EE 41 64 40 AD 41 A4 41 F5 41 C4 40 78 41 D3 41 C3 41 F4 41 41 41 B5 40 A5 81 7C 15 00 01 C4 09 00 02 AC 0D 00 03 03 04 9A 05 00 00 00 00 00 00 00 00 00 00 00 00 00 00 00 00 00 00 00 00 00 00 00 00 00 00 00 00 00 00 00 00 00 00 00 00 00 00 00 00 00 00 00 00 00 00 00 00 00 00 00 00 00 00 00 00 00 00 00 00 00 00 00 00 00 00 00 00 00 00 00 00 00 00 00 00 00 00 00 00 00 00 00 00 00 00 00 00 00 00 00 00 00 00 00 00 00 00 00 00 00 00 00 00 00 00 00 00 00 00 00 00 00 00 00 00 00 00 00 00 00 00 00 00 00 00 00 00 00 00 00 00 00 00 00 00 00 00 00 00 00 00 00 00 00 00 00 00 00 00 00 00 00 00 00 00 00 00 00 00 00 00 00 00 00 00 00 00 00 00 00 00 00 00 00 00 00 00 00 00 00 00 00 00 00 00 00 00 00 00 00 00 00 00 00 00 00 00 00 00 00 00 00 00 00 00 00 00 00 00 00 00 00 00 00 00 00 00 00 00 00 00 00 00 00 00 00 00 00 00 00 00 00 00 00 00 00 00 10 68 45 37 D6 BA C0 06 7E
[406760][00:00:03.506]7E FF 02 FF 45 6B DF 68 67 05 2E 02 71 97 67 F1 00 3D 00 15 02 01 00 00 69 7F 94 09 97 67 F1 36 90 E8 06 00 74 4B CB C9 33 20 00 00 12 74 72 F8 06 00 00 10 02 00 00 00 00 00 00 05 00 0F 36 10 00 64 30 00 09 79 78 92 12 00 03 01 0A D0 02 17 00 30 00 39 00 06 0A 7F C3 D5 31 FD 0C 0D F0 C0 D7 00 5A 33 00 42 24 32 00 00 00 00 E9 DB B4 F0 1E 3A 00 00 24 00 0E 50 15 50 1C 50 31 50 0C 50 04 50 87 50 8A 50 93 51 34 50 36 50 08 50 40 51 D8 50 62 50 3E 50 1A 50 06 50 BA 51 5D 50 29 50 39 51 75 50 7C 50 7C 51 BC 50 D8 51 5B 50 D9 50 9D 50 80 50 2E 50 05 50 44 51 35 50 42 51 68 51 F8 51 2D 50 34 51 E1 50 0A 51 EE 50 53 50 68 50 29 51 2D 51 DF 50 6C 51 26 51 FE 51 11 51 CF 50 1A 51 F2 50 86 50 82 50 FA 51 16 51 CA 50 AC 50 72 51 14 51 A2 50 A2 30 12 51 71 40 05 41 91 41 65 40 D7 40 18 40 1D 41 61 40 0D 41 C2 41 FD 41 EE 41 64 40 AD 41 A4 41 F5 41 C4 40 78 41 D3 41 C3 41 F4 41 41 41 B5 40 A5 81 7C 15 00 01 C4 09 00 02 AC 0D 00 03 03 04 9A 05 68 41 2E 41 01 41 60 40 0B 40 2A 40 25 40 28 40 9A 40 26 40 19 40 FD 40 47 41 70 40 42 41 03 40 4F 41 A5 40 E6 40 21 40 50 40 37 41 32 40 E8 40 4B 81 94 11 00 01 C4 09 00 02 B8 0B 00 03 03 04 9A 05 03 04 9A 05 9A 05 9A 05 F1 81 88 13 00 01 D0 07 00 02 C4 09 00 03 03 04 9A 05 CF 41 D0 41 27 41 C1 40 D1 41 D2 41 31 41 BD 41 D3 41 26 40 D4 41 D5 41 C9 41 68 41 EE 40 4C 40 20 40 32 41 2C 40 F0 80 88 13 00 01 E8 03 00 02 C4 09 00 03 03 04 9A 05 00 00 00 00 00 00 00 00 00 00 00 00 00 00 00 00 00 00 00 00 00 00 00 00 00 00 00 00 00 00 00 00 00 00 00 00 00 00 00 00 00 00 00 00 00 00 00 00 00 00 00 00 00 00 00 00 00 00 00 00 00 00 00 00 00 00 00 00 00 00 00 00 00 00 00 00 00 00 00 00 00 00 00 00 00 00 00 00 00 00 37 40 A1 40 A6 AA 28 1D 7E
[406761][00:00:03.656]7E FF 02 FF 46 6B 6F 69 67 05 1A 02 FA 85 9E F1 00 36 01 15 02 01 00 00 69 7F 94 89 85 9E F1 62 90 E8 04 00 4D 91 DC C9 33 20 00 00 12 74 72 F8 06 00 00 10 02 00 00 00 00 00 00 05 00 0F 62 10 00 64 30 00 09 81 09 37 12 00 02 01 0A D0 02 17 00 30 00 39 00 06 0A 7F C3 D5 31 FD 0C 0D F0 C0 D7 00 5A 33 00 42 24 32 00 00 00 00 E9 DB B4 F0 1E 3A 00 00 24 00 0E 50 15 50 1C 50 31 50 0C 50 04 50 87 50 8A 50 93 51 34 50 36 50 08 50 40 51 D8 50 62 50 3E 50 1A 50 06 50 BA 51 5D 50 29 50 39 51 75 50 7C 50 7C 51 BC 50 D8 51 5B 50 D9 50 9D 50 80 50 2E 50 05 50 44 51 35 50 42 51 68 51 F8 51 2D 50 34 51 E1 50 0A 51 EE 50 53 50 68 50 29 51 2D 51 DF 50 6C 51 26 51 FE 51 11 51 CF 50 1A 51 F2 50 86 50 82 50 FA 51 16 51 CA 50 AC 50 72 51 14 51 A2 50 A2 30 12 51 71 40 05 41 91 41 65 40 D7 40 18 40 1D 41 61 40 0D 41 C2 41 FD 41 EE 41 64 40 AD 41 A4 41 F5 41 C4 40 78 41 D3 41 C3 41 F4 41 41 41 B5 40 A5 81 7C 15 00 01 C4 09 00 02 AC 0D 00 03 03 04 9A 05 68 41 2E 41 01 41 60 40 0B 40 2A 40 25 40 28 40 9A 40 26 40 19 40 FD 40 47 41 70 40 42 41 03 40 4F 41 A5 40 E6 40 21 40 50 40 37 41 32 40 E8 40 4B 81 94 11 00 01 C4 09 00 02 B8 0B 00 03 03 04 9A 05 03 04 9A 05 9A 05 9A 05 F1 81 88 13 00 01 D0 07 00 02 C4 09 00 03 03 04 9A 05 CF 41 D0 41 27 41 C1 40 D1 41 D2 41 31 41 BD 41 D3 41 26 40 D4 41 D5 41 C9 41 68 41 EE 40 4C 40 20 40 32 41 2C 40 F0 80 88 13 00 01 E8 03 00 02 C4 09 00 03 03 04 9A 05 00 00 00 00 00 00 00 00 00 00 00 00 00 00 00 00 00 00 00 00 00 00 00 00 00 00 00 00 00 00 00 00 00 00 00 00 00 00 00 00 00 00 00 00 00 00 00 00 00 00 00 00 00 00 00 00 00 00 00 00 00 00 00 00 00 00 00 00 00 00 00 00 00 00 00 00 00 00 00 00 00 00 00 00 00 00 00 00 00 00 05 14 57 87 2E 2C 10 96 7E
[406762][00:00:03.731]7E FF 02 FF 48 6B 93 69 67 05 32 02 C2 41 AC F1 00 38 01 15 02 01 00 00 69 7F 94 29 41 AC F1 3E 90 E8 04 00 23 29 27 C9 33 20 00 00 12 74 72 F8 06 00 00 10 02 00 00 00 00 00 00 05 00 0F 3E 10 00 64 30 00 09 80 94 75 12 00 02 01 0A D0 02 17 00 30 00 39 00 06 0A 7F C3 D5 31 FD 0C 0D F0 C0 D7 00 5A 33 00 42 24 32 00 00 00 00 E9 DB B4 F0 1E 3A 00 00 24 00 0E 50 15 50 1C 50 31 50 0C 50 04 50 87 50 8A 50 93 51 34 50 36 50 08 50 40 51 D8 50 62 50 3E 50 1A 50 06 50 BA 51 5D 50 29 50 39 51 75 50 7C 50 7C 51 BC 50 D8 51 5B 50 D9 50 9D 50 80 50 2E 50 05 50 44 51 35 50 42 51 68 51 F8 51 2D 50 34 51 E1 50 0A 51 EE 50 53 50 68 50 29 51 2D 51 DF 50 6C 51 26 51 FE 51 11 51 CF 50 1A 51 F2 50 86 50 82 50 FA 51 16 51 CA 50 AC 50 72 51 14 51 A2 50 A2 30 12 51 71 40 05 41 91 41 65 40 D7 40 18 40 1D 41 61 40 0D 41 C2 41 FD 41 EE 41 64 40 AD 41 A4 41 F5 41 C4 40 78 41 D3 41 C3 41 F4 41 41 41 B5 40 A5 81 7C 15 00 01 C4 09 00 02 AC 0D 00 03 03 04 9A 05 68 41 2E 41 01 41 60 40 0B 40 2A 40 25 40 28 40 9A 40 26 40 19 40 FD 40 47 41 70 40 42 41 03 40 4F 41 A5 40 E6 40 21 40 50 40 37 41 32 40 E8 40 4B 81 94 11 00 01 C4 09 00 02 B8 0B 00 03 03 04 9A 05 03 04 9A 05 9A 05 9A 05 F1 81 88 13 00 01 D0 07 00 02 C4 09 00 03 03 04 9A 05 CF 41 D0 41 27 41 C1 40 D1 41 D2 41 31 41 BD 41 D3 41 26 40 D4 41 D5 41 C9 41 68 41 EE 40 4C 40 20 40 32 41 2C 40 F0 80 88 13 00 01 E8 03 00 02 C4 09 00 03 03 04 9A 05 00 00 00 00 00 00 00 00 00 00 00 00 00 00 00 00 00 00 00 00 00 00 00 00 00 00 00 00 00 00 00 00 00 00 00 00 00 00 00 00 00 00 00 00 00 00 00 00 00 00 00 00 00 00 00 00 00 00 00 00 00 00 00 00 00 00 00 00 00 00 00 00 00 00 00 00 00 00 00 00 00 00 00 00 00 00 00 00 00 00 7A B5 A7 52 CE BE 3A 1C 7E
[406763][00:00:03.777]7E FF 02 FF 49 6B A1 69 67 05 39 02 0F 9A B1 F1 00 36 01 15 02 01 00 00 69 7F 94 85 99 B1 F1 3E 90 E8 04 00 AB 57 69 C9 33 20 00 00 12 74 72 F8 06 00 00 10 02 00 00 00 00 00 00 05 00 0F 3E 10 00 64 30 00 09 80 94 75 12 00 02 01 0A D0 02 17 00 30 00 39 00 06 0A 7F C3 D5 31 FD 0C 0D F0 C0 D7 00 5A 33 00 42 24 32 00 00 00 00 E9 DB B4 F0 1E 3A 00 00 24 00 0E 50 15 50 1C 50 31 50 0C 50 04 50 87 50 8A 50 93 51 34 50 36 50 08 50 40 51 D8 50 62 50 3E 50 1A 50 06 50 BA 51 5D 50 29 50 39 51 75 50 7C 50 7C 51 BC 50 D8 51 5B 50 D9 50 9D 50 80 50 2E 50 05 50 44 51 35 50 42 51 68 51 F8 51 2D 50 34 51 E1 50 0A 51 EE 50 53 50 68 50 29 51 2D 51 DF 50 6C 51 26 51 FE 51 11 51 CF 50 1A 51 F2 50 86 50 82 50 FA 51 16 51 CA 50 AC 50 72 51 14 51 A2 50 A2 30 12 51 71 40 05 41 91 41 65 40 D7 40 18 40 1D 41 61 40 0D 41 C2 41 FD 41 EE 41 64 40 AD 41 A4 41 F5 41 C4 40 78 41 D3 41 C3 41 F4 41 41 41 B5 40 A5 81 7C 15 00 01 C4 09 00 02 AC 0D 00 03 03 04 9A 05 68 41 2E 41 01 41 60 40 0B 40 2A 40 25 40 28 40 9A 40 26 40 19 40 FD 40 47 41 70 40 42 41 03 40 4F 41 A5 40 E6 40 21 40 50 40 37 41 32 40 E8 40 4B 81 94 11 00 01 C4 09 00 02 B8 0B 00 03 03 04 9A 05 03 04 9A 05 9A 05 9A 05 F1 81 88 13 00 01 D0 07 00 02 C4 09 00 03 03 04 9A 05 CF 41 D0 41 27 41 C1 40 D1 41 D2 41 31 41 BD 41 D3 41 26 40 D4 41 D5 41 C9 41 68 41 EE 40 4C 40 20 40 32 41 2C 40 F0 80 88 13 00 01 E8 03 00 02 C4 09 00 03 03 04 9A 05 00 00 00 00 00 00 00 00 00 00 00 00 00 00 00 00 00 00 00 00 00 00 00 00 00 00 00 00 00 00 00 00 00 00 00 00 00 00 00 00 00 00 00 00 00 00 00 00 00 00 00 00 00 00 00 00 00 00 00 00 00 00 00 00 00 00 00 00 00 00 00 00 00 00 00 00 00 00 00 00 00 00 00 00 00 00 00 00 00 00 7A B5 A7 52 B7 B6 97 AB 7E
[406764][00:00:04.300]7E FF 02 FF 4A 6B F7 6B 67 05 D4 03 BE DE 95 F2 00 37 01 15 02 01 00 00 69 7F 94 63 DD 95 F2 05 90 E8 02 00 A4 6B D8 C9 33 20 00 00 12 74 72 F8 06 00 00 10 02 00 00 00 00 00 00 05 00 0F 05 60 00 00 30 00 09 05 35 40 22 1E 00 01 0A D0 02 12 00 30 00 39 00 06 0A 7F C3 D5 31 FD 0C 0D F0 C0 D7 00 5A 33 00 42 24 32 00 00 00 00 E9 DB B4 F0 1E 3A 00 00 24 00 0E 50 15 50 1C 50 31 50 0C 50 04 50 87 50 8A 50 93 51 34 50 36 50 08 50 40 51 D8 50 62 50 3E 50 1A 50 06 50 BA 51 5D 50 29 50 39 51 75 50 7C 50 7C 51 BC 50 D8 51 5B 50 D9 50 9D 50 80 50 2E 50 05 50 44 51 35 50 42 51 68 51 F8 51 2D 50 34 51 E1 50 0A 51 EE 50 53 50 68 50 29 51 2D 51 DF 50 6C 51 26 51 FE 51 11 51 CF 50 1A 51 F2 50 86 50 82 50 FA 51 16 51 CA 50 AC 50 72 51 14 51 A2 50 A2 30 12 51 71 40 05 41 91 41 65 40 D7 40 18 40 1D 41 61 40 0D 41 C2 41 FD 41 EE 41 64 40 AD 41 A4 41 F5 41 C4 40 78 41 D3 41 C3 41 F4 41 41 41 B5 40 A5 81 7C 15 00 01 C4 09 00 02 AC 0D 00 03 03 04 9A 05 68 41 2E 41 01 41 60 40 0B 40 2A 40 25 40 28 40 9A 40 26 40 19 40 FD 40 47 41 70 40 42 41 03 40 4F 41 A5 40 E6 40 21 40 50 40 37 41 32 40 E8 40 4B 81 94 11 00 01 C4 09 00 02 B8 0B 00 03 03 04 9A 05 03 04 9A 05 9A 05 9A 05 F1 81 88 13 00 01 D0 07 00 02 C4 09 00 03 03 04 9A 05 CF 41 D0 41 27 41 C1 40 D1 41 D2 41 31 41 BD 41 D3 41 26 40 D4 41 D5 41 C9 41 68 41 EE 40 4C 40 20 40 32 41 2C 40 F0 80 88 13 00 01 E8 03 00 02 C4 09 00 03 03 04 9A 05 00 00 00 00 00 00 00 00 00 00 00 00 00 00 00 00 00 00 00 00 00 00 00 00 00 00 00 00 00 00 00 00 00 00 00 00 00 00 00 00 00 00 00 00 00 00 00 00 00 00 00 00 00 00 00 00 00 00 00 00 00 00 00 00 00 00 00 00 00 00 00 00 00 00 00 00 00 00 00 00 00 00 00 00 00 00 00 00 00 00 C0 11 53 FE 2D 2D 79 D7 7E
[406765][00:00:06.411]7E FF 02 FF 4B 6B 3D 74 67 05 79 03 59 32 BC F5 01 22 10 14 01 01 00 01 69 7F 94 01 80 0D 03 6A 41 00 10 00 16 42 9C 10 00 14 01 03 C1 AF 30 7E 88 FF 00 00 33 00 00 11 03 00 00 01 02 23 07 C7 1E 28 0A FE FE FE FE 68 6C 00 43 05 69 53 78 00 00 70 10 97 63 10 00 48 05 03 2C 50 02 02 00 01 20 21 02 00 1C 07 EA 06 1D 0A 00 00 0A 00 20 21 02 00 00 20 01 04 00 00 20 00 02 00 00 20 01 02 00 00 20 04 02 00 00 20 05 02 00 00 20 0A 02 00 00 20 17 02 00 00 20 18 02 00 00 00 10 02 01 00 01 10 F0 D5 56 98 83 8E 08 15 8F 01 3B 87 D4 9A 8C D7 FC 0E 16 9A FE 5F 96 00 00 00 00 00 00 00 00 00 00 00 00 00 00 00 00 00 00 00 00 00 00 00 00 00 00 00 00 00 00 00 00 00 00 00 00 00 00 00 00 00 00 00 00 00 00 00 00 00 00 00 00 00 00 00 00 00 00 00 00 00 00 00 00 00 00 00 00 00 00 00 00 00 00 00 00 00 00 00 00 00 00 00 00 00 00 00 00 00 00 00 00 00 00 00 00 00 00 00 00 00 00 00 00 00 00 00 00 00 00 00 00 00 00 D6 70 86 CC 7E
[406766][00:00:06.442]7E FF 02 FF 4C 6B 7E 74 67 05 9D 02 BD 82 D6 F5 00 36 00 94 00 01 00 01 69 7F 94 05 60 00 01 FC 13 79 44 00 DA 98 B4 50 00 06 00 04 75 DE 00 4C 78 EF 04 00 33 00 00 07 00 00 00 05 00 53 00 CE 00 40 00 2E 4D D3 0A 6D FD 2D 00 00 32 29 20 89 69 01 00 CF 88 00 00 36 D8 D4 EB 2E C7 1A E5 FE FE 7F EF 0A 97 56 4C 9F 66 FA 78 74 12 81 05 00 31 0C 00 00 00 00 00 00 00 00 00 00 00 00 00 00 01 00 10 FA 67 24 86 00 00 00 00 00 00 00 00 00 00 00 00 00 00 00 00 00 00 00 00 00 00 00 00 00 00 00 00 00 00 00 00 00 00 00 00 69 AE BC 26 7E
[406767][00:00:06.472]7E FF 02 FF 4D 6B D4 74 67 05 E0 02 71 98 CF F5 01 22 11 14 01 01 00 01 69 7F 94 01 80 0D 03 6A 41 00 10 00 16 42 9C 10 00 1B 01 03 C3 AF 30 7E 88 FF 00 00 33 00 00 11 03 00 00 01 02 23 07 AD 1E 28 0A FE FE FE FE 68 6C 00 43 05 56 53 78 00 00 70 10 29 AC 10 00 48 05 03 13 50 02 02 00 01 20 21 02 00 1C 07 EA 06 1D 0A 00 00 0A 00 20 21 02 00 00 20 01 04 00 00 20 00 02 00 00 20 01 02 00 00 20 04 02 00 00 20 05 02 00 00 20 0A 02 00 00 20 17 02 00 00 20 18 02 00 00 00 10 02 01 00 01 10 F0 D5 56 98 83 8E 08 15 8F 01 3B 87 D4 9A 8C D7 20 69 16 AE F1 70 B6 00 00 00 00 00 00 00 00 00 00 00 00 00 00 00 00 00 00 00 00 00 00 00 00 00 00 00 00 00 00 00 00 00 00 00 00 00 00 00 00 00 00 00 00 00 00 00 00 00 00 00 00 00 00 00 00 00 00 00 00 00 00 00 00 00 00 00 00 00 00 00 00 00 00 00 00 00 00 00 00 00 00 00 00 00 00 00 00 00 00 00 00 00 00 00 00 00 00 00 00 00 00 00 00 00 00 00 00 00 00 00 00 00 00 62 61 21 CB 7E
[406768][00:00:06.712]7E FF 02 FF 4E 6B 01 76 67 05 8A 01 AB E8 43 F6 00 36 00 10 00 01 00 02 69 7F 94 10 05 F0 0D 01 06 00 00 00 77 30 33 68 FF CC 55 7E
[406769][00:00:06.906]7E FF 02 FF 4F 6B 37 76 67 05 5F 01 4A 9F 7E F6 00 00 03 14 01 01 00 01 69 7F 94 01 00 14 03 27 16 EB C0 00 5E A6 C6 10 00 3A 01 03 BF AF 30 7E 88 FF 00 00 33 00 00 11 03 00 00 01 02 23 07 C5 1E 28 0A FE FE FE FE 68 6C 00 43 05 60 53 78 00 00 70 10 AE 22 10 00 48 05 03 2A 50 02 02 00 01 20 21 02 00 1C 07 EA 06 1D 0A 00 00 0A 00 20 21 02 00 00 20 01 04 00 00 20 00 02 00 00 20 01 02 00 00 20 04 02 00 00 20 05 02 00 00 20 0A 02 00 00 20 17 02 00 00 20 18 02 00 00 00 10 02 01 00 01 10 F0 D5 56 98 83 8E 08 15 8F 01 3B 87 D4 9A 8C D7 58 F5 16 F6 6F 87 A0 00 00 00 00 00 00 00 00 00 00 00 00 00 00 00 00 00 00 00 00 00 00 00 00 00 00 00 00 00 00 00 00 00 00 00 00 00 00 00 00 00 00 00 00 00 00 00 00 00 00 00 00 00 00 00 00 00 00 00 00 00 00 00 00 00 00 00 00 00 00 00 00 00 00 00 00 00 00 00 00 00 00 00 00 00 00 00 00 00 00 00 00 00 00 00 00 00 00 00 00 00 00 00 00 00 00 00 00 00 00 00 00 00 00 2F E0 1A 43 7E
[406770][00:00:06.906]7E FF 02 FF 50 6B 5B 76 67 05 7E 03 99 94 8C F6 00 00 03 10 00 01 00 02 69 7F 94 10 05 F0 0D 01 03 00 00 00 27 70 32 EE 38 26 AC 7E
[406771][00:00:06.951]7E FF 02 FF 51 6B C8 76 67 05 3A 00 41 AB 8F F6 00 36 00 14 01 01 00 01 69 7F 94 05 F0 FF 01 E5 14 EB C2 00 EA E5 72 50 00 FF 2F 01 76 DE 00 B5 78 01 04 00 33 00 00 08 00 00 00 05 60 00 22 30 00 09 05 35 40 20 00 00 12 74 72 39 00 00 00 60 00 09 01 05 00 2F 00 00 00 00 00 06 30 06 0D C1 0A 6D 90 2D 00 00 32 09 00 81 01 00 00 45 88 00 00 32 00 D0 E1 22 40 00 E0 9E FA 03 8A 0A 97 00 40 96 60 A8 30 54 02 01 05 00 31 04 01 03 01 04 02 01 02 04 05 04 04 06 05 05 01 02 03 03 03 03 07 03 04 02 03 02 01 01 05 06 04 03 01 04 02 01 02 01 01 02 01 03 03 05 02 02 01 02 03 03 03 03 02 03 01 03 02 03 01 05 01 04 04 01 01 01 03 03 04 02 03 04 04 02 05 01 01 03 05 03 01 01 03 01 01 05 05 01 03 02 02 01 03 05 01 05 A9 EC 41 D2 00 00 00 00 00 00 00 00 00 00 00 00 00 00 00 00 00 00 00 00 00 00 00 00 00 00 00 00 00 00 00 00 00 00 00 00 00 00 00 00 00 00 00 00 00 00 00 00 00 00 00 00 00 00 00 00 00 00 00 D7 AE 9F AB 7E
[406772][00:00:07.161]7E FF 02 FF 52 6B 42 77 67 05 7E 02 4E 95 E4 F6 00 37 00 94 00 01 00 01 69 7F 94 05 60 00 01 FC 13 79 40 00 CB 9A 30 50 00 06 00 04 77 DE 00 4C 78 EF 04 00 33 00 00 07 00 00 00 05 00 53 00 D0 00 40 00 2E 4D D3 0A 6D FD 2D 00 00 32 29 20 89 69 01 00 CF 88 00 00 36 D8 D4 EB 2E C7 1A E5 FE FE 7F FF 0A 97 56 4C 9F 66 FA 78 74 12 81 05 00 31 04 00 00 00 00 00 00 00 00 00 00 00 00 00 00 01 00 10 3E CC 20 B7 00 00 00 00 00 00 00 00 00 00 00 00 00 00 00 00 00 00 00 00 00 00 00 00 00 00 00 00 00 00 00 00 00 00 00 00 4E E6 77 56 7E
[406773][00:00:07.176]7E FF 02 FF 53 6B 4B 77 67 05 2E 03 42 12 E8 F6 00 35 01 14 01 01 00 01 69 7F 94 20 F0 FF 01 E5 14 EB C2 00 CB E5 32 00 02 FF 2F 01 43 94 00 97 70 01 04 00 33 00 00 08 00 00 00 20 50 03 31 30 00 09 04 22 19 20 00 00 12 74 72 39 1C 17 2D 42 00 08 01 0D 00 2F 00 00 00 00 00 35 30 2E 04 C1 0A 6C 90 2D 00 00 32 28 00 00 21 00 00 41 80 00 00 00 00 40 E0 02 40 00 E0 2C 12 02 2A 08 93 00 00 14 60 88 00 14 02 00 04 00 30 04 01 01 03 03 02 02 01 01 05 04 01 04 05 04 03 05 01 03 05 07 01 03 01 02 02 01 02 06 01 03 02 03 02 05 03 01 02 02 01 04 05 01 01 01 04 02 01 05 03 03 01 01 02 04 01 01 03 01 02 02 05 04 02 02 01 06 A2 BB 24 A5 00 00 00 00 00 00 00 00 00 00 00 00 00 00 00 00 00 00 00 00 00 00 00 00 00 00 00 00 00 00 00 00 00 00 00 00 00 00 00 00 00 00 00 00 00 00 00 00 00 00 00 00 00 00 00 00 00 00 00 00 00 00 00 00 00 00 00 00 00 00 00 00 00 00 00 00 00 00 00 00 00 00 00 00 00 00 00 00 00 07 17 66 08 7E
[406774][00:00:07.207]7E FF 02 FF 54 6B F1 77 67 05 10 03 76 43 01 F7 00 35 01 10 00 01 00 02 69 7F 94 10 05 30 05 01 02 00 00 00 04 B4 AE 84 2C B6 E8 7E
[406775][00:00:07.357]7E FF 02 FF 55 6B 0E 78 67 05 B1 03 84 84 32 F7 00 36 00 94 00 01 00 01 69 7F 94 05 60 00 01 FC 13 79 44 00 DA 98 B4 50 00 06 00 04 77 DE 00 4C 78 EF 04 00 33 00 00 07 00 00 00 05 00 53 00 D0 00 40 00 2E 4D D3 0A 6D FD 2D 00 00 32 29 20 89 69 01 00 CF 88 00 00 36 D8 D4 EB 2E C7 1A E5 FE FE 7F FF 0A 97 56 4C 9F 66 FA 78 74 12 81 05 00 31 04 00 00 00 00 00 00 00 00 00 00 00 00 00 00 01 00 10 3E CC 20 B7 00 00 00 00 00 00 00 00 00 00 00 00 00 00 00 00 00 00 00 00 00 00 00 00 00 00 00 00 00 00 00 00 00 00 00 00 C0 A3 44 E6 7E
[406776][00:00:07.403]7E FF 02 FF 56 6B 23 78 67 05 DF 02 2B 71 3A F7 00 FD 03 14 01 01 00 01 69 7F 94 01 60 00 03 27 16 EB C0 00 98 5E C8 10 00 CA 00 03 C0 AF 30 7E 88 FF 00 00 33 00 00 11 03 00 00 01 02 23 07 C6 1E 28 0A FE FE FE FE 68 6C 00 43 05 68 53 78 00 00 70 10 42 FC 10 00 48 05 03 2B 50 02 02 00 01 20 21 02 00 1C 07 EA 06 1D 0A 00 00 0A 00 20 21 02 00 00 20 01 04 00 00 20 00 02 00 00 20 01 02 00 00 20 04 02 00 00 20 05 02 00 00 20 0A 02 00 00 20 17 02 00 00 20 18 02 00 00 00 10 02 01 00 01 10 F0 D5 56 98 83 8E 08 15 8F 01 3B 87 D4 9A 8C D7 19 26 16 A0 64 41 C9 00 00 00 00 00 00 00 00 00 00 00 00 00 00 00 00 00 00 00 00 00 00 00 00 00 00 00 00 00 00 00 00 00 00 00 00 00 00 00 00 00 00 00 00 00 00 00 00 00 00 00 00 00 00 00 00 00 00 00 00 00 00 00 00 00 00 00 00 00 00 00 00 00 00 00 00 00 00 00 00 00 00 00 00 00 00 00 00 00 00 00 00 00 00 00 00 00 00 00 00 00 00 00 00 00 00 00 00 00 00 00 00 00 00 3F 83 D0 C8 7E
[406777][00:00:07.448]7E FF 02 FF 57 6B 60 78 67 05 DF 01 97 A1 51 F7 00 39 00 94 00 01 00 01 69 7F 94 05 60 00 01 FC 13 79 44 00 DA 98 B4 50 00 06 00 04 77 DE 00 4C 78 EF 04 00 33 00 00 07 00 00 00 05 00 53 00 D0 00 40 00 2E 4D D3 0A 6D FD 2D 00 00 32 29 20 89 69 01 00 CF 88 00 00 36 D8 D4 EB 2E C7 1A E5 FE FE 7F FF 0A 97 56 4C 9F 66 FA 78 74 12 81 05 00 31 04 00 00 00 00 00 00 00 00 00 00 00 00 00 00 01 00 10 3E CC 20 B7 00 00 00 00 00 00 00 00 00 00 00 00 00 00 00 00 00 00 00 00 00 00 00 00 00 00 00 00 00 00 00 00 00 00 00 00 E9 93 3A D3 7E
[406778][00:00:07.568]7E FF 02 FF 58 6B C9 78 67 05 B8 01 DC A8 79 F7 00 38 00 14 01 01 00 01 69 7F 94 05 F0 FF 01 E5 14 EB C2 00 EA E5 72 50 00 FF 2F 01 78 DE 00 B5 78 01 04 00 33 00 00 08 00 00 00 05 60 00 22 30 00 09 05 35 40 20 00 00 12 74 72 39 00 00 00 60 00 09 01 02 00 2F 00 00 00 00 00 06 30 06 0D C1 0A 6D 90 2D 00 00 32 09 00 81 01 00 00 45 88 00 00 32 00 D0 E1 22 40 00 E0 9E FA 03 8A 0A 97 00 40 96 60 A8 30 54 02 01 05 00 31 04 01 03 01 04 02 01 02 04 05 04 04 06 05 05 01 02 03 03 03 03 07 03 04 02 03 02 01 01 05 06 04 03 01 04 02 01 02 01 01 02 01 03 03 05 02 02 01 02 03 03 03 03 02 03 01 03 02 03 01 05 01 04 04 01 01 01 03 03 04 02 03 04 04 02 05 01 01 03 05 03 01 01 03 01 01 05 05 01 03 02 02 01 03 05 01 05 46 99 62 52 00 00 00 00 00 00 00 00 00 00 00 00 00 00 00 00 00 00 00 00 00 00 00 00 00 00 00 00 00 00 00 00 00 00 00 00 00 00 00 00 00 00 00 00 00 00 00 00 00 00 00 00 00 00 00 00 00 00 00 4E 7C EC 53 7E
[406779][00:00:07.568]7E FF 02 FF 59 6B F1 78 67 05 F4 00 F0 DB 88 F7 00 38 00 10 00 01 00 02 69 7F 94 01 05 D0 02 01 FE 00 00 00 2E 65 F6 40 CD 6F 81 7E
[406780][00:00:07.583]7E FF 02 FF 5A 6B F5 78 67 05 46 01 DE 65 8A F7 00 35 00 94 00 01 00 01 69 7F 94 05 60 00 01 FC 13 79 40 00 CB 9A 30 50 00 06 00 04 79 DE 00 4C 78 EF 04 00 33 00 00 07 00 00 00 05 00 53 00 C8 00 40 00 2E 4D D3 0A 6D F9 2D 00 00 32 29 20 89 69 01 00 C7 88 00 00 36 D8 D4 EB 2E C7 1A E5 FE FE 7F FF 0A 97 56 4C 9F 66 FA 78 74 12 81 05 00 31 04 00 00 00 00 00 00 00 00 00 00 00 00 00 00 01 00 10 ED ED FD 85 00 00 00 00 00 00 00 00 00 00 00 00 00 00 00 00 00 00 00 00 00 00 00 00 00 00 00 00 00 00 00 00 00 00 00 00 AD 56 51 5D 7E
[406781][00:00:07.628]7E FF 02 FF 5B 6B 03 79 67 05 5F 03 FF EF 8F F7 00 FD 03 14 01 01 00 01 69 7F 94 01 60 00 03 27 16 EB C4 00 89 5C 4C 10 00 CA 00 03 C0 AF 30 7E 88 FF 00 00 33 00 00 11 03 00 00 01 02 23 07 C6 1E 28 0A FE FE FE FE 68 6C 00 43 05 68 53 78 00 00 70 10 42 FC 10 00 48 05 03 2B 50 02 02 00 01 20 21 02 00 1C 07 EA 06 1D 0A 00 00 0A 00 20 21 02 00 00 20 01 04 00 00 20 00 02 00 00 20 01 02 00 00 20 04 02 00 00 20 05 02 00 00 20 0A 02 00 00 20 17 02 00 00 20 18 02 00 00 00 10 02 01 00 01 10 F0 D5 56 98 83 8E 08 15 8F 01 3B 87 D4 9A 8C D7 19 26 16 A0 64 41 C9 00 00 00 00 00 00 00 00 00 00 00 00 00 00 00 00 00 00 00 00 00 00 00 00 00 00 00 00 00 00 00 00 00 00 00 00 00 00 00 00 00 00 00 00 00 00 00 00 00 00 00 00 00 00 00 00 00 00 00 00 00 00 00 00 00 00 00 00 00 00 00 00 00 00 00 00 00 00 00 00 00 00 00 00 00 00 00 00 00 00 00 00 00 00 00 00 00 00 00 00 00 00 00 00 00 00 00 00 00 00 00 00 00 00 F2 9B 58 27 7E
[406782][00:00:07.673]7E FF 02 FF 5C 6B 31 79 67 05 E4 03 EC 8A A1 F7 00 FD 03 14 01 01 00 01 69 7F 94 01 60 00 03 27 16 EB C0 00 98 5E C8 10 00 CF 00 03 C2 AF 30 7E 88 FF 00 00 33 00 00 11 03 00 00 01 02 23 07 AB 1E 28 0A FE FE FE FE 68 6C 00 43 05 39 47 78 00 00 70 10 44 43 10 00 48 05 03 11 50 02 02 00 01 20 21 02 00 1C 07 EA 06 1D 0A 00 00 0A 00 20 21 02 00 00 20 01 04 00 00 20 00 02 00 00 20 01 02 00 00 20 04 02 00 00 20 05 02 00 00 20 0A 02 00 00 20 17 02 00 00 20 18 02 00 00 00 10 02 01 00 01 10 F0 D5 56 98 83 8E 08 15 8F 01 3B 87 D4 9A 8C D7 B3 C7 16 97 3E 9F 17 00 00 00 00 00 00 00 00 00 00 00 00 00 00 00 00 00 00 00 00 00 00 00 00 00 00 00 00 00 00 00 00 00 00 00 00 00 00 00 00 00 00 00 00 00 00 00 00 00 00 00 00 00 00 00 00 00 00 00 00 00 00 00 00 00 00 00 00 00 00 00 00 00 00 00 00 00 00 00 00 00 00 00 00 00 00 00 00 00 00 00 00 00 00 00 00 00 00 00 00 00 00 00 00 00 00 00 00 00 00 00 00 00 00 7A A9 85 20 7E
[406783][00:00:07.719]7E FF 02 FF 5D 6B 60 79 67 05 23 01 D4 33 B3 F7 00 FD 03 14 01 01 00 01 69 7F 94 01 60 00 03 27 16 EB C4 00 89 5C 4C 10 00 CF 00 03 C2 AF 30 7E 88 FF 00 00 33 00 00 11 03 00 00 01 02 23 07 AB 1E 28 0A FE FE FE FE 68 6C 00 43 05 39 47 78 00 00 70 10 44 43 10 00 48 05 03 11 50 02 02 00 01 20 21 02 00 1C 07 EA 06 1D 0A 00 00 0A 00 20 21 02 00 00 20 01 04 00 00 20 00 02 00 00 20 01 02 00 00 20 04 02 00 00 20 05 02 00 00 20 0A 02 00 00 20 17 02 00 00 20 18 02 00 00 00 10 02 01 00 01 10 F0 D5 56 98 83 8E 08 15 8F 01 3B 87 D4 9A 8C D7 B3 C7 16 97 3E 9F 17 00 00 00 00 00 00 00 00 00 00 00 00 00 00 00 00 00 00 00 00 00 00 00 00 00 00 00 00 00 00 00 00 00 00 00 00 00 00 00 00 00 00 00 00 00 00 00 00 00 00 00 00 00 00 00 00 00 00 00 00 00 00 00 00 00 00 00 00 00 00 00 00 00 00 00 00 00 00 00 00 00 00 00 00 00 00 00 00 00 00 00 00 00 00 00 00 00 00 00 00 00 00 00 00 00 00 00 00 00 00 00 00 00 00 64 94 66 1D 7E
[406784][00:00:07.764]7E FF 02 FF 5E 6B 8D 79 67 05 1E 00 50 43 C4 F7 00 FE 03 14 01 01 00 01 69 7F 94 01 60 00 03 27 16 EB C4 00 89 5C 4C 10 00 CF 00 03 C2 AF 30 7E 88 FF 00 00 33 00 00 11 03 00 00 01 02 23 07 AB 1E 28 0A FE FE FE FE 68 6C 00 43 05 39 47 78 00 00 70 10 44 43 10 00 48 05 03 11 50 02 02 00 01 20 21 02 00 1C 07 EA 06 1D 0A 00 00 0A 00 20 21 02 00 00 20 01 04 00 00 20 00 02 00 00 20 01 02 00 00 20 04 02 00 00 20 05 02 00 00 20 0A 02 00 00 20 17 02 00 00 20 18 02 00 00 00 10 02 01 00 01 10 F0 D5 56 98 83 8E 08 15 8F 01 3B 87 D4 9A 8C D7 B3 C7 16 97 3E 9F 17 00 00 00 00 00 00 00 00 00 00 00 00 00 00 00 00 00 00 00 00 00 00 00 00 00 00 00 00 00 00 00 00 00 00 00 00 00 00 00 00 00 00 00 00 00 00 00 00 00 00 00 00 00 00 00 00 00 00 00 00 00 00 00 00 00 00 00 00 00 00 00 00 00 00 00 00 00 00 00 00 00 00 00 00 00 00 00 00 00 00 00 00 00 00 00 00 00 00 00 00 00 00 00 00 00 00 00 00 00 00 00 00 00 00 1A 8F 91 75 7E
[406785][00:00:07.779]7E FF 02 FF 5F 6B BF 79 67 05 58 00 87 5C D7 F7 00 FD 03 54 00 01 00 01 69 7F 94 01 60 00 03 B6 12 40 E0 00 46 9A D7 10 00 05 00 0A C4 AF 30 10 88 FF 00 00 33 00 00 11 A1 00 00 01 23 C5 07 30 00 09 05 35 40 03 02 7B C6 0F BD 00 00 00 00 00 00 00 00 00 00 00 00 00 00 00 00 00 00 00 00 00 00 00 00 00 00 00 00 00 00 00 00 06 DD 28 61 7E
[406786][00:00:07.824]7E FF 02 FF 60 6B DC 79 67 05 7B 01 F5 88 E2 F7 00 35 00 94 00 01 00 01 69 7F 94 05 60 00 01 FC 13 79 44 00 DA 98 B4 50 00 06 00 04 79 DE 00 4C 78 EF 04 00 33 00 00 07 00 00 00 05 00 53 00 C8 00 40 00 2E 4D D3 0A 6D F9 2D 00 00 32 29 20 89 69 01 00 C7 88 00 00 36 D8 D4 EB 2E C7 1A E5 FE FE 7F FF 0A 97 56 4C 9F 66 FA 78 74 12 81 05 00 31 04 00 00 00 00 00 00 00 00 00 00 00 00 00 00 01 00 10 ED ED FD 85 00 00 00 00 00 00 00 00 00 00 00 00 00 00 00 00 00 00 00 00 00 00 00 00 00 00 00 00 00 00 00 00 00 00 00 00 6C D8 04 EB 7E
[406787][00:00:07.824]7E FF 02 FF 61 6B 4E 7A 67 05 8F 02 90 FB E7 F7 00 FD 03 54 00 01 00 01 69 7F 94 01 60 00 03 B6 12 40 E4 00 57 98 53 10 00 05 00 0A C4 AF 30 10 88 FF 00 00 33 00 00 11 A1 00 00 01 23 C5 07 30 00 09 05 35 40 03 02 7B C6 0F BD 00 00 00 00 00 00 00 00 00 00 00 00 00 00 00 00 00 00 00 00 00 00 00 00 00 00 00 00 00 00 00 00 45 A2 F5 7D 7E
[406788][00:00:07.870]7E FF 02 FF 62 6B 18 7A 67 05 62 01 29 6A F9 F7 00 FD 03 54 00 01 00 01 69 7F 94 01 60 00 03 B6 12 40 E4 00 57 98 53 10 00 05 00 0A C4 AF 30 10 88 FF 00 00 33 00 00 11 A1 00 00 01 23 C5 07 30 00 09 05 35 40 03 02 7B C6 0F BD 00 00 00 00 00 00 00 00 00 00 00 00 00 00 00 00 00 00 00 00 00 00 00 00 00 00 00 00 00 00 00 00 DB B0 3F BF 7E
[406789][00:00:07.945]7E FF 02 FF 63 6B 63 7A 67 05 7D 00 E2 EF 15 F8 00 FD 03 54 00 01 00 01 69 7F 94 01 60 00 03 B6 12 40 E4 00 57 98 53 10 00 05 00 0A C4 AF 30 10 88 FF 00 00 33 00 00 11 A1 00 00 01 23 C5 07 30 00 09 05 35 40 03 02 7B C6 0F BD 00 00 00 00 00 00 00 00 00 00 00 00 00 00 00 00 00 00 00 00 00 00 00 00 00 00 00 00 00 00 00 00 A3 96 6A 91 7E
[406790][00:00:07.990]7E FF 02 FF 64 6B 84 7A 67 05 F3 01 A4 AC 22 F8 00 37 00 94 00 01 00 01 69 7F 94 05 60 00 01 FC 13 79 44 00 DA 98 B4 50 00 06 00 04 79 DE 00 4C 78 EF 04 00 33 00 00 07 00 00 00 05 00 53 00 C8 00 40 00 2E 4D D3 0A 6D F9 2D 00 00 32 29 20 89 69 01 00 C7 88 00 00 36 D8 D4 EB 2E C7 1A E5 FE FE 7F FF 0A 97 56 4C 9F 66 FA 78 74 12 81 05 00 31 04 00 00 00 00 00 00 00 00 00 00 00 00 00 00 01 00 10 ED ED FD 85 00 00 00 00 00 00 00 00 00 00 00 00 00 00 00 00 00 00 00 00 00 00 00 00 00 00 00 00 00 00 00 00 00 00 00 00 BC 3C 70 95 7E
[406791][00:00:08.050]7E FF 02 FF 65 6B CF 7A 67 05 6E 03 4E 73 3F F8 00 37 00 10 00 01 00 02 69 7F 94 10 05 F0 0D 01 06 00 00 00 77 30 33 D2 ED 1B 7A 7E
[406792][00:00:08.080]7E FF 02 FF 66 6B E2 7A 67 05 CE 02 91 9C 46 F8 00 38 00 94 00 01 00 01 69 7F 94 05 60 00 01 FC 13 79 44 00 DA 98 B4 50 00 06 00 04 79 DE 00 4C 78 EF 04 00 33 00 00 07 00 00 00 05 00 53 00 C8 00 40 00 2E 4D D3 0A 6D F9 2D 00 00 32 29 20 89 69 01 00 C7 88 00 00 36 D8 D4 EB 2E C7 1A E5 FE FE 7F FF 0A 97 56 4C 9F 66 FA 78 74 12 81 05 00 31 04 00 00 00 00 00 00 00 00 00 00 00 00 00 00 01 00 10 ED ED FD 85 00 00 00 00 00 00 00 00 00 00 00 00 00 00 00 00 00 00 00 00 00 00 00 00 00 00 00 00 00 00 00 00 00 00 00 00 6C B9 53 D2 7E
[406793][00:00:08.140]7E FF 02 FF 67 6B 26 7B 67 05 95 03 53 A1 60 F8 00 FE 03 54 00 01 00 01 69 7F 94 01 60 00 03 B6 12 40 E4 00 57 98 53 10 00 05 00 0A C4 AF 30 10 88 FF 00 00 33 00 00 11 A1 00 00 01 23 C5 07 30 00 09 05 35 40 03 02 7B C6 0F BD 00 00 00 00 00 00 00 00 00 00 00 00 00 00 00 00 00 00 00 00 00 00 00 00 00 00 00 00 00 00 00 00 F7 FE 4F 70 7E
[406794][00:00:08.155]7E FF 02 FF 68 6B 39 7B 67 05 B3 00 0F 99 67 F8 00 36 00 54 00 01 00 01 69 7F 94 05 60 00 01 D6 12 40 E0 00 C4 92 D5 F0 0D 01 00 04 AB 5F 00 0C 78 DF 04 00 33 00 00 09 00 00 00 DF 00 01 00 A1 00 2B 13 3C 89 04 F5 00 00 00 00 00 00 00 00 00 00 00 00 00 00 00 00 00 00 00 00 00 00 00 00 00 00 00 00 00 00 00 00 00 00 00 00 56 81 E0 5B 7E
[406795][00:00:08.170]7E FF 02 FF 69 6B 49 7B 67 05 62 01 70 C3 6D F8 00 FD 03 54 00 01 00 01 69 7F 94 01 60 00 03 B6 12 40 E4 00 57 98 53 10 00 05 00 0A C4 AF 30 10 88 FF 00 00 33 00 00 11 A1 00 00 01 23 C5 07 30 00 09 05 35 40 03 02 7B C6 0F BD 00 00 00 00 00 00 00 00 00 00 00 00 00 00 00 00 00 00 00 00 00 00 00 00 00 00 00 00 00 00 00 00 D2 CB 18 D7 7E
[406796][00:00:08.260]7E FF 02 FF 6A 6B A0 7B 67 05 34 03 14 21 8F F8 00 37 00 54 00 01 00 01 69 7F 94 05 60 00 01 D6 12 40 E4 00 D5 90 51 F0 0D 01 00 04 AB 5F 00 0C 78 DF 04 00 33 00 00 09 00 00 00 DF 00 01 00 A1 00 2B 13 3C 89 04 F5 00 00 00 00 00 00 00 00 00 00 00 00 00 00 00 00 00 00 00 00 00 00 00 00 00 00 00 00 00 00 00 00 00 00 00 00 99 FD C8 71 7E
[406797][00:00:08.275]7E FF 02 FF 6B 6B AD 7B 67 05 E3 00 D3 DC 93 F8 00 FD 03 54 00 01 00 01 69 7F 94 01 60 00 03 B6 12 40 E4 00 57 98 53 10 00 05 00 0A C4 AF 30 10 88 FF 00 00 33 00 00 11 A1 00 00 01 23 C5 07 30 00 09 05 35 40 03 02 7B C6 0F BD 00 00 00 00 00 00 00 00 00 00 00 00 00 00 00 00 00 00 00 00 00 00 00 00 00 00 00 00 00 00 00 00 CC 90 D3 53 7E
[406798][00:00:08.364]7E FF 02 FF 6C 6B 0A 7C 67 05 A0 03 BA A0 B7 F8 00 FD 03 10 00 01 00 03 69 7F 94 14 0D 21 25 00 00 00 10 02 FD 0C 61 C9 98 4F C5 7E
[406799][00:00:08.380]7E FF 02 FF 6D 6B 23 7C 67 05 C1 00 08 E3 C0 F8 00 FD 03 10 00 01 00 02 69 7F 94 10 01 E0 00 01 00 01 00 00 54 DF 41 EB 7F 04 1D 7E
[406800][00:00:08.409]7E FF 02 FF 6E 6B 37 7C 67 05 E0 00 14 81 C8 F8 00 38 00 54 00 01 00 01 69 7F 94 05 60 00 01 D6 12 40 E4 00 D5 90 51 F0 0D 01 00 04 AB 5F 00 0C 78 DF 04 00 33 00 00 09 00 00 00 DF 00 01 00 A1 00 2B 13 3C 89 04 F5 00 00 00 00 00 00 00 00 00 00 00 00 00 00 00 00 00 00 00 00 00 00 00 00 00 00 00 00 00 00 00 00 00 00 00 00 0F BB F5 BA 7E
[406801][00:00:08.469]7E FF 02 FF 6F 6B 73 7C 67 05 AC 01 09 80 DF F8 00 38 00 10 00 01 00 02 69 7F 94 10 05 30 05 01 05 00 00 00 75 74 2B 42 89 7D 80 7E
[406802][00:00:08.499]7E FF 02 FF 70 6B 8E 7C 67 05 24 01 CB BD E9 F8 00 38 00 10 00 01 00 02 69 7F 94 10 05 30 05 01 0A 00 00 00 85 B4 28 2E C4 AC 13 7E
[406803][00:00:08.514]7E FF 02 FF 71 6B 9C 7C 67 05 83 01 FA 19 EF F8 00 37 00 54 00 01 00 01 69 7F 94 05 60 00 01 D6 12 40 E4 00 D5 90 51 F0 0D 01 00 04 AB 5F 00 0C 78 DF 04 00 33 00 00 09 00 00 00 DF 00 01 00 A1 00 2B 13 3C 89 04 F5 00 00 00 00 00 00 00 00 00 00 00 00 00 00 00 00 00 00 00 00 00 00 00 00 00 00 00 00 00 00 00 00 00 00 00 00 BB 4C 58 A1 7E
[406804][00:00:08.559]7E FF 02 FF 72 6B CB 7C 67 05 60 01 C4 09 01 F9 00 37 00 10 00 01 00 02 69 7F 94 10 62 90 0D 01 00 00 00 00 8A B8 AA 61 68 35 08 7E
[406805][00:00:08.589]7E FF 02 FF 73 6B D1 7C 67 05 B6 03 80 86 03 F9 00 36 01 14 01 01 00 01 69 7F 94 62 10 00 01 84 1E EB C0 00 4F D8 58 20 06 01 00 00 44 02 00 8C 00 EF 08 00 33 00 00 30 00 09 81 09 37 20 00 00 12 74 72 07 00 00 00 D9 00 D9 00 8C 00 80 00 9A B0 2C F5 03 02 52 FF BE 0D 06 C7 26 90 9E 8F 80 75 7B 69 01 04 09 04 00 00 01 12 00 00 00 00 A0 00 00 20 00 00 00 80 08 20 2E 22 3C 00 00 00 20 10 3E 79 4B 39 1C 53 E2 31 16 05 40 00 00 00 00 00 00 00 00 00 00 00 00 00 00 00 00 00 00 00 00 00 00 00 00 00 00 00 00 00 00 00 00 00 00 00 00 00 00 00 00 00 00 00 00 00 00 00 00 00 00 00 00 00 00 00 00 00 00 00 00 00 00 00 00 00 00 00 A3 A9 6E 17 00 00 00 00 00 00 00 00 00 00 00 00 00 00 00 00 00 00 00 00 00 00 00 00 00 00 00 00 00 00 00 00 00 00 00 00 00 00 00 00 00 00 00 00 00 00 00 00 00 00 00 00 00 00 00 00 00 00 00 00 00 00 00 00 00 00 00 00 00 00 00 00 00 00 00 00 00 00 00 00 00 00 00 00 00 00 00 00 EB 20 64 C6 7E
[406806][00:00:08.604]7E FF 02 FF 74 6B DF 7C 67 05 F7 02 BA D0 08 F9 00 36 01 10 00 01 00 02 69 7F 94 10 01 20 06 01 01 02 00 00 F5 58 DB 4F 73 EB 0A 7E
[406807][00:00:08.619]7E FF 02 FF 75 6B 6B 7D 67 05 78 00 36 D5 17 F9 00 36 01 10 00 01 00 02 69 7F 94 10 05 30 05 01 03 00 00 00 15 F4 2A 98 F6 05 15 7E
[406808][00:00:08.903]7E FF 02 FF 76 6B 0B 7E 67 05 BF 01 73 1F 7B F9 00 3A 00 14 01 01 00 01 69 7F 94 20 F0 FF 01 E5 14 EB C2 00 CB E5 32 00 02 FF 2F 01 44 94 00 97 70 01 04 00 33 00 00 08 00 00 00 20 50 03 31 30 00 09 04 22 19 20 00 00 12 74 72 39 1C 17 2D 42 00 08 01 0B 00 2F 00 00 00 00 00 35 30 2E 04 C1 0A 6C 90 2D 00 00 32 28 00 00 21 00 00 41 80 00 00 00 00 40 E0 02 40 00 E0 2C 12 02 2A 08 93 00 00 14 60 88 00 14 02 00 04 00 30 04 01 01 03 03 02 02 01 01 05 04 01 04 05 04 03 05 01 03 05 07 01 03 01 02 02 01 02 06 01 03 02 03 02 05 03 01 02 02 01 04 05 01 01 01 04 02 01 05 03 03 01 01 02 04 01 01 03 01 02 02 05 04 02 02 01 06 2A 96 36 A1 00 00 00 00 00 00 00 00 00 00 00 00 00 00 00 00 00 00 00 00 00 00 00 00 00 00 00 00 00 00 00 00 00 00 00 00 00 00 00 00 00 00 00 00 00 00 00 00 00 00 00 00 00 00 00 00 00 00 00 00 00 00 00 00 00 00 00 00 00 00 00 00 00 00 00 00 00 00 00 00 00 00 00 00 00 00 00 00 00 BA 46 3E BA 7E
[406809][00:00:09.053]7E FF 02 FF 77 6B AB 7E 67 05 88 01 45 23 B8 F9 00 39 00 94 00 01 00 01 69 7F 94 05 60 00 01 FC 13 79 44 00 DA 98 B4 50 00 06 00 04 7A DE 00 4C 78 EF 04 00 33 00 00 07 00 00 00 05 00 53 00 CB 00 40 00 2E 4D D3 0A 6D F9 2D 00 00 32 29 20 89 69 01 00 C7 88 00 00 36 D8 D4 EB 2E C7 1A E5 FE FE 7F FF 0A 97 56 4C 9F 66 FA 78 74 12 81 05 00 31 04 00 00 00 00 00 00 00 00 00 00 00 00 00 00 01 00 10 8B 45 BB 2A 00 00 00 00 00 00 00 00 00 00 00 00 00 00 00 00 00 00 00 00 00 00 00 00 00 00 00 00 00 00 00 00 00 00 00 00 DF CF 29 8E 7E
[406810][00:00:09.337]7E FF 02 FF 78 6B 2B 80 67 05 60 02 46 8E 24 FA 00 37 00 94 00 01 00 01 69 7F 94 05 60 00 01 FC 13 79 44 00 DA 98 B4 50 00 06 00 04 7A DE 00 4C 78 EF 04 00 33 00 00 07 00 00 00 05 00 53 00 CB 00 40 00 2E 4D D3 0A 6D F9 2D 00 00 32 29 20 89 69 01 00 C7 88 00 00 36 D8 D4 EB 2E C7 1A E5 FE FE 7F FF 0A 97 56 4C 9F 66 FA 78 74 12 81 05 00 31 04 00 00 00 00 00 00 00 00 00 00 00 00 00 00 01 00 10 8B 45 BB 2A 00 00 00 00 00 00 00 00 00 00 00 00 00 00 00 00 00 00 00 00 00 00 00 00 00 00 00 00 00 00 00 00 00 00 00 00 1C CB 08 D8 7E
[406811][00:00:09.367]7E FF 02 FF 79 6B DF 7F 67 05 6B 00 09 84 2D FA 00 36 00 94 00 01 00 01 69 7F 94 05 60 00 01 FC 13 79 40 00 CB 9A 30 50 00 06 00 04 7B DE 00 4A 78 EF 04 00 33 00 00 07 00 00 00 05 00 05 00 99 00 3E 00 2E 4D D3 0A 6D F1 2D 00 00 32 29 20 89 69 01 00 C5 88 00 00 32 C8 D4 EB 22 44 00 E5 BE FE 3B EE 0A 97 46 48 9F 62 FA 70 54 02 01 05 00 31 04 00 00 00 00 00 00 00 00 00 00 00 00 00 00 01 03 F1 61 10 00 00 00 00 00 00 00 00 00 00 00 00 00 00 00 00 00 00 00 00 00 00 00 00 00 00 00 00 00 00 00 00 00 00 00 00 00 00 B5 B7 7B 7F 7E
[406812][00:00:09.367]7E FF 02 FF 7A 6B EB 7F 67 05 0C 03 5F 59 32 FA 00 FD 03 54 00 01 00 01 69 7F 94 01 60 00 03 B6 12 40 E4 00 57 98 53 10 00 05 00 0A C4 AF 30 10 88 FF 00 00 33 00 00 11 A1 00 00 01 23 C5 07 30 00 09 05 35 40 03 02 7B C6 0F BD 00 00 00 00 00 00 00 00 00 00 00 00 00 00 00 00 00 00 00 00 00 00 00 00 00 00 00 00 00 00 00 00 04 1B E0 2A 7E
[406813][00:00:09.413]7E FF 02 FF 7B 6B 20 80 67 05 CD 00 AB 59 46 FA 00 FE 03 54 00 01 00 01 69 7F 94 01 60 00 03 B6 12 40 E4 00 57 98 53 10 00 05 00 0A C4 AF 30 10 88 FF 00 00 33 00 00 11 A1 00 00 01 23 C5 07 30 00 09 05 35 40 03 02 7B C6 0F BD 00 00 00 00 00 00 00 00 00 00 00 00 00 00 00 00 00 00 00 00 00 00 00 00 00 00 00 00 00 00 00 00 79 F9 33 2A 7E
[406814][00:00:09.459]7E FF 02 FF 7C 6B 49 80 67 05 8D 00 A7 F6 55 FA 00 FE 03 54 00 01 00 01 69 7F 94 01 60 00 03 B6 12 40 E4 00 57 98 53 10 00 05 00 0A C4 AF 30 10 88 FF 00 00 33 00 00 11 A1 00 00 01 23 C5 07 30 00 09 05 35 40 03 02 7B C6 0F BD 00 00 00 00 00 00 00 00 00 00 00 00 00 00 00 00 00 00 00 00 00 00 00 00 00 00 00 00 00 00 00 00 30 A5 9E E0 7E
[406815][00:00:09.518]7E FF 02 FF 7D 6B 6C 80 67 05 F3 02 CF 8B 63 FA 00 FD 03 14 01 01 00 01 69 7F 94 01 60 00 03 27 16 EB C0 00 98 5E C8 10 00 C6 00 03 C5 AF 30 74 88 FF 00 00 33 00 00 11 03 00 00 01 02 83 06 C8 1E 28 0A FE FE FE FE 68 62 00 43 05 92 51 53 06 00 30 10 4E E9 10 00 3E 05 03 30 50 02 02 00 01 20 21 02 00 1C 07 EA 06 1D 0B 00 00 08 00 20 21 02 00 00 20 01 04 00 00 20 00 02 00 00 20 01 02 00 00 20 04 02 00 00 20 0A 02 00 00 00 10 02 01 00 00 20 02 01 00 01 10 F0 D5 56 98 83 8E 08 15 8F 01 3B 87 D4 9A 8C D7 DE 17 16 0B B5 BC 1C 00 00 00 00 00 00 00 00 00 00 00 00 00 00 00 00 00 00 00 00 00 00 00 00 00 00 00 00 00 00 00 00 00 00 00 00 00 00 00 00 00 00 00 00 00 00 00 00 00 00 00 00 00 00 00 00 00 00 00 00 00 00 00 00 00 00 00 00 00 00 00 00 00 00 00 00 00 00 00 00 00 00 00 00 00 00 00 00 00 00 00 00 00 00 00 00 00 00 00 00 00 00 00 00 00 00 00 00 00 00 00 00 00 00 00 00 00 00 00 00 00 00 00 00 4E 88 50 8F 7E
[406816][00:00:09.533]7E FF 02 FF 7E 6B 94 80 67 05 0B 00 4E 87 72 FA 00 36 00 94 00 01 00 01 69 7F 94 05 60 00 01 FC 13 79 44 00 DA 98 B4 50 00 06 00 04 7B DE 00 4A 78 EF 04 00 33 00 00 07 00 00 00 05 00 05 00 99 00 3E 00 2E 4D D3 0A 6D F1 2D 00 00 32 29 20 89 69 01 00 C5 88 00 00 32 C8 D4 EB 22 44 00 E5 BE FE 3B EE 0A 97 46 48 9F 62 FA 70 54 02 01 05 00 31 04 00 00 00 00 00 00 00 00 00 00 00 00 00 00 01 03 F1 61 10 00 00 00 00 00 00 00 00 00 00 00 00 00 00 00 00 00 00 00 00 00 00 00 00 00 00 00 00 00 00 00 00 00 00 00 00 00 00 9C 28 EE 98 7E
[406817][00:00:09.579]7E FF 02 FF 7F 6B AB 80 67 05 A8 03 3A A5 7B FA 00 FD 03 14 01 01 00 01 69 7F 94 01 60 00 03 27 16 EB C4 00 89 5C 4C 10 00 C6 00 03 C5 AF 30 74 88 FF 00 00 33 00 00 11 03 00 00 01 02 83 06 C8 1E 28 0A FE FE FE FE 68 62 00 43 05 92 51 53 06 00 30 10 4E E9 10 00 3E 05 03 30 50 02 02 00 01 20 21 02 00 1C 07 EA 06 1D 0B 00 00 08 00 20 21 02 00 00 20 01 04 00 00 20 00 02 00 00 20 01 02 00 00 20 04 02 00 00 20 0A 02 00 00 00 10 02 01 00 00 20 02 01 00 01 10 F0 D5 56 98 83 8E 08 15 8F 01 3B 87 D4 9A 8C D7 DE 17 16 0B B5 BC 1C 00 00 00 00 00 00 00 00 00 00 00 00 00 00 00 00 00 00 00 00 00 00 00 00 00 00 00 00 00 00 00 00 00 00 00 00 00 00 00 00 00 00 00 00 00 00 00 00 00 00 00 00 00 00 00 00 00 00 00 00 00 00 00 00 00 00 00 00 00 00 00 00 00 00 00 00 00 00 00 00 00 00 00 00 00 00 00 00 00 00 00 00 00 00 00 00 00 00 00 00 00 00 00 00 00 00 00 00 00 00 00 00 00 00 00 00 00 00 00 00 00 00 00 00 C3 5C 0C C9 7E
[406818][00:00:09.625]7E FF 02 FF 80 6B D5 80 67 05 16 00 39 52 8B FA 00 FE 03 14 01 01 00 01 69 7F 94 01 60 00 03 27 16 EB C4 00 89 5C 4C 10 00 C6 00 03 C5 AF 30 74 88 FF 00 00 33 00 00 11 03 00 00 01 02 83 06 C8 1E 28 0A FE FE FE FE 68 62 00 43 05 92 51 53 06 00 30 10 4E E9 10 00 3E 05 03 30 50 02 02 00 01 20 21 02 00 1C 07 EA 06 1D 0B 00 00 08 00 20 21 02 00 00 20 01 04 00 00 20 00 02 00 00 20 01 02 00 00 20 04 02 00 00 20 0A 02 00 00 00 10 02 01 00 00 20 02 01 00 01 10 F0 D5 56 98 83 8E 08 15 8F 01 3B 87 D4 9A 8C D7 DE 17 16 0B B5 BC 1C 00 00 00 00 00 00 00 00 00 00 00 00 00 00 00 00 00 00 00 00 00 00 00 00 00 00 00 00 00 00 00 00 00 00 00 00 00 00 00 00 00 00 00 00 00 00 00 00 00 00 00 00 00 00 00 00 00 00 00 00 00 00 00 00 00 00 00 00 00 00 00 00 00 00 00 00 00 00 00 00 00 00 00 00 00 00 00 00 00 00 00 00 00 00 00 00 00 00 00 00 00 00 00 00 00 00 00 00 00 00 00 00 00 00 00 00 00 00 00 00 00 00 00 00 B2 BE 86 A1 7E
[406819][00:00:09.776]7E FF 02 FF 81 6B 67 81 67 05 1A 03 23 4F C3 FA 00 FE 03 14 01 01 00 01 69 7F 94 01 60 00 03 27 16 EB C0 00 98 5E C8 10 00 CA 00 03 C6 AF 30 7E 88 FF 00 00 33 00 00 11 03 00 00 01 02 23 07 C6 1E 28 0A FE FE FE FE 68 6C 00 43 05 68 53 78 00 00 70 10 42 FC 10 00 48 05 03 2B 50 02 02 00 01 20 21 02 00 1C 07 EA 06 1D 0A 00 00 0A 00 20 21 02 00 00 20 01 04 00 00 20 00 02 00 00 20 01 02 00 00 20 04 02 00 00 20 05 02 00 00 20 0A 02 00 00 20 17 02 00 00 20 18 02 00 00 00 10 02 01 00 01 10 F0 D5 56 98 83 8E 08 15 8F 01 3B 87 D4 9A 8C D7 19 26 16 A0 64 41 C9 00 00 00 00 00 00 00 00 00 00 00 00 00 00 00 00 00 00 00 00 00 00 00 00 00 00 00 00 00 00 00 00 00 00 00 00 00 00 00 00 00 00 00 00 00 00 00 00 00 00 00 00 00 00 00 00 00 00 00 00 00 00 00 00 00 00 00 00 00 00 00 00 00 00 00 00 00 00 00 00 00 00 00 00 00 00 00 00 00 00 00 00 00 00 00 00 00 00 00 00 00 00 00 00 00 00 00 00 00 00 00 00 00 00 09 EE 9B BA 7E
[406820][00:00:09.822]7E FF 02 FF 82 6B 85 81 67 05 6A 03 8E 31 CD FA 01 22 10 14 01 01 00 01 69 7F 94 01 80 0D 03 6A 41 00 10 00 16 42 9C 10 00 14 01 03 C7 AF 30 7E 88 FF 00 00 33 00 00 11 03 00 00 01 02 23 07 C7 1E 28 0A FE FE FE FE 68 6C 00 43 05 69 53 78 00 00 70 10 97 63 10 00 48 05 03 2C 50 02 02 00 01 20 21 02 00 1C 07 EA 06 1D 0A 00 00 0A 00 20 21 02 00 00 20 01 04 00 00 20 00 02 00 00 20 01 02 00 00 20 04 02 00 00 20 05 02 00 00 20 0A 02 00 00 20 17 02 00 00 20 18 02 00 00 00 10 02 01 00 01 10 F0 D5 56 98 83 8E 08 15 8F 01 3B 87 D4 9A 8C D7 FC 0E 16 9A FE 5F 96 00 00 00 00 00 00 00 00 00 00 00 00 00 00 00 00 00 00 00 00 00 00 00 00 00 00 00 00 00 00 00 00 00 00 00 00 00 00 00 00 00 00 00 00 00 00 00 00 00 00 00 00 00 00 00 00 00 00 00 00 00 00 00 00 00 00 00 00 00 00 00 00 00 00 00 00 00 00 00 00 00 00 00 00 00 00 00 00 00 00 00 00 00 00 00 00 00 00 00 00 00 00 00 00 00 00 00 00 00 00 00 00 00 00 9D 05 B4 2A 7E
[406821][00:00:09.837]7E FF 02 FF 83 6B 9F 81 67 05 C6 01 A6 8A D8 FA 00 FD 03 14 01 01 00 01 69 7F 94 01 60 00 03 27 16 EB C4 00 89 5C 4C 10 00 CA 00 03 C6 AF 30 7E 88 FF 00 00 33 00 00 11 03 00 00 01 02 23 07 C6 1E 28 0A FE FE FE FE 68 6C 00 43 05 68 53 78 00 00 70 10 42 FC 10 00 48 05 03 2B 50 02 02 00 01 20 21 02 00 1C 07 EA 06 1D 0A 00 00 0A 00 20 21 02 00 00 20 01 04 00 00 20 00 02 00 00 20 01 02 00 00 20 04 02 00 00 20 05 02 00 00 20 0A 02 00 00 20 17 02 00 00 20 18 02 00 00 00 10 02 01 00 01 10 F0 D5 56 98 83 8E 08 15 8F 01 3B 87 D4 9A 8C D7 19 26 16 A0 64 41 C9 00 00 00 00 00 00 00 00 00 00 00 00 00 00 00 00 00 00 00 00 00 00 00 00 00 00 00 00 00 00 00 00 00 00 00 00 00 00 00 00 00 00 00 00 00 00 00 00 00 00 00 00 00 00 00 00 00 00 00 00 00 00 00 00 00 00 00 00 00 00 00 00 00 00 00 00 00 00 00 00 00 00 00 00 00 00 00 00 00 00 00 00 00 00 00 00 00 00 00 00 00 00 00 00 00 00 00 00 00 00 00 00 00 00 D0 B0 74 32 7E
[406822][00:00:10.047]7E FF 02 FF 84 6B 77 82 67 05 DF 01 8B F4 2A FB 00 00 03 14 01 01 00 01 69 7F 94 01 F0 FF 03 D9 15 EB C2 00 7C BA 97 10 00 FF 3F 01 C8 AF 30 7E 88 FF 09 00 33 00 00 20 00 00 12 74 72 FF FF FF FF FF FF 11 03 00 00 01 02 23 07 AB 1E 28 0A FE FE FE FE 68 6C 00 43 05 39 47 78 00 00 70 10 44 43 10 00 48 05 03 11 50 02 02 00 01 20 21 02 00 1C 07 EA 06 1D 0A 00 00 0A 00 20 21 02 00 00 20 01 04 00 00 20 00 02 00 00 20 01 02 00 00 20 04 02 00 00 20 05 02 00 00 20 0A 02 00 00 20 17 02 00 00 20 18 02 00 00 00 10 02 01 00 01 10 F0 D5 56 98 83 8E 08 15 8F 01 3B 87 D4 9A 8C D7 B3 C7 16 97 3E 9F 17 00 00 00 00 00 00 00 00 00 00 00 00 00 00 00 00 00 00 00 00 00 00 00 00 00 00 00 00 00 00 00 00 00 00 00 00 00 00 00 00 00 00 00 00 00 00 00 00 00 00 00 00 00 00 00 00 00 00 00 00 00 00 00 00 00 00 00 00 00 00 00 00 00 00 00 00 00 00 00 00 00 00 00 00 00 00 00 00 00 00 00 00 00 00 00 00 00 00 00 00 00 00 CD 84 80 F3 7E
[406823][00:00:10.062]7E FF 02 FF 85 6B 89 82 67 05 B9 00 1A B4 31 FB 00 29 02 14 01 01 00 01 69 7F 94 87 F0 FF 03 0D 15 EB C2 00 E6 8F 12 10 00 FF 3F 01 C8 AF 30 7E 88 EF 09 00 33 00 00 20 00 00 12 74 72 FF FF FF FF FF FF 11 03 00 00 01 02 23 07 AB 1E 28 0A FE FE FE FE 68 6C 00 43 05 39 47 78 00 00 70 10 44 43 10 00 48 05 03 11 50 02 02 00 01 20 21 02 00 1C 07 EA 06 1D 0A 00 00 0A 00 20 21 02 00 00 20 01 04 00 00 20 00 02 00 00 20 01 02 00 00 20 04 02 00 00 20 05 02 00 00 20 0A 02 00 00 20 17 02 00 00 20 18 02 00 00 00 10 02 01 00 01 10 F0 D5 56 98 83 8E 08 15 8F 01 3B 87 D4 9A 8C D7 B3 C7 16 97 3E 9F 17 00 00 00 00 00 00 00 00 00 00 00 00 00 00 00 00 00 00 00 00 00 00 00 00 00 00 00 00 00 00 00 00 00 00 00 00 00 00 00 00 00 00 00 00 00 00 00 00 00 00 00 00 00 00 00 00 00 00 00 00 00 00 00 00 00 00 00 00 00 00 00 00 00 00 00 00 00 00 00 00 00 00 00 00 00 00 00 00 00 00 00 00 00 00 00 00 00 00 00 00 00 00 72 5A 29 4F 7E
[406824][00:00:10.077]7E FF 02 FF 86 6B 9B 82 67 05 8C 03 08 DA 38 FB 00 36 00 94 00 01 00 01 69 7F 94 05 60 00 01 FC 13 79 40 00 CB 9A 30 50 00 06 00 04 7D DE 00 4C 78 EF 04 00 33 00 00 07 00 00 00 05 00 53 00 C5 00 40 00 2E 4D D1 0A 6D F9 2D 00 00 32 29 20 89 69 01 00 47 88 00 00 36 D8 D4 EB 26 C7 1A E5 FE FE 7F FF 0A 97 56 4C 9F 66 FA 78 74 12 81 05 00 31 04 00 00 00 00 00 00 00 00 00 00 00 00 00 00 00 00 10 6F F5 BA 25 00 00 00 00 00 00 00 00 00 00 00 00 00 00 00 00 00 00 00 00 00 00 00 00 00 00 00 00 00 00 00 00 00 00 00 00 DB AC 73 3B 7E
[406825][00:00:10.107]7E FF 02 FF 87 6B 88 82 67 05 C9 02 B2 ED 2F FB 01 22 10 14 01 01 00 01 69 7F 94 01 F0 FF 03 18 41 00 12 00 47 14 18 10 00 FF 3F 01 C8 AF 30 7E 88 FF 09 00 33 00 00 20 00 00 12 74 72 FF FF FF FF FF FF 11 03 00 00 01 02 23 07 AB 1E 28 0A FE FE FE FE 68 6C 00 43 05 39 47 78 00 00 70 10 44 43 10 00 48 05 03 11 50 02 02 00 01 20 21 02 00 1C 07 EA 06 1D 0A 00 00 0A 00 20 21 02 00 00 20 01 04 00 00 20 00 02 00 00 20 01 02 00 00 20 04 02 00 00 20 05 02 00 00 20 0A 02 00 00 20 17 02 00 00 20 18 02 00 00 00 10 02 01 00 01 10 F0 D5 56 98 83 8E 08 15 8F 01 3B 87 D4 9A 8C D7 B3 C7 16 97 3E 9F 17 00 00 00 00 00 00 00 00 00 00 00 00 00 00 00 00 00 00 00 00 00 00 00 00 00 00 00 00 00 00 00 00 00 00 00 00 00 00 00 00 00 00 00 00 00 00 00 00 00 00 00 00 00 00 00 00 00 00 00 00 00 00 00 00 00 00 00 00 00 00 00 00 00 00 00 00 00 00 00 00 00 00 00 00 00 00 00 00 00 00 00 00 00 00 00 00 00 00 00 00 00 00 A2 D8 E8 CD 7E
[406826][00:00:10.137]7E FF 02 FF 88 6B B2 82 67 05 69 01 85 C3 40 FB 01 55 01 14 01 01 00 01 69 7F 94 87 F0 FF 00 90 40 00 22 00 C9 76 19 10 00 FF 3F 01 C8 AF 30 7E 88 EF 09 00 33 00 00 20 00 00 12 74 72 FF FF FF FF FF FF 11 03 00 00 01 02 23 07 AB 1E 28 0A FE FE FE FE 68 6C 00 43 05 39 47 78 00 00 70 10 44 43 10 00 48 05 03 11 50 02 02 00 01 20 21 02 00 1C 07 EA 06 1D 0A 00 00 0A 00 20 21 02 00 00 20 01 04 00 00 20 00 02 00 00 20 01 02 00 00 20 04 02 00 00 20 05 02 00 00 20 0A 02 00 00 20 17 02 00 00 20 18 02 00 00 00 10 02 01 00 01 10 F0 D5 56 98 83 8E 08 15 8F 01 3B 87 D4 9A 8C D7 B3 C7 16 97 3E 9F 17 00 00 00 00 00 00 00 00 00 00 00 00 00 00 00 00 00 00 00 00 00 00 00 00 00 00 00 00 00 00 00 00 00 00 00 00 00 00 00 00 00 00 00 00 00 00 00 00 00 00 00 00 00 00 00 00 00 00 00 00 00 00 00 00 00 00 00 00 00 00 00 00 00 00 00 00 00 00 00 00 00 00 00 00 00 00 00 00 00 00 00 00 00 00 00 00 00 00 00 00 00 00 E9 A3 0F 52 7E
[406827][00:00:10.167]7E FF 02 FF 89 6B CC 82 67 05 91 03 B9 F0 49 FB 01 23 0F 14 01 01 00 01 69 7F 94 01 80 0D 03 6A 41 00 10 00 16 42 9C 10 00 1B 01 03 C9 AF 30 7E 88 FF 00 00 33 00 00 11 03 00 00 01 02 23 07 AD 1E 28 0A FE FE FE FE 68 6C 00 43 05 56 53 78 00 00 70 10 29 AC 10 00 48 05 03 13 50 02 02 00 01 20 21 02 00 1C 07 EA 06 1D 0A 00 00 0A 00 20 21 02 00 00 20 01 04 00 00 20 00 02 00 00 20 01 02 00 00 20 04 02 00 00 20 05 02 00 00 20 0A 02 00 00 20 17 02 00 00 20 18 02 00 00 00 10 02 01 00 01 10 F0 D5 56 98 83 8E 08 15 8F 01 3B 87 D4 9A 8C D7 20 69 16 AE F1 70 B6 00 00 00 00 00 00 00 00 00 00 00 00 00 00 00 00 00 00 00 00 00 00 00 00 00 00 00 00 00 00 00 00 00 00 00 00 00 00 00 00 00 00 00 00 00 00 00 00 00 00 00 00 00 00 00 00 00 00 00 00 00 00 00 00 00 00 00 00 00 00 00 00 00 00 00 00 00 00 00 00 00 00 00 00 00 00 00 00 00 00 00 00 00 00 00 00 00 00 00 00 00 00 00 00 00 00 00 00 00 00 00 00 00 00 12 76 B4 19 7E
[406828][00:00:10.182]7E FF 02 FF 8A 6B 0A 83 67 05 46 01 7F F7 62 FB 00 36 00 94 00 01 00 01 69 7F 94 05 60 00 01 FC 13 79 44 00 DA 98 B4 50 00 06 00 04 7D DE 00 4C 78 EF 04 00 33 00 00 07 00 00 00 05 00 53 00 C5 00 40 00 2E 4D D1 0A 6D F9 2D 00 00 32 29 20 89 69 01 00 47 88 00 00 36 D8 D4 EB 26 C7 1A E5 FE FE 7F FF 0A 97 56 4C 9F 66 FA 78 74 12 81 05 00 31 04 00 00 00 00 00 00 00 00 00 00 00 00 00 00 00 00 10 6F F5 BA 25 00 00 00 00 00 00 00 00 00 00 00 00 00 00 00 00 00 00 00 00 00 00 00 00 00 00 00 00 00 00 00 00 00 00 00 00 C0 8E 90 35 7E
[406829][00:00:10.213]7E FF 02 FF 8B 6B A9 83 67 05 C1 02 B5 A4 79 FB 00 36 00 10 00 01 00 03 69 7F 94 14 0D E7 1D 00 00 00 10 02 F3 C2 BE BE 13 72 4C 7E
[406830][00:00:10.287]7E FF 02 FF 8C 6B 5B 83 67 05 50 02 86 60 80 FB 01 22 10 14 01 01 00 01 69 7F 94 01 80 0D 03 6A 41 00 14 00 07 40 18 10 00 1B 01 03 C9 AF 30 7E 88 FF 00 00 33 00 00 11 03 00 00 01 02 23 07 AD 1E 28 0A FE FE FE FE 68 6C 00 43 05 56 53 78 00 00 70 10 29 AC 10 00 48 05 03 13 50 02 02 00 01 20 21 02 00 1C 07 EA 06 1D 0A 00 00 0A 00 20 21 02 00 00 20 01 04 00 00 20 00 02 00 00 20 01 02 00 00 20 04 02 00 00 20 05 02 00 00 20 0A 02 00 00 20 17 02 00 00 20 18 02 00 00 00 10 02 01 00 01 10 F0 D5 56 98 83 8E 08 15 8F 01 3B 87 D4 9A 8C D7 20 69 16 AE F1 70 B6 00 00 00 00 00 00 00 00 00 00 00 00 00 00 00 00 00 00 00 00 00 00 00 00 00 00 00 00 00 00 00 00 00 00 00 00 00 00 00 00 00 00 00 00 00 00 00 00 00 00 00 00 00 00 00 00 00 00 00 00 00 00 00 00 00 00 00 00 00 00 00 00 00 00 00 00 00 00 00 00 00 00 00 00 00 00 00 00 00 00 00 00 00 00 00 00 00 00 00 00 00 00 00 00 00 00 00 00 00 00 00 00 00 00 E7 28 52 84 7E
[406831][00:00:10.378]7E FF 02 FF 8D 6B CE 83 67 05 68 03 0F F2 AD FB 00 FE 03 14 01 01 00 01 69 7F 94 01 60 00 03 27 16 EB C4 00 89 5C 4C 10 00 CA 00 03 C6 AF 30 7E 88 FF 00 00 33 00 00 11 03 00 00 01 02 23 07 C6 1E 28 0A FE FE FE FE 68 6C 00 43 05 68 53 78 00 00 70 10 42 FC 10 00 48 05 03 2B 50 02 02 00 01 20 21 02 00 1C 07 EA 06 1D 0A 00 00 0A 00 20 21 02 00 00 20 01 04 00 00 20 00 02 00 00 20 01 02 00 00 20 04 02 00 00 20 05 02 00 00 20 0A 02 00 00 20 17 02 00 00 20 18 02 00 00 00 10 02 01 00 01 10 F0 D5 56 98 83 8E 08 15 8F 01 3B 87 D4 9A 8C D7 19 26 16 A0 64 41 C9 00 00 00 00 00 00 00 00 00 00 00 00 00 00 00 00 00 00 00 00 00 00 00 00 00 00 00 00 00 00 00 00 00 00 00 00 00 00 00 00 00 00 00 00 00 00 00 00 00 00 00 00 00 00 00 00 00 00 00 00 00 00 00 00 00 00 00 00 00 00 00 00 00 00 00 00 00 00 00 00 00 00 00 00 00 00 00 00 00 00 00 00 00 00 00 00 00 00 00 00 00 00 00 00 00 00 00 00 00 00 00 00 00 00 3F E8 F8 E2 7E
[406832][00:00:10.469]7E FF 02 FF 8E 6B 1D 84 67 05 67 02 B2 FD CB FB 00 39 00 14 01 01 00 01 69 7F 94 D8 E0 02 03 6F 16 EB C4 00 DB 9C 20 10 00 1B 01 03 C9 AF 30 7E 88 EF 00 00 33 00 00 11 03 00 00 01 02 23 07 AD 1E 28 0A FE FE FE FE 68 6C 00 43 05 56 53 78 00 00 70 10 29 AC 10 00 48 05 03 13 50 02 02 00 01 20 21 02 00 1C 07 EA 06 1D 0A 00 00 0A 00 20 21 02 00 00 20 01 04 00 00 20 00 02 00 00 20 01 02 00 00 20 04 02 00 00 20 05 02 00 00 20 0A 02 00 00 20 17 02 00 00 20 18 02 00 00 00 10 02 01 00 01 10 F0 D5 56 98 83 8E 08 15 8F 01 3B 87 D4 9A 8C D7 20 69 16 AE F1 70 B6 00 00 00 00 00 00 00 00 00 00 00 00 00 00 00 00 00 00 00 00 00 00 00 00 00 00 00 00 00 00 00 00 00 00 00 00 00 00 00 00 00 00 00 00 00 00 00 00 00 00 00 00 00 00 00 00 00 00 00 00 00 00 00 00 00 00 00 00 00 00 00 00 00 00 00 00 00 00 00 00 00 00 00 00 00 00 00 00 00 00 00 00 00 00 00 00 00 00 00 00 00 00 00 00 00 00 00 00 00 00 00 00 00 00 41 98 78 33 7E
[406833][00:00:10.499]7E FF 02 FF 8F 6B 46 84 67 05 89 00 E6 71 DB FB 00 34 00 14 01 01 00 01 69 7F 94 15 F0 FF 01 EC 16 EB C2 00 99 27 B4 10 00 FF 3F 01 C8 AF 30 7E 88 EF 09 00 33 00 00 20 00 00 12 74 72 FF FF FF FF FF FF 11 03 00 00 01 02 23 07 AB 1E 28 0A FE FE FE FE 68 6C 00 43 05 39 47 78 00 00 70 10 44 43 10 00 48 05 03 11 50 02 02 00 01 20 21 02 00 1C 07 EA 06 1D 0A 00 00 0A 00 20 21 02 00 00 20 01 04 00 00 20 00 02 00 00 20 01 02 00 00 20 04 02 00 00 20 05 02 00 00 20 0A 02 00 00 20 17 02 00 00 20 18 02 00 00 00 10 02 01 00 01 10 F0 D5 56 98 83 8E 08 15 8F 01 3B 87 D4 9A 8C D7 B3 C7 16 97 3E 9F 17 00 00 00 00 00 00 00 00 00 00 00 00 00 00 00 00 00 00 00 00 00 00 00 00 00 00 00 00 00 00 00 00 00 00 00 00 00 00 00 00 00 00 00 00 00 00 00 00 00 00 00 00 00 00 00 00 00 00 00 00 00 00 00 00 00 00 00 00 00 00 00 00 00 00 00 00 00 00 00 00 00 00 00 00 00 00 00 00 00 00 00 00 00 00 00 00 00 00 00 00 00 00 C7 52 77 79 7E
[406834][00:00:10.530]7E FF 02 FF 90 6B 58 84 67 05 8F 03 74 9A E2 FB 00 36 01 14 01 01 00 01 69 7F 94 1C F0 FF 01 EC 16 EB C2 00 90 27 24 10 00 FF 3F 01 C8 AF 30 7E 88 EF 09 00 33 00 00 20 00 00 12 74 72 FF FF FF FF FF FF 11 03 00 00 01 02 23 07 AB 1E 28 0A FE FE FE FE 68 6C 00 43 05 39 47 78 00 00 70 10 44 43 10 00 48 05 03 11 50 02 02 00 01 20 21 02 00 1C 07 EA 06 1D 0A 00 00 0A 00 20 21 02 00 00 20 01 04 00 00 20 00 02 00 00 20 01 02 00 00 20 04 02 00 00 20 05 02 00 00 20 0A 02 00 00 20 17 02 00 00 20 18 02 00 00 00 10 02 01 00 01 10 F0 D5 56 98 83 8E 08 15 8F 01 3B 87 D4 9A 8C D7 B3 C7 16 97 3E 9F 17 00 00 00 00 00 00 00 00 00 00 00 00 00 00 00 00 00 00 00 00 00 00 00 00 00 00 00 00 00 00 00 00 00 00 00 00 00 00 00 00 00 00 00 00 00 00 00 00 00 00 00 00 00 00 00 00 00 00 00 00 00 00 00 00 00 00 00 00 00 00 00 00 00 00 00 00 00 00 00 00 00 00 00 00 00 00 00 00 00 00 00 00 00 00 00 00 00 00 00 00 00 00 9D 44 EE C4 7E
[406835][00:00:10.664]7E FF 02 FF 91 6B F1 84 67 05 65 01 25 C3 1C FC 00 39 00 94 00 01 00 01 69 7F 94 05 60 00 01 FC 13 79 44 00 DA 98 B4 50 00 06 00 04 7D DE 00 4C 78 EF 04 00 33 00 00 07 00 00 00 05 00 53 00 C5 00 40 00 2E 4D D1 0A 6D F9 2D 00 00 32 29 20 89 69 01 00 47 88 00 00 36 D8 D4 EB 26 C7 1A E5 FE FE 7F FF 0A 97 56 4C 9F 66 FA 78 74 12 81 05 00 31 04 00 00 00 00 00 00 00 00 00 00 00 00 00 00 00 00 10 6F F5 BA 25 00 00 00 00 00 00 00 00 00 00 00 00 00 00 00 00 00 00 00 00 00 00 00 00 00 00 00 00 00 00 00 00 00 00 00 00 0B 9F 46 0C 7E
[406836][00:00:10.710]7E FF 02 FF 92 6B 1A 85 67 05 46 00 25 4C 2C FC 00 35 00 14 01 01 00 01 69 7F 94 05 F0 FF 01 E5 14 EB C2 00 EA E5 72 50 00 FF 2F 01 7E DE 00 B0 78 01 04 00 33 00 00 08 00 00 00 05 60 00 22 30 00 09 05 35 40 20 00 00 12 74 72 39 00 00 00 5B 00 09 01 0F 00 2F 00 00 00 00 00 06 30 0E 0D C1 0A 6D 90 2D 00 00 32 28 00 89 29 01 00 45 80 00 00 20 00 C0 E1 22 00 00 E4 AC 62 2A 6A 0A 97 00 00 96 60 88 60 54 02 01 04 00 30 04 01 05 03 01 02 04 02 02 02 03 03 03 01 03 05 03 03 04 02 06 03 05 02 03 02 05 04 01 01 01 06 01 02 01 06 04 03 03 02 03 01 01 03 02 03 03 01 01 03 03 05 03 03 02 01 02 01 05 02 01 01 03 02 03 02 01 03 03 03 01 01 01 01 04 03 02 03 04 02 02 03 02 03 06 03 06 02 02 03 03 05 7F 1B 3B 1D 00 00 00 00 00 00 00 00 00 00 00 00 00 00 00 00 00 00 00 00 00 00 00 00 00 00 00 00 00 00 00 00 00 00 00 00 00 00 00 00 00 00 00 00 00 00 00 00 00 00 00 00 00 00 00 00 00 00 00 00 00 00 00 00 86 A1 87 86 7E
[406837][00:00:10.875]7E FF 02 FF 93 6B BE 85 67 05 BB 00 5A E7 6A FC 00 FF 03 14 01 01 00 01 69 7F 94 01 F0 FF 03 D9 15 EB C2 00 7C BA 97 10 00 FF 3F 01 C8 AF 30 7E 88 FF 09 00 33 00 00 20 00 00 12 74 72 FF FF FF FF FF FF 11 03 00 00 01 02 23 07 AB 1E 28 0A FE FE FE FE 68 6C 00 43 05 39 47 78 00 00 70 10 44 43 10 00 48 05 03 11 50 02 02 00 01 20 21 02 00 1C 07 EA 06 1D 0A 00 00 0A 00 20 21 02 00 00 20 01 04 00 00 20 00 02 00 00 20 01 02 00 00 20 04 02 00 00 20 05 02 00 00 20 0A 02 00 00 20 17 02 00 00 20 18 02 00 00 00 10 02 01 00 01 10 F0 D5 56 98 83 8E 08 15 8F 01 3B 87 D4 9A 8C D7 B3 C7 16 97 3E 9F 17 00 00 00 00 00 00 00 00 00 00 00 00 00 00 00 00 00 00 00 00 00 00 00 00 00 00 00 00 00 00 00 00 00 00 00 00 00 00 00 00 00 00 00 00 00 00 00 00 00 00 00 00 00 00 00 00 00 00 00 00 00 00 00 00 00 00 00 00 00 00 00 00 00 00 00 00 00 00 00 00 00 00 00 00 00 00 00 00 00 00 00 00 00 00 00 00 00 00 00 00 00 00 91 FC E5 15 7E
[406838][00:00:10.890]7E FF 02 FF 94 6B D7 85 67 05 99 03 97 BB 74 FC 00 FF 03 10 00 01 00 02 69 7F 94 10 05 30 05 01 02 00 00 00 04 B4 AE A6 37 A3 C7 7E
[406839][00:00:10.951]7E FF 02 FF 95 6B 0C 86 67 05 F4 00 29 AB 88 FC 00 35 01 14 01 01 00 01 69 7F 94 3E F0 FF 01 EC 16 EB C2 00 B7 27 90 10 00 FF 3F 01 C8 AF 30 7E 88 EF 09 00 33 00 00 20 00 00 12 74 72 FF FF FF FF FF FF 11 03 00 00 01 02 23 07 AB 1E 28 0A FE FE FE FE 68 6C 00 43 05 39 47 78 00 00 70 10 44 43 10 00 48 05 03 11 50 02 02 00 01 20 21 02 00 1C 07 EA 06 1D 0A 00 00 0A 00 20 21 02 00 00 20 01 04 00 00 20 00 02 00 00 20 01 02 00 00 20 04 02 00 00 20 05 02 00 00 20 0A 02 00 00 20 17 02 00 00 20 18 02 00 00 00 10 02 01 00 01 10 F0 D5 56 98 83 8E 08 15 8F 01 3B 87 D4 9A 8C D7 B3 C7 16 97 3E 9F 17 00 00 00 00 00 00 00 00 00 00 00 00 00 00 00 00 00 00 00 00 00 00 00 00 00 00 00 00 00 00 00 00 00 00 00 00 00 00 00 00 00 00 00 00 00 00 00 00 00 00 00 00 00 00 00 00 00 00 00 00 00 00 00 00 00 00 00 00 00 00 00 00 00 00 00 00 00 00 00 00 00 00 00 00 00 00 00 00 00 00 00 00 00 00 00 00 00 00 00 00 00 00 F9 45 CC A8 7E
[406840][00:00:10.981]7E FF 02 FF 96 6B 1B 86 67 05 C7 00 F7 5F 8E FC 00 36 00 94 00 01 00 01 69 7F 94 05 60 00 01 FC 13 79 40 00 CB 9A 30 50 00 06 00 04 7F DE 00 4C 78 EF 04 00 33 00 00 07 00 00 00 05 00 53 00 C7 00 40 00 2E 4D D1 0A 6D F9 2D 00 00 32 29 20 89 69 01 00 47 88 00 00 36 D8 D4 EB 26 C7 1A E5 FE FE 7F FF 0A 97 56 4C 9F 66 FA 78 74 12 81 05 00 31 04 00 00 00 00 00 00 00 00 00 00 00 00 00 00 00 00 10 2B C5 C1 EF 00 00 00 00 00 00 00 00 00 00 00 00 00 00 00 00 00 00 00 00 00 00 00 00 00 00 00 00 00 00 00 00 00 00 00 00 3F 21 E0 11 7E
[406841][00:00:11.100]7E FF 02 FF 97 6B A4 86 67 05 35 02 88 C7 C2 FC 00 37 00 94 00 01 00 01 69 7F 94 19 60 00 01 FC 13 79 44 00 C4 98 7C 90 01 06 00 04 0D 45 00 3B 70 EF 04 00 33 00 00 07 00 00 00 19 00 19 00 9F 00 2F 00 2E 0D D1 0A 6D B9 2D 00 00 32 29 00 89 29 01 00 C7 88 00 00 36 98 D4 EB 22 40 02 E4 FE 7E 7F FE 0A 97 04 40 9E 60 FA 78 54 12 81 05 00 31 04 E6 C0 BA 7E 00 00 00 00 00 00 00 00 00 00 00 00 00 00 00 00 00 00 00 00 00 00 00 00 00 00 00 00 00 00 00 00 00 00 00 00 00 00 00 00 00 00 00 00 00 00 00 00 00 00 00 00 00 9E CA 5E 29 7E
[406842][00:00:11.206]7E FF 02 FF 98 6B 1D 87 67 05 D2 00 02 CE F0 FC 00 38 00 94 00 01 00 01 69 7F 94 05 60 00 01 FC 13 79 44 00 DA 98 B4 50 00 06 00 04 7F DE 00 4C 78 EF 04 00 33 00 00 07 00 00 00 05 00 53 00 C7 00 40 00 2E 4D D1 0A 6D F9 2D 00 00 32 29 20 89 69 01 00 47 88 00 00 36 D8 D4 EB 26 C7 1A E5 FE FE 7F FF 0A 97 56 4C 9F 66 FA 78 74 12 81 05 00 31 04 00 00 00 00 00 00 00 00 00 00 00 00 00 00 00 00 10 2B C5 C1 EF 00 00 00 00 00 00 00 00 00 00 00 00 00 00 00 00 00 00 00 00 00 00 00 00 00 00 00 00 00 00 00 00 00 00 00 00 66 1F FF B5 7E
[406843][00:00:11.266]7E FF 02 FF 99 6B 5E 87 67 05 E0 03 22 EA 09 FD 00 38 00 10 00 01 00 02 69 7F 94 10 05 F0 0D 01 00 00 00 00 17 B0 32 E0 79 1B 26 7E
[406844][00:00:11.551]7E FF 02 FF 9A 6B 4A 88 67 05 D3 03 F4 EA 63 FD 00 38 01 14 02 01 00 01 69 7F 94 15 F0 FF 01 D4 17 E8 92 00 CB 70 B2 50 01 FF 2F 01 20 21 00 EC 20 11 08 00 33 00 00 30 00 09 80 95 26 FF FF FF FF FF FF 08 00 00 00 15 10 00 12 30 00 09 80 95 26 20 00 00 12 74 72 03 00 64 64 89 00 3E 01 0E 00 3D 00 00 00 00 00 01 30 92 B0 0C F5 00 02 52 FF BE 0D 06 C7 26 90 9E 8F 80 75 7B 69 01 04 09 04 00 00 01 12 00 00 00 00 A0 00 00 20 00 00 00 80 08 20 2E 22 3C 00 00 00 20 10 3E 79 4B 39 1C 53 E2 31 16 05 40 3F 3B 09 3B 0C 0C 0D 0E 0D 37 3C 0D 0E 0C 2F 38 39 3C 09 0C 0D 08 0B 0B 3D 0B 0B 0C 0E 0B 0B 0A 10 0A 0A 0C 0A 0C 0B 09 0F 0D 09 3C 0B 0D 0D 0B 0C 08 08 09 0C 04 06 09 0A 34 0E 3C 0E 0B 05 0C 09 0B 0D 0D 0B 0A 08 38 06 0B 09 0E 07 05 0E 22 07 0E 0E 0D 0D 06 0B 0A 0A 0C 08 0B 0A 0D 0D 09 03 0B 0A 0B 0C 39 0E 0C 06 0C 0B 0C 0F 0D 0B 0E 0C 0D 0B 0D 0B 0C 0A 0C 0D 09 0D 06 0E 0D 0B 0B 0C 0D 0F 0C 08 0D 34 0B 0C 12 01 70 E8 00 00 00 00 00 00 00 00 00 00 00 00 00 00 00 00 00 00 00 00 00 00 00 00 00 00 00 00 00 00 00 00 00 00 00 00 00 00 00 00 00 00 00 00 00 00 00 00 00 00 00 00 00 00 00 00 00 00 00 00 00 00 00 00 00 00 00 00 00 00 00 00 00 00 00 00 00 00 00 00 00 00 00 00 00 00 00 00 00 00 00 00 00 00 00 00 00 00 00 00 00 00 00 00 00 00 00 00 00 00 00 00 00 00 00 00 00 00 00 00 00 00 00 00 00 00 00 00 00 00 00 00 00 00 00 00 00 00 00 00 00 00 00 00 00 00 00 00 00 00 00 00 00 00 00 00 00 00 00 00 00 00 00 00 00 00 00 00 00 00 00 00 00 00 00 00 00 00 00 00 00 00 00 00 00 00 00 00 00 00 00 00 00 00 00 00 00 00 00 00 00 00 00 00 00 00 00 00 00 00 00 00 00 00 00 00 00 00 00 00 00 00 00 00 00 00 00 00 00 00 00 00 00 00 00 00 00 00 00 00 00 00 00 00 00 00 00 00 C6 38 97 88 7E
[406845][00:00:11.596]7E FF 02 FF 9B 6B 84 88 67 05 91 02 F9 EA 79 FD 00 38 00 14 01 01 00 01 69 7F 94 03 F0 FF 01 E5 14 EB C2 00 EC E5 12 30 00 FF 2F 01 60 D0 00 9B 78 01 04 00 33 00 00 08 00 00 00 03 60 00 21 30 00 09 05 35 34 20 00 00 12 74 72 39 00 00 00 46 00 08 01 0B 00 2F 00 00 00 00 00 06 30 24 0C C1 0A 6D 90 2D 00 00 32 29 00 00 21 00 00 45 80 00 00 02 00 40 E0 22 00 00 A0 3C 52 02 22 00 83 00 00 86 60 88 40 14 02 01 04 00 30 04 01 04 02 02 03 02 02 02 03 04 01 04 04 02 03 02 03 04 04 06 01 02 01 01 01 02 03 02 04 01 01 02 01 01 02 01 06 02 01 02 01 02 02 01 01 01 03 01 03 02 03 02 02 02 01 02 01 01 03 02 02 01 01 06 04 01 01 02 01 03 CB B8 41 B6 00 00 00 00 00 00 00 00 00 00 00 00 00 00 00 00 00 00 00 00 00 00 00 00 00 00 00 00 00 00 00 00 00 00 00 00 00 00 00 00 00 00 00 00 00 00 00 00 00 00 00 00 00 00 00 00 00 00 00 00 00 00 00 00 00 00 00 00 00 00 00 00 00 00 00 00 00 00 00 00 00 00 00 00 00 49 74 30 66 7E
[406846][00:00:11.790]7E FF 02 FF 9C 6B 51 89 67 05 3D 03 F7 2F C8 FD 00 39 00 14 01 01 00 01 69 7F 94 05 F0 FF 01 E5 14 EB C2 00 EA E5 72 50 00 FF 2F 01 81 DE 00 B0 78 01 04 00 33 00 00 08 00 00 00 05 60 00 22 30 00 09 05 35 40 20 00 00 12 74 72 39 00 00 00 5B 00 09 01 0D 00 2F 00 00 00 00 00 06 30 0E 0D C1 0A 6D 90 2D 00 00 32 28 00 89 29 01 00 45 80 00 00 20 00 C0 E1 22 00 00 E4 AC 62 2A 6A 0A 97 00 00 96 60 88 60 54 02 01 04 00 30 04 01 05 03 01 02 04 02 02 02 03 03 03 01 03 05 03 03 04 02 06 03 05 02 03 02 05 04 01 01 01 06 01 02 01 06 04 03 03 02 03 01 01 03 02 03 03 01 01 03 03 05 03 03 02 01 02 01 05 02 01 01 03 02 03 02 01 03 03 03 01 01 01 01 04 03 02 03 04 02 02 03 02 03 06 03 06 02 02 03 03 05 4B D2 9F F8 00 00 00 00 00 00 00 00 00 00 00 00 00 00 00 00 00 00 00 00 00 00 00 00 00 00 00 00 00 00 00 00 00 00 00 00 00 00 00 00 00 00 00 00 00 00 00 00 00 00 00 00 00 00 00 00 00 00 00 00 00 00 00 00 93 39 15 90 7E
[406847][00:00:11.866]7E FF 02 FF 9D 6B B0 89 67 05 B0 02 7F 5E EC FD 00 38 00 94 00 01 00 01 69 7F 94 05 60 00 01 FC 13 79 40 00 CB 9A 30 50 00 06 00 04 82 DE 00 3B 78 EF 04 00 33 00 00 07 00 00 00 05 00 05 00 92 00 2F 00 2E 4D D1 0A 6D B1 2D 00 00 32 29 20 89 69 01 00 C5 88 00 00 32 88 D4 E1 22 44 00 E5 BE FE 3B EE 0A 97 42 40 9F 60 EA 70 54 02 81 05 00 31 04 DE 51 CC 06 00 00 00 00 00 00 00 00 00 00 00 00 00 00 00 00 00 00 00 00 00 00 00 00 00 00 00 00 00 00 00 00 00 00 00 00 00 00 00 00 00 00 00 00 00 00 00 00 00 00 00 00 00 36 63 00 8B 7E
[406848][00:00:12.331]7E FF 02 FF 9E 6B 51 8B 67 05 13 01 06 4B 8B FE 00 FD 03 14 02 01 00 01 69 7F 94 01 F0 FF 01 5A 16 04 83 00 F5 5B 57 10 00 FF 2F 01 CA AF 00 FA 88 11 00 00 33 00 00 08 00 00 00 01 00 00 04 20 00 00 12 74 72 20 00 00 12 74 72 00 00 64 64 99 00 3C 00 0D 00 3D 00 64 00 00 00 FC FF FF FF 7F DD 7F 6F FF 0F 00 C6 46 90 00 09 81 15 04 00 00 02 09 80 22 40 00 05 02 00 20 00 BC 6D 09 20 21 11 12 05 11 24 80 01 D4 C6 50 00 00 00 1E 7C 4A 31 04 01 42 00 00 00 40 3D 4F 3C 4B 6E 08 1B 17 15 0C 3F 09 26 0B 3C 09 0B 01 06 5C 29 57 04 27 35 51 5C 08 0C 09 35 2D 2D 34 31 1F 01 0C 0A 10 2E 39 15 07 42 00 1C 43 0C 4D 03 01 04 01 08 5C 04 0D 06 0D 04 02 38 0E 0F 3E 09 02 01 01 0D 0F 06 59 02 00 00 00 00 04 2E 06 4E 00 03 03 0B 0A 00 16 01 00 1D 00 03 23 09 19 0B 00 01 15 0F 02 03 02 0C 07 00 08 06 01 06 2C 21 01 03 1B 1D 06 01 00 04 06 00 00 02 00 00 03 01 04 04 0C 0A 50 0A 0C 01 08 00 00 00 00 09 0B 0D 0A 0B 01 00 02 0B 54 C9 35 6B 00 00 00 00 00 00 00 00 00 00 00 00 00 00 00 00 00 00 00 00 00 00 00 00 00 00 00 00 00 00 00 00 00 00 00 00 00 00 00 00 00 00 00 00 00 00 00 00 00 00 00 00 00 00 00 00 00 00 00 00 00 00 00 00 00 00 00 00 00 00 00 00 00 00 00 00 00 00 00 00 00 00 00 00 00 00 00 00 00 00 00 00 00 00 00 00 00 00 00 00 00 00 00 00 00 00 00 00 00 00 00 00 00 00 00 00 00 00 00 00 00 00 00 00 00 00 00 00 00 00 00 00 00 00 00 00 00 00 00 00 00 00 00 00 00 00 00 00 00 00 00 00 00 00 00 00 00 00 00 00 00 00 00 00 00 00 00 00 00 00 00 00 00 00 00 00 00 00 00 00 00 00 00 00 00 00 00 00 00 00 00 00 00 00 00 00 00 00 00 00 00 00 00 00 00 00 00 00 00 00 00 00 00 00 00 00 00 00 00 00 00 00 00 00 00 00 00 00 00 00 00 00 00 00 00 00 00 00 00 00 00 00 00 00 00 00 03 32 0D 9D 7E
[406849][00:00:12.377]7E FF 02 FF 9F 6B DA 8B 67 05 B7 02 60 8E 99 FE 00 33 01 14 02 01 00 01 69 7F 94 1C F0 FF 01 D4 17 E8 92 00 C2 70 22 C0 01 FF 2F 01 35 66 00 EC 20 11 08 00 33 00 00 30 00 09 80 93 77 FF FF FF FF FF FF 08 00 00 00 1C 10 00 12 30 00 09 80 93 77 20 00 00 12 74 72 03 00 64 64 89 00 3E 01 0D 00 3D 00 00 00 00 00 01 30 92 B0 2C E5 00 02 52 FF BE 0D 06 C7 26 90 9E 8F 80 75 7B 69 01 04 09 04 00 00 01 12 00 00 00 00 A0 00 00 20 00 00 00 80 08 20 2E 22 3C 00 00 00 20 10 3E 79 4B 39 1C 53 E2 31 16 05 40 3E 3A 09 3C 0C 0B 0D 0E 3B 0D 37 0D 0E 0C 2E 38 39 3C 0A 0C 0D 08 0B 0B 3D 0C 0B 0C 0E 0C 0B 0B 10 0A 0A 0C 0A 0C 0B 09 0F 0E 0D 3C 0B 0E 0D 0B 0C 08 09 0A 0C 05 07 0A 0A 3B 0E 3C 0E 0B 05 0C 09 0B 0D 0D 0B 0C 08 38 09 0B 09 0D 04 04 0E 2B 05 0E 0E 0D 0D 05 0C 09 0A 0C 07 0C 0C 0D 0D 0D 06 0B 09 0D 0E 3B 0E 0C 09 0C 0B 0C 0F 0C 0D 0E 0E 0D 0B 0D 0D 0C 0B 0C 0E 09 0E 05 0E 0B 0C 0B 0B 0D 0F 0C 09 0D 35 0C 0C 2D 26 F9 A7 00 00 00 00 00 00 00 00 00 00 00 00 00 00 00 00 00 00 00 00 00 00 00 00 00 00 00 00 00 00 00 00 00 00 00 00 00 00 00 00 00 00 00 00 00 00 00 00 00 00 00 00 00 00 00 00 00 00 00 00 00 00 00 00 00 00 00 00 00 00 00 00 00 00 00 00 00 00 00 00 00 00 00 00 00 00 00 00 00 00 00 00 00 00 00 00 00 00 00 00 00 00 00 00 00 00 00 00 00 00 00 00 00 00 00 00 00 00 00 00 00 00 00 00 00 00 00 00 00 00 00 00 00 00 00 00 00 00 00 00 00 00 00 00 00 00 00 00 00 00 00 00 00 00 00 00 00 00 00 00 00 00 00 00 00 00 00 00 00 00 00 00 00 00 00 00 00 00 00 00 00 00 00 00 00 00 00 00 00 00 00 00 00 00 00 00 00 00 00 00 00 00 00 00 00 00 00 00 00 00 00 00 00 00 00 00 00 00 00 00 00 00 00 00 00 00 00 00 00 00 00 00 00 00 00 00 00 00 00 00 00 00 00 00 00 00 00 00 E0 AE 3E 61 7E
[406850][00:00:12.677]7E FF 02 FF A0 6B CF 8C 67 05 28 02 B7 1E 1D FF 00 38 00 94 00 01 00 01 69 7F 94 05 60 00 01 FC 13 79 44 00 DA 98 B4 50 00 06 00 04 82 DE 00 3B 78 EF 04 00 33 00 00 07 00 00 00 05 00 05 00 92 00 2F 00 2E 4D D1 0A 6D B1 2D 00 00 32 29 20 89 69 01 00 C5 88 00 00 32 88 D4 E1 22 44 00 E5 BE FE 3B EE 0A 97 42 40 9F 60 EA 70 54 02 81 05 00 31 04 DE 51 CC 06 00 00 00 00 00 00 00 00 00 00 00 00 00 00 00 00 00 00 00 00 00 00 00 00 00 00 00 00 00 00 00 00 00 00 00 00 00 00 00 00 00 00 00 00 00 00 00 00 00 00 00 00 00 B7 2E 5E 2C 7E
[406851][00:00:12.782]7E FF 02 FF A1 6B 25 8D 67 05 54 02 14 F1 3D FF 00 38 00 14 01 01 00 01 69 7F 94 05 F0 FF 01 E5 14 EB C2 00 EA E5 72 50 00 FF 2F 01 83 DE 00 B0 78 01 04 00 33 00 00 08 00 00 00 05 60 00 22 30 00 09 05 35 40 20 00 00 12 74 72 39 00 00 00 5B 00 09 01 0B 00 2F 00 00 00 00 00 06 30 0E 0D C1 0A 6D 90 2D 00 00 32 28 00 89 29 01 00 45 80 00 00 20 00 C0 E1 22 00 00 E4 AC 62 2A 6A 0A 97 00 00 96 60 88 60 54 02 01 04 00 30 04 01 05 03 01 02 04 02 02 02 03 03 03 01 03 05 03 03 04 02 06 03 05 02 03 02 05 04 01 01 01 06 01 02 01 06 04 03 03 02 03 01 01 03 02 03 03 01 01 03 03 05 03 03 02 01 02 01 05 02 01 01 03 02 03 02 01 03 03 03 01 01 01 01 04 03 02 03 04 02 02 03 02 03 06 03 06 02 02 03 03 05 56 8F 03 0D 00 00 00 00 00 00 00 00 00 00 00 00 00 00 00 00 00 00 00 00 00 00 00 00 00 00 00 00 00 00 00 00 00 00 00 00 00 00 00 00 00 00 00 00 00 00 00 00 00 00 00 00 00 00 00 00 00 00 00 00 00 00 00 00 8E BF 67 19 7E
[406852][00:00:12.917]7E FF 02 FF A2 6B 95 8D 67 05 0E 03 71 BA 68 FF 00 FF 03 14 02 01 00 01 69 7F 94 01 F0 FF 01 5A 16 04 83 00 F5 5B 57 10 00 FF 2F 01 CA AF 00 FA 88 11 00 00 33 00 00 08 00 00 00 01 00 00 04 20 00 00 12 74 72 20 00 00 12 74 72 00 00 64 64 99 00 3C 00 0D 00 3D 00 64 00 00 00 FC FF FF FF 7F DD 7F 6F FF 0F 00 C6 46 90 00 09 81 15 04 00 00 02 09 80 22 40 00 05 02 00 20 00 BC 6D 09 20 21 11 12 05 11 24 80 01 D4 C6 50 00 00 00 1E 7C 4A 31 04 01 42 00 00 00 40 3D 4F 3C 4B 6E 08 1B 17 15 0C 3F 09 26 0B 3C 09 0B 01 06 5C 29 57 04 27 35 51 5C 08 0C 09 35 2D 2D 34 31 1F 01 0C 0A 10 2E 39 15 07 42 00 1C 43 0C 4D 03 01 04 01 08 5C 04 0D 06 0D 04 02 38 0E 0F 3E 09 02 01 01 0D 0F 06 59 02 00 00 00 00 04 2E 06 4E 00 03 03 0B 0A 00 16 01 00 1D 00 03 23 09 19 0B 00 01 15 0F 02 03 02 0C 07 00 08 06 01 06 2C 21 01 03 1B 1D 06 01 00 04 06 00 00 02 00 00 03 01 04 04 0C 0A 50 0A 0C 01 08 00 00 00 00 09 0B 0D 0A 0B 01 00 02 0B 54 C9 35 6B 00 00 00 00 00 00 00 00 00 00 00 00 00 00 00 00 00 00 00 00 00 00 00 00 00 00 00 00 00 00 00 00 00 00 00 00 00 00 00 00 00 00 00 00 00 00 00 00 00 00 00 00 00 00 00 00 00 00 00 00 00 00 00 00 00 00 00 00 00 00 00 00 00 00 00 00 00 00 00 00 00 00 00 00 00 00 00 00 00 00 00 00 00 00 00 00 00 00 00 00 00 00 00 00 00 00 00 00 00 00 00 00 00 00 00 00 00 00 00 00 00 00 00 00 00 00 00 00 00 00 00 00 00 00 00 00 00 00 00 00 00 00 00 00 00 00 00 00 00 00 00 00 00 00 00 00 00 00 00 00 00 00 00 00 00 00 00 00 00 00 00 00 00 00 00 00 00 00 00 00 00 00 00 00 00 00 00 00 00 00 00 00 00 00 00 00 00 00 00 00 00 00 00 00 00 00 00 00 00 00 00 00 00 00 00 00 00 00 00 00 00 00 00 00 00 00 00 00 00 00 00 00 00 00 00 00 00 00 00 00 00 00 00 00 00 00 B8 F7 E0 E7 7E
[406853][00:00:12.947]7E FF 02 FF A3 6B ED 8D 67 05 BA 01 38 31 8A FF 00 FF 03 10 00 01 00 02 69 7F 94 10 05 F0 0D 01 07 00 00 00 66 70 B7 DF C7 41 CE 7E
[406854][00:00:13.037]7E FF 02 FF A4 6B 9A 8E 67 05 2B 03 07 29 A6 FF 00 39 00 94 00 01 00 01 69 7F 94 05 60 00 01 FC 13 79 40 00 CB 9A 30 50 00 06 00 04 84 DE 00 4C 78 EF 04 00 33 00 00 07 00 00 00 05 00 53 00 C2 00 40 00 2E 4D D1 0A 6D B9 2D 00 00 32 29 20 89 69 01 00 CF 88 00 00 36 98 D4 EB 66 C7 1A E5 FE FE 7F FF 0A 97 56 44 9F 62 FA 78 74 12 81 05 00 31 04 00 00 00 00 00 00 00 00 00 00 00 00 00 00 00 00 10 21 13 41 CC 00 00 00 00 00 00 00 00 00 00 00 00 00 00 00 00 00 00 00 00 00 00 00 00 00 00 00 00 00 00 00 00 00 00 00 00 CE CD 76 AF 7E
[406855][00:00:13.067]7E FF 02 FF A5 6B 61 8E 67 05 B2 01 A9 6A B6 FF 00 36 00 94 00 01 00 01 69 7F 94 05 60 00 01 FC 13 79 44 00 DA 98 B4 50 00 06 00 04 84 DE 00 4C 78 EF 04 00 33 00 00 07 00 00 00 05 00 53 00 C2 00 40 00 2E 4D D1 0A 6D B9 2D 00 00 32 29 20 89 69 01 00 CF 88 00 00 36 98 D4 EB 66 C7 1A E5 FE FE 7F FF 0A 97 56 44 9F 62 FA 78 74 12 81 05 00 31 04 00 00 00 00 00 00 00 00 00 00 00 00 00 00 00 00 10 21 13 41 CC 00 00 00 00 00 00 00 00 00 00 00 00 00 00 00 00 00 00 00 00 00 00 00 00 00 00 00 00 00 00 00 00 00 00 00 00 E9 95 53 C3 7E
[406856][00:00:13.396]7E FF 02 FF A6 6B 80 8F 67 05 42 01 68 DC 23 00 00 FF 03 14 02 01 00 01 69 7F 94 01 F0 FF 01 5A 16 04 83 00 F5 5B 57 10 00 FF 2F 01 CA AF 00 FA 88 11 00 00 33 00 00 08 00 00 00 01 00 00 04 20 00 00 12 74 72 20 00 00 12 74 72 00 00 64 64 99 00 3C 00 0D 00 3D 00 64 00 00 00 FC FF FF FF 7F DD 7F 6F FF 0F 00 C6 46 90 00 09 81 15 04 00 00 02 09 80 22 40 00 05 02 00 20 00 BC 6D 09 20 21 11 12 05 11 24 80 01 D4 C6 50 00 00 00 1E 7C 4A 31 04 01 42 00 00 00 40 3D 4F 3C 4B 6E 08 1B 17 15 0C 3F 09 26 0B 3C 09 0B 01 06 5C 29 57 04 27 35 51 5C 08 0C 09 35 2D 2D 34 31 1F 01 0C 0A 10 2E 39 15 07 42 00 1C 43 0C 4D 03 01 04 01 08 5C 04 0D 06 0D 04 02 38 0E 0F 3E 09 02 01 01 0D 0F 06 59 02 00 00 00 00 04 2E 06 4E 00 03 03 0B 0A 00 16 01 00 1D 00 03 23 09 19 0B 00 01 15 0F 02 03 02 0C 07 00 08 06 01 06 2C 21 01 03 1B 1D 06 01 00 04 06 00 00 02 00 00 03 01 04 04 0C 0A 50 0A 0C 01 08 00 00 00 00 09 0B 0D 0A 0B 01 00 02 0B 54 C9 35 6B 00 00 00 00 00 00 00 00 00 00 00 00 00 00 00 00 00 00 00 00 00 00 00 00 00 00 00 00 00 00 00 00 00 00 00 00 00 00 00 00 00 00 00 00 00 00 00 00 00 00 00 00 00 00 00 00 00 00 00 00 00 00 00 00 00 00 00 00 00 00 00 00 00 00 00 00 00 00 00 00 00 00 00 00 00 00 00 00 00 00 00 00 00 00 00 00 00 00 00 00 00 00 00 00 00 00 00 00 00 00 00 00 00 00 00 00 00 00 00 00 00 00 00 00 00 00 00 00 00 00 00 00 00 00 00 00 00 00 00 00 00 00 00 00 00 00 00 00 00 00 00 00 00 00 00 00 00 00 00 00 00 00 00 00 00 00 00 00 00 00 00 00 00 00 00 00 00 00 00 00 00 00 00 00 00 00 00 00 00 00 00 00 00 00 00 00 00 00 00 00 00 00 00 00 00 00 00 00 00 00 00 00 00 00 00 00 00 00 00 00 00 00 00 00 00 00 00 00 00 00 00 00 00 00 00 00 00 00 00 00 00 00 00 00 00 00 36 F0 07 7A 7E
[406857][00:00:13.666]7E FF 02 FF A7 6B 9B 90 67 05 C0 02 3F F6 8F 00 00 3A 01 14 01 01 00 01 69 7F 94 20 F0 FF 01 E5 14 EB C2 00 CB E5 32 00 02 FF 2F 01 46 94 00 97 70 01 04 00 33 00 00 08 00 00 00 20 50 03 31 30 00 09 04 22 19 20 00 00 12 74 72 39 16 17 2D 42 00 08 01 06 00 2F 00 00 00 00 00 35 30 2E 04 C1 0A 6C 90 2D 00 00 32 28 00 00 21 00 00 41 80 00 00 00 00 40 E0 02 40 00 E0 2C 12 02 2A 08 93 00 00 14 60 88 00 14 02 00 04 00 30 04 01 01 03 03 02 02 01 01 05 04 01 04 05 04 03 05 01 03 05 07 01 03 01 02 02 01 02 06 01 03 02 03 02 05 03 01 02 02 01 04 05 01 01 01 04 02 01 05 03 03 01 01 02 04 01 01 03 01 02 02 05 04 02 02 01 06 A0 E6 D1 7B 00 00 00 00 00 00 00 00 00 00 00 00 00 00 00 00 00 00 00 00 00 00 00 00 00 00 00 00 00 00 00 00 00 00 00 00 00 00 00 00 00 00 00 00 00 00 00 00 00 00 00 00 00 00 00 00 00 00 00 00 00 00 00 00 00 00 00 00 00 00 00 00 00 00 00 00 00 00 00 00 00 00 00 00 00 00 00 00 00 49 E2 15 C2 7E
[406858][00:00:13.727]7E FF 02 FF A8 6B 58 91 67 05 64 02 B2 E0 B1 00 00 39 00 94 00 01 00 01 69 7F 94 05 60 00 01 FC 13 79 44 00 DA 98 B4 50 00 06 00 04 84 DE 00 4C 78 EF 04 00 33 00 00 07 00 00 00 05 00 53 00 C2 00 40 00 2E 4D D1 0A 6D B9 2D 00 00 32 29 20 89 69 01 00 CF 88 00 00 36 98 D4 EB 66 C7 1A E5 FE FE 7F FF 0A 97 56 44 9F 62 FA 78 74 12 81 05 00 31 04 00 00 00 00 00 00 00 00 00 00 00 00 00 00 00 00 10 21 13 41 CC 00 00 00 00 00 00 00 00 00 00 00 00 00 00 00 00 00 00 00 00 00 00 00 00 00 00 00 00 00 00 00 00 00 00 00 00 72 52 4A 42 7E
[406859][00:00:13.787]7E FF 02 FF A9 6B 19 91 67 05 B8 03 D2 1D C0 00 00 34 00 14 01 01 00 01 69 7F 94 05 F0 FF 01 E5 14 EB C2 00 EA E5 72 50 00 FF 2F 01 85 DE 00 B0 78 01 04 00 33 00 00 08 00 00 00 05 60 00 22 30 00 09 05 35 40 20 00 00 12 74 72 39 00 00 00 5B 00 09 01 09 00 2F 00 00 00 00 00 06 30 0E 0D C1 0A 6D 90 2D 00 00 32 28 00 89 29 01 00 45 80 00 00 20 00 C0 E1 22 00 00 E4 AC 62 2A 6A 0A 97 00 00 96 60 88 60 54 02 01 04 00 30 04 01 05 03 01 02 04 02 02 02 03 03 03 01 03 05 03 03 04 02 06 03 05 02 03 02 05 04 01 01 01 06 01 02 01 06 04 03 03 02 03 01 01 03 02 03 03 01 01 03 03 05 03 03 02 01 02 01 05 02 01 01 03 02 03 02 01 03 03 03 01 01 01 01 04 03 02 03 04 02 02 03 02 03 06 03 06 02 02 03 03 05 62 46 A7 E8 00 00 00 00 00 00 00 00 00 00 00 00 00 00 00 00 00 00 00 00 00 00 00 00 00 00 00 00 00 00 00 00 00 00 00 00 00 00 00 00 00 00 00 00 00 00 00 00 00 00 00 00 00 00 00 00 00 00 00 00 00 00 00 00 4B AA FF 2F 7E
[406860][00:00:13.908]7E FF 02 FF AA 6B A8 91 67 05 43 00 86 57 F6 00 00 FE 03 54 00 01 00 01 69 7F 94 01 60 00 03 B6 12 40 E4 00 57 98 53 10 00 23 00 0A CB AF 30 10 88 FF 00 00 33 00 00 11 A1 00 00 01 23 C6 07 30 00 09 04 28 27 03 02 2F 06 B3 84 00 00 00 00 00 00 00 00 00 00 00 00 00 00 00 00 00 00 00 00 00 00 00 00 00 00 00 00 00 00 00 00 39 6B 31 4D 7E
[406861][00:00:13.923]7E FF 02 FF AB 6B B5 91 67 05 53 00 EF 4B FB 00 00 34 00 94 00 01 00 01 69 7F 94 05 60 00 03 FC 13 79 44 00 5B 88 72 50 00 01 00 0A 80 DE 30 64 78 EF 04 00 33 00 00 11 A1 00 00 01 13 C5 07 30 00 09 05 35 40 03 03 05 10 5D 24 D0 CE A9 C3 00 24 00 00 F1 FF F8 FF F4 FF FC FF 0B 00 EC FF FC FF FB FF F4 FF 02 00 06 00 E5 FF 07 00 0C 00 F6 FF DE FF 17 00 EF FF E6 FF 11 00 09 00 F2 FF F8 FF FD FF F4 FF EE FF 11 00 F9 FF EF FF 13 00 F0 FF F5 FF 07 00 F1 FF 0C 00 F9 FF C3 8B 0C 41 00 00 00 00 00 00 00 00 00 00 00 00 47 48 B5 4F 7E
[406862][00:00:13.969]7E FF 02 FF AC 6B F0 91 67 05 BF 01 2A F1 11 01 00 FD 03 54 00 01 00 01 69 7F 94 01 60 00 03 B6 12 40 E4 00 57 98 53 10 00 23 00 0A CB AF 30 10 88 FF 00 00 33 00 00 11 A1 00 00 01 23 C6 07 30 00 09 04 28 27 03 02 2F 06 B3 84 00 00 00 00 00 00 00 00 00 00 00 00 00 00 00 00 00 00 00 00 00 00 00 00 00 00 00 00 00 00 00 00 2E A4 E5 16 7E
[406863][00:00:14.028]7E FF 02 FF AD 6B 2C 92 67 05 1A 00 CA B2 28 01 00 FD 03 10 00 01 00 02 69 7F 94 10 D8 90 13 01 FF 00 00 00 02 2D AB 0A F4 2E DC 7E
[406864][00:00:14.059]7E FF 02 FF AE 6B 41 92 67 05 AF 03 1B 08 31 01 00 38 00 94 00 01 00 01 69 7F 94 05 60 00 03 FC 13 79 44 00 5B 88 72 50 00 01 00 0A 80 DE 30 64 78 EF 04 00 33 00 00 11 A1 00 00 01 13 C5 07 30 00 09 05 35 40 03 03 05 10 5D 24 D0 CE A9 C3 00 24 00 00 F1 FF F8 FF F4 FF FC FF 0B 00 EC FF FC FF FB FF F4 FF 02 00 06 00 E5 FF 07 00 0C 00 F6 FF DE FF 17 00 EF FF E6 FF 11 00 09 00 F2 FF F8 FF FD FF F4 FF EE FF 11 00 F9 FF EF FF 13 00 F0 FF F5 FF 07 00 F1 FF 0C 00 F9 FF C3 8B 0C 41 00 00 00 00 00 00 00 00 00 00 00 00 69 BB 09 09 7E
[406865][00:00:14.120]7E FF 02 FF AF 6B 7C 92 67 05 B2 01 A9 57 47 01 00 FE 03 54 00 01 00 01 69 7F 94 01 60 00 03 B6 12 40 E4 00 57 98 53 10 00 23 00 0A CB AF 30 10 88 FF 00 00 33 00 00 11 A1 00 00 01 23 C6 07 30 00 09 04 28 27 03 02 2F 06 B3 84 00 00 00 00 00 00 00 00 00 00 00 00 00 00 00 00 00 00 00 00 00 00 00 00 00 00 00 00 00 00 00 00 34 C9 76 37 7E
[406866][00:00:14.151]7E FF 02 FF B0 6B 95 92 67 05 EE 00 E9 CD 50 01 00 34 00 94 00 01 00 01 69 7F 94 05 60 00 03 FC 13 79 44 00 5B 88 72 50 00 01 00 0A 80 DE 30 64 78 EF 04 00 33 00 00 11 A1 00 00 01 13 C5 07 30 00 09 05 35 40 03 03 05 10 5D 24 D0 CE A9 C3 00 24 00 00 F1 FF F8 FF F4 FF FC FF 0B 00 EC FF FC FF FB FF F4 FF 02 00 06 00 E5 FF 07 00 0C 00 F6 FF DE FF 17 00 EF FF E6 FF 11 00 09 00 F2 FF F8 FF FD FF F4 FF EE FF 11 00 F9 FF EF FF 13 00 F0 FF F5 FF 07 00 F1 FF 0C 00 F9 FF C3 8B 0C 41 00 00 00 00 00 00 00 00 00 00 00 00 A9 13 09 09 7E
[406867][00:00:14.241]7E FF 02 FF B1 6B EE 92 67 05 02 03 E1 F6 72 01 00 37 01 94 00 01 00 01 69 7F 94 05 60 00 03 FC 13 79 44 00 5B 88 72 50 00 01 00 0A 80 DE 30 64 78 EF 04 00 33 00 00 11 A1 00 00 01 13 C5 07 30 00 09 05 35 40 03 03 05 10 5D 24 D0 CE A9 C3 00 24 00 00 F1 FF F8 FF F4 FF FC FF 0B 00 EC FF FC FF FB FF F4 FF 02 00 06 00 E5 FF 07 00 0C 00 F6 FF DE FF 17 00 EF FF E6 FF 11 00 09 00 F2 FF F8 FF FD FF F4 FF EE FF 11 00 F9 FF EF FF 13 00 F0 FF F5 FF 07 00 F1 FF 0C 00 F9 FF C3 8B 0C 41 00 00 00 00 00 00 00 00 00 00 00 00 85 9B C5 D5 7E
[406868][00:00:14.301]7E FF 02 FF B2 6B 39 93 67 05 73 02 E7 84 8F 01 00 FE 03 54 00 01 00 01 69 7F 94 01 60 00 03 B6 12 40 E4 00 57 98 53 10 00 23 00 0A CB AF 30 10 88 FF 00 00 33 00 00 11 A1 00 00 01 23 C6 07 30 00 09 04 28 27 03 02 2F 06 B3 84 00 00 00 00 00 00 00 00 00 00 00 00 00 00 00 00 00 00 00 00 00 00 00 00 00 00 00 00 00 00 00 00 98 CA 4F BD 7E
[406869][00:00:14.376]7E FF 02 FF B3 6B 7C 93 67 05 EB 02 8B 1E A9 01 00 FD 03 54 00 01 00 01 69 7F 94 01 60 00 03 B6 12 40 E4 00 57 98 53 10 00 23 00 0A CB AF 30 10 88 FF 00 00 33 00 00 11 A1 00 00 01 23 C6 07 30 00 09 04 28 27 03 02 2F 06 B3 84 00 00 00 00 00 00 00 00 00 00 00 00 00 00 00 00 00 00 00 00 00 00 00 00 00 00 00 00 00 00 00 00 41 A5 58 CD 7E
[406870][00:00:14.512]7E FF 02 FF B4 6B FB 93 67 05 77 00 F3 54 D9 01 00 37 00 94 00 01 00 01 69 7F 94 05 60 00 03 FC 13 79 44 00 5B 88 72 50 00 01 00 0A 80 DE 30 64 78 EF 04 00 33 00 00 11 A1 00 00 01 13 C5 07 30 00 09 05 35 40 03 03 05 10 5D 24 D0 CE A9 C3 00 24 00 00 F1 FF F8 FF F4 FF FC FF 0B 00 EC FF FC FF FB FF F4 FF 02 00 06 00 E5 FF 07 00 0C 00 F6 FF DE FF 17 00 EF FF E6 FF 11 00 09 00 F2 FF F8 FF FD FF F4 FF EE FF 11 00 F9 FF EF FF 13 00 F0 FF F5 FF 07 00 F1 FF 0C 00 F9 FF C3 8B 0C 41 00 00 00 00 00 00 00 00 00 00 00 00 1C F2 8A 78 7E
[406871][00:00:14.542]7E FF 02 FF B5 6B 1F 94 67 05 ED 00 67 1D E7 01 00 FE 03 54 00 01 00 01 69 7F 94 01 60 00 03 B6 12 40 E4 00 57 98 53 10 00 23 00 0A CB AF 30 10 88 FF 00 00 33 00 00 11 A1 00 00 01 23 C6 07 30 00 09 04 28 27 03 02 2F 06 B3 84 00 00 00 00 00 00 00 00 00 00 00 00 00 00 00 00 00 00 00 00 00 00 00 00 00 00 00 00 00 00 00 00 C6 72 6F 40 7E
[406872][00:00:14.677]7E FF 02 FF B6 6B A4 94 67 05 A0 01 1C EB 19 02 00 34 00 94 00 01 00 01 69 7F 94 05 60 00 03 FC 13 79 44 00 5B 88 72 50 00 01 00 0A 80 DE 30 64 78 EF 04 00 33 00 00 11 A1 00 00 01 13 C5 07 30 00 09 05 35 40 03 03 05 10 5D 24 D0 CE A9 C3 00 24 00 00 F1 FF F8 FF F4 FF FC FF 0B 00 EC FF FC FF FB FF F4 FF 02 00 06 00 E5 FF 07 00 0C 00 F6 FF DE FF 17 00 EF FF E6 FF 11 00 09 00 F2 FF F8 FF FD FF F4 FF EE FF 11 00 F9 FF EF FF 13 00 F0 FF F5 FF 07 00 F1 FF 0C 00 F9 FF C3 8B 0C 41 00 00 00 00 00 00 00 00 00 00 00 00 03 F2 EF 32 7E
[406873][00:00:14.722]7E FF 02 FF B7 6B CB 94 67 05 A9 02 B8 E2 28 02 00 36 00 94 00 01 00 01 69 7F 94 05 60 00 03 FC 13 79 44 00 5B 88 72 50 00 01 00 0A 80 DE 30 64 78 EF 04 00 33 00 00 11 A1 00 00 01 13 C5 07 30 00 09 05 35 40 03 03 05 10 5D 24 D0 CE A9 C3 00 24 00 00 F1 FF F8 FF F4 FF FC FF 0B 00 EC FF FC FF FB FF F4 FF 02 00 06 00 E5 FF 07 00 0C 00 F6 FF DE FF 17 00 EF FF E6 FF 11 00 09 00 F2 FF F8 FF FD FF F4 FF EE FF 11 00 F9 FF EF FF 13 00 F0 FF F5 FF 07 00 F1 FF 0C 00 F9 FF C3 8B 0C 41 00 00 00 00 00 00 00 00 00 00 00 00 16 C2 19 98 7E
[406874][00:00:14.722]7E FF 02 FF B8 6B 3F 95 67 05 7C 00 6F C7 2E 02 00 FE 03 54 00 01 00 01 69 7F 94 01 60 00 03 B6 12 40 E4 00 57 98 53 10 00 23 00 0A CB AF 30 10 88 FF 00 00 33 00 00 11 A1 00 00 01 23 C6 07 30 00 09 04 28 27 03 02 2F 06 B3 84 00 00 00 00 00 00 00 00 00 00 00 00 00 00 00 00 00 00 00 00 00 00 00 00 00 00 00 00 00 00 00 00 FE 23 D4 2C 7E
[406875][00:00:14.783]7E FF 02 FF B9 6B 1F 95 67 05 37 00 C1 B0 48 02 00 FD 03 54 00 01 00 01 69 7F 94 01 60 00 03 B6 12 40 E4 00 57 98 53 10 00 23 00 0A CB AF 30 10 88 FF 00 00 33 00 00 11 A1 00 00 01 23 C6 07 30 00 09 04 28 27 03 02 2F 06 B3 84 00 00 00 00 00 00 00 00 00 00 00 00 00 00 00 00 00 00 00 00 00 00 00 00 00 00 00 00 00 00 00 00 0A CA 3E 4D 7E
[406876][00:00:14.859]7E FF 02 FF BA 6B 71 95 67 05 E2 00 4B 11 68 02 00 FD 03 10 00 01 00 03 69 7F 94 14 0D BB 0B 00 00 00 10 02 80 A9 73 7B 7E 32 6E 7E
[406877][00:00:14.965]7E FF 02 FF BB 6B CB 95 67 05 10 01 49 64 8A 02 00 37 00 94 00 01 00 01 69 7F 94 05 60 00 01 FC 13 79 40 00 CB 9A 30 50 00 06 00 04 86 DE 00 4C 78 EF 04 00 33 00 00 07 00 00 00 05 00 53 00 C3 00 40 00 6E 4F D1 0A 6D F9 2D 00 00 32 29 20 89 69 01 00 EF 88 00 00 36 99 D6 EB 66 C7 1A E5 FE FF 7F FF 0A 97 56 45 9F 66 FA 78 74 12 81 05 00 31 0C 00 00 00 00 00 00 00 00 00 00 00 00 00 00 00 30 31 B2 D3 AD D9 00 00 00 00 00 00 00 00 00 00 00 00 00 00 00 00 00 00 00 00 00 00 00 00 00 00 00 00 00 00 00 00 00 00 00 00 F9 4F 7D B0 7E
[406878][00:00:15.280]7E FF 02 FF BC 6B FC 96 67 05 90 00 36 B2 FE 02 00 37 00 94 00 01 00 01 69 7F 94 05 60 00 01 FC 13 79 44 00 DA 98 B4 50 00 06 00 04 86 DE 00 4C 78 EF 04 00 33 00 00 07 00 00 00 05 00 53 00 C3 00 40 00 6E 4F D1 0A 6D F9 2D 00 00 32 29 20 89 69 01 00 EF 88 00 00 36 99 D6 EB 66 C7 1A E5 FE FF 7F FF 0A 97 56 45 9F 66 FA 78 74 12 81 05 00 31 0C 00 00 00 00 00 00 00 00 00 00 00 00 00 00 00 30 31 B2 D3 AD D9 00 00 00 00 00 00 00 00 00 00 00 00 00 00 00 00 00 00 00 00 00 00 00 00 00 00 00 00 00 00 00 00 00 00 00 00 42 2C 88 F6 7E
[406879][00:00:15.431]7E FF 02 FF BD 6B 72 97 67 05 55 03 79 F8 2B 03 00 35 01 14 02 01 00 01 69 7F 94 62 F0 FF 01 D4 17 E8 92 00 B3 70 7E 20 06 FF 2F 01 0E 87 00 EF 10 11 08 00 33 00 00 30 00 09 81 09 37 FF FF FF FF FF FF 08 00 00 00 62 10 00 12 30 00 09 81 09 37 20 00 00 12 74 72 02 00 64 64 8C 00 3E 01 0A 00 3D 00 00 00 00 00 01 30 9A B0 2C F5 03 02 52 FF BE 0D 06 C7 22 90 9E 8F 80 75 7B 69 01 04 09 04 00 00 01 12 00 00 00 00 A0 00 00 20 00 00 00 80 08 20 2E 22 3C 00 00 00 20 10 3E 79 4B 39 1C 53 E2 31 16 05 40 3D 08 3B 0A 3C 0B 0A 0D 0D 3C 0D 39 3C 0C 0D 0D 01 02 2D 39 38 3C 09 0C 0D 09 0B 0B 3C 0C 0B 0D 0E 0C 09 0A 0F 0A 0A 09 09 0C 0B 09 0E 0C 0D 0D 0E 0C 0B 0C 08 0A 0A 0C 09 06 09 0A 3C 0E 3B 0E 0B 06 0D 0B 0C 09 0D 0B 0C 08 36 03 0C 0A 0D 0B 04 0F 2F 0A 0E 0E 0D 0C 0A 0C 0C 09 0B 06 0A 0D 0D 07 0D 0B 0B 09 0C 0B 35 0E 0C 09 0B 0D 0B 0F 0C 0D 0E 0E 0F 0B 0E 0F 0C 0B 0B 10 09 0E 06 0E 0B 0B 07 0A 0C 0F 0D 0A 07 35 0C 0C 39 8B 25 BC 00 00 00 00 00 00 00 00 00 00 00 00 00 00 00 00 00 00 00 00 00 00 00 00 00 00 00 00 00 00 00 00 00 00 00 00 00 00 00 00 00 00 00 00 00 00 00 00 00 00 00 00 00 00 00 00 00 00 00 00 00 00 00 00 00 00 00 00 00 00 00 00 00 00 00 00 00 00 00 00 00 00 00 00 00 00 00 00 00 00 00 00 00 00 00 00 00 00 00 00 00 00 00 00 00 00 00 00 00 00 00 00 00 00 00 00 00 00 00 00 00 00 00 00 00 00 00 00 00 00 00 00 00 00 00 00 00 00 00 00 00 00 00 00 00 00 00 00 00 00 00 00 00 00 00 00 00 00 00 00 00 00 00 00 00 00 00 00 00 00 00 00 00 00 00 00 00 00 00 00 00 00 00 00 00 00 00 00 00 00 00 00 00 00 00 00 00 00 00 00 00 00 00 00 00 00 00 00 00 00 00 00 00 00 00 00 00 00 00 00 00 00 00 00 00 00 00 00 00 00 00 00 00 00 00 00 00 00 00 00 00 00 00 00 00 43 09 62 17 7E
[406880][00:00:15.596]7E FF 02 FF BE 6B 0F 98 67 05 94 03 41 E4 67 03 00 31 01 14 02 01 00 01 69 7F 94 3E F0 FF 01 D4 17 E8 92 00 E5 70 96 E0 03 FF 2F 01 EA 8F 00 EC 20 11 08 00 33 00 00 30 00 09 80 94 75 FF FF FF FF FF FF 08 00 00 00 3E 10 00 12 30 00 09 80 94 75 20 00 00 12 74 72 02 00 64 64 89 00 3E 01 0A 00 3D 00 00 00 00 00 01 30 92 B0 2C F5 00 02 52 BF BE 0D 06 C7 26 90 9E 8F 80 75 7B 69 01 04 09 04 00 00 01 12 00 00 00 00 A0 00 00 20 00 00 00 80 08 20 2E 22 3C 00 00 00 20 10 3E 79 4B 39 1C 53 E2 31 16 05 40 3D 3B 0A 3C 0B 0A 0D 0D 3C 0D 39 3B 0C 0D 0D 28 39 39 3C 09 0C 0E 09 0B 0B 0C 0B 0D 0E 0C 07 09 0E 0A 0A 0A 03 0C 0B 08 0E 0D 0D 3C 0C 0E 0D 0B 0C 08 0A 0A 0C 08 06 0A 0A 38 0E 3B 0D 0B 03 0C 08 0C 03 0A 08 0B 08 36 01 0A 08 0E 05 04 0E 1D 08 0E 0E 0D 0C 09 0E 0B 08 0B 02 0C 0D 0D 05 0C 0A 0B 0A 0C 09 36 0E 0C 08 09 0E 0C 0F 0C 0C 0E 0E 0F 0B 0E 0F 0C 0B 0B 0E 08 0E 05 0E 0B 09 05 09 0A 0B 0D 0B 04 36 0B 0D 8C 57 E7 21 00 00 00 00 00 00 00 00 00 00 00 00 00 00 00 00 00 00 00 00 00 00 00 00 00 00 00 00 00 00 00 00 00 00 00 00 00 00 00 00 00 00 00 00 00 00 00 00 00 00 00 00 00 00 00 00 00 00 00 00 00 00 00 00 00 00 00 00 00 00 00 00 00 00 00 00 00 00 00 00 00 00 00 00 00 00 00 00 00 00 00 00 00 00 00 00 00 00 00 00 00 00 00 00 00 00 00 00 00 00 00 00 00 00 00 00 00 00 00 00 00 00 00 00 00 00 00 00 00 00 00 00 00 00 00 00 00 00 00 00 00 00 00 00 00 00 00 00 00 00 00 00 00 00 00 00 00 00 00 00 00 00 00 00 00 00 00 00 00 00 00 00 00 00 00 00 00 00 00 00 00 00 00 00 00 00 00 00 00 00 00 00 00 00 00 00 00 00 00 00 00 00 00 00 00 00 00 00 00 00 00 00 00 00 00 00 00 00 00 00 00 00 00 00 00 00 00 00 00 00 00 00 00 00 00 00 00 00 00 00 00 00 00 00 00 00 00 00 16 B8 23 DB 7E
[406881][00:00:15.821]7E FF 02 FF BF 6B 15 99 67 05 61 00 12 86 CB 03 00 39 00 94 00 01 00 01 69 7F 94 05 60 00 01 FC 13 79 44 00 DA 98 B4 50 00 06 00 04 86 DE 00 4C 78 EF 04 00 33 00 00 07 00 00 00 05 00 53 00 C3 00 40 00 6E 4F D1 0A 6D F9 2D 00 00 32 29 20 89 69 01 00 EF 88 00 00 36 99 D6 EB 66 C7 1A E5 FE FF 7F FF 0A 97 56 45 9F 66 FA 78 74 12 81 05 00 31 0C 00 00 00 00 00 00 00 00 00 00 00 00 00 00 00 30 31 B2 D3 AD D9 00 00 00 00 00 00 00 00 00 00 00 00 00 00 00 00 00 00 00 00 00 00 00 00 00 00 00 00 00 00 00 00 00 00 00 00 12 24 53 28 7E
[406882][00:00:15.852]7E FF 02 FF C0 6B 47 99 67 05 29 02 7E C3 DE 03 00 FE 03 54 00 01 00 01 69 7F 94 01 60 00 03 B6 12 40 E4 00 57 98 53 10 00 23 00 0A CB AF 30 10 88 FF 00 00 33 00 00 11 A1 00 00 01 23 C6 07 30 00 09 04 28 27 03 02 2F 06 B3 84 00 00 00 00 00 00 00 00 00 00 00 00 00 00 00 00 00 00 00 00 00 00 00 00 00 00 00 00 00 00 00 00 67 6F 27 F9 7E
[406883][00:00:15.926]7E FF 02 FF C1 6B 72 99 67 05 94 03 9B 4D EF 03 00 FD 03 14 01 01 00 01 69 7F 94 01 60 00 03 27 16 EB C0 00 98 5E C8 10 00 C6 00 03 CC AF 30 74 88 FF 00 00 33 00 00 11 03 00 00 01 02 83 06 C8 1E 28 0A FE FE FE FE 68 62 00 43 05 92 51 53 06 00 30 10 4E E9 10 00 3E 05 03 30 50 02 02 00 01 20 21 02 00 1C 07 EA 06 1D 0B 00 00 08 00 20 21 02 00 00 20 01 04 00 00 20 00 02 00 00 20 01 02 00 00 20 04 02 00 00 20 0A 02 00 00 00 10 02 01 00 00 20 02 01 00 01 10 F0 D5 56 98 83 8E 08 15 8F 01 3B 87 D4 9A 8C D7 DE 17 16 0B B5 BC 1C 00 00 00 00 00 00 00 00 00 00 00 00 00 00 00 00 00 00 00 00 00 00 00 00 00 00 00 00 00 00 00 00 00 00 00 00 00 00 00 00 00 00 00 00 00 00 00 00 00 00 00 00 00 00 00 00 00 00 00 00 00 00 00 00 00 00 00 00 00 00 00 00 00 00 00 00 00 00 00 00 00 00 00 00 00 00 00 00 00 00 00 00 00 00 00 00 00 00 00 00 00 00 00 00 00 00 00 00 00 00 00 00 00 00 00 00 00 00 00 00 00 00 00 00 7B 62 DD 10 7E
[406884][00:00:15.972]7E FF 02 FF C2 6B 9E 99 67 05 41 02 A8 F5 FF 03 00 FE 03 14 01 01 00 01 69 7F 94 01 60 00 03 27 16 EB C4 00 89 5C 4C 10 00 C6 00 03 CC AF 30 74 88 FF 00 00 33 00 00 11 03 00 00 01 02 83 06 C8 1E 28 0A FE FE FE FE 68 62 00 43 05 92 51 53 06 00 30 10 4E E9 10 00 3E 05 03 30 50 02 02 00 01 20 21 02 00 1C 07 EA 06 1D 0B 00 00 08 00 20 21 02 00 00 20 01 04 00 00 20 00 02 00 00 20 01 02 00 00 20 04 02 00 00 20 0A 02 00 00 00 10 02 01 00 00 20 02 01 00 01 10 F0 D5 56 98 83 8E 08 15 8F 01 3B 87 D4 9A 8C D7 DE 17 16 0B B5 BC 1C 00 00 00 00 00 00 00 00 00 00 00 00 00 00 00 00 00 00 00 00 00 00 00 00 00 00 00 00 00 00 00 00 00 00 00 00 00 00 00 00 00 00 00 00 00 00 00 00 00 00 00 00 00 00 00 00 00 00 00 00 00 00 00 00 00 00 00 00 00 00 00 00 00 00 00 00 00 00 00 00 00 00 00 00 00 00 00 00 00 00 00 00 00 00 00 00 00 00 00 00 00 00 00 00 00 00 00 00 00 00 00 00 00 00 00 00 00 00 00 00 00 00 00 00 6A 74 A6 20 7E
[406885][00:00:16.018]7E FF 02 FF C3 6B CB 99 67 05 0F 01 FB 01 11 04 00 FD 03 14 01 01 00 01 69 7F 94 01 60 00 03 27 16 EB C4 00 89 5C 4C 10 00 C6 00 03 CC AF 30 74 88 FF 00 00 33 00 00 11 03 00 00 01 02 83 06 C8 1E 28 0A FE FE FE FE 68 62 00 43 05 92 51 53 06 00 30 10 4E E9 10 00 3E 05 03 30 50 02 02 00 01 20 21 02 00 1C 07 EA 06 1D 0B 00 00 08 00 20 21 02 00 00 20 01 04 00 00 20 00 02 00 00 20 01 02 00 00 20 04 02 00 00 20 0A 02 00 00 00 10 02 01 00 00 20 02 01 00 01 10 F0 D5 56 98 83 8E 08 15 8F 01 3B 87 D4 9A 8C D7 DE 17 16 0B B5 BC 1C 00 00 00 00 00 00 00 00 00 00 00 00 00 00 00 00 00 00 00 00 00 00 00 00 00 00 00 00 00 00 00 00 00 00 00 00 00 00 00 00 00 00 00 00 00 00 00 00 00 00 00 00 00 00 00 00 00 00 00 00 00 00 00 00 00 00 00 00 00 00 00 00 00 00 00 00 00 00 00 00 00 00 00 00 00 00 00 00 00 00 00 00 00 00 00 00 00 00 00 00 00 00 00 00 00 00 00 00 00 00 00 00 00 00 00 00 00 00 00 00 00 00 00 00 A8 DD 53 E9 7E
[406886][00:00:16.033]7E FF 02 FF C4 6B FC 99 67 05 2A 00 05 A3 23 04 00 FD 03 10 00 01 00 03 69 7F 94 14 0D 30 07 00 00 00 10 02 F9 25 01 77 28 67 84 7E
[406887][00:00:16.048]7E FF 02 FF C5 6B 04 9A 67 05 25 00 CD AA 26 04 00 36 00 94 00 01 00 01 69 7F 94 05 60 00 01 FC 13 79 44 00 DA 98 B4 50 00 06 00 04 86 DE 00 4C 78 EF 04 00 33 00 00 07 00 00 00 05 00 53 00 C3 00 40 00 6E 4F D1 0A 6D F9 2D 00 00 32 29 20 89 69 01 00 EF 88 00 00 36 99 D6 EB 66 C7 1A E5 FE FF 7F FF 0A 97 56 45 9F 66 FA 78 74 12 81 05 00 31 0C 00 00 00 00 00 00 00 00 00 00 00 00 00 00 00 30 31 B2 D3 AD D9 00 00 00 00 00 00 00 00 00 00 00 00 00 00 00 00 00 00 00 00 00 00 00 00 00 00 00 00 00 00 00 00 00 00 00 00 E5 1C B8 44 7E
[406888][00:00:16.108]7E FF 02 FF C6 6B 2E 9A 67 05 34 02 A8 E2 36 04 00 37 00 14 01 01 00 01 69 7F 94 05 F0 FF 01 E5 14 EB C2 00 EA E5 72 50 00 FF 2F 01 87 DE 00 B0 78 01 04 00 33 00 00 08 00 00 00 05 60 00 22 30 00 09 05 35 40 20 00 00 12 74 72 39 00 00 00 5B 00 09 01 06 00 2F 00 00 00 00 00 06 30 0E 0D C1 0A 6D 90 2D 00 00 32 28 00 89 29 01 00 45 80 00 00 20 00 C0 E1 22 00 00 E4 AC 62 2A 6A 0A 97 00 00 96 60 88 60 54 02 01 04 00 30 04 01 05 03 01 02 04 02 02 02 03 03 03 01 03 05 03 03 04 02 06 03 05 02 03 02 05 04 01 01 01 06 01 02 01 06 04 03 03 02 03 01 01 03 02 03 03 01 01 03 03 05 03 03 02 01 02 01 05 02 01 01 03 02 03 02 01 03 03 03 01 01 01 01 04 03 02 03 04 02 02 03 02 03 06 03 06 02 02 03 03 05 B7 57 98 4F 00 00 00 00 00 00 00 00 00 00 00 00 00 00 00 00 00 00 00 00 00 00 00 00 00 00 00 00 00 00 00 00 00 00 00 00 00 00 00 00 00 00 00 00 00 00 00 00 00 00 00 00 00 00 00 00 00 00 00 00 00 00 00 00 31 EE 39 58 7E
[406889][00:00:16.347]7E FF 02 FF C7 6B 7F 9B 67 05 6C 02 4B 52 91 04 00 FE 03 14 01 01 00 01 69 7F 94 01 60 00 03 27 16 EB C0 00 98 5E C8 10 00 CA 00 03 CD AF 30 7E 88 FF 00 00 33 00 00 11 03 00 00 01 02 23 07 C6 1E 28 0A FE FE FE FE 68 6C 00 43 05 68 53 78 00 00 70 10 42 FC 10 00 48 05 03 2B 50 02 02 00 01 20 21 02 00 1C 07 EA 06 1D 0A 00 00 0A 00 20 21 02 00 00 20 01 04 00 00 20 00 02 00 00 20 01 02 00 00 20 04 02 00 00 20 05 02 00 00 20 0A 02 00 00 20 17 02 00 00 20 18 02 00 00 00 10 02 01 00 01 10 F0 D5 56 98 83 8E 08 15 8F 01 3B 87 D4 9A 8C D7 19 26 16 A0 64 41 C9 00 00 00 00 00 00 00 00 00 00 00 00 00 00 00 00 00 00 00 00 00 00 00 00 00 00 00 00 00 00 00 00 00 00 00 00 00 00 00 00 00 00 00 00 00 00 00 00 00 00 00 00 00 00 00 00 00 00 00 00 00 00 00 00 00 00 00 00 00 00 00 00 00 00 00 00 00 00 00 00 00 00 00 00 00 00 00 00 00 00 00 00 00 00 00 00 00 00 00 00 00 00 00 00 00 00 00 00 00 00 00 00 00 00 43 CA F1 51 7E
[406890][00:00:16.392]7E FF 02 FF C8 6B 35 9B 67 05 3B 00 BE 6C 99 04 01 22 10 14 01 01 00 01 69 7F 94 01 80 0D 03 6A 41 00 10 00 16 42 9C 10 00 14 01 03 CE AF 30 7E 88 FF 00 00 33 00 00 11 03 00 00 01 02 23 07 C7 1E 28 0A FE FE FE FE 68 6C 00 43 05 69 53 78 00 00 70 10 97 63 10 00 48 05 03 2C 50 02 02 00 01 20 21 02 00 1C 07 EA 06 1D 0A 00 00 0A 00 20 21 02 00 00 20 01 04 00 00 20 00 02 00 00 20 01 02 00 00 20 04 02 00 00 20 05 02 00 00 20 0A 02 00 00 20 17 02 00 00 20 18 02 00 00 00 10 02 01 00 01 10 F0 D5 56 98 83 8E 08 15 8F 01 3B 87 D4 9A 8C D7 FC 0E 16 9A FE 5F 96 00 00 00 00 00 00 00 00 00 00 00 00 00 00 00 00 00 00 00 00 00 00 00 00 00 00 00 00 00 00 00 00 00 00 00 00 00 00 00 00 00 00 00 00 00 00 00 00 00 00 00 00 00 00 00 00 00 00 00 00 00 00 00 00 00 00 00 00 00 00 00 00 00 00 00 00 00 00 00 00 00 00 00 00 00 00 00 00 00 00 00 00 00 00 00 00 00 00 00 00 00 00 00 00 00 00 00 00 00 00 00 00 00 00 E7 1C 61 94 7E
[406891][00:00:16.588]7E FF 02 FF C9 6B 07 9C 67 05 30 01 70 3B EB 04 00 3A 00 14 01 01 00 01 69 7F 94 D8 E0 02 03 6F 16 EB C4 00 DB 9C 20 10 00 14 01 03 CE AF 30 7E 88 EF 00 00 33 00 00 11 03 00 00 01 02 23 07 C7 1E 28 0A FE FE FE FE 68 6C 00 43 05 69 53 78 00 00 70 10 97 63 10 00 48 05 03 2C 50 02 02 00 01 20 21 02 00 1C 07 EA 06 1D 0A 00 00 0A 00 20 21 02 00 00 20 01 04 00 00 20 00 02 00 00 20 01 02 00 00 20 04 02 00 00 20 05 02 00 00 20 0A 02 00 00 20 17 02 00 00 20 18 02 00 00 00 10 02 01 00 01 10 F0 D5 56 98 83 8E 08 15 8F 01 3B 87 D4 9A 8C D7 FC 0E 16 9A FE 5F 96 00 00 00 00 00 00 00 00 00 00 00 00 00 00 00 00 00 00 00 00 00 00 00 00 00 00 00 00 00 00 00 00 00 00 00 00 00 00 00 00 00 00 00 00 00 00 00 00 00 00 00 00 00 00 00 00 00 00 00 00 00 00 00 00 00 00 00 00 00 00 00 00 00 00 00 00 00 00 00 00 00 00 00 00 00 00 00 00 00 00 00 00 00 00 00 00 00 00 00 00 00 00 00 00 00 00 00 00 00 00 00 00 00 00 F6 5D 20 DB 7E
[406892][00:00:16.678]7E FF 02 FF CA 6B 8A 9C 67 05 17 03 C0 69 1D 05 00 3A 00 10 00 01 00 02 69 7F 94 01 05 30 05 01 F3 00 00 00 07 FB 8A 7A C4 05 9A 7E
[406893][00:00:16.889]7E FF 02 FF CB 6B 39 9D 67 05 A6 03 D6 32 60 05 00 FE 03 14 01 01 00 01 69 7F 94 01 60 00 03 27 16 EB C4 00 89 5C 4C 10 00 CA 00 03 CD AF 30 7E 88 FF 00 00 33 00 00 11 03 00 00 01 02 23 07 C6 1E 28 0A FE FE FE FE 68 6C 00 43 05 68 53 78 00 00 70 10 42 FC 10 00 48 05 03 2B 50 02 02 00 01 20 21 02 00 1C 07 EA 06 1D 0A 00 00 0A 00 20 21 02 00 00 20 01 04 00 00 20 00 02 00 00 20 01 02 00 00 20 04 02 00 00 20 05 02 00 00 20 0A 02 00 00 20 17 02 00 00 20 18 02 00 00 00 10 02 01 00 01 10 F0 D5 56 98 83 8E 08 15 8F 01 3B 87 D4 9A 8C D7 19 26 16 A0 64 41 C9 00 00 00 00 00 00 00 00 00 00 00 00 00 00 00 00 00 00 00 00 00 00 00 00 00 00 00 00 00 00 00 00 00 00 00 00 00 00 00 00 00 00 00 00 00 00 00 00 00 00 00 00 00 00 00 00 00 00 00 00 00 00 00 00 00 00 00 00 00 00 00 00 00 00 00 00 00 00 00 00 00 00 00 00 00 00 00 00 00 00 00 00 00 00 00 00 00 00 00 00 00 00 00 00 00 00 00 00 00 00 00 00 00 00 F0 0D 34 5E 7E
[406894][00:00:16.950]7E FF 02 FF CC 6B D6 9D 67 05 BE 03 D7 F1 75 05 00 FD 03 14 01 01 00 01 69 7F 94 01 60 00 03 27 16 EB C4 00 89 5C 4C 10 00 CA 00 03 CD AF 30 7E 88 FF 00 00 33 00 00 11 03 00 00 01 02 23 07 C6 1E 28 0A FE FE FE FE 68 6C 00 43 05 68 53 78 00 00 70 10 42 FC 10 00 48 05 03 2B 50 02 02 00 01 20 21 02 00 1C 07 EA 06 1D 0A 00 00 0A 00 20 21 02 00 00 20 01 04 00 00 20 00 02 00 00 20 01 02 00 00 20 04 02 00 00 20 05 02 00 00 20 0A 02 00 00 20 17 02 00 00 20 18 02 00 00 00 10 02 01 00 01 10 F0 D5 56 98 83 8E 08 15 8F 01 3B 87 D4 9A 8C D7 19 26 16 A0 64 41 C9 00 00 00 00 00 00 00 00 00 00 00 00 00 00 00 00 00 00 00 00 00 00 00 00 00 00 00 00 00 00 00 00 00 00 00 00 00 00 00 00 00 00 00 00 00 00 00 00 00 00 00 00 00 00 00 00 00 00 00 00 00 00 00 00 00 00 00 00 00 00 00 00 00 00 00 00 00 00 00 00 00 00 00 00 00 00 00 00 00 00 00 00 00 00 00 00 00 00 00 00 00 00 00 00 00 00 00 00 00 00 00 00 00 00 6B 66 AD 9E 7E
[406895][00:00:16.965]7E FF 02 FF CD 6B 88 9D 67 05 CB 01 31 26 7E 05 00 35 00 94 00 01 00 01 69 7F 94 05 60 00 01 FC 13 79 40 00 CB 9A 30 50 00 06 00 04 88 DE 00 3B 78 EF 04 00 33 00 00 07 00 00 00 05 00 05 00 93 00 2F 00 2E 4D D1 0A 6D B1 2D 00 00 32 29 20 89 69 01 00 C7 88 00 00 22 08 D4 E9 22 44 02 E5 BE F6 2B 6E 0A 97 42 40 9F 60 BA 60 54 02 81 05 00 31 44 36 C6 8D CF 00 00 00 00 00 00 00 00 00 00 00 00 00 00 00 00 00 00 00 00 00 00 00 00 00 00 00 00 00 00 00 00 00 00 00 00 00 00 00 00 00 00 00 00 00 00 00 00 00 00 00 00 00 31 A8 17 50 7E
[406896][00:00:17.039]7E FF 02 FF CE 6B DF 9D 67 05 D1 02 B6 70 9F 05 00 37 00 94 00 01 00 01 69 7F 94 05 60 00 01 FC 13 79 44 00 DA 98 B4 50 00 06 00 04 88 DE 00 3B 78 EF 04 00 33 00 00 07 00 00 00 05 00 05 00 93 00 2F 00 2E 4D D1 0A 6D B1 2D 00 00 32 29 20 89 69 01 00 C7 88 00 00 22 08 D4 E9 22 44 02 E5 BE F6 2B 6E 0A 97 42 40 9F 60 BA 60 54 02 81 05 00 31 44 36 C6 8D CF 00 00 00 00 00 00 00 00 00 00 00 00 00 00 00 00 00 00 00 00 00 00 00 00 00 00 00 00 00 00 00 00 00 00 00 00 00 00 00 00 00 00 00 00 00 00 00 00 00 00 00 00 00 77 28 62 9D 7E
[406897][00:00:17.294]7E FF 02 FF CF 6B D3 9E 67 05 F2 00 D8 57 FC 05 00 3B 01 14 01 01 00 01 69 7F 94 20 F0 FF 01 E5 14 EB C2 00 CB E5 32 00 02 FF 2F 01 48 94 00 97 70 01 04 00 33 00 00 08 00 00 00 20 50 03 31 30 00 09 04 22 19 20 00 00 12 74 72 39 1A 17 2D 42 00 08 01 02 00 2F 00 00 00 00 00 35 30 2E 04 C1 0A 6C 90 2D 00 00 32 28 00 00 21 00 00 41 80 00 00 00 00 40 E0 02 40 00 E0 2C 12 02 2A 08 93 00 00 14 60 88 00 14 02 00 04 00 30 04 01 01 03 03 02 02 01 01 05 04 01 04 05 04 03 05 01 03 05 07 01 03 01 02 02 01 02 06 01 03 02 03 02 05 03 01 02 02 01 04 05 01 01 01 04 02 01 05 03 03 01 01 02 04 01 01 03 01 02 02 05 04 02 02 01 06 BE 17 80 3A 00 00 00 00 00 00 00 00 00 00 00 00 00 00 00 00 00 00 00 00 00 00 00 00 00 00 00 00 00 00 00 00 00 00 00 00 00 00 00 00 00 00 00 00 00 00 00 00 00 00 00 00 00 00 00 00 00 00 00 00 00 00 00 00 00 00 00 00 00 00 00 00 00 00 00 00 00 00 00 00 00 00 00 00 00 00 00 00 00 70 C5 F2 A8 7E
[406898][00:00:17.324]7E FF 02 FF D0 6B F3 9E 67 05 B0 01 CC 9C 08 06 00 39 00 94 00 01 00 01 69 7F 94 19 60 00 01 FC 13 79 44 00 C4 98 7C 90 01 06 00 04 13 45 00 3B 70 EF 04 00 33 00 00 07 00 00 00 19 00 19 00 98 00 2F 00 2E 0D D1 0A 6D B9 2D 00 00 32 29 00 89 29 01 00 C7 88 00 00 26 18 D4 EB 22 44 02 E4 3E 76 7F FE 0A 97 04 00 9E 60 FA 68 54 12 81 04 00 31 04 44 9B AD 01 00 00 00 00 00 00 00 00 00 00 00 00 00 00 00 00 00 00 00 00 00 00 00 00 00 00 00 00 00 00 00 00 00 00 00 00 00 00 00 00 00 00 00 00 00 00 00 00 00 00 00 00 00 1F C4 EB 79 7E
[406899][00:00:17.414]7E FF 02 FF D1 6B 54 9F 67 05 EE 01 9A A3 2D 06 00 36 00 94 00 01 00 01 69 7F 94 05 60 00 01 FC 13 79 44 00 DA 98 B4 50 00 06 00 04 88 DE 00 3B 78 EF 04 00 33 00 00 07 00 00 00 05 00 05 00 93 00 2F 00 2E 4D D1 0A 6D B1 2D 00 00 32 29 20 89 69 01 00 C7 88 00 00 22 08 D4 E9 22 44 02 E5 BE F6 2B 6E 0A 97 42 40 9F 60 BA 60 54 02 81 05 00 31 44 36 C6 8D CF 00 00 00 00 00 00 00 00 00 00 00 00 00 00 00 00 00 00 00 00 00 00 00 00 00 00 00 00 00 00 00 00 00 00 00 00 00 00 00 00 00 00 00 00 00 00 00 00 00 00 00 00 00 F9 F6 AD FC 7E
[406900][00:00:17.684]7E FF 02 FF D2 6B 64 A0 67 05 6D 03 70 8B 95 06 00 37 00 94 00 01 00 01 69 7F 94 05 60 00 01 FC 13 79 44 00 DA 98 B4 50 00 06 00 04 88 DE 00 3B 78 EF 04 00 33 00 00 07 00 00 00 05 00 05 00 93 00 2F 00 2E 4D D1 0A 6D B1 2D 00 00 32 29 20 89 69 01 00 C7 88 00 00 22 08 D4 E9 22 44 02 E5 BE F6 2B 6E 0A 97 42 40 9F 60 BA 60 54 02 81 05 00 31 44 36 C6 8D CF 00 00 00 00 00 00 00 00 00 00 00 00 00 00 00 00 00 00 00 00 00 00 00 00 00 00 00 00 00 00 00 00 00 00 00 00 00 00 00 00 00 00 00 00 00 00 00 00 00 00 00 00 00 C3 E9 44 05 7E
[406901][00:00:17.818]7E FF 02 FF D3 6B 59 A1 67 05 3B 01 25 AC CC 06 00 37 00 10 00 01 00 03 69 7F 94 14 0D 37 00 00 00 00 10 02 00 FB 85 A1 10 D6 BE 7E
[406902][00:00:18.374]7E FF 02 FF D4 6B 4D A3 67 05 25 02 95 78 8B 07 00 FD 03 15 02 01 00 00 69 7F 94 96 78 8B 07 01 90 E8 02 00 C5 90 B6 CA 33 20 00 00 12 74 72 F9 06 00 00 10 02 00 00 00 00 00 00 05 00 0F 01 00 00 64 20 00 00 12 74 72 04 00 00 01 0A D0 02 08 00 30 00 39 00 06 0A 8E C3 D5 31 39 9B E1 06 C0 D7 00 5A 33 00 42 24 32 00 00 00 00 C9 2B 8A 07 1E 3A 00 00 24 00 0E 50 15 50 1C 50 31 50 0C 50 04 50 87 50 8A 50 93 51 34 50 36 50 08 50 40 51 D8 50 62 50 3E 50 1A 50 06 50 BA 51 5D 50 29 50 39 51 75 50 7C 50 7C 51 BC 50 D8 51 5B 50 D9 50 9D 50 80 50 2E 50 05 50 44 51 35 50 42 51 68 51 F8 51 2D 50 34 51 E1 50 0A 51 EE 50 53 50 68 50 29 51 2D 51 DF 50 6C 51 26 51 FE 51 11 51 CF 50 1A 51 F2 50 86 50 82 50 FA 51 16 51 CA 50 AC 50 72 51 14 51 A2 50 A2 30 12 51 C6 41 CD 40 D2 40 BA 40 F6 41 C7 41 F9 41 F7 41 63 41 D2 41 4B 40 65 41 43 41 9E 40 5F 41 E4 41 CA 41 B7 41 BD 41 7F 41 90 40 ED 41 B9 41 5D 81 7C 15 00 01 C4 09 00 02 AC 0D 00 03 03 04 9A 05 68 41 2E 41 01 41 60 40 0B 40 2A 40 25 40 28 40 9A 40 26 40 19 40 FD 40 47 41 70 40 42 41 03 40 4F 41 A5 40 E6 40 21 40 50 40 37 41 32 40 E8 40 4B 81 94 11 00 01 C4 09 00 02 B8 0B 00 03 03 04 9A 05 03 04 9A 05 9A 05 9A 05 F1 81 88 13 00 01 D0 07 00 02 C4 09 00 03 03 04 9A 05 CF 41 D0 41 27 41 C1 40 D1 41 D2 41 31 41 BD 41 D3 41 26 40 D4 41 D5 41 C9 41 68 41 EE 40 4C 40 20 40 32 41 2C 40 F0 80 88 13 00 01 E8 03 00 02 C4 09 00 03 03 04 9A 05 00 00 00 00 00 00 00 00 00 00 00 00 00 00 00 00 00 00 00 00 00 00 00 00 00 00 00 00 00 00 00 00 00 00 00 00 00 00 00 00 00 00 00 00 00 00 00 00 00 00 00 00 00 00 00 00 00 00 00 00 00 00 00 00 00 00 00 00 00 00 00 00 00 00 00 00 00 00 00 00 00 00 00 00 00 00 00 00 00 00 49 82 C2 D7 D7 43 ED 36 7E
[406903][00:00:18.420]7E FF 02 FF D5 6B 51 A3 67 05 83 00 98 D4 8B 07 01 22 0C 15 02 01 00 00 69 7F 94 10 D3 8B 07 01 20 05 00 00 E0 F4 98 CA 33 20 00 00 12 74 72 F9 06 00 00 10 02 00 00 00 00 00 00 05 00 0F 01 00 00 64 20 00 00 12 74 72 04 00 00 01 0A D0 02 08 00 30 00 39 00 06 0A 8E C3 D5 31 39 9B E1 06 C0 D7 00 5A 33 00 42 24 32 00 00 00 00 C9 2B 8A 07 1E 3A 00 00 24 00 0E 50 15 50 1C 50 31 50 0C 50 04 50 87 50 8A 50 93 51 34 50 36 50 08 50 40 51 D8 50 62 50 3E 50 1A 50 06 50 BA 51 5D 50 29 50 39 51 75 50 7C 50 7C 51 BC 50 D8 51 5B 50 D9 50 9D 50 80 50 2E 50 05 50 44 51 35 50 42 51 68 51 F8 51 2D 50 34 51 E1 50 0A 51 EE 50 53 50 68 50 29 51 2D 51 DF 50 6C 51 26 51 FE 51 11 51 CF 50 1A 51 F2 50 86 50 82 50 FA 51 16 51 CA 50 AC 50 72 51 14 51 A2 50 A2 30 12 51 C6 41 CD 40 D2 40 BA 40 F6 41 C7 41 F9 41 F7 41 63 41 D2 41 4B 40 65 41 43 41 9E 40 5F 41 E4 41 CA 41 B7 41 BD 41 7F 41 90 40 ED 41 B9 41 5D 81 7C 15 00 01 C4 09 00 02 AC 0D 00 03 03 04 9A 05 68 41 2E 41 01 41 60 40 0B 40 2A 40 25 40 28 40 9A 40 26 40 19 40 FD 40 47 41 70 40 42 41 03 40 4F 41 A5 40 E6 40 21 40 50 40 37 41 32 40 E8 40 4B 81 94 11 00 01 C4 09 00 02 B8 0B 00 03 03 04 9A 05 03 04 9A 05 9A 05 9A 05 F1 81 88 13 00 01 D0 07 00 02 C4 09 00 03 03 04 9A 05 CF 41 D0 41 27 41 C1 40 D1 41 D2 41 31 41 BD 41 D3 41 26 40 D4 41 D5 41 C9 41 68 41 EE 40 4C 40 20 40 32 41 2C 40 F0 80 88 13 00 01 E8 03 00 02 C4 09 00 03 03 04 9A 05 00 00 00 00 00 00 00 00 00 00 00 00 00 00 00 00 00 00 00 00 00 00 00 00 00 00 00 00 00 00 00 00 00 00 00 00 00 00 00 00 00 00 00 00 00 00 00 00 00 00 00 00 00 00 00 00 00 00 00 00 00 00 00 00 00 00 00 00 00 00 00 00 00 00 00 00 00 00 00 00 00 00 00 00 00 00 00 00 00 00 49 82 C2 D7 26 57 D2 80 7E
[406904][00:00:18.466]7E FF 02 FF D6 6B 0C A3 67 05 C9 00 33 AD 98 07 00 00 03 15 02 01 00 00 69 7F 94 33 AD 98 07 01 90 E8 04 00 83 2F 9B CA 33 20 00 00 12 74 72 F9 06 00 00 10 02 00 00 00 00 00 00 05 00 0F 01 00 00 64 20 00 00 12 74 72 04 00 00 01 0A D0 02 08 00 30 00 39 00 06 0A 8E C3 D5 31 39 9B E1 06 C0 D7 00 5A 33 00 42 24 32 00 00 00 00 C9 2B 8A 07 1E 3A 00 00 24 00 0E 50 15 50 1C 50 31 50 0C 50 04 50 87 50 8A 50 93 51 34 50 36 50 08 50 40 51 D8 50 62 50 3E 50 1A 50 06 50 BA 51 5D 50 29 50 39 51 75 50 7C 50 7C 51 BC 50 D8 51 5B 50 D9 50 9D 50 80 50 2E 50 05 50 44 51 35 50 42 51 68 51 F8 51 2D 50 34 51 E1 50 0A 51 EE 50 53 50 68 50 29 51 2D 51 DF 50 6C 51 26 51 FE 51 11 51 CF 50 1A 51 F2 50 86 50 82 50 FA 51 16 51 CA 50 AC 50 72 51 14 51 A2 50 A2 30 12 51 C6 41 CD 40 D2 40 BA 40 F6 41 C7 41 F9 41 F7 41 63 41 D2 41 4B 40 65 41 43 41 9E 40 5F 41 E4 41 CA 41 B7 41 BD 41 7F 41 90 40 ED 41 B9 41 5D 81 7C 15 00 01 C4 09 00 02 AC 0D 00 03 03 04 9A 05 68 41 2E 41 01 41 60 40 0B 40 2A 40 25 40 28 40 9A 40 26 40 19 40 FD 40 47 41 70 40 42 41 03 40 4F 41 A5 40 E6 40 21 40 50 40 37 41 32 40 E8 40 4B 81 94 11 00 01 C4 09 00 02 B8 0B 00 03 03 04 9A 05 03 04 9A 05 9A 05 9A 05 F1 81 88 13 00 01 D0 07 00 02 C4 09 00 03 03 04 9A 05 CF 41 D0 41 27 41 C1 40 D1 41 D2 41 31 41 BD 41 D3 41 26 40 D4 41 D5 41 C9 41 68 41 EE 40 4C 40 20 40 32 41 2C 40 F0 80 88 13 00 01 E8 03 00 02 C4 09 00 03 03 04 9A 05 00 00 00 00 00 00 00 00 00 00 00 00 00 00 00 00 00 00 00 00 00 00 00 00 00 00 00 00 00 00 00 00 00 00 00 00 00 00 00 00 00 00 00 00 00 00 00 00 00 00 00 00 00 00 00 00 00 00 00 00 00 00 00 00 00 00 00 00 00 00 00 00 00 00 00 00 00 00 00 00 00 00 00 00 00 00 00 00 00 00 49 82 C2 D7 36 79 A4 72 7E
[406905][00:00:18.511]7E FF 02 FF D7 6B 30 A3 67 05 BE 00 83 69 A6 07 00 FF 03 15 02 01 00 00 69 7F 94 80 69 A6 07 01 90 E8 06 00 93 0D BE CA 33 20 00 00 12 74 72 F9 06 00 00 10 02 00 00 00 00 00 00 05 00 0F 01 00 00 64 20 00 00 12 74 72 04 00 00 01 0A D0 02 08 00 30 00 39 00 06 0A 8E C3 D5 31 39 9B E1 06 C0 D7 00 5A 33 00 42 24 32 00 00 00 00 C9 2B 8A 07 1E 3A 00 00 24 00 0E 50 15 50 1C 50 31 50 0C 50 04 50 87 50 8A 50 93 51 34 50 36 50 08 50 40 51 D8 50 62 50 3E 50 1A 50 06 50 BA 51 5D 50 29 50 39 51 75 50 7C 50 7C 51 BC 50 D8 51 5B 50 D9 50 9D 50 80 50 2E 50 05 50 44 51 35 50 42 51 68 51 F8 51 2D 50 34 51 E1 50 0A 51 EE 50 53 50 68 50 29 51 2D 51 DF 50 6C 51 26 51 FE 51 11 51 CF 50 1A 51 F2 50 86 50 82 50 FA 51 16 51 CA 50 AC 50 72 51 14 51 A2 50 A2 30 12 51 C6 41 CD 40 D2 40 BA 40 F6 41 C7 41 F9 41 F7 41 63 41 D2 41 4B 40 65 41 43 41 9E 40 5F 41 E4 41 CA 41 B7 41 BD 41 7F 41 90 40 ED 41 B9 41 5D 81 7C 15 00 01 C4 09 00 02 AC 0D 00 03 03 04 9A 05 68 41 2E 41 01 41 60 40 0B 40 2A 40 25 40 28 40 9A 40 26 40 19 40 FD 40 47 41 70 40 42 41 03 40 4F 41 A5 40 E6 40 21 40 50 40 37 41 32 40 E8 40 4B 81 94 11 00 01 C4 09 00 02 B8 0B 00 03 03 04 9A 05 03 04 9A 05 9A 05 9A 05 F1 81 88 13 00 01 D0 07 00 02 C4 09 00 03 03 04 9A 05 CF 41 D0 41 27 41 C1 40 D1 41 D2 41 31 41 BD 41 D3 41 26 40 D4 41 D5 41 C9 41 68 41 EE 40 4C 40 20 40 32 41 2C 40 F0 80 88 13 00 01 E8 03 00 02 C4 09 00 03 03 04 9A 05 00 00 00 00 00 00 00 00 00 00 00 00 00 00 00 00 00 00 00 00 00 00 00 00 00 00 00 00 00 00 00 00 00 00 00 00 00 00 00 00 00 00 00 00 00 00 00 00 00 00 00 00 00 00 00 00 00 00 00 00 00 00 00 00 00 00 00 00 00 00 00 00 00 00 00 00 00 00 00 00 00 00 00 00 00 00 00 00 00 00 49 82 C2 D7 92 5C 91 93 7E
[406906][00:00:18.571]7E FF 02 FF D8 6B 76 A3 67 05 BD 02 AC 4E C1 07 00 37 01 15 02 01 00 00 69 7F 94 49 4E C1 07 15 90 E8 06 00 A5 AF 9C C9 33 20 00 00 12 74 72 F9 06 00 00 10 02 00 00 00 00 00 00 05 00 0F 15 10 00 64 30 00 09 80 95 26 12 00 03 01 0A D0 02 08 00 30 00 39 00 06 0A 8E C3 D5 31 39 9B E1 06 C0 D7 00 5A 33 00 42 24 32 00 00 00 00 C9 2B 8A 07 1E 3A 00 00 24 00 0E 50 15 50 1C 50 31 50 0C 50 04 50 87 50 8A 50 93 51 34 50 36 50 08 50 40 51 D8 50 62 50 3E 50 1A 50 06 50 BA 51 5D 50 29 50 39 51 75 50 7C 50 7C 51 BC 50 D8 51 5B 50 D9 50 9D 50 80 50 2E 50 05 50 44 51 35 50 42 51 68 51 F8 51 2D 50 34 51 E1 50 0A 51 EE 50 53 50 68 50 29 51 2D 51 DF 50 6C 51 26 51 FE 51 11 51 CF 50 1A 51 F2 50 86 50 82 50 FA 51 16 51 CA 50 AC 50 72 51 14 51 A2 50 A2 30 12 51 C6 41 CD 40 D2 40 BA 40 F6 41 C7 41 F9 41 F7 41 63 41 D2 41 4B 40 65 41 43 41 9E 40 5F 41 E4 41 CA 41 B7 41 BD 41 7F 41 90 40 ED 41 B9 41 5D 81 7C 15 00 01 C4 09 00 02 AC 0D 00 03 03 04 9A 05 68 41 2E 41 01 41 60 40 0B 40 2A 40 25 40 28 40 9A 40 26 40 19 40 FD 40 47 41 70 40 42 41 03 40 4F 41 A5 40 E6 40 21 40 50 40 37 41 32 40 E8 40 4B 81 94 11 00 01 C4 09 00 02 B8 0B 00 03 03 04 9A 05 03 04 9A 05 9A 05 9A 05 F1 81 88 13 00 01 D0 07 00 02 C4 09 00 03 03 04 9A 05 CF 41 D0 41 27 41 C1 40 D1 41 D2 41 31 41 BD 41 D3 41 26 40 D4 41 D5 41 C9 41 68 41 EE 40 4C 40 20 40 32 41 2C 40 F0 80 88 13 00 01 E8 03 00 02 C4 09 00 03 03 04 9A 05 00 00 00 00 00 00 00 00 00 00 00 00 00 00 00 00 00 00 00 00 00 00 00 00 00 00 00 00 00 00 00 00 00 00 00 00 00 00 00 00 00 00 00 00 00 00 00 00 00 00 00 00 00 00 00 00 00 00 00 00 00 00 00 00 00 00 00 00 00 00 00 00 00 00 00 00 00 00 00 00 00 00 00 00 00 00 00 00 00 00 E7 3B 10 C8 04 A7 39 83 7E
[406907][00:00:18.616]7E FF 02 FF D9 6B 84 A3 67 05 BB 02 0B A7 C6 07 00 38 01 15 02 01 00 00 69 7F 94 A5 A6 C6 07 15 90 E8 06 00 83 BD 73 C9 33 20 00 00 12 74 72 F9 06 00 00 10 02 00 00 00 00 00 00 05 00 0F 15 10 00 64 30 00 09 80 95 26 12 00 03 01 0A D0 02 08 00 30 00 39 00 06 0A 8E C3 D5 31 39 9B E1 06 C0 D7 00 5A 33 00 42 24 32 00 00 00 00 C9 2B 8A 07 1E 3A 00 00 24 00 0E 50 15 50 1C 50 31 50 0C 50 04 50 87 50 8A 50 93 51 34 50 36 50 08 50 40 51 D8 50 62 50 3E 50 1A 50 06 50 BA 51 5D 50 29 50 39 51 75 50 7C 50 7C 51 BC 50 D8 51 5B 50 D9 50 9D 50 80 50 2E 50 05 50 44 51 35 50 42 51 68 51 F8 51 2D 50 34 51 E1 50 0A 51 EE 50 53 50 68 50 29 51 2D 51 DF 50 6C 51 26 51 FE 51 11 51 CF 50 1A 51 F2 50 86 50 82 50 FA 51 16 51 CA 50 AC 50 72 51 14 51 A2 50 A2 30 12 51 C6 41 CD 40 D2 40 BA 40 F6 41 C7 41 F9 41 F7 41 63 41 D2 41 4B 40 65 41 43 41 9E 40 5F 41 E4 41 CA 41 B7 41 BD 41 7F 41 90 40 ED 41 B9 41 5D 81 7C 15 00 01 C4 09 00 02 AC 0D 00 03 03 04 9A 05 68 41 2E 41 01 41 60 40 0B 40 2A 40 25 40 28 40 9A 40 26 40 19 40 FD 40 47 41 70 40 42 41 03 40 4F 41 A5 40 E6 40 21 40 50 40 37 41 32 40 E8 40 4B 81 94 11 00 01 C4 09 00 02 B8 0B 00 03 03 04 9A 05 03 04 9A 05 9A 05 9A 05 F1 81 88 13 00 01 D0 07 00 02 C4 09 00 03 03 04 9A 05 CF 41 D0 41 27 41 C1 40 D1 41 D2 41 31 41 BD 41 D3 41 26 40 D4 41 D5 41 C9 41 68 41 EE 40 4C 40 20 40 32 41 2C 40 F0 80 88 13 00 01 E8 03 00 02 C4 09 00 03 03 04 9A 05 00 00 00 00 00 00 00 00 00 00 00 00 00 00 00 00 00 00 00 00 00 00 00 00 00 00 00 00 00 00 00 00 00 00 00 00 00 00 00 00 00 00 00 00 00 00 00 00 00 00 00 00 00 00 00 00 00 00 00 00 00 00 00 00 00 00 00 00 00 00 00 00 00 00 00 00 00 00 00 00 00 00 00 00 00 00 00 00 00 00 E7 3B 10 C8 E2 71 41 B6 7E
[406908][00:00:18.662]7E FF 02 FF DA 6B A8 A3 67 05 B9 02 A6 62 D4 07 00 37 01 15 02 01 00 00 69 7F 94 45 62 D4 07 1C 90 E8 06 00 E9 71 01 C9 33 20 00 00 12 74 72 F9 06 00 00 10 02 00 00 00 00 00 00 05 00 0F 1C 10 00 64 30 00 09 80 93 77 12 00 03 01 0A D0 02 08 00 30 00 39 00 06 0A 8E C3 D5 31 39 9B E1 06 C0 D7 00 5A 33 00 42 24 32 00 00 00 00 C9 2B 8A 07 1E 3A 00 00 24 00 0E 50 15 50 1C 50 31 50 0C 50 04 50 87 50 8A 50 93 51 34 50 36 50 08 50 40 51 D8 50 62 50 3E 50 1A 50 06 50 BA 51 5D 50 29 50 39 51 75 50 7C 50 7C 51 BC 50 D8 51 5B 50 D9 50 9D 50 80 50 2E 50 05 50 44 51 35 50 42 51 68 51 F8 51 2D 50 34 51 E1 50 0A 51 EE 50 53 50 68 50 29 51 2D 51 DF 50 6C 51 26 51 FE 51 11 51 CF 50 1A 51 F2 50 86 50 82 50 FA 51 16 51 CA 50 AC 50 72 51 14 51 A2 50 A2 30 12 51 C6 41 CD 40 D2 40 BA 40 F6 41 C7 41 F9 41 F7 41 63 41 D2 41 4B 40 65 41 43 41 9E 40 5F 41 E4 41 CA 41 B7 41 BD 41 7F 41 90 40 ED 41 B9 41 5D 81 7C 15 00 01 C4 09 00 02 AC 0D 00 03 03 04 9A 05 68 41 2E 41 01 41 60 40 0B 40 2A 40 25 40 28 40 9A 40 26 40 19 40 FD 40 47 41 70 40 42 41 03 40 4F 41 A5 40 E6 40 21 40 50 40 37 41 32 40 E8 40 4B 81 94 11 00 01 C4 09 00 02 B8 0B 00 03 03 04 9A 05 03 04 9A 05 9A 05 9A 05 F1 81 88 13 00 01 D0 07 00 02 C4 09 00 03 03 04 9A 05 CF 41 D0 41 27 41 C1 40 D1 41 D2 41 31 41 BD 41 D3 41 26 40 D4 41 D5 41 C9 41 68 41 EE 40 4C 40 20 40 32 41 2C 40 F0 80 88 13 00 01 E8 03 00 02 C4 09 00 03 03 04 9A 05 00 00 00 00 00 00 00 00 00 00 00 00 00 00 00 00 00 00 00 00 00 00 00 00 00 00 00 00 00 00 00 00 00 00 00 00 00 00 00 00 00 00 00 00 00 00 00 00 00 00 00 00 00 00 00 00 00 00 00 00 00 00 00 00 00 00 00 00 00 00 00 00 00 00 00 00 00 00 00 00 00 00 00 00 00 00 00 00 00 00 EE 7D 33 66 6B F5 9E 80 7E
[406909][00:00:18.737]7E FF 02 FF DC 6B 2A A4 67 05 E9 01 E4 E4 05 08 00 29 02 15 02 01 00 00 69 7F 94 45 E7 05 08 87 90 E8 06 00 7F 8E 83 C9 33 20 00 00 12 74 72 F9 06 00 00 10 02 00 00 00 00 00 00 05 00 0F 87 10 00 4E 70 00 00 68 35 16 12 00 03 01 0A D0 02 08 00 30 00 39 00 06 0A 8E C3 D5 31 39 9B E1 06 C0 D7 00 5A 33 00 42 24 32 00 00 00 00 C9 2B 8A 07 1E 3A 00 00 24 00 0E 50 15 50 1C 50 31 50 0C 50 04 50 87 50 8A 50 93 51 34 50 36 50 08 50 40 51 D8 50 62 50 3E 50 1A 50 06 50 BA 51 5D 50 29 50 39 51 75 50 7C 50 7C 51 BC 50 D8 51 5B 50 D9 50 9D 50 80 50 2E 50 05 50 44 51 35 50 42 51 68 51 F8 51 2D 50 34 51 E1 50 0A 51 EE 50 53 50 68 50 29 51 2D 51 DF 50 6C 51 26 51 FE 51 11 51 CF 50 1A 51 F2 50 86 50 82 50 FA 51 16 51 CA 50 AC 50 72 51 14 51 A2 50 A2 30 12 51 C6 41 CD 40 D2 40 BA 40 F6 41 C7 41 F9 41 F7 41 63 41 D2 41 4B 40 65 41 43 41 9E 40 5F 41 E4 41 CA 41 B7 41 BD 41 7F 41 90 40 ED 41 B9 41 5D 81 7C 15 00 01 C4 09 00 02 AC 0D 00 03 03 04 9A 05 00 00 00 00 00 00 00 00 00 00 00 00 00 00 00 00 00 00 00 00 00 00 00 00 00 00 00 00 00 00 00 00 00 00 00 00 00 00 00 00 00 00 00 00 00 00 00 00 00 00 00 00 00 00 00 00 00 00 00 00 00 00 00 00 00 00 00 00 00 00 00 00 00 00 00 00 00 00 00 00 00 00 00 00 00 00 00 00 00 00 00 00 00 00 00 00 00 00 00 00 00 00 00 00 00 00 00 00 00 00 00 00 00 00 00 00 00 00 00 00 00 00 00 00 00 00 00 00 00 00 00 00 00 00 00 00 00 00 00 00 00 00 00 00 00 00 00 00 00 00 00 00 00 00 00 00 00 00 00 00 00 00 00 00 00 00 00 00 00 00 00 00 00 00 00 00 00 00 00 00 00 00 00 00 00 00 00 00 00 00 00 00 00 00 00 00 00 00 00 00 00 00 00 00 00 00 00 00 00 00 00 00 00 00 00 00 00 00 00 00 00 00 00 00 00 00 00 00 00 00 00 00 00 00 00 00 00 00 71 E3 FF CF C1 02 D8 A6 7E
[406910][00:00:18.976]7E FF 02 FF DD 6B 4A A5 67 05 9B 02 FF D5 73 08 00 34 01 15 02 01 00 00 69 7F 94 69 D5 73 08 62 90 E8 04 00 CF 77 7A C9 33 20 00 00 12 74 72 F9 06 00 00 10 02 00 00 00 00 00 00 05 00 0F 62 10 00 64 30 00 09 81 09 37 12 00 02 01 0A D0 02 08 00 30 00 39 00 06 0A 8E C3 D5 31 39 9B E1 06 C0 D7 00 5A 33 00 42 24 32 00 00 00 00 C9 2B 8A 07 1E 3A 00 00 24 00 0E 50 15 50 1C 50 31 50 0C 50 04 50 87 50 8A 50 93 51 34 50 36 50 08 50 40 51 D8 50 62 50 3E 50 1A 50 06 50 BA 51 5D 50 29 50 39 51 75 50 7C 50 7C 51 BC 50 D8 51 5B 50 D9 50 9D 50 80 50 2E 50 05 50 44 51 35 50 42 51 68 51 F8 51 2D 50 34 51 E1 50 0A 51 EE 50 53 50 68 50 29 51 2D 51 DF 50 6C 51 26 51 FE 51 11 51 CF 50 1A 51 F2 50 86 50 82 50 FA 51 16 51 CA 50 AC 50 72 51 14 51 A2 50 A2 30 12 51 C6 41 CD 40 D2 40 BA 40 F6 41 C7 41 F9 41 F7 41 63 41 D2 41 4B 40 65 41 43 41 9E 40 5F 41 E4 41 CA 41 B7 41 BD 41 7F 41 90 40 ED 41 B9 41 5D 81 7C 15 00 01 C4 09 00 02 AC 0D 00 03 03 04 9A 05 68 41 2E 41 01 41 60 40 0B 40 2A 40 25 40 28 40 9A 40 26 40 19 40 FD 40 47 41 70 40 42 41 03 40 4F 41 A5 40 E6 40 21 40 50 40 37 41 32 40 E8 40 4B 81 94 11 00 01 C4 09 00 02 B8 0B 00 03 03 04 9A 05 03 04 9A 05 9A 05 9A 05 F1 81 88 13 00 01 D0 07 00 02 C4 09 00 03 03 04 9A 05 CF 41 D0 41 27 41 C1 40 D1 41 D2 41 31 41 BD 41 D3 41 26 40 D4 41 D5 41 C9 41 68 41 EE 40 4C 40 20 40 32 41 2C 40 F0 80 88 13 00 01 E8 03 00 02 C4 09 00 03 03 04 9A 05 00 00 00 00 00 00 00 00 00 00 00 00 00 00 00 00 00 00 00 00 00 00 00 00 00 00 00 00 00 00 00 00 00 00 00 00 00 00 00 00 00 00 00 00 00 00 00 00 00 00 00 00 00 00 00 00 00 00 00 00 00 00 00 00 00 00 00 00 00 00 00 00 00 00 00 00 00 00 00 00 00 00 00 00 00 00 00 00 00 00 64 9F ED 7F 97 1E 35 9A 7E
[406911][00:00:19.051]7E FF 02 FF DF 6B 6E A5 67 05 B3 02 94 91 81 08 00 34 01 15 02 01 00 00 69 7F 94 09 91 81 08 3E 90 E8 04 00 CD 99 E9 C9 33 20 00 00 12 74 72 F9 06 00 00 10 02 00 00 00 00 00 00 05 00 0F 3E 10 00 64 30 00 09 80 94 75 12 00 02 01 0A D0 02 08 00 30 00 39 00 06 0A 8E C3 D5 31 39 9B E1 06 C0 D7 00 5A 33 00 42 24 32 00 00 00 00 C9 2B 8A 07 1E 3A 00 00 24 00 0E 50 15 50 1C 50 31 50 0C 50 04 50 87 50 8A 50 93 51 34 50 36 50 08 50 40 51 D8 50 62 50 3E 50 1A 50 06 50 BA 51 5D 50 29 50 39 51 75 50 7C 50 7C 51 BC 50 D8 51 5B 50 D9 50 9D 50 80 50 2E 50 05 50 44 51 35 50 42 51 68 51 F8 51 2D 50 34 51 E1 50 0A 51 EE 50 53 50 68 50 29 51 2D 51 DF 50 6C 51 26 51 FE 51 11 51 CF 50 1A 51 F2 50 86 50 82 50 FA 51 16 51 CA 50 AC 50 72 51 14 51 A2 50 A2 30 12 51 C6 41 CD 40 D2 40 BA 40 F6 41 C7 41 F9 41 F7 41 63 41 D2 41 4B 40 65 41 43 41 9E 40 5F 41 E4 41 CA 41 B7 41 BD 41 7F 41 90 40 ED 41 B9 41 5D 81 7C 15 00 01 C4 09 00 02 AC 0D 00 03 03 04 9A 05 68 41 2E 41 01 41 60 40 0B 40 2A 40 25 40 28 40 9A 40 26 40 19 40 FD 40 47 41 70 40 42 41 03 40 4F 41 A5 40 E6 40 21 40 50 40 37 41 32 40 E8 40 4B 81 94 11 00 01 C4 09 00 02 B8 0B 00 03 03 04 9A 05 03 04 9A 05 9A 05 9A 05 F1 81 88 13 00 01 D0 07 00 02 C4 09 00 03 03 04 9A 05 CF 41 D0 41 27 41 C1 40 D1 41 D2 41 31 41 BD 41 D3 41 26 40 D4 41 D5 41 C9 41 68 41 EE 40 4C 40 20 40 32 41 2C 40 F0 80 88 13 00 01 E8 03 00 02 C4 09 00 03 03 04 9A 05 00 00 00 00 00 00 00 00 00 00 00 00 00 00 00 00 00 00 00 00 00 00 00 00 00 00 00 00 00 00 00 00 00 00 00 00 00 00 00 00 00 00 00 00 00 00 00 00 00 00 00 00 00 00 00 00 00 00 00 00 00 00 00 00 00 00 00 00 00 00 00 00 00 00 00 00 00 00 00 00 00 00 00 00 00 00 00 00 00 00 1B 3E 1D AA 08 9C 73 DC 7E
[406912][00:00:19.096]7E FF 02 FF E0 6B 7C A5 67 05 B8 02 F9 E9 86 08 00 38 01 15 02 01 00 00 69 7F 94 65 E9 86 08 3E 90 E8 04 00 EE 09 92 C9 33 20 00 00 12 74 72 F9 06 00 00 10 02 00 00 00 00 00 00 05 00 0F 3E 10 00 64 30 00 09 80 94 75 12 00 02 01 0A D0 02 08 00 30 00 39 00 06 0A 8E C3 D5 31 39 9B E1 06 C0 D7 00 5A 33 00 42 24 32 00 00 00 00 C9 2B 8A 07 1E 3A 00 00 24 00 0E 50 15 50 1C 50 31 50 0C 50 04 50 87 50 8A 50 93 51 34 50 36 50 08 50 40 51 D8 50 62 50 3E 50 1A 50 06 50 BA 51 5D 50 29 50 39 51 75 50 7C 50 7C 51 BC 50 D8 51 5B 50 D9 50 9D 50 80 50 2E 50 05 50 44 51 35 50 42 51 68 51 F8 51 2D 50 34 51 E1 50 0A 51 EE 50 53 50 68 50 29 51 2D 51 DF 50 6C 51 26 51 FE 51 11 51 CF 50 1A 51 F2 50 86 50 82 50 FA 51 16 51 CA 50 AC 50 72 51 14 51 A2 50 A2 30 12 51 C6 41 CD 40 D2 40 BA 40 F6 41 C7 41 F9 41 F7 41 63 41 D2 41 4B 40 65 41 43 41 9E 40 5F 41 E4 41 CA 41 B7 41 BD 41 7F 41 90 40 ED 41 B9 41 5D 81 7C 15 00 01 C4 09 00 02 AC 0D 00 03 03 04 9A 05 68 41 2E 41 01 41 60 40 0B 40 2A 40 25 40 28 40 9A 40 26 40 19 40 FD 40 47 41 70 40 42 41 03 40 4F 41 A5 40 E6 40 21 40 50 40 37 41 32 40 E8 40 4B 81 94 11 00 01 C4 09 00 02 B8 0B 00 03 03 04 9A 05 03 04 9A 05 9A 05 9A 05 F1 81 88 13 00 01 D0 07 00 02 C4 09 00 03 03 04 9A 05 CF 41 D0 41 27 41 C1 40 D1 41 D2 41 31 41 BD 41 D3 41 26 40 D4 41 D5 41 C9 41 68 41 EE 40 4C 40 20 40 32 41 2C 40 F0 80 88 13 00 01 E8 03 00 02 C4 09 00 03 03 04 9A 05 00 00 00 00 00 00 00 00 00 00 00 00 00 00 00 00 00 00 00 00 00 00 00 00 00 00 00 00 00 00 00 00 00 00 00 00 00 00 00 00 00 00 00 00 00 00 00 00 00 00 00 00 00 00 00 00 00 00 00 00 00 00 00 00 00 00 00 00 00 00 00 00 00 00 00 00 00 00 00 00 00 00 00 00 00 00 00 00 00 00 1B 3E 1D AA 40 C5 CF 85 7E
[406913][00:00:19.620]7E FF 02 FF E1 6B D2 A7 67 05 BC 03 77 20 6B 09 00 3B 01 15 02 01 00 00 69 7F 94 2F 1C 6B 09 05 90 E8 02 00 37 6D 99 C9 33 20 00 00 12 74 72 F9 06 00 00 10 02 00 00 00 00 00 00 05 00 0F 05 60 00 00 30 00 09 05 35 40 22 1E 00 01 0A D0 02 00 00 30 00 39 00 06 0A 8E C3 D5 31 39 9B E1 06 C0 D7 00 5A 33 00 42 24 32 00 00 00 00 C9 2B 8A 07 1E 3A 00 00 24 00 0E 50 15 50 1C 50 31 50 0C 50 04 50 87 50 8A 50 93 51 34 50 36 50 08 50 40 51 D8 50 62 50 3E 50 1A 50 06 50 BA 51 5D 50 29 50 39 51 75 50 7C 50 7C 51 BC 50 D8 51 5B 50 D9 50 9D 50 80 50 2E 50 05 50 44 51 35 50 42 51 68 51 F8 51 2D 50 34 51 E1 50 0A 51 EE 50 53 50 68 50 29 51 2D 51 DF 50 6C 51 26 51 FE 51 11 51 CF 50 1A 51 F2 50 86 50 82 50 FA 51 16 51 CA 50 AC 50 72 51 14 51 A2 50 A2 30 12 51 C6 41 CD 40 D2 40 BA 40 F6 41 C7 41 F9 41 F7 41 63 41 D2 41 4B 40 65 41 43 41 9E 40 5F 41 E4 41 CA 41 B7 41 BD 41 7F 41 90 40 ED 41 B9 41 5D 81 7C 15 00 01 C4 09 00 02 AC 0D 00 03 03 04 9A 05 68 41 2E 41 01 41 60 40 0B 40 2A 40 25 40 28 40 9A 40 26 40 19 40 FD 40 47 41 70 40 42 41 03 40 4F 41 A5 40 E6 40 21 40 50 40 37 41 32 40 E8 40 4B 81 94 11 00 01 C4 09 00 02 B8 0B 00 03 03 04 9A 05 03 04 9A 05 9A 05 9A 05 F1 81 88 13 00 01 D0 07 00 02 C4 09 00 03 03 04 9A 05 CF 41 D0 41 27 41 C1 40 D1 41 D2 41 31 41 BD 41 D3 41 26 40 D4 41 D5 41 C9 41 68 41 EE 40 4C 40 20 40 32 41 2C 40 F0 80 88 13 00 01 E8 03 00 02 C4 09 00 03 03 04 9A 05 00 00 00 00 00 00 00 00 00 00 00 00 00 00 00 00 00 00 00 00 00 00 00 00 00 00 00 00 00 00 00 00 00 00 00 00 00 00 00 00 00 00 00 00 00 00 00 00 00 00 00 00 00 00 00 00 00 00 00 00 00 00 00 00 00 00 00 00 00 00 00 00 00 00 00 00 00 00 00 00 00 00 00 00 00 00 00 00 00 00 20 01 FF 4B F3 6F 1A 78 7E
[406914][00:00:21.821]7E FF 02 FF E2 6B 8D B0 67 05 AF 02 40 9F BF 0C 00 39 00 94 00 01 00 01 69 7F 94 00 50 03 01 FC 13 79 44 00 F7 CD 47 00 00 35 00 0A 62 D0 00 5C 78 EF 0C 00 33 00 00 30 00 09 05 35 34 FF FF FF FF FF FF 00 00 00 00 30 00 09 05 35 34 35 00 00 00 00 00 00 00 00 00 39 03 00 01 22 84 24 45 E8 07 02 12 09 23 07 03 01 00 01 01 00 02 02 00 0D 00 00 09 03 31 17 6E 54 4E 59 58 0F 00 0F 00 00 00 00 00 01 00 00 00 47 6E AC 67 7F 24 AA 3A 6F A1 1B 00 00 31 44 59 58 03 FB C1 01 9C 02 01 69 52 74 0C 00 00 00 00 00 00 00 00 B2 70 B2 74 7E
[406915][00:00:21.895]7E FF 02 FF E3 6B DD B0 67 05 CA 00 FB F1 DD 0C 00 37 00 94 00 01 00 01 69 7F 94 00 50 03 01 FC 13 79 44 00 F7 CD 47 00 00 35 00 0A 62 D0 00 5C 78 EF 0C 00 33 00 00 30 00 09 05 35 34 FF FF FF FF FF FF 00 00 00 00 30 00 09 05 35 34 35 00 00 00 00 00 00 00 00 00 39 03 00 01 22 84 24 45 E8 07 02 12 09 23 07 03 01 00 01 01 00 02 02 00 0D 00 00 09 03 31 17 6E 54 4E 59 58 0F 00 0F 00 00 00 00 00 01 00 00 00 47 6E AC 67 7F 24 AA 3A 6F A1 1B 00 00 31 44 59 58 03 FB C1 01 9C 02 01 69 52 74 0C 00 00 00 00 00 00 00 00 0A BE D2 18 7E
[406916][00:00:22.719]7E FF 02 FF E4 6B F8 B3 67 05 26 02 E8 5A 0D 0E 00 FE 03 14 01 01 00 01 69 7F 94 01 60 00 03 27 16 EB C0 00 98 5E C8 10 00 C6 00 03 CF AF 30 74 88 FF 00 00 33 00 00 11 03 00 00 01 02 83 06 C8 1E 28 0A FE FE FE FE 68 62 00 43 05 92 51 53 06 00 30 10 4E E9 10 00 3E 05 03 30 50 02 02 00 01 20 21 02 00 1C 07 EA 06 1D 0B 00 00 08 00 20 21 02 00 00 20 01 04 00 00 20 00 02 00 00 20 01 02 00 00 20 04 02 00 00 20 0A 02 00 00 00 10 02 01 00 00 20 02 01 00 01 10 F0 D5 56 98 83 8E 08 15 8F 01 3B 87 D4 9A 8C D7 DE 17 16 0B B5 BC 1C 00 00 00 00 00 00 00 00 00 00 00 00 00 00 00 00 00 00 00 00 00 00 00 00 00 00 00 00 00 00 00 00 00 00 00 00 00 00 00 00 00 00 00 00 00 00 00 00 00 00 00 00 00 00 00 00 00 00 00 00 00 00 00 00 00 00 00 00 00 00 00 00 00 00 00 00 00 00 00 00 00 00 00 00 00 00 00 00 00 00 00 00 00 00 00 00 00 00 00 00 00 00 00 00 00 00 00 00 00 00 00 00 00 00 00 00 00 00 00 00 00 00 00 00 74 0E E5 8C 7E
[406917][00:00:22.765]7E FF 02 FF E5 6B 28 B4 67 05 E3 01 1C A1 1F 0E 00 FE 03 14 01 01 00 01 69 7F 94 01 60 00 03 27 16 EB C4 00 89 5C 4C 10 00 C6 00 03 CF AF 30 74 88 FF 00 00 33 00 00 11 03 00 00 01 02 83 06 C8 1E 28 0A FE FE FE FE 68 62 00 43 05 92 51 53 06 00 30 10 4E E9 10 00 3E 05 03 30 50 02 02 00 01 20 21 02 00 1C 07 EA 06 1D 0B 00 00 08 00 20 21 02 00 00 20 01 04 00 00 20 00 02 00 00 20 01 02 00 00 20 04 02 00 00 20 0A 02 00 00 00 10 02 01 00 00 20 02 01 00 01 10 F0 D5 56 98 83 8E 08 15 8F 01 3B 87 D4 9A 8C D7 DE 17 16 0B B5 BC 1C 00 00 00 00 00 00 00 00 00 00 00 00 00 00 00 00 00 00 00 00 00 00 00 00 00 00 00 00 00 00 00 00 00 00 00 00 00 00 00 00 00 00 00 00 00 00 00 00 00 00 00 00 00 00 00 00 00 00 00 00 00 00 00 00 00 00 00 00 00 00 00 00 00 00 00 00 00 00 00 00 00 00 00 00 00 00 00 00 00 00 00 00 00 00 00 00 00 00 00 00 00 00 00 00 00 00 00 00 00 00 00 00 00 00 00 00 00 00 00 00 00 00 00 00 80 02 F4 F8 7E
[406918][00:00:22.811]7E FF 02 FF E6 6B 52 B4 67 05 6B 01 0E 9B 2F 0E 00 FE 03 14 01 01 00 01 69 7F 94 01 60 00 03 27 16 EB C4 00 89 5C 4C 10 00 C6 00 03 CF AF 30 74 88 FF 00 00 33 00 00 11 03 00 00 01 02 83 06 C8 1E 28 0A FE FE FE FE 68 62 00 43 05 92 51 53 06 00 30 10 4E E9 10 00 3E 05 03 30 50 02 02 00 01 20 21 02 00 1C 07 EA 06 1D 0B 00 00 08 00 20 21 02 00 00 20 01 04 00 00 20 00 02 00 00 20 01 02 00 00 20 04 02 00 00 20 0A 02 00 00 00 10 02 01 00 00 20 02 01 00 01 10 F0 D5 56 98 83 8E 08 15 8F 01 3B 87 D4 9A 8C D7 DE 17 16 0B B5 BC 1C 00 00 00 00 00 00 00 00 00 00 00 00 00 00 00 00 00 00 00 00 00 00 00 00 00 00 00 00 00 00 00 00 00 00 00 00 00 00 00 00 00 00 00 00 00 00 00 00 00 00 00 00 00 00 00 00 00 00 00 00 00 00 00 00 00 00 00 00 00 00 00 00 00 00 00 00 00 00 00 00 00 00 00 00 00 00 00 00 00 00 00 00 00 00 00 00 00 00 00 00 00 00 00 00 00 00 00 00 00 00 00 00 00 00 00 00 00 00 00 00 00 00 00 00 21 CF 54 D5 7E
[406919][00:00:22.887]7E FF 02 FF E7 6B B6 B4 67 05 20 02 8A D4 55 0E 00 38 00 94 00 01 00 01 69 7F 94 00 50 03 01 FC 13 79 44 00 F7 CD 47 00 00 35 00 0A 62 D0 00 5C 78 EF 0C 00 33 00 00 30 00 09 05 35 34 FF FF FF FF FF FF 00 00 00 00 30 00 09 05 35 34 35 00 00 00 00 00 00 00 00 00 39 03 00 01 22 84 24 45 E8 07 02 12 09 23 07 03 01 00 01 01 00 02 02 00 0D 00 00 09 03 31 17 6E 54 4E 59 58 0F 00 0F 00 00 00 00 00 01 00 00 00 47 6E AC 67 7F 24 AA 3A 6F A1 1B 00 00 31 44 59 58 03 FB C1 01 9C 02 01 69 52 74 0C 00 00 00 00 00 00 00 00 13 12 27 EA 7E
[406920][00:00:23.066]7E FF 02 FF E8 6B 68 B5 67 05 99 03 65 E0 99 0E 00 3A 01 94 00 01 00 01 69 7F 94 00 50 00 01 FC 13 79 44 00 EF AE 24 00 00 05 00 0A BD 6B 00 5C 78 EF 0C 00 33 00 00 30 00 09 05 35 35 FF FF FF FF FF FF 00 00 00 00 30 00 09 05 35 35 05 00 00 00 00 00 00 00 00 00 39 03 00 01 39 84 24 45 E8 07 02 12 09 23 07 03 01 00 01 01 00 02 02 00 0D 00 00 09 03 31 17 6E 54 4E 59 58 0F 00 0F 00 00 00 00 00 03 00 00 00 6C E7 C5 A1 53 47 5B 19 78 A1 1B 00 00 31 44 59 58 03 FB C1 01 9C 02 01 77 3D A3 6B 00 00 00 00 00 00 00 00 36 DD 72 8D 7E
[406921][00:00:23.322]7E FF 02 FF E9 6B 54 B6 67 05 45 01 15 AD F3 0E 00 FD 03 14 01 01 00 01 69 7F 94 01 60 00 03 27 16 EB C0 00 98 5E C8 10 00 CA 00 03 D0 AF 30 7E 88 FF 00 00 33 00 00 11 03 00 00 01 02 23 07 C6 1E 28 0A FE FE FE FE 68 6C 00 43 05 68 53 78 00 00 70 10 42 FC 10 00 48 05 03 2B 50 02 02 00 01 20 21 02 00 1C 07 EA 06 1D 0A 00 00 0A 00 20 21 02 00 00 20 01 04 00 00 20 00 02 00 00 20 01 02 00 00 20 04 02 00 00 20 05 02 00 00 20 0A 02 00 00 20 17 02 00 00 20 18 02 00 00 00 10 02 01 00 01 10 F0 D5 56 98 83 8E 08 15 8F 01 3B 87 D4 9A 8C D7 19 26 16 A0 64 41 C9 00 00 00 00 00 00 00 00 00 00 00 00 00 00 00 00 00 00 00 00 00 00 00 00 00 00 00 00 00 00 00 00 00 00 00 00 00 00 00 00 00 00 00 00 00 00 00 00 00 00 00 00 00 00 00 00 00 00 00 00 00 00 00 00 00 00 00 00 00 00 00 00 00 00 00 00 00 00 00 00 00 00 00 00 00 00 00 00 00 00 00 00 00 00 00 00 00 00 00 00 00 00 00 00 00 00 00 00 00 00 00 00 00 00 A6 7B FD D8 7E
[406922][00:00:23.366]7E FF 02 FF EA 6B D4 B6 67 05 74 00 60 AC FC 0E 01 22 10 14 01 01 00 01 69 7F 94 01 80 0D 03 6A 41 00 10 00 16 42 9C 10 00 14 01 03 D1 AF 30 7E 88 FF 00 00 33 00 00 11 03 00 00 01 02 23 07 C7 1E 28 0A FE FE FE FE 68 6C 00 43 05 69 53 78 00 00 70 10 97 63 10 00 48 05 03 2C 50 02 02 00 01 20 21 02 00 1C 07 EA 06 1D 0A 00 00 0A 00 20 21 02 00 00 20 01 04 00 00 20 00 02 00 00 20 01 02 00 00 20 04 02 00 00 20 05 02 00 00 20 0A 02 00 00 20 17 02 00 00 20 18 02 00 00 00 10 02 01 00 01 10 F0 D5 56 98 83 8E 08 15 8F 01 3B 87 D4 9A 8C D7 FC 0E 16 9A FE 5F 96 00 00 00 00 00 00 00 00 00 00 00 00 00 00 00 00 00 00 00 00 00 00 00 00 00 00 00 00 00 00 00 00 00 00 00 00 00 00 00 00 00 00 00 00 00 00 00 00 00 00 00 00 00 00 00 00 00 00 00 00 00 00 00 00 00 00 00 00 00 00 00 00 00 00 00 00 00 00 00 00 00 00 00 00 00 00 00 00 00 00 00 00 00 00 00 00 00 00 00 00 00 00 00 00 00 00 00 00 00 00 00 00 00 00 81 04 E5 14 7E
[406923][00:00:23.441]7E FF 02 FF EB 6B CB B6 67 05 2E 01 CF 0E 21 0F 00 FD 03 14 01 01 00 01 69 7F 94 01 60 00 03 27 16 EB C4 00 89 5C 4C 10 00 CA 00 03 D0 AF 30 7E 88 FF 00 00 33 00 00 11 03 00 00 01 02 23 07 C6 1E 28 0A FE FE FE FE 68 6C 00 43 05 68 53 78 00 00 70 10 42 FC 10 00 48 05 03 2B 50 02 02 00 01 20 21 02 00 1C 07 EA 06 1D 0A 00 00 0A 00 20 21 02 00 00 20 01 04 00 00 20 00 02 00 00 20 01 02 00 00 20 04 02 00 00 20 05 02 00 00 20 0A 02 00 00 20 17 02 00 00 20 18 02 00 00 00 10 02 01 00 01 10 F0 D5 56 98 83 8E 08 15 8F 01 3B 87 D4 9A 8C D7 19 26 16 A0 64 41 C9 00 00 00 00 00 00 00 00 00 00 00 00 00 00 00 00 00 00 00 00 00 00 00 00 00 00 00 00 00 00 00 00 00 00 00 00 00 00 00 00 00 00 00 00 00 00 00 00 00 00 00 00 00 00 00 00 00 00 00 00 00 00 00 00 00 00 00 00 00 00 00 00 00 00 00 00 00 00 00 00 00 00 00 00 00 00 00 00 00 00 00 00 00 00 00 00 00 00 00 00 00 00 00 00 00 00 00 00 00 00 00 00 00 00 F5 D2 33 A0 7E
[406924][00:00:23.516]7E FF 02 FF EC 6B 1B B7 67 05 28 00 56 7A 3F 0F 00 38 01 14 01 01 00 01 69 7F 94 20 F0 FF 01 E5 14 EB C2 00 CB E5 32 00 02 FF 2F 01 49 94 00 86 70 01 04 00 33 00 00 08 00 00 00 20 50 03 31 30 00 09 04 22 19 20 00 00 12 74 72 39 1C 06 17 31 00 08 01 10 00 2F 00 00 00 00 00 35 30 2C 0C C1 0A 20 90 0C 00 00 00 28 00 00 21 00 00 41 80 00 00 00 00 40 80 02 00 00 80 04 50 22 2A 02 83 00 00 1E 40 88 40 00 00 00 00 00 30 04 01 03 0A 04 06 01 03 02 04 01 02 04 02 02 01 01 01 03 01 01 01 02 02 05 03 03 02 02 01 03 01 01 01 02 01 04 01 05 03 02 01 04 03 01 02 01 02 02 04 26 1A 4C F6 00 00 00 00 00 00 00 00 00 00 00 00 00 00 00 00 00 00 00 00 00 00 00 00 00 00 00 00 00 00 00 00 00 00 00 00 00 00 00 00 00 00 00 00 00 00 00 00 00 00 00 00 00 00 00 00 00 00 00 00 00 00 00 00 00 00 00 00 00 00 00 00 00 00 00 00 00 00 00 00 00 00 00 00 00 00 00 00 00 00 00 00 00 00 00 00 00 00 00 00 00 00 00 00 00 00 7F 0B 64 FF 7E
[406925][00:00:23.652]7E FF 02 FF ED 6B AD B7 67 05 2D 02 07 61 77 0F 00 35 00 94 00 01 00 01 69 7F 94 00 50 03 01 FC 13 79 44 00 F7 CD 47 00 00 35 00 0A 62 D0 00 5C 78 EF 0C 00 33 00 00 30 00 09 05 35 34 FF FF FF FF FF FF 00 00 00 00 30 00 09 05 35 34 35 00 00 00 00 00 00 00 00 00 39 03 00 01 22 84 24 45 E8 07 02 12 09 23 07 03 01 00 01 01 00 02 02 00 0D 00 00 09 03 31 17 6E 54 4E 59 58 0F 00 0F 00 00 00 00 00 01 00 00 00 47 6E AC 67 7F 24 AA 3A 6F A1 1B 00 00 31 44 59 58 03 FB C1 01 9C 02 01 69 52 74 0C 00 00 00 00 00 00 00 00 7F 57 4A 06 7E
[406926][00:00:23.816]7E FF 02 FF EE 6B 58 B8 67 05 47 03 B1 B5 B8 0F 00 3B 00 94 00 01 00 01 69 7F 94 00 50 00 01 FC 13 79 44 00 EF AE 24 00 00 05 00 0A BD 6B 00 5C 78 EF 0C 00 33 00 00 30 00 09 05 35 35 FF FF FF FF FF FF 00 00 00 00 30 00 09 05 35 35 05 00 00 00 00 00 00 00 00 00 39 03 00 01 39 84 24 45 E8 07 02 12 09 23 07 03 01 00 01 01 00 02 02 00 0D 00 00 09 03 31 17 6E 54 4E 59 58 0F 00 0F 00 00 00 00 00 03 00 00 00 6C E7 C5 A1 53 47 5B 19 78 A1 1B 00 00 31 44 59 58 03 FB C1 01 9C 02 01 77 3D A3 6B 00 00 00 00 00 00 00 00 F0 3B 8B 96 7E
[406927][00:00:24.489]7E FF 02 FF EF 6B D3 BA 67 05 B7 02 B2 E2 AA 10 00 3A 01 14 02 01 00 01 69 7F 94 1E F0 FF 01 D4 17 E8 92 00 C1 70 86 E0 01 FF 2F 01 A7 11 00 EC 20 11 08 00 33 00 00 30 00 09 80 95 19 FF FF FF FF FF FF 08 00 00 00 1E 10 00 11 30 00 09 80 95 19 20 00 00 12 74 72 03 00 56 64 89 00 10 01 01 00 3D 00 00 00 00 00 01 30 92 B0 2C B5 00 02 52 FF BE 0D 06 C7 26 90 9E 8F 80 75 7B 69 01 04 09 04 00 00 01 12 00 00 00 00 A0 00 00 20 00 00 00 80 08 20 2E 22 3C 00 00 00 20 10 3E 79 4B 39 1C 53 E2 31 16 05 40 3D 3B 09 3C 0C 0C 0D 0E 3C 0D 38 3D 0D 0C 2F 37 39 3D 09 0C 0D 08 0B 0B 3D 0B 0B 0C 0E 0C 0B 0B 0F 0A 0A 0C 0B 0C 0A 09 0E 0D 0D 3C 0B 0D 0D 0B 0C 08 09 09 0C 08 06 0A 0A 3B 0E 3C 0E 0C 06 0D 09 0B 0D 0E 0A 0C 08 37 0A 0A 09 0F 07 07 10 30 05 0E 0E 0D 0D 06 0C 0A 0B 0C 08 0B 0A 0D 0D 0D 08 0B 09 0D 0E 3B 0E 0C 07 0C 0B 0B 0F 0D 0D 0E 0E 0D 0B 0D 0D 0C 0B 0D 0F 07 0B 05 0E 0C 0C 0C 0C 0D 0F 0B 08 0D 35 0C 0C 50 6F CB 77 00 00 00 00 00 00 00 00 00 00 00 00 00 00 00 00 00 00 00 00 00 00 00 00 00 00 00 00 00 00 00 00 00 00 00 00 00 00 00 00 00 00 00 00 00 00 00 00 00 00 00 00 00 00 00 00 00 00 00 00 00 00 00 00 00 00 00 00 00 00 00 00 00 00 00 00 00 00 00 00 00 00 00 00 00 00 00 00 00 00 00 00 00 00 00 00 00 00 00 00 00 00 00 00 00 00 00 00 00 00 00 00 00 00 00 00 00 00 00 00 00 00 00 00 00 00 00 00 00 00 00 00 00 00 00 00 00 00 00 00 00 00 00 00 00 00 00 00 00 00 00 00 00 00 00 00 00 00 00 00 00 00 00 00 00 00 00 00 00 00 00 00 00 00 00 00 00 00 00 00 00 00 00 00 00 00 00 00 00 00 00 00 00 00 00 00 00 00 00 00 00 00 00 00 00 00 00 00 00 00 00 00 00 00 00 00 00 00 00 00 00 00 00 00 00 00 00 00 00 00 00 00 00 00 00 00 00 00 00 00 00 00 00 00 00 00 00 00 9B AF 65 59 7E
[406928][00:00:24.550]7E FF 02 FF F0 6B 38 BB 67 05 AB 01 76 4E D1 10 00 39 00 94 00 01 00 01 69 7F 94 00 50 03 01 FC 13 79 44 00 F7 CD 47 00 00 35 00 0A 62 D0 00 5C 78 EF 0C 00 33 00 00 30 00 09 05 35 34 FF FF FF FF FF FF 00 00 00 00 30 00 09 05 35 34 35 00 00 00 00 00 00 00 00 00 39 03 00 01 22 84 24 45 E8 07 02 12 09 23 07 03 01 00 01 01 00 02 02 00 0D 00 00 09 03 31 17 6E 54 4E 59 58 0F 00 0F 00 00 00 00 00 01 00 00 00 47 6E AC 67 7F 24 AA 3A 6F A1 1B 00 00 31 44 59 58 03 FB C1 01 9C 02 01 69 52 74 0C 00 00 00 00 00 00 00 00 DF E8 C8 B5 7E
[406929][00:00:24.701]7E FF 02 FF F1 6B DB BB 67 05 8D 01 D9 79 0F 11 00 FD 03 54 00 01 00 01 69 7F 94 01 60 00 03 B6 12 40 E0 00 46 9A D7 10 00 63 00 0A D2 AF 30 10 88 FF 00 00 33 00 00 11 A1 00 00 01 23 C7 07 30 00 09 04 92 14 03 02 26 98 93 3F 00 00 00 00 00 00 00 00 00 00 00 00 00 00 00 00 00 00 00 00 00 00 00 00 00 00 00 00 00 00 00 00 68 79 8D 42 7E
[406930][00:00:24.747]7E FF 02 FF F2 6B 08 BC 67 05 00 02 C4 AF 20 11 00 FE 03 54 00 01 00 01 69 7F 94 01 60 00 03 B6 12 40 E4 00 57 98 53 10 00 63 00 0A D2 AF 30 10 88 FF 00 00 33 00 00 11 A1 00 00 01 23 C7 07 30 00 09 04 92 14 03 02 26 98 93 3F 00 00 00 00 00 00 00 00 00 00 00 00 00 00 00 00 00 00 00 00 00 00 00 00 00 00 00 00 00 00 00 00 FD D3 3F C3 7E
[406931][00:00:24.792]7E FF 02 FF F3 6B 2A BC 67 05 5B 01 A5 97 2D 11 00 FD 03 54 00 01 00 01 69 7F 94 01 60 00 03 B6 12 40 E4 00 57 98 53 10 00 63 00 0A D2 AF 30 10 88 FF 00 00 33 00 00 11 A1 00 00 01 23 C7 07 30 00 09 04 92 14 03 02 26 98 93 3F 00 00 00 00 00 00 00 00 00 00 00 00 00 00 00 00 00 00 00 00 00 00 00 00 00 00 00 00 00 00 00 00 C8 70 5C 02 7E
[406932][00:00:24.927]7E FF 02 FF F4 6B 81 BC 67 05 B7 02 33 E9 4E 11 00 38 01 14 02 01 00 01 69 7F 94 5F F0 FF 01 D4 17 E8 92 00 89 70 32 F0 05 FF 2F 01 76 6B 00 EB 38 11 08 00 33 00 00 30 00 09 80 93 76 FF FF FF FF FF FF 08 00 00 00 5F 10 00 11 30 00 09 80 93 76 20 00 00 12 74 72 03 00 56 64 88 00 10 01 00 00 3D 00 00 00 00 00 01 30 92 B0 2C F5 00 02 52 FF BE 0D 06 47 26 90 9E 8F 80 75 7B 69 01 04 09 04 00 00 01 12 00 00 00 00 A0 00 00 20 00 00 00 80 08 20 2E 22 3C 00 00 00 20 10 3E 79 4B 39 1C 53 E2 31 12 05 40 3C 3B 09 3C 0C 0C 0C 0E 3C 0D 37 3D 0D 0D 0C 2F 38 38 3D 0A 0C 0D 08 0A 0B 3D 0C 0B 0C 0E 0C 0B 0B 10 0A 0A 0C 08 0C 0B 09 0F 0D 3C 0D 0E 0D 0B 0C 08 09 08 0C 06 07 0A 0A 3B 0E 3B 0E 0C 05 0D 08 08 0D 0E 0B 0B 08 39 08 0B 09 0F 02 05 0F 1D 03 0E 0E 0D 0D 03 0C 0A 0B 0C 07 0B 09 0D 0D 0D 07 0B 0A 0D 0E 3B 0E 0C 01 0C 0B 0B 0F 0D 0D 0E 0E 0D 0C 0D 0B 0D 0A 0D 0F 07 09 05 0E 0B 0C 0B 0C 0D 0F 0C 0D 35 0C 0C 69 D6 46 EE 00 00 00 00 00 00 00 00 00 00 00 00 00 00 00 00 00 00 00 00 00 00 00 00 00 00 00 00 00 00 00 00 00 00 00 00 00 00 00 00 00 00 00 00 00 00 00 00 00 00 00 00 00 00 00 00 00 00 00 00 00 00 00 00 00 00 00 00 00 00 00 00 00 00 00 00 00 00 00 00 00 00 00 00 00 00 00 00 00 00 00 00 00 00 00 00 00 00 00 00 00 00 00 00 00 00 00 00 00 00 00 00 00 00 00 00 00 00 00 00 00 00 00 00 00 00 00 00 00 00 00 00 00 00 00 00 00 00 00 00 00 00 00 00 00 00 00 00 00 00 00 00 00 00 00 00 00 00 00 00 00 00 00 00 00 00 00 00 00 00 00 00 00 00 00 00 00 00 00 00 00 00 00 00 00 00 00 00 00 00 00 00 00 00 00 00 00 00 00 00 00 00 00 00 00 00 00 00 00 00 00 00 00 00 00 00 00 00 00 00 00 00 00 00 00 00 00 00 00 00 00 00 00 00 00 00 00 00 00 00 00 00 00 00 00 00 00 00 00 82 06 BB 87 7E
[406933][00:00:24.927]7E FF 02 FF F5 6B A0 BC 67 05 BD 00 AB 8B 5A 11 00 FE 03 54 00 01 00 01 69 7F 94 01 60 00 03 B6 12 40 E4 00 57 98 53 10 00 63 00 0A D2 AF 30 10 88 FF 00 00 33 00 00 11 A1 00 00 01 23 C7 07 30 00 09 04 92 14 03 02 26 98 93 3F 00 00 00 00 00 00 00 00 00 00 00 00 00 00 00 00 00 00 00 00 00 00 00 00 00 00 00 00 00 00 00 00 F5 3D AF DB 7E
[406934][00:00:24.942]7E FF 02 FF F6 6B 1B BD 67 05 53 00 27 48 63 11 00 38 00 94 00 01 00 01 69 7F 94 00 50 00 01 FC 13 79 44 00 EF AE 24 00 00 05 00 0A BD 6B 00 5C 78 EF 0C 00 33 00 00 30 00 09 05 35 35 FF FF FF FF FF FF 00 00 00 00 30 00 09 05 35 35 05 00 00 00 00 00 00 00 00 00 39 03 00 01 39 84 24 45 E8 07 02 12 09 23 07 03 01 00 01 01 00 02 02 00 0D 00 00 09 03 31 17 6E 54 4E 59 58 0F 00 0F 00 00 00 00 00 03 00 00 00 6C E7 C5 A1 53 47 5B 19 78 A1 1B 00 00 31 44 59 58 03 FB C1 01 9C 02 01 77 3D A3 6B 00 00 00 00 00 00 00 00 A1 03 62 A1 7E
[406935][00:00:24.957]7E FF 02 FF F7 6B D3 BC 67 05 AC 00 6D FE 6D 11 00 35 00 94 00 01 00 01 69 7F 94 00 50 00 01 FC 13 79 44 00 EF AE 24 00 00 05 00 0A BD 6B 00 5C 78 EF 0C 00 33 00 00 30 00 09 05 35 35 FF FF FF FF FF FF 00 00 00 00 30 00 09 05 35 35 05 00 00 00 00 00 00 00 00 00 39 03 00 01 39 84 24 45 E8 07 02 12 09 23 07 03 01 00 01 01 00 02 02 00 0D 00 00 09 03 31 17 6E 54 4E 59 58 0F 00 0F 00 00 00 00 00 03 00 00 00 6C E7 C5 A1 53 47 5B 19 78 A1 1B 00 00 31 44 59 58 03 FB C1 01 9C 02 01 77 3D A3 6B 00 00 00 00 00 00 00 00 D5 5F 75 47 7E
[406936][00:00:24.987]7E FF 02 FF F8 6B E3 BC 67 05 7B 03 CB 5F 74 11 00 35 00 94 00 01 00 01 69 7F 94 00 50 03 01 FC 13 79 44 00 F7 CD 47 00 00 35 00 0A 62 D0 00 5C 78 EF 0C 00 33 00 00 30 00 09 05 35 34 FF FF FF FF FF FF 00 00 00 00 30 00 09 05 35 34 35 00 00 00 00 00 00 00 00 00 39 03 00 01 22 84 24 45 E8 07 02 12 09 23 07 03 01 00 01 01 00 02 02 00 0D 00 00 09 03 31 17 6E 54 4E 59 58 0F 00 0F 00 00 00 00 00 01 00 00 00 47 6E AC 67 7F 24 AA 3A 6F A1 1B 00 00 31 44 59 58 03 FB C1 01 9C 02 01 69 52 74 0C 00 00 00 00 00 00 00 00 39 1C 82 74 7E
[406937][00:00:25.078]7E FF 02 FF F9 6B 53 BD 67 05 84 02 31 02 9F 11 00 FD 03 54 00 01 00 01 69 7F 94 01 60 00 03 B6 12 40 E4 00 57 98 53 10 00 63 00 0A D2 AF 30 10 88 FF 00 00 33 00 00 11 A1 00 00 01 23 C7 07 30 00 09 04 92 14 03 02 26 98 93 3F 00 00 00 00 00 00 00 00 00 00 00 00 00 00 00 00 00 00 00 00 00 00 00 00 00 00 00 00 00 00 00 00 EA 15 63 EF 7E
[406938][00:00:25.437]7E FF 02 FF FA 6B B9 BE 67 05 54 01 95 7B 27 12 00 FD 03 10 00 01 00 03 69 7F 94 14 0D 4E 1E 00 00 00 10 02 50 56 6D 88 C4 4D C0 7E
[406939][00:00:25.512]7E FF 02 FF FB 6B DD BE 67 05 2A 03 74 C4 33 12 01 23 0F 14 01 01 00 01 69 7F 94 01 80 0D 03 6A 41 00 10 00 16 42 9C 10 00 C8 00 03 D3 AF 30 74 88 FF 00 00 33 00 00 11 03 00 00 01 02 83 06 C9 1E 28 0A FE FE FE FE 68 62 00 43 05 25 72 53 06 00 30 10 1C F7 10 00 3E 05 03 31 50 02 02 00 01 20 21 02 00 1C 07 EA 06 1D 0B 00 00 08 00 20 21 02 00 00 20 01 04 00 00 20 00 02 00 00 20 01 02 00 00 20 04 02 00 00 20 0A 02 00 00 00 10 02 01 00 00 20 02 01 00 01 10 F0 D5 56 98 83 8E 08 15 8F 01 3B 87 D4 9A 8C D7 79 47 16 59 09 F7 2E 00 00 00 00 00 00 00 00 00 00 00 00 00 00 00 00 00 00 00 00 00 00 00 00 00 00 00 00 00 00 00 00 00 00 00 00 00 00 00 00 00 00 00 00 00 00 00 00 00 00 00 00 00 00 00 00 00 00 00 00 00 00 00 00 00 00 00 00 00 00 00 00 00 00 00 00 00 00 00 00 00 00 00 00 00 00 00 00 00 00 00 00 00 00 00 00 00 00 00 00 00 00 00 00 00 00 00 00 00 00 00 00 00 00 00 00 00 00 00 00 00 00 00 00 BC 3A 79 DC 7E
[406940][00:00:25.692]7E FF 02 FF FC 6B B4 BF 67 05 71 00 2E 20 87 12 00 FD 03 54 00 01 00 01 69 7F 94 01 60 00 03 B6 12 40 E4 00 57 98 53 10 00 63 00 0A D2 AF 30 10 88 FF 00 00 33 00 00 11 A1 00 00 01 23 C7 07 30 00 09 04 92 14 03 02 26 98 93 3F 00 00 00 00 00 00 00 00 00 00 00 00 00 00 00 00 00 00 00 00 00 00 00 00 00 00 00 00 00 00 00 00 59 CB 37 3F 7E
[406941][00:00:25.723]7E FF 02 FF FD 6B 35 C0 67 05 83 01 C7 48 92 12 00 FE 03 54 00 01 00 01 69 7F 94 01 60 00 03 B6 12 40 E4 00 57 98 53 10 00 63 00 0A D2 AF 30 10 88 FF 00 00 33 00 00 11 A1 00 00 01 23 C7 07 30 00 09 04 92 14 03 02 26 98 93 3F 00 00 00 00 00 00 00 00 00 00 00 00 00 00 00 00 00 00 00 00 00 00 00 00 00 00 00 00 00 00 00 00 6E 97 98 E9 7E
[406942][00:00:25.738]7E FF 02 FF FE 6B E7 BF 67 05 63 01 A8 AC 9A 12 00 FD 03 54 00 01 00 01 69 7F 94 01 60 00 03 B6 12 40 E4 00 57 98 53 10 00 63 00 0A D2 AF 30 10 88 FF 00 00 33 00 00 11 A1 00 00 01 23 C7 07 30 00 09 04 92 14 03 02 26 98 93 3F 00 00 00 00 00 00 00 00 00 00 00 00 00 00 00 00 00 00 00 00 00 00 00 00 00 00 00 00 00 00 00 00 F1 19 B2 27 7E
[406943][00:00:25.859]7E FF 02 FF FF 6B 60 C0 67 05 6F 02 E5 ED C8 12 00 FE 03 54 00 01 00 01 69 7F 94 01 60 00 03 B6 12 40 E4 00 57 98 53 10 00 63 00 0A D2 AF 30 10 88 FF 00 00 33 00 00 11 A1 00 00 01 23 C7 07 30 00 09 04 92 14 03 02 26 98 93 3F 00 00 00 00 00 00 00 00 00 00 00 00 00 00 00 00 00 00 00 00 00 00 00 00 00 00 00 00 00 00 00 00 17 C1 28 6C 7E
[406944][00:00:26.098]7E FF 02 FF 00 6C 18 C1 67 05 7A 02 9F 1F 0F 13 00 37 01 14 02 01 00 01 69 7F 94 41 F0 FF 01 D4 17 E8 92 00 94 70 5E 10 04 FF 2F 01 07 C2 00 EB 60 11 08 00 33 00 00 30 00 09 81 06 24 FF FF FF FF FF FF 08 00 00 00 41 10 00 11 30 00 09 81 06 24 20 00 00 12 74 72 03 00 51 5F 88 00 0F 01 D0 02 3D 00 00 00 00 00 01 30 92 B0 2C F5 00 02 52 FF BC 0D 06 C7 26 90 9E 8F 80 75 7B 69 01 04 01 04 00 00 01 12 00 00 00 00 A0 00 00 20 00 00 00 80 08 20 2E 22 3C 00 00 00 20 10 3E 79 4B 39 1C 53 E2 31 16 05 40 3D 39 0A 3D 0D 09 0C 0E 3B 0B 32 3C 0D 0E 0D 27 31 36 3B 0C 0D 0C 09 09 08 3D 07 0C 0D 0A 0B 0B 0F 0C 0C 04 08 0C 0D 0A 0F 0D 0B 3D 08 0C 0C 0C 0C 05 0A 08 0C 08 02 0A 08 33 0F 3C 0D 0B 04 09 0A 0D 0C 0B 08 0F 0D 39 09 0B 09 0E 06 0F 0B 09 0F 0C 0C 09 07 0A 07 09 0A 04 06 0C 0B 0C 0C 07 0B 09 0F 0E 3C 0E 0A 09 0D 0B 0A 0D 04 0B 0F 09 0E 08 0D 0D 0D 0A 09 0B 09 09 05 0F 0B 0D 0C 09 08 09 09 09 0E 1F 0A 0B 87 F6 DC 44 00 00 00 00 00 00 00 00 00 00 00 00 00 00 00 00 00 00 00 00 00 00 00 00 00 00 00 00 00 00 00 00 00 00 00 00 00 00 00 00 00 00 00 00 00 00 00 00 00 00 00 00 00 00 00 00 00 00 00 00 00 00 00 00 00 00 00 00 00 00 00 00 00 00 00 00 00 00 00 00 00 00 00 00 00 00 00 00 00 00 00 00 00 00 00 00 00 00 00 00 00 00 00 00 00 00 00 00 00 00 00 00 00 00 00 00 00 00 00 00 00 00 00 00 00 00 00 00 00 00 00 00 00 00 00 00 00 00 00 00 00 00 00 00 00 00 00 00 00 00 00 00 00 00 00 00 00 00 00 00 00 00 00 00 00 00 00 00 00 00 00 00 00 00 00 00 00 00 00 00 00 00 00 00 00 00 00 00 00 00 00 00 00 00 00 00 00 00 00 00 00 00 00 00 00 00 00 00 00 00 00 00 00 00 00 00 00 00 00 00 00 00 00 00 00 00 00 00 00 00 00 00 00 00 00 00 00 00 00 00 00 00 00 00 00 00 00 00 00 54 9E BC BF 7E
[406945][00:00:26.113]7E FF 02 FF 01 6C 3B C1 67 05 87 03 68 92 1C 13 00 FD 03 54 00 01 00 01 69 7F 94 01 60 00 03 B6 12 40 E4 00 57 98 53 10 00 63 00 0A D2 AF 30 10 88 FF 00 00 33 00 00 11 A1 00 00 01 23 C7 07 30 00 09 04 92 14 03 02 26 98 93 3F 00 00 00 00 00 00 00 00 00 00 00 00 00 00 00 00 00 00 00 00 00 00 00 00 00 00 00 00 00 00 00 00 8E EB 18 CD 7E
[406946][00:00:26.143]7E FF 02 FF 02 6C 56 C1 67 05 F7 02 E8 CE 26 13 00 FD 03 14 01 01 00 01 69 7F 94 01 60 00 03 27 16 EB C0 00 98 5E C8 10 00 AC 00 03 D4 AF 30 74 88 FF 00 00 33 00 00 11 03 00 00 01 02 83 06 CA 1E 28 0A FE FE FE FE 68 62 00 43 05 52 91 53 06 00 30 10 26 AF 10 00 3E 05 03 32 50 02 02 00 01 20 21 02 00 1C 07 EA 06 1D 0B 00 00 08 00 20 21 02 00 00 20 01 04 00 00 20 00 02 00 00 20 01 02 00 00 20 04 02 00 00 20 0A 02 00 00 00 10 02 01 00 00 20 02 01 00 01 10 F0 D5 56 98 83 8E 08 15 8F 01 3B 87 D4 9A 8C D7 90 B6 16 C7 D2 A0 AD 00 00 00 00 00 00 00 00 00 00 00 00 00 00 00 00 00 00 00 00 00 00 00 00 00 00 00 00 00 00 00 00 00 00 00 00 00 00 00 00 00 00 00 00 00 00 00 00 00 00 00 00 00 00 00 00 00 00 00 00 00 00 00 00 00 00 00 00 00 00 00 00 00 00 00 00 00 00 00 00 00 00 00 00 00 00 00 00 00 00 00 00 00 00 00 00 00 00 00 00 00 00 00 00 00 00 00 00 00 00 00 00 00 00 00 00 00 00 00 00 00 00 00 00 5C 07 A4 B9 7E
[406947][00:00:26.174]7E FF 02 FF 03 6C 91 C1 67 05 9C 03 88 62 3D 13 00 3B 00 94 00 01 00 01 69 7F 94 04 10 00 01 14 13 3D 60 00 15 8E A2 40 00 01 00 00 2B 21 00 49 90 FF 08 00 33 00 00 30 00 09 80 44 14 20 00 00 12 74 72 07 00 00 00 04 00 04 00 B9 00 3D 00 82 B0 2C F5 00 02 52 FF BE 0D 06 C7 26 90 9E 8B 80 75 7B 69 01 04 01 04 00 00 01 12 00 00 00 00 A0 00 00 20 00 00 00 80 08 20 2E 22 14 00 00 00 20 10 3E 79 4B 39 1C 53 62 31 16 05 40 5A 36 CB 9F 00 00 00 00 00 00 00 00 00 00 00 00 00 00 00 00 00 00 00 00 00 00 00 00 00 00 00 6C BC 0C 6A 7E
[406948][00:00:26.174]7E FF 02 FF 04 6C 96 C1 67 05 05 03 EC 41 3F 13 00 3B 00 10 00 01 00 02 69 7F 94 10 01 40 00 01 01 01 00 00 6D 3A D1 EE 6E 5C 2A 7E
[406949][00:00:26.205]7E FF 02 FF 05 6C BB C1 67 05 CD 02 58 5A 4D 13 00 3B 00 10 00 01 00 02 69 7F 94 10 01 E0 00 01 00 01 00 00 54 DF 41 16 89 61 34 7E
[406950][00:00:27.207]7E FF 02 FF 06 6C 8A C5 67 05 01 00 AC FE C0 14 00 FD 03 14 01 01 00 01 69 7F 94 01 60 00 03 27 16 EB C4 00 89 5C 4C 10 00 AC 00 03 D4 AF 30 74 88 FF 00 00 33 00 00 11 03 00 00 01 02 83 06 CA 1E 28 0A FE FE FE FE 68 62 00 43 05 52 91 53 06 00 30 10 26 AF 10 00 3E 05 03 32 50 02 02 00 01 20 21 02 00 1C 07 EA 06 1D 0B 00 00 08 00 20 21 02 00 00 20 01 04 00 00 20 00 02 00 00 20 01 02 00 00 20 04 02 00 00 20 0A 02 00 00 00 10 02 01 00 00 20 02 01 00 01 10 F0 D5 56 98 83 8E 08 15 8F 01 3B 87 D4 9A 8C D7 90 B6 16 C7 D2 A0 AD 00 00 00 00 00 00 00 00 00 00 00 00 00 00 00 00 00 00 00 00 00 00 00 00 00 00 00 00 00 00 00 00 00 00 00 00 00 00 00 00 00 00 00 00 00 00 00 00 00 00 00 00 00 00 00 00 00 00 00 00 00 00 00 00 00 00 00 00 00 00 00 00 00 00 00 00 00 00 00 00 00 00 00 00 00 00 00 00 00 00 00 00 00 00 00 00 00 00 00 00 00 00 00 00 00 00 00 00 00 00 00 00 00 00 00 00 00 00 00 00 00 00 00 00 2A 1D D2 51 7E
[406951][00:00:27.298]7E FF 02 FF 07 6C CA C5 67 05 5A 02 EF A0 D9 14 00 36 01 14 02 01 00 01 69 7F 94 43 F0 FF 01 D4 17 E8 92 00 97 70 FA 30 04 FF 2F 01 40 A3 00 EC 28 11 08 00 33 00 00 30 00 09 81 32 48 FF FF FF FF FF FF 08 00 00 00 43 10 00 11 30 00 09 81 32 48 20 00 00 12 74 72 02 00 51 64 89 00 0F 01 CF 02 3D 00 00 00 00 00 01 30 92 B0 2C F5 00 02 52 FF B6 0D 06 C7 26 90 9E 8F 80 75 7B 69 01 04 09 04 00 00 01 12 00 00 00 00 A0 00 00 20 00 00 00 80 08 20 2E 22 3C 00 00 00 20 10 3E 79 4B 39 1C 53 E2 31 16 05 40 3E 3A 09 3D 0D 07 0C 0C 3A 0B 3B 3D 0D 0E 0D 1F 3B 36 3C 0B 0E 0D 09 0B 0B 3E 0B 0C 0B 0A 09 0A 0F 0B 0A 0B 09 0D 0D 0A 0F 0D 09 3E 0B 0B 0C 0C 0C 09 0B 08 0C 09 04 09 0C 39 0F 3C 0D 09 04 0D 0B 0E 07 08 0A 0F 0C 3B 03 0B 0D 0D 06 05 0D 1D 0C 0E 0C 0C 0A 0D 0C 0B 0A 0A 04 09 0C 0C 05 0C 0B 0A 0B 0F 0C 35 0F 0C 0C 0C 0F 0C 0E 0A 0C 0E 0C 0D 08 0C 0C 0D 0D 0C 0C 0A 0B 06 0E 0A 0D 03 0B 0A 09 09 0B 07 2C 0C 0C 65 76 7C B0 00 00 00 00 00 00 00 00 00 00 00 00 00 00 00 00 00 00 00 00 00 00 00 00 00 00 00 00 00 00 00 00 00 00 00 00 00 00 00 00 00 00 00 00 00 00 00 00 00 00 00 00 00 00 00 00 00 00 00 00 00 00 00 00 00 00 00 00 00 00 00 00 00 00 00 00 00 00 00 00 00 00 00 00 00 00 00 00 00 00 00 00 00 00 00 00 00 00 00 00 00 00 00 00 00 00 00 00 00 00 00 00 00 00 00 00 00 00 00 00 00 00 00 00 00 00 00 00 00 00 00 00 00 00 00 00 00 00 00 00 00 00 00 00 00 00 00 00 00 00 00 00 00 00 00 00 00 00 00 00 00 00 00 00 00 00 00 00 00 00 00 00 00 00 00 00 00 00 00 00 00 00 00 00 00 00 00 00 00 00 00 00 00 00 00 00 00 00 00 00 00 00 00 00 00 00 00 00 00 00 00 00 00 00 00 00 00 00 00 00 00 00 00 00 00 00 00 00 00 00 00 00 00 00 00 00 00 00 00 00 00 00 00 00 00 00 00 00 D8 80 25 C9 7E
[406952][00:00:27.328]7E FF 02 FF 08 6C EA C5 67 05 DC 01 B7 C9 E5 14 00 FE 03 14 01 01 00 01 69 7F 94 01 60 00 03 27 16 EB C4 00 89 5C 4C 10 00 AC 00 03 D4 AF 30 74 88 FF 00 00 33 00 00 11 03 00 00 01 02 83 06 CA 1E 28 0A FE FE FE FE 68 62 00 43 05 52 91 53 06 00 30 10 26 AF 10 00 3E 05 03 32 50 02 02 00 01 20 21 02 00 1C 07 EA 06 1D 0B 00 00 08 00 20 21 02 00 00 20 01 04 00 00 20 00 02 00 00 20 01 02 00 00 20 04 02 00 00 20 0A 02 00 00 00 10 02 01 00 00 20 02 01 00 01 10 F0 D5 56 98 83 8E 08 15 8F 01 3B 87 D4 9A 8C D7 90 B6 16 C7 D2 A0 AD 00 00 00 00 00 00 00 00 00 00 00 00 00 00 00 00 00 00 00 00 00 00 00 00 00 00 00 00 00 00 00 00 00 00 00 00 00 00 00 00 00 00 00 00 00 00 00 00 00 00 00 00 00 00 00 00 00 00 00 00 00 00 00 00 00 00 00 00 00 00 00 00 00 00 00 00 00 00 00 00 00 00 00 00 00 00 00 00 00 00 00 00 00 00 00 00 00 00 00 00 00 00 00 00 00 00 00 00 00 00 00 00 00 00 00 00 00 00 00 00 00 00 00 00 C9 A3 2A 93 7E
[406953][00:00:27.732]7E FF 02 FF 09 6C 91 C7 67 05 11 02 A7 2E 87 15 00 3B 01 14 01 01 00 01 69 7F 94 20 F0 FF 01 E5 14 EB C2 00 CB E5 32 00 02 FF 2F 01 4B 94 00 86 70 01 04 00 33 00 00 08 00 00 00 20 50 03 31 30 00 09 04 22 19 20 00 00 12 74 72 39 1C 06 17 31 00 08 01 0C 00 2F 00 00 00 00 00 35 30 2C 0C C1 0A 20 90 0C 00 00 00 28 00 00 21 00 00 41 80 00 00 00 00 40 80 02 00 00 80 04 50 22 2A 02 83 00 00 1E 40 88 40 00 00 00 00 00 30 04 01 03 0A 04 06 01 03 02 04 01 02 04 02 02 01 01 01 03 01 01 01 02 02 05 03 03 02 02 01 03 01 01 01 02 01 04 01 05 03 02 01 04 03 01 02 01 02 02 04 D5 20 2C BA 00 00 00 00 00 00 00 00 00 00 00 00 00 00 00 00 00 00 00 00 00 00 00 00 00 00 00 00 00 00 00 00 00 00 00 00 00 00 00 00 00 00 00 00 00 00 00 00 00 00 00 00 00 00 00 00 00 00 00 00 00 00 00 00 00 00 00 00 00 00 00 00 00 00 00 00 00 00 00 00 00 00 00 00 00 00 00 00 00 00 00 00 00 00 00 00 00 00 00 00 00 00 00 00 00 00 9D 61 0C 00 7E
[406954][00:00:29.049]7E FF 02 FF 0A 6C 17 CD 67 05 93 00 A3 49 7C 17 00 38 00 14 01 01 00 01 69 7F 94 20 F0 FF 01 E5 14 EB C2 00 CB E5 32 00 02 FF 2F 01 4C 94 00 86 70 01 04 00 33 00 00 08 00 00 00 20 50 03 31 30 00 09 04 22 19 20 00 00 12 74 72 39 1C 06 17 31 00 08 01 0B 00 2F 00 00 00 00 00 35 30 2C 0C C1 0A 20 90 0C 00 00 00 28 00 00 21 00 00 41 80 00 00 00 00 40 80 02 00 00 80 04 50 22 2A 02 83 00 00 1E 40 88 40 00 00 00 00 00 30 04 01 03 0A 04 06 01 03 02 04 01 02 04 02 02 01 01 01 03 01 01 01 02 02 05 03 03 02 02 01 03 01 01 01 02 01 04 01 05 03 02 01 04 03 01 02 01 02 02 04 D9 EC 50 32 00 00 00 00 00 00 00 00 00 00 00 00 00 00 00 00 00 00 00 00 00 00 00 00 00 00 00 00 00 00 00 00 00 00 00 00 00 00 00 00 00 00 00 00 00 00 00 00 00 00 00 00 00 00 00 00 00 00 00 00 00 00 00 00 00 00 00 00 00 00 00 00 00 00 00 00 00 00 00 00 00 00 00 00 00 00 00 00 00 00 00 00 00 00 00 00 00 00 00 00 00 00 00 00 00 00 97 A0 61 13 7E
[406955][00:00:29.214]7E FF 02 FF 0B 6C 56 CD 67 05 66 03 0B BD BA 17 00 FE 03 14 01 01 00 01 69 7F 94 01 60 00 03 27 16 EB C0 00 98 5E C8 10 00 C6 00 03 D5 AF 30 74 88 FF 00 00 33 00 00 11 03 00 00 01 02 83 06 C8 1E 28 0A FE FE FE FE 68 62 00 43 05 92 51 53 06 00 30 10 4E E9 10 00 3E 05 03 30 50 02 02 00 01 20 21 02 00 1C 07 EA 06 1D 0B 00 00 08 00 20 21 02 00 00 20 01 04 00 00 20 00 02 00 00 20 01 02 00 00 20 04 02 00 00 20 0A 02 00 00 00 10 02 01 00 00 20 02 01 00 01 10 F0 D5 56 98 83 8E 08 15 8F 01 3B 87 D4 9A 8C D7 DE 17 16 0B B5 BC 1C 00 00 00 00 00 00 00 00 00 00 00 00 00 00 00 00 00 00 00 00 00 00 00 00 00 00 00 00 00 00 00 00 00 00 00 00 00 00 00 00 00 00 00 00 00 00 00 00 00 00 00 00 00 00 00 00 00 00 00 00 00 00 00 00 00 00 00 00 00 00 00 00 00 00 00 00 00 00 00 00 00 00 00 00 00 00 00 00 00 00 00 00 00 00 00 00 00 00 00 00 00 00 00 00 00 00 00 00 00 00 00 00 00 00 00 00 00 00 00 00 00 00 00 00 DC B4 39 E8 7E
[406956][00:00:29.229]7E FF 02 FF 0C 6C 6D CD 67 05 9A 01 C9 54 C3 17 00 37 00 14 01 01 00 01 69 7F 94 0A F1 FF 01 E5 14 EB C2 00 C5 E4 02 A0 10 FF 2F 01 ED C5 00 A6 70 01 04 00 33 00 00 08 00 00 00 0A E1 02 32 30 00 09 04 15 87 20 00 00 12 74 72 39 00 00 00 51 00 0A 01 0F 00 2F 00 00 00 00 00 2E 30 22 08 80 0A 69 39 20 00 00 12 28 00 09 41 01 00 4C 08 00 00 02 18 40 88 22 00 08 80 2A 6C 7F EC 02 00 44 04 9A 40 BA 20 04 10 81 04 00 31 04 01 01 01 01 01 01 01 01 01 01 01 01 01 01 01 01 01 02 01 02 03 03 01 03 03 01 04 04 01 01 01 01 02 01 02 01 01 03 02 01 01 01 01 02 02 01 02 01 01 02 02 01 04 01 01 02 01 02 01 01 01 02 01 03 02 01 03 01 01 01 04 02 01 02 02 01 01 01 01 03 02 42 13 5D 00 00 00 00 00 00 00 00 00 00 00 00 00 00 00 00 00 00 00 00 00 00 00 00 00 00 00 00 00 00 00 00 00 00 00 00 00 00 00 00 00 00 00 00 00 00 00 00 00 00 00 00 00 00 00 00 00 00 00 00 00 00 00 00 00 00 00 00 00 00 00 00 00 00 00 A4 33 1F A4 7E
[406957][00:00:29.259]7E FF 02 FF 0D 6C E3 CD 67 05 E9 00 FB 1F CA 17 00 FD 03 14 01 01 00 01 69 7F 94 01 60 00 03 27 16 EB C4 00 89 5C 4C 10 00 C6 00 03 D5 AF 30 74 88 FF 00 00 33 00 00 11 03 00 00 01 02 83 06 C8 1E 28 0A FE FE FE FE 68 62 00 43 05 92 51 53 06 00 30 10 4E E9 10 00 3E 05 03 30 50 02 02 00 01 20 21 02 00 1C 07 EA 06 1D 0B 00 00 08 00 20 21 02 00 00 20 01 04 00 00 20 00 02 00 00 20 01 02 00 00 20 04 02 00 00 20 0A 02 00 00 00 10 02 01 00 00 20 02 01 00 01 10 F0 D5 56 98 83 8E 08 15 8F 01 3B 87 D4 9A 8C D7 DE 17 16 0B B5 BC 1C 00 00 00 00 00 00 00 00 00 00 00 00 00 00 00 00 00 00 00 00 00 00 00 00 00 00 00 00 00 00 00 00 00 00 00 00 00 00 00 00 00 00 00 00 00 00 00 00 00 00 00 00 00 00 00 00 00 00 00 00 00 00 00 00 00 00 00 00 00 00 00 00 00 00 00 00 00 00 00 00 00 00 00 00 00 00 00 00 00 00 00 00 00 00 00 00 00 00 00 00 00 00 00 00 00 00 00 00 00 00 00 00 00 00 00 00 00 00 00 00 00 00 00 00 0E A2 7C CC 7E
[406958][00:00:29.290]7E FF 02 FF 0E 6C AB CD 67 05 73 00 78 DE DA 17 00 FD 03 14 01 01 00 01 69 7F 94 01 60 00 03 27 16 EB C4 00 89 5C 4C 10 00 C6 00 03 D5 AF 30 74 88 FF 00 00 33 00 00 11 03 00 00 01 02 83 06 C8 1E 28 0A FE FE FE FE 68 62 00 43 05 92 51 53 06 00 30 10 4E E9 10 00 3E 05 03 30 50 02 02 00 01 20 21 02 00 1C 07 EA 06 1D 0B 00 00 08 00 20 21 02 00 00 20 01 04 00 00 20 00 02 00 00 20 01 02 00 00 20 04 02 00 00 20 0A 02 00 00 00 10 02 01 00 00 20 02 01 00 01 10 F0 D5 56 98 83 8E 08 15 8F 01 3B 87 D4 9A 8C D7 DE 17 16 0B B5 BC 1C 00 00 00 00 00 00 00 00 00 00 00 00 00 00 00 00 00 00 00 00 00 00 00 00 00 00 00 00 00 00 00 00 00 00 00 00 00 00 00 00 00 00 00 00 00 00 00 00 00 00 00 00 00 00 00 00 00 00 00 00 00 00 00 00 00 00 00 00 00 00 00 00 00 00 00 00 00 00 00 00 00 00 00 00 00 00 00 00 00 00 00 00 00 00 00 00 00 00 00 00 00 00 00 00 00 00 00 00 00 00 00 00 00 00 00 00 00 00 00 00 00 00 00 00 8C 4D C9 61 7E
[406959][00:00:29.305]7E FF 02 FF 0F 6C DA CD 67 05 93 01 2A EE EC 17 00 FD 03 10 00 01 00 03 69 7F 94 14 0D 2D 0F 00 00 00 10 02 15 DA A7 72 CC 13 9F 7E
[406960][00:00:29.964]7E FF 02 FF 10 6C 4E D0 67 05 1B 03 67 A0 DC 18 00 FE 03 14 01 01 00 01 69 7F 94 01 60 00 03 27 16 EB C0 00 98 5E C8 10 00 CA 00 03 D6 AF 30 7E 88 FF 00 00 33 00 00 11 03 00 00 01 02 23 07 C6 1E 28 0A FE FE FE FE 68 6C 00 43 05 68 53 78 00 00 70 10 42 FC 10 00 48 05 03 2B 50 02 02 00 01 20 21 02 00 1C 07 EA 06 1D 0A 00 00 0A 00 20 21 02 00 00 20 01 04 00 00 20 00 02 00 00 20 01 02 00 00 20 04 02 00 00 20 05 02 00 00 20 0A 02 00 00 20 17 02 00 00 20 18 02 00 00 00 10 02 01 00 01 10 F0 D5 56 98 83 8E 08 15 8F 01 3B 87 D4 9A 8C D7 19 26 16 A0 64 41 C9 00 00 00 00 00 00 00 00 00 00 00 00 00 00 00 00 00 00 00 00 00 00 00 00 00 00 00 00 00 00 00 00 00 00 00 00 00 00 00 00 00 00 00 00 00 00 00 00 00 00 00 00 00 00 00 00 00 00 00 00 00 00 00 00 00 00 00 00 00 00 00 00 00 00 00 00 00 00 00 00 00 00 00 00 00 00 00 00 00 00 00 00 00 00 00 00 00 00 00 00 00 00 00 00 00 00 00 00 00 00 00 00 00 00 CE B7 B6 39 7E
[406961][00:00:30.024]7E FF 02 FF 11 6C 7E D0 67 05 B6 00 3B 1A ED 18 01 23 0F 14 01 01 00 01 69 7F 94 01 80 0D 03 6A 41 00 10 00 16 42 9C 10 00 14 01 03 D7 AF 30 7E 88 FF 00 00 33 00 00 11 03 00 00 01 02 23 07 C7 1E 28 0A FE FE FE FE 68 6C 00 43 05 69 53 78 00 00 70 10 97 63 10 00 48 05 03 2C 50 02 02 00 01 20 21 02 00 1C 07 EA 06 1D 0A 00 00 0A 00 20 21 02 00 00 20 01 04 00 00 20 00 02 00 00 20 01 02 00 00 20 04 02 00 00 20 05 02 00 00 20 0A 02 00 00 20 17 02 00 00 20 18 02 00 00 00 10 02 01 00 01 10 F0 D5 56 98 83 8E 08 15 8F 01 3B 87 D4 9A 8C D7 FC 0E 16 9A FE 5F 96 00 00 00 00 00 00 00 00 00 00 00 00 00 00 00 00 00 00 00 00 00 00 00 00 00 00 00 00 00 00 00 00 00 00 00 00 00 00 00 00 00 00 00 00 00 00 00 00 00 00 00 00 00 00 00 00 00 00 00 00 00 00 00 00 00 00 00 00 00 00 00 00 00 00 00 00 00 00 00 00 00 00 00 00 00 00 00 00 00 00 00 00 00 00 00 00 00 00 00 00 00 00 00 00 00 00 00 00 00 00 00 00 00 00 4A F7 0A 08 7E
[406962][00:00:30.054]7E FF 02 FF 12 6C 92 D0 67 05 49 03 D5 94 F6 18 00 FD 03 14 01 01 00 01 69 7F 94 01 60 00 03 27 16 EB C4 00 89 5C 4C 10 00 CA 00 03 D6 AF 30 7E 88 FF 00 00 33 00 00 11 03 00 00 01 02 23 07 C6 1E 28 0A FE FE FE FE 68 6C 00 43 05 68 53 78 00 00 70 10 42 FC 10 00 48 05 03 2B 50 02 02 00 01 20 21 02 00 1C 07 EA 06 1D 0A 00 00 0A 00 20 21 02 00 00 20 01 04 00 00 20 00 02 00 00 20 01 02 00 00 20 04 02 00 00 20 05 02 00 00 20 0A 02 00 00 20 17 02 00 00 20 18 02 00 00 00 10 02 01 00 01 10 F0 D5 56 98 83 8E 08 15 8F 01 3B 87 D4 9A 8C D7 19 26 16 A0 64 41 C9 00 00 00 00 00 00 00 00 00 00 00 00 00 00 00 00 00 00 00 00 00 00 00 00 00 00 00 00 00 00 00 00 00 00 00 00 00 00 00 00 00 00 00 00 00 00 00 00 00 00 00 00 00 00 00 00 00 00 00 00 00 00 00 00 00 00 00 00 00 00 00 00 00 00 00 00 00 00 00 00 00 00 00 00 00 00 00 00 00 00 00 00 00 00 00 00 00 00 00 00 00 00 00 00 00 00 00 00 00 00 00 00 00 00 A2 13 36 CB 7E
[406963][00:00:30.083]7E FF 02 FF 13 6C C1 D0 67 05 74 02 75 6C 08 19 00 FD 03 14 01 01 00 01 69 7F 94 01 60 00 03 27 16 EB C4 00 89 5C 4C 10 00 CA 00 03 D6 AF 30 7E 88 FF 00 00 33 00 00 11 03 00 00 01 02 23 07 C6 1E 28 0A FE FE FE FE 68 6C 00 43 05 68 53 78 00 00 70 10 42 FC 10 00 48 05 03 2B 50 02 02 00 01 20 21 02 00 1C 07 EA 06 1D 0A 00 00 0A 00 20 21 02 00 00 20 01 04 00 00 20 00 02 00 00 20 01 02 00 00 20 04 02 00 00 20 05 02 00 00 20 0A 02 00 00 20 17 02 00 00 20 18 02 00 00 00 10 02 01 00 01 10 F0 D5 56 98 83 8E 08 15 8F 01 3B 87 D4 9A 8C D7 19 26 16 A0 64 41 C9 00 00 00 00 00 00 00 00 00 00 00 00 00 00 00 00 00 00 00 00 00 00 00 00 00 00 00 00 00 00 00 00 00 00 00 00 00 00 00 00 00 00 00 00 00 00 00 00 00 00 00 00 00 00 00 00 00 00 00 00 00 00 00 00 00 00 00 00 00 00 00 00 00 00 00 00 00 00 00 00 00 00 00 00 00 00 00 00 00 00 00 00 00 00 00 00 00 00 00 00 00 00 00 00 00 00 00 00 00 00 00 00 00 00 F9 83 04 90 7E
[406964][00:00:31.490]7E FF 02 FF 14 6C 4B D6 67 05 48 00 90 26 25 1B 00 2A 02 94 00 01 00 01 69 7F 94 87 F0 FF 01 C1 12 79 42 00 51 0E 17 70 08 FF 2F 01 05 04 00 5E 78 FF 08 00 33 00 00 70 00 00 68 35 16 FF FF FF FF FF FF 08 00 00 00 87 10 00 12 70 00 00 68 35 16 20 00 00 12 74 72 37 00 4A 64 0E 00 3D 01 CA 02 2A 00 4D 00 00 00 01 30 0A 00 00 00 01 00 00 00 00 00 00 00 00 00 00 00 00 00 00 00 00 00 08 00 00 00 00 00 00 00 00 00 04 68 09 00 20 10 00 00 01 04 3E 01 05 0F 01 03 11 04 06 03 01 03 2E 02 7B 2F 7B 21 00 00 00 00 00 00 0C 4E AB E4 7E
[406965][00:00:32.134]7E FF 02 FF 15 6C B6 D8 67 05 AB 00 D4 B6 0F 1C 01 22 10 14 01 01 00 01 69 7F 94 01 80 0D 03 6A 41 00 10 00 16 42 9C 10 00 C8 00 03 D8 AF 30 74 88 FF 00 00 33 00 00 11 03 00 00 01 02 83 06 C9 1E 28 0A FE FE FE FE 68 62 00 43 05 25 72 53 06 00 30 10 1C F7 10 00 3E 05 03 31 50 02 02 00 01 20 21 02 00 1C 07 EA 06 1D 0B 00 00 08 00 20 21 02 00 00 20 01 04 00 00 20 00 02 00 00 20 01 02 00 00 20 04 02 00 00 20 0A 02 00 00 00 10 02 01 00 00 20 02 01 00 01 10 F0 D5 56 98 83 8E 08 15 8F 01 3B 87 D4 9A 8C D7 79 47 16 59 09 F7 2E 00 00 00 00 00 00 00 00 00 00 00 00 00 00 00 00 00 00 00 00 00 00 00 00 00 00 00 00 00 00 00 00 00 00 00 00 00 00 00 00 00 00 00 00 00 00 00 00 00 00 00 00 00 00 00 00 00 00 00 00 00 00 00 00 00 00 00 00 00 00 00 00 00 00 00 00 00 00 00 00 00 00 00 00 00 00 00 00 00 00 00 00 00 00 00 00 00 00 00 00 00 00 00 00 00 00 00 00 00 00 00 00 00 00 00 00 00 00 00 00 00 00 00 00 11 2A 56 60 7E
[406966][00:00:32.239]7E FF 02 FF 16 6C 2F D9 67 05 00 01 95 81 3F 1C 00 FD 03 14 01 01 00 01 69 7F 94 01 60 00 03 27 16 EB C0 00 98 5E C8 10 00 AC 00 03 D9 AF 30 74 88 FF 00 00 33 00 00 11 03 00 00 01 02 83 06 CA 1E 28 0A FE FE FE FE 68 62 00 43 05 52 91 53 06 00 30 10 26 AF 10 00 3E 05 03 32 50 02 02 00 01 20 21 02 00 1C 07 EA 06 1D 0B 00 00 08 00 20 21 02 00 00 20 01 04 00 00 20 00 02 00 00 20 01 02 00 00 20 04 02 00 00 20 0A 02 00 00 00 10 02 01 00 00 20 02 01 00 01 10 F0 D5 56 98 83 8E 08 15 8F 01 3B 87 D4 9A 8C D7 90 B6 16 C7 D2 A0 AD 00 00 00 00 00 00 00 00 00 00 00 00 00 00 00 00 00 00 00 00 00 00 00 00 00 00 00 00 00 00 00 00 00 00 00 00 00 00 00 00 00 00 00 00 00 00 00 00 00 00 00 00 00 00 00 00 00 00 00 00 00 00 00 00 00 00 00 00 00 00 00 00 00 00 00 00 00 00 00 00 00 00 00 00 00 00 00 00 00 00 00 00 00 00 00 00 00 00 00 00 00 00 00 00 00 00 00 00 00 00 00 00 00 00 00 00 00 00 00 00 00 00 00 00 68 B7 CF 2B 7E
[406967][00:00:32.300]7E FF 02 FF 17 6C 64 D9 67 05 70 02 A7 DB 53 1C 00 FE 03 14 01 01 00 01 69 7F 94 01 60 00 03 27 16 EB C4 00 89 5C 4C 10 00 AC 00 03 D9 AF 30 74 88 FF 00 00 33 00 00 11 03 00 00 01 02 83 06 CA 1E 28 0A FE FE FE FE 68 62 00 43 05 52 91 53 06 00 30 10 26 AF 10 00 3E 05 03 32 50 02 02 00 01 20 21 02 00 1C 07 EA 06 1D 0B 00 00 08 00 20 21 02 00 00 20 01 04 00 00 20 00 02 00 00 20 01 02 00 00 20 04 02 00 00 20 0A 02 00 00 00 10 02 01 00 00 20 02 01 00 01 10 F0 D5 56 98 83 8E 08 15 8F 01 3B 87 D4 9A 8C D7 90 B6 16 C7 D2 A0 AD 00 00 00 00 00 00 00 00 00 00 00 00 00 00 00 00 00 00 00 00 00 00 00 00 00 00 00 00 00 00 00 00 00 00 00 00 00 00 00 00 00 00 00 00 00 00 00 00 00 00 00 00 00 00 00 00 00 00 00 00 00 00 00 00 00 00 00 00 00 00 00 00 00 00 00 00 00 00 00 00 00 00 00 00 00 00 00 00 00 00 00 00 00 00 00 00 00 00 00 00 00 00 00 00 00 00 00 00 00 00 00 00 00 00 00 00 00 00 00 00 00 00 00 00 4E 5A 26 B2 7E
[406968][00:00:32.390]7E FF 02 FF 18 6C C1 D9 67 05 AA 03 C6 75 77 1C 00 FD 03 14 01 01 00 01 69 7F 94 01 60 00 03 27 16 EB C4 00 89 5C 4C 10 00 AC 00 03 D9 AF 30 74 88 FF 00 00 33 00 00 11 03 00 00 01 02 83 06 CA 1E 28 0A FE FE FE FE 68 62 00 43 05 52 91 53 06 00 30 10 26 AF 10 00 3E 05 03 32 50 02 02 00 01 20 21 02 00 1C 07 EA 06 1D 0B 00 00 08 00 20 21 02 00 00 20 01 04 00 00 20 00 02 00 00 20 01 02 00 00 20 04 02 00 00 20 0A 02 00 00 00 10 02 01 00 00 20 02 01 00 01 10 F0 D5 56 98 83 8E 08 15 8F 01 3B 87 D4 9A 8C D7 90 B6 16 C7 D2 A0 AD 00 00 00 00 00 00 00 00 00 00 00 00 00 00 00 00 00 00 00 00 00 00 00 00 00 00 00 00 00 00 00 00 00 00 00 00 00 00 00 00 00 00 00 00 00 00 00 00 00 00 00 00 00 00 00 00 00 00 00 00 00 00 00 00 00 00 00 00 00 00 00 00 00 00 00 00 00 00 00 00 00 00 00 00 00 00 00 00 00 00 00 00 00 00 00 00 00 00 00 00 00 00 00 00 00 00 00 00 00 00 00 00 00 00 00 00 00 00 00 00 00 00 00 00 81 D0 6B 18 7E
[406969][00:00:33.064]7E FF 02 FF 19 6C 66 DC 67 05 A3 01 41 84 79 1D 00 38 01 14 01 01 00 01 69 7F 94 20 F0 FF 01 E5 14 EB C2 00 CB E5 32 00 02 FF 2F 01 4E 94 00 86 70 01 04 00 33 00 00 08 00 00 00 20 50 03 31 30 00 09 04 22 19 20 00 00 12 74 72 39 1C 06 17 31 00 08 01 07 00 2F 00 00 00 00 00 35 30 2C 0C C1 0A 20 90 0C 00 00 00 28 00 00 21 00 00 41 80 00 00 00 00 40 80 02 00 00 80 04 50 22 2A 02 83 00 00 1E 40 88 40 00 00 00 00 00 30 04 01 03 0A 04 06 01 03 02 04 01 02 04 02 02 01 01 01 03 01 01 01 02 02 05 03 03 02 02 01 03 01 01 01 02 01 04 01 05 03 02 01 04 03 01 02 01 02 02 04 DE F5 B0 18 00 00 00 00 00 00 00 00 00 00 00 00 00 00 00 00 00 00 00 00 00 00 00 00 00 00 00 00 00 00 00 00 00 00 00 00 00 00 00 00 00 00 00 00 00 00 00 00 00 00 00 00 00 00 00 00 00 00 00 00 00 00 00 00 00 00 00 00 00 00 00 00 00 00 00 00 00 00 00 00 00 00 00 00 00 00 00 00 00 00 00 00 00 00 00 00 00 00 00 00 00 00 00 00 00 00 BF 0D 01 F5 7E
[406970][00:00:33.693]7E FF 02 FF 1A 6C C0 DE 67 05 9E 02 2D 41 5F 1E 00 FD 03 15 02 01 00 00 69 7F 94 32 41 5F 1E 01 90 E8 02 00 BF 32 79 CA 33 20 00 00 12 74 72 FA 06 00 00 10 02 00 00 00 00 00 00 05 00 0F 01 00 00 64 20 00 00 12 74 72 04 00 00 01 0A D0 02 C8 02 30 00 39 00 06 0A 9E C3 D5 31 82 0D B7 1D C0 D7 00 5A 33 00 42 24 32 00 00 00 00 25 13 5E 1E 1E 3A 00 00 24 00 0E 50 15 50 1C 50 31 50 0C 50 04 50 87 50 8A 50 93 51 34 50 36 50 08 50 40 51 D8 50 62 50 3E 50 1A 50 06 50 BA 51 5D 50 29 50 39 51 75 50 7C 50 7C 51 BC 50 D8 51 5B 50 D9 50 9D 50 80 50 2E 50 05 50 44 51 35 50 42 51 68 51 F8 51 2D 50 34 51 E1 50 0A 51 EE 50 53 50 68 50 29 51 2D 51 DF 50 6C 51 26 51 FE 51 11 51 CF 50 1A 51 F2 50 86 50 82 50 FA 51 16 51 CA 50 AC 50 72 51 14 51 A2 50 A2 30 12 51 DE 41 3F 40 3C 40 79 41 E3 41 7B 41 CF 41 5B 41 A0 41 79 40 51 41 D9 41 EC 41 EB 41 F2 41 60 41 C9 41 8F 41 EA 41 C7 40 C0 41 D3 40 A6 40 A2 81 7C 15 00 01 C4 09 00 02 AC 0D 00 03 03 04 9A 05 68 41 2E 41 01 41 60 40 0B 40 2A 40 25 40 28 40 9A 40 26 40 19 40 FD 40 47 41 70 40 42 41 03 40 4F 41 A5 40 E6 40 21 40 50 40 37 41 32 40 E8 40 4B 81 94 11 00 01 C4 09 00 02 B8 0B 00 03 03 04 9A 05 03 04 9A 05 9A 05 9A 05 F1 81 88 13 00 01 D0 07 00 02 C4 09 00 03 03 04 9A 05 CF 41 D0 41 27 41 C1 40 D1 41 D2 41 31 41 BD 41 D3 41 26 40 D4 41 D5 41 C9 41 68 41 EE 40 4C 40 20 40 32 41 2C 40 F0 80 88 13 00 01 E8 03 00 02 C4 09 00 03 03 04 9A 05 00 00 00 00 00 00 00 00 00 00 00 00 00 00 00 00 00 00 00 00 00 00 00 00 00 00 00 00 00 00 00 00 00 00 00 00 00 00 00 00 00 00 00 00 00 00 00 00 00 00 00 00 00 00 00 00 00 00 00 00 00 00 00 00 00 00 00 00 00 00 00 00 00 00 00 00 00 00 00 00 00 00 00 00 00 00 00 00 00 00 EF E0 2F 59 9D 13 87 4B 7E
[406971][00:00:33.739]7E FF 02 FF 1B 6C C4 DE 67 05 5B 02 69 BF 5F 1E 01 22 0D 15 02 01 00 00 69 7F 94 D3 BD 5F 1E 01 20 05 00 00 45 0B C7 CA 33 20 00 00 12 74 72 FA 06 00 00 10 02 00 00 00 00 00 00 05 00 0F 01 00 00 64 20 00 00 12 74 72 04 00 00 01 0A D0 02 C8 02 30 00 39 00 06 0A 9E C3 D5 31 82 0D B7 1D C0 D7 00 5A 33 00 42 24 32 00 00 00 00 25 13 5E 1E 1E 3A 00 00 24 00 0E 50 15 50 1C 50 31 50 0C 50 04 50 87 50 8A 50 93 51 34 50 36 50 08 50 40 51 D8 50 62 50 3E 50 1A 50 06 50 BA 51 5D 50 29 50 39 51 75 50 7C 50 7C 51 BC 50 D8 51 5B 50 D9 50 9D 50 80 50 2E 50 05 50 44 51 35 50 42 51 68 51 F8 51 2D 50 34 51 E1 50 0A 51 EE 50 53 50 68 50 29 51 2D 51 DF 50 6C 51 26 51 FE 51 11 51 CF 50 1A 51 F2 50 86 50 82 50 FA 51 16 51 CA 50 AC 50 72 51 14 51 A2 50 A2 30 12 51 DE 41 3F 40 3C 40 79 41 E3 41 7B 41 CF 41 5B 41 A0 41 79 40 51 41 D9 41 EC 41 EB 41 F2 41 60 41 C9 41 8F 41 EA 41 C7 40 C0 41 D3 40 A6 40 A2 81 7C 15 00 01 C4 09 00 02 AC 0D 00 03 03 04 9A 05 68 41 2E 41 01 41 60 40 0B 40 2A 40 25 40 28 40 9A 40 26 40 19 40 FD 40 47 41 70 40 42 41 03 40 4F 41 A5 40 E6 40 21 40 50 40 37 41 32 40 E8 40 4B 81 94 11 00 01 C4 09 00 02 B8 0B 00 03 03 04 9A 05 03 04 9A 05 9A 05 9A 05 F1 81 88 13 00 01 D0 07 00 02 C4 09 00 03 03 04 9A 05 CF 41 D0 41 27 41 C1 40 D1 41 D2 41 31 41 BD 41 D3 41 26 40 D4 41 D5 41 C9 41 68 41 EE 40 4C 40 20 40 32 41 2C 40 F0 80 88 13 00 01 E8 03 00 02 C4 09 00 03 03 04 9A 05 00 00 00 00 00 00 00 00 00 00 00 00 00 00 00 00 00 00 00 00 00 00 00 00 00 00 00 00 00 00 00 00 00 00 00 00 00 00 00 00 00 00 00 00 00 00 00 00 00 00 00 00 00 00 00 00 00 00 00 00 00 00 00 00 00 00 00 00 00 00 00 00 00 00 00 00 00 00 00 00 00 00 00 00 00 00 00 00 00 00 EF E0 2F 59 2E 78 52 B8 7E
[406972][00:00:33.785]7E FF 02 FF 1C 6C E3 DE 67 05 98 02 14 98 6C 1E 00 00 03 15 02 01 00 00 69 7F 94 13 98 6C 1E 01 90 E8 04 00 E9 A1 60 CA 33 20 00 00 12 74 72 FA 06 00 00 10 02 00 00 00 00 00 00 05 00 0F 01 00 00 64 20 00 00 12 74 72 04 00 00 01 0A D0 02 C8 02 30 00 39 00 06 0A 9E C3 D5 31 82 0D B7 1D C0 D7 00 5A 33 00 42 24 32 00 00 00 00 25 13 5E 1E 1E 3A 00 00 24 00 0E 50 15 50 1C 50 31 50 0C 50 04 50 87 50 8A 50 93 51 34 50 36 50 08 50 40 51 D8 50 62 50 3E 50 1A 50 06 50 BA 51 5D 50 29 50 39 51 75 50 7C 50 7C 51 BC 50 D8 51 5B 50 D9 50 9D 50 80 50 2E 50 05 50 44 51 35 50 42 51 68 51 F8 51 2D 50 34 51 E1 50 0A 51 EE 50 53 50 68 50 29 51 2D 51 DF 50 6C 51 26 51 FE 51 11 51 CF 50 1A 51 F2 50 86 50 82 50 FA 51 16 51 CA 50 AC 50 72 51 14 51 A2 50 A2 30 12 51 DE 41 3F 40 3C 40 79 41 E3 41 7B 41 CF 41 5B 41 A0 41 79 40 51 41 D9 41 EC 41 EB 41 F2 41 60 41 C9 41 8F 41 EA 41 C7 40 C0 41 D3 40 A6 40 A2 81 7C 15 00 01 C4 09 00 02 AC 0D 00 03 03 04 9A 05 68 41 2E 41 01 41 60 40 0B 40 2A 40 25 40 28 40 9A 40 26 40 19 40 FD 40 47 41 70 40 42 41 03 40 4F 41 A5 40 E6 40 21 40 50 40 37 41 32 40 E8 40 4B 81 94 11 00 01 C4 09 00 02 B8 0B 00 03 03 04 9A 05 03 04 9A 05 9A 05 9A 05 F1 81 88 13 00 01 D0 07 00 02 C4 09 00 03 03 04 9A 05 CF 41 D0 41 27 41 C1 40 D1 41 D2 41 31 41 BD 41 D3 41 26 40 D4 41 D5 41 C9 41 68 41 EE 40 4C 40 20 40 32 41 2C 40 F0 80 88 13 00 01 E8 03 00 02 C4 09 00 03 03 04 9A 05 00 00 00 00 00 00 00 00 00 00 00 00 00 00 00 00 00 00 00 00 00 00 00 00 00 00 00 00 00 00 00 00 00 00 00 00 00 00 00 00 00 00 00 00 00 00 00 00 00 00 00 00 00 00 00 00 00 00 00 00 00 00 00 00 00 00 00 00 00 00 00 00 00 00 00 00 00 00 00 00 00 00 00 00 00 00 00 00 00 00 EF E0 2F 59 04 0E 5D 12 7E
[406973][00:00:33.830]7E FF 02 FF 1D 6C 07 DF 67 05 7E 02 FF 51 7A 1E 00 FF 03 15 02 01 00 00 69 7F 94 FF 51 7A 1E 01 90 E8 06 00 4A A6 28 CA 33 20 00 00 12 74 72 FA 06 00 00 10 02 00 00 00 00 00 00 05 00 0F 01 00 00 64 20 00 00 12 74 72 04 00 00 01 0A D0 02 C8 02 30 00 39 00 06 0A 9E C3 D5 31 82 0D B7 1D C0 D7 00 5A 33 00 42 24 32 00 00 00 00 25 13 5E 1E 1E 3A 00 00 24 00 0E 50 15 50 1C 50 31 50 0C 50 04 50 87 50 8A 50 93 51 34 50 36 50 08 50 40 51 D8 50 62 50 3E 50 1A 50 06 50 BA 51 5D 50 29 50 39 51 75 50 7C 50 7C 51 BC 50 D8 51 5B 50 D9 50 9D 50 80 50 2E 50 05 50 44 51 35 50 42 51 68 51 F8 51 2D 50 34 51 E1 50 0A 51 EE 50 53 50 68 50 29 51 2D 51 DF 50 6C 51 26 51 FE 51 11 51 CF 50 1A 51 F2 50 86 50 82 50 FA 51 16 51 CA 50 AC 50 72 51 14 51 A2 50 A2 30 12 51 DE 41 3F 40 3C 40 79 41 E3 41 7B 41 CF 41 5B 41 A0 41 79 40 51 41 D9 41 EC 41 EB 41 F2 41 60 41 C9 41 8F 41 EA 41 C7 40 C0 41 D3 40 A6 40 A2 81 7C 15 00 01 C4 09 00 02 AC 0D 00 03 03 04 9A 05 68 41 2E 41 01 41 60 40 0B 40 2A 40 25 40 28 40 9A 40 26 40 19 40 FD 40 47 41 70 40 42 41 03 40 4F 41 A5 40 E6 40 21 40 50 40 37 41 32 40 E8 40 4B 81 94 11 00 01 C4 09 00 02 B8 0B 00 03 03 04 9A 05 03 04 9A 05 9A 05 9A 05 F1 81 88 13 00 01 D0 07 00 02 C4 09 00 03 03 04 9A 05 CF 41 D0 41 27 41 C1 40 D1 41 D2 41 31 41 BD 41 D3 41 26 40 D4 41 D5 41 C9 41 68 41 EE 40 4C 40 20 40 32 41 2C 40 F0 80 88 13 00 01 E8 03 00 02 C4 09 00 03 03 04 9A 05 00 00 00 00 00 00 00 00 00 00 00 00 00 00 00 00 00 00 00 00 00 00 00 00 00 00 00 00 00 00 00 00 00 00 00 00 00 00 00 00 00 00 00 00 00 00 00 00 00 00 00 00 00 00 00 00 00 00 00 00 00 00 00 00 00 00 00 00 00 00 00 00 00 00 00 00 00 00 00 00 00 00 00 00 00 00 00 00 00 00 EF E0 2F 59 6F 76 2A 41 7E
[406974][00:00:33.890]7E FF 02 FF 1E 6C 4E DF 67 05 86 00 0B 36 95 1E 00 38 01 15 02 01 00 00 69 7F 94 A5 35 95 1E 15 90 E8 06 00 BE C3 67 C9 33 20 00 00 12 74 72 FA 06 00 00 10 02 00 00 00 00 00 00 05 00 0F 15 10 00 64 30 00 09 80 95 26 12 00 03 01 0A D0 02 C8 02 30 00 39 00 06 0A 9E C3 D5 31 82 0D B7 1D C0 D7 00 5A 33 00 42 24 32 00 00 00 00 25 13 5E 1E 1E 3A 00 00 24 00 0E 50 15 50 1C 50 31 50 0C 50 04 50 87 50 8A 50 93 51 34 50 36 50 08 50 40 51 D8 50 62 50 3E 50 1A 50 06 50 BA 51 5D 50 29 50 39 51 75 50 7C 50 7C 51 BC 50 D8 51 5B 50 D9 50 9D 50 80 50 2E 50 05 50 44 51 35 50 42 51 68 51 F8 51 2D 50 34 51 E1 50 0A 51 EE 50 53 50 68 50 29 51 2D 51 DF 50 6C 51 26 51 FE 51 11 51 CF 50 1A 51 F2 50 86 50 82 50 FA 51 16 51 CA 50 AC 50 72 51 14 51 A2 50 A2 30 12 51 DE 41 3F 40 3C 40 79 41 E3 41 7B 41 CF 41 5B 41 A0 41 79 40 51 41 D9 41 EC 41 EB 41 F2 41 60 41 C9 41 8F 41 EA 41 C7 40 C0 41 D3 40 A6 40 A2 81 7C 15 00 01 C4 09 00 02 AC 0D 00 03 03 04 9A 05 68 41 2E 41 01 41 60 40 0B 40 2A 40 25 40 28 40 9A 40 26 40 19 40 FD 40 47 41 70 40 42 41 03 40 4F 41 A5 40 E6 40 21 40 50 40 37 41 32 40 E8 40 4B 81 94 11 00 01 C4 09 00 02 B8 0B 00 03 03 04 9A 05 03 04 9A 05 9A 05 9A 05 F1 81 88 13 00 01 D0 07 00 02 C4 09 00 03 03 04 9A 05 CF 41 D0 41 27 41 C1 40 D1 41 D2 41 31 41 BD 41 D3 41 26 40 D4 41 D5 41 C9 41 68 41 EE 40 4C 40 20 40 32 41 2C 40 F0 80 88 13 00 01 E8 03 00 02 C4 09 00 03 03 04 9A 05 00 00 00 00 00 00 00 00 00 00 00 00 00 00 00 00 00 00 00 00 00 00 00 00 00 00 00 00 00 00 00 00 00 00 00 00 00 00 00 00 00 00 00 00 00 00 00 00 00 00 00 00 00 00 00 00 00 00 00 00 00 00 00 00 00 00 00 00 00 00 00 00 00 00 00 00 00 00 00 00 00 00 00 00 00 00 00 00 00 00 41 59 FD 46 3F 23 4D 66 7E
[406975][00:00:33.936]7E FF 02 FF 1F 6C 5C DF 67 05 90 00 6B 8E 9A 1E 00 3A 01 15 02 01 00 00 69 7F 94 01 8E 9A 1E 15 90 E8 06 00 AA 80 E9 C9 33 20 00 00 12 74 72 FA 06 00 00 10 02 00 00 00 00 00 00 05 00 0F 15 10 00 64 30 00 09 80 95 26 12 00 03 01 0A D0 02 C8 02 30 00 39 00 06 0A 9E C3 D5 31 82 0D B7 1D C0 D7 00 5A 33 00 42 24 32 00 00 00 00 25 13 5E 1E 1E 3A 00 00 24 00 0E 50 15 50 1C 50 31 50 0C 50 04 50 87 50 8A 50 93 51 34 50 36 50 08 50 40 51 D8 50 62 50 3E 50 1A 50 06 50 BA 51 5D 50 29 50 39 51 75 50 7C 50 7C 51 BC 50 D8 51 5B 50 D9 50 9D 50 80 50 2E 50 05 50 44 51 35 50 42 51 68 51 F8 51 2D 50 34 51 E1 50 0A 51 EE 50 53 50 68 50 29 51 2D 51 DF 50 6C 51 26 51 FE 51 11 51 CF 50 1A 51 F2 50 86 50 82 50 FA 51 16 51 CA 50 AC 50 72 51 14 51 A2 50 A2 30 12 51 DE 41 3F 40 3C 40 79 41 E3 41 7B 41 CF 41 5B 41 A0 41 79 40 51 41 D9 41 EC 41 EB 41 F2 41 60 41 C9 41 8F 41 EA 41 C7 40 C0 41 D3 40 A6 40 A2 81 7C 15 00 01 C4 09 00 02 AC 0D 00 03 03 04 9A 05 68 41 2E 41 01 41 60 40 0B 40 2A 40 25 40 28 40 9A 40 26 40 19 40 FD 40 47 41 70 40 42 41 03 40 4F 41 A5 40 E6 40 21 40 50 40 37 41 32 40 E8 40 4B 81 94 11 00 01 C4 09 00 02 B8 0B 00 03 03 04 9A 05 03 04 9A 05 9A 05 9A 05 F1 81 88 13 00 01 D0 07 00 02 C4 09 00 03 03 04 9A 05 CF 41 D0 41 27 41 C1 40 D1 41 D2 41 31 41 BD 41 D3 41 26 40 D4 41 D5 41 C9 41 68 41 EE 40 4C 40 20 40 32 41 2C 40 F0 80 88 13 00 01 E8 03 00 02 C4 09 00 03 03 04 9A 05 00 00 00 00 00 00 00 00 00 00 00 00 00 00 00 00 00 00 00 00 00 00 00 00 00 00 00 00 00 00 00 00 00 00 00 00 00 00 00 00 00 00 00 00 00 00 00 00 00 00 00 00 00 00 00 00 00 00 00 00 00 00 00 00 00 00 00 00 00 00 00 00 00 00 00 00 00 00 00 00 00 00 00 00 00 00 00 00 00 00 41 59 FD 46 AC 06 1E C7 7E
[406976][00:00:33.981]7E FF 02 FF 20 6C 72 DF 67 05 85 00 A6 F1 A2 1E 00 37 01 15 02 01 00 00 69 7F 94 45 F1 A2 1E 1C 90 E8 06 00 F5 8B 30 C9 33 20 00 00 12 74 72 FA 06 00 00 10 02 00 00 00 00 00 00 05 00 0F 1C 10 00 64 30 00 09 80 93 77 12 00 03 01 0A D0 02 C8 02 30 00 39 00 06 0A 9E C3 D5 31 82 0D B7 1D C0 D7 00 5A 33 00 42 24 32 00 00 00 00 25 13 5E 1E 1E 3A 00 00 24 00 0E 50 15 50 1C 50 31 50 0C 50 04 50 87 50 8A 50 93 51 34 50 36 50 08 50 40 51 D8 50 62 50 3E 50 1A 50 06 50 BA 51 5D 50 29 50 39 51 75 50 7C 50 7C 51 BC 50 D8 51 5B 50 D9 50 9D 50 80 50 2E 50 05 50 44 51 35 50 42 51 68 51 F8 51 2D 50 34 51 E1 50 0A 51 EE 50 53 50 68 50 29 51 2D 51 DF 50 6C 51 26 51 FE 51 11 51 CF 50 1A 51 F2 50 86 50 82 50 FA 51 16 51 CA 50 AC 50 72 51 14 51 A2 50 A2 30 12 51 DE 41 3F 40 3C 40 79 41 E3 41 7B 41 CF 41 5B 41 A0 41 79 40 51 41 D9 41 EC 41 EB 41 F2 41 60 41 C9 41 8F 41 EA 41 C7 40 C0 41 D3 40 A6 40 A2 81 7C 15 00 01 C4 09 00 02 AC 0D 00 03 03 04 9A 05 68 41 2E 41 01 41 60 40 0B 40 2A 40 25 40 28 40 9A 40 26 40 19 40 FD 40 47 41 70 40 42 41 03 40 4F 41 A5 40 E6 40 21 40 50 40 37 41 32 40 E8 40 4B 81 94 11 00 01 C4 09 00 02 B8 0B 00 03 03 04 9A 05 03 04 9A 05 9A 05 9A 05 F1 81 88 13 00 01 D0 07 00 02 C4 09 00 03 03 04 9A 05 CF 41 D0 41 27 41 C1 40 D1 41 D2 41 31 41 BD 41 D3 41 26 40 D4 41 D5 41 C9 41 68 41 EE 40 4C 40 20 40 32 41 2C 40 F0 80 88 13 00 01 E8 03 00 02 C4 09 00 03 03 04 9A 05 00 00 00 00 00 00 00 00 00 00 00 00 00 00 00 00 00 00 00 00 00 00 00 00 00 00 00 00 00 00 00 00 00 00 00 00 00 00 00 00 00 00 00 00 00 00 00 00 00 00 00 00 00 00 00 00 00 00 00 00 00 00 00 00 00 00 00 00 00 00 00 00 00 00 00 00 00 00 00 00 00 00 00 00 00 00 00 00 00 00 48 1F DE E8 AB 55 C3 CB 7E
[406977][00:00:34.042]7E FF 02 FF 21 6C 80 DF 67 05 85 00 05 4A A8 1E 00 37 01 15 02 01 00 00 69 7F 94 A1 49 A8 1E 1C 90 E8 06 00 E2 6E 37 C9 33 20 00 00 12 74 72 FA 06 00 00 10 02 00 00 00 00 00 00 05 00 0F 1C 10 00 64 30 00 09 80 93 77 12 00 03 01 0A D0 02 C8 02 30 00 39 00 06 0A 9E C3 D5 31 82 0D B7 1D C0 D7 00 5A 33 00 42 24 32 00 00 00 00 25 13 5E 1E 1E 3A 00 00 24 00 0E 50 15 50 1C 50 31 50 0C 50 04 50 87 50 8A 50 93 51 34 50 36 50 08 50 40 51 D8 50 62 50 3E 50 1A 50 06 50 BA 51 5D 50 29 50 39 51 75 50 7C 50 7C 51 BC 50 D8 51 5B 50 D9 50 9D 50 80 50 2E 50 05 50 44 51 35 50 42 51 68 51 F8 51 2D 50 34 51 E1 50 0A 51 EE 50 53 50 68 50 29 51 2D 51 DF 50 6C 51 26 51 FE 51 11 51 CF 50 1A 51 F2 50 86 50 82 50 FA 51 16 51 CA 50 AC 50 72 51 14 51 A2 50 A2 30 12 51 DE 41 3F 40 3C 40 79 41 E3 41 7B 41 CF 41 5B 41 A0 41 79 40 51 41 D9 41 EC 41 EB 41 F2 41 60 41 C9 41 8F 41 EA 41 C7 40 C0 41 D3 40 A6 40 A2 81 7C 15 00 01 C4 09 00 02 AC 0D 00 03 03 04 9A 05 68 41 2E 41 01 41 60 40 0B 40 2A 40 25 40 28 40 9A 40 26 40 19 40 FD 40 47 41 70 40 42 41 03 40 4F 41 A5 40 E6 40 21 40 50 40 37 41 32 40 E8 40 4B 81 94 11 00 01 C4 09 00 02 B8 0B 00 03 03 04 9A 05 03 04 9A 05 9A 05 9A 05 F1 81 88 13 00 01 D0 07 00 02 C4 09 00 03 03 04 9A 05 CF 41 D0 41 27 41 C1 40 D1 41 D2 41 31 41 BD 41 D3 41 26 40 D4 41 D5 41 C9 41 68 41 EE 40 4C 40 20 40 32 41 2C 40 F0 80 88 13 00 01 E8 03 00 02 C4 09 00 03 03 04 9A 05 00 00 00 00 00 00 00 00 00 00 00 00 00 00 00 00 00 00 00 00 00 00 00 00 00 00 00 00 00 00 00 00 00 00 00 00 00 00 00 00 00 00 00 00 00 00 00 00 00 00 00 00 00 00 00 00 00 00 00 00 00 00 00 00 00 00 00 00 00 00 00 00 00 00 00 00 00 00 00 00 00 00 00 00 00 00 00 00 00 00 48 1F DE E8 00 0A 3D 74 7E
[406978][00:00:34.087]7E FF 02 FF 22 6C EC DF 67 05 82 00 0F 7D D1 1E 00 39 00 15 02 01 00 00 69 7F 94 81 7C D1 1E 04 90 E8 04 00 8C 00 9F C9 33 20 00 00 12 74 72 FA 06 00 00 10 02 00 00 00 00 00 00 05 00 0F 04 10 00 64 30 00 09 80 44 14 12 00 02 01 0A D0 02 C8 02 30 00 39 00 06 0A 9E C3 D5 31 82 0D B7 1D C0 D7 00 5A 33 00 42 24 32 00 00 00 00 25 13 5E 1E 1E 3A 00 00 24 00 0E 50 15 50 1C 50 31 50 0C 50 04 50 87 50 8A 50 93 51 34 50 36 50 08 50 40 51 D8 50 62 50 3E 50 1A 50 06 50 BA 51 5D 50 29 50 39 51 75 50 7C 50 7C 51 BC 50 D8 51 5B 50 D9 50 9D 50 80 50 2E 50 05 50 44 51 35 50 42 51 68 51 F8 51 2D 50 34 51 E1 50 0A 51 EE 50 53 50 68 50 29 51 2D 51 DF 50 6C 51 26 51 FE 51 11 51 CF 50 1A 51 F2 50 86 50 82 50 FA 51 16 51 CA 50 AC 50 72 51 14 51 A2 50 A2 30 12 51 DE 41 3F 40 3C 40 79 41 E3 41 7B 41 CF 41 5B 41 A0 41 79 40 51 41 D9 41 EC 41 EB 41 F2 41 60 41 C9 41 8F 41 EA 41 C7 40 C0 41 D3 40 A6 40 A2 81 7C 15 00 01 C4 09 00 02 AC 0D 00 03 03 04 9A 05 68 41 2E 41 01 41 60 40 0B 40 2A 40 25 40 28 40 9A 40 26 40 19 40 FD 40 47 41 70 40 42 41 03 40 4F 41 A5 40 E6 40 21 40 50 40 37 41 32 40 E8 40 4B 81 94 11 00 01 C4 09 00 02 B8 0B 00 03 03 04 9A 05 03 04 9A 05 9A 05 9A 05 F1 81 88 13 00 01 D0 07 00 02 C4 09 00 03 03 04 9A 05 CF 41 D0 41 27 41 C1 40 D1 41 D2 41 31 41 BD 41 D3 41 26 40 D4 41 D5 41 C9 41 68 41 EE 40 4C 40 20 40 32 41 2C 40 F0 80 88 13 00 01 E8 03 00 02 C4 09 00 03 03 04 9A 05 00 00 00 00 00 00 00 00 00 00 00 00 00 00 00 00 00 00 00 00 00 00 00 00 00 00 00 00 00 00 00 00 00 00 00 00 00 00 00 00 00 00 00 00 00 00 00 00 00 00 00 00 00 00 00 00 00 00 00 00 00 00 00 00 00 00 00 00 00 00 00 00 00 00 00 00 00 00 00 00 00 00 00 00 00 00 00 00 00 00 C3 16 28 61 6F 90 42 EC 7E
[406979][00:00:34.132]7E FF 02 FF 23 6C 01 E0 67 05 A0 03 A0 CC D9 1E 00 2B 01 15 02 01 00 00 69 7F 94 EC CE D9 1E 87 90 E8 06 00 98 4D 3A C9 33 20 00 00 12 74 72 FA 06 00 00 10 02 00 00 00 00 00 00 05 00 0F 87 10 00 4D 70 00 00 68 35 16 12 00 03 01 0A D0 02 C8 02 30 00 39 00 06 0A 9E C3 D5 31 82 0D B7 1D C0 D7 00 5A 33 00 42 24 32 00 00 00 00 25 13 5E 1E 1E 3A 00 00 24 00 0E 50 15 50 1C 50 31 50 0C 50 04 50 87 50 8A 50 93 51 34 50 36 50 08 50 40 51 D8 50 62 50 3E 50 1A 50 06 50 BA 51 5D 50 29 50 39 51 75 50 7C 50 7C 51 BC 50 D8 51 5B 50 D9 50 9D 50 80 50 2E 50 05 50 44 51 35 50 42 51 68 51 F8 51 2D 50 34 51 E1 50 0A 51 EE 50 53 50 68 50 29 51 2D 51 DF 50 6C 51 26 51 FE 51 11 51 CF 50 1A 51 F2 50 86 50 82 50 FA 51 16 51 CA 50 AC 50 72 51 14 51 A2 50 A2 30 12 51 DE 41 3F 40 3C 40 79 41 E3 41 7B 41 CF 41 5B 41 A0 41 79 40 51 41 D9 41 EC 41 EB 41 F2 41 60 41 C9 41 8F 41 EA 41 C7 40 C0 41 D3 40 A6 40 A2 81 7C 15 00 01 C4 09 00 02 AC 0D 00 03 03 04 9A 05 00 00 00 00 00 00 00 00 00 00 00 00 00 00 00 00 00 00 00 00 00 00 00 00 00 00 00 00 00 00 00 00 00 00 00 00 00 00 00 00 00 00 00 00 00 00 00 00 00 00 00 00 00 00 00 00 00 00 00 00 00 00 00 00 00 00 00 00 00 00 00 00 00 00 00 00 00 00 00 00 00 00 00 00 00 00 00 00 00 00 00 00 00 00 00 00 00 00 00 00 00 00 00 00 00 00 00 00 00 00 00 00 00 00 00 00 00 00 00 00 00 00 00 00 00 00 00 00 00 00 00 00 00 00 00 00 00 00 00 00 00 00 00 00 00 00 00 00 00 00 00 00 00 00 00 00 00 00 00 00 00 00 00 00 00 00 00 00 00 00 00 00 00 00 00 00 00 00 00 00 00 00 00 00 00 00 00 00 00 00 00 00 00 00 00 00 00 00 00 00 00 00 00 00 00 00 00 00 00 00 00 00 00 00 00 00 00 00 00 00 00 00 00 00 00 00 00 00 00 00 00 00 00 00 00 00 00 00 F3 2F 68 BD BC A3 F7 BA 7E
[406980][00:00:34.192]7E FF 02 FF 24 6C 92 E0 67 05 82 00 B1 CE 10 1F 00 3B 01 15 02 01 00 00 69 7F 94 45 CE 10 1F 36 90 E8 06 00 55 C6 6F C9 33 20 00 00 12 74 72 FA 06 00 00 10 02 00 00 00 00 00 00 05 00 0F 36 10 00 64 30 00 09 79 78 92 12 00 03 01 0A D0 02 C8 02 30 00 39 00 06 0A 9E C3 D5 31 82 0D B7 1D C0 D7 00 5A 33 00 42 24 32 00 00 00 00 25 13 5E 1E 1E 3A 00 00 24 00 0E 50 15 50 1C 50 31 50 0C 50 04 50 87 50 8A 50 93 51 34 50 36 50 08 50 40 51 D8 50 62 50 3E 50 1A 50 06 50 BA 51 5D 50 29 50 39 51 75 50 7C 50 7C 51 BC 50 D8 51 5B 50 D9 50 9D 50 80 50 2E 50 05 50 44 51 35 50 42 51 68 51 F8 51 2D 50 34 51 E1 50 0A 51 EE 50 53 50 68 50 29 51 2D 51 DF 50 6C 51 26 51 FE 51 11 51 CF 50 1A 51 F2 50 86 50 82 50 FA 51 16 51 CA 50 AC 50 72 51 14 51 A2 50 A2 30 12 51 DE 41 3F 40 3C 40 79 41 E3 41 7B 41 CF 41 5B 41 A0 41 79 40 51 41 D9 41 EC 41 EB 41 F2 41 60 41 C9 41 8F 41 EA 41 C7 40 C0 41 D3 40 A6 40 A2 81 7C 15 00 01 C4 09 00 02 AC 0D 00 03 03 04 9A 05 68 41 2E 41 01 41 60 40 0B 40 2A 40 25 40 28 40 9A 40 26 40 19 40 FD 40 47 41 70 40 42 41 03 40 4F 41 A5 40 E6 40 21 40 50 40 37 41 32 40 E8 40 4B 81 94 11 00 01 C4 09 00 02 B8 0B 00 03 03 04 9A 05 03 04 9A 05 9A 05 9A 05 F1 81 88 13 00 01 D0 07 00 02 C4 09 00 03 03 04 9A 05 CF 41 D0 41 27 41 C1 40 D1 41 D2 41 31 41 BD 41 D3 41 26 40 D4 41 D5 41 C9 41 68 41 EE 40 4C 40 20 40 32 41 2C 40 F0 80 88 13 00 01 E8 03 00 02 C4 09 00 03 03 04 9A 05 00 00 00 00 00 00 00 00 00 00 00 00 00 00 00 00 00 00 00 00 00 00 00 00 00 00 00 00 00 00 00 00 00 00 00 00 00 00 00 00 00 00 00 00 00 00 00 00 00 00 00 00 00 00 00 00 00 00 00 00 00 00 00 00 00 00 00 00 00 00 00 00 00 00 00 00 00 00 00 00 00 00 00 00 00 00 00 00 00 00 F0 A9 F6 36 CF 7C 85 18 7E
[406981][00:00:34.296]7E FF 02 FF 25 6C 22 E1 67 05 7A 00 59 BD 47 1F 00 37 01 15 02 01 00 00 69 7F 94 C5 BC 47 1F 62 90 E8 04 00 54 1B 23 C9 33 20 00 00 12 74 72 FA 06 00 00 10 02 00 00 00 00 00 00 05 00 0F 62 10 00 64 30 00 09 81 09 37 12 00 02 01 0A D0 02 C8 02 30 00 39 00 06 0A 9E C3 D5 31 82 0D B7 1D C0 D7 00 5A 33 00 42 24 32 00 00 00 00 25 13 5E 1E 1E 3A 00 00 24 00 0E 50 15 50 1C 50 31 50 0C 50 04 50 87 50 8A 50 93 51 34 50 36 50 08 50 40 51 D8 50 62 50 3E 50 1A 50 06 50 BA 51 5D 50 29 50 39 51 75 50 7C 50 7C 51 BC 50 D8 51 5B 50 D9 50 9D 50 80 50 2E 50 05 50 44 51 35 50 42 51 68 51 F8 51 2D 50 34 51 E1 50 0A 51 EE 50 53 50 68 50 29 51 2D 51 DF 50 6C 51 26 51 FE 51 11 51 CF 50 1A 51 F2 50 86 50 82 50 FA 51 16 51 CA 50 AC 50 72 51 14 51 A2 50 A2 30 12 51 DE 41 3F 40 3C 40 79 41 E3 41 7B 41 CF 41 5B 41 A0 41 79 40 51 41 D9 41 EC 41 EB 41 F2 41 60 41 C9 41 8F 41 EA 41 C7 40 C0 41 D3 40 A6 40 A2 81 7C 15 00 01 C4 09 00 02 AC 0D 00 03 03 04 9A 05 68 41 2E 41 01 41 60 40 0B 40 2A 40 25 40 28 40 9A 40 26 40 19 40 FD 40 47 41 70 40 42 41 03 40 4F 41 A5 40 E6 40 21 40 50 40 37 41 32 40 E8 40 4B 81 94 11 00 01 C4 09 00 02 B8 0B 00 03 03 04 9A 05 03 04 9A 05 9A 05 9A 05 F1 81 88 13 00 01 D0 07 00 02 C4 09 00 03 03 04 9A 05 CF 41 D0 41 27 41 C1 40 D1 41 D2 41 31 41 BD 41 D3 41 26 40 D4 41 D5 41 C9 41 68 41 EE 40 4C 40 20 40 32 41 2C 40 F0 80 88 13 00 01 E8 03 00 02 C4 09 00 03 03 04 9A 05 00 00 00 00 00 00 00 00 00 00 00 00 00 00 00 00 00 00 00 00 00 00 00 00 00 00 00 00 00 00 00 00 00 00 00 00 00 00 00 00 00 00 00 00 00 00 00 00 00 00 00 00 00 00 00 00 00 00 00 00 00 00 00 00 00 00 00 00 00 00 00 00 00 00 00 00 00 00 00 00 00 00 00 00 00 00 00 00 00 00 C2 FD 00 F1 6F BC 3B F4 7E
[406982][00:00:34.371]7E FF 02 FF 27 6C 46 E1 67 05 87 00 FC 78 55 1F 00 37 01 15 02 01 00 00 69 7F 94 65 78 55 1F 3E 90 E8 04 00 33 82 58 C9 33 20 00 00 12 74 72 FA 06 00 00 10 02 00 00 00 00 00 00 05 00 0F 3E 10 00 64 30 00 09 80 94 75 12 00 02 01 0A D0 02 C8 02 30 00 39 00 06 0A 9E C3 D5 31 82 0D B7 1D C0 D7 00 5A 33 00 42 24 32 00 00 00 00 25 13 5E 1E 1E 3A 00 00 24 00 0E 50 15 50 1C 50 31 50 0C 50 04 50 87 50 8A 50 93 51 34 50 36 50 08 50 40 51 D8 50 62 50 3E 50 1A 50 06 50 BA 51 5D 50 29 50 39 51 75 50 7C 50 7C 51 BC 50 D8 51 5B 50 D9 50 9D 50 80 50 2E 50 05 50 44 51 35 50 42 51 68 51 F8 51 2D 50 34 51 E1 50 0A 51 EE 50 53 50 68 50 29 51 2D 51 DF 50 6C 51 26 51 FE 51 11 51 CF 50 1A 51 F2 50 86 50 82 50 FA 51 16 51 CA 50 AC 50 72 51 14 51 A2 50 A2 30 12 51 DE 41 3F 40 3C 40 79 41 E3 41 7B 41 CF 41 5B 41 A0 41 79 40 51 41 D9 41 EC 41 EB 41 F2 41 60 41 C9 41 8F 41 EA 41 C7 40 C0 41 D3 40 A6 40 A2 81 7C 15 00 01 C4 09 00 02 AC 0D 00 03 03 04 9A 05 68 41 2E 41 01 41 60 40 0B 40 2A 40 25 40 28 40 9A 40 26 40 19 40 FD 40 47 41 70 40 42 41 03 40 4F 41 A5 40 E6 40 21 40 50 40 37 41 32 40 E8 40 4B 81 94 11 00 01 C4 09 00 02 B8 0B 00 03 03 04 9A 05 03 04 9A 05 9A 05 9A 05 F1 81 88 13 00 01 D0 07 00 02 C4 09 00 03 03 04 9A 05 CF 41 D0 41 27 41 C1 40 D1 41 D2 41 31 41 BD 41 D3 41 26 40 D4 41 D5 41 C9 41 68 41 EE 40 4C 40 20 40 32 41 2C 40 F0 80 88 13 00 01 E8 03 00 02 C4 09 00 03 03 04 9A 05 00 00 00 00 00 00 00 00 00 00 00 00 00 00 00 00 00 00 00 00 00 00 00 00 00 00 00 00 00 00 00 00 00 00 00 00 00 00 00 00 00 00 00 00 00 00 00 00 00 00 00 00 00 00 00 00 00 00 00 00 00 00 00 00 00 00 00 00 00 00 00 00 00 00 00 00 00 00 00 00 00 00 00 00 00 00 00 00 00 00 BD 5C F0 24 F0 36 BD 8F 7E
[406983][00:00:34.417]7E FF 02 FF 28 6C 54 E1 67 05 86 00 4E D1 5A 1F 00 34 01 15 02 01 00 00 69 7F 94 C1 D0 5A 1F 3E 90 E8 04 00 55 D0 1E C9 33 20 00 00 12 74 72 FA 06 00 00 10 02 00 00 00 00 00 00 05 00 0F 3E 10 00 64 30 00 09 80 94 75 12 00 02 01 0A D0 02 C8 02 30 00 39 00 06 0A 9E C3 D5 31 82 0D B7 1D C0 D7 00 5A 33 00 42 24 32 00 00 00 00 25 13 5E 1E 1E 3A 00 00 24 00 0E 50 15 50 1C 50 31 50 0C 50 04 50 87 50 8A 50 93 51 34 50 36 50 08 50 40 51 D8 50 62 50 3E 50 1A 50 06 50 BA 51 5D 50 29 50 39 51 75 50 7C 50 7C 51 BC 50 D8 51 5B 50 D9 50 9D 50 80 50 2E 50 05 50 44 51 35 50 42 51 68 51 F8 51 2D 50 34 51 E1 50 0A 51 EE 50 53 50 68 50 29 51 2D 51 DF 50 6C 51 26 51 FE 51 11 51 CF 50 1A 51 F2 50 86 50 82 50 FA 51 16 51 CA 50 AC 50 72 51 14 51 A2 50 A2 30 12 51 DE 41 3F 40 3C 40 79 41 E3 41 7B 41 CF 41 5B 41 A0 41 79 40 51 41 D9 41 EC 41 EB 41 F2 41 60 41 C9 41 8F 41 EA 41 C7 40 C0 41 D3 40 A6 40 A2 81 7C 15 00 01 C4 09 00 02 AC 0D 00 03 03 04 9A 05 68 41 2E 41 01 41 60 40 0B 40 2A 40 25 40 28 40 9A 40 26 40 19 40 FD 40 47 41 70 40 42 41 03 40 4F 41 A5 40 E6 40 21 40 50 40 37 41 32 40 E8 40 4B 81 94 11 00 01 C4 09 00 02 B8 0B 00 03 03 04 9A 05 03 04 9A 05 9A 05 9A 05 F1 81 88 13 00 01 D0 07 00 02 C4 09 00 03 03 04 9A 05 CF 41 D0 41 27 41 C1 40 D1 41 D2 41 31 41 BD 41 D3 41 26 40 D4 41 D5 41 C9 41 68 41 EE 40 4C 40 20 40 32 41 2C 40 F0 80 88 13 00 01 E8 03 00 02 C4 09 00 03 03 04 9A 05 00 00 00 00 00 00 00 00 00 00 00 00 00 00 00 00 00 00 00 00 00 00 00 00 00 00 00 00 00 00 00 00 00 00 00 00 00 00 00 00 00 00 00 00 00 00 00 00 00 00 00 00 00 00 00 00 00 00 00 00 00 00 00 00 00 00 00 00 00 00 00 00 00 00 00 00 00 00 00 00 00 00 00 00 00 00 00 00 00 00 BD 5C F0 24 C7 7E D5 63 7E
[406984][00:00:37.021]7E FF 02 FF 29 6C FE EB 67 05 27 01 E8 51 6C 23 00 34 01 10 00 01 00 03 69 7F 94 14 0D E1 2C 00 00 00 10 02 8E 80 DC 12 4D F1 05 7E
[406985][00:00:37.486]7E FF 02 FF 2A 6C A8 ED 67 05 A1 03 AD 0B 0F 24 00 3A 00 14 01 01 00 01 69 7F 94 20 F0 FF 01 E5 14 EB C2 00 CB E5 32 00 02 FF 2F 01 50 94 00 86 70 01 04 00 33 00 00 08 00 00 00 20 50 03 31 30 00 09 04 22 19 20 00 00 12 74 72 39 1C 06 17 31 00 08 01 02 00 2F 00 00 00 00 00 35 30 2C 0C C1 0A 20 90 0C 00 00 00 28 00 00 21 00 00 41 80 00 00 00 00 40 80 02 00 00 80 04 50 22 2A 02 83 00 00 1E 40 88 40 00 00 00 00 00 30 04 01 03 0A 04 06 01 03 02 04 01 02 04 02 02 01 01 01 03 01 01 01 02 02 05 03 03 02 02 01 03 01 01 01 02 01 04 01 05 03 02 01 04 03 01 02 01 02 02 04 8C BE A4 71 00 00 00 00 00 00 00 00 00 00 00 00 00 00 00 00 00 00 00 00 00 00 00 00 00 00 00 00 00 00 00 00 00 00 00 00 00 00 00 00 00 00 00 00 00 00 00 00 00 00 00 00 00 00 00 00 00 00 00 00 00 00 00 00 00 00 00 00 00 00 00 00 00 00 00 00 00 00 00 00 00 00 00 00 00 00 00 00 00 00 00 00 00 00 00 00 00 00 00 00 00 00 00 00 00 00 B4 A1 13 1B 7E
[406986][00:00:37.995]7E FF 02 FF 2B 6C C1 EF 67 05 65 01 D9 AD DB 24 00 FD 03 54 00 01 00 01 69 7F 94 01 60 00 03 B6 12 40 E0 00 46 9A D7 10 00 03 00 0A DA AF 30 10 88 FF 00 00 33 00 00 11 A1 00 00 01 23 C8 07 30 00 09 05 35 34 03 02 47 8D 09 1B 00 00 00 00 00 00 00 00 00 00 00 00 00 00 00 00 00 00 00 00 00 00 00 00 00 00 00 00 00 00 00 00 AA EA 74 70 7E
[406987][00:00:38.040]7E FF 02 FF 2C 6C EA EF 67 05 AF 03 C9 88 EB 24 00 FD 03 54 00 01 00 01 69 7F 94 01 60 00 03 B6 12 40 E4 00 57 98 53 10 00 03 00 0A DA AF 30 10 88 FF 00 00 33 00 00 11 A1 00 00 01 23 C8 07 30 00 09 05 35 34 03 02 47 8D 09 1B 00 00 00 00 00 00 00 00 00 00 00 00 00 00 00 00 00 00 00 00 00 00 00 00 00 00 00 00 00 00 00 00 9F 8A 04 58 7E
[406988][00:00:38.085]7E FF 02 FF 2D 6C 1B F0 67 05 68 02 AA 19 FE 24 00 FD 03 54 00 01 00 01 69 7F 94 01 60 00 03 B6 12 40 E4 00 57 98 53 10 00 03 00 0A DA AF 30 10 88 FF 00 00 33 00 00 11 A1 00 00 01 23 C8 07 30 00 09 05 35 34 03 02 47 8D 09 1B 00 00 00 00 00 00 00 00 00 00 00 00 00 00 00 00 00 00 00 00 00 00 00 00 00 00 00 00 00 00 00 00 CF 4B FA C0 7E
[406989][00:00:38.190]7E FF 02 FF 2E 6C 86 F0 67 05 E1 01 97 DF 26 25 00 FD 03 54 00 01 00 01 69 7F 94 01 60 00 03 B6 12 40 E4 00 57 98 53 10 00 03 00 0A DA AF 30 10 88 FF 00 00 33 00 00 11 A1 00 00 01 23 C8 07 30 00 09 05 35 34 03 02 47 8D 09 1B 00 00 00 00 00 00 00 00 00 00 00 00 00 00 00 00 00 00 00 00 00 00 00 00 00 00 00 00 00 00 00 00 1E 48 D2 F0 7E
[406990][00:00:38.327]7E FF 02 FF 2F 6C 6C F1 67 05 3A 01 E5 64 58 25 00 FD 03 54 00 01 00 01 69 7F 94 01 60 00 03 B6 12 40 E4 00 57 98 53 10 00 03 00 0A DA AF 30 10 88 FF 00 00 33 00 00 11 A1 00 00 01 23 C8 07 30 00 09 05 35 34 03 02 47 8D 09 1B 00 00 00 00 00 00 00 00 00 00 00 00 00 00 00 00 00 00 00 00 00 00 00 00 00 00 00 00 00 00 00 00 1B 20 86 DB 7E
[406991][00:00:38.492]7E FF 02 FF 30 6C B9 F1 67 05 88 01 92 F3 9B 25 00 FD 03 54 00 01 00 01 69 7F 94 01 60 00 03 B6 12 40 E4 00 57 98 53 10 00 03 00 0A DA AF 30 10 88 FF 00 00 33 00 00 11 A1 00 00 01 23 C8 07 30 00 09 05 35 34 03 02 47 8D 09 1B 00 00 00 00 00 00 00 00 00 00 00 00 00 00 00 00 00 00 00 00 00 00 00 00 00 00 00 00 00 00 00 00 5B F0 D0 FE 7E
[406992][00:00:38.597]7E FF 02 FF 31 6C 18 F2 67 05 B4 03 D7 67 C0 25 00 FE 03 54 00 01 00 01 69 7F 94 01 60 00 03 B6 12 40 E4 00 57 98 53 10 00 03 00 0A DA AF 30 10 88 FF 00 00 33 00 00 11 A1 00 00 01 23 C8 07 30 00 09 05 35 34 03 02 47 8D 09 1B 00 00 00 00 00 00 00 00 00 00 00 00 00 00 00 00 00 00 00 00 00 00 00 00 00 00 00 00 00 00 00 00 DC 94 24 F5 7E
[406993][00:00:38.703]7E FF 02 FF 32 6C 8C F2 67 05 B9 00 70 5C EC 25 00 FE 03 54 00 01 00 01 69 7F 94 01 60 00 03 B6 12 40 E4 00 57 98 53 10 00 03 00 0A DA AF 30 10 88 FF 00 00 33 00 00 11 A1 00 00 01 23 C8 07 30 00 09 05 35 34 03 02 47 8D 09 1B 00 00 00 00 00 00 00 00 00 00 00 00 00 00 00 00 00 00 00 00 00 00 00 00 00 00 00 00 00 00 00 00 39 D6 30 A4 7E
[406994][00:00:38.807]7E FF 02 FF 33 6C EC F2 67 05 55 01 6A 09 11 26 00 FE 03 54 00 01 00 01 69 7F 94 01 60 00 03 B6 12 40 E4 00 57 98 53 10 00 03 00 0A DA AF 30 10 88 FF 00 00 33 00 00 11 A1 00 00 01 23 C8 07 30 00 09 05 35 34 03 02 47 8D 09 1B 00 00 00 00 00 00 00 00 00 00 00 00 00 00 00 00 00 00 00 00 00 00 00 00 00 00 00 00 00 00 00 00 DD 39 C2 00 7E
[406995][00:00:38.883]7E FF 02 FF 34 6C 2E F3 67 05 A3 03 E0 6F 2A 26 00 37 00 94 00 01 00 01 69 7F 94 00 50 00 01 FC 13 79 44 00 EF AE 24 00 00 05 00 0A 63 D0 00 5C 78 EF 0C 00 33 00 00 30 00 09 05 35 34 FF FF FF FF FF FF 00 00 00 00 30 00 09 05 35 34 05 00 00 00 00 00 00 00 00 00 39 03 00 01 22 84 24 45 E8 07 02 12 09 23 07 03 01 00 01 01 00 02 02 00 0D 00 00 09 03 31 17 6E 54 4E 59 58 0F 00 0F 00 00 00 00 00 02 00 00 00 47 6E AC 67 7F 24 AA 3A 6F A1 1B 00 00 31 44 59 58 03 FB C1 01 9C 02 01 E3 20 A5 6E 00 00 00 00 00 00 00 00 07 3C 93 81 7E
[406996][00:00:38.973]7E FF 02 FF 35 6C 8E F3 67 05 C1 00 30 C8 4E 26 00 FD 03 54 00 01 00 01 69 7F 94 01 60 00 03 B6 12 40 E4 00 57 98 53 10 00 03 00 0A DA AF 30 10 88 FF 00 00 33 00 00 11 A1 00 00 01 23 C8 07 30 00 09 05 35 34 03 02 47 8D 09 1B 00 00 00 00 00 00 00 00 00 00 00 00 00 00 00 00 00 00 00 00 00 00 00 00 00 00 00 00 00 00 00 00 32 11 FF 1E 7E
[406997][00:00:39.018]7E FF 02 FF 36 6C C0 F3 67 05 4E 00 16 D1 61 26 00 38 00 94 00 01 00 01 69 7F 94 00 50 00 01 FC 13 79 44 00 EF AE 24 00 00 05 00 0A 41 33 00 5C 70 EF 0C 00 33 00 00 30 00 09 04 02 59 FF FF FF FF FF FF 00 00 00 00 30 00 09 04 02 59 05 00 00 00 00 00 00 00 00 00 39 03 00 01 70 56 11 45 E8 07 02 12 09 23 07 03 01 00 01 01 00 02 02 00 0D 00 00 09 03 31 17 6E 54 4E 59 58 0E 00 0E 00 00 00 00 00 03 00 00 00 2A 77 F3 41 F1 1F 10 DC B5 85 1A 00 00 31 44 59 58 03 FB C1 01 9C 02 01 1D 35 64 4E 00 00 00 00 00 00 00 00 68 1E 20 13 7E
[406998][00:00:39.063]7E FF 02 FF 37 6C E4 F3 67 05 E7 00 0A 99 6F 26 00 38 00 94 00 01 00 01 69 7F 94 00 50 00 01 FC 13 79 44 00 EF AE 24 00 00 05 00 0A 41 33 00 5C 70 EF 0C 00 33 00 00 30 00 09 04 02 59 FF FF FF FF FF FF 00 00 00 00 30 00 09 04 02 59 05 00 00 00 00 00 00 00 00 00 39 03 00 01 70 56 11 45 E8 07 02 12 09 23 07 03 01 00 01 01 00 02 02 00 0D 00 00 09 03 31 17 6E 54 4E 59 58 0E 00 0E 00 00 00 00 00 03 00 00 00 2A 77 F3 41 F1 1F 10 DC B5 85 1A 00 00 31 44 59 58 03 FB C1 01 9C 02 01 1D 35 64 4E 00 00 00 00 00 00 00 00 C7 FB 3A 8F 7E
[406999][00:00:39.107]7E FF 02 FF 38 6C EF F3 67 05 22 03 FE 69 72 26 01 22 10 14 01 01 00 01 69 7F 94 01 80 0D 03 6A 41 00 10 00 16 42 9C 10 00 C8 00 03 DC AF 30 74 88 FF 00 00 33 00 00 11 03 00 00 01 02 83 06 C9 1E 28 0A FE FE FE FE 68 62 00 43 05 25 72 53 06 00 30 10 1C F7 10 00 3E 05 03 31 50 02 02 00 01 20 21 02 00 1C 07 EA 06 1D 0B 00 00 08 00 20 21 02 00 00 20 01 04 00 00 20 00 02 00 00 20 01 02 00 00 20 04 02 00 00 20 0A 02 00 00 00 10 02 01 00 00 20 02 01 00 01 10 F0 D5 56 98 83 8E 08 15 8F 01 3B 87 D4 9A 8C D7 79 47 16 59 09 F7 2E 00 00 00 00 00 00 00 00 00 00 00 00 00 00 00 00 00 00 00 00 00 00 00 00 00 00 00 00 00 00 00 00 00 00 00 00 00 00 00 00 00 00 00 00 00 00 00 00 00 00 00 00 00 00 00 00 00 00 00 00 00 00 00 00 00 00 00 00 00 00 00 00 00 00 00 00 00 00 00 00 00 00 00 00 00 00 00 00 00 00 00 00 00 00 00 00 00 00 00 00 00 00 00 00 00 00 00 00 00 00 00 00 00 00 00 00 00 00 00 00 00 00 00 00 0F AD C7 80 7E
[407000][00:00:40.037]7E FF 02 FF 39 6C A4 F7 67 05 AC 02 67 FD DD 27 00 FD 03 14 01 01 00 01 69 7F 94 01 60 00 03 27 16 EB C0 00 98 5E C8 10 00 C6 00 03 DB AF 30 74 88 FF 00 00 33 00 00 11 03 00 00 01 02 83 06 C8 1E 28 0A FE FE FE FE 68 62 00 43 05 92 51 53 06 00 30 10 4E E9 10 00 3E 05 03 30 50 02 02 00 01 20 21 02 00 1C 07 EA 06 1D 0B 00 00 08 00 20 21 02 00 00 20 01 04 00 00 20 00 02 00 00 20 01 02 00 00 20 04 02 00 00 20 0A 02 00 00 00 10 02 01 00 00 20 02 01 00 01 10 F0 D5 56 98 83 8E 08 15 8F 01 3B 87 D4 9A 8C D7 DE 17 16 0B B5 BC 1C 00 00 00 00 00 00 00 00 00 00 00 00 00 00 00 00 00 00 00 00 00 00 00 00 00 00 00 00 00 00 00 00 00 00 00 00 00 00 00 00 00 00 00 00 00 00 00 00 00 00 00 00 00 00 00 00 00 00 00 00 00 00 00 00 00 00 00 00 00 00 00 00 00 00 00 00 00 00 00 00 00 00 00 00 00 00 00 00 00 00 00 00 00 00 00 00 00 00 00 00 00 00 00 00 00 00 00 00 00 00 00 00 00 00 00 00 00 00 00 00 00 00 00 00 7C DB 2A 7E 7E
[407001][00:00:40.097]7E FF 02 FF 3A 6C DE F7 67 05 AF 01 77 01 F4 27 00 FD 03 14 01 01 00 01 69 7F 94 01 60 00 03 27 16 EB C4 00 89 5C 4C 10 00 C6 00 03 DB AF 30 74 88 FF 00 00 33 00 00 11 03 00 00 01 02 83 06 C8 1E 28 0A FE FE FE FE 68 62 00 43 05 92 51 53 06 00 30 10 4E E9 10 00 3E 05 03 30 50 02 02 00 01 20 21 02 00 1C 07 EA 06 1D 0B 00 00 08 00 20 21 02 00 00 20 01 04 00 00 20 00 02 00 00 20 01 02 00 00 20 04 02 00 00 20 0A 02 00 00 00 10 02 01 00 00 20 02 01 00 01 10 F0 D5 56 98 83 8E 08 15 8F 01 3B 87 D4 9A 8C D7 DE 17 16 0B B5 BC 1C 00 00 00 00 00 00 00 00 00 00 00 00 00 00 00 00 00 00 00 00 00 00 00 00 00 00 00 00 00 00 00 00 00 00 00 00 00 00 00 00 00 00 00 00 00 00 00 00 00 00 00 00 00 00 00 00 00 00 00 00 00 00 00 00 00 00 00 00 00 00 00 00 00 00 00 00 00 00 00 00 00 00 00 00 00 00 00 00 00 00 00 00 00 00 00 00 00 00 00 00 00 00 00 00 00 00 00 00 00 00 00 00 00 00 00 00 00 00 00 00 00 00 00 00 23 AA FC B3 7E
[407002][00:00:40.158]7E FF 02 FF 3B 6C 1C F8 67 05 24 01 39 9B 0B 28 00 FD 03 14 01 01 00 01 69 7F 94 01 60 00 03 27 16 EB C4 00 89 5C 4C 10 00 C6 00 03 DB AF 30 74 88 FF 00 00 33 00 00 11 03 00 00 01 02 83 06 C8 1E 28 0A FE FE FE FE 68 62 00 43 05 92 51 53 06 00 30 10 4E E9 10 00 3E 05 03 30 50 02 02 00 01 20 21 02 00 1C 07 EA 06 1D 0B 00 00 08 00 20 21 02 00 00 20 01 04 00 00 20 00 02 00 00 20 01 02 00 00 20 04 02 00 00 20 0A 02 00 00 00 10 02 01 00 00 20 02 01 00 01 10 F0 D5 56 98 83 8E 08 15 8F 01 3B 87 D4 9A 8C D7 DE 17 16 0B B5 BC 1C 00 00 00 00 00 00 00 00 00 00 00 00 00 00 00 00 00 00 00 00 00 00 00 00 00 00 00 00 00 00 00 00 00 00 00 00 00 00 00 00 00 00 00 00 00 00 00 00 00 00 00 00 00 00 00 00 00 00 00 00 00 00 00 00 00 00 00 00 00 00 00 00 00 00 00 00 00 00 00 00 00 00 00 00 00 00 00 00 00 00 00 00 00 00 00 00 00 00 00 00 00 00 00 00 00 00 00 00 00 00 00 00 00 00 00 00 00 00 00 00 00 00 00 00 43 56 17 F3 7E
[407003][00:00:40.189]7E FF 02 FF 3C 6C 39 F8 67 05 6A 01 D6 B4 16 28 00 FD 03 14 01 01 00 01 69 7F 94 01 60 00 03 27 16 EB C0 00 98 5E C8 10 00 AC 00 03 DD AF 30 74 88 FF 00 00 33 00 00 11 03 00 00 01 02 83 06 CA 1E 28 0A FE FE FE FE 68 62 00 43 05 52 91 53 06 00 30 10 26 AF 10 00 3E 05 03 32 50 02 02 00 01 20 21 02 00 1C 07 EA 06 1D 0B 00 00 08 00 20 21 02 00 00 20 01 04 00 00 20 00 02 00 00 20 01 02 00 00 20 04 02 00 00 20 0A 02 00 00 00 10 02 01 00 00 20 02 01 00 01 10 F0 D5 56 98 83 8E 08 15 8F 01 3B 87 D4 9A 8C D7 90 B6 16 C7 D2 A0 AD 00 00 00 00 00 00 00 00 00 00 00 00 00 00 00 00 00 00 00 00 00 00 00 00 00 00 00 00 00 00 00 00 00 00 00 00 00 00 00 00 00 00 00 00 00 00 00 00 00 00 00 00 00 00 00 00 00 00 00 00 00 00 00 00 00 00 00 00 00 00 00 00 00 00 00 00 00 00 00 00 00 00 00 00 00 00 00 00 00 00 00 00 00 00 00 00 00 00 00 00 00 00 00 00 00 00 00 00 00 00 00 00 00 00 00 00 00 00 00 00 00 00 00 00 84 5C 46 41 7E
[407004][00:00:40.234]7E FF 02 FF 3D 6C 6F F8 67 05 40 03 13 7B 2B 28 00 FE 03 14 01 01 00 01 69 7F 94 01 60 00 03 27 16 EB C4 00 89 5C 4C 10 00 AC 00 03 DD AF 30 74 88 FF 00 00 33 00 00 11 03 00 00 01 02 83 06 CA 1E 28 0A FE FE FE FE 68 62 00 43 05 52 91 53 06 00 30 10 26 AF 10 00 3E 05 03 32 50 02 02 00 01 20 21 02 00 1C 07 EA 06 1D 0B 00 00 08 00 20 21 02 00 00 20 01 04 00 00 20 00 02 00 00 20 01 02 00 00 20 04 02 00 00 20 0A 02 00 00 00 10 02 01 00 00 20 02 01 00 01 10 F0 D5 56 98 83 8E 08 15 8F 01 3B 87 D4 9A 8C D7 90 B6 16 C7 D2 A0 AD 00 00 00 00 00 00 00 00 00 00 00 00 00 00 00 00 00 00 00 00 00 00 00 00 00 00 00 00 00 00 00 00 00 00 00 00 00 00 00 00 00 00 00 00 00 00 00 00 00 00 00 00 00 00 00 00 00 00 00 00 00 00 00 00 00 00 00 00 00 00 00 00 00 00 00 00 00 00 00 00 00 00 00 00 00 00 00 00 00 00 00 00 00 00 00 00 00 00 00 00 00 00 00 00 00 00 00 00 00 00 00 00 00 00 00 00 00 00 00 00 00 00 00 00 72 0F 38 14 7E
[407005][00:00:40.295]7E FF 02 FF 3E 6C A5 F8 67 05 A8 02 C0 03 40 28 00 FE 03 14 01 01 00 01 69 7F 94 01 60 00 03 27 16 EB C4 00 89 5C 4C 10 00 AC 00 03 DD AF 30 74 88 FF 00 00 33 00 00 11 03 00 00 01 02 83 06 CA 1E 28 0A FE FE FE FE 68 62 00 43 05 52 91 53 06 00 30 10 26 AF 10 00 3E 05 03 32 50 02 02 00 01 20 21 02 00 1C 07 EA 06 1D 0B 00 00 08 00 20 21 02 00 00 20 01 04 00 00 20 00 02 00 00 20 01 02 00 00 20 04 02 00 00 20 0A 02 00 00 00 10 02 01 00 00 20 02 01 00 01 10 F0 D5 56 98 83 8E 08 15 8F 01 3B 87 D4 9A 8C D7 90 B6 16 C7 D2 A0 AD 00 00 00 00 00 00 00 00 00 00 00 00 00 00 00 00 00 00 00 00 00 00 00 00 00 00 00 00 00 00 00 00 00 00 00 00 00 00 00 00 00 00 00 00 00 00 00 00 00 00 00 00 00 00 00 00 00 00 00 00 00 00 00 00 00 00 00 00 00 00 00 00 00 00 00 00 00 00 00 00 00 00 00 00 00 00 00 00 00 00 00 00 00 00 00 00 00 00 00 00 00 00 00 00 00 00 00 00 00 00 00 00 00 00 00 00 00 00 00 00 00 00 00 00 F4 8E 16 DD 7E
[407006][00:00:40.341]7E FF 02 FF 3F 6C E7 F8 67 05 B2 00 44 02 59 28 00 3A 00 94 00 01 00 01 69 7F 94 00 50 00 01 FC 13 79 44 00 EF AE 24 00 00 05 00 0A 63 D0 00 5C 78 EF 0C 00 33 00 00 30 00 09 05 35 34 FF FF FF FF FF FF 00 00 00 00 30 00 09 05 35 34 05 00 00 00 00 00 00 00 00 00 39 03 00 01 22 84 24 45 E8 07 02 12 09 23 07 03 01 00 01 01 00 02 02 00 0D 00 00 09 03 31 17 6E 54 4E 59 58 0F 00 0F 00 00 00 00 00 02 00 00 00 47 6E AC 67 7F 24 AA 3A 6F A1 1B 00 00 31 44 59 58 03 FB C1 01 9C 02 01 E3 20 A5 6E 00 00 00 00 00 00 00 00 FB 6A EC 22 7E
[407007][00:00:40.836]7E FF 02 FF 40 6C DA FA 67 05 8B 01 2A 73 17 29 00 38 00 94 00 01 00 01 69 7F 94 00 50 00 01 FC 13 79 44 00 EF AE 24 00 00 05 00 0A 63 D0 00 5C 78 EF 0C 00 33 00 00 30 00 09 05 35 34 FF FF FF FF FF FF 00 00 00 00 30 00 09 05 35 34 05 00 00 00 00 00 00 00 00 00 39 03 00 01 22 84 24 45 E8 07 02 12 09 23 07 03 01 00 01 01 00 02 02 00 0D 00 00 09 03 31 17 6E 54 4E 59 58 0F 00 0F 00 00 00 00 00 02 00 00 00 47 6E AC 67 7F 24 AA 3A 6F A1 1B 00 00 31 44 59 58 03 FB C1 01 9C 02 01 E3 20 A5 6E 00 00 00 00 00 00 00 00 75 1C 71 1B 7E
[407008][00:00:41.045]7E FF 02 FF 41 6C A0 FB 67 05 BA 02 DF 17 63 29 00 38 00 94 00 01 00 01 69 7F 94 00 50 00 01 FC 13 79 44 00 EF AE 24 00 00 05 00 0A 41 33 00 5C 70 EF 0C 00 33 00 00 30 00 09 04 02 59 FF FF FF FF FF FF 00 00 00 00 30 00 09 04 02 59 05 00 00 00 00 00 00 00 00 00 39 03 00 01 70 56 11 45 E8 07 02 12 09 23 07 03 01 00 01 01 00 02 02 00 0D 00 00 09 03 31 17 6E 54 4E 59 58 0E 00 0E 00 00 00 00 00 03 00 00 00 2A 77 F3 41 F1 1F 10 DC B5 85 1A 00 00 31 44 59 58 03 FB C1 01 9C 02 01 1D 35 64 4E 00 00 00 00 00 00 00 00 53 E6 0A B3 7E
[407009][00:00:41.225]7E FF 02 FF 42 6C BF FC 67 05 64 00 FC 32 AA 29 00 38 00 94 00 01 00 01 69 7F 94 00 50 00 01 FC 13 79 44 00 EF AE 24 00 00 05 00 0A 41 33 00 5C 70 EF 0C 00 33 00 00 30 00 09 04 02 59 FF FF FF FF FF FF 00 00 00 00 30 00 09 04 02 59 05 00 00 00 00 00 00 00 00 00 39 03 00 01 70 56 11 45 E8 07 02 12 09 23 07 03 01 00 01 01 00 02 02 00 0D 00 00 09 03 31 17 6E 54 4E 59 58 0E 00 0E 00 00 00 00 00 03 00 00 00 2A 77 F3 41 F1 1F 10 DC B5 85 1A 00 00 31 44 59 58 03 FB C1 01 9C 02 01 1D 35 64 4E 00 00 00 00 00 00 00 00 B6 7C D5 32 7E
[407010][00:00:41.374]7E FF 02 FF 43 6C F4 FC 67 05 3B 03 EB 2D E4 29 01 58 FD 54 00 01 00 01 69 7F 94 B3 F0 FF 01 2D 20 00 22 00 F1 17 97 01 00 36 00 70 00 01 32 04 70 AF 00 0E 20 00 00 12 74 72 01 10 01 60 64 64 9A 05 01 02 01 30 03 19 08 01 00 11 01 00 00 00 00 00 00 00 00 00 00 00 00 00 00 00 40 64 6F 64 5F 47 76 E6 6C 00 00 00 00 00 00 86 CF C2 DA 7E
[407011][00:00:41.764]7E FF 02 FF 44 6C 76 FE 67 05 90 00 89 D3 77 2A 00 39 00 94 00 01 00 01 69 7F 94 00 50 00 01 FC 13 79 44 00 EF AE 24 00 00 05 00 0A 63 D0 00 5C 78 EF 0C 00 33 00 00 30 00 09 05 35 34 FF FF FF FF FF FF 00 00 00 00 30 00 09 05 35 34 05 00 00 00 00 00 00 00 00 00 39 03 00 01 22 84 24 45 E8 07 02 12 09 23 07 03 01 00 01 01 00 02 02 00 0D 00 00 09 03 31 17 6E 54 4E 59 58 0F 00 0F 00 00 00 00 00 02 00 00 00 47 6E AC 67 7F 24 AA 3A 6F A1 1B 00 00 31 44 59 58 03 FB C1 01 9C 02 01 E3 20 A5 6E 00 00 00 00 00 00 00 00 4D 53 85 1F 7E
[407012][00:00:42.334]7E FF 02 FF 45 6C 0E 01 68 05 31 03 F9 3B 4F 2B 00 37 00 94 00 01 00 01 69 7F 94 49 A0 10 01 FC 13 79 40 00 CC 52 4E 90 04 0A 01 04 AE B0 00 3C 70 EF 04 00 33 00 00 07 00 00 00 49 00 49 00 AD 00 30 00 0E 4C C1 08 69 B9 2D 00 00 32 29 20 89 69 01 00 C7 88 00 00 06 C8 54 EB 62 D6 0A 81 2E 7E 7F BE 02 96 D6 04 9E 60 BA 60 54 10 80 04 00 31 44 08 C8 E3 99 10 00 00 00 00 00 00 00 00 00 00 00 00 00 00 00 00 00 00 00 00 00 00 00 00 00 00 00 00 00 00 00 00 00 00 00 00 00 00 00 00 00 00 00 00 00 00 00 00 00 00 00 00 B8 1F 7B 7D 7E
[407013][00:00:42.724]7E FF 02 FF 46 6C 30 02 68 05 C2 03 2B 11 E4 2B 00 36 00 94 00 01 00 01 69 7F 94 00 50 00 01 FC 13 79 44 00 EF AE 24 00 00 05 00 0A 63 D0 00 5C 78 EF 0C 00 33 00 00 30 00 09 05 35 34 FF FF FF FF FF FF 00 00 00 00 30 00 09 05 35 34 05 00 00 00 00 00 00 00 00 00 39 03 00 01 22 84 24 45 E8 07 02 12 09 23 07 03 01 00 01 01 00 02 02 00 0D 00 00 09 03 31 17 6E 54 4E 59 58 0F 00 0F 00 00 00 00 00 02 00 00 00 47 6E AC 67 7F 24 AA 3A 6F A1 1B 00 00 31 44 59 58 03 FB C1 01 9C 02 01 E3 20 A5 6E 00 00 00 00 00 00 00 00 BF 11 0B 0D 7E
[407014][00:00:42.845]7E FF 02 FF 47 6C B2 02 68 05 E3 00 A3 5F 15 2C 00 38 01 94 00 01 00 01 69 7F 94 20 F0 FF 01 99 12 79 42 00 E6 18 F1 00 02 FF 2F 01 51 94 00 6D 70 01 04 00 33 00 00 08 00 00 00 20 50 03 31 30 00 09 04 22 19 20 00 00 12 74 72 39 1C 02 0C 18 00 08 01 11 00 2F 00 00 00 00 00 35 30 00 08 00 00 00 80 0C 00 00 00 28 00 00 00 00 00 40 00 00 00 00 00 40 80 02 00 00 A0 00 00 02 60 00 86 00 00 10 00 80 40 00 00 00 00 00 30 04 05 01 04 03 01 03 02 01 06 02 04 01 02 05 02 05 03 05 03 01 03 02 03 04 F3 E8 AF 94 00 00 00 B1 B5 04 D4 7E
[407015][00:00:43.338]7E FF 02 FF 48 6C F9 04 68 05 B7 00 B2 99 CD 2C 00 3B 00 94 00 01 00 01 69 7F 94 00 50 00 01 FC 13 79 44 00 EF AE 24 00 00 05 00 0A 41 33 00 5C 70 EF 0C 00 33 00 00 30 00 09 04 02 59 FF FF FF FF FF FF 00 00 00 00 30 00 09 04 02 59 05 00 00 00 00 00 00 00 00 00 39 03 00 01 70 56 11 45 E8 07 02 12 09 23 07 03 01 00 01 01 00 02 02 00 0D 00 00 09 03 31 17 6E 54 4E 59 58 0E 00 0E 00 00 00 00 00 03 00 00 00 2A 77 F3 41 F1 1F 10 DC B5 85 1A 00 00 31 44 59 58 03 FB C1 01 9C 02 01 1D 35 64 4E 00 00 00 00 00 00 00 00 1A 82 DC 70 7E
[407016][00:00:43.549]7E FF 02 FF 49 6C 6B 05 68 05 39 01 E4 48 1F 2D 00 34 00 94 00 01 00 01 69 7F 94 B3 F0 FF 01 C1 12 79 42 00 62 0E CB 30 0B FF 2F 01 0C 02 00 4B 10 FF 08 00 33 00 00 70 00 01 32 04 70 FF FF FF FF FF FF 08 00 00 00 B3 10 00 11 70 00 01 32 04 70 20 00 00 12 74 72 36 01 42 64 03 00 0F 01 BE 02 22 00 45 00 00 00 01 30 02 00 00 00 00 00 00 00 00 00 00 00 00 00 00 00 80 00 00 00 00 00 00 00 00 00 00 00 00 00 00 00 00 20 3E 3D 11 A3 72 9A D8 00 00 00 00 00 00 00 00 00 00 00 00 00 00 00 00 00 00 00 00 00 00 00 00 00 C2 94 AF 8C 7E
[407017][00:00:43.773]7E FF 02 FF 4A 6C 59 06 68 05 E5 02 7D 42 7A 2D 00 34 00 10 00 01 00 02 69 7F 94 10 01 E0 00 01 00 00 00 00 55 CF 85 7F E1 CC 60 7E
[407018][00:00:43.834]7E FF 02 FF 4B 6C 99 06 68 05 E0 00 74 DC 90 2D 01 22 10 34 00 01 00 01 69 7F 94 01 80 0D 03 85 10 00 10 00 C8 FC F3 10 00 81 00 0A DE AF 30 10 88 FF 00 00 33 00 00 11 A1 00 00 01 23 C9 07 30 00 09 03 50 15 03 02 3F 38 FC 4E 03 FD 50 C4 7E
[407019][00:00:43.925]7E FF 02 FF 4C 6C 52 07 68 05 53 03 51 1F B3 2D 00 36 00 54 00 01 00 01 69 7F 94 D8 E0 02 03 FE 12 40 E4 00 05 58 3F 10 00 81 00 0A DE AF 30 10 88 EF 00 00 33 00 00 11 A1 00 00 01 23 C9 07 30 00 09 03 50 15 03 02 3F 38 FC 4E 84 36 C8 00 00 00 00 00 00 00 00 00 00 00 00 00 00 00 00 00 00 00 00 00 00 00 00 00 00 00 00 00 30 1B 8C 01 7E
[407020][00:00:43.940]7E FF 02 FF 4D 6C 00 07 68 05 B6 03 3C 06 BA 2D 00 3B 00 54 00 01 00 01 69 7F 94 D8 E0 02 03 FE 12 40 E4 00 05 58 3F 10 00 81 00 0A DE AF 30 10 88 EF 00 00 33 00 00 11 A1 00 00 01 23 C9 07 30 00 09 03 50 15 03 02 3F 38 FC 4E 84 36 C8 00 00 00 00 00 00 00 00 00 00 00 00 00 00 00 00 00 00 00 00 00 00 00 00 00 00 00 00 00 6D 80 11 3F 7E
[407021][00:00:45.301]7E FF 02 FF 4E 6C 30 0C 68 05 A4 01 B4 6B B4 2F 00 FD 03 14 01 01 00 01 69 7F 94 01 60 00 03 27 16 EB C0 00 98 5E C8 10 00 FC 00 03 DF AF 30 74 88 FF 00 00 33 00 00 11 03 00 00 01 02 83 06 CB 1E 28 0A FE FE FE FE 68 62 00 43 05 30 05 54 06 00 30 10 7A 5B 10 00 3E 05 03 33 50 02 02 00 01 20 21 02 00 1C 07 EA 06 1D 0B 00 00 08 00 20 21 02 00 00 20 01 04 00 00 20 00 02 00 00 20 01 02 00 00 20 04 02 00 00 20 0A 02 00 00 00 10 02 01 00 00 20 02 01 00 01 10 F0 D5 56 98 83 8E 08 15 8F 01 3B 87 D4 9A 8C D7 37 E6 16 3D 09 3F D1 00 00 00 00 00 00 00 00 00 00 00 00 00 00 00 00 00 00 00 00 00 00 00 00 00 00 00 00 00 00 00 00 00 00 00 00 00 00 00 00 00 00 00 00 00 00 00 00 00 00 00 00 00 00 00 00 00 00 00 00 00 00 00 00 00 00 00 00 00 00 00 00 00 00 00 00 00 00 00 00 00 00 00 00 00 00 00 00 00 00 00 00 00 00 00 00 00 00 00 00 00 00 00 00 00 00 00 00 00 00 00 00 00 00 00 00 00 00 00 00 00 00 00 00 11 30 48 20 7E
[407022][00:00:45.346]7E FF 02 FF 4F 6C C6 0C 68 05 A6 03 EF AD C7 2F 00 FE 03 14 01 01 00 01 69 7F 94 01 60 00 03 27 16 EB C4 00 89 5C 4C 10 00 FC 00 03 DF AF 30 74 88 FF 00 00 33 00 00 11 03 00 00 01 02 83 06 CB 1E 28 0A FE FE FE FE 68 62 00 43 05 30 05 54 06 00 30 10 7A 5B 10 00 3E 05 03 33 50 02 02 00 01 20 21 02 00 1C 07 EA 06 1D 0B 00 00 08 00 20 21 02 00 00 20 01 04 00 00 20 00 02 00 00 20 01 02 00 00 20 04 02 00 00 20 0A 02 00 00 00 10 02 01 00 00 20 02 01 00 01 10 F0 D5 56 98 83 8E 08 15 8F 01 3B 87 D4 9A 8C D7 37 E6 16 3D 09 3F D1 00 00 00 00 00 00 00 00 00 00 00 00 00 00 00 00 00 00 00 00 00 00 00 00 00 00 00 00 00 00 00 00 00 00 00 00 00 00 00 00 00 00 00 00 00 00 00 00 00 00 00 00 00 00 00 00 00 00 00 00 00 00 00 00 00 00 00 00 00 00 00 00 00 00 00 00 00 00 00 00 00 00 00 00 00 00 00 00 00 00 00 00 00 00 00 00 00 00 00 00 00 00 00 00 00 00 00 00 00 00 00 00 00 00 00 00 00 00 00 00 00 00 00 00 20 65 B3 0C 7E
[407023][00:00:45.406]7E FF 02 FF 50 6C 95 0C 68 05 21 02 3A FC DA 2F 00 FD 03 14 01 01 00 01 69 7F 94 01 60 00 03 27 16 EB C4 00 89 5C 4C 10 00 FC 00 03 DF AF 30 74 88 FF 00 00 33 00 00 11 03 00 00 01 02 83 06 CB 1E 28 0A FE FE FE FE 68 62 00 43 05 30 05 54 06 00 30 10 7A 5B 10 00 3E 05 03 33 50 02 02 00 01 20 21 02 00 1C 07 EA 06 1D 0B 00 00 08 00 20 21 02 00 00 20 01 04 00 00 20 00 02 00 00 20 01 02 00 00 20 04 02 00 00 20 0A 02 00 00 00 10 02 01 00 00 20 02 01 00 01 10 F0 D5 56 98 83 8E 08 15 8F 01 3B 87 D4 9A 8C D7 37 E6 16 3D 09 3F D1 00 00 00 00 00 00 00 00 00 00 00 00 00 00 00 00 00 00 00 00 00 00 00 00 00 00 00 00 00 00 00 00 00 00 00 00 00 00 00 00 00 00 00 00 00 00 00 00 00 00 00 00 00 00 00 00 00 00 00 00 00 00 00 00 00 00 00 00 00 00 00 00 00 00 00 00 00 00 00 00 00 00 00 00 00 00 00 00 00 00 00 00 00 00 00 00 00 00 00 00 00 00 00 00 00 00 00 00 00 00 00 00 00 00 00 00 00 00 00 00 00 00 00 00 56 3E F2 94 7E
[407024][00:00:45.436]7E FF 02 FF 51 6C C1 0C 68 05 12 01 C4 AA EB 2F 00 FE 03 14 01 01 00 01 69 7F 94 01 60 00 03 27 16 EB C0 00 98 5E C8 10 00 1A 01 03 E0 AF 30 74 88 FF 00 00 33 00 00 11 03 00 00 01 02 83 06 CC 1E 28 0A FE FE FE FE 68 62 00 43 05 90 24 54 06 00 30 10 AF 3F 10 00 3E 05 03 34 50 02 02 00 01 20 21 02 00 1C 07 EA 06 1D 0B 00 00 08 00 20 21 02 00 00 20 01 04 00 00 20 00 02 00 00 20 01 02 00 00 20 04 02 00 00 20 0A 02 00 00 00 10 02 01 00 00 20 02 01 00 01 10 F0 D5 56 98 83 8E 08 15 8F 01 3B 87 D4 9A 8C D7 53 5D 16 0E 3F 73 C6 00 00 00 00 00 00 00 00 00 00 00 00 00 00 00 00 00 00 00 00 00 00 00 00 00 00 00 00 00 00 00 00 00 00 00 00 00 00 00 00 00 00 00 00 00 00 00 00 00 00 00 00 00 00 00 00 00 00 00 00 00 00 00 00 00 00 00 00 00 00 00 00 00 00 00 00 00 00 00 00 00 00 00 00 00 00 00 00 00 00 00 00 00 00 00 00 00 00 00 00 00 00 00 00 00 00 00 00 00 00 00 00 00 00 00 00 00 00 00 00 00 00 00 00 FC 73 B6 66 7E
[407025][00:00:45.495]7E FF 02 FF 52 6C F1 0C 68 05 1F 03 46 2D FE 2F 00 FD 03 14 01 01 00 01 69 7F 94 01 60 00 03 27 16 EB C4 00 89 5C 4C 10 00 1A 01 03 E0 AF 30 74 88 FF 00 00 33 00 00 11 03 00 00 01 02 83 06 CC 1E 28 0A FE FE FE FE 68 62 00 43 05 90 24 54 06 00 30 10 AF 3F 10 00 3E 05 03 34 50 02 02 00 01 20 21 02 00 1C 07 EA 06 1D 0B 00 00 08 00 20 21 02 00 00 20 01 04 00 00 20 00 02 00 00 20 01 02 00 00 20 04 02 00 00 20 0A 02 00 00 00 10 02 01 00 00 20 02 01 00 01 10 F0 D5 56 98 83 8E 08 15 8F 01 3B 87 D4 9A 8C D7 53 5D 16 0E 3F 73 C6 00 00 00 00 00 00 00 00 00 00 00 00 00 00 00 00 00 00 00 00 00 00 00 00 00 00 00 00 00 00 00 00 00 00 00 00 00 00 00 00 00 00 00 00 00 00 00 00 00 00 00 00 00 00 00 00 00 00 00 00 00 00 00 00 00 00 00 00 00 00 00 00 00 00 00 00 00 00 00 00 00 00 00 00 00 00 00 00 00 00 00 00 00 00 00 00 00 00 00 00 00 00 00 00 00 00 00 00 00 00 00 00 00 00 00 00 00 00 00 00 00 00 00 00 9B DB 6A A6 7E
[407026][00:00:45.691]7E FF 02 FF 53 6C D1 0D 68 05 CF 01 87 80 53 30 00 3A 01 94 00 01 00 01 69 7F 94 20 F0 FF 01 99 12 79 42 00 E6 18 F1 00 02 FF 2F 01 52 94 00 6D 70 01 04 00 33 00 00 08 00 00 00 20 50 03 31 30 00 09 04 22 19 20 00 00 12 74 72 39 1C 02 0C 18 00 08 01 0E 00 2F 00 00 00 00 00 35 30 00 08 00 00 00 80 0C 00 00 00 28 00 00 00 00 00 40 00 00 00 00 00 40 80 02 00 00 A0 00 00 02 60 00 86 00 00 10 00 80 40 00 00 00 00 00 30 04 05 01 04 03 01 03 02 01 06 02 04 01 02 05 02 05 03 05 03 01 03 02 03 04 84 99 DE FC 00 00 00 6E 3A A8 83 7E
[407027][00:00:45.722]7E FF 02 FF 54 6C C4 0D 68 05 D3 02 AA 0B 4D 30 01 22 10 14 01 01 00 01 69 7F 94 01 80 0D 03 6A 41 00 10 00 16 42 9C 10 00 C8 00 03 E1 AF 30 74 88 FF 00 00 33 00 00 11 03 00 00 01 02 83 06 C9 1E 28 0A FE FE FE FE 68 62 00 43 05 25 72 53 06 00 30 10 1C F7 10 00 3E 05 03 31 50 02 02 00 01 20 21 02 00 1C 07 EA 06 1D 0B 00 00 08 00 20 21 02 00 00 20 01 04 00 00 20 00 02 00 00 20 01 02 00 00 20 04 02 00 00 20 0A 02 00 00 00 10 02 01 00 00 20 02 01 00 01 10 F0 D5 56 98 83 8E 08 15 8F 01 3B 87 D4 9A 8C D7 79 47 16 59 09 F7 2E 00 00 00 00 00 00 00 00 00 00 00 00 00 00 00 00 00 00 00 00 00 00 00 00 00 00 00 00 00 00 00 00 00 00 00 00 00 00 00 00 00 00 00 00 00 00 00 00 00 00 00 00 00 00 00 00 00 00 00 00 00 00 00 00 00 00 00 00 00 00 00 00 00 00 00 00 00 00 00 00 00 00 00 00 00 00 00 00 00 00 00 00 00 00 00 00 00 00 00 00 00 00 00 00 00 00 00 00 00 00 00 00 00 00 00 00 00 00 00 00 00 00 00 00 F6 51 76 1B 7E
[407028][00:00:45.828]7E FF 02 FF 55 6C 3A 0E 68 05 63 03 C4 B6 7B 30 00 3C 00 14 01 01 00 01 69 7F 94 D8 E0 02 03 6F 16 EB C4 00 DB 9C 20 10 00 C8 00 03 E1 AF 30 74 88 EF 00 00 33 00 00 11 03 00 00 01 02 83 06 C9 1E 28 0A FE FE FE FE 68 62 00 43 05 25 72 53 06 00 30 10 1C F7 10 00 3E 05 03 31 50 02 02 00 01 20 21 02 00 1C 07 EA 06 1D 0B 00 00 08 00 20 21 02 00 00 20 01 04 00 00 20 00 02 00 00 20 01 02 00 00 20 04 02 00 00 20 0A 02 00 00 00 10 02 01 00 00 20 02 01 00 01 10 F0 D5 56 98 83 8E 08 15 8F 01 3B 87 D4 9A 8C D7 79 47 16 59 09 F7 2E 00 00 00 00 00 00 00 00 00 00 00 00 00 00 00 00 00 00 00 00 00 00 00 00 00 00 00 00 00 00 00 00 00 00 00 00 00 00 00 00 00 00 00 00 00 00 00 00 00 00 00 00 00 00 00 00 00 00 00 00 00 00 00 00 00 00 00 00 00 00 00 00 00 00 00 00 00 00 00 00 00 00 00 00 00 00 00 00 00 00 00 00 00 00 00 00 00 00 00 00 00 00 00 00 00 00 00 00 00 00 00 00 00 00 00 00 00 00 00 00 00 00 00 00 BA 20 59 CA 7E
[407029][00:00:46.352]7E FF 02 FF 56 6C 59 10 68 05 CF 03 44 E5 4A 31 00 38 00 94 00 01 00 01 69 7F 94 49 A0 10 01 FC 13 79 40 00 CC 52 4E 90 04 0A 01 04 B1 B0 00 3C 70 EF 04 00 33 00 00 07 00 00 00 49 00 49 00 9E 00 30 00 06 48 C0 08 69 B9 2D 00 00 12 29 20 89 61 01 00 47 88 00 00 06 C8 54 EB 62 D3 0A 81 2A 7E 7F 96 02 96 D6 04 9A 60 B2 60 54 12 80 04 00 31 44 08 3E 68 3D 3E 00 00 00 00 00 00 00 00 00 00 00 00 00 00 00 00 00 00 00 00 00 00 00 00 00 00 00 00 00 00 00 00 00 00 00 00 00 00 00 00 00 00 00 00 00 00 00 00 00 00 00 00 61 4D 50 D6 7E
[407030][00:00:46.352]7E FF 02 FF 57 6C 61 10 68 05 AD 03 B8 F2 4D 31 00 38 00 10 00 01 00 03 69 7F 94 14 0D 7D 08 00 00 00 10 02 40 B1 CE 07 F7 1B ED 7E
[407031][00:00:46.547]7E FF 02 FF 58 6C 0A 11 68 05 C9 01 51 37 8E 31 00 FE 03 14 01 01 00 01 69 7F 94 01 60 00 03 27 16 EB C4 00 89 5C 4C 10 00 1A 01 03 E0 AF 30 74 88 FF 00 00 33 00 00 11 03 00 00 01 02 83 06 CC 1E 28 0A FE FE FE FE 68 62 00 43 05 90 24 54 06 00 30 10 AF 3F 10 00 3E 05 03 34 50 02 02 00 01 20 21 02 00 1C 07 EA 06 1D 0B 00 00 08 00 20 21 02 00 00 20 01 04 00 00 20 00 02 00 00 20 01 02 00 00 20 04 02 00 00 20 0A 02 00 00 00 10 02 01 00 00 20 02 01 00 01 10 F0 D5 56 98 83 8E 08 15 8F 01 3B 87 D4 9A 8C D7 53 5D 16 0E 3F 73 C6 00 00 00 00 00 00 00 00 00 00 00 00 00 00 00 00 00 00 00 00 00 00 00 00 00 00 00 00 00 00 00 00 00 00 00 00 00 00 00 00 00 00 00 00 00 00 00 00 00 00 00 00 00 00 00 00 00 00 00 00 00 00 00 00 00 00 00 00 00 00 00 00 00 00 00 00 00 00 00 00 00 00 00 00 00 00 00 00 00 00 00 00 00 00 00 00 00 00 00 00 00 00 00 00 00 00 00 00 00 00 00 00 00 00 00 00 00 00 00 00 00 00 00 00 B6 29 37 78 7E
[407032][00:00:46.651]7E FF 02 FF 59 6C D7 11 68 05 1D 00 95 1C B6 31 00 FD 03 14 01 01 00 01 69 7F 94 01 60 00 03 27 16 EB C4 00 89 5C 4C 10 00 AC 00 03 E2 AF 30 74 88 FF 00 00 33 00 00 11 03 00 00 01 02 83 06 CA 1E 28 0A FE FE FE FE 68 62 00 43 05 52 91 53 06 00 30 10 26 AF 10 00 3E 05 03 32 50 02 02 00 01 20 21 02 00 1C 07 EA 06 1D 0B 00 00 08 00 20 21 02 00 00 20 01 04 00 00 20 00 02 00 00 20 01 02 00 00 20 04 02 00 00 20 0A 02 00 00 00 10 02 01 00 00 20 02 01 00 01 10 F0 D5 56 98 83 8E 08 15 8F 01 3B 87 D4 9A 8C D7 90 B6 16 C7 D2 A0 AD 00 00 00 00 00 00 00 00 00 00 00 00 00 00 00 00 00 00 00 00 00 00 00 00 00 00 00 00 00 00 00 00 00 00 00 00 00 00 00 00 00 00 00 00 00 00 00 00 00 00 00 00 00 00 00 00 00 00 00 00 00 00 00 00 00 00 00 00 00 00 00 00 00 00 00 00 00 00 00 00 00 00 00 00 00 00 00 00 00 00 00 00 00 00 00 00 00 00 00 00 00 00 00 00 00 00 00 00 00 00 00 00 00 00 00 00 00 00 00 00 00 00 00 00 DA 21 F8 58 7E
[407033][00:00:46.696]7E FF 02 FF 5A 6C A8 11 68 05 92 03 06 A8 CA 31 00 FD 03 14 01 01 00 01 69 7F 94 01 60 00 03 27 16 EB C4 00 89 5C 4C 10 00 AC 00 03 E2 AF 30 74 88 FF 00 00 33 00 00 11 03 00 00 01 02 83 06 CA 1E 28 0A FE FE FE FE 68 62 00 43 05 52 91 53 06 00 30 10 26 AF 10 00 3E 05 03 32 50 02 02 00 01 20 21 02 00 1C 07 EA 06 1D 0B 00 00 08 00 20 21 02 00 00 20 01 04 00 00 20 00 02 00 00 20 01 02 00 00 20 04 02 00 00 20 0A 02 00 00 00 10 02 01 00 00 20 02 01 00 01 10 F0 D5 56 98 83 8E 08 15 8F 01 3B 87 D4 9A 8C D7 90 B6 16 C7 D2 A0 AD 00 00 00 00 00 00 00 00 00 00 00 00 00 00 00 00 00 00 00 00 00 00 00 00 00 00 00 00 00 00 00 00 00 00 00 00 00 00 00 00 00 00 00 00 00 00 00 00 00 00 00 00 00 00 00 00 00 00 00 00 00 00 00 00 00 00 00 00 00 00 00 00 00 00 00 00 00 00 00 00 00 00 00 00 00 00 00 00 00 00 00 00 00 00 00 00 00 00 00 00 00 00 00 00 00 00 00 00 00 00 00 00 00 00 00 00 00 00 00 00 00 00 00 00 FB 76 FF A5 7E
[407034][00:00:46.891]7E FF 02 FF 5B 6C 6C 12 68 05 88 00 74 22 15 32 00 35 00 14 01 01 00 01 69 7F 94 49 F0 FF 01 E5 14 EB C2 00 AE E5 92 90 04 FF 2F 01 B2 B0 00 7D 70 01 04 00 33 00 00 08 00 00 00 49 A0 10 42 30 00 09 03 55 07 20 00 00 12 74 72 39 1C 08 1B 2C 00 08 01 0F 00 2B 00 00 00 00 00 0A 31 00 08 40 00 00 08 00 00 00 10 09 00 89 41 01 00 04 00 00 00 02 00 10 0A 22 40 02 80 22 2C 79 84 02 00 00 00 1A 20 A0 00 40 10 80 02 01 01 02 04 03 01 04 01 01 03 01 01 01 01 02 01 01 03 02 03 01 02 01 02 03 01 02 01 02 02 01 03 02 01 05 02 01 01 03 03 01 01 03 A9 FA 01 23 00 00 00 00 00 00 00 00 00 00 00 00 00 00 00 00 00 00 00 00 00 00 00 00 00 00 00 00 00 00 00 00 00 00 00 00 00 00 00 00 00 00 00 00 00 00 00 00 00 00 00 00 00 00 00 00 00 00 00 00 00 00 00 00 00 00 00 00 00 00 00 00 00 00 00 00 00 00 00 00 00 00 00 00 00 00 00 00 00 00 00 00 00 00 00 00 00 00 00 00 00 00 00 00 00 00 00 00 00 00 00 00 00 00 00 9B 39 02 9F 7E
[407035][00:00:49.016]7E FF 02 FF 5C 6C 9D 1A 68 05 0C 02 09 3A 35 35 00 FD 03 15 02 01 00 00 69 7F 94 0B 3A 35 35 01 90 E8 02 00 19 3D 38 CA 33 20 00 00 12 74 72 FB 06 00 00 10 02 00 00 00 00 00 00 04 00 0F 01 00 00 64 20 00 00 12 74 72 04 00 00 01 0A D0 02 B9 02 30 00 39 00 C0 D7 00 5A 33 00 42 24 32 00 00 00 00 BD 08 34 35 1E 3A 00 00 24 00 0E 50 15 50 1C 50 31 50 0C 50 04 50 87 50 8A 50 93 51 34 50 36 50 08 50 40 51 D8 50 62 50 3E 50 1A 50 06 50 BA 51 5D 50 29 50 39 51 75 50 7C 50 7C 51 BC 50 D8 51 5B 50 D9 50 9D 50 80 50 2E 50 05 50 44 51 35 50 42 51 68 51 F8 51 2D 50 34 51 E1 50 0A 51 EE 50 53 50 68 50 29 51 2D 51 DF 50 6C 51 26 51 FE 51 11 51 CF 50 1A 51 F2 50 86 50 82 50 FA 51 16 51 CA 50 AC 50 72 51 14 51 A2 50 A2 30 12 51 76 41 82 41 37 40 B6 41 54 40 47 40 0F 40 19 41 92 41 9F 40 C5 41 CB 41 AD 40 7E 40 C4 41 69 40 95 40 B0 40 E1 41 E5 41 D0 41 CE 41 DC 40 8E 80 7C 15 00 01 C4 09 00 02 AC 0D 00 03 03 04 9A 05 00 02 AC 0D 00 03 03 04 9A 05 68 41 2E 41 01 41 60 40 0B 40 2A 40 25 40 28 40 9A 40 26 40 19 40 FD 40 47 41 70 40 42 41 03 40 4F 41 A5 40 E6 40 21 40 50 40 37 41 32 40 E8 40 4B 81 94 11 00 01 C4 09 00 02 B8 0B 00 03 03 04 9A 05 03 04 9A 05 9A 05 9A 05 F1 81 88 13 00 01 D0 07 00 02 C4 09 00 03 03 04 9A 05 CF 41 D0 41 27 41 C1 40 D1 41 D2 41 31 41 BD 41 D3 41 26 40 D4 41 D5 41 C9 41 68 41 EE 40 4C 40 20 40 32 41 2C 40 F0 80 88 13 00 01 E8 03 00 02 C4 09 00 03 03 04 9A 05 00 00 00 00 00 00 00 00 00 00 00 00 00 00 00 00 00 00 00 00 00 00 00 00 00 00 00 00 00 00 00 00 00 00 00 00 00 00 00 00 00 00 00 00 00 00 00 00 00 00 00 00 00 00 00 00 00 00 00 00 00 00 00 00 00 00 00 00 00 00 00 00 00 00 00 00 00 00 00 00 00 00 00 00 00 00 00 00 00 00 74 12 26 FD 20 C9 DB A0 7E
[407036][00:00:49.061]7E FF 02 FF 5D 6C A1 1A 68 05 79 00 61 96 35 35 01 23 0C 15 02 01 00 00 69 7F 94 C5 94 35 35 01 20 05 00 00 D8 5C 26 CA 33 20 00 00 12 74 72 FB 06 00 00 10 02 00 00 00 00 00 00 04 00 0F 01 00 00 64 20 00 00 12 74 72 04 00 00 01 0A D0 02 B9 02 30 00 39 00 C0 D7 00 5A 33 00 42 24 32 00 00 00 00 BD 08 34 35 1E 3A 00 00 24 00 0E 50 15 50 1C 50 31 50 0C 50 04 50 87 50 8A 50 93 51 34 50 36 50 08 50 40 51 D8 50 62 50 3E 50 1A 50 06 50 BA 51 5D 50 29 50 39 51 75 50 7C 50 7C 51 BC 50 D8 51 5B 50 D9 50 9D 50 80 50 2E 50 05 50 44 51 35 50 42 51 68 51 F8 51 2D 50 34 51 E1 50 0A 51 EE 50 53 50 68 50 29 51 2D 51 DF 50 6C 51 26 51 FE 51 11 51 CF 50 1A 51 F2 50 86 50 82 50 FA 51 16 51 CA 50 AC 50 72 51 14 51 A2 50 A2 30 12 51 76 41 82 41 37 40 B6 41 54 40 47 40 0F 40 19 41 92 41 9F 40 C5 41 CB 41 AD 40 7E 40 C4 41 69 40 95 40 B0 40 E1 41 E5 41 D0 41 CE 41 DC 40 8E 80 7C 15 00 01 C4 09 00 02 AC 0D 00 03 03 04 9A 05 00 02 AC 0D 00 03 03 04 9A 05 68 41 2E 41 01 41 60 40 0B 40 2A 40 25 40 28 40 9A 40 26 40 19 40 FD 40 47 41 70 40 42 41 03 40 4F 41 A5 40 E6 40 21 40 50 40 37 41 32 40 E8 40 4B 81 94 11 00 01 C4 09 00 02 B8 0B 00 03 03 04 9A 05 03 04 9A 05 9A 05 9A 05 F1 81 88 13 00 01 D0 07 00 02 C4 09 00 03 03 04 9A 05 CF 41 D0 41 27 41 C1 40 D1 41 D2 41 31 41 BD 41 D3 41 26 40 D4 41 D5 41 C9 41 68 41 EE 40 4C 40 20 40 32 41 2C 40 F0 80 88 13 00 01 E8 03 00 02 C4 09 00 03 03 04 9A 05 00 00 00 00 00 00 00 00 00 00 00 00 00 00 00 00 00 00 00 00 00 00 00 00 00 00 00 00 00 00 00 00 00 00 00 00 00 00 00 00 00 00 00 00 00 00 00 00 00 00 00 00 00 00 00 00 00 00 00 00 00 00 00 00 00 00 00 00 00 00 00 00 00 00 00 00 00 00 00 00 00 00 00 00 00 00 00 00 00 00 74 12 26 FD 8F 1C 1E 78 7E
[407037][00:00:49.107]7E FF 02 FF 5E 6C C0 1A 68 05 D6 01 27 8C 42 35 00 00 03 15 02 01 00 00 69 7F 94 23 8C 42 35 01 90 E8 04 00 FB 0A 89 CA 33 20 00 00 12 74 72 FB 06 00 00 10 02 00 00 00 00 00 00 04 00 0F 01 00 00 64 20 00 00 12 74 72 04 00 00 01 0A D0 02 B9 02 30 00 39 00 C0 D7 00 5A 33 00 42 24 32 00 00 00 00 BD 08 34 35 1E 3A 00 00 24 00 0E 50 15 50 1C 50 31 50 0C 50 04 50 87 50 8A 50 93 51 34 50 36 50 08 50 40 51 D8 50 62 50 3E 50 1A 50 06 50 BA 51 5D 50 29 50 39 51 75 50 7C 50 7C 51 BC 50 D8 51 5B 50 D9 50 9D 50 80 50 2E 50 05 50 44 51 35 50 42 51 68 51 F8 51 2D 50 34 51 E1 50 0A 51 EE 50 53 50 68 50 29 51 2D 51 DF 50 6C 51 26 51 FE 51 11 51 CF 50 1A 51 F2 50 86 50 82 50 FA 51 16 51 CA 50 AC 50 72 51 14 51 A2 50 A2 30 12 51 76 41 82 41 37 40 B6 41 54 40 47 40 0F 40 19 41 92 41 9F 40 C5 41 CB 41 AD 40 7E 40 C4 41 69 40 95 40 B0 40 E1 41 E5 41 D0 41 CE 41 DC 40 8E 80 7C 15 00 01 C4 09 00 02 AC 0D 00 03 03 04 9A 05 00 02 AC 0D 00 03 03 04 9A 05 68 41 2E 41 01 41 60 40 0B 40 2A 40 25 40 28 40 9A 40 26 40 19 40 FD 40 47 41 70 40 42 41 03 40 4F 41 A5 40 E6 40 21 40 50 40 37 41 32 40 E8 40 4B 81 94 11 00 01 C4 09 00 02 B8 0B 00 03 03 04 9A 05 03 04 9A 05 9A 05 9A 05 F1 81 88 13 00 01 D0 07 00 02 C4 09 00 03 03 04 9A 05 CF 41 D0 41 27 41 C1 40 D1 41 D2 41 31 41 BD 41 D3 41 26 40 D4 41 D5 41 C9 41 68 41 EE 40 4C 40 20 40 32 41 2C 40 F0 80 88 13 00 01 E8 03 00 02 C4 09 00 03 03 04 9A 05 00 00 00 00 00 00 00 00 00 00 00 00 00 00 00 00 00 00 00 00 00 00 00 00 00 00 00 00 00 00 00 00 00 00 00 00 00 00 00 00 00 00 00 00 00 00 00 00 00 00 00 00 00 00 00 00 00 00 00 00 00 00 00 00 00 00 00 00 00 00 00 00 00 00 00 00 00 00 00 00 00 00 00 00 00 00 00 00 00 00 74 12 26 FD F6 F7 63 4B 7E
[407038][00:00:49.167]7E FF 02 FF 5F 6C E4 1A 68 05 CC 01 1D 47 50 35 00 00 03 15 02 01 00 00 69 7F 94 1C 47 50 35 01 90 E8 06 00 F2 8B 91 CA 33 20 00 00 12 74 72 FB 06 00 00 10 02 00 00 00 00 00 00 04 00 0F 01 00 00 64 20 00 00 12 74 72 04 00 00 01 0A D0 02 B9 02 30 00 39 00 C0 D7 00 5A 33 00 42 24 32 00 00 00 00 BD 08 34 35 1E 3A 00 00 24 00 0E 50 15 50 1C 50 31 50 0C 50 04 50 87 50 8A 50 93 51 34 50 36 50 08 50 40 51 D8 50 62 50 3E 50 1A 50 06 50 BA 51 5D 50 29 50 39 51 75 50 7C 50 7C 51 BC 50 D8 51 5B 50 D9 50 9D 50 80 50 2E 50 05 50 44 51 35 50 42 51 68 51 F8 51 2D 50 34 51 E1 50 0A 51 EE 50 53 50 68 50 29 51 2D 51 DF 50 6C 51 26 51 FE 51 11 51 CF 50 1A 51 F2 50 86 50 82 50 FA 51 16 51 CA 50 AC 50 72 51 14 51 A2 50 A2 30 12 51 76 41 82 41 37 40 B6 41 54 40 47 40 0F 40 19 41 92 41 9F 40 C5 41 CB 41 AD 40 7E 40 C4 41 69 40 95 40 B0 40 E1 41 E5 41 D0 41 CE 41 DC 40 8E 80 7C 15 00 01 C4 09 00 02 AC 0D 00 03 03 04 9A 05 00 02 AC 0D 00 03 03 04 9A 05 68 41 2E 41 01 41 60 40 0B 40 2A 40 25 40 28 40 9A 40 26 40 19 40 FD 40 47 41 70 40 42 41 03 40 4F 41 A5 40 E6 40 21 40 50 40 37 41 32 40 E8 40 4B 81 94 11 00 01 C4 09 00 02 B8 0B 00 03 03 04 9A 05 03 04 9A 05 9A 05 9A 05 F1 81 88 13 00 01 D0 07 00 02 C4 09 00 03 03 04 9A 05 CF 41 D0 41 27 41 C1 40 D1 41 D2 41 31 41 BD 41 D3 41 26 40 D4 41 D5 41 C9 41 68 41 EE 40 4C 40 20 40 32 41 2C 40 F0 80 88 13 00 01 E8 03 00 02 C4 09 00 03 03 04 9A 05 00 00 00 00 00 00 00 00 00 00 00 00 00 00 00 00 00 00 00 00 00 00 00 00 00 00 00 00 00 00 00 00 00 00 00 00 00 00 00 00 00 00 00 00 00 00 00 00 00 00 00 00 00 00 00 00 00 00 00 00 00 00 00 00 00 00 00 00 00 00 00 00 00 00 00 00 00 00 00 00 00 00 00 00 00 00 00 00 00 00 74 12 26 FD 35 71 89 6C 7E
[407039][00:00:49.213]7E FF 02 FF 60 6C 2A 1B 68 05 C2 03 A3 2B 6B 35 00 37 01 15 02 01 00 00 69 7F 94 3D 2B 6B 35 15 90 E8 06 00 EE B5 6C C9 33 20 00 00 12 74 72 FB 06 00 00 10 02 00 00 00 00 00 00 04 00 0F 15 10 00 64 30 00 09 80 95 26 12 00 03 01 0A D0 02 B9 02 30 00 39 00 C0 D7 00 5A 33 00 42 24 32 00 00 00 00 BD 08 34 35 1E 3A 00 00 24 00 0E 50 15 50 1C 50 31 50 0C 50 04 50 87 50 8A 50 93 51 34 50 36 50 08 50 40 51 D8 50 62 50 3E 50 1A 50 06 50 BA 51 5D 50 29 50 39 51 75 50 7C 50 7C 51 BC 50 D8 51 5B 50 D9 50 9D 50 80 50 2E 50 05 50 44 51 35 50 42 51 68 51 F8 51 2D 50 34 51 E1 50 0A 51 EE 50 53 50 68 50 29 51 2D 51 DF 50 6C 51 26 51 FE 51 11 51 CF 50 1A 51 F2 50 86 50 82 50 FA 51 16 51 CA 50 AC 50 72 51 14 51 A2 50 A2 30 12 51 76 41 82 41 37 40 B6 41 54 40 47 40 0F 40 19 41 92 41 9F 40 C5 41 CB 41 AD 40 7E 40 C4 41 69 40 95 40 B0 40 E1 41 E5 41 D0 41 CE 41 DC 40 8E 80 7C 15 00 01 C4 09 00 02 AC 0D 00 03 03 04 9A 05 00 02 AC 0D 00 03 03 04 9A 05 68 41 2E 41 01 41 60 40 0B 40 2A 40 25 40 28 40 9A 40 26 40 19 40 FD 40 47 41 70 40 42 41 03 40 4F 41 A5 40 E6 40 21 40 50 40 37 41 32 40 E8 40 4B 81 94 11 00 01 C4 09 00 02 B8 0B 00 03 03 04 9A 05 03 04 9A 05 9A 05 9A 05 F1 81 88 13 00 01 D0 07 00 02 C4 09 00 03 03 04 9A 05 CF 41 D0 41 27 41 C1 40 D1 41 D2 41 31 41 BD 41 D3 41 26 40 D4 41 D5 41 C9 41 68 41 EE 40 4C 40 20 40 32 41 2C 40 F0 80 88 13 00 01 E8 03 00 02 C4 09 00 03 03 04 9A 05 00 00 00 00 00 00 00 00 00 00 00 00 00 00 00 00 00 00 00 00 00 00 00 00 00 00 00 00 00 00 00 00 00 00 00 00 00 00 00 00 00 00 00 00 00 00 00 00 00 00 00 00 00 00 00 00 00 00 00 00 00 00 00 00 00 00 00 00 00 00 00 00 00 00 00 00 00 00 00 00 00 00 00 00 00 00 00 00 00 00 DA AB F4 E2 12 37 09 A2 7E
[407040][00:00:49.258]7E FF 02 FF 61 6C 9C 1B 68 05 C0 03 FE 83 70 35 00 3B 01 15 02 01 00 00 69 7F 94 99 83 70 35 15 90 E8 06 00 2D 73 28 C9 33 20 00 00 12 74 72 FB 06 00 00 10 02 00 00 00 00 00 00 04 00 0F 15 10 00 64 30 00 09 80 95 26 12 00 03 01 0A D0 02 B9 02 30 00 39 00 C0 D7 00 5A 33 00 42 24 32 00 00 00 00 BD 08 34 35 1E 3A 00 00 24 00 0E 50 15 50 1C 50 31 50 0C 50 04 50 87 50 8A 50 93 51 34 50 36 50 08 50 40 51 D8 50 62 50 3E 50 1A 50 06 50 BA 51 5D 50 29 50 39 51 75 50 7C 50 7C 51 BC 50 D8 51 5B 50 D9 50 9D 50 80 50 2E 50 05 50 44 51 35 50 42 51 68 51 F8 51 2D 50 34 51 E1 50 0A 51 EE 50 53 50 68 50 29 51 2D 51 DF 50 6C 51 26 51 FE 51 11 51 CF 50 1A 51 F2 50 86 50 82 50 FA 51 16 51 CA 50 AC 50 72 51 14 51 A2 50 A2 30 12 51 76 41 82 41 37 40 B6 41 54 40 47 40 0F 40 19 41 92 41 9F 40 C5 41 CB 41 AD 40 7E 40 C4 41 69 40 95 40 B0 40 E1 41 E5 41 D0 41 CE 41 DC 40 8E 80 7C 15 00 01 C4 09 00 02 AC 0D 00 03 03 04 9A 05 00 02 AC 0D 00 03 03 04 9A 05 68 41 2E 41 01 41 60 40 0B 40 2A 40 25 40 28 40 9A 40 26 40 19 40 FD 40 47 41 70 40 42 41 03 40 4F 41 A5 40 E6 40 21 40 50 40 37 41 32 40 E8 40 4B 81 94 11 00 01 C4 09 00 02 B8 0B 00 03 03 04 9A 05 03 04 9A 05 9A 05 9A 05 F1 81 88 13 00 01 D0 07 00 02 C4 09 00 03 03 04 9A 05 CF 41 D0 41 27 41 C1 40 D1 41 D2 41 31 41 BD 41 D3 41 26 40 D4 41 D5 41 C9 41 68 41 EE 40 4C 40 20 40 32 41 2C 40 F0 80 88 13 00 01 E8 03 00 02 C4 09 00 03 03 04 9A 05 00 00 00 00 00 00 00 00 00 00 00 00 00 00 00 00 00 00 00 00 00 00 00 00 00 00 00 00 00 00 00 00 00 00 00 00 00 00 00 00 00 00 00 00 00 00 00 00 00 00 00 00 00 00 00 00 00 00 00 00 00 00 00 00 00 00 00 00 00 00 00 00 00 00 00 00 00 00 00 00 00 00 00 00 00 00 00 00 00 00 DA AB F4 E2 18 07 9C 02 7E
[407041][00:00:49.304]7E FF 02 FF 62 6C 4E 1B 68 05 C0 03 42 E7 78 35 00 38 01 15 02 01 00 00 69 7F 94 DD E6 78 35 1C 90 E8 06 00 A5 50 1B C9 33 20 00 00 12 74 72 FB 06 00 00 10 02 00 00 00 00 00 00 04 00 0F 1C 10 00 64 30 00 09 80 93 77 12 00 03 01 0A D0 02 B9 02 30 00 39 00 C0 D7 00 5A 33 00 42 24 32 00 00 00 00 BD 08 34 35 1E 3A 00 00 24 00 0E 50 15 50 1C 50 31 50 0C 50 04 50 87 50 8A 50 93 51 34 50 36 50 08 50 40 51 D8 50 62 50 3E 50 1A 50 06 50 BA 51 5D 50 29 50 39 51 75 50 7C 50 7C 51 BC 50 D8 51 5B 50 D9 50 9D 50 80 50 2E 50 05 50 44 51 35 50 42 51 68 51 F8 51 2D 50 34 51 E1 50 0A 51 EE 50 53 50 68 50 29 51 2D 51 DF 50 6C 51 26 51 FE 51 11 51 CF 50 1A 51 F2 50 86 50 82 50 FA 51 16 51 CA 50 AC 50 72 51 14 51 A2 50 A2 30 12 51 76 41 82 41 37 40 B6 41 54 40 47 40 0F 40 19 41 92 41 9F 40 C5 41 CB 41 AD 40 7E 40 C4 41 69 40 95 40 B0 40 E1 41 E5 41 D0 41 CE 41 DC 40 8E 80 7C 15 00 01 C4 09 00 02 AC 0D 00 03 03 04 9A 05 00 02 AC 0D 00 03 03 04 9A 05 68 41 2E 41 01 41 60 40 0B 40 2A 40 25 40 28 40 9A 40 26 40 19 40 FD 40 47 41 70 40 42 41 03 40 4F 41 A5 40 E6 40 21 40 50 40 37 41 32 40 E8 40 4B 81 94 11 00 01 C4 09 00 02 B8 0B 00 03 03 04 9A 05 03 04 9A 05 9A 05 9A 05 F1 81 88 13 00 01 D0 07 00 02 C4 09 00 03 03 04 9A 05 CF 41 D0 41 27 41 C1 40 D1 41 D2 41 31 41 BD 41 D3 41 26 40 D4 41 D5 41 C9 41 68 41 EE 40 4C 40 20 40 32 41 2C 40 F0 80 88 13 00 01 E8 03 00 02 C4 09 00 03 03 04 9A 05 00 00 00 00 00 00 00 00 00 00 00 00 00 00 00 00 00 00 00 00 00 00 00 00 00 00 00 00 00 00 00 00 00 00 00 00 00 00 00 00 00 00 00 00 00 00 00 00 00 00 00 00 00 00 00 00 00 00 00 00 00 00 00 00 00 00 00 00 00 00 00 00 00 00 00 00 00 00 00 00 00 00 00 00 00 00 00 00 00 00 D3 ED D7 4C 28 09 F7 1B 7E
[407042][00:00:49.365]7E FF 02 FF 63 6C 5C 1B 68 05 C1 03 9A 3F 7E 35 00 37 01 15 02 01 00 00 69 7F 94 39 3F 7E 35 1C 90 E8 06 00 92 54 91 C9 33 20 00 00 12 74 72 FB 06 00 00 10 02 00 00 00 00 00 00 04 00 0F 1C 10 00 64 30 00 09 80 93 77 12 00 03 01 0A D0 02 B9 02 30 00 39 00 C0 D7 00 5A 33 00 42 24 32 00 00 00 00 BD 08 34 35 1E 3A 00 00 24 00 0E 50 15 50 1C 50 31 50 0C 50 04 50 87 50 8A 50 93 51 34 50 36 50 08 50 40 51 D8 50 62 50 3E 50 1A 50 06 50 BA 51 5D 50 29 50 39 51 75 50 7C 50 7C 51 BC 50 D8 51 5B 50 D9 50 9D 50 80 50 2E 50 05 50 44 51 35 50 42 51 68 51 F8 51 2D 50 34 51 E1 50 0A 51 EE 50 53 50 68 50 29 51 2D 51 DF 50 6C 51 26 51 FE 51 11 51 CF 50 1A 51 F2 50 86 50 82 50 FA 51 16 51 CA 50 AC 50 72 51 14 51 A2 50 A2 30 12 51 76 41 82 41 37 40 B6 41 54 40 47 40 0F 40 19 41 92 41 9F 40 C5 41 CB 41 AD 40 7E 40 C4 41 69 40 95 40 B0 40 E1 41 E5 41 D0 41 CE 41 DC 40 8E 80 7C 15 00 01 C4 09 00 02 AC 0D 00 03 03 04 9A 05 00 02 AC 0D 00 03 03 04 9A 05 68 41 2E 41 01 41 60 40 0B 40 2A 40 25 40 28 40 9A 40 26 40 19 40 FD 40 47 41 70 40 42 41 03 40 4F 41 A5 40 E6 40 21 40 50 40 37 41 32 40 E8 40 4B 81 94 11 00 01 C4 09 00 02 B8 0B 00 03 03 04 9A 05 03 04 9A 05 9A 05 9A 05 F1 81 88 13 00 01 D0 07 00 02 C4 09 00 03 03 04 9A 05 CF 41 D0 41 27 41 C1 40 D1 41 D2 41 31 41 BD 41 D3 41 26 40 D4 41 D5 41 C9 41 68 41 EE 40 4C 40 20 40 32 41 2C 40 F0 80 88 13 00 01 E8 03 00 02 C4 09 00 03 03 04 9A 05 00 00 00 00 00 00 00 00 00 00 00 00 00 00 00 00 00 00 00 00 00 00 00 00 00 00 00 00 00 00 00 00 00 00 00 00 00 00 00 00 00 00 00 00 00 00 00 00 00 00 00 00 00 00 00 00 00 00 00 00 00 00 00 00 00 00 00 00 00 00 00 00 00 00 00 00 00 00 00 00 00 00 00 00 00 00 00 00 00 00 D3 ED D7 4C 82 78 5A C5 7E
[407043][00:00:49.410]7E FF 02 FF 64 6C BA 1B 68 05 BC 03 3A 1A A2 35 00 38 01 15 02 01 00 00 69 7F 94 BD 19 A2 35 04 90 E8 04 00 3F 2B D4 C9 33 20 00 00 12 74 72 FB 06 00 00 10 02 00 00 00 00 00 00 04 00 0F 04 10 00 64 30 00 09 80 44 14 12 00 02 01 0A D0 02 B9 02 30 00 39 00 C0 D7 00 5A 33 00 42 24 32 00 00 00 00 BD 08 34 35 1E 3A 00 00 24 00 0E 50 15 50 1C 50 31 50 0C 50 04 50 87 50 8A 50 93 51 34 50 36 50 08 50 40 51 D8 50 62 50 3E 50 1A 50 06 50 BA 51 5D 50 29 50 39 51 75 50 7C 50 7C 51 BC 50 D8 51 5B 50 D9 50 9D 50 80 50 2E 50 05 50 44 51 35 50 42 51 68 51 F8 51 2D 50 34 51 E1 50 0A 51 EE 50 53 50 68 50 29 51 2D 51 DF 50 6C 51 26 51 FE 51 11 51 CF 50 1A 51 F2 50 86 50 82 50 FA 51 16 51 CA 50 AC 50 72 51 14 51 A2 50 A2 30 12 51 76 41 82 41 37 40 B6 41 54 40 47 40 0F 40 19 41 92 41 9F 40 C5 41 CB 41 AD 40 7E 40 C4 41 69 40 95 40 B0 40 E1 41 E5 41 D0 41 CE 41 DC 40 8E 80 7C 15 00 01 C4 09 00 02 AC 0D 00 03 03 04 9A 05 00 02 AC 0D 00 03 03 04 9A 05 68 41 2E 41 01 41 60 40 0B 40 2A 40 25 40 28 40 9A 40 26 40 19 40 FD 40 47 41 70 40 42 41 03 40 4F 41 A5 40 E6 40 21 40 50 40 37 41 32 40 E8 40 4B 81 94 11 00 01 C4 09 00 02 B8 0B 00 03 03 04 9A 05 03 04 9A 05 9A 05 9A 05 F1 81 88 13 00 01 D0 07 00 02 C4 09 00 03 03 04 9A 05 CF 41 D0 41 27 41 C1 40 D1 41 D2 41 31 41 BD 41 D3 41 26 40 D4 41 D5 41 C9 41 68 41 EE 40 4C 40 20 40 32 41 2C 40 F0 80 88 13 00 01 E8 03 00 02 C4 09 00 03 03 04 9A 05 00 00 00 00 00 00 00 00 00 00 00 00 00 00 00 00 00 00 00 00 00 00 00 00 00 00 00 00 00 00 00 00 00 00 00 00 00 00 00 00 00 00 00 00 00 00 00 00 00 00 00 00 00 00 00 00 00 00 00 00 00 00 00 00 00 00 00 00 00 00 00 00 00 00 00 00 00 00 00 00 00 00 00 00 00 00 00 00 00 00 58 E4 21 C5 8B 4F 96 6B 7E
[407044][00:00:49.456]7E FF 02 FF 65 6C C8 1B 68 05 BC 03 94 72 A7 35 00 36 00 15 02 01 00 00 69 7F 94 19 72 A7 35 04 90 E8 04 00 AF E8 41 C9 33 20 00 00 12 74 72 FB 06 00 00 10 02 00 00 00 00 00 00 04 00 0F 04 10 00 64 30 00 09 80 44 14 12 00 02 01 0A D0 02 B9 02 30 00 39 00 C0 D7 00 5A 33 00 42 24 32 00 00 00 00 BD 08 34 35 1E 3A 00 00 24 00 0E 50 15 50 1C 50 31 50 0C 50 04 50 87 50 8A 50 93 51 34 50 36 50 08 50 40 51 D8 50 62 50 3E 50 1A 50 06 50 BA 51 5D 50 29 50 39 51 75 50 7C 50 7C 51 BC 50 D8 51 5B 50 D9 50 9D 50 80 50 2E 50 05 50 44 51 35 50 42 51 68 51 F8 51 2D 50 34 51 E1 50 0A 51 EE 50 53 50 68 50 29 51 2D 51 DF 50 6C 51 26 51 FE 51 11 51 CF 50 1A 51 F2 50 86 50 82 50 FA 51 16 51 CA 50 AC 50 72 51 14 51 A2 50 A2 30 12 51 76 41 82 41 37 40 B6 41 54 40 47 40 0F 40 19 41 92 41 9F 40 C5 41 CB 41 AD 40 7E 40 C4 41 69 40 95 40 B0 40 E1 41 E5 41 D0 41 CE 41 DC 40 8E 80 7C 15 00 01 C4 09 00 02 AC 0D 00 03 03 04 9A 05 00 02 AC 0D 00 03 03 04 9A 05 68 41 2E 41 01 41 60 40 0B 40 2A 40 25 40 28 40 9A 40 26 40 19 40 FD 40 47 41 70 40 42 41 03 40 4F 41 A5 40 E6 40 21 40 50 40 37 41 32 40 E8 40 4B 81 94 11 00 01 C4 09 00 02 B8 0B 00 03 03 04 9A 05 03 04 9A 05 9A 05 9A 05 F1 81 88 13 00 01 D0 07 00 02 C4 09 00 03 03 04 9A 05 CF 41 D0 41 27 41 C1 40 D1 41 D2 41 31 41 BD 41 D3 41 26 40 D4 41 D5 41 C9 41 68 41 EE 40 4C 40 20 40 32 41 2C 40 F0 80 88 13 00 01 E8 03 00 02 C4 09 00 03 03 04 9A 05 00 00 00 00 00 00 00 00 00 00 00 00 00 00 00 00 00 00 00 00 00 00 00 00 00 00 00 00 00 00 00 00 00 00 00 00 00 00 00 00 00 00 00 00 00 00 00 00 00 00 00 00 00 00 00 00 00 00 00 00 00 00 00 00 00 00 00 00 00 00 00 00 00 00 00 00 00 00 00 00 00 00 00 00 00 00 00 00 00 00 58 E4 21 C5 CC FA F0 99 7E
[407045][00:00:49.517]7E FF 02 FF 66 6C DE 1B 68 05 20 03 21 C6 AF 35 00 29 02 15 02 01 00 00 69 7F 94 7C C8 AF 35 87 90 E8 06 00 BB AC 44 C9 33 20 00 00 12 74 72 FB 06 00 00 10 02 00 00 00 00 00 00 04 00 0F 87 10 00 4D 70 00 00 68 35 16 12 00 03 01 0A D0 02 B9 02 30 00 39 00 C0 D7 00 5A 33 00 42 24 32 00 00 00 00 BD 08 34 35 1E 3A 00 00 24 00 0E 50 15 50 1C 50 31 50 0C 50 04 50 87 50 8A 50 93 51 34 50 36 50 08 50 40 51 D8 50 62 50 3E 50 1A 50 06 50 BA 51 5D 50 29 50 39 51 75 50 7C 50 7C 51 BC 50 D8 51 5B 50 D9 50 9D 50 80 50 2E 50 05 50 44 51 35 50 42 51 68 51 F8 51 2D 50 34 51 E1 50 0A 51 EE 50 53 50 68 50 29 51 2D 51 DF 50 6C 51 26 51 FE 51 11 51 CF 50 1A 51 F2 50 86 50 82 50 FA 51 16 51 CA 50 AC 50 72 51 14 51 A2 50 A2 30 12 51 76 41 82 41 37 40 B6 41 54 40 47 40 0F 40 19 41 92 41 9F 40 C5 41 CB 41 AD 40 7E 40 C4 41 69 40 95 40 B0 40 E1 41 E5 41 D0 41 CE 41 DC 40 8E 80 7C 15 00 01 C4 09 00 02 AC 0D 00 03 03 04 9A 05 00 00 00 00 00 00 00 00 00 00 00 00 00 00 00 00 00 00 00 00 00 00 00 00 00 00 00 00 00 00 00 00 00 00 00 00 00 00 00 00 00 00 00 00 00 00 00 00 00 00 00 00 00 00 00 00 00 00 00 00 00 00 00 00 00 00 00 00 00 00 00 00 00 00 00 00 00 00 00 00 00 00 00 00 00 00 00 00 00 00 00 00 00 00 00 00 00 00 00 00 00 00 00 00 00 00 00 00 00 00 00 00 00 00 00 00 00 00 00 00 00 00 00 00 00 00 00 00 00 00 00 00 00 00 00 00 00 00 00 00 00 00 00 00 00 00 00 00 00 00 00 00 00 00 00 00 00 00 00 00 00 00 00 00 00 00 00 00 00 00 00 00 00 00 00 00 00 00 00 00 00 00 00 00 00 00 00 00 00 00 00 00 00 00 00 00 00 00 00 00 00 00 00 00 00 00 00 00 00 00 00 00 00 00 00 00 00 00 00 00 00 00 00 00 00 00 00 00 00 00 00 00 00 00 00 00 00 00 00 00 00 00 00 00 00 00 00 00 75 62 63 24 2C 15 0A 55 7E
[407046][00:00:49.563]7E FF 02 FF 67 6C 6E 1C 68 05 C1 03 47 C4 E6 35 00 39 01 15 02 01 00 00 69 7F 94 DD C3 E6 35 36 90 E8 06 00 75 A1 8C C9 33 20 00 00 12 74 72 FB 06 00 00 10 02 00 00 00 00 00 00 04 00 0F 36 10 00 64 30 00 09 79 78 92 12 00 03 01 0A D0 02 B9 02 30 00 39 00 C0 D7 00 5A 33 00 42 24 32 00 00 00 00 BD 08 34 35 1E 3A 00 00 24 00 0E 50 15 50 1C 50 31 50 0C 50 04 50 87 50 8A 50 93 51 34 50 36 50 08 50 40 51 D8 50 62 50 3E 50 1A 50 06 50 BA 51 5D 50 29 50 39 51 75 50 7C 50 7C 51 BC 50 D8 51 5B 50 D9 50 9D 50 80 50 2E 50 05 50 44 51 35 50 42 51 68 51 F8 51 2D 50 34 51 E1 50 0A 51 EE 50 53 50 68 50 29 51 2D 51 DF 50 6C 51 26 51 FE 51 11 51 CF 50 1A 51 F2 50 86 50 82 50 FA 51 16 51 CA 50 AC 50 72 51 14 51 A2 50 A2 30 12 51 76 41 82 41 37 40 B6 41 54 40 47 40 0F 40 19 41 92 41 9F 40 C5 41 CB 41 AD 40 7E 40 C4 41 69 40 95 40 B0 40 E1 41 E5 41 D0 41 CE 41 DC 40 8E 80 7C 15 00 01 C4 09 00 02 AC 0D 00 03 03 04 9A 05 00 02 AC 0D 00 03 03 04 9A 05 68 41 2E 41 01 41 60 40 0B 40 2A 40 25 40 28 40 9A 40 26 40 19 40 FD 40 47 41 70 40 42 41 03 40 4F 41 A5 40 E6 40 21 40 50 40 37 41 32 40 E8 40 4B 81 94 11 00 01 C4 09 00 02 B8 0B 00 03 03 04 9A 05 03 04 9A 05 9A 05 9A 05 F1 81 88 13 00 01 D0 07 00 02 C4 09 00 03 03 04 9A 05 CF 41 D0 41 27 41 C1 40 D1 41 D2 41 31 41 BD 41 D3 41 26 40 D4 41 D5 41 C9 41 68 41 EE 40 4C 40 20 40 32 41 2C 40 F0 80 88 13 00 01 E8 03 00 02 C4 09 00 03 03 04 9A 05 00 00 00 00 00 00 00 00 00 00 00 00 00 00 00 00 00 00 00 00 00 00 00 00 00 00 00 00 00 00 00 00 00 00 00 00 00 00 00 00 00 00 00 00 00 00 00 00 00 00 00 00 00 00 00 00 00 00 00 00 00 00 00 00 00 00 00 00 00 00 00 00 00 00 00 00 00 00 00 00 00 00 00 00 00 00 00 00 00 00 6B 5B FF 92 BE EB F9 32 7E
[407047][00:00:49.607]7E FF 02 FF 68 6C 7C 1C 68 05 BE 03 A4 1C EC 35 00 37 01 15 02 01 00 00 69 7F 94 39 1C EC 35 36 90 E8 06 00 E7 2F 1F C9 33 20 00 00 12 74 72 FB 06 00 00 10 02 00 00 00 00 00 00 04 00 0F 36 10 00 64 30 00 09 79 78 92 12 00 03 01 0A D0 02 B9 02 30 00 39 00 C0 D7 00 5A 33 00 42 24 32 00 00 00 00 BD 08 34 35 1E 3A 00 00 24 00 0E 50 15 50 1C 50 31 50 0C 50 04 50 87 50 8A 50 93 51 34 50 36 50 08 50 40 51 D8 50 62 50 3E 50 1A 50 06 50 BA 51 5D 50 29 50 39 51 75 50 7C 50 7C 51 BC 50 D8 51 5B 50 D9 50 9D 50 80 50 2E 50 05 50 44 51 35 50 42 51 68 51 F8 51 2D 50 34 51 E1 50 0A 51 EE 50 53 50 68 50 29 51 2D 51 DF 50 6C 51 26 51 FE 51 11 51 CF 50 1A 51 F2 50 86 50 82 50 FA 51 16 51 CA 50 AC 50 72 51 14 51 A2 50 A2 30 12 51 76 41 82 41 37 40 B6 41 54 40 47 40 0F 40 19 41 92 41 9F 40 C5 41 CB 41 AD 40 7E 40 C4 41 69 40 95 40 B0 40 E1 41 E5 41 D0 41 CE 41 DC 40 8E 80 7C 15 00 01 C4 09 00 02 AC 0D 00 03 03 04 9A 05 00 02 AC 0D 00 03 03 04 9A 05 68 41 2E 41 01 41 60 40 0B 40 2A 40 25 40 28 40 9A 40 26 40 19 40 FD 40 47 41 70 40 42 41 03 40 4F 41 A5 40 E6 40 21 40 50 40 37 41 32 40 E8 40 4B 81 94 11 00 01 C4 09 00 02 B8 0B 00 03 03 04 9A 05 03 04 9A 05 9A 05 9A 05 F1 81 88 13 00 01 D0 07 00 02 C4 09 00 03 03 04 9A 05 CF 41 D0 41 27 41 C1 40 D1 41 D2 41 31 41 BD 41 D3 41 26 40 D4 41 D5 41 C9 41 68 41 EE 40 4C 40 20 40 32 41 2C 40 F0 80 88 13 00 01 E8 03 00 02 C4 09 00 03 03 04 9A 05 00 00 00 00 00 00 00 00 00 00 00 00 00 00 00 00 00 00 00 00 00 00 00 00 00 00 00 00 00 00 00 00 00 00 00 00 00 00 00 00 00 00 00 00 00 00 00 00 00 00 00 00 00 00 00 00 00 00 00 00 00 00 00 00 00 00 00 00 00 00 00 00 00 00 00 00 00 00 00 00 00 00 00 00 00 00 00 00 00 00 6B 5B FF 92 4F 55 40 72 7E
[407048][00:00:49.682]7E FF 02 FF 6A 6C 0C 1D 68 05 C1 03 43 0B 23 36 00 34 01 15 02 01 00 00 69 7F 94 B9 0A 23 36 62 90 E8 04 00 27 1E 3F C9 33 20 00 00 12 74 72 FB 06 00 00 10 02 00 00 00 00 00 00 04 00 0F 62 10 00 64 30 00 09 81 09 37 12 00 02 01 0A D0 02 B9 02 30 00 39 00 C0 D7 00 5A 33 00 42 24 32 00 00 00 00 BD 08 34 35 1E 3A 00 00 24 00 0E 50 15 50 1C 50 31 50 0C 50 04 50 87 50 8A 50 93 51 34 50 36 50 08 50 40 51 D8 50 62 50 3E 50 1A 50 06 50 BA 51 5D 50 29 50 39 51 75 50 7C 50 7C 51 BC 50 D8 51 5B 50 D9 50 9D 50 80 50 2E 50 05 50 44 51 35 50 42 51 68 51 F8 51 2D 50 34 51 E1 50 0A 51 EE 50 53 50 68 50 29 51 2D 51 DF 50 6C 51 26 51 FE 51 11 51 CF 50 1A 51 F2 50 86 50 82 50 FA 51 16 51 CA 50 AC 50 72 51 14 51 A2 50 A2 30 12 51 76 41 82 41 37 40 B6 41 54 40 47 40 0F 40 19 41 92 41 9F 40 C5 41 CB 41 AD 40 7E 40 C4 41 69 40 95 40 B0 40 E1 41 E5 41 D0 41 CE 41 DC 40 8E 80 7C 15 00 01 C4 09 00 02 AC 0D 00 03 03 04 9A 05 00 02 AC 0D 00 03 03 04 9A 05 68 41 2E 41 01 41 60 40 0B 40 2A 40 25 40 28 40 9A 40 26 40 19 40 FD 40 47 41 70 40 42 41 03 40 4F 41 A5 40 E6 40 21 40 50 40 37 41 32 40 E8 40 4B 81 94 11 00 01 C4 09 00 02 B8 0B 00 03 03 04 9A 05 03 04 9A 05 9A 05 9A 05 F1 81 88 13 00 01 D0 07 00 02 C4 09 00 03 03 04 9A 05 CF 41 D0 41 27 41 C1 40 D1 41 D2 41 31 41 BD 41 D3 41 26 40 D4 41 D5 41 C9 41 68 41 EE 40 4C 40 20 40 32 41 2C 40 F0 80 88 13 00 01 E8 03 00 02 C4 09 00 03 03 04 9A 05 00 00 00 00 00 00 00 00 00 00 00 00 00 00 00 00 00 00 00 00 00 00 00 00 00 00 00 00 00 00 00 00 00 00 00 00 00 00 00 00 00 00 00 00 00 00 00 00 00 00 00 00 00 00 00 00 00 00 00 00 00 00 00 00 00 00 00 00 00 00 00 00 00 00 00 00 00 00 00 00 00 00 00 00 00 00 00 00 00 00 59 0F 09 55 28 64 58 F7 7E
[407049][00:00:49.728]7E FF 02 FF 6B 6C 22 1D 68 05 B8 03 8C 6E 2B 36 00 33 01 15 02 01 00 00 69 7F 94 FD 6D 2B 36 3E 90 E8 04 00 A9 6A A9 C9 33 20 00 00 12 74 72 FB 06 00 00 10 02 00 00 00 00 00 00 04 00 0F 3E 10 00 64 30 00 09 80 94 75 12 00 02 01 0A D0 02 B9 02 30 00 39 00 C0 D7 00 5A 33 00 42 24 32 00 00 00 00 BD 08 34 35 1E 3A 00 00 24 00 0E 50 15 50 1C 50 31 50 0C 50 04 50 87 50 8A 50 93 51 34 50 36 50 08 50 40 51 D8 50 62 50 3E 50 1A 50 06 50 BA 51 5D 50 29 50 39 51 75 50 7C 50 7C 51 BC 50 D8 51 5B 50 D9 50 9D 50 80 50 2E 50 05 50 44 51 35 50 42 51 68 51 F8 51 2D 50 34 51 E1 50 0A 51 EE 50 53 50 68 50 29 51 2D 51 DF 50 6C 51 26 51 FE 51 11 51 CF 50 1A 51 F2 50 86 50 82 50 FA 51 16 51 CA 50 AC 50 72 51 14 51 A2 50 A2 30 12 51 76 41 82 41 37 40 B6 41 54 40 47 40 0F 40 19 41 92 41 9F 40 C5 41 CB 41 AD 40 7E 40 C4 41 69 40 95 40 B0 40 E1 41 E5 41 D0 41 CE 41 DC 40 8E 80 7C 15 00 01 C4 09 00 02 AC 0D 00 03 03 04 9A 05 00 02 AC 0D 00 03 03 04 9A 05 68 41 2E 41 01 41 60 40 0B 40 2A 40 25 40 28 40 9A 40 26 40 19 40 FD 40 47 41 70 40 42 41 03 40 4F 41 A5 40 E6 40 21 40 50 40 37 41 32 40 E8 40 4B 81 94 11 00 01 C4 09 00 02 B8 0B 00 03 03 04 9A 05 03 04 9A 05 9A 05 9A 05 F1 81 88 13 00 01 D0 07 00 02 C4 09 00 03 03 04 9A 05 CF 41 D0 41 27 41 C1 40 D1 41 D2 41 31 41 BD 41 D3 41 26 40 D4 41 D5 41 C9 41 68 41 EE 40 4C 40 20 40 32 41 2C 40 F0 80 88 13 00 01 E8 03 00 02 C4 09 00 03 03 04 9A 05 00 00 00 00 00 00 00 00 00 00 00 00 00 00 00 00 00 00 00 00 00 00 00 00 00 00 00 00 00 00 00 00 00 00 00 00 00 00 00 00 00 00 00 00 00 00 00 00 00 00 00 00 00 00 00 00 00 00 00 00 00 00 00 00 00 00 00 00 00 00 00 00 00 00 00 00 00 00 00 00 00 00 00 00 00 00 00 00 00 00 26 AE F9 80 90 AA 6E 79 7E
[407050][00:00:49.788]7E FF 02 FF 6C 6C 94 1D 68 05 D6 03 E8 C6 30 36 00 34 01 15 02 01 00 00 69 7F 94 59 C6 30 36 3E 90 E8 04 00 09 AF E1 C9 33 20 00 00 12 74 72 FB 06 00 00 10 02 00 00 00 00 00 00 04 00 0F 3E 10 00 64 30 00 09 80 94 75 12 00 02 01 0A D0 02 B9 02 30 00 39 00 C0 D7 00 5A 33 00 42 24 32 00 00 00 00 BD 08 34 35 1E 3A 00 00 24 00 0E 50 15 50 1C 50 31 50 0C 50 04 50 87 50 8A 50 93 51 34 50 36 50 08 50 40 51 D8 50 62 50 3E 50 1A 50 06 50 BA 51 5D 50 29 50 39 51 75 50 7C 50 7C 51 BC 50 D8 51 5B 50 D9 50 9D 50 80 50 2E 50 05 50 44 51 35 50 42 51 68 51 F8 51 2D 50 34 51 E1 50 0A 51 EE 50 53 50 68 50 29 51 2D 51 DF 50 6C 51 26 51 FE 51 11 51 CF 50 1A 51 F2 50 86 50 82 50 FA 51 16 51 CA 50 AC 50 72 51 14 51 A2 50 A2 30 12 51 76 41 82 41 37 40 B6 41 54 40 47 40 0F 40 19 41 92 41 9F 40 C5 41 CB 41 AD 40 7E 40 C4 41 69 40 95 40 B0 40 E1 41 E5 41 D0 41 CE 41 DC 40 8E 80 7C 15 00 01 C4 09 00 02 AC 0D 00 03 03 04 9A 05 00 02 AC 0D 00 03 03 04 9A 05 68 41 2E 41 01 41 60 40 0B 40 2A 40 25 40 28 40 9A 40 26 40 19 40 FD 40 47 41 70 40 42 41 03 40 4F 41 A5 40 E6 40 21 40 50 40 37 41 32 40 E8 40 4B 81 94 11 00 01 C4 09 00 02 B8 0B 00 03 03 04 9A 05 03 04 9A 05 9A 05 9A 05 F1 81 88 13 00 01 D0 07 00 02 C4 09 00 03 03 04 9A 05 CF 41 D0 41 27 41 C1 40 D1 41 D2 41 31 41 BD 41 D3 41 26 40 D4 41 D5 41 C9 41 68 41 EE 40 4C 40 20 40 32 41 2C 40 F0 80 88 13 00 01 E8 03 00 02 C4 09 00 03 03 04 9A 05 00 00 00 00 00 00 00 00 00 00 00 00 00 00 00 00 00 00 00 00 00 00 00 00 00 00 00 00 00 00 00 00 00 00 00 00 00 00 00 00 00 00 00 00 00 00 00 00 00 00 00 00 00 00 00 00 00 00 00 00 00 00 00 00 00 00 00 00 00 00 00 00 00 00 00 00 00 00 00 00 00 00 00 00 00 00 00 00 00 00 26 AE F9 80 8F E2 9F 8A 7E
[407051][00:00:52.317]7E FF 02 FF 6D 6C 21 28 68 05 4D 01 A5 AA 36 3A 00 34 01 10 00 01 00 03 69 7F 94 14 0D FF 2C 00 00 00 10 02 78 5E 19 9F 18 7F 6A 7E
[407052][00:00:52.692]7E FF 02 FF 6E 6C 23 29 68 05 8A 01 2B 3C BF 3A 00 34 00 94 00 01 00 01 69 7F 94 00 00 08 01 FC 13 79 40 00 EE FE E9 00 00 80 00 0A 42 33 00 5C 70 EF 0C 00 33 00 00 30 00 09 04 02 59 FF FF FF FF FF FF 00 00 00 00 30 00 09 04 02 59 80 00 00 00 00 00 00 00 00 00 39 03 00 01 70 56 11 45 E8 07 02 12 09 23 07 03 01 00 01 01 00 02 02 00 0D 00 00 09 03 31 17 6E 54 4E 59 58 0E 00 0E 00 00 00 00 00 04 00 00 00 2A 77 F3 41 F1 1F 10 DC B5 85 1A 00 00 31 44 59 58 03 FB C1 01 9C 02 01 04 CC 31 CB 00 00 00 00 00 00 00 00 86 70 B4 5E 7E
[407053][00:00:52.737]7E FF 02 FF 6F 6C 32 29 68 05 46 02 CA 6B C3 3A 01 23 0F 14 01 01 00 01 69 7F 94 01 80 0D 03 6A 41 00 10 00 16 42 9C 10 00 C8 00 03 E6 AF 30 74 88 FF 00 00 33 00 00 11 03 00 00 01 02 83 06 C9 1E 28 0A FE FE FE FE 68 62 00 43 05 25 72 53 06 00 30 10 1C F7 10 00 3E 05 03 31 50 02 02 00 01 20 21 02 00 1C 07 EA 06 1D 0B 00 00 08 00 20 21 02 00 00 20 01 04 00 00 20 00 02 00 00 20 01 02 00 00 20 04 02 00 00 20 0A 02 00 00 00 10 02 01 00 00 20 02 01 00 01 10 F0 D5 56 98 83 8E 08 15 8F 01 3B 87 D4 9A 8C D7 79 47 16 59 09 F7 2E 00 00 00 00 00 00 00 00 00 00 00 00 00 00 00 00 00 00 00 00 00 00 00 00 00 00 00 00 00 00 00 00 00 00 00 00 00 00 00 00 00 00 00 00 00 00 00 00 00 00 00 00 00 00 00 00 00 00 00 00 00 00 00 00 00 00 00 00 00 00 00 00 00 00 00 00 00 00 00 00 00 00 00 00 00 00 00 00 00 00 00 00 00 00 00 00 00 00 00 00 00 00 00 00 00 00 00 00 00 00 00 00 00 00 00 00 00 00 00 00 00 00 00 00 ED D5 A4 C7 7E
[407054][00:00:52.828]7E FF 02 FF 70 6C 16 2A 68 05 A9 01 1B CC F5 3A 00 39 01 94 00 01 00 01 69 7F 94 1C 10 00 01 14 13 3D 60 00 0E 8E AE C0 01 01 00 00 79 39 00 49 A0 EF 08 00 33 00 00 30 00 09 80 93 77 20 00 00 12 74 72 07 00 00 00 9D 00 9D 00 99 00 3D 00 92 B0 2C F5 00 02 52 FF BE 0D 06 C7 26 90 9E 8F 80 75 7B 69 01 04 09 04 00 00 01 12 00 00 00 00 A0 00 00 20 00 00 00 80 08 20 2E 22 3C 00 00 00 20 10 3E 79 4B 39 1C 53 E2 31 16 05 67 11 E6 07 80 00 00 00 00 00 00 00 00 00 00 00 00 00 00 00 00 00 00 00 00 00 00 00 00 00 00 00 3B DD BC 78 7E
[407055][00:00:52.828]7E FF 02 FF 71 6C B7 29 68 05 E4 00 7E A4 F7 3A 00 39 01 10 00 01 00 02 69 7F 94 10 01 C0 01 01 02 04 00 00 3E 26 2C C7 E5 C5 AB 7E
[407056][00:00:52.888]7E FF 02 FF 72 6C D9 29 68 05 46 03 F4 D2 04 3B 00 29 02 14 01 01 00 01 69 7F 94 87 10 00 01 14 14 76 B0 00 92 95 87 70 08 01 00 00 06 04 00 8C 78 FF 08 00 33 00 00 70 00 00 68 35 16 20 00 00 12 74 72 07 00 00 00 87 00 87 00 0E 00 80 00 0A 00 00 00 01 00 00 00 00 00 00 00 00 00 00 00 00 00 00 00 00 00 08 00 00 00 00 00 00 00 00 00 04 68 09 00 20 10 00 00 01 04 00 00 00 00 00 00 00 00 00 00 00 00 00 00 00 00 00 00 00 00 00 00 00 00 00 00 00 00 00 00 00 00 00 00 00 00 00 00 00 00 00 00 00 00 00 00 00 00 00 00 00 00 00 00 00 00 00 00 00 00 00 00 00 00 00 00 00 00 00 00 00 00 00 00 00 00 00 00 00 00 00 00 00 00 00 00 56 77 59 6A 00 00 00 00 00 00 00 00 00 00 00 00 00 00 00 00 00 00 00 00 00 00 00 00 00 00 00 00 00 00 00 00 00 00 00 00 00 00 00 00 00 00 00 00 00 00 00 00 00 00 00 00 00 00 00 00 00 00 00 00 00 00 00 00 00 00 00 00 00 00 00 00 00 00 00 00 00 00 00 00 00 00 00 00 00 00 00 00 BB 10 05 99 7E
[407057][00:00:52.888]7E FF 02 FF 73 6C E1 29 68 05 25 02 17 C9 07 3B 00 29 02 10 00 01 00 02 69 7F 94 10 01 70 08 01 02 04 00 00 D0 D9 1B 54 5C 69 8D 7E
[407058][00:00:53.203]7E FF 02 FF 74 6C 27 2B 68 05 0C 01 9C 05 84 3B 00 34 01 94 00 01 00 01 69 7F 94 20 F0 FF 01 99 12 79 42 00 E6 18 F1 00 02 FF 2F 01 56 94 00 6D 70 01 04 00 33 00 00 08 00 00 00 20 50 03 31 30 00 09 04 22 19 20 00 00 12 74 72 39 1C 02 0C 18 00 08 01 07 00 2F 00 00 00 00 00 35 30 00 08 00 00 00 80 0C 00 00 00 28 00 00 00 00 00 40 00 00 00 00 00 40 80 02 00 00 A0 00 00 02 60 00 86 00 00 10 00 80 40 00 00 00 00 00 30 04 05 01 04 03 01 03 02 01 06 02 04 01 02 05 02 05 03 05 03 01 03 02 03 04 ED 4D F3 49 00 00 00 D1 7E 1F AC 7E
[407059][00:00:53.352]7E FF 02 FF 75 6C AA 2B 68 05 AE 03 55 3E B6 3B 00 FD 03 14 01 01 00 01 69 7F 94 01 60 00 03 27 16 EB C0 00 98 5E C8 10 00 16 01 03 E3 AF 30 74 88 FF 00 00 33 00 00 11 03 00 00 01 02 83 06 CD 1E 28 0A FE FE FE FE 68 62 00 43 05 92 24 54 06 00 30 10 14 08 10 00 3E 05 03 35 50 02 02 00 01 20 21 02 00 1C 07 EA 06 1D 0B 00 00 08 00 20 21 02 00 00 20 01 04 00 00 20 00 02 00 00 20 01 02 00 00 20 04 02 00 00 20 0A 02 00 00 00 10 02 01 00 00 20 02 01 00 01 10 F0 D5 56 98 83 8E 08 15 8F 01 3B 87 D4 9A 8C D7 F4 0D 16 12 0D 5A 73 00 00 00 00 00 00 00 00 00 00 00 00 00 00 00 00 00 00 00 00 00 00 00 00 00 00 00 00 00 00 00 00 00 00 00 00 00 00 00 00 00 00 00 00 00 00 00 00 00 00 00 00 00 00 00 00 00 00 00 00 00 00 00 00 00 00 00 00 00 00 00 00 00 00 00 00 00 00 00 00 00 00 00 00 00 00 00 00 00 00 00 00 00 00 00 00 00 00 00 00 00 00 00 00 00 00 00 00 00 00 00 00 00 00 00 00 00 00 00 00 00 00 00 00 8D D0 AA 36 7E
[407060][00:00:53.413]7E FF 02 FF 76 6C E0 2B 68 05 B7 00 BD 8D CA 3B 00 FE 03 14 01 01 00 01 69 7F 94 01 60 00 03 27 16 EB C4 00 89 5C 4C 10 00 16 01 03 E3 AF 30 74 88 FF 00 00 33 00 00 11 03 00 00 01 02 83 06 CD 1E 28 0A FE FE FE FE 68 62 00 43 05 92 24 54 06 00 30 10 14 08 10 00 3E 05 03 35 50 02 02 00 01 20 21 02 00 1C 07 EA 06 1D 0B 00 00 08 00 20 21 02 00 00 20 01 04 00 00 20 00 02 00 00 20 01 02 00 00 20 04 02 00 00 20 0A 02 00 00 00 10 02 01 00 00 20 02 01 00 01 10 F0 D5 56 98 83 8E 08 15 8F 01 3B 87 D4 9A 8C D7 F4 0D 16 12 0D 5A 73 00 00 00 00 00 00 00 00 00 00 00 00 00 00 00 00 00 00 00 00 00 00 00 00 00 00 00 00 00 00 00 00 00 00 00 00 00 00 00 00 00 00 00 00 00 00 00 00 00 00 00 00 00 00 00 00 00 00 00 00 00 00 00 00 00 00 00 00 00 00 00 00 00 00 00 00 00 00 00 00 00 00 00 00 00 00 00 00 00 00 00 00 00 00 00 00 00 00 00 00 00 00 00 00 00 00 00 00 00 00 00 00 00 00 00 00 00 00 00 00 00 00 00 00 BF A8 44 B2 7E
[407061][00:00:53.519]7E FF 02 FF 77 6C 4B 2C 68 05 19 00 94 51 F3 3B 00 FE 03 14 01 01 00 01 69 7F 94 01 60 00 03 27 16 EB C4 00 89 5C 4C 10 00 16 01 03 E3 AF 30 74 88 FF 00 00 33 00 00 11 03 00 00 01 02 83 06 CD 1E 28 0A FE FE FE FE 68 62 00 43 05 92 24 54 06 00 30 10 14 08 10 00 3E 05 03 35 50 02 02 00 01 20 21 02 00 1C 07 EA 06 1D 0B 00 00 08 00 20 21 02 00 00 20 01 04 00 00 20 00 02 00 00 20 01 02 00 00 20 04 02 00 00 20 0A 02 00 00 00 10 02 01 00 00 20 02 01 00 01 10 F0 D5 56 98 83 8E 08 15 8F 01 3B 87 D4 9A 8C D7 F4 0D 16 12 0D 5A 73 00 00 00 00 00 00 00 00 00 00 00 00 00 00 00 00 00 00 00 00 00 00 00 00 00 00 00 00 00 00 00 00 00 00 00 00 00 00 00 00 00 00 00 00 00 00 00 00 00 00 00 00 00 00 00 00 00 00 00 00 00 00 00 00 00 00 00 00 00 00 00 00 00 00 00 00 00 00 00 00 00 00 00 00 00 00 00 00 00 00 00 00 00 00 00 00 00 00 00 00 00 00 00 00 00 00 00 00 00 00 00 00 00 00 00 00 00 00 00 00 00 00 00 00 3D 95 3F 03 7E
[407062][00:00:53.565]7E FF 02 FF 78 6C 7E 2C 68 05 A3 00 E7 D2 06 3C 00 FD 03 14 01 01 00 01 69 7F 94 01 60 00 03 27 16 EB C0 00 98 5E C8 10 00 FC 00 03 E4 AF 30 74 88 FF 00 00 33 00 00 11 03 00 00 01 02 83 06 CB 1E 28 0A FE FE FE FE 68 62 00 43 05 30 05 54 06 00 30 10 7A 5B 10 00 3E 05 03 33 50 02 02 00 01 20 21 02 00 1C 07 EA 06 1D 0B 00 00 08 00 20 21 02 00 00 20 01 04 00 00 20 00 02 00 00 20 01 02 00 00 20 04 02 00 00 20 0A 02 00 00 00 10 02 01 00 00 20 02 01 00 01 10 F0 D5 56 98 83 8E 08 15 8F 01 3B 87 D4 9A 8C D7 37 E6 16 3D 09 3F D1 00 00 00 00 00 00 00 00 00 00 00 00 00 00 00 00 00 00 00 00 00 00 00 00 00 00 00 00 00 00 00 00 00 00 00 00 00 00 00 00 00 00 00 00 00 00 00 00 00 00 00 00 00 00 00 00 00 00 00 00 00 00 00 00 00 00 00 00 00 00 00 00 00 00 00 00 00 00 00 00 00 00 00 00 00 00 00 00 00 00 00 00 00 00 00 00 00 00 00 00 00 00 00 00 00 00 00 00 00 00 00 00 00 00 00 00 00 00 00 00 00 00 00 00 29 A1 9C 58 7E
[407063][00:00:53.610]7E FF 02 FF 79 6C A5 2C 68 05 9F 01 F8 CA 15 3C 00 FD 03 14 01 01 00 01 69 7F 94 01 60 00 03 27 16 EB C4 00 89 5C 4C 10 00 FC 00 03 E4 AF 30 74 88 FF 00 00 33 00 00 11 03 00 00 01 02 83 06 CB 1E 28 0A FE FE FE FE 68 62 00 43 05 30 05 54 06 00 30 10 7A 5B 10 00 3E 05 03 33 50 02 02 00 01 20 21 02 00 1C 07 EA 06 1D 0B 00 00 08 00 20 21 02 00 00 20 01 04 00 00 20 00 02 00 00 20 01 02 00 00 20 04 02 00 00 20 0A 02 00 00 00 10 02 01 00 00 20 02 01 00 01 10 F0 D5 56 98 83 8E 08 15 8F 01 3B 87 D4 9A 8C D7 37 E6 16 3D 09 3F D1 00 00 00 00 00 00 00 00 00 00 00 00 00 00 00 00 00 00 00 00 00 00 00 00 00 00 00 00 00 00 00 00 00 00 00 00 00 00 00 00 00 00 00 00 00 00 00 00 00 00 00 00 00 00 00 00 00 00 00 00 00 00 00 00 00 00 00 00 00 00 00 00 00 00 00 00 00 00 00 00 00 00 00 00 00 00 00 00 00 00 00 00 00 00 00 00 00 00 00 00 00 00 00 00 00 00 00 00 00 00 00 00 00 00 00 00 00 00 00 00 00 00 00 00 A7 75 3A 11 7E
[407064][00:00:53.671]7E FF 02 FF 7A 6C E9 2C 68 05 29 00 C5 96 2F 3C 00 FD 03 14 01 01 00 01 69 7F 94 01 60 00 03 27 16 EB C4 00 89 5C 4C 10 00 FC 00 03 E4 AF 30 74 88 FF 00 00 33 00 00 11 03 00 00 01 02 83 06 CB 1E 28 0A FE FE FE FE 68 62 00 43 05 30 05 54 06 00 30 10 7A 5B 10 00 3E 05 03 33 50 02 02 00 01 20 21 02 00 1C 07 EA 06 1D 0B 00 00 08 00 20 21 02 00 00 20 01 04 00 00 20 00 02 00 00 20 01 02 00 00 20 04 02 00 00 20 0A 02 00 00 00 10 02 01 00 00 20 02 01 00 01 10 F0 D5 56 98 83 8E 08 15 8F 01 3B 87 D4 9A 8C D7 37 E6 16 3D 09 3F D1 00 00 00 00 00 00 00 00 00 00 00 00 00 00 00 00 00 00 00 00 00 00 00 00 00 00 00 00 00 00 00 00 00 00 00 00 00 00 00 00 00 00 00 00 00 00 00 00 00 00 00 00 00 00 00 00 00 00 00 00 00 00 00 00 00 00 00 00 00 00 00 00 00 00 00 00 00 00 00 00 00 00 00 00 00 00 00 00 00 00 00 00 00 00 00 00 00 00 00 00 00 00 00 00 00 00 00 00 00 00 00 00 00 00 00 00 00 00 00 00 00 00 00 00 B1 80 02 23 7E
[407065][00:00:53.731]7E FF 02 FF 7B 6C 1D 2D 68 05 B8 00 E9 7A 43 3C 00 FE 03 14 01 01 00 01 69 7F 94 01 60 00 03 27 16 EB C0 00 98 5E C8 10 00 1A 01 03 E5 AF 30 74 88 FF 00 00 33 00 00 11 03 00 00 01 02 83 06 CC 1E 28 0A FE FE FE FE 68 62 00 43 05 90 24 54 06 00 30 10 AF 3F 10 00 3E 05 03 34 50 02 02 00 01 20 21 02 00 1C 07 EA 06 1D 0B 00 00 08 00 20 21 02 00 00 20 01 04 00 00 20 00 02 00 00 20 01 02 00 00 20 04 02 00 00 20 0A 02 00 00 00 10 02 01 00 00 20 02 01 00 01 10 F0 D5 56 98 83 8E 08 15 8F 01 3B 87 D4 9A 8C D7 53 5D 16 0E 3F 73 C6 00 00 00 00 00 00 00 00 00 00 00 00 00 00 00 00 00 00 00 00 00 00 00 00 00 00 00 00 00 00 00 00 00 00 00 00 00 00 00 00 00 00 00 00 00 00 00 00 00 00 00 00 00 00 00 00 00 00 00 00 00 00 00 00 00 00 00 00 00 00 00 00 00 00 00 00 00 00 00 00 00 00 00 00 00 00 00 00 00 00 00 00 00 00 00 00 00 00 00 00 00 00 00 00 00 00 00 00 00 00 00 00 00 00 00 00 00 00 00 00 00 00 00 00 A4 96 B9 2A 7E
[407066][00:00:53.792]7E FF 02 FF 7C 6C 5E 2D 68 05 43 00 52 3B 5C 3C 00 FE 03 14 01 01 00 01 69 7F 94 01 60 00 03 27 16 EB C4 00 89 5C 4C 10 00 1A 01 03 E5 AF 30 74 88 FF 00 00 33 00 00 11 03 00 00 01 02 83 06 CC 1E 28 0A FE FE FE FE 68 62 00 43 05 90 24 54 06 00 30 10 AF 3F 10 00 3E 05 03 34 50 02 02 00 01 20 21 02 00 1C 07 EA 06 1D 0B 00 00 08 00 20 21 02 00 00 20 01 04 00 00 20 00 02 00 00 20 01 02 00 00 20 04 02 00 00 20 0A 02 00 00 00 10 02 01 00 00 20 02 01 00 01 10 F0 D5 56 98 83 8E 08 15 8F 01 3B 87 D4 9A 8C D7 53 5D 16 0E 3F 73 C6 00 00 00 00 00 00 00 00 00 00 00 00 00 00 00 00 00 00 00 00 00 00 00 00 00 00 00 00 00 00 00 00 00 00 00 00 00 00 00 00 00 00 00 00 00 00 00 00 00 00 00 00 00 00 00 00 00 00 00 00 00 00 00 00 00 00 00 00 00 00 00 00 00 00 00 00 00 00 00 00 00 00 00 00 00 00 00 00 00 00 00 00 00 00 00 00 00 00 00 00 00 00 00 00 00 00 00 00 00 00 00 00 00 00 00 00 00 00 00 00 00 00 00 00 EB 96 85 5E 7E
[407067][00:00:53.837]7E FF 02 FF 7D 6C 9E 2D 68 05 3F 02 2C D7 74 3C 00 36 00 94 00 01 00 01 69 7F 94 49 A0 10 01 FC 13 79 44 00 DD 50 CA 90 04 0A 01 04 B5 B0 00 3C 70 EF 04 00 33 00 00 07 00 00 00 49 00 49 00 97 00 30 00 06 48 C0 08 29 39 25 00 00 12 29 20 89 61 01 00 C6 80 04 00 06 C8 54 EB 62 53 0A A1 2A 7E 7F 96 02 96 D6 04 9A 20 B2 60 54 12 80 04 00 30 44 08 3D 6D A8 AA 00 00 00 00 00 00 00 00 00 00 00 00 00 00 00 00 00 00 00 00 00 00 00 00 00 00 00 00 00 00 00 00 00 00 00 00 00 00 00 00 00 00 00 00 00 00 00 00 00 00 00 00 AB 51 61 E4 7E
[407068][00:00:53.868]7E FF 02 FF 7E 6C AF 2D 68 05 DB 00 67 30 7B 3C 00 FD 03 14 01 01 00 01 69 7F 94 01 60 00 03 27 16 EB C4 00 89 5C 4C 10 00 1A 01 03 E5 AF 30 74 88 FF 00 00 33 00 00 11 03 00 00 01 02 83 06 CC 1E 28 0A FE FE FE FE 68 62 00 43 05 90 24 54 06 00 30 10 AF 3F 10 00 3E 05 03 34 50 02 02 00 01 20 21 02 00 1C 07 EA 06 1D 0B 00 00 08 00 20 21 02 00 00 20 01 04 00 00 20 00 02 00 00 20 01 02 00 00 20 04 02 00 00 20 0A 02 00 00 00 10 02 01 00 00 20 02 01 00 01 10 F0 D5 56 98 83 8E 08 15 8F 01 3B 87 D4 9A 8C D7 53 5D 16 0E 3F 73 C6 00 00 00 00 00 00 00 00 00 00 00 00 00 00 00 00 00 00 00 00 00 00 00 00 00 00 00 00 00 00 00 00 00 00 00 00 00 00 00 00 00 00 00 00 00 00 00 00 00 00 00 00 00 00 00 00 00 00 00 00 00 00 00 00 00 00 00 00 00 00 00 00 00 00 00 00 00 00 00 00 00 00 00 00 00 00 00 00 00 00 00 00 00 00 00 00 00 00 00 00 00 00 00 00 00 00 00 00 00 00 00 00 00 00 00 00 00 00 00 00 00 00 00 00 38 FA 32 B1 7E
[407069][00:00:53.928]7E FF 02 FF 7F 6C E1 2D 68 05 54 02 D1 67 8E 3C 00 FD 03 14 01 01 00 01 69 7F 94 01 60 00 03 27 16 EB C0 00 98 5E C8 10 00 AC 00 03 E7 AF 30 74 88 FF 00 00 33 00 00 11 03 00 00 01 02 83 06 CA 1E 28 0A FE FE FE FE 68 62 00 43 05 52 91 53 06 00 30 10 26 AF 10 00 3E 05 03 32 50 02 02 00 01 20 21 02 00 1C 07 EA 06 1D 0B 00 00 08 00 20 21 02 00 00 20 01 04 00 00 20 00 02 00 00 20 01 02 00 00 20 04 02 00 00 20 0A 02 00 00 00 10 02 01 00 00 20 02 01 00 01 10 F0 D5 56 98 83 8E 08 15 8F 01 3B 87 D4 9A 8C D7 90 B6 16 C7 D2 A0 AD 00 00 00 00 00 00 00 00 00 00 00 00 00 00 00 00 00 00 00 00 00 00 00 00 00 00 00 00 00 00 00 00 00 00 00 00 00 00 00 00 00 00 00 00 00 00 00 00 00 00 00 00 00 00 00 00 00 00 00 00 00 00 00 00 00 00 00 00 00 00 00 00 00 00 00 00 00 00 00 00 00 00 00 00 00 00 00 00 00 00 00 00 00 00 00 00 00 00 00 00 00 00 00 00 00 00 00 00 00 00 00 00 00 00 00 00 00 00 00 00 00 00 00 00 E0 74 CC 72 7E
[407070][00:00:53.989]7E FF 02 FF 80 6C 1E 2E 68 05 A2 01 40 9D A5 3C 00 FD 03 14 01 01 00 01 69 7F 94 01 60 00 03 27 16 EB C4 00 89 5C 4C 10 00 AC 00 03 E7 AF 30 74 88 FF 00 00 33 00 00 11 03 00 00 01 02 83 06 CA 1E 28 0A FE FE FE FE 68 62 00 43 05 52 91 53 06 00 30 10 26 AF 10 00 3E 05 03 32 50 02 02 00 01 20 21 02 00 1C 07 EA 06 1D 0B 00 00 08 00 20 21 02 00 00 20 01 04 00 00 20 00 02 00 00 20 01 02 00 00 20 04 02 00 00 20 0A 02 00 00 00 10 02 01 00 00 20 02 01 00 01 10 F0 D5 56 98 83 8E 08 15 8F 01 3B 87 D4 9A 8C D7 90 B6 16 C7 D2 A0 AD 00 00 00 00 00 00 00 00 00 00 00 00 00 00 00 00 00 00 00 00 00 00 00 00 00 00 00 00 00 00 00 00 00 00 00 00 00 00 00 00 00 00 00 00 00 00 00 00 00 00 00 00 00 00 00 00 00 00 00 00 00 00 00 00 00 00 00 00 00 00 00 00 00 00 00 00 00 00 00 00 00 00 00 00 00 00 00 00 00 00 00 00 00 00 00 00 00 00 00 00 00 00 00 00 00 00 00 00 00 00 00 00 00 00 00 00 00 00 00 00 00 00 00 00 0C E3 71 62 7E
[407071][00:00:54.035]7E FF 02 FF 81 6C 51 2E 68 05 82 01 BA 0C B9 3C 00 FE 03 14 01 01 00 01 69 7F 94 01 60 00 03 27 16 EB C4 00 89 5C 4C 10 00 AC 00 03 E7 AF 30 74 88 FF 00 00 33 00 00 11 03 00 00 01 02 83 06 CA 1E 28 0A FE FE FE FE 68 62 00 43 05 52 91 53 06 00 30 10 26 AF 10 00 3E 05 03 32 50 02 02 00 01 20 21 02 00 1C 07 EA 06 1D 0B 00 00 08 00 20 21 02 00 00 20 01 04 00 00 20 00 02 00 00 20 01 02 00 00 20 04 02 00 00 20 0A 02 00 00 00 10 02 01 00 00 20 02 01 00 01 10 F0 D5 56 98 83 8E 08 15 8F 01 3B 87 D4 9A 8C D7 90 B6 16 C7 D2 A0 AD 00 00 00 00 00 00 00 00 00 00 00 00 00 00 00 00 00 00 00 00 00 00 00 00 00 00 00 00 00 00 00 00 00 00 00 00 00 00 00 00 00 00 00 00 00 00 00 00 00 00 00 00 00 00 00 00 00 00 00 00 00 00 00 00 00 00 00 00 00 00 00 00 00 00 00 00 00 00 00 00 00 00 00 00 00 00 00 00 00 00 00 00 00 00 00 00 00 00 00 00 00 00 00 00 00 00 00 00 00 00 00 00 00 00 00 00 00 00 00 00 00 00 00 00 6A D3 F8 D2 7E
[407072][00:00:54.066]7E FF 02 FF 82 6C 82 2E 68 05 55 01 EF B9 CB 3C 00 FD 03 54 00 01 00 01 69 7F 94 01 60 00 03 B6 12 40 E0 00 46 9A D7 10 00 E8 00 0A E8 AF 30 10 88 FF 00 00 33 00 00 11 A1 00 00 01 23 CA 07 30 00 09 05 37 07 03 02 38 CE D8 93 00 00 00 00 00 00 00 00 00 00 00 00 00 00 00 00 00 00 00 00 00 00 00 00 00 00 00 00 00 00 00 00 59 5C 3C AD 7E
[407073][00:00:54.111]7E FF 02 FF 83 6C B0 2E 68 05 65 03 DF 7A DD 3C 00 FD 03 54 00 01 00 01 69 7F 94 01 60 00 03 B6 12 40 E4 00 57 98 53 10 00 E8 00 0A E8 AF 30 10 88 FF 00 00 33 00 00 11 A1 00 00 01 23 CA 07 30 00 09 05 37 07 03 02 38 CE D8 93 00 00 00 00 00 00 00 00 00 00 00 00 00 00 00 00 00 00 00 00 00 00 00 00 00 00 00 00 00 00 00 00 C8 94 F3 55 7E
[407074][00:00:54.156]7E FF 02 FF 84 6C E1 2E 68 05 28 02 2D 0C F0 3C 00 FD 03 54 00 01 00 01 69 7F 94 01 60 00 03 B6 12 40 E4 00 57 98 53 10 00 E8 00 0A E8 AF 30 10 88 FF 00 00 33 00 00 11 A1 00 00 01 23 CA 07 30 00 09 05 37 07 03 02 38 CE D8 93 00 00 00 00 00 00 00 00 00 00 00 00 00 00 00 00 00 00 00 00 00 00 00 00 00 00 00 00 00 00 00 00 37 E0 C2 F3 7E
[407075][00:00:54.201]7E FF 02 FF 85 6C 0E 2F 68 05 1F 00 F6 03 01 3D 00 FD 03 54 00 01 00 01 69 7F 94 01 60 00 03 B6 12 40 E4 00 57 98 53 10 00 E8 00 0A E8 AF 30 10 88 FF 00 00 33 00 00 11 A1 00 00 01 23 CA 07 30 00 09 05 37 07 03 02 38 CE D8 93 00 00 00 00 00 00 00 00 00 00 00 00 00 00 00 00 00 00 00 00 00 00 00 00 00 00 00 00 00 00 00 00 7A 83 02 9E 7E
[407076][00:00:54.261]7E FF 02 FF 86 6C 50 2F 68 05 12 01 27 49 1A 3D 00 FD 03 54 00 01 00 01 69 7F 94 01 60 00 03 B6 12 40 E4 00 57 98 53 10 00 E8 00 0A E8 AF 30 10 88 FF 00 00 33 00 00 11 A1 00 00 01 23 CA 07 30 00 09 05 37 07 03 02 38 CE D8 93 00 00 00 00 00 00 00 00 00 00 00 00 00 00 00 00 00 00 00 00 00 00 00 00 00 00 00 00 00 00 00 00 E3 70 59 C0 7E
[407077][00:00:54.322]7E FF 02 FF 87 6C 96 2F 68 05 DC 03 6F 48 35 3D 00 FD 03 10 00 01 00 03 69 7F 94 14 0D 25 25 00 00 00 10 02 DD 88 E5 66 04 58 33 7E
[407078][00:00:54.413]7E FF 02 FF 88 6C DD 2F 68 05 99 00 51 09 50 3D 00 36 00 94 00 01 00 01 69 7F 94 00 00 08 01 FC 13 79 44 00 FF FC 6D 00 00 80 00 0A 42 33 00 5C 70 EF 0C 00 33 00 00 30 00 09 04 02 59 FF FF FF FF FF FF 00 00 00 00 30 00 09 04 02 59 80 00 00 00 00 00 00 00 00 00 39 03 00 01 70 56 11 45 E8 07 02 12 09 23 07 03 01 00 01 01 00 02 02 00 0D 00 00 09 03 31 17 6E 54 4E 59 58 0E 00 0E 00 00 00 00 00 04 00 00 00 2A 77 F3 41 F1 1F 10 DC B5 85 1A 00 00 31 44 59 58 03 FB C1 01 9C 02 01 04 CC 31 CB 00 00 00 00 00 00 00 00 08 CA 20 D5 7E
[407079][00:00:54.788]7E FF 02 FF 89 6C 53 31 68 05 D7 02 90 EC DE 3D 00 39 00 94 00 01 00 01 69 7F 94 49 A0 10 01 FC 13 79 44 00 DD 50 CA 90 04 0A 01 04 B9 B0 00 43 70 EF 04 00 33 00 00 07 00 00 00 49 00 49 00 A1 00 37 00 06 48 C0 08 29 39 25 00 00 12 29 20 89 61 01 40 C6 80 04 00 06 D8 54 EB 62 57 0A A1 2E 6E 7F B6 02 96 D6 04 9E 20 B2 60 44 12 80 04 00 30 44 08 00 00 00 00 00 00 40 79 44 79 5C 00 00 00 00 00 00 00 00 00 00 00 00 00 00 00 00 00 00 00 00 00 00 00 00 00 00 00 00 00 00 00 00 00 00 00 00 00 00 00 00 00 00 00 00 00 0B 40 CD FF 7E
[407080][00:00:55.103]7E FF 02 FF 8A 6C 88 32 68 05 A9 00 58 95 54 3E 00 38 01 94 00 01 00 01 69 7F 94 20 F0 FF 01 99 12 79 42 00 E6 18 F1 00 02 FF 2F 01 57 94 00 6D 70 01 04 00 33 00 00 08 00 00 00 20 50 03 31 30 00 09 04 22 19 20 00 00 12 74 72 39 1C 02 0C 18 00 08 01 05 00 2F 00 00 00 00 00 35 30 00 08 00 00 00 80 0C 00 00 00 28 00 00 00 00 00 40 00 00 00 00 00 40 80 02 00 00 A0 00 00 02 60 00 86 00 00 10 00 80 40 00 00 00 00 00 30 04 05 01 04 03 01 03 02 01 06 02 04 01 02 05 02 05 03 05 03 01 03 02 03 04 0B CB 70 92 00 00 00 C6 CA 14 2F 7E
[407081][00:00:55.327]7E FF 02 FF 8B 6C 7E 33 68 05 35 01 5A 7A B2 3E 00 FE 03 54 00 01 00 01 69 7F 94 01 60 00 03 B6 12 40 E4 00 57 98 53 10 00 E8 00 0A E8 AF 30 10 88 FF 00 00 33 00 00 11 A1 00 00 01 23 CA 07 30 00 09 05 37 07 03 02 38 CE D8 93 00 00 00 00 00 00 00 00 00 00 00 00 00 00 00 00 00 00 00 00 00 00 00 00 00 00 00 00 00 00 00 00 26 32 D8 FF 7E
[407082][00:00:55.373]7E FF 02 FF 8C 6C A3 33 68 05 90 03 C3 D0 C0 3E 00 FE 03 54 00 01 00 01 69 7F 94 01 60 00 03 B6 12 40 E4 00 57 98 53 10 00 E8 00 0A E8 AF 30 10 88 FF 00 00 33 00 00 11 A1 00 00 01 23 CA 07 30 00 09 05 37 07 03 02 38 CE D8 93 00 00 00 00 00 00 00 00 00 00 00 00 00 00 00 00 00 00 00 00 00 00 00 00 00 00 00 00 00 00 00 00 6A DF D6 B8 7E
[407083][00:00:55.404]7E FF 02 FF 8D 6C CB 33 68 05 69 02 20 F6 CF 3E 00 FD 03 54 00 01 00 01 69 7F 94 01 60 00 03 B6 12 40 E4 00 57 98 53 10 00 E8 00 0A E8 AF 30 10 88 FF 00 00 33 00 00 11 A1 00 00 01 23 CA 07 30 00 09 05 37 07 03 02 38 CE D8 93 00 00 00 00 00 00 00 00 00 00 00 00 00 00 00 00 00 00 00 00 00 00 00 00 00 00 00 00 00 00 00 00 3D F3 3F 12 7E
[407084][00:00:55.495]7E FF 02 FF 8E 6C 1E 34 68 05 2C 01 B8 80 EF 3E 00 FE 03 54 00 01 00 01 69 7F 94 01 60 00 03 B6 12 40 E4 00 57 98 53 10 00 E8 00 0A E8 AF 30 10 88 FF 00 00 33 00 00 11 A1 00 00 01 23 CA 07 30 00 09 05 37 07 03 02 38 CE D8 93 00 00 00 00 00 00 00 00 00 00 00 00 00 00 00 00 00 00 00 00 00 00 00 00 00 00 00 00 00 00 00 00 9E 00 DF CC 7E
[407085][00:00:55.584]7E FF 02 FF 8F 6C 7B 34 68 05 9A 00 91 ED 12 3F 00 FD 03 54 00 01 00 01 69 7F 94 01 60 00 03 B6 12 40 E4 00 57 98 53 10 00 E8 00 0A E8 AF 30 10 88 FF 00 00 33 00 00 11 A1 00 00 01 23 CA 07 30 00 09 05 37 07 03 02 38 CE D8 93 00 00 00 00 00 00 00 00 00 00 00 00 00 00 00 00 00 00 00 00 00 00 00 00 00 00 00 00 00 00 00 00 C9 C1 01 9C 7E
[407086][00:00:56.184]7E FF 02 FF 90 6C C4 36 68 05 6C 00 68 13 F2 3F 00 37 00 94 00 01 00 01 69 7F 94 00 00 08 01 FC 13 79 44 00 FF FC 6D 00 00 80 00 0A 42 33 00 5C 70 EF 0C 00 33 00 00 30 00 09 04 02 59 FF FF FF FF FF FF 00 00 00 00 30 00 09 04 02 59 80 00 00 00 00 00 00 00 00 00 39 03 00 01 70 56 11 45 E8 07 02 12 09 23 07 03 01 00 01 01 00 02 02 00 0D 00 00 09 03 31 17 6E 54 4E 59 58 0E 00 0E 00 00 00 00 00 04 00 00 00 2A 77 F3 41 F1 1F 10 DC B5 85 1A 00 00 31 44 59 58 03 FB C1 01 9C 02 01 04 CC 31 CB 00 00 00 00 00 00 00 00 46 2E C3 84 7E
[407087][00:00:56.333]7E FF 02 FF 91 6C 61 37 68 05 9D 00 48 FB 2D 40 00 3A 00 94 00 01 00 01 69 7F 94 49 A0 10 01 FC 13 79 40 00 CC 52 4E 90 04 0A 01 04 BB B0 00 43 70 EF 04 00 33 00 00 07 00 00 00 49 00 49 00 A4 00 37 00 06 48 C0 08 29 39 25 00 00 32 29 20 89 61 01 40 C6 80 04 00 06 D8 54 EB 6A 57 0A A1 2E 6E 7F B6 02 96 D6 04 9E 20 B2 60 44 12 80 04 00 30 44 08 00 00 00 00 00 00 40 AC 50 81 C5 00 00 00 00 00 00 00 00 00 00 00 00 00 00 00 00 00 00 00 00 00 00 00 00 00 00 00 00 00 00 00 00 00 00 00 00 00 00 00 00 00 00 00 00 00 37 5F 60 65 7E
[407088][00:00:56.649]7E FF 02 FF 92 6C 99 38 68 05 8D 00 74 FE A4 40 00 3B 00 94 00 01 00 01 69 7F 94 00 00 08 01 FC 13 79 44 00 FF FC 6D 00 00 80 00 0A 42 33 00 5C 70 EF 0C 00 33 00 00 30 00 09 04 02 59 FF FF FF FF FF FF 00 00 00 00 30 00 09 04 02 59 80 00 00 00 00 00 00 00 00 00 39 03 00 01 70 56 11 45 E8 07 02 12 09 23 07 03 01 00 01 01 00 02 02 00 0D 00 00 09 03 31 17 6E 54 4E 59 58 0E 00 0E 00 00 00 00 00 04 00 00 00 2A 77 F3 41 F1 1F 10 DC B5 85 1A 00 00 31 44 59 58 03 FB C1 01 9C 02 01 04 CC 31 CB 00 00 00 00 00 00 00 00 A1 1D 15 94 7E
[407089][00:00:56.949]7E FF 02 FF 93 6C C5 39 68 05 11 01 3F 7C 17 41 00 3A 00 94 00 01 00 01 69 7F 94 00 00 08 01 FC 13 79 44 00 FF FC 6D 00 00 80 00 0A 42 33 00 5C 70 EF 0C 00 33 00 00 30 00 09 04 02 59 FF FF FF FF FF FF 00 00 00 00 30 00 09 04 02 59 80 00 00 00 00 00 00 00 00 00 39 03 00 01 70 56 11 45 E8 07 02 12 09 23 07 03 01 00 01 01 00 02 02 00 0D 00 00 09 03 31 17 6E 54 4E 59 58 0E 00 0E 00 00 00 00 00 04 00 00 00 2A 77 F3 41 F1 1F 10 DC B5 85 1A 00 00 31 44 59 58 03 FB C1 01 9C 02 01 04 CC 31 CB 00 00 00 00 00 00 00 00 E7 4B 93 AA 7E
[407090][00:00:57.039]7E FF 02 FF 94 6C 1D 3A 68 05 94 03 1C 4B 39 41 00 3A 00 94 00 01 00 01 69 7F 94 49 A0 10 01 FC 13 79 44 00 DD 50 CA 90 04 0A 01 04 BB B0 00 43 70 EF 04 00 33 00 00 07 00 00 00 49 00 49 00 A4 00 37 00 06 48 C0 08 29 39 25 00 00 32 29 20 89 61 01 40 C6 80 04 00 06 D8 54 EB 6A 57 0A A1 2E 6E 7F B6 02 96 D6 04 9E 20 B2 60 44 12 80 04 00 30 44 08 00 00 00 00 00 00 40 AC 50 81 C5 00 00 00 00 00 00 00 00 00 00 00 00 00 00 00 00 00 00 00 00 00 00 00 00 00 00 00 00 00 00 00 00 00 00 00 00 00 00 00 00 00 00 00 00 00 C1 FF FF E8 7E
[407091][00:00:57.248]7E FF 02 FF 95 6C F3 3A 68 05 55 03 B0 E7 8A 41 00 3A 00 94 00 01 00 01 69 7F 94 00 00 08 01 FC 13 79 44 00 FF FC 6D 00 00 80 00 0A 42 33 00 5C 70 EF 0C 00 33 00 00 30 00 09 04 02 59 FF FF FF FF FF FF 00 00 00 00 30 00 09 04 02 59 80 00 00 00 00 00 00 00 00 00 39 03 00 01 70 56 11 45 E8 07 02 12 09 23 07 03 01 00 01 01 00 02 02 00 0D 00 00 09 03 31 17 6E 54 4E 59 58 0E 00 0E 00 00 00 00 00 04 00 00 00 2A 77 F3 41 F1 1F 10 DC B5 85 1A 00 00 31 44 59 58 03 FB C1 01 9C 02 01 04 CC 31 CB 00 00 00 00 00 00 00 00 78 B6 47 2E 7E
[407092][00:00:57.399]7E FF 02 FF 96 6C 87 3B 68 05 B0 02 69 4C C3 41 00 38 01 94 00 01 00 01 69 7F 94 20 F0 FF 01 99 12 79 42 00 E6 18 F1 00 02 FF 2F 01 58 94 00 6D 70 01 04 00 33 00 00 08 00 00 00 20 50 03 31 30 00 09 04 22 19 20 00 00 12 74 72 39 1C 02 0C 18 00 08 01 02 00 2F 00 00 00 00 00 35 30 00 08 00 00 00 80 0C 00 00 00 28 00 00 00 00 00 40 00 00 00 00 00 40 80 02 00 00 A0 00 00 02 60 00 86 00 00 10 00 80 40 00 00 00 00 00 30 04 05 01 04 03 01 03 02 01 06 02 04 01 02 05 02 05 03 05 03 01 03 02 03 04 13 85 44 48 00 00 00 3F 5E BA D5 7E
[407093][00:00:57.744]7E FF 02 FF 97 6C F7 3C 68 05 A1 00 3C 80 4F 42 00 38 01 10 00 01 00 03 69 7F 94 14 0D C5 17 00 00 00 10 02 69 F3 BA 7B 2D C7 26 7E
[407094][00:00:57.848]7E FF 02 FF 98 6C 9F 3D 68 05 BD 02 B2 9F 69 42 00 FD 03 14 01 01 00 01 69 7F 94 01 60 00 03 27 16 EB C0 00 98 5E C8 10 00 16 01 03 E9 AF 30 74 88 FF 00 00 33 00 00 11 03 00 00 01 02 83 06 CD 1E 28 0A FE FE FE FE 68 62 00 43 05 92 24 54 06 00 30 10 14 08 10 00 3E 05 03 35 50 02 02 00 01 20 21 02 00 1C 07 EA 06 1D 0B 00 00 08 00 20 21 02 00 00 20 01 04 00 00 20 00 02 00 00 20 01 02 00 00 20 04 02 00 00 20 0A 02 00 00 00 10 02 01 00 00 20 02 01 00 01 10 F0 D5 56 98 83 8E 08 15 8F 01 3B 87 D4 9A 8C D7 F4 0D 16 12 0D 5A 73 00 00 00 00 00 00 00 00 00 00 00 00 00 00 00 00 00 00 00 00 00 00 00 00 00 00 00 00 00 00 00 00 00 00 00 00 00 00 00 00 00 00 00 00 00 00 00 00 00 00 00 00 00 00 00 00 00 00 00 00 00 00 00 00 00 00 00 00 00 00 00 00 00 00 00 00 00 00 00 00 00 00 00 00 00 00 00 00 00 00 00 00 00 00 00 00 00 00 00 00 00 00 00 00 00 00 00 00 00 00 00 00 00 00 00 00 00 00 00 00 00 00 00 00 7F D1 52 24 7E
[407095][00:00:57.893]7E FF 02 FF 99 6C 68 3D 68 05 AF 03 6F E1 7A 42 00 FD 03 14 01 01 00 01 69 7F 94 01 60 00 03 27 16 EB C4 00 89 5C 4C 10 00 16 01 03 E9 AF 30 74 88 FF 00 00 33 00 00 11 03 00 00 01 02 83 06 CD 1E 28 0A FE FE FE FE 68 62 00 43 05 92 24 54 06 00 30 10 14 08 10 00 3E 05 03 35 50 02 02 00 01 20 21 02 00 1C 07 EA 06 1D 0B 00 00 08 00 20 21 02 00 00 20 01 04 00 00 20 00 02 00 00 20 01 02 00 00 20 04 02 00 00 20 0A 02 00 00 00 10 02 01 00 00 20 02 01 00 01 10 F0 D5 56 98 83 8E 08 15 8F 01 3B 87 D4 9A 8C D7 F4 0D 16 12 0D 5A 73 00 00 00 00 00 00 00 00 00 00 00 00 00 00 00 00 00 00 00 00 00 00 00 00 00 00 00 00 00 00 00 00 00 00 00 00 00 00 00 00 00 00 00 00 00 00 00 00 00 00 00 00 00 00 00 00 00 00 00 00 00 00 00 00 00 00 00 00 00 00 00 00 00 00 00 00 00 00 00 00 00 00 00 00 00 00 00 00 00 00 00 00 00 00 00 00 00 00 00 00 00 00 00 00 00 00 00 00 00 00 00 00 00 00 00 00 00 00 00 00 00 00 00 00 B4 BD C8 66 7E
[407096][00:00:57.954]7E FF 02 FF 9A 6C A4 3D 68 05 35 03 BD B8 91 42 00 FE 03 14 01 01 00 01 69 7F 94 01 60 00 03 27 16 EB C4 00 89 5C 4C 10 00 16 01 03 E9 AF 30 74 88 FF 00 00 33 00 00 11 03 00 00 01 02 83 06 CD 1E 28 0A FE FE FE FE 68 62 00 43 05 92 24 54 06 00 30 10 14 08 10 00 3E 05 03 35 50 02 02 00 01 20 21 02 00 1C 07 EA 06 1D 0B 00 00 08 00 20 21 02 00 00 20 01 04 00 00 20 00 02 00 00 20 01 02 00 00 20 04 02 00 00 20 0A 02 00 00 00 10 02 01 00 00 20 02 01 00 01 10 F0 D5 56 98 83 8E 08 15 8F 01 3B 87 D4 9A 8C D7 F4 0D 16 12 0D 5A 73 00 00 00 00 00 00 00 00 00 00 00 00 00 00 00 00 00 00 00 00 00 00 00 00 00 00 00 00 00 00 00 00 00 00 00 00 00 00 00 00 00 00 00 00 00 00 00 00 00 00 00 00 00 00 00 00 00 00 00 00 00 00 00 00 00 00 00 00 00 00 00 00 00 00 00 00 00 00 00 00 00 00 00 00 00 00 00 00 00 00 00 00 00 00 00 00 00 00 00 00 00 00 00 00 00 00 00 00 00 00 00 00 00 00 00 00 00 00 00 00 00 00 00 00 03 23 A5 F0 7E
[407097][00:00:57.984]7E FF 02 FF 9B 6C C2 3D 68 05 0F 01 09 F5 9C 42 00 39 00 14 01 01 00 01 69 7F 94 40 F1 FF 01 0D 15 EB C2 00 99 9E C0 00 14 FF 2F 01 B6 04 00 7F 70 FF 08 00 33 00 00 70 00 00 78 61 68 FF FF FF FF FF FF 08 00 00 00 40 11 00 12 70 00 00 78 61 68 20 00 00 12 74 72 27 12 2D 64 2A 00 3B 01 AF 02 2F 00 2B 00 00 00 01 30 6E 00 A1 18 0B 10 00 40 48 00 00 40 04 00 00 00 80 00 00 00 00 02 08 00 00 00 00 00 00 00 00 00 04 68 09 10 20 11 00 05 00 04 00 00 C0 C6 10 3E 23 34 48 31 3D 22 44 4D 06 50 2B 2B 30 5C 0A 24 10 58 3C 10 0D 12 10 10 0E 11 0F 0F 0E 0E 0D 0F 0F 0E 0F 0E 0F 0E 0F 0F 0E 75 24 7D 89 00 00 00 00 00 00 00 00 00 00 00 00 00 00 00 00 00 00 00 00 00 00 00 00 00 00 00 00 00 00 00 00 00 00 00 00 00 00 00 00 00 00 00 00 00 00 00 00 00 00 00 00 00 00 00 00 00 00 00 00 00 00 00 00 00 00 00 00 00 00 00 00 00 00 00 00 00 00 00 00 00 00 00 00 00 00 00 00 00 00 00 00 00 00 00 00 00 00 00 00 00 0B E6 77 32 7E
[407098][00:00:58.330]7E FF 02 FF 9C 6C 8C 3F 68 05 60 03 C1 C1 25 43 00 35 00 94 00 01 00 01 69 7F 94 00 00 08 01 FC 13 79 44 00 FF FC 6D 00 00 80 00 0A 42 33 00 5C 70 EF 0C 00 33 00 00 30 00 09 04 02 59 FF FF FF FF FF FF 00 00 00 00 30 00 09 04 02 59 80 00 00 00 00 00 00 00 00 00 39 03 00 01 70 56 11 45 E8 07 02 12 09 23 07 03 01 00 01 01 00 02 02 00 0D 00 00 09 03 31 17 6E 54 4E 59 58 0E 00 0E 00 00 00 00 00 04 00 00 00 2A 77 F3 41 F1 1F 10 DC B5 85 1A 00 00 31 44 59 58 03 FB C1 01 9C 02 01 04 CC 31 CB 00 00 00 00 00 00 00 00 93 BC 12 64 7E
[407099][00:00:58.719]7E FF 02 FF 9D 6C B3 40 68 05 67 02 E3 57 BC 43 00 37 00 94 00 01 00 01 69 7F 94 49 A0 10 01 FC 13 79 44 00 DD 50 CA 90 04 0A 01 04 BD B0 00 43 70 EF 04 00 33 00 00 07 00 00 00 49 00 49 00 9C 00 37 00 06 48 C0 08 09 38 25 00 00 32 29 20 89 61 01 40 CE 80 04 00 06 D8 54 EA 6A D7 0A A1 26 6E 7F B6 02 86 D6 04 9E 20 A2 60 44 12 80 00 00 30 44 08 00 00 00 00 00 00 40 24 29 E5 56 00 00 00 00 00 00 00 00 00 00 00 00 00 00 00 00 00 00 00 00 00 00 00 00 00 00 00 00 00 00 00 00 00 00 00 00 00 00 00 00 00 00 00 00 00 4C D6 3C B5 7E
[407100][00:00:58.840]7E FF 02 FF 9E 6C FB 40 68 05 A0 03 2D EB D7 43 00 37 00 14 02 01 00 01 69 7F 94 AC F1 FF 01 D4 17 E8 92 00 44 71 FA C0 1A FF 2F 01 5E AA 00 EB 20 11 08 00 33 00 00 30 00 09 80 93 83 FF FF FF FF FF FF 08 00 00 00 AC 11 00 11 30 00 09 80 93 83 20 00 00 12 74 72 02 00 56 64 88 00 10 01 AF 02 3D 00 00 00 00 00 01 30 92 B0 2C F5 00 02 52 FF BE 0D 06 C7 26 90 9E 8F 80 75 7B 69 01 04 01 04 00 00 01 12 00 00 00 00 A0 00 00 20 00 00 00 80 08 20 2E 22 3C 00 00 00 20 10 3E 79 4B 29 1C 53 E2 31 16 05 40 3E 39 09 3D 0D 09 0C 0E 3A 0B 34 3C 0C 0E 0E 2D 38 36 3C 0C 0C 0C 08 08 0B 3D 07 0C 0C 0C 0B 0B 0B 0F 0C 0C 09 0D 0D 0C 0A 0F 0D 0C 3D 07 0A 0C 0D 0C 08 0A 08 0D 0A 02 0A 09 35 0F 3B 0D 0B 07 0C 0B 0E 0E 0A 0B 0F 0E 37 0A 0B 0B 0E 05 10 0A 0A 0F 0D 0C 0A 0C 0B 09 0A 0A 09 09 0C 0B 0B 0C 0B 09 09 0F 0E 3C 0F 0B 0B 0D 0B 09 0E 05 0D 0E 0C 0E 0A 0D 0D 0B 0C 0D 08 0A 06 0F 0C 0D 0C 0A 0B 08 09 0B 0E 2E 0A 0D A2 1E 22 D2 00 00 00 00 00 00 00 00 00 00 00 00 00 00 00 00 00 00 00 00 00 00 00 00 00 00 00 00 00 00 00 00 00 00 00 00 00 00 00 00 00 00 00 00 00 00 00 00 00 00 00 00 00 00 00 00 00 00 00 00 00 00 00 00 00 00 00 00 00 00 00 00 00 00 00 00 00 00 00 00 00 00 00 00 00 00 00 00 00 00 00 00 00 00 00 00 00 00 00 00 00 00 00 00 00 00 00 00 00 00 00 00 00 00 00 00 00 00 00 00 00 00 00 00 00 00 00 00 00 00 00 00 00 00 00 00 00 00 00 00 00 00 00 00 00 00 00 00 00 00 00 00 00 00 00 00 00 00 00 00 00 00 00 00 00 00 00 00 00 00 00 00 00 00 00 00 00 00 00 00 00 00 00 00 00 00 00 00 00 00 00 00 00 00 00 00 00 00 00 00 00 00 00 00 00 00 00 00 00 00 00 00 00 00 00 00 00 00 00 00 00 00 00 00 00 00 00 00 00 00 00 00 00 00 00 00 00 00 00 00 00 00 00 00 00 00 00 00 00 F6 09 A2 26 7E
[407101][00:00:59.559]7E FF 02 FF 9F 6C CA 43 68 05 B3 01 21 04 EA 44 00 39 01 14 02 01 00 01 69 7F 94 15 F0 FF 01 D4 17 E8 92 00 CB 70 B2 50 01 FF 2F 01 21 21 00 EC 20 11 08 00 33 00 00 30 00 09 80 95 26 FF FF FF FF FF FF 08 00 00 00 15 10 00 12 30 00 09 80 95 26 20 00 00 12 74 72 03 00 64 64 89 00 3E 01 AF 02 3D 00 00 00 00 00 01 30 92 B0 0C F5 00 02 52 FF BE 0D 06 C7 26 90 9E 8F 80 75 7B 69 01 04 09 04 00 00 01 12 00 00 00 00 A0 00 00 20 00 00 00 80 08 20 2E 22 3C 00 00 00 20 10 3E 79 4B 39 1C 53 E2 31 16 05 40 3E 39 09 3D 0D 0A 0C 0E 0B 3A 3C 0D 0E 0E 2E 3A 32 3C 0C 0D 0C 07 0B 0B 3E 0B 0C 0C 0D 09 0C 0A 0F 0B 0C 0B 0B 0D 0D 0B 0F 0F 0B 3E 08 0D 0C 0D 0C 08 0A 08 0B 08 06 08 0B 38 0F 3D 0C 0A 05 0D 0A 0B 0E 0C 0B 0F 0D 3B 08 0B 0D 0E 03 07 0E 26 06 0E 0B 0C 0B 06 0B 0A 0A 0B 06 09 0B 0C 0C 0C 09 0A 0B 0F 0E 3C 0F 0C 06 0E 0C 09 0D 0B 0C 0D 0C 0D 0A 0C 0B 0E 0D 0D 0D 0C 09 06 0E 0C 0D 0C 0D 0B 0B 09 0B 0D 34 0C 0B B0 1E 29 26 00 00 00 00 00 00 00 00 00 00 00 00 00 00 00 00 00 00 00 00 00 00 00 00 00 00 00 00 00 00 00 00 00 00 00 00 00 00 00 00 00 00 00 00 00 00 00 00 00 00 00 00 00 00 00 00 00 00 00 00 00 00 00 00 00 00 00 00 00 00 00 00 00 00 00 00 00 00 00 00 00 00 00 00 00 00 00 00 00 00 00 00 00 00 00 00 00 00 00 00 00 00 00 00 00 00 00 00 00 00 00 00 00 00 00 00 00 00 00 00 00 00 00 00 00 00 00 00 00 00 00 00 00 00 00 00 00 00 00 00 00 00 00 00 00 00 00 00 00 00 00 00 00 00 00 00 00 00 00 00 00 00 00 00 00 00 00 00 00 00 00 00 00 00 00 00 00 00 00 00 00 00 00 00 00 00 00 00 00 00 00 00 00 00 00 00 00 00 00 00 00 00 00 00 00 00 00 00 00 00 00 00 00 00 00 00 00 00 00 00 00 00 00 00 00 00 00 00 00 00 00 00 00 00 00 00 00 00 00 00 00 00 00 00 00 00 00 00 A5 87 6A 5B 7E
[407102][00:00:59.634]7E FF 02 FF A0 6C 56 44 68 05 A2 02 D5 88 1F 45 00 39 01 10 00 01 00 03 69 7F 94 14 0D 66 10 00 00 00 10 02 98 0C AE E8 C9 09 91 7E
[407103][00:00:59.843]7E FF 02 FF A1 6C 6C 45 68 05 A8 00 26 37 63 45 00 FD 03 14 01 01 00 01 69 7F 94 01 60 00 03 27 16 EB C0 00 98 5E C8 10 00 FC 00 03 EA AF 30 74 88 FF 00 00 33 00 00 11 03 00 00 01 02 83 06 CB 1E 28 0A FE FE FE FE 68 62 00 43 05 30 05 54 06 00 30 10 7A 5B 10 00 3E 05 03 33 50 02 02 00 01 20 21 02 00 1C 07 EA 06 1D 0B 00 00 08 00 20 21 02 00 00 20 01 04 00 00 20 00 02 00 00 20 01 02 00 00 20 04 02 00 00 20 0A 02 00 00 00 10 02 01 00 00 20 02 01 00 01 10 F0 D5 56 98 83 8E 08 15 8F 01 3B 87 D4 9A 8C D7 37 E6 16 3D 09 3F D1 00 00 00 00 00 00 00 00 00 00 00 00 00 00 00 00 00 00 00 00 00 00 00 00 00 00 00 00 00 00 00 00 00 00 00 00 00 00 00 00 00 00 00 00 00 00 00 00 00 00 00 00 00 00 00 00 00 00 00 00 00 00 00 00 00 00 00 00 00 00 00 00 00 00 00 00 00 00 00 00 00 00 00 00 00 00 00 00 00 00 00 00 00 00 00 00 00 00 00 00 00 00 00 00 00 00 00 00 00 00 00 00 00 00 00 00 00 00 00 00 00 00 00 00 DF 82 8E 16 7E
[407104][00:00:59.889]7E FF 02 FF A2 6C 32 45 68 05 29 03 AB 7A 73 45 00 FD 03 14 01 01 00 01 69 7F 94 01 60 00 03 27 16 EB C4 00 89 5C 4C 10 00 FC 00 03 EA AF 30 74 88 FF 00 00 33 00 00 11 03 00 00 01 02 83 06 CB 1E 28 0A FE FE FE FE 68 62 00 43 05 30 05 54 06 00 30 10 7A 5B 10 00 3E 05 03 33 50 02 02 00 01 20 21 02 00 1C 07 EA 06 1D 0B 00 00 08 00 20 21 02 00 00 20 01 04 00 00 20 00 02 00 00 20 01 02 00 00 20 04 02 00 00 20 0A 02 00 00 00 10 02 01 00 00 20 02 01 00 01 10 F0 D5 56 98 83 8E 08 15 8F 01 3B 87 D4 9A 8C D7 37 E6 16 3D 09 3F D1 00 00 00 00 00 00 00 00 00 00 00 00 00 00 00 00 00 00 00 00 00 00 00 00 00 00 00 00 00 00 00 00 00 00 00 00 00 00 00 00 00 00 00 00 00 00 00 00 00 00 00 00 00 00 00 00 00 00 00 00 00 00 00 00 00 00 00 00 00 00 00 00 00 00 00 00 00 00 00 00 00 00 00 00 00 00 00 00 00 00 00 00 00 00 00 00 00 00 00 00 00 00 00 00 00 00 00 00 00 00 00 00 00 00 00 00 00 00 00 00 00 00 00 00 CE B8 F3 7F 7E
[407105][00:00:59.965]7E FF 02 FF A3 6C 7D 45 68 05 86 00 53 D5 8F 45 00 FD 03 14 01 01 00 01 69 7F 94 01 60 00 03 27 16 EB C4 00 89 5C 4C 10 00 FC 00 03 EA AF 30 74 88 FF 00 00 33 00 00 11 03 00 00 01 02 83 06 CB 1E 28 0A FE FE FE FE 68 62 00 43 05 30 05 54 06 00 30 10 7A 5B 10 00 3E 05 03 33 50 02 02 00 01 20 21 02 00 1C 07 EA 06 1D 0B 00 00 08 00 20 21 02 00 00 20 01 04 00 00 20 00 02 00 00 20 01 02 00 00 20 04 02 00 00 20 0A 02 00 00 00 10 02 01 00 00 20 02 01 00 01 10 F0 D5 56 98 83 8E 08 15 8F 01 3B 87 D4 9A 8C D7 37 E6 16 3D 09 3F D1 00 00 00 00 00 00 00 00 00 00 00 00 00 00 00 00 00 00 00 00 00 00 00 00 00 00 00 00 00 00 00 00 00 00 00 00 00 00 00 00 00 00 00 00 00 00 00 00 00 00 00 00 00 00 00 00 00 00 00 00 00 00 00 00 00 00 00 00 00 00 00 00 00 00 00 00 00 00 00 00 00 00 00 00 00 00 00 00 00 00 00 00 00 00 00 00 00 00 00 00 00 00 00 00 00 00 00 00 00 00 00 00 00 00 00 00 00 00 00 00 00 00 00 00 85 54 52 F5 7E
[407106][00:01:00.011]7E FF 02 FF A4 6C AC 45 68 05 25 02 C9 EB A1 45 00 FD 03 14 01 01 00 01 69 7F 94 01 60 00 03 27 16 EB C0 00 98 5E C8 10 00 1A 01 03 EB AF 30 74 88 FF 00 00 33 00 00 11 03 00 00 01 02 83 06 CC 1E 28 0A FE FE FE FE 68 62 00 43 05 90 24 54 06 00 30 10 AF 3F 10 00 3E 05 03 34 50 02 02 00 01 20 21 02 00 1C 07 EA 06 1D 0B 00 00 08 00 20 21 02 00 00 20 01 04 00 00 20 00 02 00 00 20 01 02 00 00 20 04 02 00 00 20 0A 02 00 00 00 10 02 01 00 00 20 02 01 00 01 10 F0 D5 56 98 83 8E 08 15 8F 01 3B 87 D4 9A 8C D7 53 5D 16 0E 3F 73 C6 00 00 00 00 00 00 00 00 00 00 00 00 00 00 00 00 00 00 00 00 00 00 00 00 00 00 00 00 00 00 00 00 00 00 00 00 00 00 00 00 00 00 00 00 00 00 00 00 00 00 00 00 00 00 00 00 00 00 00 00 00 00 00 00 00 00 00 00 00 00 00 00 00 00 00 00 00 00 00 00 00 00 00 00 00 00 00 00 00 00 00 00 00 00 00 00 00 00 00 00 00 00 00 00 00 00 00 00 00 00 00 00 00 00 00 00 00 00 00 00 00 00 00 00 76 8E BF CD 7E
[407107][00:01:00.070]7E FF 02 FF A5 6C E6 45 68 05 88 00 73 E3 B7 45 00 FE 03 14 01 01 00 01 69 7F 94 01 60 00 03 27 16 EB C4 00 89 5C 4C 10 00 1A 01 03 EB AF 30 74 88 FF 00 00 33 00 00 11 03 00 00 01 02 83 06 CC 1E 28 0A FE FE FE FE 68 62 00 43 05 90 24 54 06 00 30 10 AF 3F 10 00 3E 05 03 34 50 02 02 00 01 20 21 02 00 1C 07 EA 06 1D 0B 00 00 08 00 20 21 02 00 00 20 01 04 00 00 20 00 02 00 00 20 01 02 00 00 20 04 02 00 00 20 0A 02 00 00 00 10 02 01 00 00 20 02 01 00 01 10 F0 D5 56 98 83 8E 08 15 8F 01 3B 87 D4 9A 8C D7 53 5D 16 0E 3F 73 C6 00 00 00 00 00 00 00 00 00 00 00 00 00 00 00 00 00 00 00 00 00 00 00 00 00 00 00 00 00 00 00 00 00 00 00 00 00 00 00 00 00 00 00 00 00 00 00 00 00 00 00 00 00 00 00 00 00 00 00 00 00 00 00 00 00 00 00 00 00 00 00 00 00 00 00 00 00 00 00 00 00 00 00 00 00 00 00 00 00 00 00 00 00 00 00 00 00 00 00 00 00 00 00 00 00 00 00 00 00 00 00 00 00 00 00 00 00 00 00 00 00 00 00 00 94 B2 8B 22 7E
[407108][00:01:00.145]7E FF 02 FF A6 6C 2E 46 68 05 2D 00 9B 51 D3 45 00 FD 03 14 01 01 00 01 69 7F 94 01 60 00 03 27 16 EB C4 00 89 5C 4C 10 00 1A 01 03 EB AF 30 74 88 FF 00 00 33 00 00 11 03 00 00 01 02 83 06 CC 1E 28 0A FE FE FE FE 68 62 00 43 05 90 24 54 06 00 30 10 AF 3F 10 00 3E 05 03 34 50 02 02 00 01 20 21 02 00 1C 07 EA 06 1D 0B 00 00 08 00 20 21 02 00 00 20 01 04 00 00 20 00 02 00 00 20 01 02 00 00 20 04 02 00 00 20 0A 02 00 00 00 10 02 01 00 00 20 02 01 00 01 10 F0 D5 56 98 83 8E 08 15 8F 01 3B 87 D4 9A 8C D7 53 5D 16 0E 3F 73 C6 00 00 00 00 00 00 00 00 00 00 00 00 00 00 00 00 00 00 00 00 00 00 00 00 00 00 00 00 00 00 00 00 00 00 00 00 00 00 00 00 00 00 00 00 00 00 00 00 00 00 00 00 00 00 00 00 00 00 00 00 00 00 00 00 00 00 00 00 00 00 00 00 00 00 00 00 00 00 00 00 00 00 00 00 00 00 00 00 00 00 00 00 00 00 00 00 00 00 00 00 00 00 00 00 00 00 00 00 00 00 00 00 00 00 00 00 00 00 00 00 00 00 00 00 46 6D 79 32 7E
[407109][00:01:00.370]7E FF 02 FF A7 6C F3 46 68 05 2E 01 F4 90 1E 46 00 36 01 14 02 01 00 01 69 7F 94 1C F0 FF 01 D4 17 E8 92 00 C2 70 22 C0 01 FF 2F 01 36 66 00 EC 20 11 08 00 33 00 00 30 00 09 80 93 77 FF FF FF FF FF FF 08 00 00 00 1C 10 00 12 30 00 09 80 93 77 20 00 00 12 74 72 03 00 64 64 89 00 3E 01 AE 02 3D 00 00 00 00 00 01 30 92 B0 2C E5 00 02 52 FF BE 0D 06 C7 26 90 9E 8F 80 75 7B 69 01 04 09 04 00 00 01 12 00 00 00 00 A0 00 00 20 00 00 00 80 08 20 2E 22 3C 00 00 00 20 10 3E 79 4B 39 1C 53 E2 31 16 05 40 3E 39 09 3D 0D 0A 0D 0D 39 0C 3B 0D 0E 0D 2F 39 35 3C 0C 0D 0C 08 0B 0B 3E 0B 0C 0C 0D 0B 0C 0B 0F 0B 0C 0B 0C 0D 0D 0A 0F 0F 0C 3E 0B 0C 0C 0D 0C 09 0A 08 0C 05 06 0B 0A 3A 0E 3E 0C 0C 07 0D 0B 0E 0E 0C 0B 0F 0D 3A 07 0B 0E 0D 02 05 0B 29 02 0E 0B 0C 0B 04 0B 0A 0A 0B 05 09 0C 0C 0C 0D 09 0A 0A 0F 0E 3C 0F 0C 05 0E 0D 09 0E 0A 0D 0D 0C 0D 0A 0C 0B 0E 0D 0D 0C 0B 0A 06 0E 0C 0D 0C 0D 0B 0B 09 0A 0D 34 0C 0C 28 E9 D4 FB 00 00 00 00 00 00 00 00 00 00 00 00 00 00 00 00 00 00 00 00 00 00 00 00 00 00 00 00 00 00 00 00 00 00 00 00 00 00 00 00 00 00 00 00 00 00 00 00 00 00 00 00 00 00 00 00 00 00 00 00 00 00 00 00 00 00 00 00 00 00 00 00 00 00 00 00 00 00 00 00 00 00 00 00 00 00 00 00 00 00 00 00 00 00 00 00 00 00 00 00 00 00 00 00 00 00 00 00 00 00 00 00 00 00 00 00 00 00 00 00 00 00 00 00 00 00 00 00 00 00 00 00 00 00 00 00 00 00 00 00 00 00 00 00 00 00 00 00 00 00 00 00 00 00 00 00 00 00 00 00 00 00 00 00 00 00 00 00 00 00 00 00 00 00 00 00 00 00 00 00 00 00 00 00 00 00 00 00 00 00 00 00 00 00 00 00 00 00 00 00 00 00 00 00 00 00 00 00 00 00 00 00 00 00 00 00 00 00 00 00 00 00 00 00 00 00 00 00 00 00 00 00 00 00 00 00 00 00 00 00 00 00 00 00 00 00 00 00 6C DB C4 82 7E
[407110][00:01:00.893]7E FF 02 FF A8 6C 2E 49 68 05 C7 02 A7 8C F8 46 00 3A 00 94 00 01 00 01 69 7F 94 49 A0 10 01 FC 13 79 44 00 DD 50 CA 90 04 0A 01 04 BF B0 00 43 70 EF 04 00 33 00 00 07 00 00 00 49 00 49 00 9D 00 37 00 06 48 C0 08 09 38 2D 00 00 32 29 20 89 61 01 40 CE 80 04 00 06 D8 54 EA 6A D7 0A A1 26 6E 7F B6 02 86 D6 04 9E 20 A2 60 44 12 80 00 00 30 44 08 00 00 00 00 00 00 40 CB 41 4E 9E 00 00 00 00 00 00 00 00 00 00 00 00 00 00 00 00 00 00 00 00 00 00 00 00 00 00 00 00 00 00 00 00 00 00 00 00 00 00 00 00 00 00 00 00 00 FB E6 2B 04 7E
[407111][00:01:01.313]7E FF 02 FF A9 6C 4A 4B 68 05 BF 02 EE 68 A0 47 00 3A 00 10 00 01 00 02 69 7F 94 10 01 E0 00 01 00 00 00 00 55 CF 85 F1 96 23 B1 7E
[407112][00:01:01.359]7E FF 02 FF AA 6C FA 4A 68 05 76 00 D2 CB A7 47 00 FF 03 94 00 01 00 01 69 7F 94 01 E0 00 01 DC 13 79 40 00 49 02 60 10 00 0E 00 0A ED AF 00 34 88 FF 08 00 33 00 00 20 00 00 12 74 72 30 00 09 80 97 33 05 00 00 00 00 00 00 00 CE 01 0E 00 61 E9 4C 3C 08 46 00 00 00 00 00 00 01 00 00 04 20 00 00 12 74 72 20 00 00 12 74 72 00 00 64 64 99 00 3C 00 0D 00 3D 00 8E 32 6C 32 00 00 00 00 00 00 00 00 00 00 00 00 00 00 00 00 00 00 00 00 00 00 00 00 00 00 00 00 00 00 00 00 00 00 00 00 00 00 00 00 00 00 00 00 00 00 00 00 F0 F7 69 86 7E
[407113][00:01:01.540]7E FF 02 FF AB 6C C1 4B 68 05 2F 00 FC B3 F3 47 00 FF 03 10 00 01 00 03 69 7F 94 14 0D FB 08 00 00 00 10 02 51 F3 9C A4 5F 85 4A 7E
[407114][00:01:01.914]7E FF 02 FF AC 6C 03 4D 68 05 A1 00 75 8E 6E 48 00 FD 03 14 02 01 00 01 69 7F 94 01 F0 FF 01 5A 16 04 83 00 F5 5B 57 10 00 FF 2F 01 EE AF 00 FA 88 11 00 00 33 00 00 08 00 00 00 01 00 00 04 20 00 00 12 74 72 20 00 00 12 74 72 00 00 64 64 99 00 3E 00 AC 02 3D 00 64 00 00 00 FC FF FF FF 7F DD 7F 6F FF 0F 00 C6 46 90 00 09 81 15 04 00 00 02 09 80 22 40 00 05 02 00 20 00 BC 6D 09 20 21 11 12 05 11 24 80 01 D4 C6 50 00 00 00 1E 7C 4A 31 04 01 42 00 00 00 40 28 46 3D 68 6D 0E 16 27 26 09 3E 0A 2B 08 44 05 0E 05 04 62 25 58 04 79 42 4F 62 07 0F 0C 49 26 11 2E 07 20 07 0F 0C 12 3A 32 41 08 41 09 1E 49 47 4B 03 03 02 07 02 65 03 0C 04 0D 05 01 35 0B 0C 29 07 01 00 00 0E 0F 04 5A 00 00 00 00 00 0D 2D 05 50 00 03 06 07 0B 1C 0B 02 01 18 00 00 14 07 0D 08 00 00 0E 10 02 01 07 0C 03 01 09 09 01 05 17 03 01 07 1C 23 09 01 00 08 09 01 00 03 01 01 03 00 03 02 0A 0D 52 0F 05 00 0B 00 00 00 01 00 0E 0B 0D 07 01 00 01 0B 28 F8 A0 A4 00 00 00 00 00 00 00 00 00 00 00 00 00 00 00 00 00 00 00 00 00 00 00 00 00 00 00 00 00 00 00 00 00 00 00 00 00 00 00 00 00 00 00 00 00 00 00 00 00 00 00 00 00 00 00 00 00 00 00 00 00 00 00 00 00 00 00 00 00 00 00 00 00 00 00 00 00 00 00 00 00 00 00 00 00 00 00 00 00 00 00 00 00 00 00 00 00 00 00 00 00 00 00 00 00 00 00 00 00 00 00 00 00 00 00 00 00 00 00 00 00 00 00 00 00 00 00 00 00 00 00 00 00 00 00 00 00 00 00 00 00 00 00 00 00 00 00 00 00 00 00 00 00 00 00 00 00 00 00 00 00 00 00 00 00 00 00 00 00 00 00 00 00 00 00 00 00 00 00 00 00 00 00 00 00 00 00 00 00 00 00 00 00 00 00 00 00 00 00 00 00 00 00 00 00 00 00 00 00 00 00 00 00 00 00 00 00 00 00 00 00 00 00 00 00 00 00 00 00 00 00 00 00 00 00 00 00 00 00 00 00 00 00 00 00 00 05 AA F8 55 7E
[407115][00:01:02.393]7E FF 02 FF AD 6C DE 4E 68 05 6B 03 EF 07 24 49 00 00 03 14 02 01 00 01 69 7F 94 01 F0 FF 01 5A 16 04 83 00 F5 5B 57 10 00 FF 2F 01 EE AF 00 FA 88 11 00 00 33 00 00 08 00 00 00 01 00 00 04 20 00 00 12 74 72 20 00 00 12 74 72 00 00 64 64 99 00 3E 00 AC 02 3D 00 64 00 00 00 FC FF FF FF 7F DD 7F 6F FF 0F 00 C6 46 90 00 09 81 15 04 00 00 02 09 80 22 40 00 05 02 00 20 00 BC 6D 09 20 21 11 12 05 11 24 80 01 D4 C6 50 00 00 00 1E 7C 4A 31 04 01 42 00 00 00 40 28 46 3D 68 6D 0E 16 27 26 09 3E 0A 2B 08 44 05 0E 05 04 62 25 58 04 79 42 4F 62 07 0F 0C 49 26 11 2E 07 20 07 0F 0C 12 3A 32 41 08 41 09 1E 49 47 4B 03 03 02 07 02 65 03 0C 04 0D 05 01 35 0B 0C 29 07 01 00 00 0E 0F 04 5A 00 00 00 00 00 0D 2D 05 50 00 03 06 07 0B 1C 0B 02 01 18 00 00 14 07 0D 08 00 00 0E 10 02 01 07 0C 03 01 09 09 01 05 17 03 01 07 1C 23 09 01 00 08 09 01 00 03 01 01 03 00 03 02 0A 0D 52 0F 05 00 0B 00 00 00 01 00 0E 0B 0D 07 01 00 01 0B 28 F8 A0 A4 00 00 00 00 00 00 00 00 00 00 00 00 00 00 00 00 00 00 00 00 00 00 00 00 00 00 00 00 00 00 00 00 00 00 00 00 00 00 00 00 00 00 00 00 00 00 00 00 00 00 00 00 00 00 00 00 00 00 00 00 00 00 00 00 00 00 00 00 00 00 00 00 00 00 00 00 00 00 00 00 00 00 00 00 00 00 00 00 00 00 00 00 00 00 00 00 00 00 00 00 00 00 00 00 00 00 00 00 00 00 00 00 00 00 00 00 00 00 00 00 00 00 00 00 00 00 00 00 00 00 00 00 00 00 00 00 00 00 00 00 00 00 00 00 00 00 00 00 00 00 00 00 00 00 00 00 00 00 00 00 00 00 00 00 00 00 00 00 00 00 00 00 00 00 00 00 00 00 00 00 00 00 00 00 00 00 00 00 00 00 00 00 00 00 00 00 00 00 00 00 00 00 00 00 00 00 00 00 00 00 00 00 00 00 00 00 00 00 00 00 00 00 00 00 00 00 00 00 00 00 00 00 00 00 00 00 00 00 00 00 00 00 00 00 00 00 A2 6B 6B 39 7E
[407116][00:01:02.962]7E FF 02 FF AE 6C 40 51 68 05 51 00 29 6E 0C 4A 00 39 00 94 00 01 00 01 69 7F 94 20 F0 FF 01 99 12 79 42 00 E6 18 F1 00 02 FF 2F 01 59 94 00 65 70 01 04 00 33 00 00 08 00 00 00 20 50 03 31 30 00 09 04 22 19 20 00 00 12 74 72 39 1C 02 0C 11 00 08 01 11 00 2E 00 00 00 00 00 35 30 02 08 00 00 00 00 04 00 00 02 01 00 00 00 00 00 40 00 00 00 00 00 00 80 00 00 00 80 00 00 02 20 00 82 00 00 10 00 20 20 00 02 00 00 00 20 01 01 01 01 01 01 01 02 04 05 04 04 04 02 01 01 02 3A 12 66 5B 00 00 00 00 00 00 00 00 00 00 00 C9 DB EB 1E 7E
[407117][00:01:03.440]7E FF 02 FF AF 6C F8 52 68 05 36 02 AF 74 B4 4A 00 36 01 14 02 01 00 01 69 7F 94 62 F0 FF 01 D4 17 E8 92 00 B3 70 7E 20 06 FF 2F 01 0F 87 00 EF 10 11 08 00 33 00 00 30 00 09 81 09 37 FF FF FF FF FF FF 08 00 00 00 62 10 00 12 30 00 09 81 09 37 20 00 00 12 74 72 02 00 64 64 8C 00 3E 01 AB 02 3D 00 00 00 00 00 01 30 9A B0 2C F5 03 02 52 FF BE 0D 06 C7 22 90 9E 8F 80 75 7B 69 01 04 09 04 00 00 01 12 00 00 00 00 A0 00 00 20 00 00 00 80 08 20 2E 22 3C 00 00 00 20 10 3E 79 4B 39 1C 53 E2 31 16 05 40 3E 01 39 09 3D 0C 09 0C 0C 39 0C 3B 3D 0D 0E 0D 03 02 2E 3B 36 3C 0B 0D 0D 08 0B 0B 3E 0A 0C 0C 0E 0B 07 0B 0F 0B 0B 0A 08 0D 0D 0A 0F 0D 0C 0C 0B 0C 0D 0C 0A 0B 08 0C 0B 05 0C 0A 3B 0F 3B 0D 0B 05 0C 0B 0E 0A 0B 0B 0F 0C 3A 03 0B 0D 0E 0A 06 10 2E 0A 0E 0C 0B 0A 0D 0B 0B 0A 0B 04 08 0C 0D 07 0D 0B 0A 0A 0E 0E 3B 0E 0C 0A 0D 0E 09 0D 0B 0E 0E 0C 0D 08 0C 0D 0D 0D 0D 0D 0C 0B 06 0E 0B 0B 09 0D 0B 0B 09 0B 09 34 0C 0C 15 C7 A9 72 00 00 00 00 00 00 00 00 00 00 00 00 00 00 00 00 00 00 00 00 00 00 00 00 00 00 00 00 00 00 00 00 00 00 00 00 00 00 00 00 00 00 00 00 00 00 00 00 00 00 00 00 00 00 00 00 00 00 00 00 00 00 00 00 00 00 00 00 00 00 00 00 00 00 00 00 00 00 00 00 00 00 00 00 00 00 00 00 00 00 00 00 00 00 00 00 00 00 00 00 00 00 00 00 00 00 00 00 00 00 00 00 00 00 00 00 00 00 00 00 00 00 00 00 00 00 00 00 00 00 00 00 00 00 00 00 00 00 00 00 00 00 00 00 00 00 00 00 00 00 00 00 00 00 00 00 00 00 00 00 00 00 00 00 00 00 00 00 00 00 00 00 00 00 00 00 00 00 00 00 00 00 00 00 00 00 00 00 00 00 00 00 00 00 00 00 00 00 00 00 00 00 00 00 00 00 00 00 00 00 00 00 00 00 00 00 00 00 00 00 00 00 00 00 00 00 00 00 00 00 00 00 00 00 00 00 00 00 00 00 00 00 00 00 00 86 7C 40 08 7E
[407118][00:01:03.440]7E FF 02 FF B0 6C 36 53 68 05 C0 01 A6 14 CC 4A 00 36 01 10 00 01 00 03 69 7F 94 14 0D 86 01 00 00 00 10 02 E4 67 93 B7 7D 68 A5 7E
[407119][00:01:03.591]7E FF 02 FF B1 6C 8B 53 68 05 05 02 9D 82 EC 4A 00 35 01 14 02 01 00 01 69 7F 94 3E F0 FF 01 D4 17 E8 92 00 E5 70 96 E0 03 FF 2F 01 EB 8F 00 ED 20 11 08 00 33 00 00 30 00 09 80 94 75 FF FF FF FF FF FF 08 00 00 00 3E 10 00 12 30 00 09 80 94 75 20 00 00 12 74 72 02 00 64 64 8A 00 3E 01 AB 02 3D 00 00 00 00 00 01 30 92 B0 2C F5 01 02 52 BF BE 0D 06 C7 26 90 9E 8F 80 75 7B 69 01 04 09 04 00 00 01 12 00 00 00 00 A0 00 00 20 00 00 00 80 08 20 2E 22 3C 00 00 00 20 10 3E 79 4B 39 1C 53 E2 31 16 05 40 3E 39 0B 3D 0B 09 0C 0C 3A 0C 3B 3D 0D 0E 0D 01 27 3B 36 3C 0B 0E 0C 09 0B 0B 0A 0D 0C 0E 0A 04 0A 0F 0B 0A 08 03 0D 0D 09 0F 0D 0C 3E 0A 0B 0C 0D 0C 09 0A 07 0C 0A 04 0B 0C 3B 0F 3A 0D 09 01 0D 0A 0E 06 09 0A 0F 0C 3A 01 0A 0E 0E 02 05 0E 18 07 0E 0C 0C 0A 0C 0C 0B 09 0B 01 07 0C 0C 03 0C 09 0A 0A 0F 0D 3B 0F 0C 0A 08 0F 09 0E 0B 0B 0E 0B 0D 08 0C 0C 0D 0B 0D 0C 0A 09 06 0E 07 0B 06 0C 0A 0B 08 0B 04 33 0C 0C 53 E1 27 DE 00 00 00 00 00 00 00 00 00 00 00 00 00 00 00 00 00 00 00 00 00 00 00 00 00 00 00 00 00 00 00 00 00 00 00 00 00 00 00 00 00 00 00 00 00 00 00 00 00 00 00 00 00 00 00 00 00 00 00 00 00 00 00 00 00 00 00 00 00 00 00 00 00 00 00 00 00 00 00 00 00 00 00 00 00 00 00 00 00 00 00 00 00 00 00 00 00 00 00 00 00 00 00 00 00 00 00 00 00 00 00 00 00 00 00 00 00 00 00 00 00 00 00 00 00 00 00 00 00 00 00 00 00 00 00 00 00 00 00 00 00 00 00 00 00 00 00 00 00 00 00 00 00 00 00 00 00 00 00 00 00 00 00 00 00 00 00 00 00 00 00 00 00 00 00 00 00 00 00 00 00 00 00 00 00 00 00 00 00 00 00 00 00 00 00 00 00 00 00 00 00 00 00 00 00 00 00 00 00 00 00 00 00 00 00 00 00 00 00 00 00 00 00 00 00 00 00 00 00 00 00 00 00 00 00 00 00 00 00 00 00 00 00 00 00 00 00 12 19 82 87 7E
[407120][00:01:04.355]7E FF 02 FF B3 6C 79 56 68 05 AF 03 D7 C4 09 4C 01 22 0D 15 02 01 00 00 69 7F 94 28 C3 09 4C 01 20 05 00 00 2D 6A F7 CA 33 20 00 00 12 74 72 FC 06 00 00 10 02 00 00 00 00 00 00 04 00 0F 01 00 00 64 20 00 00 12 74 72 04 00 00 01 0A D0 02 AA 02 30 00 39 00 C0 D5 00 59 33 00 41 24 32 00 00 00 00 54 37 08 4C FA 39 00 00 24 00 0E 50 15 50 1C 50 31 50 0C 50 04 50 87 50 8A 50 93 51 34 50 36 50 08 50 40 51 D8 50 62 50 3E 50 1A 50 06 50 BA 51 5D 50 29 50 39 51 75 50 7C 51 BC 50 D8 51 5B 50 D9 50 9D 50 80 50 2E 50 05 50 44 51 35 50 42 51 68 51 F8 51 2D 50 34 51 E1 50 0A 51 EE 50 53 50 68 50 29 51 2D 51 DF 50 6C 51 26 51 FE 51 11 51 CF 50 1A 51 F2 50 86 50 82 50 FA 51 16 51 CA 50 AC 50 72 51 14 51 A2 50 A2 30 12 51 7F 40 F1 41 BE 41 A7 41 86 41 52 41 C6 40 FB 41 F0 41 C8 40 1B 41 CC 40 24 41 FC 40 B1 40 9A 41 9D 41 F8 40 56 41 AE 40 AF 40 5C 41 C3 40 C9 80 7C 15 00 01 C4 09 00 02 AC 0D 00 03 03 04 9A 05 9A 05 00 02 AC 0D 00 03 03 04 9A 05 68 41 2E 41 01 41 60 40 0B 40 2A 40 25 40 28 40 9A 40 26 40 19 40 FD 40 47 41 70 40 42 41 03 40 4F 41 A5 40 E6 40 21 40 50 40 37 41 32 40 E8 40 4B 81 94 11 00 01 C4 09 00 02 B8 0B 00 03 03 04 9A 05 03 04 9A 05 9A 05 9A 05 F1 81 88 13 00 01 D0 07 00 02 C4 09 00 03 03 04 9A 05 CF 41 D0 41 27 41 C1 40 D1 41 D2 41 31 41 BD 41 D3 41 26 40 D4 41 D5 41 C9 41 68 41 EE 40 4C 40 20 40 32 41 2C 40 F0 80 88 13 00 01 E8 03 00 02 C4 09 00 03 03 04 9A 05 00 00 00 00 00 00 00 00 00 00 00 00 00 00 00 00 00 00 00 00 00 00 00 00 00 00 00 00 00 00 00 00 00 00 00 00 00 00 00 00 00 00 00 00 00 00 00 00 00 00 00 00 00 00 00 00 00 00 00 00 00 00 00 00 00 00 00 00 00 00 00 00 00 00 00 00 00 00 00 00 00 00 00 00 00 00 00 00 00 00 B0 F8 2B BD 2C 24 90 F0 7E
[407121][00:01:04.401]7E FF 02 FF B4 6C FD 56 68 05 46 01 2C BE 16 4C 00 00 03 15 02 01 00 00 69 7F 94 2E BE 16 4C 01 90 E8 04 00 6F 3E B9 CA 33 20 00 00 12 74 72 FC 06 00 00 10 02 00 00 00 00 00 00 04 00 0F 01 00 00 64 20 00 00 12 74 72 04 00 00 01 0A D0 02 AA 02 30 00 39 00 C0 D5 00 59 33 00 41 24 32 00 00 00 00 54 37 08 4C FA 39 00 00 24 00 0E 50 15 50 1C 50 31 50 0C 50 04 50 87 50 8A 50 93 51 34 50 36 50 08 50 40 51 D8 50 62 50 3E 50 1A 50 06 50 BA 51 5D 50 29 50 39 51 75 50 7C 51 BC 50 D8 51 5B 50 D9 50 9D 50 80 50 2E 50 05 50 44 51 35 50 42 51 68 51 F8 51 2D 50 34 51 E1 50 0A 51 EE 50 53 50 68 50 29 51 2D 51 DF 50 6C 51 26 51 FE 51 11 51 CF 50 1A 51 F2 50 86 50 82 50 FA 51 16 51 CA 50 AC 50 72 51 14 51 A2 50 A2 30 12 51 7F 40 F1 41 BE 41 A7 41 86 41 52 41 C6 40 FB 41 F0 41 C8 40 1B 41 CC 40 24 41 FC 40 B1 40 9A 41 9D 41 F8 40 56 41 AE 40 AF 40 5C 41 C3 40 C9 80 7C 15 00 01 C4 09 00 02 AC 0D 00 03 03 04 9A 05 9A 05 00 02 AC 0D 00 03 03 04 9A 05 68 41 2E 41 01 41 60 40 0B 40 2A 40 25 40 28 40 9A 40 26 40 19 40 FD 40 47 41 70 40 42 41 03 40 4F 41 A5 40 E6 40 21 40 50 40 37 41 32 40 E8 40 4B 81 94 11 00 01 C4 09 00 02 B8 0B 00 03 03 04 9A 05 03 04 9A 05 9A 05 9A 05 F1 81 88 13 00 01 D0 07 00 02 C4 09 00 03 03 04 9A 05 CF 41 D0 41 27 41 C1 40 D1 41 D2 41 31 41 BD 41 D3 41 26 40 D4 41 D5 41 C9 41 68 41 EE 40 4C 40 20 40 32 41 2C 40 F0 80 88 13 00 01 E8 03 00 02 C4 09 00 03 03 04 9A 05 00 00 00 00 00 00 00 00 00 00 00 00 00 00 00 00 00 00 00 00 00 00 00 00 00 00 00 00 00 00 00 00 00 00 00 00 00 00 00 00 00 00 00 00 00 00 00 00 00 00 00 00 00 00 00 00 00 00 00 00 00 00 00 00 00 00 00 00 00 00 00 00 00 00 00 00 00 00 00 00 00 00 00 00 00 00 00 00 00 00 B0 F8 2B BD 03 B6 8E 41 7E
[407122][00:01:04.462]7E FF 02 FF B5 6C BD 56 68 05 11 01 43 75 24 4C 00 00 03 15 02 01 00 00 69 7F 94 44 75 24 4C 01 90 E8 06 00 30 9E 59 CA 33 20 00 00 12 74 72 FC 06 00 00 10 02 00 00 00 00 00 00 04 00 0F 01 00 00 64 20 00 00 12 74 72 04 00 00 01 0A D0 02 AA 02 30 00 39 00 C0 D5 00 59 33 00 41 24 32 00 00 00 00 54 37 08 4C FA 39 00 00 24 00 0E 50 15 50 1C 50 31 50 0C 50 04 50 87 50 8A 50 93 51 34 50 36 50 08 50 40 51 D8 50 62 50 3E 50 1A 50 06 50 BA 51 5D 50 29 50 39 51 75 50 7C 51 BC 50 D8 51 5B 50 D9 50 9D 50 80 50 2E 50 05 50 44 51 35 50 42 51 68 51 F8 51 2D 50 34 51 E1 50 0A 51 EE 50 53 50 68 50 29 51 2D 51 DF 50 6C 51 26 51 FE 51 11 51 CF 50 1A 51 F2 50 86 50 82 50 FA 51 16 51 CA 50 AC 50 72 51 14 51 A2 50 A2 30 12 51 7F 40 F1 41 BE 41 A7 41 86 41 52 41 C6 40 FB 41 F0 41 C8 40 1B 41 CC 40 24 41 FC 40 B1 40 9A 41 9D 41 F8 40 56 41 AE 40 AF 40 5C 41 C3 40 C9 80 7C 15 00 01 C4 09 00 02 AC 0D 00 03 03 04 9A 05 9A 05 00 02 AC 0D 00 03 03 04 9A 05 68 41 2E 41 01 41 60 40 0B 40 2A 40 25 40 28 40 9A 40 26 40 19 40 FD 40 47 41 70 40 42 41 03 40 4F 41 A5 40 E6 40 21 40 50 40 37 41 32 40 E8 40 4B 81 94 11 00 01 C4 09 00 02 B8 0B 00 03 03 04 9A 05 03 04 9A 05 9A 05 9A 05 F1 81 88 13 00 01 D0 07 00 02 C4 09 00 03 03 04 9A 05 CF 41 D0 41 27 41 C1 40 D1 41 D2 41 31 41 BD 41 D3 41 26 40 D4 41 D5 41 C9 41 68 41 EE 40 4C 40 20 40 32 41 2C 40 F0 80 88 13 00 01 E8 03 00 02 C4 09 00 03 03 04 9A 05 00 00 00 00 00 00 00 00 00 00 00 00 00 00 00 00 00 00 00 00 00 00 00 00 00 00 00 00 00 00 00 00 00 00 00 00 00 00 00 00 00 00 00 00 00 00 00 00 00 00 00 00 00 00 00 00 00 00 00 00 00 00 00 00 00 00 00 00 00 00 00 00 00 00 00 00 00 00 00 00 00 00 00 00 00 00 00 00 00 00 B0 F8 2B BD 4B 30 2E 81 7E
[407123][00:01:04.507]7E FF 02 FF B6 6C 67 57 68 05 0A 03 36 5A 3F 4C 00 39 01 15 02 01 00 00 69 7F 94 D4 59 3F 4C 15 90 E8 06 00 C1 C9 E0 C9 33 20 00 00 12 74 72 FC 06 00 00 10 02 00 00 00 00 00 00 04 00 0F 15 10 00 64 30 00 09 80 95 26 12 00 03 01 0A D0 02 AA 02 30 00 39 00 C0 D5 00 59 33 00 41 24 32 00 00 00 00 54 37 08 4C FA 39 00 00 24 00 0E 50 15 50 1C 50 31 50 0C 50 04 50 87 50 8A 50 93 51 34 50 36 50 08 50 40 51 D8 50 62 50 3E 50 1A 50 06 50 BA 51 5D 50 29 50 39 51 75 50 7C 51 BC 50 D8 51 5B 50 D9 50 9D 50 80 50 2E 50 05 50 44 51 35 50 42 51 68 51 F8 51 2D 50 34 51 E1 50 0A 51 EE 50 53 50 68 50 29 51 2D 51 DF 50 6C 51 26 51 FE 51 11 51 CF 50 1A 51 F2 50 86 50 82 50 FA 51 16 51 CA 50 AC 50 72 51 14 51 A2 50 A2 30 12 51 7F 40 F1 41 BE 41 A7 41 86 41 52 41 C6 40 FB 41 F0 41 C8 40 1B 41 CC 40 24 41 FC 40 B1 40 9A 41 9D 41 F8 40 56 41 AE 40 AF 40 5C 41 C3 40 C9 80 7C 15 00 01 C4 09 00 02 AC 0D 00 03 03 04 9A 05 9A 05 00 02 AC 0D 00 03 03 04 9A 05 68 41 2E 41 01 41 60 40 0B 40 2A 40 25 40 28 40 9A 40 26 40 19 40 FD 40 47 41 70 40 42 41 03 40 4F 41 A5 40 E6 40 21 40 50 40 37 41 32 40 E8 40 4B 81 94 11 00 01 C4 09 00 02 B8 0B 00 03 03 04 9A 05 03 04 9A 05 9A 05 9A 05 F1 81 88 13 00 01 D0 07 00 02 C4 09 00 03 03 04 9A 05 CF 41 D0 41 27 41 C1 40 D1 41 D2 41 31 41 BD 41 D3 41 26 40 D4 41 D5 41 C9 41 68 41 EE 40 4C 40 20 40 32 41 2C 40 F0 80 88 13 00 01 E8 03 00 02 C4 09 00 03 03 04 9A 05 00 00 00 00 00 00 00 00 00 00 00 00 00 00 00 00 00 00 00 00 00 00 00 00 00 00 00 00 00 00 00 00 00 00 00 00 00 00 00 00 00 00 00 00 00 00 00 00 00 00 00 00 00 00 00 00 00 00 00 00 00 00 00 00 00 00 00 00 00 00 00 00 00 00 00 00 00 00 00 00 00 00 00 00 00 00 00 00 00 00 1E 41 F9 A2 9D 23 79 28 7E
[407124][00:01:04.551]7E FF 02 FF B7 6C 11 57 68 05 0C 03 94 B2 44 4C 00 39 01 15 02 01 00 00 69 7F 94 30 B2 44 4C 15 90 E8 06 00 73 27 8C C9 33 20 00 00 12 74 72 FC 06 00 00 10 02 00 00 00 00 00 00 04 00 0F 15 10 00 64 30 00 09 80 95 26 12 00 03 01 0A D0 02 AA 02 30 00 39 00 C0 D5 00 59 33 00 41 24 32 00 00 00 00 54 37 08 4C FA 39 00 00 24 00 0E 50 15 50 1C 50 31 50 0C 50 04 50 87 50 8A 50 93 51 34 50 36 50 08 50 40 51 D8 50 62 50 3E 50 1A 50 06 50 BA 51 5D 50 29 50 39 51 75 50 7C 51 BC 50 D8 51 5B 50 D9 50 9D 50 80 50 2E 50 05 50 44 51 35 50 42 51 68 51 F8 51 2D 50 34 51 E1 50 0A 51 EE 50 53 50 68 50 29 51 2D 51 DF 50 6C 51 26 51 FE 51 11 51 CF 50 1A 51 F2 50 86 50 82 50 FA 51 16 51 CA 50 AC 50 72 51 14 51 A2 50 A2 30 12 51 7F 40 F1 41 BE 41 A7 41 86 41 52 41 C6 40 FB 41 F0 41 C8 40 1B 41 CC 40 24 41 FC 40 B1 40 9A 41 9D 41 F8 40 56 41 AE 40 AF 40 5C 41 C3 40 C9 80 7C 15 00 01 C4 09 00 02 AC 0D 00 03 03 04 9A 05 9A 05 00 02 AC 0D 00 03 03 04 9A 05 68 41 2E 41 01 41 60 40 0B 40 2A 40 25 40 28 40 9A 40 26 40 19 40 FD 40 47 41 70 40 42 41 03 40 4F 41 A5 40 E6 40 21 40 50 40 37 41 32 40 E8 40 4B 81 94 11 00 01 C4 09 00 02 B8 0B 00 03 03 04 9A 05 03 04 9A 05 9A 05 9A 05 F1 81 88 13 00 01 D0 07 00 02 C4 09 00 03 03 04 9A 05 CF 41 D0 41 27 41 C1 40 D1 41 D2 41 31 41 BD 41 D3 41 26 40 D4 41 D5 41 C9 41 68 41 EE 40 4C 40 20 40 32 41 2C 40 F0 80 88 13 00 01 E8 03 00 02 C4 09 00 03 03 04 9A 05 00 00 00 00 00 00 00 00 00 00 00 00 00 00 00 00 00 00 00 00 00 00 00 00 00 00 00 00 00 00 00 00 00 00 00 00 00 00 00 00 00 00 00 00 00 00 00 00 00 00 00 00 00 00 00 00 00 00 00 00 00 00 00 00 00 00 00 00 00 00 00 00 00 00 00 00 00 00 00 00 00 00 00 00 00 00 00 00 00 00 1E 41 F9 A2 82 28 EC 7E 7E
[407125][00:01:04.611]7E FF 02 FF B8 6C 35 57 68 05 19 03 2F 6E 52 4C 00 37 01 15 02 01 00 00 69 7F 94 D0 6D 52 4C 1C 90 E8 06 00 42 77 16 C9 33 20 00 00 12 74 72 FC 06 00 00 10 02 00 00 00 00 00 00 04 00 0F 1C 10 00 64 30 00 09 80 93 77 12 00 03 01 0A D0 02 AA 02 30 00 39 00 C0 D5 00 59 33 00 41 24 32 00 00 00 00 54 37 08 4C FA 39 00 00 24 00 0E 50 15 50 1C 50 31 50 0C 50 04 50 87 50 8A 50 93 51 34 50 36 50 08 50 40 51 D8 50 62 50 3E 50 1A 50 06 50 BA 51 5D 50 29 50 39 51 75 50 7C 51 BC 50 D8 51 5B 50 D9 50 9D 50 80 50 2E 50 05 50 44 51 35 50 42 51 68 51 F8 51 2D 50 34 51 E1 50 0A 51 EE 50 53 50 68 50 29 51 2D 51 DF 50 6C 51 26 51 FE 51 11 51 CF 50 1A 51 F2 50 86 50 82 50 FA 51 16 51 CA 50 AC 50 72 51 14 51 A2 50 A2 30 12 51 7F 40 F1 41 BE 41 A7 41 86 41 52 41 C6 40 FB 41 F0 41 C8 40 1B 41 CC 40 24 41 FC 40 B1 40 9A 41 9D 41 F8 40 56 41 AE 40 AF 40 5C 41 C3 40 C9 80 7C 15 00 01 C4 09 00 02 AC 0D 00 03 03 04 9A 05 9A 05 00 02 AC 0D 00 03 03 04 9A 05 68 41 2E 41 01 41 60 40 0B 40 2A 40 25 40 28 40 9A 40 26 40 19 40 FD 40 47 41 70 40 42 41 03 40 4F 41 A5 40 E6 40 21 40 50 40 37 41 32 40 E8 40 4B 81 94 11 00 01 C4 09 00 02 B8 0B 00 03 03 04 9A 05 03 04 9A 05 9A 05 9A 05 F1 81 88 13 00 01 D0 07 00 02 C4 09 00 03 03 04 9A 05 CF 41 D0 41 27 41 C1 40 D1 41 D2 41 31 41 BD 41 D3 41 26 40 D4 41 D5 41 C9 41 68 41 EE 40 4C 40 20 40 32 41 2C 40 F0 80 88 13 00 01 E8 03 00 02 C4 09 00 03 03 04 9A 05 00 00 00 00 00 00 00 00 00 00 00 00 00 00 00 00 00 00 00 00 00 00 00 00 00 00 00 00 00 00 00 00 00 00 00 00 00 00 00 00 00 00 00 00 00 00 00 00 00 00 00 00 00 00 00 00 00 00 00 00 00 00 00 00 00 00 00 00 00 00 00 00 00 00 00 00 00 00 00 00 00 00 00 00 00 00 00 00 00 00 17 07 DA 0C A6 94 84 F7 7E
[407126][00:01:04.657]7E FF 02 FF B9 6C B7 57 68 05 36 02 6E F0 83 4C 00 2F 00 15 02 01 00 00 69 7F 94 C7 F2 83 4C 87 90 E8 06 00 58 EA E7 C9 33 20 00 00 12 74 72 FC 06 00 00 10 02 00 00 00 00 00 00 04 00 0F 87 10 00 4D 70 00 00 68 35 16 12 00 03 01 0A D0 02 AA 02 30 00 39 00 C0 D5 00 59 33 00 41 24 32 00 00 00 00 54 37 08 4C FA 39 00 00 24 00 0E 50 15 50 1C 50 31 50 0C 50 04 50 87 50 8A 50 93 51 34 50 36 50 08 50 40 51 D8 50 62 50 3E 50 1A 50 06 50 BA 51 5D 50 29 50 39 51 75 50 7C 51 BC 50 D8 51 5B 50 D9 50 9D 50 80 50 2E 50 05 50 44 51 35 50 42 51 68 51 F8 51 2D 50 34 51 E1 50 0A 51 EE 50 53 50 68 50 29 51 2D 51 DF 50 6C 51 26 51 FE 51 11 51 CF 50 1A 51 F2 50 86 50 82 50 FA 51 16 51 CA 50 AC 50 72 51 14 51 A2 50 A2 30 12 51 7F 40 F1 41 BE 41 A7 41 86 41 52 41 C6 40 FB 41 F0 41 C8 40 1B 41 CC 40 24 41 FC 40 B1 40 9A 41 9D 41 F8 40 56 41 AE 40 AF 40 5C 41 C3 40 C9 80 7C 15 00 01 C4 09 00 02 AC 0D 00 03 03 04 9A 05 00 00 00 00 00 00 00 00 00 00 00 00 00 00 00 00 00 00 00 00 00 00 00 00 00 00 00 00 00 00 00 00 00 00 00 00 00 00 00 00 00 00 00 00 00 00 00 00 00 00 00 00 00 00 00 00 00 00 00 00 00 00 00 00 00 00 00 00 00 00 00 00 00 00 00 00 00 00 00 00 00 00 00 00 00 00 00 00 00 00 00 00 00 00 00 00 00 00 00 00 00 00 00 00 00 00 00 00 00 00 00 00 00 00 00 00 00 00 00 00 00 00 00 00 00 00 00 00 00 00 00 00 00 00 00 00 00 00 00 00 00 00 00 00 00 00 00 00 00 00 00 00 00 00 00 00 00 00 00 00 00 00 00 00 00 00 00 00 00 00 00 00 00 00 00 00 00 00 00 00 00 00 00 00 00 00 00 00 00 00 00 00 00 00 00 00 00 00 00 00 00 00 00 00 00 00 00 00 00 00 00 00 00 00 00 00 00 00 00 00 00 00 00 00 00 00 00 00 00 00 00 00 00 00 00 00 00 00 00 00 00 00 00 00 00 00 00 00 00 00 94 62 0B EA 0E 58 75 5E 7E
[407127][00:01:04.807]7E FF 02 FF BA 6C 47 58 68 05 FC 02 DC F2 BA 4C 00 38 00 15 02 01 00 00 69 7F 94 74 F2 BA 4C 36 90 E8 06 00 70 9E A1 C9 33 20 00 00 12 74 72 FC 06 00 00 10 02 00 00 00 00 00 00 04 00 0F 36 10 00 64 30 00 09 79 78 92 12 00 03 01 0A D0 02 AA 02 30 00 39 00 C0 D5 00 59 33 00 41 24 32 00 00 00 00 54 37 08 4C FA 39 00 00 24 00 0E 50 15 50 1C 50 31 50 0C 50 04 50 87 50 8A 50 93 51 34 50 36 50 08 50 40 51 D8 50 62 50 3E 50 1A 50 06 50 BA 51 5D 50 29 50 39 51 75 50 7C 51 BC 50 D8 51 5B 50 D9 50 9D 50 80 50 2E 50 05 50 44 51 35 50 42 51 68 51 F8 51 2D 50 34 51 E1 50 0A 51 EE 50 53 50 68 50 29 51 2D 51 DF 50 6C 51 26 51 FE 51 11 51 CF 50 1A 51 F2 50 86 50 82 50 FA 51 16 51 CA 50 AC 50 72 51 14 51 A2 50 A2 30 12 51 7F 40 F1 41 BE 41 A7 41 86 41 52 41 C6 40 FB 41 F0 41 C8 40 1B 41 CC 40 24 41 FC 40 B1 40 9A 41 9D 41 F8 40 56 41 AE 40 AF 40 5C 41 C3 40 C9 80 7C 15 00 01 C4 09 00 02 AC 0D 00 03 03 04 9A 05 9A 05 00 02 AC 0D 00 03 03 04 9A 05 68 41 2E 41 01 41 60 40 0B 40 2A 40 25 40 28 40 9A 40 26 40 19 40 FD 40 47 41 70 40 42 41 03 40 4F 41 A5 40 E6 40 21 40 50 40 37 41 32 40 E8 40 4B 81 94 11 00 01 C4 09 00 02 B8 0B 00 03 03 04 9A 05 03 04 9A 05 9A 05 9A 05 F1 81 88 13 00 01 D0 07 00 02 C4 09 00 03 03 04 9A 05 CF 41 D0 41 27 41 C1 40 D1 41 D2 41 31 41 BD 41 D3 41 26 40 D4 41 D5 41 C9 41 68 41 EE 40 4C 40 20 40 32 41 2C 40 F0 80 88 13 00 01 E8 03 00 02 C4 09 00 03 03 04 9A 05 00 00 00 00 00 00 00 00 00 00 00 00 00 00 00 00 00 00 00 00 00 00 00 00 00 00 00 00 00 00 00 00 00 00 00 00 00 00 00 00 00 00 00 00 00 00 00 00 00 00 00 00 00 00 00 00 00 00 00 00 00 00 00 00 00 00 00 00 00 00 00 00 00 00 00 00 00 00 00 00 00 00 00 00 00 00 00 00 00 00 AF B1 F2 D2 E0 D3 F2 AE 7E
[407128][00:01:04.852]7E FF 02 FF BB 6C 55 58 68 05 20 03 34 4B C0 4C 00 3C 01 15 02 01 00 00 69 7F 94 D0 4A C0 4C 36 90 E8 06 00 B2 08 0C C9 33 20 00 00 12 74 72 FC 06 00 00 10 02 00 00 00 00 00 00 04 00 0F 36 10 00 64 30 00 09 79 78 92 12 00 03 01 0A D0 02 AA 02 30 00 39 00 C0 D5 00 59 33 00 41 24 32 00 00 00 00 54 37 08 4C FA 39 00 00 24 00 0E 50 15 50 1C 50 31 50 0C 50 04 50 87 50 8A 50 93 51 34 50 36 50 08 50 40 51 D8 50 62 50 3E 50 1A 50 06 50 BA 51 5D 50 29 50 39 51 75 50 7C 51 BC 50 D8 51 5B 50 D9 50 9D 50 80 50 2E 50 05 50 44 51 35 50 42 51 68 51 F8 51 2D 50 34 51 E1 50 0A 51 EE 50 53 50 68 50 29 51 2D 51 DF 50 6C 51 26 51 FE 51 11 51 CF 50 1A 51 F2 50 86 50 82 50 FA 51 16 51 CA 50 AC 50 72 51 14 51 A2 50 A2 30 12 51 7F 40 F1 41 BE 41 A7 41 86 41 52 41 C6 40 FB 41 F0 41 C8 40 1B 41 CC 40 24 41 FC 40 B1 40 9A 41 9D 41 F8 40 56 41 AE 40 AF 40 5C 41 C3 40 C9 80 7C 15 00 01 C4 09 00 02 AC 0D 00 03 03 04 9A 05 9A 05 00 02 AC 0D 00 03 03 04 9A 05 68 41 2E 41 01 41 60 40 0B 40 2A 40 25 40 28 40 9A 40 26 40 19 40 FD 40 47 41 70 40 42 41 03 40 4F 41 A5 40 E6 40 21 40 50 40 37 41 32 40 E8 40 4B 81 94 11 00 01 C4 09 00 02 B8 0B 00 03 03 04 9A 05 03 04 9A 05 9A 05 9A 05 F1 81 88 13 00 01 D0 07 00 02 C4 09 00 03 03 04 9A 05 CF 41 D0 41 27 41 C1 40 D1 41 D2 41 31 41 BD 41 D3 41 26 40 D4 41 D5 41 C9 41 68 41 EE 40 4C 40 20 40 32 41 2C 40 F0 80 88 13 00 01 E8 03 00 02 C4 09 00 03 03 04 9A 05 00 00 00 00 00 00 00 00 00 00 00 00 00 00 00 00 00 00 00 00 00 00 00 00 00 00 00 00 00 00 00 00 00 00 00 00 00 00 00 00 00 00 00 00 00 00 00 00 00 00 00 00 00 00 00 00 00 00 00 00 00 00 00 00 00 00 00 00 00 00 00 00 00 00 00 00 00 00 00 00 00 00 00 00 00 00 00 00 00 00 AF B1 F2 D2 B1 30 99 25 7E
[407129][00:01:04.942]7E FF 02 FF BC 6C D7 58 68 05 02 03 75 E1 F1 4C 00 33 01 15 02 01 00 00 69 7F 94 F4 E0 F1 4C 62 90 E8 04 00 F4 B3 66 C9 33 20 00 00 12 74 72 FC 06 00 00 10 02 00 00 00 00 00 00 04 00 0F 62 10 00 64 30 00 09 81 09 37 12 00 02 01 0A D0 02 AA 02 30 00 39 00 C0 D5 00 59 33 00 41 24 32 00 00 00 00 54 37 08 4C FA 39 00 00 24 00 0E 50 15 50 1C 50 31 50 0C 50 04 50 87 50 8A 50 93 51 34 50 36 50 08 50 40 51 D8 50 62 50 3E 50 1A 50 06 50 BA 51 5D 50 29 50 39 51 75 50 7C 51 BC 50 D8 51 5B 50 D9 50 9D 50 80 50 2E 50 05 50 44 51 35 50 42 51 68 51 F8 51 2D 50 34 51 E1 50 0A 51 EE 50 53 50 68 50 29 51 2D 51 DF 50 6C 51 26 51 FE 51 11 51 CF 50 1A 51 F2 50 86 50 82 50 FA 51 16 51 CA 50 AC 50 72 51 14 51 A2 50 A2 30 12 51 7F 40 F1 41 BE 41 A7 41 86 41 52 41 C6 40 FB 41 F0 41 C8 40 1B 41 CC 40 24 41 FC 40 B1 40 9A 41 9D 41 F8 40 56 41 AE 40 AF 40 5C 41 C3 40 C9 80 7C 15 00 01 C4 09 00 02 AC 0D 00 03 03 04 9A 05 9A 05 00 02 AC 0D 00 03 03 04 9A 05 68 41 2E 41 01 41 60 40 0B 40 2A 40 25 40 28 40 9A 40 26 40 19 40 FD 40 47 41 70 40 42 41 03 40 4F 41 A5 40 E6 40 21 40 50 40 37 41 32 40 E8 40 4B 81 94 11 00 01 C4 09 00 02 B8 0B 00 03 03 04 9A 05 03 04 9A 05 9A 05 9A 05 F1 81 88 13 00 01 D0 07 00 02 C4 09 00 03 03 04 9A 05 CF 41 D0 41 27 41 C1 40 D1 41 D2 41 31 41 BD 41 D3 41 26 40 D4 41 D5 41 C9 41 68 41 EE 40 4C 40 20 40 32 41 2C 40 F0 80 88 13 00 01 E8 03 00 02 C4 09 00 03 03 04 9A 05 00 00 00 00 00 00 00 00 00 00 00 00 00 00 00 00 00 00 00 00 00 00 00 00 00 00 00 00 00 00 00 00 00 00 00 00 00 00 00 00 00 00 00 00 00 00 00 00 00 00 00 00 00 00 00 00 00 00 00 00 00 00 00 00 00 00 00 00 00 00 00 00 00 00 00 00 00 00 00 00 00 00 00 00 00 00 00 00 00 00 9D E5 04 15 7C 82 11 0A 7E
[407130][00:01:05.017]7E FF 02 FF BE 6C FB 58 68 05 09 03 28 9D FF 4C 00 33 01 15 02 01 00 00 69 7F 94 94 9C FF 4C 3E 90 E8 04 00 10 19 8E C9 33 20 00 00 12 74 72 FC 06 00 00 10 02 00 00 00 00 00 00 04 00 0F 3E 10 00 64 30 00 09 80 94 75 12 00 02 01 0A D0 02 AA 02 30 00 39 00 C0 D5 00 59 33 00 41 24 32 00 00 00 00 54 37 08 4C FA 39 00 00 24 00 0E 50 15 50 1C 50 31 50 0C 50 04 50 87 50 8A 50 93 51 34 50 36 50 08 50 40 51 D8 50 62 50 3E 50 1A 50 06 50 BA 51 5D 50 29 50 39 51 75 50 7C 51 BC 50 D8 51 5B 50 D9 50 9D 50 80 50 2E 50 05 50 44 51 35 50 42 51 68 51 F8 51 2D 50 34 51 E1 50 0A 51 EE 50 53 50 68 50 29 51 2D 51 DF 50 6C 51 26 51 FE 51 11 51 CF 50 1A 51 F2 50 86 50 82 50 FA 51 16 51 CA 50 AC 50 72 51 14 51 A2 50 A2 30 12 51 7F 40 F1 41 BE 41 A7 41 86 41 52 41 C6 40 FB 41 F0 41 C8 40 1B 41 CC 40 24 41 FC 40 B1 40 9A 41 9D 41 F8 40 56 41 AE 40 AF 40 5C 41 C3 40 C9 80 7C 15 00 01 C4 09 00 02 AC 0D 00 03 03 04 9A 05 9A 05 00 02 AC 0D 00 03 03 04 9A 05 68 41 2E 41 01 41 60 40 0B 40 2A 40 25 40 28 40 9A 40 26 40 19 40 FD 40 47 41 70 40 42 41 03 40 4F 41 A5 40 E6 40 21 40 50 40 37 41 32 40 E8 40 4B 81 94 11 00 01 C4 09 00 02 B8 0B 00 03 03 04 9A 05 03 04 9A 05 9A 05 9A 05 F1 81 88 13 00 01 D0 07 00 02 C4 09 00 03 03 04 9A 05 CF 41 D0 41 27 41 C1 40 D1 41 D2 41 31 41 BD 41 D3 41 26 40 D4 41 D5 41 C9 41 68 41 EE 40 4C 40 20 40 32 41 2C 40 F0 80 88 13 00 01 E8 03 00 02 C4 09 00 03 03 04 9A 05 00 00 00 00 00 00 00 00 00 00 00 00 00 00 00 00 00 00 00 00 00 00 00 00 00 00 00 00 00 00 00 00 00 00 00 00 00 00 00 00 00 00 00 00 00 00 00 00 00 00 00 00 00 00 00 00 00 00 00 00 00 00 00 00 00 00 00 00 00 00 00 00 00 00 00 00 00 00 00 00 00 00 00 00 00 00 00 00 00 00 E2 44 F4 C0 06 38 D9 D4 7E
[407131][00:01:05.063]7E FF 02 FF BF 6C 09 59 68 05 0A 03 75 F5 04 4D 00 34 01 15 02 01 00 00 69 7F 94 F0 F4 04 4D 3E 90 E8 04 00 B5 E8 8F C9 33 20 00 00 12 74 72 FC 06 00 00 10 02 00 00 00 00 00 00 04 00 0F 3E 10 00 64 30 00 09 80 94 75 12 00 02 01 0A D0 02 AA 02 30 00 39 00 C0 D5 00 59 33 00 41 24 32 00 00 00 00 54 37 08 4C FA 39 00 00 24 00 0E 50 15 50 1C 50 31 50 0C 50 04 50 87 50 8A 50 93 51 34 50 36 50 08 50 40 51 D8 50 62 50 3E 50 1A 50 06 50 BA 51 5D 50 29 50 39 51 75 50 7C 51 BC 50 D8 51 5B 50 D9 50 9D 50 80 50 2E 50 05 50 44 51 35 50 42 51 68 51 F8 51 2D 50 34 51 E1 50 0A 51 EE 50 53 50 68 50 29 51 2D 51 DF 50 6C 51 26 51 FE 51 11 51 CF 50 1A 51 F2 50 86 50 82 50 FA 51 16 51 CA 50 AC 50 72 51 14 51 A2 50 A2 30 12 51 7F 40 F1 41 BE 41 A7 41 86 41 52 41 C6 40 FB 41 F0 41 C8 40 1B 41 CC 40 24 41 FC 40 B1 40 9A 41 9D 41 F8 40 56 41 AE 40 AF 40 5C 41 C3 40 C9 80 7C 15 00 01 C4 09 00 02 AC 0D 00 03 03 04 9A 05 9A 05 00 02 AC 0D 00 03 03 04 9A 05 68 41 2E 41 01 41 60 40 0B 40 2A 40 25 40 28 40 9A 40 26 40 19 40 FD 40 47 41 70 40 42 41 03 40 4F 41 A5 40 E6 40 21 40 50 40 37 41 32 40 E8 40 4B 81 94 11 00 01 C4 09 00 02 B8 0B 00 03 03 04 9A 05 03 04 9A 05 9A 05 9A 05 F1 81 88 13 00 01 D0 07 00 02 C4 09 00 03 03 04 9A 05 CF 41 D0 41 27 41 C1 40 D1 41 D2 41 31 41 BD 41 D3 41 26 40 D4 41 D5 41 C9 41 68 41 EE 40 4C 40 20 40 32 41 2C 40 F0 80 88 13 00 01 E8 03 00 02 C4 09 00 03 03 04 9A 05 00 00 00 00 00 00 00 00 00 00 00 00 00 00 00 00 00 00 00 00 00 00 00 00 00 00 00 00 00 00 00 00 00 00 00 00 00 00 00 00 00 00 00 00 00 00 00 00 00 00 00 00 00 00 00 00 00 00 00 00 00 00 00 00 00 00 00 00 00 00 00 00 00 00 00 00 00 00 00 00 00 00 00 00 00 00 00 00 00 00 E2 44 F4 C0 E6 C3 D3 C7 7E
[407132][00:01:07.666]7E FF 02 FF C0 6C E2 63 68 05 EF 00 89 F2 01 51 00 35 01 14 02 01 00 01 69 7F 94 5E F0 FF 01 D4 17 E8 92 00 89 70 A6 E0 05 FF 2F 01 33 FC 00 EE 30 11 08 00 33 00 00 30 00 09 81 40 41 FF FF FF FF FF FF 08 00 00 00 5E 10 00 11 30 00 09 81 40 41 20 00 00 12 74 72 02 00 56 64 8B 00 10 01 A7 02 3D 00 00 00 00 00 01 30 9A B0 2C F5 01 02 52 FF BE 0D 06 87 26 90 9E 8F 80 75 7B 69 01 04 09 04 00 00 01 12 00 00 00 00 A0 00 00 20 00 00 00 80 08 20 2E 22 3C 00 00 00 20 10 3E 79 4B 39 1C 53 E2 31 16 05 40 3E 02 3A 09 3D 0D 09 0C 0C 3A 0C 3B 3D 0D 0E 0D 01 2D 3B 36 3C 0B 0E 0D 09 0B 0B 3E 0A 0C 0C 0F 0B 0A 0B 0F 0B 0C 0C 0C 0D 0D 0B 0D 0C 3D 0E 0B 0C 0C 0C 0A 0B 08 0C 0C 06 0C 0C 3A 0F 3C 0D 0B 06 0C 0B 0E 04 0C 0B 0F 0C 3B 09 0A 0E 0E 07 05 0E 29 0D 0E 0C 0C 0B 0D 0B 0B 0A 0B 05 09 0C 0C 07 0C 0B 0A 0A 0E 0E 3A 0E 0C 0B 0D 0E 0C 0E 0B 0E 0E 0C 0D 08 0C 0D 0D 0C 0D 0D 0C 0B 06 0E 0C 0D 09 0D 0B 0B 09 0B 06 33 0C 0D 5E 68 F1 96 00 00 00 00 00 00 00 00 00 00 00 00 00 00 00 00 00 00 00 00 00 00 00 00 00 00 00 00 00 00 00 00 00 00 00 00 00 00 00 00 00 00 00 00 00 00 00 00 00 00 00 00 00 00 00 00 00 00 00 00 00 00 00 00 00 00 00 00 00 00 00 00 00 00 00 00 00 00 00 00 00 00 00 00 00 00 00 00 00 00 00 00 00 00 00 00 00 00 00 00 00 00 00 00 00 00 00 00 00 00 00 00 00 00 00 00 00 00 00 00 00 00 00 00 00 00 00 00 00 00 00 00 00 00 00 00 00 00 00 00 00 00 00 00 00 00 00 00 00 00 00 00 00 00 00 00 00 00 00 00 00 00 00 00 00 00 00 00 00 00 00 00 00 00 00 00 00 00 00 00 00 00 00 00 00 00 00 00 00 00 00 00 00 00 00 00 00 00 00 00 00 00 00 00 00 00 00 00 00 00 00 00 00 00 00 00 00 00 00 00 00 00 00 00 00 00 00 00 00 00 00 00 00 00 00 00 00 00 00 00 00 00 00 00 00 00 BD 9C 2C EB 7E
[407133][00:01:07.681]7E FF 02 FF C1 6C 97 63 68 05 94 03 91 BD 0B 51 00 39 01 94 00 01 00 01 69 7F 94 20 F0 FF 01 99 12 79 42 00 E6 18 F1 00 02 FF 2F 01 5A 94 00 65 70 01 04 00 33 00 00 08 00 00 00 20 50 03 31 30 00 09 04 22 19 20 00 00 12 74 72 39 1C 02 0C 11 00 08 01 0F 00 2E 00 00 00 00 00 35 30 02 08 00 00 00 00 04 00 00 02 01 00 00 00 00 00 40 00 00 00 00 00 00 80 00 00 00 80 00 00 02 20 00 82 00 00 10 00 20 20 00 02 00 00 00 20 01 01 01 01 01 01 01 02 04 05 04 04 04 02 01 01 02 00 DD C6 A9 00 00 00 00 00 00 00 00 00 00 00 46 62 28 BF 7E
[407134][00:01:07.697]7E FF 02 FF C2 6C A3 63 68 05 2E 01 D8 16 10 51 00 36 00 94 00 01 00 01 69 7F 94 20 F0 FF 01 99 12 79 42 00 E6 18 F1 00 02 FF 2F 01 5B 94 00 65 70 01 04 00 33 00 00 08 00 00 00 20 50 03 31 30 00 09 04 22 19 20 00 00 12 74 72 39 00 00 00 11 00 08 01 0C 00 2E 00 00 00 00 00 35 30 02 08 00 00 00 00 04 00 00 02 01 00 00 00 00 00 40 00 00 00 00 00 00 80 00 00 00 80 00 00 02 20 00 82 00 00 10 00 20 20 00 02 00 00 00 20 01 01 01 01 01 01 01 02 04 05 04 04 04 02 01 01 02 26 0A 09 B5 00 00 00 00 00 00 00 00 00 00 00 2B 6E 2C CA 7E
[407135][00:01:07.757]7E FF 02 FF C3 6C AD 63 68 05 DF 01 B8 F8 13 51 00 00 03 14 02 01 00 01 69 7F 94 01 F0 FF 01 5A 16 04 83 00 F5 5B 57 10 00 FF 2F 01 EE AF 00 FA 88 11 00 00 33 00 00 08 00 00 00 01 00 00 04 20 00 00 12 74 72 20 00 00 12 74 72 00 00 64 64 99 00 3E 00 AC 02 3D 00 64 00 00 00 FC FF FF FF 7F DD 7F 6F FF 0F 00 C6 46 90 00 09 81 15 04 00 00 02 09 80 22 40 00 05 02 00 20 00 BC 6D 09 20 21 11 12 05 11 24 80 01 D4 C6 50 00 00 00 1E 7C 4A 31 04 01 42 00 00 00 40 28 46 3D 68 6D 0E 16 27 26 09 3E 0A 2B 08 44 05 0E 05 04 62 25 58 04 79 42 4F 62 07 0F 0C 49 26 11 2E 07 20 07 0F 0C 12 3A 32 41 08 41 09 1E 49 47 4B 03 03 02 07 02 65 03 0C 04 0D 05 01 35 0B 0C 29 07 01 00 00 0E 0F 04 5A 00 00 00 00 00 0D 2D 05 50 00 03 06 07 0B 1C 0B 02 01 18 00 00 14 07 0D 08 00 00 0E 10 02 01 07 0C 03 01 09 09 01 05 17 03 01 07 1C 23 09 01 00 08 09 01 00 03 01 01 03 00 03 02 0A 0D 52 0F 05 00 0B 00 00 00 01 00 0E 0B 0D 07 01 00 01 0B 28 F8 A0 A4 00 00 00 00 00 00 00 00 00 00 00 00 00 00 00 00 00 00 00 00 00 00 00 00 00 00 00 00 00 00 00 00 00 00 00 00 00 00 00 00 00 00 00 00 00 00 00 00 00 00 00 00 00 00 00 00 00 00 00 00 00 00 00 00 00 00 00 00 00 00 00 00 00 00 00 00 00 00 00 00 00 00 00 00 00 00 00 00 00 00 00 00 00 00 00 00 00 00 00 00 00 00 00 00 00 00 00 00 00 00 00 00 00 00 00 00 00 00 00 00 00 00 00 00 00 00 00 00 00 00 00 00 00 00 00 00 00 00 00 00 00 00 00 00 00 00 00 00 00 00 00 00 00 00 00 00 00 00 00 00 00 00 00 00 00 00 00 00 00 00 00 00 00 00 00 00 00 00 00 00 00 00 00 00 00 00 00 00 00 00 00 00 00 00 00 00 00 00 00 00 00 00 00 00 00 00 00 00 00 00 00 00 00 00 00 00 00 00 00 00 00 00 00 00 00 00 00 00 00 00 00 00 00 00 00 00 00 00 00 00 00 00 00 00 00 00 7C 94 9E AB 7E
[407136][00:01:07.757]7E FF 02 FF C4 6C C4 63 68 05 36 01 B0 B2 1C 51 00 00 03 10 00 01 00 03 69 7F 94 F0 0C AC 2C 00 00 00 10 02 2D 6E 44 6F 8B F8 9A 7E
[407137][00:01:07.757]7E FF 02 FF C5 6C EB 63 68 05 0B 03 DD B5 2A 51 01 22 0D 10 00 01 00 02 69 7F 94 00 01 80 0D 00 A6 04 00 00 3F 4D 0D F4 4F EA B3 7E
[407138][00:01:07.772]7E FF 02 FF C6 6C FC 63 68 05 45 01 2D 72 30 51 01 22 10 94 00 01 00 01 69 7F 94 01 80 0D 01 E8 30 00 10 00 0E B5 D2 10 00 D8 00 05 F3 AF 00 34 88 FF 00 00 33 00 00 01 00 00 00 30 00 09 04 92 38 20 00 00 12 74 72 0A 02 01 21 D8 00 01 01 63 54 20 45 E1 93 04 00 01 00 00 00 09 46 00 00 00 00 00 00 00 00 00 00 00 00 00 00 D6 29 BB EB 00 00 00 00 00 00 00 00 00 00 00 00 00 00 00 00 00 00 00 00 00 00 00 00 00 00 00 00 00 00 00 00 00 00 00 00 00 00 00 00 00 00 00 00 00 00 00 00 00 00 00 00 00 00 00 00 00 00 00 00 C6 57 36 62 7E
[407139][00:01:08.102]7E FF 02 FF C7 6C 53 65 68 05 60 03 D9 18 B5 51 00 37 00 94 00 01 00 01 69 7F 94 00 D0 12 01 FC 13 79 40 00 EF 6E 74 00 00 2D 01 0A 43 33 00 5C 70 EF 0C 00 33 00 00 30 00 09 04 02 59 FF FF FF FF FF FF 00 00 00 00 30 00 09 04 02 59 2D 01 00 00 00 00 00 00 00 00 39 03 00 01 70 56 11 45 E8 07 02 12 09 23 07 03 01 00 01 01 00 02 02 00 0D 00 00 09 03 31 17 6E 54 4E 59 58 0E 00 0E 00 00 00 00 00 05 00 00 00 2A 77 F3 41 F1 1F 10 DC B5 85 1A 00 00 31 44 59 58 03 FB C1 01 9C 02 01 7B B4 A9 9B 00 00 00 00 00 00 00 00 F8 E0 7E DE 7E
[407140][00:01:08.612]7E FF 02 FF C8 6C 59 67 68 05 61 01 96 82 7A 52 00 FE 03 54 00 01 00 01 69 7F 94 01 60 00 03 B6 12 40 E0 00 46 9A D7 10 00 44 01 0A EF AF 30 10 88 FF 00 00 33 00 00 11 A1 00 00 01 23 CB 07 30 00 09 05 39 38 03 02 98 70 F2 B3 00 00 00 00 00 00 00 00 00 00 00 00 00 00 00 00 00 00 00 00 00 00 00 00 00 00 00 00 00 00 00 00 3A 6E 62 45 7E
[407141][00:01:08.657]7E FF 02 FF C9 6C 8F 67 68 05 A2 00 11 09 8F 52 00 FD 03 54 00 01 00 01 69 7F 94 01 60 00 03 B6 12 40 E4 00 57 98 53 10 00 44 01 0A EF AF 30 10 88 FF 00 00 33 00 00 11 A1 00 00 01 23 CB 07 30 00 09 05 39 38 03 02 98 70 F2 B3 00 00 00 00 00 00 00 00 00 00 00 00 00 00 00 00 00 00 00 00 00 00 00 00 00 00 00 00 00 00 00 00 6F 36 05 D9 7E
[407142][00:01:08.717]7E FF 02 FF CA 6C C0 67 68 05 B6 03 07 05 A2 52 00 FD 03 54 00 01 00 01 69 7F 94 01 60 00 03 B6 12 40 E4 00 57 98 53 10 00 44 01 0A EF AF 30 10 88 FF 00 00 33 00 00 11 A1 00 00 01 23 CB 07 30 00 09 05 39 38 03 02 98 70 F2 B3 00 00 00 00 00 00 00 00 00 00 00 00 00 00 00 00 00 00 00 00 00 00 00 00 00 00 00 00 00 00 00 00 EF 25 4F 2B 7E
[407143][00:01:08.763]7E FF 02 FF CB 6C ED 67 68 05 62 01 84 F5 B2 52 00 FD 03 54 00 01 00 01 69 7F 94 01 60 00 03 B6 12 40 E4 00 57 98 53 10 00 44 01 0A EF AF 30 10 88 FF 00 00 33 00 00 11 A1 00 00 01 23 CB 07 30 00 09 05 39 38 03 02 98 70 F2 B3 00 00 00 00 00 00 00 00 00 00 00 00 00 00 00 00 00 00 00 00 00 00 00 00 00 00 00 00 00 00 00 00 DA 6D 1F 6C 7E
[407144][00:01:08.808]7E FF 02 FF CC 6C 1D 68 68 05 51 01 2A 44 C5 52 00 FD 03 54 00 01 00 01 69 7F 94 01 60 00 03 B6 12 40 E4 00 57 98 53 10 00 44 01 0A EF AF 30 10 88 FF 00 00 33 00 00 11 A1 00 00 01 23 CB 07 30 00 09 05 39 38 03 02 98 70 F2 B3 00 00 00 00 00 00 00 00 00 00 00 00 00 00 00 00 00 00 00 00 00 00 00 00 00 00 00 00 00 00 00 00 A7 57 67 7F 7E
[407145][00:01:08.823]7E FF 02 FF CD 6C 23 68 68 05 60 02 BE A7 C7 52 00 38 00 94 00 01 00 01 69 7F 94 00 A0 10 01 FC 13 79 40 00 8D 52 FE 00 00 0A 01 0A FF EE 00 5C 70 EF 0C 00 33 00 00 30 00 09 04 16 28 FF FF FF FF FF FF 00 00 00 00 30 00 09 04 16 28 0A 01 00 00 00 00 00 00 00 00 39 03 00 01 63 93 12 45 E8 07 02 12 09 23 07 03 01 00 01 01 00 02 02 00 0D 00 00 09 03 31 17 6E 54 4E 59 58 0E 00 0E 00 00 00 00 00 04 00 00 00 E6 FE B7 47 68 26 71 5C 61 77 1A 00 00 31 44 59 58 03 FB C1 01 9C 02 01 C7 48 E8 9F 00 00 00 00 00 00 00 00 9A B7 0C F7 7E
[407146][00:01:08.914]7E FF 02 FF CE 6C F5 68 68 05 44 00 B3 6A F1 52 00 FD 03 54 00 01 00 01 69 7F 94 01 60 00 03 B6 12 40 E4 00 57 98 53 10 00 44 01 0A EF AF 30 10 88 FF 00 00 33 00 00 11 A1 00 00 01 23 CB 07 30 00 09 05 39 38 03 02 98 70 F2 B3 00 00 00 00 00 00 00 00 00 00 00 00 00 00 00 00 00 00 00 00 00 00 00 00 00 00 00 00 00 00 00 00 85 9F CC B8 7E
[407147][00:01:09.048]7E FF 02 FF CF 6C 0E 69 68 05 34 02 A5 47 21 53 00 38 00 94 00 01 00 01 69 7F 94 49 A0 10 01 FC 13 79 44 00 DD 50 CA 90 04 0A 01 04 C4 B0 00 43 70 EF 04 00 33 00 00 07 00 00 00 49 00 49 00 82 00 37 00 02 48 40 00 01 28 0C 00 01 32 29 20 89 61 01 40 CE 80 04 00 06 58 50 CA 6A D7 0A A1 26 2E 7F B6 02 82 46 04 1E 20 A2 60 40 12 80 00 00 30 04 08 00 00 00 00 00 00 40 DC DB D2 D1 00 00 00 00 00 00 00 00 00 00 00 00 00 00 00 00 00 00 00 00 00 00 00 00 00 00 00 00 00 00 00 00 00 00 00 00 00 00 00 00 00 00 00 00 00 89 07 DF CB 7E
[407148][00:01:09.078]7E FF 02 FF D0 6C 2C 69 68 05 41 02 45 BB 2C 53 00 FE 03 54 00 01 00 01 69 7F 94 01 60 00 03 B6 12 40 E4 00 57 98 53 10 00 44 01 0A EF AF 30 10 88 FF 00 00 33 00 00 11 A1 00 00 01 23 CB 07 30 00 09 05 39 38 03 02 98 70 F2 B3 00 00 00 00 00 00 00 00 00 00 00 00 00 00 00 00 00 00 00 00 00 00 00 00 00 00 00 00 00 00 00 00 25 32 FD 98 7E
[407149][00:01:09.229]7E FF 02 FF D1 6C 20 6A 68 05 72 02 FA AE 63 53 00 37 00 94 00 01 00 01 69 7F 94 00 A0 10 01 FC 13 79 44 00 9C 50 7A 00 00 0A 01 0A FF EE 00 5C 70 EF 0C 00 33 00 00 30 00 09 04 16 28 FF FF FF FF FF FF 00 00 00 00 30 00 09 04 16 28 0A 01 00 00 00 00 00 00 00 00 39 03 00 01 63 93 12 45 E8 07 02 12 09 23 07 03 01 00 01 01 00 02 02 00 0D 00 00 09 03 31 17 6E 54 4E 59 58 0E 00 0E 00 00 00 00 00 04 00 00 00 E6 FE B7 47 68 26 71 5C 61 77 1A 00 00 31 44 59 58 03 FB C1 01 9C 02 01 C7 48 E8 9F 00 00 00 00 00 00 00 00 27 2F 9D 07 7E
[407150][00:01:09.244]7E FF 02 FF D2 6C D6 69 68 05 FB 01 12 8D 6D 53 00 FD 03 54 00 01 00 01 69 7F 94 01 60 00 03 B6 12 40 E4 00 57 98 53 10 00 44 01 0A EF AF 30 10 88 FF 00 00 33 00 00 11 A1 00 00 01 23 CB 07 30 00 09 05 39 38 03 02 98 70 F2 B3 00 00 00 00 00 00 00 00 00 00 00 00 00 00 00 00 00 00 00 00 00 00 00 00 00 00 00 00 00 00 00 00 28 12 22 6F 7E
[407151][00:01:09.319]7E FF 02 FF D3 6C 01 6A 68 05 C0 02 3A 09 7E 53 00 38 00 14 01 01 00 01 69 7F 94 D8 F0 FF 01 0D 15 EB C2 00 32 9F 0C 80 0D FF 2F 01 FD 16 00 9C 10 FF 08 00 33 00 00 30 00 15 61 49 26 FF FF FF FF FF FF 08 00 00 00 D8 10 00 12 30 00 15 61 49 26 20 00 00 12 74 72 03 00 00 00 36 00 3B 01 A4 02 40 00 00 00 00 00 01 30 08 01 00 00 03 49 00 00 40 02 80 00 08 40 00 40 4A 08 00 00 02 00 14 02 21 40 00 8C 02 08 23 C4 02 04 00 00 00 C2 B2 32 80 09 80 04 00 10 00 00 00 00 00 00 00 00 00 00 00 00 00 00 00 00 00 10 0C 1B 18 05 07 0B 6D 07 54 0A 01 0E 0B 04 35 4F 0B 01 26 0B 01 05 50 45 30 02 53 3E 04 1E 33 0B 02 1D 08 34 55 03 1D 07 13 39 32 3A 1E 35 11 0A 05 0A 2E 15 02 08 28 C1 27 71 00 00 00 00 00 00 00 00 00 00 00 00 00 00 00 00 00 00 00 00 00 00 00 00 00 00 00 00 00 00 00 00 00 00 00 00 00 00 00 00 00 00 00 00 00 00 00 00 00 00 00 00 00 00 00 00 00 00 00 00 00 00 00 00 00 00 00 00 00 00 00 00 9B E1 6A CB 7E
[407152][00:01:09.319]7E FF 02 FF D4 6C 1E 6A 68 05 16 02 05 08 89 53 00 FE 03 54 00 01 00 01 69 7F 94 01 60 00 03 B6 12 40 E4 00 57 98 53 10 00 44 01 0A EF AF 30 10 88 FF 00 00 33 00 00 11 A1 00 00 01 23 CB 07 30 00 09 05 39 38 03 02 98 70 F2 B3 00 00 00 00 00 00 00 00 00 00 00 00 00 00 00 00 00 00 00 00 00 00 00 00 00 00 00 00 00 00 00 00 2D 6E 3C E5 7E
[407153][00:01:09.365]7E FF 02 FF D5 6C 54 6A 68 05 48 02 77 A6 9D 53 00 FD 03 54 00 01 00 01 69 7F 94 01 60 00 03 B6 12 40 E4 00 57 98 53 10 00 44 01 0A EF AF 30 10 88 FF 00 00 33 00 00 11 A1 00 00 01 23 CB 07 30 00 09 05 39 38 03 02 98 70 F2 B3 00 00 00 00 00 00 00 00 00 00 00 00 00 00 00 00 00 00 00 00 00 00 00 00 00 00 00 00 00 00 00 00 1B 3C 20 A0 7E
[407154][00:01:09.440]7E FF 02 FF D6 6C 7B 6A 68 05 7F 03 CE A4 AC 53 00 FD 03 14 01 01 00 01 69 7F 94 01 60 00 03 27 16 EB C0 00 98 5E C8 10 00 16 01 03 F0 AF 30 74 88 FF 00 00 33 00 00 11 03 00 00 01 02 83 06 CD 1E 28 0A FE FE FE FE 68 62 00 43 05 92 24 54 06 00 30 10 14 08 10 00 3E 05 03 35 50 02 02 00 01 20 21 02 00 1C 07 EA 06 1D 0B 00 00 08 00 20 21 02 00 00 20 01 04 00 00 20 00 02 00 00 20 01 02 00 00 20 04 02 00 00 20 0A 02 00 00 00 10 02 01 00 00 20 02 01 00 01 10 F0 D5 56 98 83 8E 08 15 8F 01 3B 87 D4 9A 8C D7 F4 0D 16 12 0D 5A 73 00 00 00 00 00 00 00 00 00 00 00 00 00 00 00 00 00 00 00 00 00 00 00 00 00 00 00 00 00 00 00 00 00 00 00 00 00 00 00 00 00 00 00 00 00 00 00 00 00 00 00 00 00 00 00 00 00 00 00 00 00 00 00 00 00 00 00 00 00 00 00 00 00 00 00 00 00 00 00 00 00 00 00 00 00 00 00 00 00 00 00 00 00 00 00 00 00 00 00 00 00 00 00 00 00 00 00 00 00 00 00 00 00 00 00 00 00 00 00 00 00 00 00 00 EA 34 4C 7F 7E
[407155][00:01:09.485]7E FF 02 FF D7 6C AA 6A 68 05 ED 02 19 84 BE 53 00 FE 03 14 01 01 00 01 69 7F 94 01 60 00 03 27 16 EB C4 00 89 5C 4C 10 00 16 01 03 F0 AF 30 74 88 FF 00 00 33 00 00 11 03 00 00 01 02 83 06 CD 1E 28 0A FE FE FE FE 68 62 00 43 05 92 24 54 06 00 30 10 14 08 10 00 3E 05 03 35 50 02 02 00 01 20 21 02 00 1C 07 EA 06 1D 0B 00 00 08 00 20 21 02 00 00 20 01 04 00 00 20 00 02 00 00 20 01 02 00 00 20 04 02 00 00 20 0A 02 00 00 00 10 02 01 00 00 20 02 01 00 01 10 F0 D5 56 98 83 8E 08 15 8F 01 3B 87 D4 9A 8C D7 F4 0D 16 12 0D 5A 73 00 00 00 00 00 00 00 00 00 00 00 00 00 00 00 00 00 00 00 00 00 00 00 00 00 00 00 00 00 00 00 00 00 00 00 00 00 00 00 00 00 00 00 00 00 00 00 00 00 00 00 00 00 00 00 00 00 00 00 00 00 00 00 00 00 00 00 00 00 00 00 00 00 00 00 00 00 00 00 00 00 00 00 00 00 00 00 00 00 00 00 00 00 00 00 00 00 00 00 00 00 00 00 00 00 00 00 00 00 00 00 00 00 00 00 00 00 00 00 00 00 00 00 00 90 54 15 AF 7E
[407156][00:01:09.531]7E FF 02 FF D8 6C DF 6A 68 05 19 02 57 A7 D2 53 00 FE 03 14 01 01 00 01 69 7F 94 01 60 00 03 27 16 EB C4 00 89 5C 4C 10 00 16 01 03 F0 AF 30 74 88 FF 00 00 33 00 00 11 03 00 00 01 02 83 06 CD 1E 28 0A FE FE FE FE 68 62 00 43 05 92 24 54 06 00 30 10 14 08 10 00 3E 05 03 35 50 02 02 00 01 20 21 02 00 1C 07 EA 06 1D 0B 00 00 08 00 20 21 02 00 00 20 01 04 00 00 20 00 02 00 00 20 01 02 00 00 20 04 02 00 00 20 0A 02 00 00 00 10 02 01 00 00 20 02 01 00 01 10 F0 D5 56 98 83 8E 08 15 8F 01 3B 87 D4 9A 8C D7 F4 0D 16 12 0D 5A 73 00 00 00 00 00 00 00 00 00 00 00 00 00 00 00 00 00 00 00 00 00 00 00 00 00 00 00 00 00 00 00 00 00 00 00 00 00 00 00 00 00 00 00 00 00 00 00 00 00 00 00 00 00 00 00 00 00 00 00 00 00 00 00 00 00 00 00 00 00 00 00 00 00 00 00 00 00 00 00 00 00 00 00 00 00 00 00 00 00 00 00 00 00 00 00 00 00 00 00 00 00 00 00 00 00 00 00 00 00 00 00 00 00 00 00 00 00 00 00 00 00 00 00 00 E4 6F 05 60 7E
[407157][00:01:09.577]7E FF 02 FF D9 6C 0B 6B 68 05 6D 01 58 5F E3 53 00 FE 03 14 01 01 00 01 69 7F 94 01 60 00 03 27 16 EB C0 00 98 5E C8 10 00 FC 00 03 F1 AF 30 74 88 FF 00 00 33 00 00 11 03 00 00 01 02 83 06 CB 1E 28 0A FE FE FE FE 68 62 00 43 05 30 05 54 06 00 30 10 7A 5B 10 00 3E 05 03 33 50 02 02 00 01 20 21 02 00 1C 07 EA 06 1D 0B 00 00 08 00 20 21 02 00 00 20 01 04 00 00 20 00 02 00 00 20 01 02 00 00 20 04 02 00 00 20 0A 02 00 00 00 10 02 01 00 00 20 02 01 00 01 10 F0 D5 56 98 83 8E 08 15 8F 01 3B 87 D4 9A 8C D7 37 E6 16 3D 09 3F D1 00 00 00 00 00 00 00 00 00 00 00 00 00 00 00 00 00 00 00 00 00 00 00 00 00 00 00 00 00 00 00 00 00 00 00 00 00 00 00 00 00 00 00 00 00 00 00 00 00 00 00 00 00 00 00 00 00 00 00 00 00 00 00 00 00 00 00 00 00 00 00 00 00 00 00 00 00 00 00 00 00 00 00 00 00 00 00 00 00 00 00 00 00 00 00 00 00 00 00 00 00 00 00 00 00 00 00 00 00 00 00 00 00 00 00 00 00 00 00 00 00 00 00 00 EC 23 AD 23 7E
[407158][00:01:09.592]7E FF 02 FF DA 6C 2D 6B 68 05 5C 03 B2 88 F0 53 00 37 00 94 00 01 00 01 69 7F 94 00 D0 12 01 FC 13 79 44 00 FE 6C F0 00 00 2D 01 0A 43 33 00 5C 70 EF 0C 00 33 00 00 30 00 09 04 02 59 FF FF FF FF FF FF 00 00 00 00 30 00 09 04 02 59 2D 01 00 00 00 00 00 00 00 00 39 03 00 01 70 56 11 45 E8 07 02 12 09 23 07 03 01 00 01 01 00 02 02 00 0D 00 00 09 03 31 17 6E 54 4E 59 58 0E 00 0E 00 00 00 00 00 05 00 00 00 2A 77 F3 41 F1 1F 10 DC B5 85 1A 00 00 31 44 59 58 03 FB C1 01 9C 02 01 7B B4 A9 9B 00 00 00 00 00 00 00 00 94 EA FE 4B 7E
[407159][00:01:09.607]7E FF 02 FF DB 6C B3 6B 68 05 F0 00 2C 4A FD 53 00 37 00 10 00 01 00 03 69 7F 94 F0 0C 21 25 00 00 00 10 02 24 0D 55 97 C3 1F AA 7E
[407160][00:01:09.712]7E FF 02 FF DC 6C A1 6B 68 05 2C 01 92 92 1C 54 00 3B 00 94 00 01 00 01 69 7F 94 49 A0 10 01 FC 13 79 40 00 CC 52 4E 90 04 0A 01 04 C6 B0 00 43 70 EF 04 00 33 00 00 07 00 00 00 49 00 49 00 8B 00 37 00 02 48 40 00 01 28 0C 00 01 32 29 20 89 61 01 40 CE 80 04 00 06 D8 50 CA 6A D7 0A A1 26 2E 7F B7 02 82 46 04 1E 20 A2 60 40 12 80 00 00 30 04 08 00 00 00 04 00 00 40 0E C4 9A BC 00 00 00 00 00 00 00 00 00 00 00 00 00 00 00 00 00 00 00 00 00 00 00 00 00 00 00 00 00 00 00 00 00 00 00 00 00 00 00 00 00 00 00 00 00 F6 8B 25 F6 7E
[407161][00:01:09.921]7E FF 02 FF DD 6C 6A 6C 68 05 43 00 6B 28 69 54 00 36 00 94 00 01 00 01 69 7F 94 49 A0 10 01 FC 13 79 44 00 DD 50 CA 90 04 0A 01 04 C6 B0 00 43 70 EF 04 00 33 00 00 07 00 00 00 49 00 49 00 8B 00 37 00 02 48 40 00 01 28 0C 00 01 32 29 20 89 61 01 40 CE 80 04 00 06 D8 50 CA 6A D7 0A A1 26 2E 7F B7 02 82 46 04 1E 20 A2 60 40 12 80 00 00 30 04 08 00 00 00 04 00 00 40 0E C4 9A BC 00 00 00 00 00 00 00 00 00 00 00 00 00 00 00 00 00 00 00 00 00 00 00 00 00 00 00 00 00 00 00 00 00 00 00 00 00 00 00 00 00 00 00 00 00 B8 0C 69 EE 7E
[407162][00:01:09.982]7E FF 02 FF DE 6C AE 6C 68 05 53 01 A8 33 83 54 00 37 00 94 00 01 00 01 69 7F 94 00 D0 12 01 FC 13 79 44 00 FE 6C F0 00 00 2D 01 0A 43 33 00 5C 70 EF 0C 00 33 00 00 30 00 09 04 02 59 FF FF FF FF FF FF 00 00 00 00 30 00 09 04 02 59 2D 01 00 00 00 00 00 00 00 00 39 03 00 01 70 56 11 45 E8 07 02 12 09 23 07 03 01 00 01 01 00 02 02 00 0D 00 00 09 03 31 17 6E 54 4E 59 58 0E 00 0E 00 00 00 00 00 05 00 00 00 2A 77 F3 41 F1 1F 10 DC B5 85 1A 00 00 31 44 59 58 03 FB C1 01 9C 02 01 7B B4 A9 9B 00 00 00 00 00 00 00 00 32 71 8C 2F 7E
[407163][00:01:10.326]7E FF 02 FF DF 6C 6E 6E 68 05 7F 01 BD F9 07 55 00 39 00 94 00 01 00 01 69 7F 94 49 F0 FF 01 99 12 79 42 00 83 18 51 90 04 FF 2F 01 C7 B0 00 6A 70 01 04 00 33 00 00 08 00 00 00 49 A0 10 42 30 00 09 03 55 07 20 00 00 12 74 72 39 00 00 00 1A 00 08 01 0D 00 2A 00 00 00 00 00 0A 31 00 00 00 00 01 00 00 00 00 20 09 00 00 01 00 00 4C 80 00 00 02 00 00 08 00 01 02 A0 20 00 60 20 00 82 00 00 10 20 20 20 00 02 01 02 01 01 01 03 01 03 01 01 03 01 01 02 05 01 02 01 02 01 01 03 01 02 01 02 D0 E4 AB 3D 00 00 00 00 00 00 AB 4A 04 51 7E
[407164][00:01:10.640]7E FF 02 FF E0 6C 97 6F 68 05 33 01 99 3D 79 55 00 FD 03 14 01 01 00 01 69 7F 94 01 60 00 03 27 16 EB C4 00 89 5C 4C 10 00 FC 00 03 F1 AF 30 74 88 FF 00 00 33 00 00 11 03 00 00 01 02 83 06 CB 1E 28 0A FE FE FE FE 68 62 00 43 05 30 05 54 06 00 30 10 7A 5B 10 00 3E 05 03 33 50 02 02 00 01 20 21 02 00 1C 07 EA 06 1D 0B 00 00 08 00 20 21 02 00 00 20 01 04 00 00 20 00 02 00 00 20 01 02 00 00 20 04 02 00 00 20 0A 02 00 00 00 10 02 01 00 00 20 02 01 00 01 10 F0 D5 56 98 83 8E 08 15 8F 01 3B 87 D4 9A 8C D7 37 E6 16 3D 09 3F D1 00 00 00 00 00 00 00 00 00 00 00 00 00 00 00 00 00 00 00 00 00 00 00 00 00 00 00 00 00 00 00 00 00 00 00 00 00 00 00 00 00 00 00 00 00 00 00 00 00 00 00 00 00 00 00 00 00 00 00 00 00 00 00 00 00 00 00 00 00 00 00 00 00 00 00 00 00 00 00 00 00 00 00 00 00 00 00 00 00 00 00 00 00 00 00 00 00 00 00 00 00 00 00 00 00 00 00 00 00 00 00 00 00 00 00 00 00 00 00 00 00 00 00 00 05 65 88 92 7E
[407165][00:01:10.685]7E FF 02 FF E1 6C 5D 6F 68 05 DF 03 82 84 89 55 00 FD 03 14 01 01 00 01 69 7F 94 01 60 00 03 27 16 EB C4 00 89 5C 4C 10 00 FC 00 03 F1 AF 30 74 88 FF 00 00 33 00 00 11 03 00 00 01 02 83 06 CB 1E 28 0A FE FE FE FE 68 62 00 43 05 30 05 54 06 00 30 10 7A 5B 10 00 3E 05 03 33 50 02 02 00 01 20 21 02 00 1C 07 EA 06 1D 0B 00 00 08 00 20 21 02 00 00 20 01 04 00 00 20 00 02 00 00 20 01 02 00 00 20 04 02 00 00 20 0A 02 00 00 00 10 02 01 00 00 20 02 01 00 01 10 F0 D5 56 98 83 8E 08 15 8F 01 3B 87 D4 9A 8C D7 37 E6 16 3D 09 3F D1 00 00 00 00 00 00 00 00 00 00 00 00 00 00 00 00 00 00 00 00 00 00 00 00 00 00 00 00 00 00 00 00 00 00 00 00 00 00 00 00 00 00 00 00 00 00 00 00 00 00 00 00 00 00 00 00 00 00 00 00 00 00 00 00 00 00 00 00 00 00 00 00 00 00 00 00 00 00 00 00 00 00 00 00 00 00 00 00 00 00 00 00 00 00 00 00 00 00 00 00 00 00 00 00 00 00 00 00 00 00 00 00 00 00 00 00 00 00 00 00 00 00 00 00 46 95 E7 C0 7E
[407166][00:01:10.746]7E FF 02 FF E2 6C 91 6F 68 05 B3 02 2B 3D 9D 55 00 FE 03 14 01 01 00 01 69 7F 94 01 60 00 03 27 16 EB C0 00 98 5E C8 10 00 1A 01 0A F2 AF 30 74 88 FF 00 00 33 00 00 11 03 00 00 01 02 83 06 CC 1E 28 0A FE FE FE FE 68 62 00 43 05 90 24 54 06 00 30 10 AF 3F 10 00 3E 05 03 34 50 02 02 00 01 20 21 02 00 1C 07 EA 06 1D 0B 00 00 08 00 20 21 02 00 00 20 01 04 00 00 20 00 02 00 00 20 01 02 00 00 20 04 02 00 00 20 0A 02 00 00 00 10 02 01 00 00 20 02 01 00 01 10 F0 D5 56 98 83 8E 08 15 8F 01 3B 87 D4 9A 8C D7 53 5D 16 0E 3F 73 C6 00 00 00 00 00 00 00 00 00 00 00 00 00 00 00 00 00 00 00 00 00 00 00 00 00 00 00 00 00 00 00 00 00 00 00 00 00 00 00 00 00 00 00 00 00 00 00 00 00 00 00 00 00 00 00 00 00 00 00 00 00 00 00 00 00 00 00 00 00 00 00 00 00 00 00 00 00 00 00 00 00 00 00 00 00 00 00 00 00 00 00 00 00 00 00 00 00 00 00 00 00 00 00 00 00 00 00 00 00 00 00 00 00 00 00 00 00 00 00 00 00 00 00 00 C2 AA 49 C7 7E
[407167][00:01:10.791]7E FF 02 FF E3 6C CA 6F 68 05 8E 00 F3 C5 B2 55 00 FD 03 14 01 01 00 01 69 7F 94 01 60 00 03 27 16 EB C4 00 89 5C 4C 10 00 1A 01 0A F2 AF 30 74 88 FF 00 00 33 00 00 11 03 00 00 01 02 83 06 CC 1E 28 0A FE FE FE FE 68 62 00 43 05 90 24 54 06 00 30 10 AF 3F 10 00 3E 05 03 34 50 02 02 00 01 20 21 02 00 1C 07 EA 06 1D 0B 00 00 08 00 20 21 02 00 00 20 01 04 00 00 20 00 02 00 00 20 01 02 00 00 20 04 02 00 00 20 0A 02 00 00 00 10 02 01 00 00 20 02 01 00 01 10 F0 D5 56 98 83 8E 08 15 8F 01 3B 87 D4 9A 8C D7 53 5D 16 0E 3F 73 C6 00 00 00 00 00 00 00 00 00 00 00 00 00 00 00 00 00 00 00 00 00 00 00 00 00 00 00 00 00 00 00 00 00 00 00 00 00 00 00 00 00 00 00 00 00 00 00 00 00 00 00 00 00 00 00 00 00 00 00 00 00 00 00 00 00 00 00 00 00 00 00 00 00 00 00 00 00 00 00 00 00 00 00 00 00 00 00 00 00 00 00 00 00 00 00 00 00 00 00 00 00 00 00 00 00 00 00 00 00 00 00 00 00 00 00 00 00 00 00 00 00 00 00 00 94 4D A7 1D 7E
[407168][00:01:10.882]7E FF 02 FF E4 6C 1D 70 68 05 25 01 EF 7F D2 55 00 FE 03 14 01 01 00 01 69 7F 94 01 60 00 03 27 16 EB C4 00 89 5C 4C 10 00 1A 01 0A F2 AF 30 74 88 FF 00 00 33 00 00 11 03 00 00 01 02 83 06 CC 1E 28 0A FE FE FE FE 68 62 00 43 05 90 24 54 06 00 30 10 AF 3F 10 00 3E 05 03 34 50 02 02 00 01 20 21 02 00 1C 07 EA 06 1D 0B 00 00 08 00 20 21 02 00 00 20 01 04 00 00 20 00 02 00 00 20 01 02 00 00 20 04 02 00 00 20 0A 02 00 00 00 10 02 01 00 00 20 02 01 00 01 10 F0 D5 56 98 83 8E 08 15 8F 01 3B 87 D4 9A 8C D7 53 5D 16 0E 3F 73 C6 00 00 00 00 00 00 00 00 00 00 00 00 00 00 00 00 00 00 00 00 00 00 00 00 00 00 00 00 00 00 00 00 00 00 00 00 00 00 00 00 00 00 00 00 00 00 00 00 00 00 00 00 00 00 00 00 00 00 00 00 00 00 00 00 00 00 00 00 00 00 00 00 00 00 00 00 00 00 00 00 00 00 00 00 00 00 00 00 00 00 00 00 00 00 00 00 00 00 00 00 00 00 00 00 00 00 00 00 00 00 00 00 00 00 00 00 00 00 00 00 00 00 00 00 DF 48 B0 92 7E
[407169][00:01:10.986]7E FF 02 FF E5 6C 84 70 68 05 AE 01 7E D7 F9 55 00 FD 03 14 01 01 00 01 69 7F 94 01 60 00 03 27 16 EB C4 00 89 5C 4C 10 00 1A 01 0A F2 AF 30 74 88 FF 00 00 33 00 00 11 03 00 00 01 02 83 06 CC 1E 28 0A FE FE FE FE 68 62 00 43 05 90 24 54 06 00 30 10 AF 3F 10 00 3E 05 03 34 50 02 02 00 01 20 21 02 00 1C 07 EA 06 1D 0B 00 00 08 00 20 21 02 00 00 20 01 04 00 00 20 00 02 00 00 20 01 02 00 00 20 04 02 00 00 20 0A 02 00 00 00 10 02 01 00 00 20 02 01 00 01 10 F0 D5 56 98 83 8E 08 15 8F 01 3B 87 D4 9A 8C D7 53 5D 16 0E 3F 73 C6 00 00 00 00 00 00 00 00 00 00 00 00 00 00 00 00 00 00 00 00 00 00 00 00 00 00 00 00 00 00 00 00 00 00 00 00 00 00 00 00 00 00 00 00 00 00 00 00 00 00 00 00 00 00 00 00 00 00 00 00 00 00 00 00 00 00 00 00 00 00 00 00 00 00 00 00 00 00 00 00 00 00 00 00 00 00 00 00 00 00 00 00 00 00 00 00 00 00 00 00 00 00 00 00 00 00 00 00 00 00 00 00 00 00 00 00 00 00 00 00 00 00 00 00 01 91 A4 6A 7E
[407170][00:01:11.032]7E FF 02 FF E6 6C B4 70 68 05 A6 03 B3 56 0C 56 00 FE 03 14 01 01 00 01 69 7F 94 01 60 00 03 27 16 EB C4 00 89 5C 4C 10 00 1A 01 0A F2 AF 30 74 88 FF 00 00 33 00 00 11 03 00 00 01 02 83 06 CC 1E 28 0A FE FE FE FE 68 62 00 43 05 90 24 54 06 00 30 10 AF 3F 10 00 3E 05 03 34 50 02 02 00 01 20 21 02 00 1C 07 EA 06 1D 0B 00 00 08 00 20 21 02 00 00 20 01 04 00 00 20 00 02 00 00 20 01 02 00 00 20 04 02 00 00 20 0A 02 00 00 00 10 02 01 00 00 20 02 01 00 01 10 F0 D5 56 98 83 8E 08 15 8F 01 3B 87 D4 9A 8C D7 53 5D 16 0E 3F 73 C6 00 00 00 00 00 00 00 00 00 00 00 00 00 00 00 00 00 00 00 00 00 00 00 00 00 00 00 00 00 00 00 00 00 00 00 00 00 00 00 00 00 00 00 00 00 00 00 00 00 00 00 00 00 00 00 00 00 00 00 00 00 00 00 00 00 00 00 00 00 00 00 00 00 00 00 00 00 00 00 00 00 00 00 00 00 00 00 00 00 00 00 00 00 00 00 00 00 00 00 00 00 00 00 00 00 00 00 00 00 00 00 00 00 00 00 00 00 00 00 00 00 00 00 00 9D D2 7F FE 7E
[407171][00:01:11.107]7E FF 02 FF E7 6C 25 71 68 05 A1 01 4D 48 37 56 00 FE 03 10 00 01 00 03 69 7F 94 F0 0C 4B 1F 00 00 00 10 02 E0 FA 59 CC 74 F3 D4 7E
[407172][00:01:11.227]7E FF 02 FF E8 6C 88 71 68 05 88 03 3E 36 5D 56 00 37 00 94 00 01 00 01 69 7F 94 49 A0 10 01 FC 13 79 44 00 DD 50 CA 90 04 0A 01 04 C8 B0 00 43 70 EF 04 00 33 00 00 07 00 00 00 49 00 49 00 86 00 37 00 02 48 40 00 01 28 0C 00 01 32 29 20 89 61 01 40 CE 80 04 00 06 D8 50 CA 6A D7 02 A1 26 2E 7F B7 02 82 46 04 1E 20 A0 60 40 12 80 00 00 30 04 08 00 00 00 04 00 00 40 15 A6 F5 2D 00 00 00 00 00 00 00 00 00 00 00 00 00 00 00 00 00 00 00 00 00 00 00 00 00 00 00 00 00 00 00 00 00 00 00 00 00 00 00 00 00 00 00 00 00 91 49 B3 9E 7E
[407173][00:01:11.631]7E FF 02 FF E9 6C 10 73 68 05 F3 02 41 AF F2 56 00 FE 03 14 01 01 00 01 69 7F 94 01 60 00 03 27 16 EB C4 00 89 5C 4C 10 00 1A 01 0A F2 AF 30 74 88 FF 00 00 33 00 00 11 03 00 00 01 02 83 06 CC 1E 28 0A FE FE FE FE 68 62 00 43 05 90 24 54 06 00 30 10 AF 3F 10 00 3E 05 03 34 50 02 02 00 01 20 21 02 00 1C 07 EA 06 1D 0B 00 00 08 00 20 21 02 00 00 20 01 04 00 00 20 00 02 00 00 20 01 02 00 00 20 04 02 00 00 20 0A 02 00 00 00 10 02 01 00 00 20 02 01 00 01 10 F0 D5 56 98 83 8E 08 15 8F 01 3B 87 D4 9A 8C D7 53 5D 16 0E 3F 73 C6 00 00 00 00 00 00 00 00 00 00 00 00 00 00 00 00 00 00 00 00 00 00 00 00 00 00 00 00 00 00 00 00 00 00 00 00 00 00 00 00 00 00 00 00 00 00 00 00 00 00 00 00 00 00 00 00 00 00 00 00 00 00 00 00 00 00 00 00 00 00 00 00 00 00 00 00 00 00 00 00 00 00 00 00 00 00 00 00 00 00 00 00 00 00 00 00 00 00 00 00 00 00 00 00 00 00 00 00 00 00 00 00 00 00 00 00 00 00 00 00 00 00 00 00 2B 98 17 92 7E
[407174][00:01:11.706]7E FF 02 FF EA 6C 55 73 68 05 48 01 52 D6 0C 57 00 FD 03 14 01 01 00 01 69 7F 94 01 60 00 03 27 16 EB C4 00 89 5C 4C 10 00 1A 01 0A F2 AF 30 74 88 FF 00 00 33 00 00 11 03 00 00 01 02 83 06 CC 1E 28 0A FE FE FE FE 68 62 00 43 05 90 24 54 06 00 30 10 AF 3F 10 00 3E 05 03 34 50 02 02 00 01 20 21 02 00 1C 07 EA 06 1D 0B 00 00 08 00 20 21 02 00 00 20 01 04 00 00 20 00 02 00 00 20 01 02 00 00 20 04 02 00 00 20 0A 02 00 00 00 10 02 01 00 00 20 02 01 00 01 10 F0 D5 56 98 83 8E 08 15 8F 01 3B 87 D4 9A 8C D7 53 5D 16 0E 3F 73 C6 00 00 00 00 00 00 00 00 00 00 00 00 00 00 00 00 00 00 00 00 00 00 00 00 00 00 00 00 00 00 00 00 00 00 00 00 00 00 00 00 00 00 00 00 00 00 00 00 00 00 00 00 00 00 00 00 00 00 00 00 00 00 00 00 00 00 00 00 00 00 00 00 00 00 00 00 00 00 00 00 00 00 00 00 00 00 00 00 00 00 00 00 00 00 00 00 00 00 00 00 00 00 00 00 00 00 00 00 00 00 00 00 00 00 00 00 00 00 00 00 00 00 00 00 17 12 A3 3F 7E
[407175][00:01:11.752]7E FF 02 FF EB 6C 88 73 68 05 B9 03 B6 88 20 57 00 FE 03 14 01 01 00 01 69 7F 94 01 60 00 03 27 16 EB C4 00 89 5C 4C 10 00 1A 01 0A F2 AF 30 74 88 FF 00 00 33 00 00 11 03 00 00 01 02 83 06 CC 1E 28 0A FE FE FE FE 68 62 00 43 05 90 24 54 06 00 30 10 AF 3F 10 00 3E 05 03 34 50 02 02 00 01 20 21 02 00 1C 07 EA 06 1D 0B 00 00 08 00 20 21 02 00 00 20 01 04 00 00 20 00 02 00 00 20 01 02 00 00 20 04 02 00 00 20 0A 02 00 00 00 10 02 01 00 00 20 02 01 00 01 10 F0 D5 56 98 83 8E 08 15 8F 01 3B 87 D4 9A 8C D7 53 5D 16 0E 3F 73 C6 00 00 00 00 00 00 00 00 00 00 00 00 00 00 00 00 00 00 00 00 00 00 00 00 00 00 00 00 00 00 00 00 00 00 00 00 00 00 00 00 00 00 00 00 00 00 00 00 00 00 00 00 00 00 00 00 00 00 00 00 00 00 00 00 00 00 00 00 00 00 00 00 00 00 00 00 00 00 00 00 00 00 00 00 00 00 00 00 00 00 00 00 00 00 00 00 00 00 00 00 00 00 00 00 00 00 00 00 00 00 00 00 00 00 00 00 00 00 00 00 00 00 00 00 83 53 12 CE 7E
[407176][00:01:11.813]7E FF 02 FF EC 6C C5 73 68 05 3A 03 A1 C1 37 57 00 FD 03 14 01 01 00 01 69 7F 94 01 60 00 03 27 16 EB C4 00 89 5C 4C 10 00 1A 01 0A F2 AF 30 74 88 FF 00 00 33 00 00 11 03 00 00 01 02 83 06 CC 1E 28 0A FE FE FE FE 68 62 00 43 05 90 24 54 06 00 30 10 AF 3F 10 00 3E 05 03 34 50 02 02 00 01 20 21 02 00 1C 07 EA 06 1D 0B 00 00 08 00 20 21 02 00 00 20 01 04 00 00 20 00 02 00 00 20 01 02 00 00 20 04 02 00 00 20 0A 02 00 00 00 10 02 01 00 00 20 02 01 00 01 10 F0 D5 56 98 83 8E 08 15 8F 01 3B 87 D4 9A 8C D7 53 5D 16 0E 3F 73 C6 00 00 00 00 00 00 00 00 00 00 00 00 00 00 00 00 00 00 00 00 00 00 00 00 00 00 00 00 00 00 00 00 00 00 00 00 00 00 00 00 00 00 00 00 00 00 00 00 00 00 00 00 00 00 00 00 00 00 00 00 00 00 00 00 00 00 00 00 00 00 00 00 00 00 00 00 00 00 00 00 00 00 00 00 00 00 00 00 00 00 00 00 00 00 00 00 00 00 00 00 00 00 00 00 00 00 00 00 00 00 00 00 00 00 00 00 00 00 00 00 00 00 00 00 1F 91 81 3D 7E
[407177][00:01:11.919]7E FF 02 FF ED 6C 2F 74 68 05 C7 01 1A 0C 60 57 00 FE 03 14 01 01 00 01 69 7F 94 01 60 00 03 27 16 EB C4 00 89 5C 4C 10 00 1A 01 0A F2 AF 30 74 88 FF 00 00 33 00 00 11 03 00 00 01 02 83 06 CC 1E 28 0A FE FE FE FE 68 62 00 43 05 90 24 54 06 00 30 10 AF 3F 10 00 3E 05 03 34 50 02 02 00 01 20 21 02 00 1C 07 EA 06 1D 0B 00 00 08 00 20 21 02 00 00 20 01 04 00 00 20 00 02 00 00 20 01 02 00 00 20 04 02 00 00 20 0A 02 00 00 00 10 02 01 00 00 20 02 01 00 01 10 F0 D5 56 98 83 8E 08 15 8F 01 3B 87 D4 9A 8C D7 53 5D 16 0E 3F 73 C6 00 00 00 00 00 00 00 00 00 00 00 00 00 00 00 00 00 00 00 00 00 00 00 00 00 00 00 00 00 00 00 00 00 00 00 00 00 00 00 00 00 00 00 00 00 00 00 00 00 00 00 00 00 00 00 00 00 00 00 00 00 00 00 00 00 00 00 00 00 00 00 00 00 00 00 00 00 00 00 00 00 00 00 00 00 00 00 00 00 00 00 00 00 00 00 00 00 00 00 00 00 00 00 00 00 00 00 00 00 00 00 00 00 00 00 00 00 00 00 00 00 00 00 00 7B C2 E4 72 7E
[407178][00:01:11.965]7E FF 02 FF EE 6C 5B 74 68 05 08 03 33 F4 70 57 00 FE 03 14 01 01 00 01 69 7F 94 01 60 00 03 27 16 EB C0 00 98 5E C8 10 00 AE 00 03 F4 AF 30 74 88 FF 00 00 33 00 00 11 03 00 00 01 02 83 06 CE 1E 28 0A FE FE FE FE 68 62 00 43 05 14 91 53 06 00 30 10 ED 30 10 00 3E 05 03 36 50 02 02 00 01 20 21 02 00 1C 07 EA 06 1D 0B 00 00 08 00 20 21 02 00 00 20 01 04 00 00 20 00 02 00 00 20 01 02 00 00 20 04 02 00 00 20 0A 02 00 00 00 10 02 01 00 00 20 02 01 00 01 10 F0 D5 56 98 83 8E 08 15 8F 01 3B 87 D4 9A 8C D7 1D FC 16 1E 12 10 AB 00 00 00 00 00 00 00 00 00 00 00 00 00 00 00 00 00 00 00 00 00 00 00 00 00 00 00 00 00 00 00 00 00 00 00 00 00 00 00 00 00 00 00 00 00 00 00 00 00 00 00 00 00 00 00 00 00 00 00 00 00 00 00 00 00 00 00 00 00 00 00 00 00 00 00 00 00 00 00 00 00 00 00 00 00 00 00 00 00 00 00 00 00 00 00 00 00 00 00 00 00 00 00 00 00 00 00 00 00 00 00 00 00 00 00 00 00 00 00 00 00 00 00 00 1F 90 44 65 7E
[407179][00:01:12.011]7E FF 02 FF EF 6C 86 74 68 05 FC 00 A7 29 81 57 00 FA 03 14 01 01 00 01 69 7F 94 01 60 00 03 27 16 EB C4 00 89 5C 4C 10 00 AE 00 03 F4 AF 30 74 88 FF 00 00 33 00 00 11 03 00 00 01 02 83 06 CE 1E 28 0A FE FE FE FE 68 62 00 43 05 14 91 53 06 00 30 10 ED 30 10 00 3E 05 03 36 50 02 02 00 01 20 21 02 00 1C 07 EA 06 1D 0B 00 00 08 00 20 21 02 00 00 20 01 04 00 00 20 00 02 00 00 20 01 02 00 00 20 04 02 00 00 20 0A 02 00 00 00 10 02 01 00 00 20 02 01 00 01 10 F0 D5 56 98 83 8E 08 15 8F 01 3B 87 D4 9A 8C D7 1D FC 16 1E 12 10 AB 00 00 00 00 00 00 00 00 00 00 00 00 00 00 00 00 00 00 00 00 00 00 00 00 00 00 00 00 00 00 00 00 00 00 00 00 00 00 00 00 00 00 00 00 00 00 00 00 00 00 00 00 00 00 00 00 00 00 00 00 00 00 00 00 00 00 00 00 00 00 00 00 00 00 00 00 00 00 00 00 00 00 00 00 00 00 00 00 00 00 00 00 00 00 00 00 00 00 00 00 00 00 00 00 00 00 00 00 00 00 00 00 00 00 00 00 00 00 00 00 00 00 00 00 20 C2 0B E4 7E
[407180][00:01:12.085]7E FF 02 FF F0 6C D2 74 68 05 B0 00 83 20 9E 57 00 FD 03 14 01 01 00 01 69 7F 94 01 60 00 03 27 16 EB C4 00 89 5C 4C 10 00 AE 00 03 F4 AF 30 74 88 FF 00 00 33 00 00 11 03 00 00 01 02 83 06 CE 1E 28 0A FE FE FE FE 68 62 00 43 05 14 91 53 06 00 30 10 ED 30 10 00 3E 05 03 36 50 02 02 00 01 20 21 02 00 1C 07 EA 06 1D 0B 00 00 08 00 20 21 02 00 00 20 01 04 00 00 20 00 02 00 00 20 01 02 00 00 20 04 02 00 00 20 0A 02 00 00 00 10 02 01 00 00 20 02 01 00 01 10 F0 D5 56 98 83 8E 08 15 8F 01 3B 87 D4 9A 8C D7 1D FC 16 1E 12 10 AB 00 00 00 00 00 00 00 00 00 00 00 00 00 00 00 00 00 00 00 00 00 00 00 00 00 00 00 00 00 00 00 00 00 00 00 00 00 00 00 00 00 00 00 00 00 00 00 00 00 00 00 00 00 00 00 00 00 00 00 00 00 00 00 00 00 00 00 00 00 00 00 00 00 00 00 00 00 00 00 00 00 00 00 00 00 00 00 00 00 00 00 00 00 00 00 00 00 00 00 00 00 00 00 00 00 00 00 00 00 00 00 00 00 00 00 00 00 00 00 00 00 00 00 00 86 6E 7D AE 7E
[407181][00:01:12.430]7E FF 02 FF F1 6C 9F 76 68 05 86 00 97 D2 27 58 00 3A 00 94 00 01 00 01 69 7F 94 00 A0 10 01 FC 13 79 44 00 9C 50 7A 00 00 0A 01 0A FF EE 00 5C 70 EF 0C 00 33 00 00 30 00 09 04 16 28 FF FF FF FF FF FF 00 00 00 00 30 00 09 04 16 28 0A 01 00 00 00 00 00 00 00 00 39 03 00 01 63 93 12 45 E8 07 02 12 09 23 07 03 01 00 01 01 00 02 02 00 0D 00 00 09 03 31 17 6E 54 4E 59 58 0E 00 0E 00 00 00 00 00 04 00 00 00 E6 FE B7 47 68 26 71 5C 61 77 1A 00 00 31 44 59 58 03 FB C1 01 9C 02 01 C7 48 E8 9F 00 00 00 00 00 00 00 00 73 51 51 ED 7E
[407182][00:01:12.520]7E FF 02 FF F2 6C 8A 76 68 05 31 01 2B 04 46 58 00 FF 03 14 01 01 00 01 69 7F 94 01 F0 FF 03 D9 15 EB C2 00 7C BA 97 10 00 FF 3F 01 F7 AF 30 74 88 FF 09 00 33 00 00 20 00 00 12 74 72 FF FF FF FF FF FF 11 03 00 00 01 02 83 06 CB 1E 28 0A FE FE FE FE 68 62 00 43 05 30 05 54 06 00 30 10 7A 5B 10 00 3E 05 03 33 50 02 02 00 01 20 21 02 00 1C 07 EA 06 1D 0B 00 00 08 00 20 21 02 00 00 20 01 04 00 00 20 00 02 00 00 20 01 02 00 00 20 04 02 00 00 20 0A 02 00 00 00 10 02 01 00 00 20 02 01 00 01 10 F0 D5 56 98 83 8E 08 15 8F 01 3B 87 D4 9A 8C D7 37 E6 16 3D 09 3F D1 00 00 00 00 00 00 00 00 00 00 00 00 00 00 00 00 00 00 00 00 00 00 00 00 00 00 00 00 00 00 00 00 00 00 00 00 00 00 00 00 00 00 00 00 00 00 00 00 00 00 00 00 00 00 00 00 00 00 00 00 00 00 00 00 00 00 00 00 00 00 00 00 00 00 00 00 00 00 00 00 00 00 00 00 00 00 00 00 00 00 00 00 00 00 00 00 00 00 00 00 00 00 00 00 00 00 00 00 00 00 00 00 01 AB 28 F4 7E
[407183][00:01:12.566]7E FF 02 FF F3 6C AE 76 68 05 9C 01 4C CB 53 58 00 26 02 14 01 01 00 01 69 7F 94 87 F0 FF 03 0D 15 EB C2 00 E6 8F 12 10 00 FF 3F 01 F7 AF 30 74 88 EF 09 00 33 00 00 20 00 00 12 74 72 FF FF FF FF FF FF 11 03 00 00 01 02 83 06 CB 1E 28 0A FE FE FE FE 68 62 00 43 05 30 05 54 06 00 30 10 7A 5B 10 00 3E 05 03 33 50 02 02 00 01 20 21 02 00 1C 07 EA 06 1D 0B 00 00 08 00 20 21 02 00 00 20 01 04 00 00 20 00 02 00 00 20 01 02 00 00 20 04 02 00 00 20 0A 02 00 00 00 10 02 01 00 00 20 02 01 00 01 10 F0 D5 56 98 83 8E 08 15 8F 01 3B 87 D4 9A 8C D7 37 E6 16 3D 09 3F D1 00 00 00 00 00 00 00 00 00 00 00 00 00 00 00 00 00 00 00 00 00 00 00 00 00 00 00 00 00 00 00 00 00 00 00 00 00 00 00 00 00 00 00 00 00 00 00 00 00 00 00 00 00 00 00 00 00 00 00 00 00 00 00 00 00 00 00 00 00 00 00 00 00 00 00 00 00 00 00 00 00 00 00 00 00 00 00 00 00 00 00 00 00 00 00 00 00 00 00 00 00 00 00 00 00 00 00 00 00 00 00 00 13 4A 25 9A 7E
[407184][00:01:12.657]7E FF 02 FF F4 6C 6F 77 68 05 B3 00 1E 2D 77 58 00 FF 03 14 01 01 00 01 69 7F 94 01 F0 FF 03 D9 15 EB C2 00 7C BA 97 10 00 FF 3F 01 F7 AF 30 74 88 FF 09 00 33 00 00 20 00 00 12 74 72 FF FF FF FF FF FF 11 03 00 00 01 02 83 06 CB 1E 28 0A FE FE FE FE 68 62 00 43 05 30 05 54 06 00 30 10 7A 5B 10 00 3E 05 03 33 50 02 02 00 01 20 21 02 00 1C 07 EA 06 1D 0B 00 00 08 00 20 21 02 00 00 20 01 04 00 00 20 00 02 00 00 20 01 02 00 00 20 04 02 00 00 20 0A 02 00 00 00 10 02 01 00 00 20 02 01 00 01 10 F0 D5 56 98 83 8E 08 15 8F 01 3B 87 D4 9A 8C D7 37 E6 16 3D 09 3F D1 00 00 00 00 00 00 00 00 00 00 00 00 00 00 00 00 00 00 00 00 00 00 00 00 00 00 00 00 00 00 00 00 00 00 00 00 00 00 00 00 00 00 00 00 00 00 00 00 00 00 00 00 00 00 00 00 00 00 00 00 00 00 00 00 00 00 00 00 00 00 00 00 00 00 00 00 00 00 00 00 00 00 00 00 00 00 00 00 00 00 00 00 00 00 00 00 00 00 00 00 00 00 00 00 00 00 00 00 00 00 00 00 88 A7 DF EC 7E
[407185][00:01:12.672]7E FF 02 FF F5 6C 1D 77 68 05 5A 03 5F 4E 7E 58 00 35 00 94 00 01 00 01 69 7F 94 49 A0 10 01 FC 13 79 44 00 DD 50 CA 90 04 0A 01 04 CA B0 00 43 70 EF 04 00 33 00 00 07 00 00 00 49 00 49 00 87 00 37 00 02 48 40 00 01 28 0C 00 01 32 29 20 89 61 01 40 CE 80 04 00 06 D8 50 CA 6A D7 02 A1 26 2E 7F B7 02 82 46 04 1E 20 A0 60 40 12 80 00 00 30 04 08 00 00 00 04 00 00 40 E4 A3 B9 44 00 00 00 00 00 00 00 00 00 00 00 00 00 00 00 00 00 00 00 00 00 00 00 00 00 00 00 00 00 00 00 00 00 00 00 00 00 00 00 00 00 00 00 00 00 F4 89 E3 E8 7E
[407186][00:01:12.776]7E FF 02 FF F6 6C 8E 77 68 05 57 02 7C 51 A9 58 00 35 01 14 01 01 00 01 69 7F 94 15 F0 FF 01 EC 16 EB C2 00 99 27 B4 10 00 FF 3F 01 F7 AF 30 74 88 EF 09 00 33 00 00 20 00 00 12 74 72 FF FF FF FF FF FF 11 03 00 00 01 02 83 06 CB 1E 28 0A FE FE FE FE 68 62 00 43 05 30 05 54 06 00 30 10 7A 5B 10 00 3E 05 03 33 50 02 02 00 01 20 21 02 00 1C 07 EA 06 1D 0B 00 00 08 00 20 21 02 00 00 20 01 04 00 00 20 00 02 00 00 20 01 02 00 00 20 04 02 00 00 20 0A 02 00 00 00 10 02 01 00 00 20 02 01 00 01 10 F0 D5 56 98 83 8E 08 15 8F 01 3B 87 D4 9A 8C D7 37 E6 16 3D 09 3F D1 00 00 00 00 00 00 00 00 00 00 00 00 00 00 00 00 00 00 00 00 00 00 00 00 00 00 00 00 00 00 00 00 00 00 00 00 00 00 00 00 00 00 00 00 00 00 00 00 00 00 00 00 00 00 00 00 00 00 00 00 00 00 00 00 00 00 00 00 00 00 00 00 00 00 00 00 00 00 00 00 00 00 00 00 00 00 00 00 00 00 00 00 00 00 00 00 00 00 00 00 00 00 00 00 00 00 00 00 00 00 00 00 67 D6 C4 92 7E
[407187][00:01:12.942]7E FF 02 FF F7 6C 25 78 68 05 A6 03 FE 0B E3 58 00 39 00 14 01 01 00 01 69 7F 94 04 F0 FF 01 EC 16 EB C2 00 8B 27 28 10 00 FF 3F 01 F7 AF 30 74 88 EF 09 00 33 00 00 20 00 00 12 74 72 FF FF FF FF FF FF 11 03 00 00 01 02 83 06 CB 1E 28 0A FE FE FE FE 68 62 00 43 05 30 05 54 06 00 30 10 7A 5B 10 00 3E 05 03 33 50 02 02 00 01 20 21 02 00 1C 07 EA 06 1D 0B 00 00 08 00 20 21 02 00 00 20 01 04 00 00 20 00 02 00 00 20 01 02 00 00 20 04 02 00 00 20 0A 02 00 00 00 10 02 01 00 00 20 02 01 00 01 10 F0 D5 56 98 83 8E 08 15 8F 01 3B 87 D4 9A 8C D7 37 E6 16 3D 09 3F D1 00 00 00 00 00 00 00 00 00 00 00 00 00 00 00 00 00 00 00 00 00 00 00 00 00 00 00 00 00 00 00 00 00 00 00 00 00 00 00 00 00 00 00 00 00 00 00 00 00 00 00 00 00 00 00 00 00 00 00 00 00 00 00 00 00 00 00 00 00 00 00 00 00 00 00 00 00 00 00 00 00 00 00 00 00 00 00 00 00 00 00 00 00 00 00 00 00 00 00 00 00 00 00 00 00 00 00 00 00 00 00 00 FA 39 AC AB 7E
[407188][00:01:12.957]7E FF 02 FF F8 6C 5A 78 68 05 94 01 81 14 F7 58 00 39 00 10 00 01 00 03 69 7F 94 F0 0C 16 18 00 00 00 10 02 DE 3C 10 4B 2E FE 2D 7E
[407189][00:01:13.093]7E FF 02 FF F9 6C C2 78 68 05 E9 02 D8 DB 1E 59 00 36 01 14 01 01 00 01 69 7F 94 3E F0 FF 01 EC 16 EB C2 00 B7 27 90 10 00 FF 3F 01 F7 AF 30 74 88 EF 09 00 33 00 00 20 00 00 12 74 72 FF FF FF FF FF FF 11 03 00 00 01 02 83 06 CB 1E 28 0A FE FE FE FE 68 62 00 43 05 30 05 54 06 00 30 10 7A 5B 10 00 3E 05 03 33 50 02 02 00 01 20 21 02 00 1C 07 EA 06 1D 0B 00 00 08 00 20 21 02 00 00 20 01 04 00 00 20 00 02 00 00 20 01 02 00 00 20 04 02 00 00 20 0A 02 00 00 00 10 02 01 00 00 20 02 01 00 01 10 F0 D5 56 98 83 8E 08 15 8F 01 3B 87 D4 9A 8C D7 37 E6 16 3D 09 3F D1 00 00 00 00 00 00 00 00 00 00 00 00 00 00 00 00 00 00 00 00 00 00 00 00 00 00 00 00 00 00 00 00 00 00 00 00 00 00 00 00 00 00 00 00 00 00 00 00 00 00 00 00 00 00 00 00 00 00 00 00 00 00 00 00 00 00 00 00 00 00 00 00 00 00 00 00 00 00 00 00 00 00 00 00 00 00 00 00 00 00 00 00 00 00 00 00 00 00 00 00 00 00 00 00 00 00 00 00 00 00 00 00 BD 54 36 8A 7E
[407190][00:01:13.153]7E FF 02 FF FA 6C 03 79 68 05 23 02 FB 93 37 59 00 FE 03 14 01 01 00 01 69 7F 94 01 60 00 03 27 16 EB C0 00 98 5E C8 10 00 F8 00 03 F5 AF 30 74 88 FF 00 00 33 00 00 11 03 00 00 01 02 83 06 CF 1E 28 0A FE FE FE FE 68 62 00 43 05 93 24 54 06 00 30 10 C1 97 10 00 3E 05 03 37 50 02 02 00 01 20 21 02 00 1C 07 EA 06 1D 0B 00 00 08 00 20 21 02 00 00 20 01 04 00 00 20 00 02 00 00 20 01 02 00 00 20 04 02 00 00 20 0A 02 00 00 00 10 02 01 00 00 20 02 01 00 01 10 F0 D5 56 98 83 8E 08 15 8F 01 3B 87 D4 9A 8C D7 BA AC 16 15 BD EC 8C 00 00 00 00 00 00 00 00 00 00 00 00 00 00 00 00 00 00 00 00 00 00 00 00 00 00 00 00 00 00 00 00 00 00 00 00 00 00 00 00 00 00 00 00 00 00 00 00 00 00 00 00 00 00 00 00 00 00 00 00 00 00 00 00 00 00 00 00 00 00 00 00 00 00 00 00 00 00 00 00 00 00 00 00 00 00 00 00 00 00 00 00 00 00 00 00 00 00 00 00 00 00 00 00 00 00 00 00 00 00 00 00 00 00 00 00 00 00 00 00 00 00 00 00 83 48 FB F0 7E
[407191][00:01:13.169]7E FF 02 FF FB 6C 16 79 68 05 77 00 5A AA 3E 59 00 36 00 94 00 01 00 01 69 7F 94 49 A0 10 01 FC 13 79 44 00 DD 50 CA 90 04 0A 01 04 CA B0 00 43 70 EF 04 00 33 00 00 07 00 00 00 49 00 49 00 87 00 37 00 02 48 40 00 01 28 0C 00 01 32 29 20 89 61 01 40 CE 80 04 00 06 D8 50 CA 6A D7 02 A1 26 2E 7F B7 02 82 46 04 1E 20 A0 60 40 12 80 00 00 30 04 08 00 00 00 04 00 00 40 E4 A3 B9 44 00 00 00 00 00 00 00 00 00 00 00 00 00 00 00 00 00 00 00 00 00 00 00 00 00 00 00 00 00 00 00 00 00 00 00 00 00 00 00 00 00 00 00 00 00 E5 9E 43 1D 7E
[407192][00:01:13.214]7E FF 02 FF FC 6C 38 79 68 05 1C 03 46 E4 4B 59 00 FE 03 14 01 01 00 01 69 7F 94 01 60 00 03 27 16 EB C4 00 89 5C 4C 10 00 F8 00 03 F5 AF 30 74 88 FF 00 00 33 00 00 11 03 00 00 01 02 83 06 CF 1E 28 0A FE FE FE FE 68 62 00 43 05 93 24 54 06 00 30 10 C1 97 10 00 3E 05 03 37 50 02 02 00 01 20 21 02 00 1C 07 EA 06 1D 0B 00 00 08 00 20 21 02 00 00 20 01 04 00 00 20 00 02 00 00 20 01 02 00 00 20 04 02 00 00 20 0A 02 00 00 00 10 02 01 00 00 20 02 01 00 01 10 F0 D5 56 98 83 8E 08 15 8F 01 3B 87 D4 9A 8C D7 BA AC 16 15 BD EC 8C 00 00 00 00 00 00 00 00 00 00 00 00 00 00 00 00 00 00 00 00 00 00 00 00 00 00 00 00 00 00 00 00 00 00 00 00 00 00 00 00 00 00 00 00 00 00 00 00 00 00 00 00 00 00 00 00 00 00 00 00 00 00 00 00 00 00 00 00 00 00 00 00 00 00 00 00 00 00 00 00 00 00 00 00 00 00 00 00 00 00 00 00 00 00 00 00 00 00 00 00 00 00 00 00 00 00 00 00 00 00 00 00 00 00 00 00 00 00 00 00 00 00 00 00 EF DA E1 40 7E
[407193][00:01:13.275]7E FF 02 FF FD 6C 73 79 68 05 2D 00 C3 1C 62 59 00 FE 03 14 01 01 00 01 69 7F 94 01 60 00 03 27 16 EB C4 00 89 5C 4C 10 00 F8 00 03 F5 AF 30 74 88 FF 00 00 33 00 00 11 03 00 00 01 02 83 06 CF 1E 28 0A FE FE FE FE 68 62 00 43 05 93 24 54 06 00 30 10 C1 97 10 00 3E 05 03 37 50 02 02 00 01 20 21 02 00 1C 07 EA 06 1D 0B 00 00 08 00 20 21 02 00 00 20 01 04 00 00 20 00 02 00 00 20 01 02 00 00 20 04 02 00 00 20 0A 02 00 00 00 10 02 01 00 00 20 02 01 00 01 10 F0 D5 56 98 83 8E 08 15 8F 01 3B 87 D4 9A 8C D7 BA AC 16 15 BD EC 8C 00 00 00 00 00 00 00 00 00 00 00 00 00 00 00 00 00 00 00 00 00 00 00 00 00 00 00 00 00 00 00 00 00 00 00 00 00 00 00 00 00 00 00 00 00 00 00 00 00 00 00 00 00 00 00 00 00 00 00 00 00 00 00 00 00 00 00 00 00 00 00 00 00 00 00 00 00 00 00 00 00 00 00 00 00 00 00 00 00 00 00 00 00 00 00 00 00 00 00 00 00 00 00 00 00 00 00 00 00 00 00 00 00 00 00 00 00 00 00 00 00 00 00 00 EB 66 56 41 7E
[407194][00:01:13.336]7E FF 02 FF FE 6C B8 79 68 05 9B 01 2C 94 7C 59 00 FE 03 14 01 01 00 01 69 7F 94 01 60 00 03 27 16 EB C0 00 98 5E C8 10 00 16 01 03 F6 AF 30 74 88 FF 00 00 33 00 00 11 03 00 00 01 02 83 06 CD 1E 28 0A FE FE FE FE 68 62 00 43 05 92 24 54 06 00 30 10 14 08 10 00 3E 05 03 35 50 02 02 00 01 20 21 02 00 1C 07 EA 06 1D 0B 00 00 08 00 20 21 02 00 00 20 01 04 00 00 20 00 02 00 00 20 01 02 00 00 20 04 02 00 00 20 0A 02 00 00 00 10 02 01 00 00 20 02 01 00 01 10 F0 D5 56 98 83 8E 08 15 8F 01 3B 87 D4 9A 8C D7 F4 0D 16 12 0D 5A 73 00 00 00 00 00 00 00 00 00 00 00 00 00 00 00 00 00 00 00 00 00 00 00 00 00 00 00 00 00 00 00 00 00 00 00 00 00 00 00 00 00 00 00 00 00 00 00 00 00 00 00 00 00 00 00 00 00 00 00 00 00 00 00 00 00 00 00 00 00 00 00 00 00 00 00 00 00 00 00 00 00 00 00 00 00 00 00 00 00 00 00 00 00 00 00 00 00 00 00 00 00 00 00 00 00 00 00 00 00 00 00 00 00 00 00 00 00 00 00 00 00 00 00 00 74 84 54 2D 7E
[407195][00:01:13.381]7E FF 02 FF FF 6C E3 79 68 05 1C 02 2E 06 8D 59 00 FE 03 14 01 01 00 01 69 7F 94 01 60 00 03 27 16 EB C4 00 89 5C 4C 10 00 16 01 03 F6 AF 30 74 88 FF 00 00 33 00 00 11 03 00 00 01 02 83 06 CD 1E 28 0A FE FE FE FE 68 62 00 43 05 92 24 54 06 00 30 10 14 08 10 00 3E 05 03 35 50 02 02 00 01 20 21 02 00 1C 07 EA 06 1D 0B 00 00 08 00 20 21 02 00 00 20 01 04 00 00 20 00 02 00 00 20 01 02 00 00 20 04 02 00 00 20 0A 02 00 00 00 10 02 01 00 00 20 02 01 00 01 10 F0 D5 56 98 83 8E 08 15 8F 01 3B 87 D4 9A 8C D7 F4 0D 16 12 0D 5A 73 00 00 00 00 00 00 00 00 00 00 00 00 00 00 00 00 00 00 00 00 00 00 00 00 00 00 00 00 00 00 00 00 00 00 00 00 00 00 00 00 00 00 00 00 00 00 00 00 00 00 00 00 00 00 00 00 00 00 00 00 00 00 00 00 00 00 00 00 00 00 00 00 00 00 00 00 00 00 00 00 00 00 00 00 00 00 00 00 00 00 00 00 00 00 00 00 00 00 00 00 00 00 00 00 00 00 00 00 00 00 00 00 00 00 00 00 00 00 00 00 00 00 00 00 56 47 BD 88 7E
[407196][00:01:13.427]7E FF 02 FF 00 6D 18 7A 68 05 FE 00 E5 21 A1 59 00 FE 03 14 01 01 00 01 69 7F 94 01 60 00 03 27 16 EB C4 00 89 5C 4C 10 00 16 01 03 F6 AF 30 74 88 FF 00 00 33 00 00 11 03 00 00 01 02 83 06 CD 1E 28 0A FE FE FE FE 68 62 00 43 05 92 24 54 06 00 30 10 14 08 10 00 3E 05 03 35 50 02 02 00 01 20 21 02 00 1C 07 EA 06 1D 0B 00 00 08 00 20 21 02 00 00 20 01 04 00 00 20 00 02 00 00 20 01 02 00 00 20 04 02 00 00 20 0A 02 00 00 00 10 02 01 00 00 20 02 01 00 01 10 F0 D5 56 98 83 8E 08 15 8F 01 3B 87 D4 9A 8C D7 F4 0D 16 12 0D 5A 73 00 00 00 00 00 00 00 00 00 00 00 00 00 00 00 00 00 00 00 00 00 00 00 00 00 00 00 00 00 00 00 00 00 00 00 00 00 00 00 00 00 00 00 00 00 00 00 00 00 00 00 00 00 00 00 00 00 00 00 00 00 00 00 00 00 00 00 00 00 00 00 00 00 00 00 00 00 00 00 00 00 00 00 00 00 00 00 00 00 00 00 00 00 00 00 00 00 00 00 00 00 00 00 00 00 00 00 00 00 00 00 00 00 00 00 00 00 00 00 00 00 00 00 00 77 47 D8 03 7E
[407197][00:01:13.458]7E FF 02 FF 01 6D 8E 7A 68 05 5C 02 1D 22 A8 59 00 37 01 14 01 01 00 01 69 7F 94 62 F0 FF 01 EC 16 EB C2 00 E1 27 78 10 00 FF 3F 01 F7 AF 30 74 88 EF 09 00 33 00 00 20 00 00 12 74 72 FF FF FF FF FF FF 11 03 00 00 01 02 83 06 CB 1E 28 0A FE FE FE FE 68 62 00 43 05 30 05 54 06 00 30 10 7A 5B 10 00 3E 05 03 33 50 02 02 00 01 20 21 02 00 1C 07 EA 06 1D 0B 00 00 08 00 20 21 02 00 00 20 01 04 00 00 20 00 02 00 00 20 01 02 00 00 20 04 02 00 00 20 0A 02 00 00 00 10 02 01 00 00 20 02 01 00 01 10 F0 D5 56 98 83 8E 08 15 8F 01 3B 87 D4 9A 8C D7 37 E6 16 3D 09 3F D1 00 00 00 00 00 00 00 00 00 00 00 00 00 00 00 00 00 00 00 00 00 00 00 00 00 00 00 00 00 00 00 00 00 00 00 00 00 00 00 00 00 00 00 00 00 00 00 00 00 00 00 00 00 00 00 00 00 00 00 00 00 00 00 00 00 00 00 00 00 00 00 00 00 00 00 00 00 00 00 00 00 00 00 00 00 00 00 00 00 00 00 00 00 00 00 00 00 00 00 00 00 00 00 00 00 00 00 00 00 00 00 00 93 DE 8D 6C 7E
[407198][00:01:13.488]7E FF 02 FF 02 6D 44 7A 68 05 F1 01 CB 02 B2 59 00 FE 03 14 01 01 00 01 69 7F 94 01 F0 FF 03 D9 15 EB C2 00 7C BA 97 10 00 FF 3F 01 F7 AF 30 74 88 FF 09 00 33 00 00 20 00 00 12 74 72 FF FF FF FF FF FF 11 03 00 00 01 02 83 06 CB 1E 28 0A FE FE FE FE 68 62 00 43 05 30 05 54 06 00 30 10 7A 5B 10 00 3E 05 03 33 50 02 02 00 01 20 21 02 00 1C 07 EA 06 1D 0B 00 00 08 00 20 21 02 00 00 20 01 04 00 00 20 00 02 00 00 20 01 02 00 00 20 04 02 00 00 20 0A 02 00 00 00 10 02 01 00 00 20 02 01 00 01 10 F0 D5 56 98 83 8E 08 15 8F 01 3B 87 D4 9A 8C D7 37 E6 16 3D 09 3F D1 00 00 00 00 00 00 00 00 00 00 00 00 00 00 00 00 00 00 00 00 00 00 00 00 00 00 00 00 00 00 00 00 00 00 00 00 00 00 00 00 00 00 00 00 00 00 00 00 00 00 00 00 00 00 00 00 00 00 00 00 00 00 00 00 00 00 00 00 00 00 00 00 00 00 00 00 00 00 00 00 00 00 00 00 00 00 00 00 00 00 00 00 00 00 00 00 00 00 00 00 00 00 00 00 00 00 00 00 00 00 00 00 59 AD 06 E2 7E
[407199][00:01:13.518]7E FF 02 FF 03 6D 5B 7A 68 05 31 00 EE 9B BA 59 00 FD 03 14 01 01 00 01 69 7F 94 01 60 00 03 27 16 EB C0 00 98 5E C8 10 00 1A 01 03 F8 AF 30 74 88 FF 00 00 33 00 00 11 03 00 00 01 02 83 06 CC 1E 28 0A FE FE FE FE 68 62 00 43 05 90 24 54 06 00 30 10 AF 3F 10 00 3E 05 03 34 50 02 02 00 01 20 21 02 00 1C 07 EA 06 1D 0B 00 00 08 00 20 21 02 00 00 20 01 04 00 00 20 00 02 00 00 20 01 02 00 00 20 04 02 00 00 20 0A 02 00 00 00 10 02 01 00 00 20 02 01 00 01 10 F0 D5 56 98 83 8E 08 15 8F 01 3B 87 D4 9A 8C D7 53 5D 16 0E 3F 73 C6 00 00 00 00 00 00 00 00 00 00 00 00 00 00 00 00 00 00 00 00 00 00 00 00 00 00 00 00 00 00 00 00 00 00 00 00 00 00 00 00 00 00 00 00 00 00 00 00 00 00 00 00 00 00 00 00 00 00 00 00 00 00 00 00 00 00 00 00 00 00 00 00 00 00 00 00 00 00 00 00 00 00 00 00 00 00 00 00 00 00 00 00 00 00 00 00 00 00 00 00 00 00 00 00 00 00 00 00 00 00 00 00 00 00 00 00 00 00 00 00 00 00 00 00 CD 8D 97 71 7E
[407200][00:01:13.547]7E FF 02 FF 04 6D EE 7A 68 05 B7 03 48 E3 CC 59 00 FD 03 14 01 01 00 01 69 7F 94 01 60 00 03 27 16 EB C4 00 89 5C 4C 10 00 1A 01 03 F8 AF 30 74 88 FF 00 00 33 00 00 11 03 00 00 01 02 83 06 CC 1E 28 0A FE FE FE FE 68 62 00 43 05 90 24 54 06 00 30 10 AF 3F 10 00 3E 05 03 34 50 02 02 00 01 20 21 02 00 1C 07 EA 06 1D 0B 00 00 08 00 20 21 02 00 00 20 01 04 00 00 20 00 02 00 00 20 01 02 00 00 20 04 02 00 00 20 0A 02 00 00 00 10 02 01 00 00 20 02 01 00 01 10 F0 D5 56 98 83 8E 08 15 8F 01 3B 87 D4 9A 8C D7 53 5D 16 0E 3F 73 C6 00 00 00 00 00 00 00 00 00 00 00 00 00 00 00 00 00 00 00 00 00 00 00 00 00 00 00 00 00 00 00 00 00 00 00 00 00 00 00 00 00 00 00 00 00 00 00 00 00 00 00 00 00 00 00 00 00 00 00 00 00 00 00 00 00 00 00 00 00 00 00 00 00 00 00 00 00 00 00 00 00 00 00 00 00 00 00 00 00 00 00 00 00 00 00 00 00 00 00 00 00 00 00 00 00 00 00 00 00 00 00 00 00 00 00 00 00 00 00 00 00 00 00 00 09 38 DB 9F 7E
[407201][00:01:13.593]7E FF 02 FF 05 6D BD 7A 68 05 4F 02 2C 34 E0 59 00 FE 03 14 01 01 00 01 69 7F 94 01 60 00 03 27 16 EB C4 00 89 5C 4C 10 00 1A 01 03 F8 AF 30 74 88 FF 00 00 33 00 00 11 03 00 00 01 02 83 06 CC 1E 28 0A FE FE FE FE 68 62 00 43 05 90 24 54 06 00 30 10 AF 3F 10 00 3E 05 03 34 50 02 02 00 01 20 21 02 00 1C 07 EA 06 1D 0B 00 00 08 00 20 21 02 00 00 20 01 04 00 00 20 00 02 00 00 20 01 02 00 00 20 04 02 00 00 20 0A 02 00 00 00 10 02 01 00 00 20 02 01 00 01 10 F0 D5 56 98 83 8E 08 15 8F 01 3B 87 D4 9A 8C D7 53 5D 16 0E 3F 73 C6 00 00 00 00 00 00 00 00 00 00 00 00 00 00 00 00 00 00 00 00 00 00 00 00 00 00 00 00 00 00 00 00 00 00 00 00 00 00 00 00 00 00 00 00 00 00 00 00 00 00 00 00 00 00 00 00 00 00 00 00 00 00 00 00 00 00 00 00 00 00 00 00 00 00 00 00 00 00 00 00 00 00 00 00 00 00 00 00 00 00 00 00 00 00 00 00 00 00 00 00 00 00 00 00 00 00 00 00 00 00 00 00 00 00 00 00 00 00 00 00 00 00 00 00 69 18 3C 03 7E
[407202][00:01:13.639]7E FF 02 FF 06 6D 57 7B 68 05 D3 02 22 DC F4 59 00 39 00 94 00 01 00 01 69 7F 94 00 A0 10 01 FC 13 79 44 00 9C 50 7A 00 00 0A 01 0A FF EE 00 5C 70 EF 0C 00 33 00 00 30 00 09 04 16 28 FF FF FF FF FF FF 00 00 00 00 30 00 09 04 16 28 0A 01 00 00 00 00 00 00 00 00 39 03 00 01 63 93 12 45 E8 07 02 12 09 23 07 03 01 00 01 01 00 02 02 00 0D 00 00 09 03 31 17 6E 54 4E 59 58 0E 00 0E 00 00 00 00 00 04 00 00 00 E6 FE B7 47 68 26 71 5C 61 77 1A 00 00 31 44 59 58 03 FB C1 01 9C 02 01 C7 48 E8 9F 00 00 00 00 00 00 00 00 FA F6 F3 0E 7E
[407203][00:01:14.866]7E FF 02 FF 07 6D CD 7F 68 05 EA 01 41 95 CE 5B 00 39 00 10 00 01 00 03 69 7F 94 F0 0C A3 10 00 00 00 10 02 59 6E 27 1A D2 C3 4C 7E
[407204][00:01:14.897]7E FF 02 FF 08 6D DC 7F 68 05 DC 01 CC 45 D4 5B 00 37 00 94 00 01 00 01 69 7F 94 49 A0 10 01 FC 13 79 44 00 DD 50 CA 90 04 0A 01 04 CC B0 00 43 70 EF 04 00 33 00 00 07 00 00 00 49 00 49 00 7D 00 37 00 02 48 00 00 01 28 08 00 01 32 29 20 88 61 01 40 CC 80 04 00 06 D8 50 CA 6A D7 02 A1 26 0A 7F 37 02 82 46 04 1E 20 A0 60 40 12 80 00 00 30 04 08 00 00 00 04 00 00 40 FE B4 97 43 00 00 00 00 00 00 00 00 00 00 00 00 00 00 00 00 00 00 00 00 00 00 00 00 00 00 00 00 00 00 00 00 00 00 00 00 00 00 00 00 00 00 00 00 00 EF CB CB 97 7E
[407205][00:01:15.106]7E FF 02 FF 09 6D BF 80 68 05 C5 03 49 0E 2B 5C 00 FD 03 54 00 01 00 01 69 7F 94 01 60 00 03 B6 12 40 E0 00 46 9A D7 10 00 73 01 0A F9 AF 30 10 88 FF 00 00 33 00 00 11 A1 00 00 01 23 CC 07 30 00 09 04 91 17 03 02 66 72 80 D7 00 00 00 00 00 00 00 00 00 00 00 00 00 00 00 00 00 00 00 00 00 00 00 00 00 00 00 00 00 00 00 00 A2 E6 DC 16 7E
[407206][00:01:15.151]7E FF 02 FF 0A 6D E0 80 68 05 06 02 5D 78 37 5C 00 FD 03 54 00 01 00 01 69 7F 94 01 60 00 03 B6 12 40 E4 00 57 98 53 10 00 73 01 0A F9 AF 30 10 88 FF 00 00 33 00 00 11 A1 00 00 01 23 CC 07 30 00 09 04 91 17 03 02 66 72 80 D7 00 00 00 00 00 00 00 00 00 00 00 00 00 00 00 00 00 00 00 00 00 00 00 00 00 00 00 00 00 00 00 00 21 C7 37 D8 7E
[407207][00:01:15.211]7E FF 02 FF 0B 6D 20 81 68 05 BC 00 BE C1 4F 5C 00 FD 03 54 00 01 00 01 69 7F 94 01 60 00 03 B6 12 40 E4 00 57 98 53 10 00 73 01 0A F9 AF 30 10 88 FF 00 00 33 00 00 11 A1 00 00 01 23 CC 07 30 00 09 04 91 17 03 02 66 72 80 D7 00 00 00 00 00 00 00 00 00 00 00 00 00 00 00 00 00 00 00 00 00 00 00 00 00 00 00 00 00 00 00 00 0F 1C AB 08 7E
[407208][00:01:15.302]7E FF 02 FF 0C 6D 81 81 68 05 77 01 ED D4 74 5C 00 FD 03 54 00 01 00 01 69 7F 94 01 60 00 03 B6 12 40 E4 00 57 98 53 10 00 73 01 0A F9 AF 30 10 88 FF 00 00 33 00 00 11 A1 00 00 01 23 CC 07 30 00 09 04 91 17 03 02 66 72 80 D7 00 00 00 00 00 00 00 00 00 00 00 00 00 00 00 00 00 00 00 00 00 00 00 00 00 00 00 00 00 00 00 00 27 E3 1B CC 7E
[407209][00:01:15.347]7E FF 02 FF 0D 6D AF 81 68 05 83 01 22 62 86 5C 00 FD 03 54 00 01 00 01 69 7F 94 01 60 00 03 B6 12 40 E4 00 57 98 53 10 00 73 01 0A F9 AF 30 10 88 FF 00 00 33 00 00 11 A1 00 00 01 23 CC 07 30 00 09 04 91 17 03 02 66 72 80 D7 00 00 00 00 00 00 00 00 00 00 00 00 00 00 00 00 00 00 00 00 00 00 00 00 00 00 00 00 00 00 00 00 80 86 DE D0 7E
[407210][00:01:15.511]7E FF 02 FF 0E 6D 4A 82 68 05 94 02 51 9D C1 5C 00 FE 03 54 00 01 00 01 69 7F 94 01 60 00 03 B6 12 40 E4 00 57 98 53 10 00 73 01 0A F9 AF 30 10 88 FF 00 00 33 00 00 11 A1 00 00 01 23 CC 07 30 00 09 04 91 17 03 02 66 72 80 D7 00 00 00 00 00 00 00 00 00 00 00 00 00 00 00 00 00 00 00 00 00 00 00 00 00 00 00 00 00 00 00 00 62 01 3A 2B 7E
[407211][00:01:15.662]7E FF 02 FF 0F 6D E3 82 68 05 05 03 12 06 FC 5C 00 FD 03 54 00 01 00 01 69 7F 94 01 60 00 03 B6 12 40 E4 00 57 98 53 10 00 73 01 0A F9 AF 30 10 88 FF 00 00 33 00 00 11 A1 00 00 01 23 CC 07 30 00 09 04 91 17 03 02 66 72 80 D7 00 00 00 00 00 00 00 00 00 00 00 00 00 00 00 00 00 00 00 00 00 00 00 00 00 00 00 00 00 00 00 00 CE 7B F0 08 7E
[407212][00:01:15.781]7E FF 02 FF 10 6D 5A 83 68 05 96 00 3D 2E 29 5D 00 39 01 94 00 01 00 01 69 7F 94 20 F0 FF 01 99 12 79 42 00 E6 18 F1 00 02 FF 2F 01 5F 94 00 65 70 01 04 00 33 00 00 08 00 00 00 20 50 03 31 30 00 09 04 22 19 20 00 00 12 74 72 39 00 00 00 11 00 08 01 04 00 2E 00 00 00 00 00 35 30 02 08 00 00 00 00 04 00 00 02 01 00 00 00 00 00 40 00 00 00 00 00 00 80 00 00 00 80 00 00 02 20 00 82 00 00 10 00 20 20 00 02 00 00 00 20 01 01 01 01 01 01 01 02 04 05 04 04 04 02 01 01 02 52 F3 AF 66 00 00 00 00 00 00 00 00 00 00 00 12 A9 30 37 7E
[407213][00:01:15.797]7E FF 02 FF 11 6D 71 83 68 05 91 03 CE 3E 32 5D 00 FE 03 54 00 01 00 01 69 7F 94 01 60 00 03 B6 12 40 E4 00 57 98 53 10 00 73 01 0A F9 AF 30 10 88 FF 00 00 33 00 00 11 A1 00 00 01 23 CC 07 30 00 09 04 91 17 03 02 66 72 80 D7 00 00 00 00 00 00 00 00 00 00 00 00 00 00 00 00 00 00 00 00 00 00 00 00 00 00 00 00 00 00 00 00 0A E7 11 BB 7E
[407214][00:01:15.963]7E FF 02 FF 12 6D 16 84 68 05 C9 02 CA 1D 71 5D 00 FE 03 54 00 01 00 01 69 7F 94 01 60 00 03 B6 12 40 E4 00 57 98 53 10 00 73 01 0A F9 AF 30 10 88 FF 00 00 33 00 00 11 A1 00 00 01 23 CC 07 30 00 09 04 91 17 03 02 66 72 80 D7 00 00 00 00 00 00 00 00 00 00 00 00 00 00 00 00 00 00 00 00 00 00 00 00 00 00 00 00 00 00 00 00 3B AB A9 E3 7E
[407215][00:01:16.053]7E FF 02 FF 13 6D 6F 84 68 05 5A 01 59 EC 92 5D 00 FE 03 54 00 01 00 01 69 7F 94 01 60 00 03 B6 12 40 E4 00 57 98 53 10 00 73 01 0A F9 AF 30 10 88 FF 00 00 33 00 00 11 A1 00 00 01 23 CC 07 30 00 09 04 91 17 03 02 66 72 80 D7 00 00 00 00 00 00 00 00 00 00 00 00 00 00 00 00 00 00 00 00 00 00 00 00 00 00 00 00 00 00 00 00 99 79 22 B8 7E
[407216][00:01:16.606]7E FF 02 FF 14 6D 9F 86 68 05 67 01 58 94 68 5E 00 FE 03 10 00 01 00 02 69 7F 94 10 01 E0 00 01 00 02 00 00 54 EF 81 F8 D6 83 82 7E
[407217][00:01:16.756]7E FF 02 FF 15 6D 3B 87 68 05 07 03 67 3F A4 5E 00 FE 03 10 00 01 00 03 69 7F 94 F0 0C 35 09 00 00 00 10 02 8A F2 56 E9 FA 6D 0D 7E
[407218][00:01:16.862]7E FF 02 FF 16 6D 8A 87 68 05 68 00 85 1A C2 5E 00 3A 00 94 00 01 00 01 69 7F 94 49 A0 10 01 FC 13 79 44 00 DD 50 CA 90 04 0A 01 04 CE B0 00 43 70 EF 04 00 33 00 00 07 00 00 00 49 00 49 00 7D 00 37 00 02 48 00 00 01 28 08 00 01 32 29 20 88 61 01 40 CC 80 04 00 06 D8 50 CA 6A D7 02 A1 26 0A 7F 37 02 82 46 04 1E 20 A0 60 40 12 80 00 00 30 04 08 00 00 00 04 00 00 40 FE B4 97 43 00 00 00 00 00 00 00 00 00 00 00 00 00 00 00 00 00 00 00 00 00 00 00 00 00 00 00 00 00 00 00 00 00 00 00 00 00 00 00 00 00 00 00 00 00 18 2B E3 40 7E
[407219][00:01:16.907]7E FF 02 FF 17 6D C1 87 68 05 3E 03 65 5B D7 5E 00 38 00 94 00 01 00 01 69 7F 94 49 F0 FF 01 99 12 79 42 00 83 18 51 90 04 FF 2F 01 CF B0 00 6A 70 01 04 00 33 00 00 08 00 00 00 49 A0 10 42 30 00 09 03 55 07 20 00 00 12 74 72 39 00 00 00 1A 00 08 01 05 00 2A 00 00 00 00 00 0A 31 00 00 00 00 01 00 00 00 00 20 09 00 00 01 00 00 4C 80 00 00 02 00 00 08 00 01 02 A0 20 00 60 20 00 82 00 00 10 20 20 20 00 02 01 02 01 01 01 03 01 03 01 01 03 01 01 02 05 01 02 01 02 01 01 03 01 02 01 02 FC 4C 77 BD 00 00 00 00 00 00 74 3A FA BF 7E
[407220][00:01:17.147]7E FF 02 FF 18 6D FE 88 68 05 A3 02 E5 12 2A 5F 00 FD 03 14 01 01 00 01 69 7F 94 01 60 00 03 27 16 EB C0 00 98 5E C8 10 00 AE 00 03 FA AF 30 74 88 FF 00 00 33 00 00 11 03 00 00 01 02 83 06 CE 1E 28 0A FE FE FE FE 68 62 00 43 05 14 91 53 06 00 30 10 ED 30 10 00 3E 05 03 36 50 02 02 00 01 20 21 02 00 1C 07 EA 06 1D 0B 00 00 08 00 20 21 02 00 00 20 01 04 00 00 20 00 02 00 00 20 01 02 00 00 20 04 02 00 00 20 0A 02 00 00 00 10 02 01 00 00 20 02 01 00 01 10 F0 D5 56 98 83 8E 08 15 8F 01 3B 87 D4 9A 8C D7 1D FC 16 1E 12 10 AB 00 00 00 00 00 00 00 00 00 00 00 00 00 00 00 00 00 00 00 00 00 00 00 00 00 00 00 00 00 00 00 00 00 00 00 00 00 00 00 00 00 00 00 00 00 00 00 00 00 00 00 00 00 00 00 00 00 00 00 00 00 00 00 00 00 00 00 00 00 00 00 00 00 00 00 00 00 00 00 00 00 00 00 00 00 00 00 00 00 00 00 00 00 00 00 00 00 00 00 00 00 00 00 00 00 00 00 00 00 00 00 00 00 00 00 00 00 00 00 00 00 00 00 00 12 28 6E 76 7E
[407221][00:01:17.192]7E FF 02 FF 19 6D C7 88 68 05 75 01 93 1F 3B 5F 00 FD 03 14 01 01 00 01 69 7F 94 01 60 00 03 27 16 EB C4 00 89 5C 4C 10 00 AE 00 03 FA AF 30 74 88 FF 00 00 33 00 00 11 03 00 00 01 02 83 06 CE 1E 28 0A FE FE FE FE 68 62 00 43 05 14 91 53 06 00 30 10 ED 30 10 00 3E 05 03 36 50 02 02 00 01 20 21 02 00 1C 07 EA 06 1D 0B 00 00 08 00 20 21 02 00 00 20 01 04 00 00 20 00 02 00 00 20 01 02 00 00 20 04 02 00 00 20 0A 02 00 00 00 10 02 01 00 00 20 02 01 00 01 10 F0 D5 56 98 83 8E 08 15 8F 01 3B 87 D4 9A 8C D7 1D FC 16 1E 12 10 AB 00 00 00 00 00 00 00 00 00 00 00 00 00 00 00 00 00 00 00 00 00 00 00 00 00 00 00 00 00 00 00 00 00 00 00 00 00 00 00 00 00 00 00 00 00 00 00 00 00 00 00 00 00 00 00 00 00 00 00 00 00 00 00 00 00 00 00 00 00 00 00 00 00 00 00 00 00 00 00 00 00 00 00 00 00 00 00 00 00 00 00 00 00 00 00 00 00 00 00 00 00 00 00 00 00 00 00 00 00 00 00 00 00 00 00 00 00 00 00 00 00 00 00 00 BD 44 19 71 7E
[407222][00:01:17.266]7E FF 02 FF 1A 6D 09 89 68 05 96 03 AA 83 54 5F 00 FE 03 14 01 01 00 01 69 7F 94 01 60 00 03 27 16 EB C4 00 89 5C 4C 10 00 AE 00 03 FA AF 30 74 88 FF 00 00 33 00 00 11 03 00 00 01 02 83 06 CE 1E 28 0A FE FE FE FE 68 62 00 43 05 14 91 53 06 00 30 10 ED 30 10 00 3E 05 03 36 50 02 02 00 01 20 21 02 00 1C 07 EA 06 1D 0B 00 00 08 00 20 21 02 00 00 20 01 04 00 00 20 00 02 00 00 20 01 02 00 00 20 04 02 00 00 20 0A 02 00 00 00 10 02 01 00 00 20 02 01 00 01 10 F0 D5 56 98 83 8E 08 15 8F 01 3B 87 D4 9A 8C D7 1D FC 16 1E 12 10 AB 00 00 00 00 00 00 00 00 00 00 00 00 00 00 00 00 00 00 00 00 00 00 00 00 00 00 00 00 00 00 00 00 00 00 00 00 00 00 00 00 00 00 00 00 00 00 00 00 00 00 00 00 00 00 00 00 00 00 00 00 00 00 00 00 00 00 00 00 00 00 00 00 00 00 00 00 00 00 00 00 00 00 00 00 00 00 00 00 00 00 00 00 00 00 00 00 00 00 00 00 00 00 00 00 00 00 00 00 00 00 00 00 00 00 00 00 00 00 00 00 00 00 00 00 01 F0 B0 BC 7E
[407223][00:01:17.312]7E FF 02 FF 1B 6D 3B 89 68 05 16 00 6A 40 67 5F 00 FD 03 14 01 01 00 01 69 7F 94 01 60 00 03 27 16 EB C0 00 98 5E C8 10 00 F8 00 03 FB AF 30 74 88 FF 00 00 33 00 00 11 03 00 00 01 02 83 06 CF 1E 28 0A FE FE FE FE 68 62 00 43 05 93 24 54 06 00 30 10 C1 97 10 00 3E 05 03 37 50 02 02 00 01 20 21 02 00 1C 07 EA 06 1D 0B 00 00 08 00 20 21 02 00 00 20 01 04 00 00 20 00 02 00 00 20 01 02 00 00 20 04 02 00 00 20 0A 02 00 00 00 10 02 01 00 00 20 02 01 00 01 10 F0 D5 56 98 83 8E 08 15 8F 01 3B 87 D4 9A 8C D7 BA AC 16 15 BD EC 8C 00 00 00 00 00 00 00 00 00 00 00 00 00 00 00 00 00 00 00 00 00 00 00 00 00 00 00 00 00 00 00 00 00 00 00 00 00 00 00 00 00 00 00 00 00 00 00 00 00 00 00 00 00 00 00 00 00 00 00 00 00 00 00 00 00 00 00 00 00 00 00 00 00 00 00 00 00 00 00 00 00 00 00 00 00 00 00 00 00 00 00 00 00 00 00 00 00 00 00 00 00 00 00 00 00 00 00 00 00 00 00 00 00 00 00 00 00 00 00 00 00 00 00 00 8F BD 58 03 7E
[407224][00:01:17.358]7E FF 02 FF 1C 6D 69 89 68 05 4D 01 5B E8 78 5F 00 FD 03 14 01 01 00 01 69 7F 94 01 60 00 03 27 16 EB C4 00 89 5C 4C 10 00 F8 00 03 FB AF 30 74 88 FF 00 00 33 00 00 11 03 00 00 01 02 83 06 CF 1E 28 0A FE FE FE FE 68 62 00 43 05 93 24 54 06 00 30 10 C1 97 10 00 3E 05 03 37 50 02 02 00 01 20 21 02 00 1C 07 EA 06 1D 0B 00 00 08 00 20 21 02 00 00 20 01 04 00 00 20 00 02 00 00 20 01 02 00 00 20 04 02 00 00 20 0A 02 00 00 00 10 02 01 00 00 20 02 01 00 01 10 F0 D5 56 98 83 8E 08 15 8F 01 3B 87 D4 9A 8C D7 BA AC 16 15 BD EC 8C 00 00 00 00 00 00 00 00 00 00 00 00 00 00 00 00 00 00 00 00 00 00 00 00 00 00 00 00 00 00 00 00 00 00 00 00 00 00 00 00 00 00 00 00 00 00 00 00 00 00 00 00 00 00 00 00 00 00 00 00 00 00 00 00 00 00 00 00 00 00 00 00 00 00 00 00 00 00 00 00 00 00 00 00 00 00 00 00 00 00 00 00 00 00 00 00 00 00 00 00 00 00 00 00 00 00 00 00 00 00 00 00 00 00 00 00 00 00 00 00 00 00 00 00 8E 80 64 FA 7E
[407225][00:01:17.404]7E FF 02 FF 1D 6D 97 89 68 05 90 02 1E 94 8A 5F 00 FD 03 14 01 01 00 01 69 7F 94 01 60 00 03 27 16 EB C4 00 89 5C 4C 10 00 F8 00 03 FB AF 30 74 88 FF 00 00 33 00 00 11 03 00 00 01 02 83 06 CF 1E 28 0A FE FE FE FE 68 62 00 43 05 93 24 54 06 00 30 10 C1 97 10 00 3E 05 03 37 50 02 02 00 01 20 21 02 00 1C 07 EA 06 1D 0B 00 00 08 00 20 21 02 00 00 20 01 04 00 00 20 00 02 00 00 20 01 02 00 00 20 04 02 00 00 20 0A 02 00 00 00 10 02 01 00 00 20 02 01 00 01 10 F0 D5 56 98 83 8E 08 15 8F 01 3B 87 D4 9A 8C D7 BA AC 16 15 BD EC 8C 00 00 00 00 00 00 00 00 00 00 00 00 00 00 00 00 00 00 00 00 00 00 00 00 00 00 00 00 00 00 00 00 00 00 00 00 00 00 00 00 00 00 00 00 00 00 00 00 00 00 00 00 00 00 00 00 00 00 00 00 00 00 00 00 00 00 00 00 00 00 00 00 00 00 00 00 00 00 00 00 00 00 00 00 00 00 00 00 00 00 00 00 00 00 00 00 00 00 00 00 00 00 00 00 00 00 00 00 00 00 00 00 00 00 00 00 00 00 00 00 00 00 00 00 E4 DE A6 E0 7E
[407226][00:01:17.734]7E FF 02 FF 1E 6D 5B 8B 68 05 3D 03 02 EE 10 60 00 3D 00 94 00 01 00 01 69 7F 94 20 F0 FF 01 99 12 79 42 00 E6 18 F1 00 02 FF 2F 01 60 94 00 65 70 01 04 00 33 00 00 08 00 00 00 20 50 03 31 30 00 09 04 22 19 20 00 00 12 74 72 39 00 00 00 11 00 08 01 02 00 2E 00 00 00 00 00 35 30 02 08 00 00 00 00 04 00 00 02 01 00 00 00 00 00 40 00 00 00 00 00 00 80 00 00 00 80 00 00 02 20 00 82 00 00 10 00 20 20 00 02 00 00 00 20 01 01 01 01 01 01 01 02 04 05 04 04 04 02 01 01 02 B5 31 95 3B 00 00 00 00 00 00 00 00 00 00 00 1E 71 A9 B4 7E
[407227][00:01:18.124]7E FF 02 FF 1F 6D 6F 8C 68 05 5B 00 45 14 A0 60 00 FD 03 14 01 01 00 01 69 7F 94 01 60 00 03 27 16 EB C0 00 98 5E C8 10 00 16 01 03 FC AF 30 74 88 FF 00 00 33 00 00 11 03 00 00 01 02 83 06 CD 1E 28 0A FE FE FE FE 68 62 00 43 05 92 24 54 06 00 30 10 14 08 10 00 3E 05 03 35 50 02 02 00 01 20 21 02 00 1C 07 EA 06 1D 0B 00 00 08 00 20 21 02 00 00 20 01 04 00 00 20 00 02 00 00 20 01 02 00 00 20 04 02 00 00 20 0A 02 00 00 00 10 02 01 00 00 20 02 01 00 01 10 F0 D5 56 98 83 8E 08 15 8F 01 3B 87 D4 9A 8C D7 F4 0D 16 12 0D 5A 73 00 00 00 00 00 00 00 00 00 00 00 00 00 00 00 00 00 00 00 00 00 00 00 00 00 00 00 00 00 00 00 00 00 00 00 00 00 00 00 00 00 00 00 00 00 00 00 00 00 00 00 00 00 00 00 00 00 00 00 00 00 00 00 00 00 00 00 00 00 00 00 00 00 00 00 00 00 00 00 00 00 00 00 00 00 00 00 00 00 00 00 00 00 00 00 00 00 00 00 00 00 00 00 00 00 00 00 00 00 00 00 00 00 00 00 00 00 00 00 00 00 00 00 00 01 10 C8 E5 7E
[407228][00:01:18.170]7E FF 02 FF 20 6D 9B 8C 68 05 0D 01 9C EC B0 60 00 FE 03 14 01 01 00 01 69 7F 94 01 60 00 03 27 16 EB C4 00 89 5C 4C 10 00 16 01 03 FC AF 30 74 88 FF 00 00 33 00 00 11 03 00 00 01 02 83 06 CD 1E 28 0A FE FE FE FE 68 62 00 43 05 92 24 54 06 00 30 10 14 08 10 00 3E 05 03 35 50 02 02 00 01 20 21 02 00 1C 07 EA 06 1D 0B 00 00 08 00 20 21 02 00 00 20 01 04 00 00 20 00 02 00 00 20 01 02 00 00 20 04 02 00 00 20 0A 02 00 00 00 10 02 01 00 00 20 02 01 00 01 10 F0 D5 56 98 83 8E 08 15 8F 01 3B 87 D4 9A 8C D7 F4 0D 16 12 0D 5A 73 00 00 00 00 00 00 00 00 00 00 00 00 00 00 00 00 00 00 00 00 00 00 00 00 00 00 00 00 00 00 00 00 00 00 00 00 00 00 00 00 00 00 00 00 00 00 00 00 00 00 00 00 00 00 00 00 00 00 00 00 00 00 00 00 00 00 00 00 00 00 00 00 00 00 00 00 00 00 00 00 00 00 00 00 00 00 00 00 00 00 00 00 00 00 00 00 00 00 00 00 00 00 00 00 00 00 00 00 00 00 00 00 00 00 00 00 00 00 00 00 00 00 00 00 72 8E 19 12 7E
[407229][00:01:18.230]7E FF 02 FF 21 6D D7 8C 68 05 CA 01 7D E2 C7 60 00 FD 03 14 01 01 00 01 69 7F 94 01 60 00 03 27 16 EB C4 00 89 5C 4C 10 00 16 01 03 FC AF 30 74 88 FF 00 00 33 00 00 11 03 00 00 01 02 83 06 CD 1E 28 0A FE FE FE FE 68 62 00 43 05 92 24 54 06 00 30 10 14 08 10 00 3E 05 03 35 50 02 02 00 01 20 21 02 00 1C 07 EA 06 1D 0B 00 00 08 00 20 21 02 00 00 20 01 04 00 00 20 00 02 00 00 20 01 02 00 00 20 04 02 00 00 20 0A 02 00 00 00 10 02 01 00 00 20 02 01 00 01 10 F0 D5 56 98 83 8E 08 15 8F 01 3B 87 D4 9A 8C D7 F4 0D 16 12 0D 5A 73 00 00 00 00 00 00 00 00 00 00 00 00 00 00 00 00 00 00 00 00 00 00 00 00 00 00 00 00 00 00 00 00 00 00 00 00 00 00 00 00 00 00 00 00 00 00 00 00 00 00 00 00 00 00 00 00 00 00 00 00 00 00 00 00 00 00 00 00 00 00 00 00 00 00 00 00 00 00 00 00 00 00 00 00 00 00 00 00 00 00 00 00 00 00 00 00 00 00 00 00 00 00 00 00 00 00 00 00 00 00 00 00 00 00 00 00 00 00 00 00 00 00 00 00 9F 50 6B A8 7E
[407230][00:01:18.665]7E FF 02 FF 22 6D AB 8E 68 05 E3 01 0D 76 7A 61 00 FD 03 10 00 01 00 03 69 7F 94 F0 0C C5 01 00 00 00 10 02 34 47 48 F4 A9 36 6A 7E
[407231][00:01:18.696]7E FF 02 FF 23 6D B9 8E 68 05 8A 02 C1 D4 7F 61 00 3C 00 94 00 01 00 01 69 7F 94 49 A0 10 01 FC 13 79 44 00 DD 50 CA 90 04 0A 01 04 D0 B0 00 43 70 EF 04 00 33 00 00 07 00 00 00 49 00 49 00 73 00 37 00 02 40 00 00 01 28 08 00 01 32 29 20 08 61 01 40 CC 80 04 00 06 D0 50 4A 4A D7 02 A1 26 08 6F 37 02 82 46 04 16 20 A0 60 40 12 80 00 00 30 04 08 00 00 00 04 00 00 40 08 97 A5 18 00 00 00 00 00 00 00 00 00 00 00 00 00 00 00 00 00 00 00 00 00 00 00 00 00 00 00 00 00 00 00 00 00 00 00 00 00 00 00 00 00 00 00 00 00 85 E2 63 59 7E
[407232][00:01:18.891]7E FF 02 FF 24 6D 73 8F 68 05 FE 01 30 BC C6 61 00 37 00 94 00 01 00 01 69 7F 94 49 A0 10 01 FC 13 79 44 00 DD 50 CA 90 04 0A 01 04 D0 B0 00 43 70 EF 04 00 33 00 00 07 00 00 00 49 00 49 00 73 00 37 00 02 40 00 00 01 28 08 00 01 32 29 20 08 61 01 40 CC 80 04 00 06 D0 50 4A 4A D7 02 A1 26 08 6F 37 02 82 46 04 16 20 A0 60 40 12 80 00 00 30 04 08 00 00 00 04 00 00 40 08 97 A5 18 00 00 00 00 00 00 00 00 00 00 00 00 00 00 00 00 00 00 00 00 00 00 00 00 00 00 00 00 00 00 00 00 00 00 00 00 00 00 00 00 00 00 00 00 00 0B 34 37 8E 7E
[407233][00:01:18.935]7E FF 02 FF 25 6D 0A 90 68 05 69 03 3D 52 DA 61 00 35 00 94 00 01 00 01 69 7F 94 49 A0 10 01 FC 13 79 44 00 DD 50 CA 90 04 0A 01 04 D0 B0 00 43 70 EF 04 00 33 00 00 07 00 00 00 49 00 49 00 73 00 37 00 02 40 00 00 01 28 08 00 01 32 29 20 08 61 01 40 CC 80 04 00 06 D0 50 4A 4A D7 02 A1 26 08 6F 37 02 82 46 04 16 20 A0 60 40 12 80 00 00 30 04 08 00 00 00 04 00 00 40 08 97 A5 18 00 00 00 00 00 00 00 00 00 00 00 00 00 00 00 00 00 00 00 00 00 00 00 00 00 00 00 00 00 00 00 00 00 00 00 00 00 00 00 00 00 00 00 00 00 64 E0 87 5E 7E
[407234][00:01:19.609]7E FF 02 FF 26 6D 27 92 68 05 79 02 4C C0 CE 62 00 FD 03 15 02 01 00 00 69 7F 94 4F C0 CE 62 01 90 E8 02 00 DA E9 B5 CA 33 20 00 00 12 74 72 FD 06 00 00 10 02 00 00 00 00 00 00 05 00 0F 01 00 00 64 20 00 00 12 74 72 04 00 00 01 0A D0 02 9A 02 30 00 39 00 06 0A CC C3 D5 31 13 3F 27 62 C0 D5 00 59 33 00 41 24 32 00 00 00 00 46 8F CD 62 FA 39 00 00 24 00 0E 50 15 50 1C 50 31 50 0C 50 04 50 87 50 8A 50 93 51 34 50 36 50 08 50 40 51 D8 50 62 50 3E 50 1A 50 06 50 BA 51 5D 50 29 50 39 51 75 50 7C 51 BC 50 D8 51 5B 50 D9 50 9D 50 80 50 2E 50 05 50 44 51 35 50 42 51 68 51 F8 51 2D 50 34 51 E1 50 0A 51 EE 50 53 50 68 50 29 51 2D 51 DF 50 6C 51 26 51 FE 51 11 51 CF 50 1A 51 F2 50 86 50 82 50 FA 51 16 51 CA 50 AC 50 72 51 14 51 A2 50 A2 30 12 51 AA 41 57 40 5C 40 8B 40 2F 41 F4 40 28 40 B9 40 37 41 55 40 EA 40 B7 40 10 40 A8 40 B2 40 54 41 A7 40 C5 40 FF 40 DB 40 FE 40 EC 40 F3 40 F0 80 7C 15 00 01 C4 09 00 02 AC 0D 00 03 03 04 9A 05 9A 05 68 41 2E 41 01 41 60 40 0B 40 2A 40 25 40 28 40 9A 40 26 40 19 40 FD 40 47 41 70 40 42 41 03 40 4F 41 A5 40 E6 40 21 40 50 40 37 41 32 40 E8 40 4B 81 94 11 00 01 C4 09 00 02 B8 0B 00 03 03 04 9A 05 03 04 9A 05 9A 05 9A 05 F1 81 88 13 00 01 D0 07 00 02 C4 09 00 03 03 04 9A 05 CF 41 D0 41 27 41 C1 40 D1 41 D2 41 31 41 BD 41 D3 41 26 40 D4 41 D5 41 C9 41 68 41 EE 40 4C 40 20 40 32 41 2C 40 F0 80 88 13 00 01 E8 03 00 02 C4 09 00 03 03 04 9A 05 00 00 00 00 00 00 00 00 00 00 00 00 00 00 00 00 00 00 00 00 00 00 00 00 00 00 00 00 00 00 00 00 00 00 00 00 00 00 00 00 00 00 00 00 00 00 00 00 00 00 00 00 00 00 00 00 00 00 00 00 00 00 00 00 00 00 00 00 00 00 00 00 00 00 00 00 00 00 00 00 00 00 00 00 00 00 00 00 00 00 B1 A5 B5 C6 FA 13 13 6A 7E
[407235][00:01:19.668]7E FF 02 FF 27 6D 2B 92 68 05 FB 00 17 21 CF 62 01 22 0D 15 02 01 00 00 69 7F 94 88 1F CF 62 01 20 05 00 00 48 D6 52 CA 33 20 00 00 12 74 72 FD 06 00 00 10 02 00 00 00 00 00 00 05 00 0F 01 00 00 64 20 00 00 12 74 72 04 00 00 01 0A D0 02 9A 02 30 00 39 00 06 0A CC C3 D5 31 13 3F 27 62 C0 D5 00 59 33 00 41 24 32 00 00 00 00 46 8F CD 62 FA 39 00 00 24 00 0E 50 15 50 1C 50 31 50 0C 50 04 50 87 50 8A 50 93 51 34 50 36 50 08 50 40 51 D8 50 62 50 3E 50 1A 50 06 50 BA 51 5D 50 29 50 39 51 75 50 7C 51 BC 50 D8 51 5B 50 D9 50 9D 50 80 50 2E 50 05 50 44 51 35 50 42 51 68 51 F8 51 2D 50 34 51 E1 50 0A 51 EE 50 53 50 68 50 29 51 2D 51 DF 50 6C 51 26 51 FE 51 11 51 CF 50 1A 51 F2 50 86 50 82 50 FA 51 16 51 CA 50 AC 50 72 51 14 51 A2 50 A2 30 12 51 AA 41 57 40 5C 40 8B 40 2F 41 F4 40 28 40 B9 40 37 41 55 40 EA 40 B7 40 10 40 A8 40 B2 40 54 41 A7 40 C5 40 FF 40 DB 40 FE 40 EC 40 F3 40 F0 80 7C 15 00 01 C4 09 00 02 AC 0D 00 03 03 04 9A 05 9A 05 68 41 2E 41 01 41 60 40 0B 40 2A 40 25 40 28 40 9A 40 26 40 19 40 FD 40 47 41 70 40 42 41 03 40 4F 41 A5 40 E6 40 21 40 50 40 37 41 32 40 E8 40 4B 81 94 11 00 01 C4 09 00 02 B8 0B 00 03 03 04 9A 05 03 04 9A 05 9A 05 9A 05 F1 81 88 13 00 01 D0 07 00 02 C4 09 00 03 03 04 9A 05 CF 41 D0 41 27 41 C1 40 D1 41 D2 41 31 41 BD 41 D3 41 26 40 D4 41 D5 41 C9 41 68 41 EE 40 4C 40 20 40 32 41 2C 40 F0 80 88 13 00 01 E8 03 00 02 C4 09 00 03 03 04 9A 05 00 00 00 00 00 00 00 00 00 00 00 00 00 00 00 00 00 00 00 00 00 00 00 00 00 00 00 00 00 00 00 00 00 00 00 00 00 00 00 00 00 00 00 00 00 00 00 00 00 00 00 00 00 00 00 00 00 00 00 00 00 00 00 00 00 00 00 00 00 00 00 00 00 00 00 00 00 00 00 00 00 00 00 00 00 00 00 00 00 00 B1 A5 B5 C6 79 5D E9 0D 7E
[407236][00:01:19.713]7E FF 02 FF 28 6D 4A 92 68 05 3E 02 C4 13 DC 62 00 00 03 15 02 01 00 00 69 7F 94 C1 13 DC 62 01 90 E8 04 00 7C 71 85 CA 33 20 00 00 12 74 72 FD 06 00 00 10 02 00 00 00 00 00 00 05 00 0F 01 00 00 64 20 00 00 12 74 72 04 00 00 01 0A D0 02 9A 02 30 00 39 00 06 0A CC C3 D5 31 13 3F 27 62 C0 D5 00 59 33 00 41 24 32 00 00 00 00 46 8F CD 62 FA 39 00 00 24 00 0E 50 15 50 1C 50 31 50 0C 50 04 50 87 50 8A 50 93 51 34 50 36 50 08 50 40 51 D8 50 62 50 3E 50 1A 50 06 50 BA 51 5D 50 29 50 39 51 75 50 7C 51 BC 50 D8 51 5B 50 D9 50 9D 50 80 50 2E 50 05 50 44 51 35 50 42 51 68 51 F8 51 2D 50 34 51 E1 50 0A 51 EE 50 53 50 68 50 29 51 2D 51 DF 50 6C 51 26 51 FE 51 11 51 CF 50 1A 51 F2 50 86 50 82 50 FA 51 16 51 CA 50 AC 50 72 51 14 51 A2 50 A2 30 12 51 AA 41 57 40 5C 40 8B 40 2F 41 F4 40 28 40 B9 40 37 41 55 40 EA 40 B7 40 10 40 A8 40 B2 40 54 41 A7 40 C5 40 FF 40 DB 40 FE 40 EC 40 F3 40 F0 80 7C 15 00 01 C4 09 00 02 AC 0D 00 03 03 04 9A 05 9A 05 68 41 2E 41 01 41 60 40 0B 40 2A 40 25 40 28 40 9A 40 26 40 19 40 FD 40 47 41 70 40 42 41 03 40 4F 41 A5 40 E6 40 21 40 50 40 37 41 32 40 E8 40 4B 81 94 11 00 01 C4 09 00 02 B8 0B 00 03 03 04 9A 05 03 04 9A 05 9A 05 9A 05 F1 81 88 13 00 01 D0 07 00 02 C4 09 00 03 03 04 9A 05 CF 41 D0 41 27 41 C1 40 D1 41 D2 41 31 41 BD 41 D3 41 26 40 D4 41 D5 41 C9 41 68 41 EE 40 4C 40 20 40 32 41 2C 40 F0 80 88 13 00 01 E8 03 00 02 C4 09 00 03 03 04 9A 05 00 00 00 00 00 00 00 00 00 00 00 00 00 00 00 00 00 00 00 00 00 00 00 00 00 00 00 00 00 00 00 00 00 00 00 00 00 00 00 00 00 00 00 00 00 00 00 00 00 00 00 00 00 00 00 00 00 00 00 00 00 00 00 00 00 00 00 00 00 00 00 00 00 00 00 00 00 00 00 00 00 00 00 00 00 00 00 00 00 00 B1 A5 B5 C6 12 C6 03 6F 7E
[407237][00:01:19.759]7E FF 02 FF 29 6D 6E 92 68 05 07 02 DD CA E9 62 00 FF 03 15 02 01 00 00 69 7F 94 D9 CA E9 62 01 90 E8 06 00 34 26 56 CA 33 20 00 00 12 74 72 FD 06 00 00 10 02 00 00 00 00 00 00 05 00 0F 01 00 00 64 20 00 00 12 74 72 04 00 00 01 0A D0 02 9A 02 30 00 39 00 06 0A CC C3 D5 31 13 3F 27 62 C0 D5 00 59 33 00 41 24 32 00 00 00 00 46 8F CD 62 FA 39 00 00 24 00 0E 50 15 50 1C 50 31 50 0C 50 04 50 87 50 8A 50 93 51 34 50 36 50 08 50 40 51 D8 50 62 50 3E 50 1A 50 06 50 BA 51 5D 50 29 50 39 51 75 50 7C 51 BC 50 D8 51 5B 50 D9 50 9D 50 80 50 2E 50 05 50 44 51 35 50 42 51 68 51 F8 51 2D 50 34 51 E1 50 0A 51 EE 50 53 50 68 50 29 51 2D 51 DF 50 6C 51 26 51 FE 51 11 51 CF 50 1A 51 F2 50 86 50 82 50 FA 51 16 51 CA 50 AC 50 72 51 14 51 A2 50 A2 30 12 51 AA 41 57 40 5C 40 8B 40 2F 41 F4 40 28 40 B9 40 37 41 55 40 EA 40 B7 40 10 40 A8 40 B2 40 54 41 A7 40 C5 40 FF 40 DB 40 FE 40 EC 40 F3 40 F0 80 7C 15 00 01 C4 09 00 02 AC 0D 00 03 03 04 9A 05 9A 05 68 41 2E 41 01 41 60 40 0B 40 2A 40 25 40 28 40 9A 40 26 40 19 40 FD 40 47 41 70 40 42 41 03 40 4F 41 A5 40 E6 40 21 40 50 40 37 41 32 40 E8 40 4B 81 94 11 00 01 C4 09 00 02 B8 0B 00 03 03 04 9A 05 03 04 9A 05 9A 05 9A 05 F1 81 88 13 00 01 D0 07 00 02 C4 09 00 03 03 04 9A 05 CF 41 D0 41 27 41 C1 40 D1 41 D2 41 31 41 BD 41 D3 41 26 40 D4 41 D5 41 C9 41 68 41 EE 40 4C 40 20 40 32 41 2C 40 F0 80 88 13 00 01 E8 03 00 02 C4 09 00 03 03 04 9A 05 00 00 00 00 00 00 00 00 00 00 00 00 00 00 00 00 00 00 00 00 00 00 00 00 00 00 00 00 00 00 00 00 00 00 00 00 00 00 00 00 00 00 00 00 00 00 00 00 00 00 00 00 00 00 00 00 00 00 00 00 00 00 00 00 00 00 00 00 00 00 00 00 00 00 00 00 00 00 00 00 00 00 00 00 00 00 00 00 00 00 B1 A5 B5 C6 6B 76 01 2F 7E
[407238][00:01:19.820]7E FF 02 FF 2A 6D B5 92 68 05 33 00 2D B2 04 63 00 37 01 15 02 01 00 00 69 7F 94 C6 B1 04 63 15 90 E8 06 00 22 15 76 C9 33 20 00 00 12 74 72 FD 06 00 00 10 02 00 00 00 00 00 00 05 00 0F 15 10 00 64 30 00 09 80 95 26 12 00 03 01 0A D0 02 9A 02 30 00 39 00 06 0A CC C3 D5 31 13 3F 27 62 C0 D5 00 59 33 00 41 24 32 00 00 00 00 46 8F CD 62 FA 39 00 00 24 00 0E 50 15 50 1C 50 31 50 0C 50 04 50 87 50 8A 50 93 51 34 50 36 50 08 50 40 51 D8 50 62 50 3E 50 1A 50 06 50 BA 51 5D 50 29 50 39 51 75 50 7C 51 BC 50 D8 51 5B 50 D9 50 9D 50 80 50 2E 50 05 50 44 51 35 50 42 51 68 51 F8 51 2D 50 34 51 E1 50 0A 51 EE 50 53 50 68 50 29 51 2D 51 DF 50 6C 51 26 51 FE 51 11 51 CF 50 1A 51 F2 50 86 50 82 50 FA 51 16 51 CA 50 AC 50 72 51 14 51 A2 50 A2 30 12 51 AA 41 57 40 5C 40 8B 40 2F 41 F4 40 28 40 B9 40 37 41 55 40 EA 40 B7 40 10 40 A8 40 B2 40 54 41 A7 40 C5 40 FF 40 DB 40 FE 40 EC 40 F3 40 F0 80 7C 15 00 01 C4 09 00 02 AC 0D 00 03 03 04 9A 05 9A 05 68 41 2E 41 01 41 60 40 0B 40 2A 40 25 40 28 40 9A 40 26 40 19 40 FD 40 47 41 70 40 42 41 03 40 4F 41 A5 40 E6 40 21 40 50 40 37 41 32 40 E8 40 4B 81 94 11 00 01 C4 09 00 02 B8 0B 00 03 03 04 9A 05 03 04 9A 05 9A 05 9A 05 F1 81 88 13 00 01 D0 07 00 02 C4 09 00 03 03 04 9A 05 CF 41 D0 41 27 41 C1 40 D1 41 D2 41 31 41 BD 41 D3 41 26 40 D4 41 D5 41 C9 41 68 41 EE 40 4C 40 20 40 32 41 2C 40 F0 80 88 13 00 01 E8 03 00 02 C4 09 00 03 03 04 9A 05 00 00 00 00 00 00 00 00 00 00 00 00 00 00 00 00 00 00 00 00 00 00 00 00 00 00 00 00 00 00 00 00 00 00 00 00 00 00 00 00 00 00 00 00 00 00 00 00 00 00 00 00 00 00 00 00 00 00 00 00 00 00 00 00 00 00 00 00 00 00 00 00 00 00 00 00 00 00 00 00 00 00 00 00 00 00 00 00 00 00 1F 1C 67 D9 74 65 8E DD 7E
[407239][00:01:19.866]7E FF 02 FF 2B 6D 27 93 68 05 31 00 86 0A 0A 63 00 3B 01 15 02 01 00 00 69 7F 94 22 0A 0A 63 15 90 E8 06 00 76 77 F9 C9 33 20 00 00 12 74 72 FD 06 00 00 10 02 00 00 00 00 00 00 05 00 0F 15 10 00 64 30 00 09 80 95 26 12 00 03 01 0A D0 02 9A 02 30 00 39 00 06 0A CC C3 D5 31 13 3F 27 62 C0 D5 00 59 33 00 41 24 32 00 00 00 00 46 8F CD 62 FA 39 00 00 24 00 0E 50 15 50 1C 50 31 50 0C 50 04 50 87 50 8A 50 93 51 34 50 36 50 08 50 40 51 D8 50 62 50 3E 50 1A 50 06 50 BA 51 5D 50 29 50 39 51 75 50 7C 51 BC 50 D8 51 5B 50 D9 50 9D 50 80 50 2E 50 05 50 44 51 35 50 42 51 68 51 F8 51 2D 50 34 51 E1 50 0A 51 EE 50 53 50 68 50 29 51 2D 51 DF 50 6C 51 26 51 FE 51 11 51 CF 50 1A 51 F2 50 86 50 82 50 FA 51 16 51 CA 50 AC 50 72 51 14 51 A2 50 A2 30 12 51 AA 41 57 40 5C 40 8B 40 2F 41 F4 40 28 40 B9 40 37 41 55 40 EA 40 B7 40 10 40 A8 40 B2 40 54 41 A7 40 C5 40 FF 40 DB 40 FE 40 EC 40 F3 40 F0 80 7C 15 00 01 C4 09 00 02 AC 0D 00 03 03 04 9A 05 9A 05 68 41 2E 41 01 41 60 40 0B 40 2A 40 25 40 28 40 9A 40 26 40 19 40 FD 40 47 41 70 40 42 41 03 40 4F 41 A5 40 E6 40 21 40 50 40 37 41 32 40 E8 40 4B 81 94 11 00 01 C4 09 00 02 B8 0B 00 03 03 04 9A 05 03 04 9A 05 9A 05 9A 05 F1 81 88 13 00 01 D0 07 00 02 C4 09 00 03 03 04 9A 05 CF 41 D0 41 27 41 C1 40 D1 41 D2 41 31 41 BD 41 D3 41 26 40 D4 41 D5 41 C9 41 68 41 EE 40 4C 40 20 40 32 41 2C 40 F0 80 88 13 00 01 E8 03 00 02 C4 09 00 03 03 04 9A 05 00 00 00 00 00 00 00 00 00 00 00 00 00 00 00 00 00 00 00 00 00 00 00 00 00 00 00 00 00 00 00 00 00 00 00 00 00 00 00 00 00 00 00 00 00 00 00 00 00 00 00 00 00 00 00 00 00 00 00 00 00 00 00 00 00 00 00 00 00 00 00 00 00 00 00 00 00 00 00 00 00 00 00 00 00 00 00 00 00 00 1F 1C 67 D9 CE FF 1B 58 7E
[407240][00:01:19.912]7E FF 02 FF 2C 6D D9 92 68 05 2F 00 CB 6D 12 63 00 38 01 15 02 01 00 00 69 7F 94 66 6D 12 63 1C 90 E8 06 00 38 46 C0 C9 33 20 00 00 12 74 72 FD 06 00 00 10 02 00 00 00 00 00 00 05 00 0F 1C 10 00 64 30 00 09 80 93 77 12 00 03 01 0A D0 02 9A 02 30 00 39 00 06 0A CC C3 D5 31 13 3F 27 62 C0 D5 00 59 33 00 41 24 32 00 00 00 00 46 8F CD 62 FA 39 00 00 24 00 0E 50 15 50 1C 50 31 50 0C 50 04 50 87 50 8A 50 93 51 34 50 36 50 08 50 40 51 D8 50 62 50 3E 50 1A 50 06 50 BA 51 5D 50 29 50 39 51 75 50 7C 51 BC 50 D8 51 5B 50 D9 50 9D 50 80 50 2E 50 05 50 44 51 35 50 42 51 68 51 F8 51 2D 50 34 51 E1 50 0A 51 EE 50 53 50 68 50 29 51 2D 51 DF 50 6C 51 26 51 FE 51 11 51 CF 50 1A 51 F2 50 86 50 82 50 FA 51 16 51 CA 50 AC 50 72 51 14 51 A2 50 A2 30 12 51 AA 41 57 40 5C 40 8B 40 2F 41 F4 40 28 40 B9 40 37 41 55 40 EA 40 B7 40 10 40 A8 40 B2 40 54 41 A7 40 C5 40 FF 40 DB 40 FE 40 EC 40 F3 40 F0 80 7C 15 00 01 C4 09 00 02 AC 0D 00 03 03 04 9A 05 9A 05 68 41 2E 41 01 41 60 40 0B 40 2A 40 25 40 28 40 9A 40 26 40 19 40 FD 40 47 41 70 40 42 41 03 40 4F 41 A5 40 E6 40 21 40 50 40 37 41 32 40 E8 40 4B 81 94 11 00 01 C4 09 00 02 B8 0B 00 03 03 04 9A 05 03 04 9A 05 9A 05 9A 05 F1 81 88 13 00 01 D0 07 00 02 C4 09 00 03 03 04 9A 05 CF 41 D0 41 27 41 C1 40 D1 41 D2 41 31 41 BD 41 D3 41 26 40 D4 41 D5 41 C9 41 68 41 EE 40 4C 40 20 40 32 41 2C 40 F0 80 88 13 00 01 E8 03 00 02 C4 09 00 03 03 04 9A 05 00 00 00 00 00 00 00 00 00 00 00 00 00 00 00 00 00 00 00 00 00 00 00 00 00 00 00 00 00 00 00 00 00 00 00 00 00 00 00 00 00 00 00 00 00 00 00 00 00 00 00 00 00 00 00 00 00 00 00 00 00 00 00 00 00 00 00 00 00 00 00 00 00 00 00 00 00 00 00 00 00 00 00 00 00 00 00 00 00 00 16 5A 44 77 F6 CF 25 9D 7E
[407241][00:01:19.956]7E FF 02 FF 2D 6D E7 92 68 05 32 00 29 C6 17 63 00 37 01 15 02 01 00 00 69 7F 94 C2 C5 17 63 1C 90 E8 06 00 0D 5E 41 C9 33 20 00 00 12 74 72 FD 06 00 00 10 02 00 00 00 00 00 00 05 00 0F 1C 10 00 64 30 00 09 80 93 77 12 00 03 01 0A D0 02 9A 02 30 00 39 00 06 0A CC C3 D5 31 13 3F 27 62 C0 D5 00 59 33 00 41 24 32 00 00 00 00 46 8F CD 62 FA 39 00 00 24 00 0E 50 15 50 1C 50 31 50 0C 50 04 50 87 50 8A 50 93 51 34 50 36 50 08 50 40 51 D8 50 62 50 3E 50 1A 50 06 50 BA 51 5D 50 29 50 39 51 75 50 7C 51 BC 50 D8 51 5B 50 D9 50 9D 50 80 50 2E 50 05 50 44 51 35 50 42 51 68 51 F8 51 2D 50 34 51 E1 50 0A 51 EE 50 53 50 68 50 29 51 2D 51 DF 50 6C 51 26 51 FE 51 11 51 CF 50 1A 51 F2 50 86 50 82 50 FA 51 16 51 CA 50 AC 50 72 51 14 51 A2 50 A2 30 12 51 AA 41 57 40 5C 40 8B 40 2F 41 F4 40 28 40 B9 40 37 41 55 40 EA 40 B7 40 10 40 A8 40 B2 40 54 41 A7 40 C5 40 FF 40 DB 40 FE 40 EC 40 F3 40 F0 80 7C 15 00 01 C4 09 00 02 AC 0D 00 03 03 04 9A 05 9A 05 68 41 2E 41 01 41 60 40 0B 40 2A 40 25 40 28 40 9A 40 26 40 19 40 FD 40 47 41 70 40 42 41 03 40 4F 41 A5 40 E6 40 21 40 50 40 37 41 32 40 E8 40 4B 81 94 11 00 01 C4 09 00 02 B8 0B 00 03 03 04 9A 05 03 04 9A 05 9A 05 9A 05 F1 81 88 13 00 01 D0 07 00 02 C4 09 00 03 03 04 9A 05 CF 41 D0 41 27 41 C1 40 D1 41 D2 41 31 41 BD 41 D3 41 26 40 D4 41 D5 41 C9 41 68 41 EE 40 4C 40 20 40 32 41 2C 40 F0 80 88 13 00 01 E8 03 00 02 C4 09 00 03 03 04 9A 05 00 00 00 00 00 00 00 00 00 00 00 00 00 00 00 00 00 00 00 00 00 00 00 00 00 00 00 00 00 00 00 00 00 00 00 00 00 00 00 00 00 00 00 00 00 00 00 00 00 00 00 00 00 00 00 00 00 00 00 00 00 00 00 00 00 00 00 00 00 00 00 00 00 00 00 00 00 00 00 00 00 00 00 00 00 00 00 00 00 00 16 5A 44 77 C5 61 BA 3C 7E
[407242][00:01:20.017]7E FF 02 FF 2E 6D 68 93 68 05 43 03 1E 48 49 63 00 28 03 15 02 01 00 00 69 7F 94 85 4A 49 63 87 90 E8 06 00 06 BA AA C9 33 20 00 00 12 74 72 FD 06 00 00 10 02 00 00 00 00 00 00 05 00 0F 87 10 00 4D 70 00 00 68 35 16 12 00 03 01 0A D0 02 9A 02 30 00 39 00 06 0A CC C3 D5 31 13 3F 27 62 C0 D5 00 59 33 00 41 24 32 00 00 00 00 46 8F CD 62 FA 39 00 00 24 00 0E 50 15 50 1C 50 31 50 0C 50 04 50 87 50 8A 50 93 51 34 50 36 50 08 50 40 51 D8 50 62 50 3E 50 1A 50 06 50 BA 51 5D 50 29 50 39 51 75 50 7C 51 BC 50 D8 51 5B 50 D9 50 9D 50 80 50 2E 50 05 50 44 51 35 50 42 51 68 51 F8 51 2D 50 34 51 E1 50 0A 51 EE 50 53 50 68 50 29 51 2D 51 DF 50 6C 51 26 51 FE 51 11 51 CF 50 1A 51 F2 50 86 50 82 50 FA 51 16 51 CA 50 AC 50 72 51 14 51 A2 50 A2 30 12 51 AA 41 57 40 5C 40 8B 40 2F 41 F4 40 28 40 B9 40 37 41 55 40 EA 40 B7 40 10 40 A8 40 B2 40 54 41 A7 40 C5 40 FF 40 DB 40 FE 40 EC 40 F3 40 F0 80 7C 15 00 01 C4 09 00 02 AC 0D 00 03 03 04 9A 05 00 00 00 00 00 00 00 00 00 00 00 00 00 00 00 00 00 00 00 00 00 00 00 00 00 00 00 00 00 00 00 00 00 00 00 00 00 00 00 00 00 00 00 00 00 00 00 00 00 00 00 00 00 00 00 00 00 00 00 00 00 00 00 00 00 00 00 00 00 00 00 00 00 00 00 00 00 00 00 00 00 00 00 00 00 00 00 00 00 00 00 00 00 00 00 00 00 00 00 00 00 00 00 00 00 00 00 00 00 00 00 00 00 00 00 00 00 00 00 00 00 00 00 00 00 00 00 00 00 00 00 00 00 00 00 00 00 00 00 00 00 00 00 00 00 00 00 00 00 00 00 00 00 00 00 00 00 00 00 00 00 00 00 00 00 00 00 00 00 00 00 00 00 00 00 00 00 00 00 00 00 00 00 00 00 00 00 00 00 00 00 00 00 00 00 00 00 00 00 00 00 00 00 00 00 00 00 00 00 00 00 00 00 00 00 00 00 00 00 00 00 00 00 00 00 00 00 00 00 00 00 00 00 00 00 00 00 00 00 00 CE 33 64 6E 0B B7 2D 6A 7E
[407243][00:01:20.227]7E FF 02 FF 2F 6D 89 94 68 05 17 00 64 39 B7 63 00 35 01 15 02 01 00 00 69 7F 94 E6 38 B7 63 62 90 E8 04 00 D1 87 9A C9 33 20 00 00 12 74 72 FD 06 00 00 10 02 00 00 00 00 00 00 05 00 0F 62 10 00 64 30 00 09 81 09 37 12 00 02 01 0A D0 02 9A 02 30 00 39 00 06 0A CC C3 D5 31 13 3F 27 62 C0 D5 00 59 33 00 41 24 32 00 00 00 00 46 8F CD 62 FA 39 00 00 24 00 0E 50 15 50 1C 50 31 50 0C 50 04 50 87 50 8A 50 93 51 34 50 36 50 08 50 40 51 D8 50 62 50 3E 50 1A 50 06 50 BA 51 5D 50 29 50 39 51 75 50 7C 51 BC 50 D8 51 5B 50 D9 50 9D 50 80 50 2E 50 05 50 44 51 35 50 42 51 68 51 F8 51 2D 50 34 51 E1 50 0A 51 EE 50 53 50 68 50 29 51 2D 51 DF 50 6C 51 26 51 FE 51 11 51 CF 50 1A 51 F2 50 86 50 82 50 FA 51 16 51 CA 50 AC 50 72 51 14 51 A2 50 A2 30 12 51 AA 41 57 40 5C 40 8B 40 2F 41 F4 40 28 40 B9 40 37 41 55 40 EA 40 B7 40 10 40 A8 40 B2 40 54 41 A7 40 C5 40 FF 40 DB 40 FE 40 EC 40 F3 40 F0 80 7C 15 00 01 C4 09 00 02 AC 0D 00 03 03 04 9A 05 9A 05 68 41 2E 41 01 41 60 40 0B 40 2A 40 25 40 28 40 9A 40 26 40 19 40 FD 40 47 41 70 40 42 41 03 40 4F 41 A5 40 E6 40 21 40 50 40 37 41 32 40 E8 40 4B 81 94 11 00 01 C4 09 00 02 B8 0B 00 03 03 04 9A 05 03 04 9A 05 9A 05 9A 05 F1 81 88 13 00 01 D0 07 00 02 C4 09 00 03 03 04 9A 05 CF 41 D0 41 27 41 C1 40 D1 41 D2 41 31 41 BD 41 D3 41 26 40 D4 41 D5 41 C9 41 68 41 EE 40 4C 40 20 40 32 41 2C 40 F0 80 88 13 00 01 E8 03 00 02 C4 09 00 03 03 04 9A 05 00 00 00 00 00 00 00 00 00 00 00 00 00 00 00 00 00 00 00 00 00 00 00 00 00 00 00 00 00 00 00 00 00 00 00 00 00 00 00 00 00 00 00 00 00 00 00 00 00 00 00 00 00 00 00 00 00 00 00 00 00 00 00 00 00 00 00 00 00 00 00 00 00 00 00 00 00 00 00 00 00 00 00 00 00 00 00 00 00 00 9C B8 9A 6E 51 A6 61 B9 7E
[407244][00:01:20.302]7E FF 02 FF 31 6D AD 94 68 05 2C 00 0D F5 C4 63 00 35 01 15 02 01 00 00 69 7F 94 86 F4 C4 63 3E 90 E8 04 00 77 55 08 C9 33 20 00 00 12 74 72 FD 06 00 00 10 02 00 00 00 00 00 00 05 00 0F 3E 10 00 64 30 00 09 80 94 75 12 00 02 01 0A D0 02 9A 02 30 00 39 00 06 0A CC C3 D5 31 13 3F 27 62 C0 D5 00 59 33 00 41 24 32 00 00 00 00 46 8F CD 62 FA 39 00 00 24 00 0E 50 15 50 1C 50 31 50 0C 50 04 50 87 50 8A 50 93 51 34 50 36 50 08 50 40 51 D8 50 62 50 3E 50 1A 50 06 50 BA 51 5D 50 29 50 39 51 75 50 7C 51 BC 50 D8 51 5B 50 D9 50 9D 50 80 50 2E 50 05 50 44 51 35 50 42 51 68 51 F8 51 2D 50 34 51 E1 50 0A 51 EE 50 53 50 68 50 29 51 2D 51 DF 50 6C 51 26 51 FE 51 11 51 CF 50 1A 51 F2 50 86 50 82 50 FA 51 16 51 CA 50 AC 50 72 51 14 51 A2 50 A2 30 12 51 AA 41 57 40 5C 40 8B 40 2F 41 F4 40 28 40 B9 40 37 41 55 40 EA 40 B7 40 10 40 A8 40 B2 40 54 41 A7 40 C5 40 FF 40 DB 40 FE 40 EC 40 F3 40 F0 80 7C 15 00 01 C4 09 00 02 AC 0D 00 03 03 04 9A 05 9A 05 68 41 2E 41 01 41 60 40 0B 40 2A 40 25 40 28 40 9A 40 26 40 19 40 FD 40 47 41 70 40 42 41 03 40 4F 41 A5 40 E6 40 21 40 50 40 37 41 32 40 E8 40 4B 81 94 11 00 01 C4 09 00 02 B8 0B 00 03 03 04 9A 05 03 04 9A 05 9A 05 9A 05 F1 81 88 13 00 01 D0 07 00 02 C4 09 00 03 03 04 9A 05 CF 41 D0 41 27 41 C1 40 D1 41 D2 41 31 41 BD 41 D3 41 26 40 D4 41 D5 41 C9 41 68 41 EE 40 4C 40 20 40 32 41 2C 40 F0 80 88 13 00 01 E8 03 00 02 C4 09 00 03 03 04 9A 05 00 00 00 00 00 00 00 00 00 00 00 00 00 00 00 00 00 00 00 00 00 00 00 00 00 00 00 00 00 00 00 00 00 00 00 00 00 00 00 00 00 00 00 00 00 00 00 00 00 00 00 00 00 00 00 00 00 00 00 00 00 00 00 00 00 00 00 00 00 00 00 00 00 00 00 00 00 00 00 00 00 00 00 00 00 00 00 00 00 00 E3 19 6A BB 26 2B CB 4C 7E
[407245][00:01:20.346]7E FF 02 FF 32 6D 1F 95 68 05 36 00 61 4D CA 63 00 34 01 15 02 01 00 00 69 7F 94 E2 4C CA 63 3E 90 E8 04 00 D0 34 CB C9 33 20 00 00 12 74 72 FD 06 00 00 10 02 00 00 00 00 00 00 05 00 0F 3E 10 00 64 30 00 09 80 94 75 12 00 02 01 0A D0 02 9A 02 30 00 39 00 06 0A CC C3 D5 31 13 3F 27 62 C0 D5 00 59 33 00 41 24 32 00 00 00 00 46 8F CD 62 FA 39 00 00 24 00 0E 50 15 50 1C 50 31 50 0C 50 04 50 87 50 8A 50 93 51 34 50 36 50 08 50 40 51 D8 50 62 50 3E 50 1A 50 06 50 BA 51 5D 50 29 50 39 51 75 50 7C 51 BC 50 D8 51 5B 50 D9 50 9D 50 80 50 2E 50 05 50 44 51 35 50 42 51 68 51 F8 51 2D 50 34 51 E1 50 0A 51 EE 50 53 50 68 50 29 51 2D 51 DF 50 6C 51 26 51 FE 51 11 51 CF 50 1A 51 F2 50 86 50 82 50 FA 51 16 51 CA 50 AC 50 72 51 14 51 A2 50 A2 30 12 51 AA 41 57 40 5C 40 8B 40 2F 41 F4 40 28 40 B9 40 37 41 55 40 EA 40 B7 40 10 40 A8 40 B2 40 54 41 A7 40 C5 40 FF 40 DB 40 FE 40 EC 40 F3 40 F0 80 7C 15 00 01 C4 09 00 02 AC 0D 00 03 03 04 9A 05 9A 05 68 41 2E 41 01 41 60 40 0B 40 2A 40 25 40 28 40 9A 40 26 40 19 40 FD 40 47 41 70 40 42 41 03 40 4F 41 A5 40 E6 40 21 40 50 40 37 41 32 40 E8 40 4B 81 94 11 00 01 C4 09 00 02 B8 0B 00 03 03 04 9A 05 03 04 9A 05 9A 05 9A 05 F1 81 88 13 00 01 D0 07 00 02 C4 09 00 03 03 04 9A 05 CF 41 D0 41 27 41 C1 40 D1 41 D2 41 31 41 BD 41 D3 41 26 40 D4 41 D5 41 C9 41 68 41 EE 40 4C 40 20 40 32 41 2C 40 F0 80 88 13 00 01 E8 03 00 02 C4 09 00 03 03 04 9A 05 00 00 00 00 00 00 00 00 00 00 00 00 00 00 00 00 00 00 00 00 00 00 00 00 00 00 00 00 00 00 00 00 00 00 00 00 00 00 00 00 00 00 00 00 00 00 00 00 00 00 00 00 00 00 00 00 00 00 00 00 00 00 00 00 00 00 00 00 00 00 00 00 00 00 00 00 00 00 00 00 00 00 00 00 00 00 00 00 00 00 E3 19 6A BB A9 44 AC 2A 7E
[407246][00:01:22.875]7E FF 02 FF 33 6D 21 9F 68 05 10 01 66 E3 C1 67 00 34 01 10 00 01 00 03 69 7F 94 F0 0C 00 2D 00 00 00 10 02 27 4F F4 A3 32 2B 57 7E
[407247][00:01:23.114]7E FF 02 FF 34 6D CE 9F 68 05 78 00 8F CD 03 68 00 38 01 14 02 01 00 01 69 7F 94 41 F0 FF 01 D4 17 E8 92 00 94 70 5E 10 04 FF 2F 01 08 C2 00 EB 60 11 08 00 33 00 00 30 00 09 81 06 24 FF FF FF FF FF FF 08 00 00 00 41 10 00 11 30 00 09 81 06 24 20 00 00 12 74 72 03 00 51 5F 88 00 0F 01 97 02 3D 00 00 00 00 00 01 30 92 B0 2C F5 00 02 52 FF BC 0D 06 C7 26 90 9E 8F 80 75 7B 69 01 04 01 04 00 00 01 12 00 00 00 00 A0 00 00 20 00 00 00 80 08 20 2E 22 3C 00 00 00 20 10 3E 79 4B 39 1C 53 E2 31 16 05 40 3D 39 0A 3D 0D 09 0C 0E 3B 0B 32 3C 0D 0E 0D 27 31 36 3B 0C 0D 0C 09 09 08 3D 07 0C 0D 0A 0B 0B 0F 0C 0C 04 08 0C 0D 0A 0F 0D 0B 3D 08 0C 0C 0C 0C 05 0A 08 0C 08 02 0A 08 33 0F 3C 0D 0B 04 09 0A 0D 0C 0B 08 0F 0D 39 09 0B 09 0E 06 0F 0B 09 0F 0C 0C 09 07 0A 07 09 0A 04 06 0C 0B 0C 0C 07 0B 09 0F 0E 3C 0E 0A 09 0D 0B 0A 0D 04 0B 0F 09 0E 08 0D 0D 0D 0A 09 0B 09 09 05 0F 0B 0D 0C 09 08 09 09 09 0E 1F 0A 0B 9F D8 7E A9 00 00 00 00 00 00 00 00 00 00 00 00 00 00 00 00 00 00 00 00 00 00 00 00 00 00 00 00 00 00 00 00 00 00 00 00 00 00 00 00 00 00 00 00 00 00 00 00 00 00 00 00 00 00 00 00 00 00 00 00 00 00 00 00 00 00 00 00 00 00 00 00 00 00 00 00 00 00 00 00 00 00 00 00 00 00 00 00 00 00 00 00 00 00 00 00 00 00 00 00 00 00 00 00 00 00 00 00 00 00 00 00 00 00 00 00 00 00 00 00 00 00 00 00 00 00 00 00 00 00 00 00 00 00 00 00 00 00 00 00 00 00 00 00 00 00 00 00 00 00 00 00 00 00 00 00 00 00 00 00 00 00 00 00 00 00 00 00 00 00 00 00 00 00 00 00 00 00 00 00 00 00 00 00 00 00 00 00 00 00 00 00 00 00 00 00 00 00 00 00 00 00 00 00 00 00 00 00 00 00 00 00 00 00 00 00 00 00 00 00 00 00 00 00 00 00 00 00 00 00 00 00 00 00 00 00 00 00 00 00 00 00 00 00 00 00 00 00 00 57 D5 7E 20 7E
[407248][00:01:23.280]7E FF 02 FF 35 6D A6 A0 68 05 7B 03 CA 7D 56 68 00 36 00 94 00 01 00 01 69 7F 94 49 A0 10 01 FC 13 79 40 00 CC 52 4E 90 04 0A 01 04 D2 B0 00 43 70 EF 04 00 33 00 00 07 00 00 00 49 00 49 00 73 00 37 00 02 40 00 00 01 28 08 00 01 32 29 20 08 61 01 40 CC 80 04 00 06 D0 50 4A 4A D7 02 A1 26 08 6F 37 02 82 46 04 16 20 A0 60 40 12 80 00 00 30 04 08 00 00 00 04 00 00 40 08 97 A5 18 00 00 00 00 00 00 00 00 00 00 00 00 00 00 00 00 00 00 00 00 00 00 00 00 00 00 00 00 00 00 00 00 00 00 00 00 00 00 00 00 00 00 00 00 00 27 73 85 90 7E
[407249][00:01:23.295]7E FF 02 FF 36 6D C6 A0 68 05 1F 03 92 AE 62 68 00 36 00 10 00 01 00 02 69 7F 94 10 D8 00 00 01 FD 00 00 00 43 A5 5E AE 28 B3 4D 7E
[407250][00:01:23.325]7E FF 02 FF 37 6D D9 A0 68 05 42 00 DF 9A 68 68 01 22 0D 10 00 01 00 02 69 7F 94 00 01 80 0D 00 A8 02 00 00 DD AD 86 16 4C 28 B7 7E
[407251][00:01:23.341]7E FF 02 FF 38 6D DC A0 68 05 6B 02 4F FB 6A 68 00 39 01 94 00 01 00 01 69 7F 94 00 40 12 01 FC 13 79 40 00 7A EC A0 00 00 24 01 0A 55 73 00 5C 78 EF 0C 00 33 00 00 30 00 09 05 35 39 FF FF FF FF FF FF 00 00 00 00 30 00 09 05 35 39 24 01 00 00 00 00 00 00 00 00 39 03 00 01 77 84 24 45 E8 07 02 12 09 23 07 03 01 00 01 01 00 02 02 00 0D 00 00 09 03 31 17 6E 54 4E 59 58 0F 00 0F 00 00 00 00 00 01 00 00 00 CE DA 22 74 35 FF 7E 29 94 A1 1B 00 00 31 44 59 58 03 FB C1 01 9C 02 01 1E 40 65 4A 00 00 00 00 00 00 00 00 D9 08 AE 67 7E
[407252][00:01:23.385]7E FF 02 FF 39 6D 03 A1 68 05 AD 03 56 63 78 68 01 23 10 94 00 01 00 01 69 7F 94 01 80 0D 01 E8 30 00 10 00 0E B5 D2 10 00 D8 00 05 FF AF 00 34 88 FF 00 00 33 00 00 01 00 00 00 30 00 09 04 01 58 20 00 00 12 74 72 0A 02 CE 20 D8 00 01 01 66 46 11 45 E1 93 04 00 02 00 00 00 0A 46 00 00 00 00 00 00 00 00 00 00 00 00 00 00 75 A0 A5 48 00 00 00 00 00 00 00 00 00 00 00 00 00 00 00 00 00 00 00 00 00 00 00 00 00 00 00 00 00 00 00 00 00 00 00 00 00 00 00 00 00 00 00 00 00 00 00 00 00 00 00 00 00 00 00 00 00 00 00 00 E7 78 78 3D 7E
[407253][00:01:23.445]7E FF 02 FF 3A 6D 3E A1 68 05 11 01 FD 3C 90 68 00 3A 00 94 00 01 00 01 69 7F 94 D8 F0 FF 01 C1 12 79 42 00 04 0E CF 80 0D FF 2F 03 FF 16 00 34 10 FF 08 00 33 00 00 30 00 15 61 49 26 FF FF FF FF FF FF 01 00 00 00 30 00 09 04 01 58 20 00 00 12 74 72 0A 02 CE 20 D8 00 01 01 66 46 11 45 E1 93 04 00 02 00 00 00 0A 46 00 00 00 00 00 00 00 00 00 00 00 00 00 00 75 A0 A5 48 00 00 00 00 00 00 00 00 00 00 00 00 00 00 00 00 00 00 00 00 00 00 00 00 00 00 00 00 00 00 00 00 00 00 00 00 00 00 00 00 00 00 00 00 00 00 00 00 7C F8 14 B3 7E
[407254][00:01:23.610]7E FF 02 FF 3B 6D E6 A1 68 05 4B 02 B5 73 D0 68 00 3A 00 94 00 01 00 01 69 7F 94 49 A0 10 01 FC 13 79 44 00 DD 50 CA 90 04 0A 01 04 D2 B0 00 43 70 EF 04 00 33 00 00 07 00 00 00 49 00 49 00 73 00 37 00 02 40 00 00 01 28 08 00 01 32 29 20 08 61 01 40 CC 80 04 00 06 D0 50 4A 4A D7 02 A1 26 08 6F 37 02 82 46 04 16 20 A0 60 40 12 80 00 00 30 04 08 00 00 00 04 00 00 40 08 97 A5 18 00 00 00 00 00 00 00 00 00 00 00 00 00 00 00 00 00 00 00 00 00 00 00 00 00 00 00 00 00 00 00 00 00 00 00 00 00 00 00 00 00 00 00 00 00 DA 00 E0 4B 7E
[407255][00:01:23.819]7E FF 02 FF 3C 6D B7 A2 68 05 BC 01 7C 1E 20 69 00 3B 00 94 00 01 00 01 69 7F 94 20 F0 FF 01 99 12 79 42 00 E6 18 F1 00 02 FF 2F 01 61 94 00 63 70 01 04 00 33 00 00 08 00 00 00 20 50 03 31 30 00 09 04 22 19 20 00 00 12 74 72 39 00 00 00 0F 00 08 01 10 00 2E 00 00 00 00 00 35 30 00 00 00 00 00 00 00 00 00 12 20 00 00 01 00 00 80 80 00 00 00 00 00 48 02 00 00 80 00 00 02 00 00 82 00 00 10 00 00 00 00 00 00 00 00 10 04 05 02 02 01 02 01 05 0A 03 02 02 01 03 02 B0 4F E7 F6 00 00 00 00 00 00 00 00 00 00 00 00 00 8C 08 51 0D 7E
[407256][00:01:23.940]7E FF 02 FF 3D 6D 21 A3 68 05 FE 01 18 94 48 69 00 FD 03 14 01 01 00 01 69 7F 94 01 60 00 03 27 16 EB C0 00 98 5E C8 10 00 AE 00 03 FD AF 30 74 88 FF 00 00 33 00 00 11 03 00 00 01 02 83 06 CE 1E 28 0A FE FE FE FE 68 62 00 43 05 14 91 53 06 00 30 10 ED 30 10 00 3E 05 03 36 50 02 02 00 01 20 21 02 00 1C 07 EA 06 1D 0B 00 00 08 00 20 21 02 00 00 20 01 04 00 00 20 00 02 00 00 20 01 02 00 00 20 04 02 00 00 20 0A 02 00 00 00 10 02 01 00 00 20 02 01 00 01 10 F0 D5 56 98 83 8E 08 15 8F 01 3B 87 D4 9A 8C D7 1D FC 16 1E 12 10 AB 00 00 00 00 00 00 00 00 00 00 00 00 00 00 00 00 00 00 00 00 00 00 00 00 00 00 00 00 00 00 00 00 00 00 00 00 00 00 00 00 00 00 00 00 00 00 00 00 00 00 00 00 00 00 00 00 00 00 00 00 00 00 00 00 00 00 00 00 00 00 00 00 00 00 00 00 00 00 00 00 00 00 00 00 00 00 00 00 00 00 00 00 00 00 00 00 00 00 00 00 00 00 00 00 00 00 00 00 00 00 00 00 00 00 00 00 00 00 00 00 00 00 00 00 06 FF 4B AE 7E
[407257][00:01:24.000]7E FF 02 FF 3E 6D 5B A3 68 05 31 02 6B B7 5E 69 00 FD 03 14 01 01 00 01 69 7F 94 01 60 00 03 27 16 EB C4 00 89 5C 4C 10 00 AE 00 03 FD AF 30 74 88 FF 00 00 33 00 00 11 03 00 00 01 02 83 06 CE 1E 28 0A FE FE FE FE 68 62 00 43 05 14 91 53 06 00 30 10 ED 30 10 00 3E 05 03 36 50 02 02 00 01 20 21 02 00 1C 07 EA 06 1D 0B 00 00 08 00 20 21 02 00 00 20 01 04 00 00 20 00 02 00 00 20 01 02 00 00 20 04 02 00 00 20 0A 02 00 00 00 10 02 01 00 00 20 02 01 00 01 10 F0 D5 56 98 83 8E 08 15 8F 01 3B 87 D4 9A 8C D7 1D FC 16 1E 12 10 AB 00 00 00 00 00 00 00 00 00 00 00 00 00 00 00 00 00 00 00 00 00 00 00 00 00 00 00 00 00 00 00 00 00 00 00 00 00 00 00 00 00 00 00 00 00 00 00 00 00 00 00 00 00 00 00 00 00 00 00 00 00 00 00 00 00 00 00 00 00 00 00 00 00 00 00 00 00 00 00 00 00 00 00 00 00 00 00 00 00 00 00 00 00 00 00 00 00 00 00 00 00 00 00 00 00 00 00 00 00 00 00 00 00 00 00 00 00 00 00 00 00 00 00 00 CA 1A DB 8A 7E
[407258][00:01:24.045]7E FF 02 FF 3F 6D F0 A3 68 05 83 03 B1 89 71 69 00 FD 03 14 01 01 00 01 69 7F 94 01 60 00 03 27 16 EB C4 00 89 5C 4C 10 00 AE 00 03 FD AF 30 74 88 FF 00 00 33 00 00 11 03 00 00 01 02 83 06 CE 1E 28 0A FE FE FE FE 68 62 00 43 05 14 91 53 06 00 30 10 ED 30 10 00 3E 05 03 36 50 02 02 00 01 20 21 02 00 1C 07 EA 06 1D 0B 00 00 08 00 20 21 02 00 00 20 01 04 00 00 20 00 02 00 00 20 01 02 00 00 20 04 02 00 00 20 0A 02 00 00 00 10 02 01 00 00 20 02 01 00 01 10 F0 D5 56 98 83 8E 08 15 8F 01 3B 87 D4 9A 8C D7 1D FC 16 1E 12 10 AB 00 00 00 00 00 00 00 00 00 00 00 00 00 00 00 00 00 00 00 00 00 00 00 00 00 00 00 00 00 00 00 00 00 00 00 00 00 00 00 00 00 00 00 00 00 00 00 00 00 00 00 00 00 00 00 00 00 00 00 00 00 00 00 00 00 00 00 00 00 00 00 00 00 00 00 00 00 00 00 00 00 00 00 00 00 00 00 00 00 00 00 00 00 00 00 00 00 00 00 00 00 00 00 00 00 00 00 00 00 00 00 00 00 00 00 00 00 00 00 00 00 00 00 00 FD 57 13 38 7E
[407259][00:01:24.104]7E FF 02 FF 40 6D CA A3 68 05 45 02 6B 11 89 69 00 FE 03 14 01 01 00 01 69 7F 94 01 60 00 03 27 16 EB C0 00 98 5E C8 10 00 F8 00 03 FE AF 30 74 88 FF 00 00 33 00 00 11 03 00 00 01 02 83 06 CF 1E 28 0A FE FE FE FE 68 62 00 43 05 93 24 54 06 00 30 10 C1 97 10 00 3E 05 03 37 50 02 02 00 01 20 21 02 00 1C 07 EA 06 1D 0B 00 00 08 00 20 21 02 00 00 20 01 04 00 00 20 00 02 00 00 20 01 02 00 00 20 04 02 00 00 20 0A 02 00 00 00 10 02 01 00 00 20 02 01 00 01 10 F0 D5 56 98 83 8E 08 15 8F 01 3B 87 D4 9A 8C D7 BA AC 16 15 BD EC 8C 00 00 00 00 00 00 00 00 00 00 00 00 00 00 00 00 00 00 00 00 00 00 00 00 00 00 00 00 00 00 00 00 00 00 00 00 00 00 00 00 00 00 00 00 00 00 00 00 00 00 00 00 00 00 00 00 00 00 00 00 00 00 00 00 00 00 00 00 00 00 00 00 00 00 00 00 00 00 00 00 00 00 00 00 00 00 00 00 00 00 00 00 00 00 00 00 00 00 00 00 00 00 00 00 00 00 00 00 00 00 00 00 00 00 00 00 00 00 00 00 00 00 00 00 58 3D FF 96 7E
[407260][00:01:24.165]7E FF 02 FF 41 6D 04 A4 68 05 81 03 69 51 9F 69 00 FE 03 14 01 01 00 01 69 7F 94 01 60 00 03 27 16 EB C4 00 89 5C 4C 10 00 F8 00 03 FE AF 30 74 88 FF 00 00 33 00 00 11 03 00 00 01 02 83 06 CF 1E 28 0A FE FE FE FE 68 62 00 43 05 93 24 54 06 00 30 10 C1 97 10 00 3E 05 03 37 50 02 02 00 01 20 21 02 00 1C 07 EA 06 1D 0B 00 00 08 00 20 21 02 00 00 20 01 04 00 00 20 00 02 00 00 20 01 02 00 00 20 04 02 00 00 20 0A 02 00 00 00 10 02 01 00 00 20 02 01 00 01 10 F0 D5 56 98 83 8E 08 15 8F 01 3B 87 D4 9A 8C D7 BA AC 16 15 BD EC 8C 00 00 00 00 00 00 00 00 00 00 00 00 00 00 00 00 00 00 00 00 00 00 00 00 00 00 00 00 00 00 00 00 00 00 00 00 00 00 00 00 00 00 00 00 00 00 00 00 00 00 00 00 00 00 00 00 00 00 00 00 00 00 00 00 00 00 00 00 00 00 00 00 00 00 00 00 00 00 00 00 00 00 00 00 00 00 00 00 00 00 00 00 00 00 00 00 00 00 00 00 00 00 00 00 00 00 00 00 00 00 00 00 00 00 00 00 00 00 00 00 00 00 00 00 4E 9B 40 ED 7E
[407261][00:01:24.255]7E FF 02 FF 42 6D BB A4 68 05 4F 02 EF DD BE 69 00 FC 03 14 01 01 00 01 69 7F 94 01 60 00 03 27 16 EB C4 00 89 5C 4C 10 00 F8 00 03 FE AF 30 74 88 FF 00 00 33 00 00 11 03 00 00 01 02 83 06 CF 1E 28 0A FE FE FE FE 68 62 00 43 05 93 24 54 06 00 30 10 C1 97 10 00 3E 05 03 37 50 02 02 00 01 20 21 02 00 1C 07 EA 06 1D 0B 00 00 08 00 20 21 02 00 00 20 01 04 00 00 20 00 02 00 00 20 01 02 00 00 20 04 02 00 00 20 0A 02 00 00 00 10 02 01 00 00 20 02 01 00 01 10 F0 D5 56 98 83 8E 08 15 8F 01 3B 87 D4 9A 8C D7 BA AC 16 15 BD EC 8C 00 00 00 00 00 00 00 00 00 00 00 00 00 00 00 00 00 00 00 00 00 00 00 00 00 00 00 00 00 00 00 00 00 00 00 00 00 00 00 00 00 00 00 00 00 00 00 00 00 00 00 00 00 00 00 00 00 00 00 00 00 00 00 00 00 00 00 00 00 00 00 00 00 00 00 00 00 00 00 00 00 00 00 00 00 00 00 00 00 00 00 00 00 00 00 00 00 00 00 00 00 00 00 00 00 00 00 00 00 00 00 00 00 00 00 00 00 00 00 00 00 00 00 00 D1 F7 07 A4 7E
[407262][00:01:24.301]7E FF 02 FF 43 6D 67 A4 68 05 9F 02 66 FE C4 69 00 36 01 14 02 01 00 01 69 7F 94 43 F0 FF 01 D4 17 E8 92 00 97 70 FA 30 04 FF 2F 01 41 A3 00 EC 28 11 08 00 33 00 00 30 00 09 81 32 48 FF FF FF FF FF FF 08 00 00 00 43 10 00 11 30 00 09 81 32 48 20 00 00 12 74 72 02 00 51 64 89 00 0F 01 96 02 3D 00 00 00 00 00 01 30 92 B0 2C F5 00 02 52 FF B6 0D 06 C7 26 90 9E 8F 80 75 7B 69 01 04 09 04 00 00 01 12 00 00 00 00 A0 00 00 20 00 00 00 80 08 20 2E 22 3C 00 00 00 20 10 3E 79 4B 39 1C 53 E2 31 16 05 40 3E 3A 09 3D 0D 07 0C 0C 3A 0B 3B 3D 0D 0E 0D 1F 3B 36 3C 0B 0E 0D 09 0B 0B 3E 0B 0C 0B 0A 09 0A 0F 0B 0A 0B 09 0D 0D 0A 0F 0D 09 3E 0B 0B 0C 0C 0C 09 0B 08 0C 09 04 09 0C 39 0F 3C 0D 09 04 0D 0B 0E 07 08 0A 0F 0C 3B 03 0B 0D 0D 06 05 0D 1D 0C 0E 0C 0C 0A 0D 0C 0B 0A 0A 04 09 0C 0C 05 0C 0B 0A 0B 0F 0C 35 0F 0C 0C 0C 0F 0C 0E 0A 0C 0E 0C 0D 08 0C 0C 0D 0D 0C 0C 0A 0B 06 0E 0A 0D 03 0B 0A 09 09 0B 07 2C 0C 0C B1 A8 C0 CB 00 00 00 00 00 00 00 00 00 00 00 00 00 00 00 00 00 00 00 00 00 00 00 00 00 00 00 00 00 00 00 00 00 00 00 00 00 00 00 00 00 00 00 00 00 00 00 00 00 00 00 00 00 00 00 00 00 00 00 00 00 00 00 00 00 00 00 00 00 00 00 00 00 00 00 00 00 00 00 00 00 00 00 00 00 00 00 00 00 00 00 00 00 00 00 00 00 00 00 00 00 00 00 00 00 00 00 00 00 00 00 00 00 00 00 00 00 00 00 00 00 00 00 00 00 00 00 00 00 00 00 00 00 00 00 00 00 00 00 00 00 00 00 00 00 00 00 00 00 00 00 00 00 00 00 00 00 00 00 00 00 00 00 00 00 00 00 00 00 00 00 00 00 00 00 00 00 00 00 00 00 00 00 00 00 00 00 00 00 00 00 00 00 00 00 00 00 00 00 00 00 00 00 00 00 00 00 00 00 00 00 00 00 00 00 00 00 00 00 00 00 00 00 00 00 00 00 00 00 00 00 00 00 00 00 00 00 00 00 00 00 00 00 00 00 00 00 00 7C 0F 60 0F 7E
[407263][00:01:24.391]7E FF 02 FF 44 6D 06 A5 68 05 ED 01 AE 97 01 6A 00 FD 03 54 00 01 00 01 69 7F 94 01 60 00 03 B6 12 40 E0 00 46 9A D7 10 00 17 00 0A 00 B0 30 10 88 FF 00 00 33 00 00 11 A1 00 00 01 23 CD 07 30 00 09 05 35 33 03 02 86 50 6F F8 00 00 00 00 00 00 00 00 00 00 00 00 00 00 00 00 00 00 00 00 00 00 00 00 00 00 00 00 00 00 00 00 97 6B A5 CC 7E
[407264][00:01:24.466]7E FF 02 FF 45 6D 45 A5 68 05 E3 03 D7 CF 19 6A 00 FD 03 54 00 01 00 01 69 7F 94 01 60 00 03 B6 12 40 E4 00 57 98 53 10 00 17 00 0A 00 B0 30 10 88 FF 00 00 33 00 00 11 A1 00 00 01 23 CD 07 30 00 09 05 35 33 03 02 86 50 6F F8 00 00 00 00 00 00 00 00 00 00 00 00 00 00 00 00 00 00 00 00 00 00 00 00 00 00 00 00 00 00 00 00 A3 00 B1 B8 7E
[407265][00:01:24.481]7E FF 02 FF 46 6D 4D A5 68 05 DC 01 41 A9 1C 6A 00 3B 01 94 00 01 00 01 69 7F 94 00 40 12 01 FC 13 79 44 00 6B EE 24 00 00 24 01 0A 55 73 00 5C 78 EF 0C 00 33 00 00 30 00 09 05 35 39 FF FF FF FF FF FF 00 00 00 00 30 00 09 05 35 39 24 01 00 00 00 00 00 00 00 00 39 03 00 01 77 84 24 45 E8 07 02 12 09 23 07 03 01 00 01 01 00 02 02 00 0D 00 00 09 03 31 17 6E 54 4E 59 58 0F 00 0F 00 00 00 00 00 01 00 00 00 CE DA 22 74 35 FF 7E 29 94 A1 1B 00 00 31 44 59 58 03 FB C1 01 9C 02 01 1E 40 65 4A 00 00 00 00 00 00 00 00 7D F6 08 E9 7E
[407266][00:01:24.496]7E FF 02 FF 47 6D 6B A5 68 05 C4 01 F1 17 28 6A 00 FD 03 54 00 01 00 01 69 7F 94 01 60 00 03 B6 12 40 E4 00 57 98 53 10 00 17 00 0A 00 B0 30 10 88 FF 00 00 33 00 00 11 A1 00 00 01 23 CD 07 30 00 09 05 35 33 03 02 86 50 6F F8 00 00 00 00 00 00 00 00 00 00 00 00 00 00 00 00 00 00 00 00 00 00 00 00 00 00 00 00 00 00 00 00 75 48 33 20 7E
[407267][00:01:24.541]7E FF 02 FF 48 6D 93 A5 68 05 2B 03 7D 7D 37 6A 00 FE 03 54 00 01 00 01 69 7F 94 01 60 00 03 B6 12 40 E4 00 57 98 53 10 00 17 00 0A 00 B0 30 10 88 FF 00 00 33 00 00 11 A1 00 00 01 23 CD 07 30 00 09 05 35 33 03 02 86 50 6F F8 00 00 00 00 00 00 00 00 00 00 00 00 00 00 00 00 00 00 00 00 00 00 00 00 00 00 00 00 00 00 00 00 5F 16 29 00 7E
[407268][00:01:24.706]7E FF 02 FF 49 6D 0F A6 68 05 7D 03 B5 D3 66 6A 00 37 01 14 02 01 00 01 69 7F 94 1F F0 FF 01 D4 17 E8 92 00 C1 70 12 F0 01 FF 2F 01 4C CE 00 EB 10 11 08 00 33 00 00 30 00 09 81 09 38 FF FF FF FF FF FF 08 00 00 00 1F 10 00 11 30 00 09 81 09 38 20 00 00 12 74 72 02 00 38 62 88 00 0F 01 95 02 3D 00 00 00 00 00 01 30 92 B0 2C 75 00 02 52 FF BE 0D 06 C7 26 90 9E 8F 80 75 7B 69 01 04 01 04 00 00 01 12 00 00 00 00 A0 00 00 20 00 00 00 80 08 20 2E 22 3C 00 00 00 20 10 3E 79 4B 39 1C 53 E2 31 16 05 40 3C 3A 0A 3C 0D 09 0C 0F 3C 0B 32 3C 0D 0E 2A 36 36 3C 0C 0C 0C 09 09 0A 3D 06 0C 0D 0D 0B 0B 0A 0F 0C 0B 07 07 0C 0D 0A 0F 0D 0C 3D 07 0A 0C 0D 0B 04 0A 08 0D 09 02 0A 0A 37 0F 3C 0D 09 04 0A 09 0D 09 0A 0A 0E 0C 39 09 0B 09 0E 06 0F 09 06 0F 0B 0C 09 09 0A 07 09 09 04 07 0C 0B 0A 0B 09 0A 0A 0F 0E 3C 0F 08 09 0E 0B 0A 0D 03 0D 0F 0C 0F 08 0E 0C 0D 0B 09 0B 09 08 06 0F 0D 0D 0C 09 05 08 09 09 0D 21 09 0C E1 F3 B0 9F 00 00 00 00 00 00 00 00 00 00 00 00 00 00 00 00 00 00 00 00 00 00 00 00 00 00 00 00 00 00 00 00 00 00 00 00 00 00 00 00 00 00 00 00 00 00 00 00 00 00 00 00 00 00 00 00 00 00 00 00 00 00 00 00 00 00 00 00 00 00 00 00 00 00 00 00 00 00 00 00 00 00 00 00 00 00 00 00 00 00 00 00 00 00 00 00 00 00 00 00 00 00 00 00 00 00 00 00 00 00 00 00 00 00 00 00 00 00 00 00 00 00 00 00 00 00 00 00 00 00 00 00 00 00 00 00 00 00 00 00 00 00 00 00 00 00 00 00 00 00 00 00 00 00 00 00 00 00 00 00 00 00 00 00 00 00 00 00 00 00 00 00 00 00 00 00 00 00 00 00 00 00 00 00 00 00 00 00 00 00 00 00 00 00 00 00 00 00 00 00 00 00 00 00 00 00 00 00 00 00 00 00 00 00 00 00 00 00 00 00 00 00 00 00 00 00 00 00 00 00 00 00 00 00 00 00 00 00 00 00 00 00 00 00 00 00 00 00 00 15 8D 63 C3 7E
[407269][00:01:24.720]7E FF 02 FF 4A 6D 3E A6 68 05 9E 03 35 C3 78 6A 00 FE 03 54 00 01 00 01 69 7F 94 01 60 00 03 B6 12 40 E4 00 57 98 53 10 00 17 00 0A 00 B0 30 10 88 FF 00 00 33 00 00 11 A1 00 00 01 23 CD 07 30 00 09 05 35 33 03 02 86 50 6F F8 00 00 00 00 00 00 00 00 00 00 00 00 00 00 00 00 00 00 00 00 00 00 00 00 00 00 00 00 00 00 00 00 F4 CA B7 65 7E
[407270][00:01:24.871]7E FF 02 FF 4B 6D DD A6 68 05 01 01 E2 2B B5 6A 00 38 00 94 00 01 00 01 69 7F 94 49 A0 10 01 FC 13 79 44 00 DD 50 CA 90 04 0A 01 04 D4 B0 00 43 70 EF 04 00 33 00 00 07 00 00 00 49 00 49 00 73 00 37 00 02 00 00 00 01 28 08 00 01 32 29 00 08 61 01 40 CC 80 04 00 06 D1 50 CA 4A D7 02 A1 26 08 6F 37 02 82 46 04 16 20 A0 60 40 12 80 00 00 30 04 00 00 00 00 04 00 00 40 C4 D8 33 29 00 00 00 00 00 00 00 00 00 00 00 00 00 00 00 00 00 00 00 00 00 00 00 00 00 00 00 00 00 00 00 00 00 00 00 00 00 00 00 00 00 00 00 00 00 DF 24 9A F9 7E
[407271][00:01:25.110]7E FF 02 FF 4C 6D C6 A7 68 05 86 02 70 34 0E 6B 00 37 00 94 00 01 00 01 69 7F 94 00 40 12 01 FC 13 79 44 00 6B EE 24 00 00 24 01 0A 55 73 00 5C 78 EF 0C 00 33 00 00 30 00 09 05 35 39 FF FF FF FF FF FF 00 00 00 00 30 00 09 05 35 39 24 01 00 00 00 00 00 00 00 00 39 03 00 01 77 84 24 45 E8 07 02 12 09 23 07 03 01 00 01 01 00 02 02 00 0D 00 00 09 03 31 17 6E 54 4E 59 58 0F 00 0F 00 00 00 00 00 01 00 00 00 CE DA 22 74 35 FF 7E 29 94 A1 1B 00 00 31 44 59 58 03 FB C1 01 9C 02 01 1E 40 65 4A 00 00 00 00 00 00 00 00 BB 6F 21 B8 7E
[407272][00:01:25.484]7E FF 02 FF 4D 6D 3D A9 68 05 DE 01 B8 30 9D 6B 00 3A 00 94 00 01 00 01 69 7F 94 00 40 12 01 FC 13 79 44 00 6B EE 24 00 00 24 01 0A 55 73 00 5C 78 EF 0C 00 33 00 00 30 00 09 05 35 39 FF FF FF FF FF FF 00 00 00 00 30 00 09 05 35 39 24 01 00 00 00 00 00 00 00 00 39 03 00 01 77 84 24 45 E8 07 02 12 09 23 07 03 01 00 01 01 00 02 02 00 0D 00 00 09 03 31 17 6E 54 4E 59 58 0F 00 0F 00 00 00 00 00 01 00 00 00 CE DA 22 74 35 FF 7E 29 94 A1 1B 00 00 31 44 59 58 03 FB C1 01 9C 02 01 1E 40 65 4A 00 00 00 00 00 00 00 00 BC FB B8 D8 7E
[407273][00:01:25.859]7E FF 02 FF 4E 6D AC AA 68 05 FF 02 27 4D 29 6C 00 37 00 94 00 01 00 01 69 7F 94 00 D0 12 01 FC 13 79 44 00 FE 6C F0 00 00 2D 01 0A BE 6B 00 5C 78 EF 0C 00 33 00 00 30 00 09 05 35 35 FF FF FF FF FF FF 00 00 00 00 30 00 09 05 35 35 2D 01 00 00 00 00 00 00 00 00 39 03 00 01 39 84 24 45 E8 07 02 12 09 23 07 03 01 00 01 01 00 02 02 00 0D 00 00 09 03 31 17 6E 54 4E 59 58 0F 00 0F 00 00 00 00 00 04 00 00 00 6C E7 C5 A1 53 47 5B 19 78 A1 1B 00 00 31 44 59 58 03 FB C1 01 9C 02 01 0C 41 DB BF 00 00 00 00 00 00 00 00 EF B4 93 8D 7E
[407274][00:01:25.889]7E FF 02 FF 4F 6D D9 AA 68 05 1F 03 F4 77 3A 6C 00 FD 03 54 00 01 00 01 69 7F 94 01 60 00 03 B6 12 40 E4 00 57 98 53 10 00 17 00 0A 00 B0 30 10 88 FF 00 00 33 00 00 11 A1 00 00 01 23 CD 07 30 00 09 05 35 33 03 02 86 50 6F F8 00 00 00 00 00 00 00 00 00 00 00 00 00 00 00 00 00 00 00 00 00 00 00 00 00 00 00 00 00 00 00 00 BC 01 8E 70 7E
[407275][00:01:25.935]7E FF 02 FF 50 6D 02 AB 68 05 AE 03 47 2A 4A 6C 00 FD 03 54 00 01 00 01 69 7F 94 01 60 00 03 B6 12 40 E4 00 57 98 53 10 00 17 00 0A 00 B0 30 10 88 FF 00 00 33 00 00 11 A1 00 00 01 23 CD 07 30 00 09 05 35 33 03 02 86 50 6F F8 00 00 00 00 00 00 00 00 00 00 00 00 00 00 00 00 00 00 00 00 00 00 00 00 00 00 00 00 00 00 00 00 09 C9 3B 5D 7E
[407276][00:01:25.950]7E FF 02 FF 51 6D 17 AB 68 05 C8 03 97 2F 52 6C 00 FD 03 54 00 01 00 01 69 7F 94 01 60 00 03 B6 12 40 E4 00 57 98 53 10 00 17 00 0A 00 B0 30 10 88 FF 00 00 33 00 00 11 A1 00 00 01 23 CD 07 30 00 09 05 35 33 03 02 86 50 6F F8 00 00 00 00 00 00 00 00 00 00 00 00 00 00 00 00 00 00 00 00 00 00 00 00 00 00 00 00 00 00 00 00 8F 0D B7 A4 7E
[407277][00:01:25.980]7E FF 02 FF 52 6D 2F AB 68 05 C1 03 5C 56 5B 6C 00 2C 01 94 00 01 00 01 69 7F 94 87 F0 FF 01 C1 12 79 42 00 51 0E 17 70 08 FF 2F 01 07 04 00 5E 78 FF 08 00 33 00 00 70 00 00 68 35 16 FF FF FF FF FF FF 08 00 00 00 87 10 00 12 70 00 00 68 35 16 20 00 00 12 74 72 37 07 49 64 0E 00 3D 01 94 02 2A 00 4D 00 00 00 01 30 0A 00 00 00 01 00 00 00 00 00 00 00 00 00 00 00 00 00 00 00 00 00 08 00 00 00 00 00 00 00 00 00 04 68 09 00 20 10 00 00 01 04 3E 01 05 0F 01 03 11 04 06 03 01 03 2E 02 B8 1A 05 67 00 00 00 00 00 00 BE 97 05 A1 7E
[407278][00:01:26.055]7E FF 02 FF 53 6D 7B AB 68 05 5A 00 17 01 78 6C 00 FD 03 54 00 01 00 01 69 7F 94 01 60 00 03 B6 12 40 E4 00 57 98 53 10 00 17 00 0A 00 B0 30 10 88 FF 00 00 33 00 00 11 A1 00 00 01 23 CD 07 30 00 09 05 35 33 03 02 86 50 6F F8 00 00 00 00 00 00 00 00 00 00 00 00 00 00 00 00 00 00 00 00 00 00 00 00 00 00 00 00 00 00 00 00 21 7E 4C A1 7E
[407279][00:01:26.279]7E FF 02 FF 54 6D 62 AC 68 05 26 01 E2 39 D0 6C 00 FD 03 10 00 01 00 03 69 7F 94 F0 0C BF 1F 00 00 00 10 02 7C 89 C3 F7 5F 60 DC 7E
[407280][00:01:26.340]7E FF 02 FF 55 6D 97 AC 68 05 D9 01 90 7B E4 6C 00 39 00 94 00 01 00 01 69 7F 94 49 A0 10 01 FC 13 79 40 00 CC 52 4E 90 04 0A 01 04 D6 B0 00 43 70 EF 04 00 33 00 00 07 00 00 00 49 00 49 00 65 00 37 00 02 00 00 00 01 20 08 00 01 32 29 00 00 21 01 40 CC 80 04 00 06 D1 40 CA 4A 97 02 A1 24 00 6E 33 02 82 46 04 14 20 A0 60 40 02 00 00 00 30 04 00 00 00 00 04 00 00 40 45 BF 3E 73 00 00 00 00 00 00 00 00 00 00 00 00 00 00 00 00 00 00 00 00 00 00 00 00 00 00 00 00 00 00 00 00 00 00 00 00 00 00 00 00 00 00 00 00 00 15 00 2C 6F 7E
[407281][00:01:26.714]7E FF 02 FF 56 6D 0B AE 68 05 62 03 50 8C 72 6D 00 3B 01 94 00 01 00 01 69 7F 94 00 40 12 01 FC 13 79 44 00 6B EE 24 00 00 24 01 0A 55 73 00 5C 78 EF 0C 00 33 00 00 30 00 09 05 35 39 FF FF FF FF FF FF 00 00 00 00 30 00 09 05 35 39 24 01 00 00 00 00 00 00 00 00 39 03 00 01 77 84 24 45 E8 07 02 12 09 23 07 03 01 00 01 01 00 02 02 00 0D 00 00 09 03 31 17 6E 54 4E 59 58 0F 00 0F 00 00 00 00 00 01 00 00 00 CE DA 22 74 35 FF 7E 29 94 A1 1B 00 00 31 44 59 58 03 FB C1 01 9C 02 01 1E 40 65 4A 00 00 00 00 00 00 00 00 FF C8 30 A5 7E
[407282][00:01:26.908]7E FF 02 FF 57 6D C6 AE 68 05 89 01 AF B2 B9 6D 00 39 00 94 00 01 00 01 69 7F 94 49 A0 10 01 FC 13 79 44 00 DD 50 CA 90 04 0A 01 04 D6 B0 00 43 70 EF 04 00 33 00 00 07 00 00 00 49 00 49 00 65 00 37 00 02 00 00 00 01 20 08 00 01 32 29 00 00 21 01 40 CC 80 04 00 06 D1 40 CA 4A 97 02 A1 24 00 6E 33 02 82 46 04 14 20 A0 60 40 02 00 00 00 30 04 00 00 00 00 04 00 00 40 45 BF 3E 73 00 00 00 00 00 00 00 00 00 00 00 00 00 00 00 00 00 00 00 00 00 00 00 00 00 00 00 00 00 00 00 00 00 00 00 00 00 00 00 00 00 00 00 00 00 85 AA 36 F3 7E
[407283][00:01:26.954]7E FF 02 FF 58 6D EC AE 68 05 50 01 AF 29 C8 6D 00 3B 00 14 01 01 00 01 69 7F 94 49 F0 FF 01 E5 14 EB C2 00 AE E5 92 90 04 FF 2F 01 D7 B0 00 7F 70 01 04 00 33 00 00 08 00 00 00 49 A0 10 42 30 00 09 03 55 07 20 00 00 12 74 72 39 00 00 00 25 00 08 01 0F 00 34 00 00 00 00 00 0A 31 00 00 00 00 01 00 00 00 00 10 20 00 00 21 00 00 C8 80 00 00 06 D0 00 C8 4A 10 02 81 00 00 46 30 00 80 46 04 00 00 00 00 40 00 00 00 00 10 00 00 00 00 00 04 02 03 03 02 01 02 01 01 01 01 01 01 01 01 01 04 01 04 01 02 01 04 02 04 03 01 03 01 01 01 01 01 01 01 05 02 02 37 E8 CC AD 00 00 00 00 00 00 00 00 00 00 00 00 00 00 00 00 00 00 00 00 00 00 00 00 00 00 00 00 00 00 00 00 00 00 00 00 00 00 00 00 00 00 00 00 00 00 00 00 00 00 00 00 00 00 00 00 00 00 00 00 00 00 00 00 00 00 00 00 00 00 00 00 00 00 00 00 00 00 00 00 00 00 00 00 00 00 00 00 00 00 00 00 00 00 00 00 00 00 00 00 00 00 00 00 00 00 00 00 00 00 00 00 00 DD 05 F3 7C 7E
[407284][00:01:27.150]7E FF 02 FF 59 6D BE AF 68 05 3D 00 10 2B 18 6E 00 37 00 94 00 01 00 01 69 7F 94 00 D0 12 01 FC 13 79 44 00 FE 6C F0 00 00 2D 01 0A BE 6B 00 5C 78 EF 0C 00 33 00 00 30 00 09 05 35 35 FF FF FF FF FF FF 00 00 00 00 30 00 09 05 35 35 2D 01 00 00 00 00 00 00 00 00 39 03 00 01 39 84 24 45 E8 07 02 12 09 23 07 03 01 00 01 01 00 02 02 00 0D 00 00 09 03 31 17 6E 54 4E 59 58 0F 00 0F 00 00 00 00 00 04 00 00 00 6C E7 C5 A1 53 47 5B 19 78 A1 1B 00 00 31 44 59 58 03 FB C1 01 9C 02 01 0C 41 DB BF 00 00 00 00 00 00 00 00 53 82 2B 87 7E
[407285][00:01:27.269]7E FF 02 FF 5A 6D 2F B0 68 05 5E 00 C2 49 43 6E 00 37 00 94 00 01 00 01 69 7F 94 00 40 12 01 FC 13 79 44 00 6B EE 24 00 00 24 01 0A 55 73 00 5C 78 EF 0C 00 33 00 00 30 00 09 05 35 39 FF FF FF FF FF FF 00 00 00 00 30 00 09 05 35 39 24 01 00 00 00 00 00 00 00 00 39 03 00 01 77 84 24 45 E8 07 02 12 09 23 07 03 01 00 01 01 00 02 02 00 0D 00 00 09 03 31 17 6E 54 4E 59 58 0F 00 0F 00 00 00 00 00 01 00 00 00 CE DA 22 74 35 FF 7E 29 94 A1 1B 00 00 31 44 59 58 03 FB C1 01 9C 02 01 1E 40 65 4A 00 00 00 00 00 00 00 00 C5 A8 29 79 7E
[407286][00:01:27.389]7E FF 02 FF 5B 6D AB B0 68 05 30 01 16 AD 72 6E 00 36 01 94 00 01 00 01 69 7F 94 3E 10 00 01 14 13 3D 60 00 29 8E 1A E0 03 01 00 00 EC 8F 00 49 A0 FF 08 00 33 00 00 30 00 09 80 94 75 20 00 00 12 74 72 07 00 00 00 3E 00 3E 00 EA 00 3D 00 92 B0 2C F5 01 02 52 BF BE 0D 06 C7 26 90 9E 8F 80 75 7B 69 01 04 09 04 00 00 01 12 00 00 00 00 A0 00 00 20 00 00 00 80 08 20 2E 22 3C 00 00 00 20 10 3E 79 4B 39 1C 53 E2 31 16 05 40 EA 06 68 3F 00 00 00 00 00 00 00 00 00 00 00 00 00 00 00 00 00 00 00 00 00 00 00 00 00 00 00 BB 48 E6 1A 7E
[407287][00:01:27.389]7E FF 02 FF 5C 6D B0 B0 68 05 99 00 CD 8A 74 6E 00 36 01 10 00 01 00 02 69 7F 94 10 01 E0 03 01 01 00 00 00 84 97 62 96 47 2D 45 7E
[407288][00:01:27.658]7E FF 02 FF 5D 6D B6 B1 68 05 89 03 B4 C2 D8 6E 00 37 00 94 00 01 00 01 69 7F 94 00 D0 12 01 FC 13 79 44 00 FE 6C F0 00 00 2D 01 0A BE 6B 00 5C 78 EF 0C 00 33 00 00 30 00 09 05 35 35 FF FF FF FF FF FF 00 00 00 00 30 00 09 05 35 35 2D 01 00 00 00 00 00 00 00 00 39 03 00 01 39 84 24 45 E8 07 02 12 09 23 07 03 01 00 01 01 00 02 02 00 0D 00 00 09 03 31 17 6E 54 4E 59 58 0F 00 0F 00 00 00 00 00 04 00 00 00 6C E7 C5 A1 53 47 5B 19 78 A1 1B 00 00 31 44 59 58 03 FB C1 01 9C 02 01 0C 41 DB BF 00 00 00 00 00 00 00 00 1F 7B A3 86 7E
[407289][00:01:27.719]7E FF 02 FF 5E 6D 0D B2 68 05 1D 02 9B D4 F9 6E 00 37 00 10 00 01 00 02 69 7F 94 01 D8 00 00 01 00 00 00 00 80 EA 79 8B 02 94 0F 7E
[407290][00:01:27.870]7E FF 02 FF 5F 6D 91 B2 68 05 70 01 AF 19 2C 6F 00 39 00 94 00 01 00 01 69 7F 94 00 40 12 01 FC 13 79 44 00 6B EE 24 00 00 24 01 0A 55 73 00 5C 78 EF 0C 00 33 00 00 30 00 09 05 35 39 FF FF FF FF FF FF 00 00 00 00 30 00 09 05 35 39 24 01 00 00 00 00 00 00 00 00 39 03 00 01 77 84 24 45 E8 07 02 12 09 23 07 03 01 00 01 01 00 02 02 00 0D 00 00 09 03 31 17 6E 54 4E 59 58 0F 00 0F 00 00 00 00 00 01 00 00 00 CE DA 22 74 35 FF 7E 29 94 A1 1B 00 00 31 44 59 58 03 FB C1 01 9C 02 01 1E 40 65 4A 00 00 00 00 00 00 00 00 79 46 E2 5F 7E
[407291][00:01:27.885]7E FF 02 FF 60 6D A4 B2 68 05 67 00 7B 45 33 6F 00 39 00 10 00 01 00 02 69 7F 94 10 01 C0 00 01 01 00 00 00 4D AE 81 98 7D E0 2C 7E
[407292][00:01:27.885]7E FF 02 FF 61 6D AF B2 68 05 D7 02 DB B1 37 6F 00 39 00 10 00 01 00 02 69 7F 94 10 01 C0 00 01 01 00 00 00 4D AE 81 8C 80 B3 66 7E
[407293][00:01:28.034]7E FF 02 FF 62 6D 18 B3 68 05 E3 03 AF 3A 5E 6F 01 22 0F 14 01 01 00 01 69 7F 94 01 80 0D 03 6A 41 00 10 00 16 42 9C 10 00 81 00 03 02 B0 30 74 88 FF 00 00 33 00 00 11 03 00 00 01 02 83 06 D1 1E 28 0A FE FE FE FE 68 62 00 43 05 15 50 03 09 00 30 10 FB 6B 10 00 3E 05 03 39 50 02 02 00 01 20 21 02 00 1C 07 EA 06 1D 0B 00 00 08 00 20 21 02 00 00 20 01 04 00 00 20 00 02 00 00 20 01 02 00 00 20 04 02 00 00 20 0A 02 00 00 00 10 02 01 00 00 20 02 01 00 01 10 F0 D5 56 98 83 8E 08 15 8F 01 3B 87 D4 9A 8C D7 63 D2 16 99 3B 8D AE 00 00 00 00 00 00 00 00 00 00 00 00 00 00 00 00 00 00 00 00 00 00 00 00 00 00 00 00 00 00 00 00 00 00 00 00 00 00 00 00 00 00 00 00 00 00 00 00 00 00 00 00 00 00 00 00 00 00 00 00 00 00 00 00 00 00 00 00 00 00 00 00 00 00 00 00 00 00 00 00 00 00 00 00 00 00 00 00 00 00 00 00 00 00 00 00 00 00 00 00 00 00 00 00 00 00 00 00 00 00 00 00 00 00 00 00 00 00 00 00 00 00 00 00 64 17 1F 5A 7E
[407294][00:01:28.185]7E FF 02 FF 63 6D CD B3 68 05 97 01 0D A9 A4 6F 00 38 00 94 00 01 00 01 69 7F 94 00 40 12 01 FC 13 79 44 00 6B EE 24 00 00 24 01 0A 55 73 00 5C 78 EF 0C 00 33 00 00 30 00 09 05 35 39 FF FF FF FF FF FF 00 00 00 00 30 00 09 05 35 39 24 01 00 00 00 00 00 00 00 00 39 03 00 01 77 84 24 45 E8 07 02 12 09 23 07 03 01 00 01 01 00 02 02 00 0D 00 00 09 03 31 17 6E 54 4E 59 58 0F 00 0F 00 00 00 00 00 01 00 00 00 CE DA 22 74 35 FF 7E 29 94 A1 1B 00 00 31 44 59 58 03 FB C1 01 9C 02 01 1E 40 65 4A 00 00 00 00 00 00 00 00 6E 4D 96 65 7E
[407295][00:01:28.216]7E FF 02 FF 64 6D D9 B3 68 05 2E 01 62 2F A9 6F 00 3A 00 14 01 01 00 01 69 7F 94 D8 E0 02 03 6F 16 EB C4 00 DB 9C 20 10 00 81 00 03 02 B0 30 74 88 EF 00 00 33 00 00 11 03 00 00 01 02 83 06 D1 1E 28 0A FE FE FE FE 68 62 00 43 05 15 50 03 09 00 30 10 FB 6B 10 00 3E 05 03 39 50 02 02 00 01 20 21 02 00 1C 07 EA 06 1D 0B 00 00 08 00 20 21 02 00 00 20 01 04 00 00 20 00 02 00 00 20 01 02 00 00 20 04 02 00 00 20 0A 02 00 00 00 10 02 01 00 00 20 02 01 00 01 10 F0 D5 56 98 83 8E 08 15 8F 01 3B 87 D4 9A 8C D7 63 D2 16 99 3B 8D AE 00 00 00 00 00 00 00 00 00 00 00 00 00 00 00 00 00 00 00 00 00 00 00 00 00 00 00 00 00 00 00 00 00 00 00 00 00 00 00 00 00 00 00 00 00 00 00 00 00 00 00 00 00 00 00 00 00 00 00 00 00 00 00 00 00 00 00 00 00 00 00 00 00 00 00 00 00 00 00 00 00 00 00 00 00 00 00 00 00 00 00 00 00 00 00 00 00 00 00 00 00 00 00 00 00 00 00 00 00 00 00 00 00 00 00 00 00 00 00 00 00 00 00 00 AA 11 8E 37 7E
[407296][00:01:28.216]7E FF 02 FF 65 6D EE B3 68 05 90 01 E1 41 B1 6F 00 3A 00 10 00 01 00 03 69 7F 94 F0 0C 33 18 00 00 00 10 02 FF B8 35 B9 37 97 E4 7E
[407297][00:01:28.261]7E FF 02 FF 66 6D 1A B4 68 05 A6 01 A6 08 C2 6F 00 39 00 94 00 01 00 01 69 7F 94 36 10 00 01 14 13 3D 60 00 20 8E 1E 60 03 01 00 00 BD 08 00 49 88 FF 08 00 33 00 00 30 00 09 79 78 92 20 00 00 12 74 72 07 00 00 00 36 00 36 00 C3 00 3D 00 92 B0 2C F5 00 02 12 FF BE 0D 06 C7 26 90 9E 8F 80 75 7B 69 01 04 01 04 00 00 01 10 00 00 00 00 A0 00 00 20 00 00 00 80 08 20 2E 22 3C 00 00 00 20 10 3E 79 4B 39 1C 53 E2 31 16 05 40 4D B8 BF C7 00 00 00 00 00 00 00 00 00 00 00 00 00 00 00 00 00 00 00 00 00 00 00 00 00 00 00 E2 00 E1 98 7E
[407298][00:01:28.261]7E FF 02 FF 67 6D 1F B4 68 05 30 01 65 E9 C3 6F 00 39 00 10 00 01 00 02 69 7F 94 10 01 60 03 01 01 02 00 00 A4 33 F2 9A ED C1 B8 7E
[407299][00:01:28.276]7E FF 02 FF 68 6D 3A B4 68 05 3F 03 3D 6A CE 6F 00 39 00 10 00 01 00 02 69 7F 94 10 15 80 1D 01 00 00 00 00 9F 55 7C A7 DA 50 AF 7E
[407300][00:01:28.306]7E FF 02 FF 69 6D 40 B4 68 05 54 02 1B 97 D0 6F 00 34 01 94 00 01 00 01 69 7F 94 15 10 00 01 14 13 3D 60 00 07 8E 3E 50 01 01 00 00 51 CE 00 49 98 EF 08 00 33 00 00 30 00 09 80 95 26 20 00 00 12 74 72 07 00 00 00 D8 01 D8 01 96 00 3D 00 92 B0 2C F5 00 02 52 FF BE 0D 06 C7 26 90 9E 8F 80 75 7B 69 01 04 09 04 00 00 01 12 00 00 00 00 A0 00 00 20 00 00 00 80 08 20 2E 22 3C 00 00 00 20 10 3E 79 4B 39 1C 53 E2 31 16 05 DB 27 AC CB 19 00 00 00 00 00 00 00 00 00 00 00 00 00 00 00 00 00 00 00 00 00 00 00 00 00 00 00 35 3A 9A 74 7E
[407301][00:01:28.321]7E FF 02 FF 6A 6D 4E B4 68 05 0B 02 C0 E7 D5 6F 00 38 01 94 00 01 00 01 69 7F 94 15 10 00 01 14 13 3D 64 00 16 8C BA 50 01 01 00 00 51 CE 00 49 98 EF 08 00 33 00 00 30 00 09 80 95 26 20 00 00 12 74 72 07 00 00 00 D8 01 D8 01 96 00 3D 00 92 B0 2C F5 00 02 52 FF BE 0D 06 C7 26 90 9E 8F 80 75 7B 69 01 04 09 04 00 00 01 12 00 00 00 00 A0 00 00 20 00 00 00 80 08 20 2E 22 3C 00 00 00 20 10 3E 79 4B 39 1C 53 E2 31 16 05 DB 27 AC CB 19 00 00 00 00 00 00 00 00 00 00 00 00 00 00 00 00 00 00 00 00 00 00 00 00 00 00 00 FB 95 6B CF 7E
[407302][00:01:28.321]7E FF 02 FF 6B 6D 53 B4 68 05 55 01 12 C4 D7 6F 00 38 01 10 00 01 00 02 69 7F 94 10 01 50 01 01 02 03 00 00 98 C2 F6 80 79 F9 84 7E
[407303][00:01:28.426]7E FF 02 FF 6C 6D A8 B4 68 05 9C 01 50 32 F8 6F 00 FE 03 14 01 01 00 01 69 7F 94 01 60 00 03 27 16 EB C0 00 98 5E C8 10 00 12 01 03 01 B0 30 74 88 FF 00 00 33 00 00 11 03 00 00 01 02 83 06 D0 1E 28 0A FE FE FE FE 68 62 00 43 05 84 42 54 06 00 30 10 5B 7A 10 00 3E 05 03 38 50 02 02 00 01 20 21 02 00 1C 07 EA 06 1D 0B 00 00 08 00 20 21 02 00 00 20 01 04 00 00 20 00 02 00 00 20 01 02 00 00 20 04 02 00 00 20 0A 02 00 00 00 10 02 01 00 00 20 02 01 00 01 10 F0 D5 56 98 83 8E 08 15 8F 01 3B 87 D4 9A 8C D7 C4 82 16 C2 0B 9E F6 00 00 00 00 00 00 00 00 00 00 00 00 00 00 00 00 00 00 00 00 00 00 00 00 00 00 00 00 00 00 00 00 00 00 00 00 00 00 00 00 00 00 00 00 00 00 00 00 00 00 00 00 00 00 00 00 00 00 00 00 00 00 00 00 00 00 00 00 00 00 00 00 00 00 00 00 00 00 00 00 00 00 00 00 00 00 00 00 00 00 00 00 00 00 00 00 00 00 00 00 00 00 00 00 00 00 00 00 00 00 00 00 00 00 00 00 00 00 00 00 00 00 00 00 42 4E 82 3B 7E
[407304][00:01:28.472]7E FF 02 FF 6D 6D D8 B4 68 05 48 00 1D 5F 0A 70 00 FE 03 14 01 01 00 01 69 7F 94 01 60 00 03 27 16 EB C4 00 89 5C 4C 10 00 12 01 03 01 B0 30 74 88 FF 00 00 33 00 00 11 03 00 00 01 02 83 06 D0 1E 28 0A FE FE FE FE 68 62 00 43 05 84 42 54 06 00 30 10 5B 7A 10 00 3E 05 03 38 50 02 02 00 01 20 21 02 00 1C 07 EA 06 1D 0B 00 00 08 00 20 21 02 00 00 20 01 04 00 00 20 00 02 00 00 20 01 02 00 00 20 04 02 00 00 20 0A 02 00 00 00 10 02 01 00 00 20 02 01 00 01 10 F0 D5 56 98 83 8E 08 15 8F 01 3B 87 D4 9A 8C D7 C4 82 16 C2 0B 9E F6 00 00 00 00 00 00 00 00 00 00 00 00 00 00 00 00 00 00 00 00 00 00 00 00 00 00 00 00 00 00 00 00 00 00 00 00 00 00 00 00 00 00 00 00 00 00 00 00 00 00 00 00 00 00 00 00 00 00 00 00 00 00 00 00 00 00 00 00 00 00 00 00 00 00 00 00 00 00 00 00 00 00 00 00 00 00 00 00 00 00 00 00 00 00 00 00 00 00 00 00 00 00 00 00 00 00 00 00 00 00 00 00 00 00 00 00 00 00 00 00 00 00 00 00 08 A1 42 60 7E
[407305][00:01:28.518]7E FF 02 FF 6E 6D 0A B5 68 05 2F 03 61 BA 1D 70 00 FE 03 14 01 01 00 01 69 7F 94 01 60 00 03 27 16 EB C4 00 89 5C 4C 10 00 12 01 03 01 B0 30 74 88 FF 00 00 33 00 00 11 03 00 00 01 02 83 06 D0 1E 28 0A FE FE FE FE 68 62 00 43 05 84 42 54 06 00 30 10 5B 7A 10 00 3E 05 03 38 50 02 02 00 01 20 21 02 00 1C 07 EA 06 1D 0B 00 00 08 00 20 21 02 00 00 20 01 04 00 00 20 00 02 00 00 20 01 02 00 00 20 04 02 00 00 20 0A 02 00 00 00 10 02 01 00 00 20 02 01 00 01 10 F0 D5 56 98 83 8E 08 15 8F 01 3B 87 D4 9A 8C D7 C4 82 16 C2 0B 9E F6 00 00 00 00 00 00 00 00 00 00 00 00 00 00 00 00 00 00 00 00 00 00 00 00 00 00 00 00 00 00 00 00 00 00 00 00 00 00 00 00 00 00 00 00 00 00 00 00 00 00 00 00 00 00 00 00 00 00 00 00 00 00 00 00 00 00 00 00 00 00 00 00 00 00 00 00 00 00 00 00 00 00 00 00 00 00 00 00 00 00 00 00 00 00 00 00 00 00 00 00 00 00 00 00 00 00 00 00 00 00 00 00 00 00 00 00 00 00 00 00 00 00 00 00 EE 00 A0 58 7E
[407306][00:01:28.549]7E FF 02 FF 6F 6D 8A B5 68 05 81 03 48 72 28 70 00 FD 03 14 01 01 00 01 69 7F 94 01 60 00 03 27 16 EB C0 00 98 5E C8 10 00 AE 00 03 03 B0 30 74 88 FF 00 00 33 00 00 11 03 00 00 01 02 83 06 CE 1E 28 0A FE FE FE FE 68 62 00 43 05 14 91 53 06 00 30 10 ED 30 10 00 3E 05 03 36 50 02 02 00 01 20 21 02 00 1C 07 EA 06 1D 0B 00 00 08 00 20 21 02 00 00 20 01 04 00 00 20 00 02 00 00 20 01 02 00 00 20 04 02 00 00 20 0A 02 00 00 00 10 02 01 00 00 20 02 01 00 01 10 F0 D5 56 98 83 8E 08 15 8F 01 3B 87 D4 9A 8C D7 1D FC 16 1E 12 10 AB 00 00 00 00 00 00 00 00 00 00 00 00 00 00 00 00 00 00 00 00 00 00 00 00 00 00 00 00 00 00 00 00 00 00 00 00 00 00 00 00 00 00 00 00 00 00 00 00 00 00 00 00 00 00 00 00 00 00 00 00 00 00 00 00 00 00 00 00 00 00 00 00 00 00 00 00 00 00 00 00 00 00 00 00 00 00 00 00 00 00 00 00 00 00 00 00 00 00 00 00 00 00 00 00 00 00 00 00 00 00 00 00 00 00 00 00 00 00 00 00 00 00 00 00 C8 64 75 C9 7E
[407307][00:01:28.594]7E FF 02 FF 70 6D 56 B5 68 05 C0 03 82 C6 3A 70 00 FD 03 14 01 01 00 01 69 7F 94 01 60 00 03 27 16 EB C4 00 89 5C 4C 10 00 AE 00 03 03 B0 30 74 88 FF 00 00 33 00 00 11 03 00 00 01 02 83 06 CE 1E 28 0A FE FE FE FE 68 62 00 43 05 14 91 53 06 00 30 10 ED 30 10 00 3E 05 03 36 50 02 02 00 01 20 21 02 00 1C 07 EA 06 1D 0B 00 00 08 00 20 21 02 00 00 20 01 04 00 00 20 00 02 00 00 20 01 02 00 00 20 04 02 00 00 20 0A 02 00 00 00 10 02 01 00 00 20 02 01 00 01 10 F0 D5 56 98 83 8E 08 15 8F 01 3B 87 D4 9A 8C D7 1D FC 16 1E 12 10 AB 00 00 00 00 00 00 00 00 00 00 00 00 00 00 00 00 00 00 00 00 00 00 00 00 00 00 00 00 00 00 00 00 00 00 00 00 00 00 00 00 00 00 00 00 00 00 00 00 00 00 00 00 00 00 00 00 00 00 00 00 00 00 00 00 00 00 00 00 00 00 00 00 00 00 00 00 00 00 00 00 00 00 00 00 00 00 00 00 00 00 00 00 00 00 00 00 00 00 00 00 00 00 00 00 00 00 00 00 00 00 00 00 00 00 00 00 00 00 00 00 00 00 00 00 89 48 EF 13 7E
[407308][00:01:28.609]7E FF 02 FF 71 6D 6B B5 68 05 74 00 F2 79 42 70 00 38 00 94 00 01 00 01 69 7F 94 49 A0 10 01 FC 13 79 44 00 DD 50 CA 90 04 0A 01 04 D8 B0 00 43 70 EF 04 00 33 00 00 07 00 00 00 49 00 49 00 65 00 37 00 02 00 00 00 01 20 08 00 01 32 29 00 00 21 01 40 CC 80 04 00 06 D1 40 CA 4A 97 02 A1 24 00 6E 33 02 82 46 04 14 20 A0 60 40 02 00 00 00 30 04 00 00 00 00 04 00 00 40 45 BF 3E 73 00 00 00 00 00 00 00 00 00 00 00 00 00 00 00 00 00 00 00 00 00 00 00 00 00 00 00 00 00 00 00 00 00 00 00 00 00 00 00 00 00 00 00 00 00 60 6E 66 97 7E
[407309][00:01:28.654]7E FF 02 FF 72 6D EC B5 68 05 F5 01 B8 AC 4D 70 00 FD 03 14 01 01 00 01 69 7F 94 01 60 00 03 27 16 EB C4 00 89 5C 4C 10 00 AE 00 03 03 B0 30 74 88 FF 00 00 33 00 00 11 03 00 00 01 02 83 06 CE 1E 28 0A FE FE FE FE 68 62 00 43 05 14 91 53 06 00 30 10 ED 30 10 00 3E 05 03 36 50 02 02 00 01 20 21 02 00 1C 07 EA 06 1D 0B 00 00 08 00 20 21 02 00 00 20 01 04 00 00 20 00 02 00 00 20 01 02 00 00 20 04 02 00 00 20 0A 02 00 00 00 10 02 01 00 00 20 02 01 00 01 10 F0 D5 56 98 83 8E 08 15 8F 01 3B 87 D4 9A 8C D7 1D FC 16 1E 12 10 AB 00 00 00 00 00 00 00 00 00 00 00 00 00 00 00 00 00 00 00 00 00 00 00 00 00 00 00 00 00 00 00 00 00 00 00 00 00 00 00 00 00 00 00 00 00 00 00 00 00 00 00 00 00 00 00 00 00 00 00 00 00 00 00 00 00 00 00 00 00 00 00 00 00 00 00 00 00 00 00 00 00 00 00 00 00 00 00 00 00 00 00 00 00 00 00 00 00 00 00 00 00 00 00 00 00 00 00 00 00 00 00 00 00 00 00 00 00 00 00 00 00 00 00 00 37 51 83 30 7E
[407310][00:01:28.701]7E FF 02 FF 73 6D BB B5 68 05 52 00 C5 F8 60 70 00 FD 03 14 01 01 00 01 69 7F 94 01 60 00 03 27 16 EB C0 00 98 5E C8 10 00 F8 00 0A 04 B0 30 74 88 FF 00 00 33 00 00 11 03 00 00 01 02 83 06 CF 1E 28 0A FE FE FE FE 68 62 00 43 05 93 24 54 06 00 30 10 C1 97 10 00 3E 05 03 37 50 02 02 00 01 20 21 02 00 1C 07 EA 06 1D 0B 00 00 08 00 20 21 02 00 00 20 01 04 00 00 20 00 02 00 00 20 01 02 00 00 20 04 02 00 00 20 0A 02 00 00 00 10 02 01 00 00 20 02 01 00 01 10 F0 D5 56 98 83 8E 08 15 8F 01 3B 87 D4 9A 8C D7 BA AC 16 15 BD EC 8C 00 00 00 00 00 00 00 00 00 00 00 00 00 00 00 00 00 00 00 00 00 00 00 00 00 00 00 00 00 00 00 00 00 00 00 00 00 00 00 00 00 00 00 00 00 00 00 00 00 00 00 00 00 00 00 00 00 00 00 00 00 00 00 00 00 00 00 00 00 00 00 00 00 00 00 00 00 00 00 00 00 00 00 00 00 00 00 00 00 00 00 00 00 00 00 00 00 00 00 00 00 00 00 00 00 00 00 00 00 00 00 00 00 00 00 00 00 00 00 00 00 00 00 00 A6 94 15 4A 7E
[407311][00:01:28.761]7E FF 02 FF 74 6D F0 B5 68 05 18 01 1C 43 75 70 00 FE 03 14 01 01 00 01 69 7F 94 01 60 00 03 27 16 EB C4 00 89 5C 4C 10 00 F8 00 0A 04 B0 30 74 88 FF 00 00 33 00 00 11 03 00 00 01 02 83 06 CF 1E 28 0A FE FE FE FE 68 62 00 43 05 93 24 54 06 00 30 10 C1 97 10 00 3E 05 03 37 50 02 02 00 01 20 21 02 00 1C 07 EA 06 1D 0B 00 00 08 00 20 21 02 00 00 20 01 04 00 00 20 00 02 00 00 20 01 02 00 00 20 04 02 00 00 20 0A 02 00 00 00 10 02 01 00 00 20 02 01 00 01 10 F0 D5 56 98 83 8E 08 15 8F 01 3B 87 D4 9A 8C D7 BA AC 16 15 BD EC 8C 00 00 00 00 00 00 00 00 00 00 00 00 00 00 00 00 00 00 00 00 00 00 00 00 00 00 00 00 00 00 00 00 00 00 00 00 00 00 00 00 00 00 00 00 00 00 00 00 00 00 00 00 00 00 00 00 00 00 00 00 00 00 00 00 00 00 00 00 00 00 00 00 00 00 00 00 00 00 00 00 00 00 00 00 00 00 00 00 00 00 00 00 00 00 00 00 00 00 00 00 00 00 00 00 00 00 00 00 00 00 00 00 00 00 00 00 00 00 00 00 00 00 00 00 C5 8D 72 15 7E
[407312][00:01:28.807]7E FF 02 FF 75 6D 27 B6 68 05 49 00 29 2B 8A 70 00 FE 03 14 01 01 00 01 69 7F 94 01 60 00 03 27 16 EB C4 00 89 5C 4C 10 00 F8 00 0A 04 B0 30 74 88 FF 00 00 33 00 00 11 03 00 00 01 02 83 06 CF 1E 28 0A FE FE FE FE 68 62 00 43 05 93 24 54 06 00 30 10 C1 97 10 00 3E 05 03 37 50 02 02 00 01 20 21 02 00 1C 07 EA 06 1D 0B 00 00 08 00 20 21 02 00 00 20 01 04 00 00 20 00 02 00 00 20 01 02 00 00 20 04 02 00 00 20 0A 02 00 00 00 10 02 01 00 00 20 02 01 00 01 10 F0 D5 56 98 83 8E 08 15 8F 01 3B 87 D4 9A 8C D7 BA AC 16 15 BD EC 8C 00 00 00 00 00 00 00 00 00 00 00 00 00 00 00 00 00 00 00 00 00 00 00 00 00 00 00 00 00 00 00 00 00 00 00 00 00 00 00 00 00 00 00 00 00 00 00 00 00 00 00 00 00 00 00 00 00 00 00 00 00 00 00 00 00 00 00 00 00 00 00 00 00 00 00 00 00 00 00 00 00 00 00 00 00 00 00 00 00 00 00 00 00 00 00 00 00 00 00 00 00 00 00 00 00 00 00 00 00 00 00 00 00 00 00 00 00 00 00 00 00 00 00 00 0B 2A 1E 37 7E
[407313][00:01:28.822]7E FF 02 FF 76 6D 48 B6 68 05 09 02 A1 EA 95 70 01 23 0C 54 00 01 00 01 69 7F 94 01 F0 FF 00 2E 20 00 22 00 D5 DF D6 01 00 22 00 20 00 00 12 74 72 AF 00 0E 20 00 00 12 74 72 00 40 00 64 64 64 9A 05 02 09 00 87 30 36 0B 60 D8 00 06 8D 23 7A FB 00 00 00 00 00 00 00 00 00 00 00 00 00 00 00 00 00 00 00 00 00 00 00 00 00 00 D4 98 A3 86 7E
[407314][00:01:28.853]7E FF 02 FF 77 6D 63 B6 68 05 AA 03 3C 62 A1 70 00 3A 01 94 00 01 00 01 69 7F 94 00 D0 12 01 FC 13 79 44 00 FE 6C F0 00 00 2D 01 0A BE 6B 00 5C 78 EF 0C 00 33 00 00 30 00 09 05 35 35 FF FF FF FF FF FF 00 00 00 00 30 00 09 05 35 35 2D 01 00 00 00 00 00 00 00 00 39 03 00 01 39 84 24 45 E8 07 02 12 09 23 07 03 01 00 01 01 00 02 02 00 0D 00 00 09 03 31 17 6E 54 4E 59 58 0F 00 0F 00 00 00 00 00 04 00 00 00 6C E7 C5 A1 53 47 5B 19 78 A1 1B 00 00 31 44 59 58 03 FB C1 01 9C 02 01 0C 41 DB BF 00 00 00 00 00 00 00 00 43 0A 5A D1 7E
[407315][00:01:28.928]7E FF 02 FF 78 6D 9B B6 68 05 9E 02 43 A4 B6 70 00 FE 03 14 01 01 00 01 69 7F 94 01 60 00 03 27 16 EB C4 00 89 5C 4C 10 00 F8 00 0A 04 B0 30 74 88 FF 00 00 33 00 00 11 03 00 00 01 02 83 06 CF 1E 28 0A FE FE FE FE 68 62 00 43 05 93 24 54 06 00 30 10 C1 97 10 00 3E 05 03 37 50 02 02 00 01 20 21 02 00 1C 07 EA 06 1D 0B 00 00 08 00 20 21 02 00 00 20 01 04 00 00 20 00 02 00 00 20 01 02 00 00 20 04 02 00 00 20 0A 02 00 00 00 10 02 01 00 00 20 02 01 00 01 10 F0 D5 56 98 83 8E 08 15 8F 01 3B 87 D4 9A 8C D7 BA AC 16 15 BD EC 8C 00 00 00 00 00 00 00 00 00 00 00 00 00 00 00 00 00 00 00 00 00 00 00 00 00 00 00 00 00 00 00 00 00 00 00 00 00 00 00 00 00 00 00 00 00 00 00 00 00 00 00 00 00 00 00 00 00 00 00 00 00 00 00 00 00 00 00 00 00 00 00 00 00 00 00 00 00 00 00 00 00 00 00 00 00 00 00 00 00 00 00 00 00 00 00 00 00 00 00 00 00 00 00 00 00 00 00 00 00 00 00 00 00 00 00 00 00 00 00 00 00 00 00 00 10 01 11 74 7E
[407316][00:01:28.928]7E FF 02 FF 79 6D C6 B6 68 05 77 03 86 1C C6 70 01 22 0D 10 00 01 00 02 69 7F 94 00 01 80 0D 00 A8 01 00 00 DD 9D 46 42 D5 9C A4 7E
[407317][00:01:29.004]7E FF 02 FF 7A 6D EE B6 68 05 F2 01 CC 3C D6 70 00 FD 03 14 01 01 00 01 69 7F 94 01 60 00 03 27 16 EB C4 00 89 5C 4C 10 00 F8 00 0A 04 B0 30 74 88 FF 00 00 33 00 00 11 03 00 00 01 02 83 06 CF 1E 28 0A FE FE FE FE 68 62 00 43 05 93 24 54 06 00 30 10 C1 97 10 00 3E 05 03 37 50 02 02 00 01 20 21 02 00 1C 07 EA 06 1D 0B 00 00 08 00 20 21 02 00 00 20 01 04 00 00 20 00 02 00 00 20 01 02 00 00 20 04 02 00 00 20 0A 02 00 00 00 10 02 01 00 00 20 02 01 00 01 10 F0 D5 56 98 83 8E 08 15 8F 01 3B 87 D4 9A 8C D7 BA AC 16 15 BD EC 8C 00 00 00 00 00 00 00 00 00 00 00 00 00 00 00 00 00 00 00 00 00 00 00 00 00 00 00 00 00 00 00 00 00 00 00 00 00 00 00 00 00 00 00 00 00 00 00 00 00 00 00 00 00 00 00 00 00 00 00 00 00 00 00 00 00 00 00 00 00 00 00 00 00 00 00 00 00 00 00 00 00 00 00 00 00 00 00 00 00 00 00 00 00 00 00 00 00 00 00 00 00 00 00 00 00 00 00 00 00 00 00 00 00 00 00 00 00 00 00 00 00 00 00 00 C5 E2 FD 4C 7E
[407318][00:01:29.049]7E FF 02 FF 7B 6D 1D B7 68 05 36 01 48 18 E8 70 00 FD 03 14 01 01 00 01 69 7F 94 01 60 00 03 27 16 EB C4 00 89 5C 4C 10 00 F8 00 0A 04 B0 30 74 88 FF 00 00 33 00 00 11 03 00 00 01 02 83 06 CF 1E 28 0A FE FE FE FE 68 62 00 43 05 93 24 54 06 00 30 10 C1 97 10 00 3E 05 03 37 50 02 02 00 01 20 21 02 00 1C 07 EA 06 1D 0B 00 00 08 00 20 21 02 00 00 20 01 04 00 00 20 00 02 00 00 20 01 02 00 00 20 04 02 00 00 20 0A 02 00 00 00 10 02 01 00 00 20 02 01 00 01 10 F0 D5 56 98 83 8E 08 15 8F 01 3B 87 D4 9A 8C D7 BA AC 16 15 BD EC 8C 00 00 00 00 00 00 00 00 00 00 00 00 00 00 00 00 00 00 00 00 00 00 00 00 00 00 00 00 00 00 00 00 00 00 00 00 00 00 00 00 00 00 00 00 00 00 00 00 00 00 00 00 00 00 00 00 00 00 00 00 00 00 00 00 00 00 00 00 00 00 00 00 00 00 00 00 00 00 00 00 00 00 00 00 00 00 00 00 00 00 00 00 00 00 00 00 00 00 00 00 00 00 00 00 00 00 00 00 00 00 00 00 00 00 00 00 00 00 00 00 00 00 00 00 C2 33 8B 8C 7E
[407319][00:01:29.064]7E FF 02 FF 7C 6D 36 B7 68 05 2C 03 5B D9 F1 70 00 FD 03 10 00 01 00 02 69 7F 94 01 D8 00 00 01 0F 00 00 00 70 2A 7A 73 E1 23 37 7E
[407320][00:01:29.258]7E FF 02 FF 7D 6D E4 B7 68 05 DE 01 C5 14 34 71 00 FD 03 14 01 01 00 01 69 7F 94 01 60 00 03 27 16 EB C4 00 89 5C 4C 10 00 F8 00 0A 04 B0 30 74 88 FF 00 00 33 00 00 11 03 00 00 01 02 83 06 CF 1E 28 0A FE FE FE FE 68 62 00 43 05 93 24 54 06 00 30 10 C1 97 10 00 3E 05 03 37 50 02 02 00 01 20 21 02 00 1C 07 EA 06 1D 0B 00 00 08 00 20 21 02 00 00 20 01 04 00 00 20 00 02 00 00 20 01 02 00 00 20 04 02 00 00 20 0A 02 00 00 00 10 02 01 00 00 20 02 01 00 01 10 F0 D5 56 98 83 8E 08 15 8F 01 3B 87 D4 9A 8C D7 BA AC 16 15 BD EC 8C 00 00 00 00 00 00 00 00 00 00 00 00 00 00 00 00 00 00 00 00 00 00 00 00 00 00 00 00 00 00 00 00 00 00 00 00 00 00 00 00 00 00 00 00 00 00 00 00 00 00 00 00 00 00 00 00 00 00 00 00 00 00 00 00 00 00 00 00 00 00 00 00 00 00 00 00 00 00 00 00 00 00 00 00 00 00 00 00 00 00 00 00 00 00 00 00 00 00 00 00 00 00 00 00 00 00 00 00 00 00 00 00 00 00 00 00 00 00 00 00 00 00 00 00 CA 18 8B 5F 7E
[407321][00:01:29.334]7E FF 02 FF 7E 6D A4 B8 68 05 15 01 CA 19 57 71 00 38 01 94 00 01 00 01 69 7F 94 00 D0 12 01 FC 13 79 44 00 FE 6C F0 00 00 2D 01 0A BE 6B 00 5C 78 EF 0C 00 33 00 00 30 00 09 05 35 35 FF FF FF FF FF FF 00 00 00 00 30 00 09 05 35 35 2D 01 00 00 00 00 00 00 00 00 39 03 00 01 39 84 24 45 E8 07 02 12 09 23 07 03 01 00 01 01 00 02 02 00 0D 00 00 09 03 31 17 6E 54 4E 59 58 0F 00 0F 00 00 00 00 00 04 00 00 00 6C E7 C5 A1 53 47 5B 19 78 A1 1B 00 00 31 44 59 58 03 FB C1 01 9C 02 01 0C 41 DB BF 00 00 00 00 00 00 00 00 5E 6A B2 6B 7E
[407322][00:01:29.993]7E FF 02 FF 7F 6D DF BA 68 05 D3 02 4C 3D 57 72 00 3B 00 94 00 01 00 01 69 7F 94 00 F0 0D 01 FC 13 79 44 00 21 B7 10 00 00 DF 00 0A 00 EF 00 5C 70 EF 0C 00 33 00 00 30 00 09 04 16 28 FF FF FF FF FF FF 00 00 00 00 30 00 09 04 16 28 DF 00 00 00 00 00 00 00 00 00 39 03 00 01 63 93 12 45 E8 07 02 12 09 23 07 03 01 00 01 01 00 02 02 00 0D 00 00 09 03 31 17 6E 54 4E 59 58 0E 00 0E 00 00 00 00 00 05 00 00 00 E6 FE B7 47 68 26 71 5C 61 77 1A 00 00 31 44 59 58 03 FB C1 01 9C 02 01 14 E2 D1 D2 00 00 00 00 00 00 00 00 FD 7F 3D 2F 7E
[407323][00:01:30.068]7E FF 02 FF 80 6D 3C BB 68 05 BA 01 F8 9E 7A 72 00 3B 00 10 00 01 00 03 69 7F 94 F0 0C E5 10 00 00 00 10 02 78 EA 6D 95 72 D6 FA 7E
[407324][00:01:30.427]7E FF 02 FF 81 6D 75 BC 68 05 C7 03 43 34 F2 72 00 FD 03 14 01 01 00 01 69 7F 94 01 60 00 03 27 16 EB C4 00 89 5C 4C 10 00 F8 00 0A 04 B0 30 74 88 FF 00 00 33 00 00 11 03 00 00 01 02 83 06 CF 1E 28 0A FE FE FE FE 68 62 00 43 05 93 24 54 06 00 30 10 C1 97 10 00 3E 05 03 37 50 02 02 00 01 20 21 02 00 1C 07 EA 06 1D 0B 00 00 08 00 20 21 02 00 00 20 01 04 00 00 20 00 02 00 00 20 01 02 00 00 20 04 02 00 00 20 0A 02 00 00 00 10 02 01 00 00 20 02 01 00 01 10 F0 D5 56 98 83 8E 08 15 8F 01 3B 87 D4 9A 8C D7 BA AC 16 15 BD EC 8C 00 00 00 00 00 00 00 00 00 00 00 00 00 00 00 00 00 00 00 00 00 00 00 00 00 00 00 00 00 00 00 00 00 00 00 00 00 00 00 00 00 00 00 00 00 00 00 00 00 00 00 00 00 00 00 00 00 00 00 00 00 00 00 00 00 00 00 00 00 00 00 00 00 00 00 00 00 00 00 00 00 00 00 00 00 00 00 00 00 00 00 00 00 00 00 00 00 00 00 00 00 00 00 00 00 00 00 00 00 00 00 00 00 00 00 00 00 00 00 00 00 00 00 00 CB 49 10 74 7E
[407325][00:01:30.473]7E FF 02 FF 82 6D A3 BC 68 05 CC 03 56 C0 03 73 00 FD 03 14 01 01 00 01 69 7F 94 01 60 00 03 27 16 EB C4 00 89 5C 4C 10 00 F8 00 0A 04 B0 30 74 88 FF 00 00 33 00 00 11 03 00 00 01 02 83 06 CF 1E 28 0A FE FE FE FE 68 62 00 43 05 93 24 54 06 00 30 10 C1 97 10 00 3E 05 03 37 50 02 02 00 01 20 21 02 00 1C 07 EA 06 1D 0B 00 00 08 00 20 21 02 00 00 20 01 04 00 00 20 00 02 00 00 20 01 02 00 00 20 04 02 00 00 20 0A 02 00 00 00 10 02 01 00 00 20 02 01 00 01 10 F0 D5 56 98 83 8E 08 15 8F 01 3B 87 D4 9A 8C D7 BA AC 16 15 BD EC 8C 00 00 00 00 00 00 00 00 00 00 00 00 00 00 00 00 00 00 00 00 00 00 00 00 00 00 00 00 00 00 00 00 00 00 00 00 00 00 00 00 00 00 00 00 00 00 00 00 00 00 00 00 00 00 00 00 00 00 00 00 00 00 00 00 00 00 00 00 00 00 00 00 00 00 00 00 00 00 00 00 00 00 00 00 00 00 00 00 00 00 00 00 00 00 00 00 00 00 00 00 00 00 00 00 00 00 00 00 00 00 00 00 00 00 00 00 00 00 00 00 00 00 00 00 EF 2D 30 4E 7E
[407326][00:01:30.518]7E FF 02 FF 83 6D CF BC 68 05 C3 00 6F 3C 14 73 00 FD 03 14 01 01 00 01 69 7F 94 01 60 00 03 27 16 EB C4 00 89 5C 4C 10 00 F8 00 0A 04 B0 30 74 88 FF 00 00 33 00 00 11 03 00 00 01 02 83 06 CF 1E 28 0A FE FE FE FE 68 62 00 43 05 93 24 54 06 00 30 10 C1 97 10 00 3E 05 03 37 50 02 02 00 01 20 21 02 00 1C 07 EA 06 1D 0B 00 00 08 00 20 21 02 00 00 20 01 04 00 00 20 00 02 00 00 20 01 02 00 00 20 04 02 00 00 20 0A 02 00 00 00 10 02 01 00 00 20 02 01 00 01 10 F0 D5 56 98 83 8E 08 15 8F 01 3B 87 D4 9A 8C D7 BA AC 16 15 BD EC 8C 00 00 00 00 00 00 00 00 00 00 00 00 00 00 00 00 00 00 00 00 00 00 00 00 00 00 00 00 00 00 00 00 00 00 00 00 00 00 00 00 00 00 00 00 00 00 00 00 00 00 00 00 00 00 00 00 00 00 00 00 00 00 00 00 00 00 00 00 00 00 00 00 00 00 00 00 00 00 00 00 00 00 00 00 00 00 00 00 00 00 00 00 00 00 00 00 00 00 00 00 00 00 00 00 00 00 00 00 00 00 00 00 00 00 00 00 00 00 00 00 00 00 00 00 AA B5 44 F2 7E
[407327][00:01:33.421]7E FF 02 FF 84 6D 32 C8 68 05 D0 01 24 55 6C 77 00 FD 03 14 01 01 00 01 69 7F 94 01 60 00 03 27 16 EB C0 00 98 5E C8 10 00 EB 00 03 06 B0 30 74 88 FF 00 00 33 00 00 11 03 00 00 01 02 83 06 D2 1E 28 0A FE FE FE FE 68 62 00 43 05 16 50 03 09 00 30 10 95 C3 10 00 3E 05 03 3A 50 02 02 00 01 20 21 02 00 1C 07 EA 06 1D 0B 00 00 08 00 20 21 02 00 00 20 01 04 00 00 20 00 02 00 00 20 01 02 00 00 20 04 02 00 00 20 0A 02 00 00 00 10 02 01 00 00 20 02 01 00 01 10 F0 D5 56 98 83 8E 08 15 8F 01 3B 87 D4 9A 8C D7 8A 23 16 82 B9 12 E4 00 00 00 00 00 00 00 00 00 00 00 00 00 00 00 00 00 00 00 00 00 00 00 00 00 00 00 00 00 00 00 00 00 00 00 00 00 00 00 00 00 00 00 00 00 00 00 00 00 00 00 00 00 00 00 00 00 00 00 00 00 00 00 00 00 00 00 00 00 00 00 00 00 00 00 00 00 00 00 00 00 00 00 00 00 00 00 00 00 00 00 00 00 00 00 00 00 00 00 00 00 00 00 00 00 00 00 00 00 00 00 00 00 00 00 00 00 00 00 00 00 00 00 00 2F 7C 22 DD 7E
[407328][00:01:33.482]7E FF 02 FF 85 6D 63 C8 68 05 03 02 B5 08 7F 77 00 FD 03 14 01 01 00 01 69 7F 94 01 60 00 03 27 16 EB C4 00 89 5C 4C 10 00 EB 00 03 06 B0 30 74 88 FF 00 00 33 00 00 11 03 00 00 01 02 83 06 D2 1E 28 0A FE FE FE FE 68 62 00 43 05 16 50 03 09 00 30 10 95 C3 10 00 3E 05 03 3A 50 02 02 00 01 20 21 02 00 1C 07 EA 06 1D 0B 00 00 08 00 20 21 02 00 00 20 01 04 00 00 20 00 02 00 00 20 01 02 00 00 20 04 02 00 00 20 0A 02 00 00 00 10 02 01 00 00 20 02 01 00 01 10 F0 D5 56 98 83 8E 08 15 8F 01 3B 87 D4 9A 8C D7 8A 23 16 82 B9 12 E4 00 00 00 00 00 00 00 00 00 00 00 00 00 00 00 00 00 00 00 00 00 00 00 00 00 00 00 00 00 00 00 00 00 00 00 00 00 00 00 00 00 00 00 00 00 00 00 00 00 00 00 00 00 00 00 00 00 00 00 00 00 00 00 00 00 00 00 00 00 00 00 00 00 00 00 00 00 00 00 00 00 00 00 00 00 00 00 00 00 00 00 00 00 00 00 00 00 00 00 00 00 00 00 00 00 00 00 00 00 00 00 00 00 00 00 00 00 00 00 00 00 00 00 00 BD B2 8A F5 7E
[407329][00:01:33.527]7E FF 02 FF 86 6D 95 C8 68 05 59 02 E6 23 92 77 00 FE 03 14 01 01 00 01 69 7F 94 01 60 00 03 27 16 EB C4 00 89 5C 4C 10 00 EB 00 03 06 B0 30 74 88 FF 00 00 33 00 00 11 03 00 00 01 02 83 06 D2 1E 28 0A FE FE FE FE 68 62 00 43 05 16 50 03 09 00 30 10 95 C3 10 00 3E 05 03 3A 50 02 02 00 01 20 21 02 00 1C 07 EA 06 1D 0B 00 00 08 00 20 21 02 00 00 20 01 04 00 00 20 00 02 00 00 20 01 02 00 00 20 04 02 00 00 20 0A 02 00 00 00 10 02 01 00 00 20 02 01 00 01 10 F0 D5 56 98 83 8E 08 15 8F 01 3B 87 D4 9A 8C D7 8A 23 16 82 B9 12 E4 00 00 00 00 00 00 00 00 00 00 00 00 00 00 00 00 00 00 00 00 00 00 00 00 00 00 00 00 00 00 00 00 00 00 00 00 00 00 00 00 00 00 00 00 00 00 00 00 00 00 00 00 00 00 00 00 00 00 00 00 00 00 00 00 00 00 00 00 00 00 00 00 00 00 00 00 00 00 00 00 00 00 00 00 00 00 00 00 00 00 00 00 00 00 00 00 00 00 00 00 00 00 00 00 00 00 00 00 00 00 00 00 00 00 00 00 00 00 00 00 00 00 00 00 8B 03 27 CE 7E
[407330][00:01:33.871]7E FF 02 FF 87 6D 13 CA 68 05 93 01 8A CF 23 78 00 FE 03 10 00 01 00 03 69 7F 94 F0 0C 0E 02 00 00 00 10 02 9F F2 D5 30 25 5A A0 7E
[407331][00:01:34.904]7E FF 02 FF 88 6D DD CD 68 05 31 02 AA E0 95 79 00 FE 03 15 02 01 00 00 69 7F 94 AB E0 95 79 01 90 E8 02 00 0B 2A 8A CA 33 20 00 00 12 74 72 FE 06 00 00 10 02 00 00 00 00 00 00 05 00 0F 01 00 00 64 20 00 00 12 74 72 04 00 00 01 0A D0 02 8B 02 30 00 39 00 06 0A DB C3 D5 31 3E A1 EC 78 C0 D5 00 59 33 00 41 24 32 00 00 00 00 8F BA 94 79 FA 39 00 00 24 00 0E 50 15 50 1C 50 31 50 0C 50 04 50 87 50 8A 50 93 51 34 50 36 50 08 50 40 51 D8 50 62 50 3E 50 1A 50 06 50 BA 51 5D 50 29 50 39 51 75 50 7C 51 BC 50 D8 51 5B 50 D9 50 9D 50 80 50 2E 50 05 50 44 51 35 50 42 51 68 51 F8 51 2D 50 34 51 E1 50 0A 51 EE 50 53 50 68 50 29 51 2D 51 DF 50 6C 51 26 51 FE 51 11 51 CF 50 1A 51 F2 50 86 50 82 50 FA 51 16 51 CA 50 AC 50 72 51 14 51 A2 50 A2 30 12 51 A4 40 03 40 2B 40 32 41 7A 40 21 40 02 40 2B 41 31 41 56 40 ED 40 24 40 50 41 BB 40 04 41 6B 41 66 40 30 41 0B 40 16 40 46 40 27 41 75 41 84 80 7C 15 00 01 C4 09 00 02 AC 0D 00 03 03 04 9A 05 9A 05 68 41 2E 41 01 41 60 40 0B 40 2A 40 25 40 28 40 9A 40 26 40 19 40 FD 40 47 41 70 40 42 41 03 40 4F 41 A5 40 E6 40 21 40 50 40 37 41 32 40 E8 40 4B 81 94 11 00 01 C4 09 00 02 B8 0B 00 03 03 04 9A 05 03 04 9A 05 9A 05 9A 05 F1 81 88 13 00 01 D0 07 00 02 C4 09 00 03 03 04 9A 05 CF 41 D0 41 27 41 C1 40 D1 41 D2 41 31 41 BD 41 D3 41 26 40 D4 41 D5 41 C9 41 68 41 EE 40 4C 40 20 40 32 41 2C 40 F0 80 88 13 00 01 E8 03 00 02 C4 09 00 03 03 04 9A 05 00 00 00 00 00 00 00 00 00 00 00 00 00 00 00 00 00 00 00 00 00 00 00 00 00 00 00 00 00 00 00 00 00 00 00 00 00 00 00 00 00 00 00 00 00 00 00 00 00 00 00 00 00 00 00 00 00 00 00 00 00 00 00 00 00 00 00 00 00 00 00 00 00 00 00 00 00 00 00 00 00 00 00 00 00 00 00 00 00 00 9E 68 48 B1 D0 B0 F9 13 7E
[407332][00:01:34.950]7E FF 02 FF 89 6D E1 CD 68 05 A0 00 FE 3C 96 79 01 23 0D 15 02 01 00 00 69 7F 94 52 3B 96 79 01 20 05 00 00 35 53 C7 CA 33 20 00 00 12 74 72 FE 06 00 00 10 02 00 00 00 00 00 00 05 00 0F 01 00 00 64 20 00 00 12 74 72 04 00 00 01 0A D0 02 8B 02 30 00 39 00 06 0A DB C3 D5 31 3E A1 EC 78 C0 D5 00 59 33 00 41 24 32 00 00 00 00 8F BA 94 79 FA 39 00 00 24 00 0E 50 15 50 1C 50 31 50 0C 50 04 50 87 50 8A 50 93 51 34 50 36 50 08 50 40 51 D8 50 62 50 3E 50 1A 50 06 50 BA 51 5D 50 29 50 39 51 75 50 7C 51 BC 50 D8 51 5B 50 D9 50 9D 50 80 50 2E 50 05 50 44 51 35 50 42 51 68 51 F8 51 2D 50 34 51 E1 50 0A 51 EE 50 53 50 68 50 29 51 2D 51 DF 50 6C 51 26 51 FE 51 11 51 CF 50 1A 51 F2 50 86 50 82 50 FA 51 16 51 CA 50 AC 50 72 51 14 51 A2 50 A2 30 12 51 A4 40 03 40 2B 40 32 41 7A 40 21 40 02 40 2B 41 31 41 56 40 ED 40 24 40 50 41 BB 40 04 41 6B 41 66 40 30 41 0B 40 16 40 46 40 27 41 75 41 84 80 7C 15 00 01 C4 09 00 02 AC 0D 00 03 03 04 9A 05 9A 05 68 41 2E 41 01 41 60 40 0B 40 2A 40 25 40 28 40 9A 40 26 40 19 40 FD 40 47 41 70 40 42 41 03 40 4F 41 A5 40 E6 40 21 40 50 40 37 41 32 40 E8 40 4B 81 94 11 00 01 C4 09 00 02 B8 0B 00 03 03 04 9A 05 03 04 9A 05 9A 05 9A 05 F1 81 88 13 00 01 D0 07 00 02 C4 09 00 03 03 04 9A 05 CF 41 D0 41 27 41 C1 40 D1 41 D2 41 31 41 BD 41 D3 41 26 40 D4 41 D5 41 C9 41 68 41 EE 40 4C 40 20 40 32 41 2C 40 F0 80 88 13 00 01 E8 03 00 02 C4 09 00 03 03 04 9A 05 00 00 00 00 00 00 00 00 00 00 00 00 00 00 00 00 00 00 00 00 00 00 00 00 00 00 00 00 00 00 00 00 00 00 00 00 00 00 00 00 00 00 00 00 00 00 00 00 00 00 00 00 00 00 00 00 00 00 00 00 00 00 00 00 00 00 00 00 00 00 00 00 00 00 00 00 00 00 00 00 00 00 00 00 00 00 00 00 00 00 9E 68 48 B1 20 DC 2E 09 7E
[407333][00:01:34.995]7E FF 02 FF 8A 6D 00 CE 68 05 6A 02 56 3E A3 79 00 00 03 15 02 01 00 00 69 7F 94 57 3E A3 79 01 90 E8 04 00 55 1B 92 CA 33 20 00 00 12 74 72 FE 06 00 00 10 02 00 00 00 00 00 00 05 00 0F 01 00 00 64 20 00 00 12 74 72 04 00 00 01 0A D0 02 8B 02 30 00 39 00 06 0A DB C3 D5 31 3E A1 EC 78 C0 D5 00 59 33 00 41 24 32 00 00 00 00 8F BA 94 79 FA 39 00 00 24 00 0E 50 15 50 1C 50 31 50 0C 50 04 50 87 50 8A 50 93 51 34 50 36 50 08 50 40 51 D8 50 62 50 3E 50 1A 50 06 50 BA 51 5D 50 29 50 39 51 75 50 7C 51 BC 50 D8 51 5B 50 D9 50 9D 50 80 50 2E 50 05 50 44 51 35 50 42 51 68 51 F8 51 2D 50 34 51 E1 50 0A 51 EE 50 53 50 68 50 29 51 2D 51 DF 50 6C 51 26 51 FE 51 11 51 CF 50 1A 51 F2 50 86 50 82 50 FA 51 16 51 CA 50 AC 50 72 51 14 51 A2 50 A2 30 12 51 A4 40 03 40 2B 40 32 41 7A 40 21 40 02 40 2B 41 31 41 56 40 ED 40 24 40 50 41 BB 40 04 41 6B 41 66 40 30 41 0B 40 16 40 46 40 27 41 75 41 84 80 7C 15 00 01 C4 09 00 02 AC 0D 00 03 03 04 9A 05 9A 05 68 41 2E 41 01 41 60 40 0B 40 2A 40 25 40 28 40 9A 40 26 40 19 40 FD 40 47 41 70 40 42 41 03 40 4F 41 A5 40 E6 40 21 40 50 40 37 41 32 40 E8 40 4B 81 94 11 00 01 C4 09 00 02 B8 0B 00 03 03 04 9A 05 03 04 9A 05 9A 05 9A 05 F1 81 88 13 00 01 D0 07 00 02 C4 09 00 03 03 04 9A 05 CF 41 D0 41 27 41 C1 40 D1 41 D2 41 31 41 BD 41 D3 41 26 40 D4 41 D5 41 C9 41 68 41 EE 40 4C 40 20 40 32 41 2C 40 F0 80 88 13 00 01 E8 03 00 02 C4 09 00 03 03 04 9A 05 00 00 00 00 00 00 00 00 00 00 00 00 00 00 00 00 00 00 00 00 00 00 00 00 00 00 00 00 00 00 00 00 00 00 00 00 00 00 00 00 00 00 00 00 00 00 00 00 00 00 00 00 00 00 00 00 00 00 00 00 00 00 00 00 00 00 00 00 00 00 00 00 00 00 00 00 00 00 00 00 00 00 00 00 00 00 00 00 00 00 9E 68 48 B1 59 62 1F 7A 7E
[407334][00:01:35.056]7E FF 02 FF 8B 6D 88 CE 68 05 75 02 31 FB B0 79 00 FF 03 15 02 01 00 00 69 7F 94 31 FB B0 79 01 90 E8 06 00 C8 B4 AF CA 33 20 00 00 12 74 72 FE 06 00 00 10 02 00 00 00 00 00 00 05 00 0F 01 00 00 64 20 00 00 12 74 72 04 00 00 01 0A D0 02 8B 02 30 00 39 00 06 0A DB C3 D5 31 3E A1 EC 78 C0 D5 00 59 33 00 41 24 32 00 00 00 00 8F BA 94 79 FA 39 00 00 24 00 0E 50 15 50 1C 50 31 50 0C 50 04 50 87 50 8A 50 93 51 34 50 36 50 08 50 40 51 D8 50 62 50 3E 50 1A 50 06 50 BA 51 5D 50 29 50 39 51 75 50 7C 51 BC 50 D8 51 5B 50 D9 50 9D 50 80 50 2E 50 05 50 44 51 35 50 42 51 68 51 F8 51 2D 50 34 51 E1 50 0A 51 EE 50 53 50 68 50 29 51 2D 51 DF 50 6C 51 26 51 FE 51 11 51 CF 50 1A 51 F2 50 86 50 82 50 FA 51 16 51 CA 50 AC 50 72 51 14 51 A2 50 A2 30 12 51 A4 40 03 40 2B 40 32 41 7A 40 21 40 02 40 2B 41 31 41 56 40 ED 40 24 40 50 41 BB 40 04 41 6B 41 66 40 30 41 0B 40 16 40 46 40 27 41 75 41 84 80 7C 15 00 01 C4 09 00 02 AC 0D 00 03 03 04 9A 05 9A 05 68 41 2E 41 01 41 60 40 0B 40 2A 40 25 40 28 40 9A 40 26 40 19 40 FD 40 47 41 70 40 42 41 03 40 4F 41 A5 40 E6 40 21 40 50 40 37 41 32 40 E8 40 4B 81 94 11 00 01 C4 09 00 02 B8 0B 00 03 03 04 9A 05 03 04 9A 05 9A 05 9A 05 F1 81 88 13 00 01 D0 07 00 02 C4 09 00 03 03 04 9A 05 CF 41 D0 41 27 41 C1 40 D1 41 D2 41 31 41 BD 41 D3 41 26 40 D4 41 D5 41 C9 41 68 41 EE 40 4C 40 20 40 32 41 2C 40 F0 80 88 13 00 01 E8 03 00 02 C4 09 00 03 03 04 9A 05 00 00 00 00 00 00 00 00 00 00 00 00 00 00 00 00 00 00 00 00 00 00 00 00 00 00 00 00 00 00 00 00 00 00 00 00 00 00 00 00 00 00 00 00 00 00 00 00 00 00 00 00 00 00 00 00 00 00 00 00 00 00 00 00 00 00 00 00 00 00 00 00 00 00 00 00 00 00 00 00 00 00 00 00 00 00 00 00 00 00 9E 68 48 B1 83 B0 1F C3 7E
[407335][00:01:35.101]7E FF 02 FF 8C 6D 6B CE 68 05 69 00 74 DD CB 79 00 36 01 15 02 01 00 00 69 7F 94 0F DD CB 79 15 90 E8 06 00 D0 8B 06 C9 33 20 00 00 12 74 72 FE 06 00 00 10 02 00 00 00 00 00 00 05 00 0F 15 10 00 64 30 00 09 80 95 26 12 00 03 01 0A D0 02 8B 02 30 00 39 00 06 0A DB C3 D5 31 3E A1 EC 78 C0 D5 00 59 33 00 41 24 32 00 00 00 00 8F BA 94 79 FA 39 00 00 24 00 0E 50 15 50 1C 50 31 50 0C 50 04 50 87 50 8A 50 93 51 34 50 36 50 08 50 40 51 D8 50 62 50 3E 50 1A 50 06 50 BA 51 5D 50 29 50 39 51 75 50 7C 51 BC 50 D8 51 5B 50 D9 50 9D 50 80 50 2E 50 05 50 44 51 35 50 42 51 68 51 F8 51 2D 50 34 51 E1 50 0A 51 EE 50 53 50 68 50 29 51 2D 51 DF 50 6C 51 26 51 FE 51 11 51 CF 50 1A 51 F2 50 86 50 82 50 FA 51 16 51 CA 50 AC 50 72 51 14 51 A2 50 A2 30 12 51 A4 40 03 40 2B 40 32 41 7A 40 21 40 02 40 2B 41 31 41 56 40 ED 40 24 40 50 41 BB 40 04 41 6B 41 66 40 30 41 0B 40 16 40 46 40 27 41 75 41 84 80 7C 15 00 01 C4 09 00 02 AC 0D 00 03 03 04 9A 05 9A 05 68 41 2E 41 01 41 60 40 0B 40 2A 40 25 40 28 40 9A 40 26 40 19 40 FD 40 47 41 70 40 42 41 03 40 4F 41 A5 40 E6 40 21 40 50 40 37 41 32 40 E8 40 4B 81 94 11 00 01 C4 09 00 02 B8 0B 00 03 03 04 9A 05 03 04 9A 05 9A 05 9A 05 F1 81 88 13 00 01 D0 07 00 02 C4 09 00 03 03 04 9A 05 CF 41 D0 41 27 41 C1 40 D1 41 D2 41 31 41 BD 41 D3 41 26 40 D4 41 D5 41 C9 41 68 41 EE 40 4C 40 20 40 32 41 2C 40 F0 80 88 13 00 01 E8 03 00 02 C4 09 00 03 03 04 9A 05 00 00 00 00 00 00 00 00 00 00 00 00 00 00 00 00 00 00 00 00 00 00 00 00 00 00 00 00 00 00 00 00 00 00 00 00 00 00 00 00 00 00 00 00 00 00 00 00 00 00 00 00 00 00 00 00 00 00 00 00 00 00 00 00 00 00 00 00 00 00 00 00 00 00 00 00 00 00 00 00 00 00 00 00 00 00 00 00 00 00 30 D1 9A AE A6 E2 C6 CE 7E
[407336][00:01:35.147]7E FF 02 FF 8D 6D 79 CE 68 05 69 00 CF 35 D1 79 00 34 01 15 02 01 00 00 69 7F 94 6B 35 D1 79 15 90 E8 06 00 81 24 0B C9 33 20 00 00 12 74 72 FE 06 00 00 10 02 00 00 00 00 00 00 05 00 0F 15 10 00 64 30 00 09 80 95 26 12 00 03 01 0A D0 02 8B 02 30 00 39 00 06 0A DB C3 D5 31 3E A1 EC 78 C0 D5 00 59 33 00 41 24 32 00 00 00 00 8F BA 94 79 FA 39 00 00 24 00 0E 50 15 50 1C 50 31 50 0C 50 04 50 87 50 8A 50 93 51 34 50 36 50 08 50 40 51 D8 50 62 50 3E 50 1A 50 06 50 BA 51 5D 50 29 50 39 51 75 50 7C 51 BC 50 D8 51 5B 50 D9 50 9D 50 80 50 2E 50 05 50 44 51 35 50 42 51 68 51 F8 51 2D 50 34 51 E1 50 0A 51 EE 50 53 50 68 50 29 51 2D 51 DF 50 6C 51 26 51 FE 51 11 51 CF 50 1A 51 F2 50 86 50 82 50 FA 51 16 51 CA 50 AC 50 72 51 14 51 A2 50 A2 30 12 51 A4 40 03 40 2B 40 32 41 7A 40 21 40 02 40 2B 41 31 41 56 40 ED 40 24 40 50 41 BB 40 04 41 6B 41 66 40 30 41 0B 40 16 40 46 40 27 41 75 41 84 80 7C 15 00 01 C4 09 00 02 AC 0D 00 03 03 04 9A 05 9A 05 68 41 2E 41 01 41 60 40 0B 40 2A 40 25 40 28 40 9A 40 26 40 19 40 FD 40 47 41 70 40 42 41 03 40 4F 41 A5 40 E6 40 21 40 50 40 37 41 32 40 E8 40 4B 81 94 11 00 01 C4 09 00 02 B8 0B 00 03 03 04 9A 05 03 04 9A 05 9A 05 9A 05 F1 81 88 13 00 01 D0 07 00 02 C4 09 00 03 03 04 9A 05 CF 41 D0 41 27 41 C1 40 D1 41 D2 41 31 41 BD 41 D3 41 26 40 D4 41 D5 41 C9 41 68 41 EE 40 4C 40 20 40 32 41 2C 40 F0 80 88 13 00 01 E8 03 00 02 C4 09 00 03 03 04 9A 05 00 00 00 00 00 00 00 00 00 00 00 00 00 00 00 00 00 00 00 00 00 00 00 00 00 00 00 00 00 00 00 00 00 00 00 00 00 00 00 00 00 00 00 00 00 00 00 00 00 00 00 00 00 00 00 00 00 00 00 00 00 00 00 00 00 00 00 00 00 00 00 00 00 00 00 00 00 00 00 00 00 00 00 00 00 00 00 00 00 00 30 D1 9A AE 81 42 1F C1 7E
[407337][00:01:35.192]7E FF 02 FF 8E 6D 8F CE 68 05 63 00 16 99 D9 79 00 39 01 15 02 01 00 00 69 7F 94 AF 98 D9 79 1C 90 E8 06 00 56 D6 C4 C9 33 20 00 00 12 74 72 FE 06 00 00 10 02 00 00 00 00 00 00 05 00 0F 1C 10 00 64 30 00 09 80 93 77 12 00 03 01 0A D0 02 8B 02 30 00 39 00 06 0A DB C3 D5 31 3E A1 EC 78 C0 D5 00 59 33 00 41 24 32 00 00 00 00 8F BA 94 79 FA 39 00 00 24 00 0E 50 15 50 1C 50 31 50 0C 50 04 50 87 50 8A 50 93 51 34 50 36 50 08 50 40 51 D8 50 62 50 3E 50 1A 50 06 50 BA 51 5D 50 29 50 39 51 75 50 7C 51 BC 50 D8 51 5B 50 D9 50 9D 50 80 50 2E 50 05 50 44 51 35 50 42 51 68 51 F8 51 2D 50 34 51 E1 50 0A 51 EE 50 53 50 68 50 29 51 2D 51 DF 50 6C 51 26 51 FE 51 11 51 CF 50 1A 51 F2 50 86 50 82 50 FA 51 16 51 CA 50 AC 50 72 51 14 51 A2 50 A2 30 12 51 A4 40 03 40 2B 40 32 41 7A 40 21 40 02 40 2B 41 31 41 56 40 ED 40 24 40 50 41 BB 40 04 41 6B 41 66 40 30 41 0B 40 16 40 46 40 27 41 75 41 84 80 7C 15 00 01 C4 09 00 02 AC 0D 00 03 03 04 9A 05 9A 05 68 41 2E 41 01 41 60 40 0B 40 2A 40 25 40 28 40 9A 40 26 40 19 40 FD 40 47 41 70 40 42 41 03 40 4F 41 A5 40 E6 40 21 40 50 40 37 41 32 40 E8 40 4B 81 94 11 00 01 C4 09 00 02 B8 0B 00 03 03 04 9A 05 03 04 9A 05 9A 05 9A 05 F1 81 88 13 00 01 D0 07 00 02 C4 09 00 03 03 04 9A 05 CF 41 D0 41 27 41 C1 40 D1 41 D2 41 31 41 BD 41 D3 41 26 40 D4 41 D5 41 C9 41 68 41 EE 40 4C 40 20 40 32 41 2C 40 F0 80 88 13 00 01 E8 03 00 02 C4 09 00 03 03 04 9A 05 00 00 00 00 00 00 00 00 00 00 00 00 00 00 00 00 00 00 00 00 00 00 00 00 00 00 00 00 00 00 00 00 00 00 00 00 00 00 00 00 00 00 00 00 00 00 00 00 00 00 00 00 00 00 00 00 00 00 00 00 00 00 00 00 00 00 00 00 00 00 00 00 00 00 00 00 00 00 00 00 00 00 00 00 00 00 00 00 00 00 39 97 B9 00 9E 3E 34 11 7E
[407338][00:01:35.251]7E FF 02 FF 8F 6D 9D CE 68 05 68 00 71 F1 DE 79 00 37 01 15 02 01 00 00 69 7F 94 0B F1 DE 79 1C 90 E8 06 00 95 55 9F C9 33 20 00 00 12 74 72 FE 06 00 00 10 02 00 00 00 00 00 00 05 00 0F 1C 10 00 64 30 00 09 80 93 77 12 00 03 01 0A D0 02 8B 02 30 00 39 00 06 0A DB C3 D5 31 3E A1 EC 78 C0 D5 00 59 33 00 41 24 32 00 00 00 00 8F BA 94 79 FA 39 00 00 24 00 0E 50 15 50 1C 50 31 50 0C 50 04 50 87 50 8A 50 93 51 34 50 36 50 08 50 40 51 D8 50 62 50 3E 50 1A 50 06 50 BA 51 5D 50 29 50 39 51 75 50 7C 51 BC 50 D8 51 5B 50 D9 50 9D 50 80 50 2E 50 05 50 44 51 35 50 42 51 68 51 F8 51 2D 50 34 51 E1 50 0A 51 EE 50 53 50 68 50 29 51 2D 51 DF 50 6C 51 26 51 FE 51 11 51 CF 50 1A 51 F2 50 86 50 82 50 FA 51 16 51 CA 50 AC 50 72 51 14 51 A2 50 A2 30 12 51 A4 40 03 40 2B 40 32 41 7A 40 21 40 02 40 2B 41 31 41 56 40 ED 40 24 40 50 41 BB 40 04 41 6B 41 66 40 30 41 0B 40 16 40 46 40 27 41 75 41 84 80 7C 15 00 01 C4 09 00 02 AC 0D 00 03 03 04 9A 05 9A 05 68 41 2E 41 01 41 60 40 0B 40 2A 40 25 40 28 40 9A 40 26 40 19 40 FD 40 47 41 70 40 42 41 03 40 4F 41 A5 40 E6 40 21 40 50 40 37 41 32 40 E8 40 4B 81 94 11 00 01 C4 09 00 02 B8 0B 00 03 03 04 9A 05 03 04 9A 05 9A 05 9A 05 F1 81 88 13 00 01 D0 07 00 02 C4 09 00 03 03 04 9A 05 CF 41 D0 41 27 41 C1 40 D1 41 D2 41 31 41 BD 41 D3 41 26 40 D4 41 D5 41 C9 41 68 41 EE 40 4C 40 20 40 32 41 2C 40 F0 80 88 13 00 01 E8 03 00 02 C4 09 00 03 03 04 9A 05 00 00 00 00 00 00 00 00 00 00 00 00 00 00 00 00 00 00 00 00 00 00 00 00 00 00 00 00 00 00 00 00 00 00 00 00 00 00 00 00 00 00 00 00 00 00 00 00 00 00 00 00 00 00 00 00 00 00 00 00 00 00 00 00 00 00 00 00 00 00 00 00 00 00 00 00 00 00 00 00 00 00 00 00 00 00 00 00 00 00 39 97 B9 00 B5 30 FD 91 7E
[407339][00:01:35.296]7E FF 02 FF 90 6D 1E CF 68 05 80 03 28 74 10 7A 00 2F 00 15 02 01 00 00 69 7F 94 A3 76 10 7A 87 90 E8 06 00 00 34 21 C9 33 20 00 00 12 74 72 FE 06 00 00 10 02 00 00 00 00 00 00 05 00 0F 87 10 00 4D 70 00 00 68 35 16 12 00 03 01 0A D0 02 8B 02 30 00 39 00 06 0A DB C3 D5 31 3E A1 EC 78 C0 D5 00 59 33 00 41 24 32 00 00 00 00 8F BA 94 79 FA 39 00 00 24 00 0E 50 15 50 1C 50 31 50 0C 50 04 50 87 50 8A 50 93 51 34 50 36 50 08 50 40 51 D8 50 62 50 3E 50 1A 50 06 50 BA 51 5D 50 29 50 39 51 75 50 7C 51 BC 50 D8 51 5B 50 D9 50 9D 50 80 50 2E 50 05 50 44 51 35 50 42 51 68 51 F8 51 2D 50 34 51 E1 50 0A 51 EE 50 53 50 68 50 29 51 2D 51 DF 50 6C 51 26 51 FE 51 11 51 CF 50 1A 51 F2 50 86 50 82 50 FA 51 16 51 CA 50 AC 50 72 51 14 51 A2 50 A2 30 12 51 A4 40 03 40 2B 40 32 41 7A 40 21 40 02 40 2B 41 31 41 56 40 ED 40 24 40 50 41 BB 40 04 41 6B 41 66 40 30 41 0B 40 16 40 46 40 27 41 75 41 84 80 7C 15 00 01 C4 09 00 02 AC 0D 00 03 03 04 9A 05 00 00 00 00 00 00 00 00 00 00 00 00 00 00 00 00 00 00 00 00 00 00 00 00 00 00 00 00 00 00 00 00 00 00 00 00 00 00 00 00 00 00 00 00 00 00 00 00 00 00 00 00 00 00 00 00 00 00 00 00 00 00 00 00 00 00 00 00 00 00 00 00 00 00 00 00 00 00 00 00 00 00 00 00 00 00 00 00 00 00 00 00 00 00 00 00 00 00 00 00 00 00 00 00 00 00 00 00 00 00 00 00 00 00 00 00 00 00 00 00 00 00 00 00 00 00 00 00 00 00 00 00 00 00 00 00 00 00 00 00 00 00 00 00 00 00 00 00 00 00 00 00 00 00 00 00 00 00 00 00 00 00 00 00 00 00 00 00 00 00 00 00 00 00 00 00 00 00 00 00 00 00 00 00 00 00 00 00 00 00 00 00 00 00 00 00 00 00 00 00 00 00 00 00 00 00 00 00 00 00 00 00 00 00 00 00 00 00 00 00 00 00 00 00 00 00 00 00 00 00 00 00 00 00 00 00 00 00 00 00 E1 FE 99 19 EA EA EE E5 7E
[407340][00:01:35.506]7E FF 02 FF 91 6D 3F D0 68 05 49 00 CB 64 7E 7A 00 35 01 15 02 01 00 00 69 7F 94 2F 64 7E 7A 62 90 E8 04 00 E3 F1 8F C9 33 20 00 00 12 74 72 FE 06 00 00 10 02 00 00 00 00 00 00 05 00 0F 62 10 00 64 30 00 09 81 09 37 12 00 02 01 0A D0 02 8B 02 30 00 39 00 06 0A DB C3 D5 31 3E A1 EC 78 C0 D5 00 59 33 00 41 24 32 00 00 00 00 8F BA 94 79 FA 39 00 00 24 00 0E 50 15 50 1C 50 31 50 0C 50 04 50 87 50 8A 50 93 51 34 50 36 50 08 50 40 51 D8 50 62 50 3E 50 1A 50 06 50 BA 51 5D 50 29 50 39 51 75 50 7C 51 BC 50 D8 51 5B 50 D9 50 9D 50 80 50 2E 50 05 50 44 51 35 50 42 51 68 51 F8 51 2D 50 34 51 E1 50 0A 51 EE 50 53 50 68 50 29 51 2D 51 DF 50 6C 51 26 51 FE 51 11 51 CF 50 1A 51 F2 50 86 50 82 50 FA 51 16 51 CA 50 AC 50 72 51 14 51 A2 50 A2 30 12 51 A4 40 03 40 2B 40 32 41 7A 40 21 40 02 40 2B 41 31 41 56 40 ED 40 24 40 50 41 BB 40 04 41 6B 41 66 40 30 41 0B 40 16 40 46 40 27 41 75 41 84 80 7C 15 00 01 C4 09 00 02 AC 0D 00 03 03 04 9A 05 9A 05 68 41 2E 41 01 41 60 40 0B 40 2A 40 25 40 28 40 9A 40 26 40 19 40 FD 40 47 41 70 40 42 41 03 40 4F 41 A5 40 E6 40 21 40 50 40 37 41 32 40 E8 40 4B 81 94 11 00 01 C4 09 00 02 B8 0B 00 03 03 04 9A 05 03 04 9A 05 9A 05 9A 05 F1 81 88 13 00 01 D0 07 00 02 C4 09 00 03 03 04 9A 05 CF 41 D0 41 27 41 C1 40 D1 41 D2 41 31 41 BD 41 D3 41 26 40 D4 41 D5 41 C9 41 68 41 EE 40 4C 40 20 40 32 41 2C 40 F0 80 88 13 00 01 E8 03 00 02 C4 09 00 03 03 04 9A 05 00 00 00 00 00 00 00 00 00 00 00 00 00 00 00 00 00 00 00 00 00 00 00 00 00 00 00 00 00 00 00 00 00 00 00 00 00 00 00 00 00 00 00 00 00 00 00 00 00 00 00 00 00 00 00 00 00 00 00 00 00 00 00 00 00 00 00 00 00 00 00 00 00 00 00 00 00 00 00 00 00 00 00 00 00 00 00 00 00 00 B3 75 67 19 E3 F8 41 A7 7E
[407341][00:01:35.581]7E FF 02 FF 93 6D 63 D0 68 05 63 00 69 20 8C 7A 00 35 01 15 02 01 00 00 69 7F 94 CF 1F 8C 7A 3E 90 E8 04 00 AE 27 A0 C9 33 20 00 00 12 74 72 FE 06 00 00 10 02 00 00 00 00 00 00 05 00 0F 3E 10 00 64 30 00 09 80 94 75 12 00 02 01 0A D0 02 8B 02 30 00 39 00 06 0A DB C3 D5 31 3E A1 EC 78 C0 D5 00 59 33 00 41 24 32 00 00 00 00 8F BA 94 79 FA 39 00 00 24 00 0E 50 15 50 1C 50 31 50 0C 50 04 50 87 50 8A 50 93 51 34 50 36 50 08 50 40 51 D8 50 62 50 3E 50 1A 50 06 50 BA 51 5D 50 29 50 39 51 75 50 7C 51 BC 50 D8 51 5B 50 D9 50 9D 50 80 50 2E 50 05 50 44 51 35 50 42 51 68 51 F8 51 2D 50 34 51 E1 50 0A 51 EE 50 53 50 68 50 29 51 2D 51 DF 50 6C 51 26 51 FE 51 11 51 CF 50 1A 51 F2 50 86 50 82 50 FA 51 16 51 CA 50 AC 50 72 51 14 51 A2 50 A2 30 12 51 A4 40 03 40 2B 40 32 41 7A 40 21 40 02 40 2B 41 31 41 56 40 ED 40 24 40 50 41 BB 40 04 41 6B 41 66 40 30 41 0B 40 16 40 46 40 27 41 75 41 84 80 7C 15 00 01 C4 09 00 02 AC 0D 00 03 03 04 9A 05 9A 05 68 41 2E 41 01 41 60 40 0B 40 2A 40 25 40 28 40 9A 40 26 40 19 40 FD 40 47 41 70 40 42 41 03 40 4F 41 A5 40 E6 40 21 40 50 40 37 41 32 40 E8 40 4B 81 94 11 00 01 C4 09 00 02 B8 0B 00 03 03 04 9A 05 03 04 9A 05 9A 05 9A 05 F1 81 88 13 00 01 D0 07 00 02 C4 09 00 03 03 04 9A 05 CF 41 D0 41 27 41 C1 40 D1 41 D2 41 31 41 BD 41 D3 41 26 40 D4 41 D5 41 C9 41 68 41 EE 40 4C 40 20 40 32 41 2C 40 F0 80 88 13 00 01 E8 03 00 02 C4 09 00 03 03 04 9A 05 00 00 00 00 00 00 00 00 00 00 00 00 00 00 00 00 00 00 00 00 00 00 00 00 00 00 00 00 00 00 00 00 00 00 00 00 00 00 00 00 00 00 00 00 00 00 00 00 00 00 00 00 00 00 00 00 00 00 00 00 00 00 00 00 00 00 00 00 00 00 00 00 00 00 00 00 00 00 00 00 00 00 00 00 00 00 00 00 00 00 CC D4 97 CC 8B DB FC DE 7E
[407342][00:01:35.626]7E FF 02 FF 94 6D 71 D0 68 05 66 00 C0 78 91 7A 00 35 01 15 02 01 00 00 69 7F 94 2B 78 91 7A 3E 90 E8 04 00 3C F1 26 C9 33 20 00 00 12 74 72 FE 06 00 00 10 02 00 00 00 00 00 00 05 00 0F 3E 10 00 64 30 00 09 80 94 75 12 00 02 01 0A D0 02 8B 02 30 00 39 00 06 0A DB C3 D5 31 3E A1 EC 78 C0 D5 00 59 33 00 41 24 32 00 00 00 00 8F BA 94 79 FA 39 00 00 24 00 0E 50 15 50 1C 50 31 50 0C 50 04 50 87 50 8A 50 93 51 34 50 36 50 08 50 40 51 D8 50 62 50 3E 50 1A 50 06 50 BA 51 5D 50 29 50 39 51 75 50 7C 51 BC 50 D8 51 5B 50 D9 50 9D 50 80 50 2E 50 05 50 44 51 35 50 42 51 68 51 F8 51 2D 50 34 51 E1 50 0A 51 EE 50 53 50 68 50 29 51 2D 51 DF 50 6C 51 26 51 FE 51 11 51 CF 50 1A 51 F2 50 86 50 82 50 FA 51 16 51 CA 50 AC 50 72 51 14 51 A2 50 A2 30 12 51 A4 40 03 40 2B 40 32 41 7A 40 21 40 02 40 2B 41 31 41 56 40 ED 40 24 40 50 41 BB 40 04 41 6B 41 66 40 30 41 0B 40 16 40 46 40 27 41 75 41 84 80 7C 15 00 01 C4 09 00 02 AC 0D 00 03 03 04 9A 05 9A 05 68 41 2E 41 01 41 60 40 0B 40 2A 40 25 40 28 40 9A 40 26 40 19 40 FD 40 47 41 70 40 42 41 03 40 4F 41 A5 40 E6 40 21 40 50 40 37 41 32 40 E8 40 4B 81 94 11 00 01 C4 09 00 02 B8 0B 00 03 03 04 9A 05 03 04 9A 05 9A 05 9A 05 F1 81 88 13 00 01 D0 07 00 02 C4 09 00 03 03 04 9A 05 CF 41 D0 41 27 41 C1 40 D1 41 D2 41 31 41 BD 41 D3 41 26 40 D4 41 D5 41 C9 41 68 41 EE 40 4C 40 20 40 32 41 2C 40 F0 80 88 13 00 01 E8 03 00 02 C4 09 00 03 03 04 9A 05 00 00 00 00 00 00 00 00 00 00 00 00 00 00 00 00 00 00 00 00 00 00 00 00 00 00 00 00 00 00 00 00 00 00 00 00 00 00 00 00 00 00 00 00 00 00 00 00 00 00 00 00 00 00 00 00 00 00 00 00 00 00 00 00 00 00 00 00 00 00 00 00 00 00 00 00 00 00 00 00 00 00 00 00 00 00 00 00 00 00 CC D4 97 CC BC 9B 58 06 7E
[407343][00:01:38.155]7E FF 02 FF 95 6D D1 DA 68 05 AD 01 AB CE 86 7E 00 35 01 10 00 01 00 03 69 7F 94 F0 0C 06 2D 00 00 00 10 02 17 89 32 C9 BA 3D DE 7E
[407344][00:01:38.185]7E FF 02 FF 96 6D E2 DA 68 05 94 03 9D D9 8B 7E 01 23 10 34 00 01 00 01 69 7F 94 01 80 0D 03 85 10 00 10 00 C8 FC F3 10 00 57 01 0A 07 B0 30 10 88 FF 00 00 33 00 00 11 A1 00 00 01 23 CE 07 30 00 09 04 15 81 03 02 75 47 D0 48 E0 E3 31 79 7E
[407345][00:01:38.230]7E FF 02 FF 97 6D F8 DA 68 05 9D 03 1A DA 95 7E 00 38 01 14 01 01 00 01 69 7F 94 62 10 00 01 84 1E EB C0 00 4F D8 58 20 06 01 00 00 46 02 00 8C 00 EF 08 00 33 00 00 30 00 09 81 09 37 20 00 00 12 74 72 07 00 00 00 D9 00 D9 00 8C 00 80 00 9A B0 2C F5 03 02 52 FF BE 0D 06 C7 26 90 9E 8F 80 75 7B 69 01 04 09 04 00 00 01 12 00 00 00 00 A0 00 00 20 00 00 00 80 08 20 2E 22 3C 00 00 00 20 10 3E 79 4B 39 1C 53 E2 31 16 05 40 00 00 00 00 00 00 00 00 00 00 00 00 00 00 00 00 00 00 00 00 00 00 00 00 00 00 00 00 00 00 00 00 00 00 00 00 00 00 00 00 00 00 00 00 00 00 00 00 00 00 00 00 00 00 00 00 00 00 00 00 00 00 00 00 00 00 00 A3 A9 6E 17 00 00 00 00 00 00 00 00 00 00 00 00 00 00 00 00 00 00 00 00 00 00 00 00 00 00 00 00 00 00 00 00 00 00 00 00 00 00 00 00 00 00 00 00 00 00 00 00 00 00 00 00 00 00 00 00 00 00 00 00 00 00 00 00 00 00 00 00 00 00 00 00 00 00 00 00 00 00 00 00 00 00 00 00 00 00 00 00 38 E3 B1 77 7E
[407346][00:01:38.245]7E FF 02 FF 98 6D 6A DB 68 05 56 03 B3 2D 9B 7E 00 38 01 10 00 01 00 02 69 7F 94 10 01 20 06 01 01 04 00 00 F6 38 D7 00 31 55 6B 7E
[407347][00:01:38.261]7E FF 02 FF 99 6D 69 DB 68 05 3E 01 D2 E8 98 7E 01 23 10 14 01 01 00 01 69 7F 94 01 80 0D 03 6A 41 00 10 00 16 42 9C 10 00 81 00 03 09 B0 30 74 88 FF 00 00 33 00 00 11 03 00 00 01 02 83 06 D1 1E 28 0A FE FE FE FE 68 62 00 43 05 15 50 03 09 00 30 10 FB 6B 10 00 3E 05 03 39 50 02 02 00 01 20 21 02 00 1C 07 EA 06 1D 0B 00 00 08 00 20 21 02 00 00 20 01 04 00 00 20 00 02 00 00 20 01 02 00 00 20 04 02 00 00 20 0A 02 00 00 00 10 02 01 00 00 20 02 01 00 01 10 F0 D5 56 98 83 8E 08 15 8F 01 3B 87 D4 9A 8C D7 63 D2 16 99 3B 8D AE 00 00 00 00 00 00 00 00 00 00 00 00 00 00 00 00 00 00 00 00 00 00 00 00 00 00 00 00 00 00 00 00 00 00 00 00 00 00 00 00 00 00 00 00 00 00 00 00 00 00 00 00 00 00 00 00 00 00 00 00 00 00 00 00 00 00 00 00 00 00 00 00 00 00 00 00 00 00 00 00 00 00 00 00 00 00 00 00 00 00 00 00 00 00 00 00 00 00 00 00 00 00 00 00 00 00 00 00 00 00 00 00 00 00 00 00 00 00 00 00 00 00 00 00 D8 CC D3 3B 7E
[407348][00:01:38.350]7E FF 02 FF 9A 6D 84 DB 68 05 B8 03 F9 44 CB 7E 00 00 03 54 00 01 00 01 69 7F 94 01 E0 00 01 B6 12 40 E0 00 43 1A 01 10 00 D5 01 03 0C B0 30 10 88 FF 00 00 33 00 00 11 08 00 00 01 43 00 00 2C 16 27 94 80 09 00 30 F7 CC DB EF 00 00 00 00 00 00 00 00 00 00 00 00 00 00 00 00 00 00 00 00 00 00 00 00 00 00 00 00 00 00 00 00 9F 95 CF A0 7E
[407349][00:01:38.365]7E FF 02 FF 9B 6D 8A DB 68 05 DC 03 97 90 CD 7E 00 39 00 54 00 01 00 01 69 7F 94 D8 E0 02 03 FE 12 40 E4 00 05 58 3F 10 00 57 01 0A 07 B0 30 10 88 EF 00 00 33 00 00 11 A1 00 00 01 23 CE 07 30 00 09 04 15 81 03 02 75 47 D0 48 C3 DE 96 00 00 00 00 00 00 00 00 00 00 00 00 00 00 00 00 00 00 00 00 00 00 00 00 00 00 00 00 00 C1 A2 76 29 7E
[407350][00:01:38.380]7E FF 02 FF 9C 6D AB DB 68 05 F1 02 A6 11 DA 7E 00 FF 03 54 00 01 00 01 69 7F 94 01 E0 00 01 B6 12 40 E4 00 52 18 85 10 00 D5 01 03 0C B0 30 10 88 FF 00 00 33 00 00 11 08 00 00 01 43 00 00 2C 16 27 94 80 09 00 30 F7 CC DB EF 00 00 00 00 00 00 00 00 00 00 00 00 00 00 00 00 00 00 00 00 00 00 00 00 00 00 00 00 00 00 00 00 86 6E 16 C5 7E
[407351][00:01:38.425]7E FF 02 FF 9D 6D B9 DB 68 05 9C 00 74 2C DF 7E 00 36 00 14 01 01 00 01 69 7F 94 D8 E0 02 03 6F 16 EB C4 00 DB 9C 20 10 00 81 00 03 09 B0 30 74 88 EF 00 00 33 00 00 11 03 00 00 01 02 83 06 D1 1E 28 0A FE FE FE FE 68 62 00 43 05 15 50 03 09 00 30 10 FB 6B 10 00 3E 05 03 39 50 02 02 00 01 20 21 02 00 1C 07 EA 06 1D 0B 00 00 08 00 20 21 02 00 00 20 01 04 00 00 20 00 02 00 00 20 01 02 00 00 20 04 02 00 00 20 0A 02 00 00 00 10 02 01 00 00 20 02 01 00 01 10 F0 D5 56 98 83 8E 08 15 8F 01 3B 87 D4 9A 8C D7 63 D2 16 99 3B 8D AE 00 00 00 00 00 00 00 00 00 00 00 00 00 00 00 00 00 00 00 00 00 00 00 00 00 00 00 00 00 00 00 00 00 00 00 00 00 00 00 00 00 00 00 00 00 00 00 00 00 00 00 00 00 00 00 00 00 00 00 00 00 00 00 00 00 00 00 00 00 00 00 00 00 00 00 00 00 00 00 00 00 00 00 00 00 00 00 00 00 00 00 00 00 00 00 00 00 00 00 00 00 00 00 00 00 00 00 00 00 00 00 00 00 00 00 00 00 00 00 00 00 00 00 00 E1 E8 E8 51 7E
[407352][00:01:38.440]7E FF 02 FF 9E 6D 33 DC 68 05 67 03 4E D7 E7 7E 00 FF 03 54 00 01 00 01 69 7F 94 01 E0 00 01 B6 12 40 E4 00 52 18 85 10 00 D5 01 03 0C B0 30 10 88 FF 00 00 33 00 00 11 08 00 00 01 43 00 00 2C 16 27 94 80 09 00 30 F7 CC DB EF 00 00 00 00 00 00 00 00 00 00 00 00 00 00 00 00 00 00 00 00 00 00 00 00 00 00 00 00 00 00 00 00 13 9C 8C 37 7E
[407353][00:01:38.665]7E FF 02 FF 9F 6D C0 DC 68 05 21 02 BC A8 43 7F 00 3A 00 94 00 01 00 01 69 7F 94 00 50 05 01 FC 13 79 40 00 D6 09 05 00 00 55 00 0A 56 73 00 5C 78 EF 0C 00 33 00 00 30 00 09 05 35 39 FF FF FF FF FF FF 00 00 00 00 30 00 09 05 35 39 55 00 00 00 00 00 00 00 00 00 39 03 00 01 77 84 24 45 E8 07 02 12 09 23 07 03 01 00 01 01 00 02 02 00 0D 00 00 09 03 31 17 6E 54 4E 59 58 0F 00 0F 00 00 00 00 00 02 00 00 00 CE DA 22 74 35 FF 7E 29 94 A1 1B 00 00 31 44 59 58 03 FB C1 01 9C 02 01 CE A2 00 0C 00 00 00 00 00 00 00 00 DB 47 93 91 7E
[407354][00:01:39.115]7E FF 02 FF A0 6D 82 DE 68 05 54 00 0F 25 EF 7F 00 3B 00 94 00 01 00 01 69 7F 94 00 50 05 01 FC 13 79 44 00 C7 0B 81 00 00 55 00 0A 56 73 00 5C 78 EF 0C 00 33 00 00 30 00 09 05 35 39 FF FF FF FF FF FF 00 00 00 00 30 00 09 05 35 39 55 00 00 00 00 00 00 00 00 00 39 03 00 01 77 84 24 45 E8 07 02 12 09 23 07 03 01 00 01 01 00 02 02 00 0D 00 00 09 03 31 17 6E 54 4E 59 58 0F 00 0F 00 00 00 00 00 02 00 00 00 CE DA 22 74 35 FF 7E 29 94 A1 1B 00 00 31 44 59 58 03 FB C1 01 9C 02 01 CE A2 00 0C 00 00 00 00 00 00 00 00 5C 5F 01 01 7E
[407355][00:01:39.205]7E FF 02 FF A1 6D BF DE 68 05 77 02 93 9C 06 80 00 FD 03 14 01 01 00 01 69 7F 94 01 60 00 03 27 16 EB C0 00 98 5E C8 10 00 12 01 03 08 B0 30 74 88 FF 00 00 33 00 00 11 03 00 00 01 02 83 06 D0 1E 28 0A FE FE FE FE 68 62 00 43 05 84 42 54 06 00 30 10 5B 7A 10 00 3E 05 03 38 50 02 02 00 01 20 21 02 00 1C 07 EA 06 1D 0B 00 00 08 00 20 21 02 00 00 20 01 04 00 00 20 00 02 00 00 20 01 02 00 00 20 04 02 00 00 20 0A 02 00 00 00 10 02 01 00 00 20 02 01 00 01 10 F0 D5 56 98 83 8E 08 15 8F 01 3B 87 D4 9A 8C D7 C4 82 16 C2 0B 9E F6 00 00 00 00 00 00 00 00 00 00 00 00 00 00 00 00 00 00 00 00 00 00 00 00 00 00 00 00 00 00 00 00 00 00 00 00 00 00 00 00 00 00 00 00 00 00 00 00 00 00 00 00 00 00 00 00 00 00 00 00 00 00 00 00 00 00 00 00 00 00 00 00 00 00 00 00 00 00 00 00 00 00 00 00 00 00 00 00 00 00 00 00 00 00 00 00 00 00 00 00 00 00 00 00 00 00 00 00 00 00 00 00 00 00 00 00 00 00 00 00 00 00 00 00 39 5E 47 BB 7E
[407356][00:01:39.250]7E FF 02 FF A2 6D F7 DE 68 05 47 02 C6 F4 1B 80 00 FE 03 14 01 01 00 01 69 7F 94 01 60 00 03 27 16 EB C4 00 89 5C 4C 10 00 12 01 03 08 B0 30 74 88 FF 00 00 33 00 00 11 03 00 00 01 02 83 06 D0 1E 28 0A FE FE FE FE 68 62 00 43 05 84 42 54 06 00 30 10 5B 7A 10 00 3E 05 03 38 50 02 02 00 01 20 21 02 00 1C 07 EA 06 1D 0B 00 00 08 00 20 21 02 00 00 20 01 04 00 00 20 00 02 00 00 20 01 02 00 00 20 04 02 00 00 20 0A 02 00 00 00 10 02 01 00 00 20 02 01 00 01 10 F0 D5 56 98 83 8E 08 15 8F 01 3B 87 D4 9A 8C D7 C4 82 16 C2 0B 9E F6 00 00 00 00 00 00 00 00 00 00 00 00 00 00 00 00 00 00 00 00 00 00 00 00 00 00 00 00 00 00 00 00 00 00 00 00 00 00 00 00 00 00 00 00 00 00 00 00 00 00 00 00 00 00 00 00 00 00 00 00 00 00 00 00 00 00 00 00 00 00 00 00 00 00 00 00 00 00 00 00 00 00 00 00 00 00 00 00 00 00 00 00 00 00 00 00 00 00 00 00 00 00 00 00 00 00 00 00 00 00 00 00 00 00 00 00 00 00 00 00 00 00 00 00 E2 C7 88 79 7E
[407357][00:01:39.295]7E FF 02 FF A3 6D 22 DF 68 05 82 02 B3 61 2C 80 00 FD 03 14 01 01 00 01 69 7F 94 01 60 00 03 27 16 EB C4 00 89 5C 4C 10 00 12 01 03 08 B0 30 74 88 FF 00 00 33 00 00 11 03 00 00 01 02 83 06 D0 1E 28 0A FE FE FE FE 68 62 00 43 05 84 42 54 06 00 30 10 5B 7A 10 00 3E 05 03 38 50 02 02 00 01 20 21 02 00 1C 07 EA 06 1D 0B 00 00 08 00 20 21 02 00 00 20 01 04 00 00 20 00 02 00 00 20 01 02 00 00 20 04 02 00 00 20 0A 02 00 00 00 10 02 01 00 00 20 02 01 00 01 10 F0 D5 56 98 83 8E 08 15 8F 01 3B 87 D4 9A 8C D7 C4 82 16 C2 0B 9E F6 00 00 00 00 00 00 00 00 00 00 00 00 00 00 00 00 00 00 00 00 00 00 00 00 00 00 00 00 00 00 00 00 00 00 00 00 00 00 00 00 00 00 00 00 00 00 00 00 00 00 00 00 00 00 00 00 00 00 00 00 00 00 00 00 00 00 00 00 00 00 00 00 00 00 00 00 00 00 00 00 00 00 00 00 00 00 00 00 00 00 00 00 00 00 00 00 00 00 00 00 00 00 00 00 00 00 00 00 00 00 00 00 00 00 00 00 00 00 00 00 00 00 00 00 2B EA 2F C0 7E
[407358][00:01:39.340]7E FF 02 FF A4 6D 4E DF 68 05 08 01 8F 06 3D 80 00 FD 03 14 01 01 00 01 69 7F 94 01 60 00 03 27 16 EB C0 00 98 5E C8 10 00 AE 00 03 0A B0 30 74 88 FF 00 00 33 00 00 11 03 00 00 01 02 83 06 CE 1E 28 0A FE FE FE FE 68 62 00 43 05 14 91 53 06 00 30 10 ED 30 10 00 3E 05 03 36 50 02 02 00 01 20 21 02 00 1C 07 EA 06 1D 0B 00 00 08 00 20 21 02 00 00 20 01 04 00 00 20 00 02 00 00 20 01 02 00 00 20 04 02 00 00 20 0A 02 00 00 00 10 02 01 00 00 20 02 01 00 01 10 F0 D5 56 98 83 8E 08 15 8F 01 3B 87 D4 9A 8C D7 1D FC 16 1E 12 10 AB 00 00 00 00 00 00 00 00 00 00 00 00 00 00 00 00 00 00 00 00 00 00 00 00 00 00 00 00 00 00 00 00 00 00 00 00 00 00 00 00 00 00 00 00 00 00 00 00 00 00 00 00 00 00 00 00 00 00 00 00 00 00 00 00 00 00 00 00 00 00 00 00 00 00 00 00 00 00 00 00 00 00 00 00 00 00 00 00 00 00 00 00 00 00 00 00 00 00 00 00 00 00 00 00 00 00 00 00 00 00 00 00 00 00 00 00 00 00 00 00 00 00 00 00 FC BE 83 43 7E
[407359][00:01:39.369]7E FF 02 FF A5 6D 78 DF 68 05 E0 02 9F 39 4D 80 00 38 00 94 00 01 00 01 69 7F 94 00 50 05 01 FC 13 79 44 00 C7 0B 81 00 00 55 00 0A 56 73 00 5C 78 EF 0C 00 33 00 00 30 00 09 05 35 39 FF FF FF FF FF FF 00 00 00 00 30 00 09 05 35 39 55 00 00 00 00 00 00 00 00 00 39 03 00 01 77 84 24 45 E8 07 02 12 09 23 07 03 01 00 01 01 00 02 02 00 0D 00 00 09 03 31 17 6E 54 4E 59 58 0F 00 0F 00 00 00 00 00 02 00 00 00 CE DA 22 74 35 FF 7E 29 94 A1 1B 00 00 31 44 59 58 03 FB C1 01 9C 02 01 CE A2 00 0C 00 00 00 00 00 00 00 00 BE 5A 90 C8 7E
[407360][00:01:39.414]7E FF 02 FF A6 6D 94 DF 68 05 DF 01 A4 CE 57 80 00 FD 03 14 01 01 00 01 69 7F 94 01 60 00 03 27 16 EB C4 00 89 5C 4C 10 00 AE 00 03 0A B0 30 74 88 FF 00 00 33 00 00 11 03 00 00 01 02 83 06 CE 1E 28 0A FE FE FE FE 68 62 00 43 05 14 91 53 06 00 30 10 ED 30 10 00 3E 05 03 36 50 02 02 00 01 20 21 02 00 1C 07 EA 06 1D 0B 00 00 08 00 20 21 02 00 00 20 01 04 00 00 20 00 02 00 00 20 01 02 00 00 20 04 02 00 00 20 0A 02 00 00 00 10 02 01 00 00 20 02 01 00 01 10 F0 D5 56 98 83 8E 08 15 8F 01 3B 87 D4 9A 8C D7 1D FC 16 1E 12 10 AB 00 00 00 00 00 00 00 00 00 00 00 00 00 00 00 00 00 00 00 00 00 00 00 00 00 00 00 00 00 00 00 00 00 00 00 00 00 00 00 00 00 00 00 00 00 00 00 00 00 00 00 00 00 00 00 00 00 00 00 00 00 00 00 00 00 00 00 00 00 00 00 00 00 00 00 00 00 00 00 00 00 00 00 00 00 00 00 00 00 00 00 00 00 00 00 00 00 00 00 00 00 00 00 00 00 00 00 00 00 00 00 00 00 00 00 00 00 00 00 00 00 00 00 00 7F 8F 80 24 7E
[407361][00:01:39.489]7E FF 02 FF A7 6D DE DF 68 05 36 02 67 11 74 80 00 FD 03 14 01 01 00 01 69 7F 94 01 60 00 03 27 16 EB C4 00 89 5C 4C 10 00 AE 00 03 0A B0 30 74 88 FF 00 00 33 00 00 11 03 00 00 01 02 83 06 CE 1E 28 0A FE FE FE FE 68 62 00 43 05 14 91 53 06 00 30 10 ED 30 10 00 3E 05 03 36 50 02 02 00 01 20 21 02 00 1C 07 EA 06 1D 0B 00 00 08 00 20 21 02 00 00 20 01 04 00 00 20 00 02 00 00 20 01 02 00 00 20 04 02 00 00 20 0A 02 00 00 00 10 02 01 00 00 20 02 01 00 01 10 F0 D5 56 98 83 8E 08 15 8F 01 3B 87 D4 9A 8C D7 1D FC 16 1E 12 10 AB 00 00 00 00 00 00 00 00 00 00 00 00 00 00 00 00 00 00 00 00 00 00 00 00 00 00 00 00 00 00 00 00 00 00 00 00 00 00 00 00 00 00 00 00 00 00 00 00 00 00 00 00 00 00 00 00 00 00 00 00 00 00 00 00 00 00 00 00 00 00 00 00 00 00 00 00 00 00 00 00 00 00 00 00 00 00 00 00 00 00 00 00 00 00 00 00 00 00 00 00 00 00 00 00 00 00 00 00 00 00 00 00 00 00 00 00 00 00 00 00 00 00 00 00 62 AD 45 CC 7E
[407362][00:01:39.534]7E FF 02 FF A8 6D 0E E0 68 05 20 02 18 5F 86 80 00 FD 03 14 01 01 00 01 69 7F 94 01 60 00 03 27 16 EB C0 00 98 5E C8 10 00 F8 00 03 0B B0 30 74 88 FF 00 00 33 00 00 11 03 00 00 01 02 83 06 CF 1E 28 0A FE FE FE FE 68 62 00 43 05 93 24 54 06 00 30 10 C1 97 10 00 3E 05 03 37 50 02 02 00 01 20 21 02 00 1C 07 EA 06 1D 0B 00 00 08 00 20 21 02 00 00 20 01 04 00 00 20 00 02 00 00 20 01 02 00 00 20 04 02 00 00 20 0A 02 00 00 00 10 02 01 00 00 20 02 01 00 01 10 F0 D5 56 98 83 8E 08 15 8F 01 3B 87 D4 9A 8C D7 BA AC 16 15 BD EC 8C 00 00 00 00 00 00 00 00 00 00 00 00 00 00 00 00 00 00 00 00 00 00 00 00 00 00 00 00 00 00 00 00 00 00 00 00 00 00 00 00 00 00 00 00 00 00 00 00 00 00 00 00 00 00 00 00 00 00 00 00 00 00 00 00 00 00 00 00 00 00 00 00 00 00 00 00 00 00 00 00 00 00 00 00 00 00 00 00 00 00 00 00 00 00 00 00 00 00 00 00 00 00 00 00 00 00 00 00 00 00 00 00 00 00 00 00 00 00 00 00 00 00 00 00 08 7E 07 AB 7E
[407363][00:01:39.579]7E FF 02 FF A9 6D 40 E0 68 05 30 01 76 5A 99 80 00 FE 03 14 01 01 00 01 69 7F 94 01 60 00 03 27 16 EB C4 00 89 5C 4C 10 00 F8 00 03 0B B0 30 74 88 FF 00 00 33 00 00 11 03 00 00 01 02 83 06 CF 1E 28 0A FE FE FE FE 68 62 00 43 05 93 24 54 06 00 30 10 C1 97 10 00 3E 05 03 37 50 02 02 00 01 20 21 02 00 1C 07 EA 06 1D 0B 00 00 08 00 20 21 02 00 00 20 01 04 00 00 20 00 02 00 00 20 01 02 00 00 20 04 02 00 00 20 0A 02 00 00 00 10 02 01 00 00 20 02 01 00 01 10 F0 D5 56 98 83 8E 08 15 8F 01 3B 87 D4 9A 8C D7 BA AC 16 15 BD EC 8C 00 00 00 00 00 00 00 00 00 00 00 00 00 00 00 00 00 00 00 00 00 00 00 00 00 00 00 00 00 00 00 00 00 00 00 00 00 00 00 00 00 00 00 00 00 00 00 00 00 00 00 00 00 00 00 00 00 00 00 00 00 00 00 00 00 00 00 00 00 00 00 00 00 00 00 00 00 00 00 00 00 00 00 00 00 00 00 00 00 00 00 00 00 00 00 00 00 00 00 00 00 00 00 00 00 00 00 00 00 00 00 00 00 00 00 00 00 00 00 00 00 00 00 00 A6 93 0D F0 7E
[407364][00:01:39.654]7E FF 02 FF AA 6D E1 E0 68 05 4F 00 6A 89 B0 80 00 FE 03 14 01 01 00 01 69 7F 94 01 60 00 03 27 16 EB C4 00 89 5C 4C 10 00 F8 00 03 0B B0 30 74 88 FF 00 00 33 00 00 11 03 00 00 01 02 83 06 CF 1E 28 0A FE FE FE FE 68 62 00 43 05 93 24 54 06 00 30 10 C1 97 10 00 3E 05 03 37 50 02 02 00 01 20 21 02 00 1C 07 EA 06 1D 0B 00 00 08 00 20 21 02 00 00 20 01 04 00 00 20 00 02 00 00 20 01 02 00 00 20 04 02 00 00 20 0A 02 00 00 00 10 02 01 00 00 20 02 01 00 01 10 F0 D5 56 98 83 8E 08 15 8F 01 3B 87 D4 9A 8C D7 BA AC 16 15 BD EC 8C 00 00 00 00 00 00 00 00 00 00 00 00 00 00 00 00 00 00 00 00 00 00 00 00 00 00 00 00 00 00 00 00 00 00 00 00 00 00 00 00 00 00 00 00 00 00 00 00 00 00 00 00 00 00 00 00 00 00 00 00 00 00 00 00 00 00 00 00 00 00 00 00 00 00 00 00 00 00 00 00 00 00 00 00 00 00 00 00 00 00 00 00 00 00 00 00 00 00 00 00 00 00 00 00 00 00 00 00 00 00 00 00 00 00 00 00 00 00 00 00 00 00 00 00 D5 A2 2A 22 7E
[407365][00:01:39.654]7E FF 02 FF AB 6D AC E0 68 05 90 01 C5 9C C2 80 00 FE 03 10 00 01 00 03 69 7F 94 F0 0C 2B 27 00 00 00 10 02 F6 57 54 33 A2 F8 41 7E
[407366][00:01:39.923]7E FF 02 FF AC 6D 96 E1 68 05 D2 00 F4 C7 1B 81 00 FD 03 14 01 01 00 01 69 7F 94 01 60 00 03 27 16 EB C0 00 98 5E C8 10 00 EB 00 03 0D B0 30 74 88 FF 00 00 33 00 00 11 03 00 00 01 02 83 06 D2 1E 28 0A FE FE FE FE 68 62 00 43 05 16 50 03 09 00 30 10 95 C3 10 00 3E 05 03 3A 50 02 02 00 01 20 21 02 00 1C 07 EA 06 1D 0B 00 00 08 00 20 21 02 00 00 20 01 04 00 00 20 00 02 00 00 20 01 02 00 00 20 04 02 00 00 20 0A 02 00 00 00 10 02 01 00 00 20 02 01 00 01 10 F0 D5 56 98 83 8E 08 15 8F 01 3B 87 D4 9A 8C D7 8A 23 16 82 B9 12 E4 00 00 00 00 00 00 00 00 00 00 00 00 00 00 00 00 00 00 00 00 00 00 00 00 00 00 00 00 00 00 00 00 00 00 00 00 00 00 00 00 00 00 00 00 00 00 00 00 00 00 00 00 00 00 00 00 00 00 00 00 00 00 00 00 00 00 00 00 00 00 00 00 00 00 00 00 00 00 00 00 00 00 00 00 00 00 00 00 00 00 00 00 00 00 00 00 00 00 00 00 00 00 00 00 00 00 00 00 00 00 00 00 00 00 00 00 00 00 00 00 00 00 00 00 70 C8 D1 FC 7E
[407367][00:01:39.983]7E FF 02 FF AD 6D CB E1 68 05 1F 00 B9 ED 2F 81 00 FD 03 14 01 01 00 01 69 7F 94 01 60 00 03 27 16 EB C4 00 89 5C 4C 10 00 EB 00 03 0D B0 30 74 88 FF 00 00 33 00 00 11 03 00 00 01 02 83 06 D2 1E 28 0A FE FE FE FE 68 62 00 43 05 16 50 03 09 00 30 10 95 C3 10 00 3E 05 03 3A 50 02 02 00 01 20 21 02 00 1C 07 EA 06 1D 0B 00 00 08 00 20 21 02 00 00 20 01 04 00 00 20 00 02 00 00 20 01 02 00 00 20 04 02 00 00 20 0A 02 00 00 00 10 02 01 00 00 20 02 01 00 01 10 F0 D5 56 98 83 8E 08 15 8F 01 3B 87 D4 9A 8C D7 8A 23 16 82 B9 12 E4 00 00 00 00 00 00 00 00 00 00 00 00 00 00 00 00 00 00 00 00 00 00 00 00 00 00 00 00 00 00 00 00 00 00 00 00 00 00 00 00 00 00 00 00 00 00 00 00 00 00 00 00 00 00 00 00 00 00 00 00 00 00 00 00 00 00 00 00 00 00 00 00 00 00 00 00 00 00 00 00 00 00 00 00 00 00 00 00 00 00 00 00 00 00 00 00 00 00 00 00 00 00 00 00 00 00 00 00 00 00 00 00 00 00 00 00 00 00 00 00 00 00 00 00 33 EA 41 6B 7E
[407368][00:01:40.058]7E FF 02 FF AE 6D 17 E2 68 05 B7 01 99 15 4D 81 00 FD 03 14 01 01 00 01 69 7F 94 01 60 00 03 27 16 EB C4 00 89 5C 4C 10 00 EB 00 03 0D B0 30 74 88 FF 00 00 33 00 00 11 03 00 00 01 02 83 06 D2 1E 28 0A FE FE FE FE 68 62 00 43 05 16 50 03 09 00 30 10 95 C3 10 00 3E 05 03 3A 50 02 02 00 01 20 21 02 00 1C 07 EA 06 1D 0B 00 00 08 00 20 21 02 00 00 20 01 04 00 00 20 00 02 00 00 20 01 02 00 00 20 04 02 00 00 20 0A 02 00 00 00 10 02 01 00 00 20 02 01 00 01 10 F0 D5 56 98 83 8E 08 15 8F 01 3B 87 D4 9A 8C D7 8A 23 16 82 B9 12 E4 00 00 00 00 00 00 00 00 00 00 00 00 00 00 00 00 00 00 00 00 00 00 00 00 00 00 00 00 00 00 00 00 00 00 00 00 00 00 00 00 00 00 00 00 00 00 00 00 00 00 00 00 00 00 00 00 00 00 00 00 00 00 00 00 00 00 00 00 00 00 00 00 00 00 00 00 00 00 00 00 00 00 00 00 00 00 00 00 00 00 00 00 00 00 00 00 00 00 00 00 00 00 00 00 00 00 00 00 00 00 00 00 00 00 00 00 00 00 00 00 00 00 00 00 45 A8 E6 E7 7E
[407369][00:01:40.372]7E FF 02 FF AF 6D 64 E3 68 05 2F 00 49 F8 CB 81 00 36 00 94 00 01 00 01 69 7F 94 00 50 05 01 FC 13 79 44 00 C7 0B 81 00 00 55 00 0A 56 73 00 5C 78 EF 0C 00 33 00 00 30 00 09 05 35 39 FF FF FF FF FF FF 00 00 00 00 30 00 09 05 35 39 55 00 00 00 00 00 00 00 00 00 39 03 00 01 77 84 24 45 E8 07 02 12 09 23 07 03 01 00 01 01 00 02 02 00 0D 00 00 09 03 31 17 6E 54 4E 59 58 0F 00 0F 00 00 00 00 00 02 00 00 00 CE DA 22 74 35 FF 7E 29 94 A1 1B 00 00 31 44 59 58 03 FB C1 01 9C 02 01 CE A2 00 0C 00 00 00 00 00 00 00 00 DA D0 05 2D 7E
[407370][00:01:40.551]7E FF 02 FF B0 6D 14 E4 68 05 D8 01 49 44 0F 82 00 38 00 94 00 01 00 01 69 7F 94 B3 F0 FF 01 C1 12 79 42 00 62 0E CB 30 0B FF 2F 01 0D 02 00 4B 10 FF 08 00 33 00 00 70 00 01 32 04 70 FF FF FF FF FF FF 08 00 00 00 B3 10 00 11 70 00 01 32 04 70 20 00 00 12 74 72 36 02 49 64 03 00 0F 01 85 02 22 00 45 00 00 00 01 30 02 00 00 00 00 00 00 00 00 00 00 00 00 00 00 00 80 00 00 00 00 00 00 00 00 00 00 00 00 00 00 00 00 20 3E 3D 11 0A 67 F5 3C 00 00 00 00 00 00 00 00 00 00 00 00 00 00 00 00 00 00 00 00 00 00 00 00 00 2F F2 F6 A1 7E
[407371][00:01:41.120]7E FF 02 FF B1 6D 52 E6 68 05 60 02 74 46 EA 82 00 39 00 94 00 01 00 01 69 7F 94 00 50 05 01 FC 13 79 44 00 C7 0B 81 00 00 55 00 0A 56 73 00 5C 78 EF 0C 00 33 00 00 30 00 09 05 35 39 FF FF FF FF FF FF 00 00 00 00 30 00 09 05 35 39 55 00 00 00 00 00 00 00 00 00 39 03 00 01 77 84 24 45 E8 07 02 12 09 23 07 03 01 00 01 01 00 02 02 00 0D 00 00 09 03 31 17 6E 54 4E 59 58 0F 00 0F 00 00 00 00 00 02 00 00 00 CE DA 22 74 35 FF 7E 29 94 A1 1B 00 00 31 44 59 58 03 FB C1 01 9C 02 01 CE A2 00 0C 00 00 00 00 00 00 00 00 A8 0F 3C 14 7E
[407372][00:01:41.479]7E FF 02 FF B2 6D C4 E7 68 05 AF 01 8D 61 77 83 00 39 00 10 00 01 00 03 69 7F 94 F0 0C 13 20 00 00 00 10 02 F8 57 B4 87 AD 69 C6 7E
[407373][00:01:41.614]7E FF 02 FF B3 6D 26 E8 68 05 2F 01 CC AF 9C 83 00 FE 03 14 01 01 00 01 69 7F 94 01 60 00 03 27 16 EB C0 00 98 5E C8 10 00 12 01 03 0E B0 30 74 88 FF 00 00 33 00 00 11 03 00 00 01 02 83 06 D0 1E 28 0A FE FE FE FE 68 62 00 43 05 84 42 54 06 00 30 10 5B 7A 10 00 3E 05 03 38 50 02 02 00 01 20 21 02 00 1C 07 EA 06 1D 0B 00 00 08 00 20 21 02 00 00 20 01 04 00 00 20 00 02 00 00 20 01 02 00 00 20 04 02 00 00 20 0A 02 00 00 00 10 02 01 00 00 20 02 01 00 01 10 F0 D5 56 98 83 8E 08 15 8F 01 3B 87 D4 9A 8C D7 C4 82 16 C2 0B 9E F6 00 00 00 00 00 00 00 00 00 00 00 00 00 00 00 00 00 00 00 00 00 00 00 00 00 00 00 00 00 00 00 00 00 00 00 00 00 00 00 00 00 00 00 00 00 00 00 00 00 00 00 00 00 00 00 00 00 00 00 00 00 00 00 00 00 00 00 00 00 00 00 00 00 00 00 00 00 00 00 00 00 00 00 00 00 00 00 00 00 00 00 00 00 00 00 00 00 00 00 00 00 00 00 00 00 00 00 00 00 00 00 00 00 00 00 00 00 00 00 00 00 00 00 00 35 FA 47 6F 7E
[407374][00:01:41.659]7E FF 02 FF B4 6D 49 E8 68 05 2D 00 9D 57 A8 83 01 22 10 14 01 01 00 01 69 7F 94 01 80 0D 03 6A 41 00 10 00 16 42 9C 10 00 81 00 03 0F B0 30 74 88 FF 00 00 33 00 00 11 03 00 00 01 02 83 06 D1 1E 28 0A FE FE FE FE 68 62 00 43 05 15 50 03 09 00 30 10 FB 6B 10 00 3E 05 03 39 50 02 02 00 01 20 21 02 00 1C 07 EA 06 1D 0B 00 00 08 00 20 21 02 00 00 20 01 04 00 00 20 00 02 00 00 20 01 02 00 00 20 04 02 00 00 20 0A 02 00 00 00 10 02 01 00 00 20 02 01 00 01 10 F0 D5 56 98 83 8E 08 15 8F 01 3B 87 D4 9A 8C D7 63 D2 16 99 3B 8D AE 00 00 00 00 00 00 00 00 00 00 00 00 00 00 00 00 00 00 00 00 00 00 00 00 00 00 00 00 00 00 00 00 00 00 00 00 00 00 00 00 00 00 00 00 00 00 00 00 00 00 00 00 00 00 00 00 00 00 00 00 00 00 00 00 00 00 00 00 00 00 00 00 00 00 00 00 00 00 00 00 00 00 00 00 00 00 00 00 00 00 00 00 00 00 00 00 00 00 00 00 00 00 00 00 00 00 00 00 00 00 00 00 00 00 00 00 00 00 00 00 00 00 00 00 F9 9D 0A B2 7E
[407375][00:01:41.689]7E FF 02 FF B5 6D 5B E8 68 05 A1 01 E0 F1 B0 83 00 FD 03 14 01 01 00 01 69 7F 94 01 60 00 03 27 16 EB C4 00 89 5C 4C 10 00 12 01 03 0E B0 30 74 88 FF 00 00 33 00 00 11 03 00 00 01 02 83 06 D0 1E 28 0A FE FE FE FE 68 62 00 43 05 84 42 54 06 00 30 10 5B 7A 10 00 3E 05 03 38 50 02 02 00 01 20 21 02 00 1C 07 EA 06 1D 0B 00 00 08 00 20 21 02 00 00 20 01 04 00 00 20 00 02 00 00 20 01 02 00 00 20 04 02 00 00 20 0A 02 00 00 00 10 02 01 00 00 20 02 01 00 01 10 F0 D5 56 98 83 8E 08 15 8F 01 3B 87 D4 9A 8C D7 C4 82 16 C2 0B 9E F6 00 00 00 00 00 00 00 00 00 00 00 00 00 00 00 00 00 00 00 00 00 00 00 00 00 00 00 00 00 00 00 00 00 00 00 00 00 00 00 00 00 00 00 00 00 00 00 00 00 00 00 00 00 00 00 00 00 00 00 00 00 00 00 00 00 00 00 00 00 00 00 00 00 00 00 00 00 00 00 00 00 00 00 00 00 00 00 00 00 00 00 00 00 00 00 00 00 00 00 00 00 00 00 00 00 00 00 00 00 00 00 00 00 00 00 00 00 00 00 00 00 00 00 00 1E 20 93 10 7E
[407376][00:01:41.704]7E FF 02 FF B6 6D 72 E8 68 05 E2 03 F5 F0 B9 83 00 39 01 94 00 01 00 01 69 7F 94 00 50 05 01 FC 13 79 44 00 C7 0B 81 00 00 55 00 0A 56 73 00 5C 78 EF 0C 00 33 00 00 30 00 09 05 35 39 FF FF FF FF FF FF 00 00 00 00 30 00 09 05 35 39 55 00 00 00 00 00 00 00 00 00 39 03 00 01 77 84 24 45 E8 07 02 12 09 23 07 03 01 00 01 01 00 02 02 00 0D 00 00 09 03 31 17 6E 54 4E 59 58 0F 00 0F 00 00 00 00 00 02 00 00 00 CE DA 22 74 35 FF 7E 29 94 A1 1B 00 00 31 44 59 58 03 FB C1 01 9C 02 01 CE A2 00 0C 00 00 00 00 00 00 00 00 74 51 F4 45 7E
[407377][00:01:41.734]7E FF 02 FF B7 6D 91 E8 68 05 A8 01 C7 8C C5 83 00 38 00 14 01 01 00 01 69 7F 94 D8 E0 02 03 6F 16 EB C4 00 DB 9C 20 10 00 81 00 03 0F B0 30 74 88 EF 00 00 33 00 00 11 03 00 00 01 02 83 06 D1 1E 28 0A FE FE FE FE 68 62 00 43 05 15 50 03 09 00 30 10 FB 6B 10 00 3E 05 03 39 50 02 02 00 01 20 21 02 00 1C 07 EA 06 1D 0B 00 00 08 00 20 21 02 00 00 20 01 04 00 00 20 00 02 00 00 20 01 02 00 00 20 04 02 00 00 20 0A 02 00 00 00 10 02 01 00 00 20 02 01 00 01 10 F0 D5 56 98 83 8E 08 15 8F 01 3B 87 D4 9A 8C D7 63 D2 16 99 3B 8D AE 00 00 00 00 00 00 00 00 00 00 00 00 00 00 00 00 00 00 00 00 00 00 00 00 00 00 00 00 00 00 00 00 00 00 00 00 00 00 00 00 00 00 00 00 00 00 00 00 00 00 00 00 00 00 00 00 00 00 00 00 00 00 00 00 00 00 00 00 00 00 00 00 00 00 00 00 00 00 00 00 00 00 00 00 00 00 00 00 00 00 00 00 00 00 00 00 00 00 00 00 00 00 00 00 00 00 00 00 00 00 00 00 00 00 00 00 00 00 00 00 00 00 00 00 04 5E F0 77 7E
[407378][00:01:41.870]7E FF 02 FF B8 6D 33 E9 68 05 93 03 27 8A 03 84 00 3E 00 14 01 01 00 01 69 7F 94 D8 E0 02 03 6F 16 EB C4 00 DB 9C 20 10 00 81 00 03 0F B0 30 74 88 EF 00 00 33 00 00 11 03 00 00 01 02 83 06 D1 1E 28 0A FE FE FE FE 68 62 00 43 05 15 50 03 09 00 30 10 FB 6B 10 00 3E 05 03 39 50 02 02 00 01 20 21 02 00 1C 07 EA 06 1D 0B 00 00 08 00 20 21 02 00 00 20 01 04 00 00 20 00 02 00 00 20 01 02 00 00 20 04 02 00 00 20 0A 02 00 00 00 10 02 01 00 00 20 02 01 00 01 10 F0 D5 56 98 83 8E 08 15 8F 01 3B 87 D4 9A 8C D7 63 D2 16 99 3B 8D AE 00 00 00 00 00 00 00 00 00 00 00 00 00 00 00 00 00 00 00 00 00 00 00 00 00 00 00 00 00 00 00 00 00 00 00 00 00 00 00 00 00 00 00 00 00 00 00 00 00 00 00 00 00 00 00 00 00 00 00 00 00 00 00 00 00 00 00 00 00 00 00 00 00 00 00 00 00 00 00 00 00 00 00 00 00 00 00 00 00 00 00 00 00 00 00 00 00 00 00 00 00 00 00 00 00 00 00 00 00 00 00 00 00 00 00 00 00 00 00 00 00 00 00 00 2B BB 1A 26 7E
[407379][00:01:42.139]7E FF 02 FF B9 6D AA EA 68 05 21 00 19 1C 6C 84 00 38 00 94 00 01 00 01 69 7F 94 00 50 05 01 FC 13 79 44 00 C7 0B 81 00 00 55 00 0A 56 73 00 5C 78 EF 0C 00 33 00 00 30 00 09 05 35 39 FF FF FF FF FF FF 00 00 00 00 30 00 09 05 35 39 55 00 00 00 00 00 00 00 00 00 39 03 00 01 77 84 24 45 E8 07 02 12 09 23 07 03 01 00 01 01 00 02 02 00 0D 00 00 09 03 31 17 6E 54 4E 59 58 0F 00 0F 00 00 00 00 00 02 00 00 00 CE DA 22 74 35 FF 7E 29 94 A1 1B 00 00 31 44 59 58 03 FB C1 01 9C 02 01 CE A2 00 0C 00 00 00 00 00 00 00 00 8D 8A E3 8E 7E
[407380][00:01:42.214]7E FF 02 FF BA 6D 82 EA 68 05 D4 02 40 40 83 84 00 FD 03 14 01 01 00 01 69 7F 94 01 60 00 03 27 16 EB C4 00 89 5C 4C 10 00 12 01 03 0E B0 30 74 88 FF 00 00 33 00 00 11 03 00 00 01 02 83 06 D0 1E 28 0A FE FE FE FE 68 62 00 43 05 84 42 54 06 00 30 10 5B 7A 10 00 3E 05 03 38 50 02 02 00 01 20 21 02 00 1C 07 EA 06 1D 0B 00 00 08 00 20 21 02 00 00 20 01 04 00 00 20 00 02 00 00 20 01 02 00 00 20 04 02 00 00 20 0A 02 00 00 00 10 02 01 00 00 20 02 01 00 01 10 F0 D5 56 98 83 8E 08 15 8F 01 3B 87 D4 9A 8C D7 C4 82 16 C2 0B 9E F6 00 00 00 00 00 00 00 00 00 00 00 00 00 00 00 00 00 00 00 00 00 00 00 00 00 00 00 00 00 00 00 00 00 00 00 00 00 00 00 00 00 00 00 00 00 00 00 00 00 00 00 00 00 00 00 00 00 00 00 00 00 00 00 00 00 00 00 00 00 00 00 00 00 00 00 00 00 00 00 00 00 00 00 00 00 00 00 00 00 00 00 00 00 00 00 00 00 00 00 00 00 00 00 00 00 00 00 00 00 00 00 00 00 00 00 00 00 00 00 00 00 00 00 00 4B BA 5E 62 7E
[407381][00:01:42.887]7E FF 02 FF BB 6D 3A ED 68 05 CA 01 DB A7 8C 85 00 39 01 94 00 01 00 01 69 7F 94 00 50 05 01 FC 13 79 44 00 C7 0B 81 00 00 55 00 0A 56 73 00 5C 78 EF 0C 00 33 00 00 30 00 09 05 35 39 FF FF FF FF FF FF 00 00 00 00 30 00 09 05 35 39 55 00 00 00 00 00 00 00 00 00 39 03 00 01 77 84 24 45 E8 07 02 12 09 23 07 03 01 00 01 01 00 02 02 00 0D 00 00 09 03 31 17 6E 54 4E 59 58 0F 00 0F 00 00 00 00 00 02 00 00 00 CE DA 22 74 35 FF 7E 29 94 A1 1B 00 00 31 44 59 58 03 FB C1 01 9C 02 01 CE A2 00 0C 00 00 00 00 00 00 00 00 8C 47 FE 39 7E
[407382][00:01:43.022]7E FF 02 FF BC 6D C1 ED 68 05 25 00 5C FE BF 85 00 3A 00 94 00 01 00 01 69 7F 94 00 50 05 01 FC 13 79 44 00 C7 0B 81 00 00 55 00 0A 56 73 00 5C 78 EF 0C 00 33 00 00 30 00 09 05 35 39 FF FF FF FF FF FF 00 00 00 00 30 00 09 05 35 39 55 00 00 00 00 00 00 00 00 00 39 03 00 01 77 84 24 45 E8 07 02 12 09 23 07 03 01 00 01 01 00 02 02 00 0D 00 00 09 03 31 17 6E 54 4E 59 58 0F 00 0F 00 00 00 00 00 02 00 00 00 CE DA 22 74 35 FF 7E 29 94 A1 1B 00 00 31 44 59 58 03 FB C1 01 9C 02 01 CE A2 00 0C 00 00 00 00 00 00 00 00 24 E4 EC 3E 7E
[407383][00:01:43.367]7E FF 02 FF BD 6D 2E EF 68 05 3F 03 9A 8E 4B 86 00 3A 00 10 00 01 00 03 69 7F 94 F0 0C A9 18 00 00 00 10 02 08 66 E0 C9 76 DB 20 7E
[407384][00:01:43.486]7E FF 02 FF BE 6D 8F EF 68 05 68 00 70 9A 6F 86 01 58 FD 54 00 01 00 01 69 7F 94 87 F0 FF 01 2D 20 00 22 00 C2 17 4B 01 00 3C 00 70 00 00 68 35 16 B1 00 0E 20 00 00 12 74 72 01 20 01 63 64 64 9A 05 01 02 01 30 03 1F 08 01 00 17 01 00 00 00 00 00 00 00 00 00 00 00 00 00 00 00 00 00 00 00 00 00 04 64 7F 64 6F B6 8B C5 97 28 85 B9 5A 7E
[407385][00:01:44.445]7E FF 02 FF BF 6D 4F F3 68 05 7D 00 9F 7B DE 87 00 FD 03 54 00 01 00 01 69 7F 94 01 60 00 03 B6 12 40 E0 00 46 9A D7 10 00 25 00 0A 10 B0 30 10 88 FF 00 00 33 00 00 11 A1 00 00 01 23 CF 07 30 00 09 05 39 44 03 02 D6 41 F2 E7 00 00 00 00 00 00 00 00 00 00 00 00 00 00 00 00 00 00 00 00 00 00 00 00 00 00 00 00 00 00 00 00 8A A6 B6 01 7E
[407386][00:01:44.490]7E FF 02 FF C0 6D 81 F3 68 05 6B 01 98 A4 F1 87 00 FE 03 54 00 01 00 01 69 7F 94 01 60 00 03 B6 12 40 E4 00 57 98 53 10 00 25 00 0A 10 B0 30 10 88 FF 00 00 33 00 00 11 A1 00 00 01 23 CF 07 30 00 09 05 39 44 03 02 D6 41 F2 E7 00 00 00 00 00 00 00 00 00 00 00 00 00 00 00 00 00 00 00 00 00 00 00 00 00 00 00 00 00 00 00 00 A2 BB FE 08 7E
[407387][00:01:44.550]7E FF 02 FF C1 6D BC F3 68 05 B8 02 0C 47 08 88 00 FE 03 54 00 01 00 01 69 7F 94 01 60 00 03 B6 12 40 E4 00 57 98 53 10 00 25 00 0A 10 B0 30 10 88 FF 00 00 33 00 00 11 A1 00 00 01 23 CF 07 30 00 09 05 39 44 03 02 D6 41 F2 E7 00 00 00 00 00 00 00 00 00 00 00 00 00 00 00 00 00 00 00 00 00 00 00 00 00 00 00 00 00 00 00 00 1C 18 28 85 7E
[407388][00:01:44.581]7E FF 02 FF C2 6D E3 F3 68 05 34 03 B7 33 17 88 00 FC 03 54 00 01 00 01 69 7F 94 01 60 00 03 B6 12 40 E4 00 57 98 53 10 00 25 00 0A 10 B0 30 10 88 FF 00 00 33 00 00 11 A1 00 00 01 23 CF 07 30 00 09 05 39 44 03 02 D6 41 F2 E7 00 00 00 00 00 00 00 00 00 00 00 00 00 00 00 00 00 00 00 00 00 00 00 00 00 00 00 00 00 00 00 00 39 15 FB 0C 7E
[407389][00:01:45.284]7E FF 02 FF C3 6D 9E F6 68 05 11 02 2F C4 21 89 00 FC 03 10 00 01 00 03 69 7F 94 F0 0C 39 11 00 00 00 10 02 EF B8 57 3A AF CC 2F 7E
[407390][00:01:45.688]7E FF 02 FF C4 6D 2C F8 68 05 41 03 18 AE B9 89 00 FE 03 54 00 01 00 01 69 7F 94 01 60 00 03 B6 12 40 E4 00 57 98 53 10 00 25 00 0A 10 B0 30 10 88 FF 00 00 33 00 00 11 A1 00 00 01 23 CF 07 30 00 09 05 39 44 03 02 D6 41 F2 E7 00 00 00 00 00 00 00 00 00 00 00 00 00 00 00 00 00 00 00 00 00 00 00 00 00 00 00 00 00 00 00 00 49 6B 29 1B 7E
[407391][00:01:45.732]7E FF 02 FF C5 6D 5C F8 68 05 BA 01 3E D7 CB 89 00 FD 03 54 00 01 00 01 69 7F 94 01 60 00 03 B6 12 40 E4 00 57 98 53 10 00 25 00 0A 10 B0 30 10 88 FF 00 00 33 00 00 11 A1 00 00 01 23 CF 07 30 00 09 05 39 44 03 02 D6 41 F2 E7 00 00 00 00 00 00 00 00 00 00 00 00 00 00 00 00 00 00 00 00 00 00 00 00 00 00 00 00 00 00 00 00 66 31 73 79 7E
[407392][00:01:45.792]7E FF 02 FF C6 6D 98 F8 68 05 67 01 7F B2 E2 89 00 FE 03 54 00 01 00 01 69 7F 94 01 60 00 03 B6 12 40 E4 00 57 98 53 10 00 25 00 0A 10 B0 30 10 88 FF 00 00 33 00 00 11 A1 00 00 01 23 CF 07 30 00 09 05 39 44 03 02 D6 41 F2 E7 00 00 00 00 00 00 00 00 00 00 00 00 00 00 00 00 00 00 00 00 00 00 00 00 00 00 00 00 00 00 00 00 B6 9D 0D E4 7E
[407393][00:01:45.868]7E FF 02 FF C7 6D DF F8 68 05 A9 03 83 00 FE 89 00 FE 03 54 00 01 00 01 69 7F 94 01 60 00 03 B6 12 40 E4 00 57 98 53 10 00 25 00 0A 10 B0 30 10 88 FF 00 00 33 00 00 11 A1 00 00 01 23 CF 07 30 00 09 05 39 44 03 02 D6 41 F2 E7 00 00 00 00 00 00 00 00 00 00 00 00 00 00 00 00 00 00 00 00 00 00 00 00 00 00 00 00 00 00 00 00 25 83 DD 24 7E
[407394][00:01:46.004]7E FF 02 FF C8 6D 68 F9 68 05 91 03 13 41 32 8A 00 FE 03 54 00 01 00 01 69 7F 94 01 60 00 03 B6 12 40 E4 00 57 98 53 10 00 25 00 0A 10 B0 30 10 88 FF 00 00 33 00 00 11 A1 00 00 01 23 CF 07 30 00 09 05 39 44 03 02 D6 41 F2 E7 00 00 00 00 00 00 00 00 00 00 00 00 00 00 00 00 00 00 00 00 00 00 00 00 00 00 00 00 00 00 00 00 D3 10 3B 9A 7E
[407395][00:01:46.078]7E FF 02 FF C9 6D BA F9 68 05 33 00 77 36 51 8A 00 FD 03 54 00 01 00 01 69 7F 94 01 60 00 03 B6 12 40 E4 00 57 98 53 10 00 25 00 0A 10 B0 30 10 88 FF 00 00 33 00 00 11 A1 00 00 01 23 CF 07 30 00 09 05 39 44 03 02 D6 41 F2 E7 00 00 00 00 00 00 00 00 00 00 00 00 00 00 00 00 00 00 00 00 00 00 00 00 00 00 00 00 00 00 00 00 71 DA D7 64 7E
[407396][00:01:46.467]7E FF 02 FF CA 6D 24 FB 68 05 20 03 57 96 DB 8A 00 FE 03 14 01 01 00 01 69 7F 94 01 60 00 03 27 16 EB C0 00 98 5E C8 10 00 EB 00 03 11 B0 30 74 88 FF 00 00 33 00 00 11 03 00 00 01 02 83 06 D2 1E 28 0A FE FE FE FE 68 62 00 43 05 16 50 03 09 00 30 10 95 C3 10 00 3E 05 03 3A 50 02 02 00 01 20 21 02 00 1C 07 EA 06 1D 0B 00 00 08 00 20 21 02 00 00 20 01 04 00 00 20 00 02 00 00 20 01 02 00 00 20 04 02 00 00 20 0A 02 00 00 00 10 02 01 00 00 20 02 01 00 01 10 F0 D5 56 98 83 8E 08 15 8F 01 3B 87 D4 9A 8C D7 8A 23 16 82 B9 12 E4 00 00 00 00 00 00 00 00 00 00 00 00 00 00 00 00 00 00 00 00 00 00 00 00 00 00 00 00 00 00 00 00 00 00 00 00 00 00 00 00 00 00 00 00 00 00 00 00 00 00 00 00 00 00 00 00 00 00 00 00 00 00 00 00 00 00 00 00 00 00 00 00 00 00 00 00 00 00 00 00 00 00 00 00 00 00 00 00 00 00 00 00 00 00 00 00 00 00 00 00 00 00 00 00 00 00 00 00 00 00 00 00 00 00 00 00 00 00 00 00 00 00 00 00 D3 4E 09 61 7E
[407397][00:01:46.528]7E FF 02 FF CB 6D 5F FB 68 05 57 02 96 02 F2 8A 00 FD 03 14 01 01 00 01 69 7F 94 01 60 00 03 27 16 EB C4 00 89 5C 4C 10 00 EB 00 03 11 B0 30 74 88 FF 00 00 33 00 00 11 03 00 00 01 02 83 06 D2 1E 28 0A FE FE FE FE 68 62 00 43 05 16 50 03 09 00 30 10 95 C3 10 00 3E 05 03 3A 50 02 02 00 01 20 21 02 00 1C 07 EA 06 1D 0B 00 00 08 00 20 21 02 00 00 20 01 04 00 00 20 00 02 00 00 20 01 02 00 00 20 04 02 00 00 20 0A 02 00 00 00 10 02 01 00 00 20 02 01 00 01 10 F0 D5 56 98 83 8E 08 15 8F 01 3B 87 D4 9A 8C D7 8A 23 16 82 B9 12 E4 00 00 00 00 00 00 00 00 00 00 00 00 00 00 00 00 00 00 00 00 00 00 00 00 00 00 00 00 00 00 00 00 00 00 00 00 00 00 00 00 00 00 00 00 00 00 00 00 00 00 00 00 00 00 00 00 00 00 00 00 00 00 00 00 00 00 00 00 00 00 00 00 00 00 00 00 00 00 00 00 00 00 00 00 00 00 00 00 00 00 00 00 00 00 00 00 00 00 00 00 00 00 00 00 00 00 00 00 00 00 00 00 00 00 00 00 00 00 00 00 00 00 00 00 0F 13 B4 7D 7E
[407398][00:01:46.574]7E FF 02 FF CC 6D 8B FB 68 05 B4 00 AF A2 02 8B 00 FD 03 14 01 01 00 01 69 7F 94 01 60 00 03 27 16 EB C4 00 89 5C 4C 10 00 EB 00 03 11 B0 30 74 88 FF 00 00 33 00 00 11 03 00 00 01 02 83 06 D2 1E 28 0A FE FE FE FE 68 62 00 43 05 16 50 03 09 00 30 10 95 C3 10 00 3E 05 03 3A 50 02 02 00 01 20 21 02 00 1C 07 EA 06 1D 0B 00 00 08 00 20 21 02 00 00 20 01 04 00 00 20 00 02 00 00 20 01 02 00 00 20 04 02 00 00 20 0A 02 00 00 00 10 02 01 00 00 20 02 01 00 01 10 F0 D5 56 98 83 8E 08 15 8F 01 3B 87 D4 9A 8C D7 8A 23 16 82 B9 12 E4 00 00 00 00 00 00 00 00 00 00 00 00 00 00 00 00 00 00 00 00 00 00 00 00 00 00 00 00 00 00 00 00 00 00 00 00 00 00 00 00 00 00 00 00 00 00 00 00 00 00 00 00 00 00 00 00 00 00 00 00 00 00 00 00 00 00 00 00 00 00 00 00 00 00 00 00 00 00 00 00 00 00 00 00 00 00 00 00 00 00 00 00 00 00 00 00 00 00 00 00 00 00 00 00 00 00 00 00 00 00 00 00 00 00 00 00 00 00 00 00 00 00 00 00 79 E8 9E 77 7E
[407399][00:01:47.173]7E FF 02 FF CD 6D 00 FE 68 05 7D 00 33 97 F2 8B 00 FD 03 10 00 01 00 03 69 7F 94 F0 0C D8 09 00 00 00 10 02 D8 B8 EE 72 B3 CE ED 7E
[407400][00:01:47.173]7E FF 02 FF CE 6D 0B FE 68 05 6D 02 DC F8 F6 8B 00 FD 03 10 00 01 00 02 69 7F 94 10 01 E0 00 01 00 00 00 00 55 CF 85 14 B1 15 D4 7E
[407401][00:01:47.548]7E FF 02 FF CF 6D 49 FF 68 05 70 00 26 10 70 8C 00 35 01 14 02 01 00 01 69 7F 94 15 F0 FF 01 D4 17 E8 92 00 CB 70 B2 50 01 FF 2F 01 22 21 00 EC 20 11 08 00 33 00 00 30 00 09 80 95 26 FF FF FF FF FF FF 08 00 00 00 15 10 00 12 30 00 09 80 95 26 20 00 00 12 74 72 03 00 64 64 89 00 3E 01 7F 02 3D 00 00 00 00 00 01 30 92 B0 0C F5 00 02 52 FF BE 0D 06 C7 26 90 9E 8F 80 75 7B 69 01 04 09 04 00 00 01 12 00 00 00 00 A0 00 00 20 00 00 00 80 08 20 2E 22 3C 00 00 00 20 10 3E 79 4B 39 1C 53 E2 31 16 05 40 3E 39 09 3D 0D 0A 0C 0E 0B 3A 3C 0D 0E 0E 2E 3A 32 3C 0C 0D 0C 07 0B 0B 3E 0B 0C 0C 0D 09 0C 0A 0F 0B 0C 0B 0B 0D 0D 0B 0F 0F 0B 3E 08 0D 0C 0D 0C 08 0A 08 0B 08 06 08 0B 38 0F 3D 0C 0A 05 0D 0A 0B 0E 0C 0B 0F 0D 3B 08 0B 0D 0E 03 07 0E 26 06 0E 0B 0C 0B 06 0B 0A 0A 0B 06 09 0B 0C 0C 0C 09 0A 0B 0F 0E 3C 0F 0C 06 0E 0C 09 0D 0B 0C 0D 0C 0D 0A 0C 0B 0E 0D 0D 0D 0C 09 06 0E 0C 0D 0C 0D 0B 0B 09 0B 0D 34 0C 0B 38 A0 35 B9 00 00 00 00 00 00 00 00 00 00 00 00 00 00 00 00 00 00 00 00 00 00 00 00 00 00 00 00 00 00 00 00 00 00 00 00 00 00 00 00 00 00 00 00 00 00 00 00 00 00 00 00 00 00 00 00 00 00 00 00 00 00 00 00 00 00 00 00 00 00 00 00 00 00 00 00 00 00 00 00 00 00 00 00 00 00 00 00 00 00 00 00 00 00 00 00 00 00 00 00 00 00 00 00 00 00 00 00 00 00 00 00 00 00 00 00 00 00 00 00 00 00 00 00 00 00 00 00 00 00 00 00 00 00 00 00 00 00 00 00 00 00 00 00 00 00 00 00 00 00 00 00 00 00 00 00 00 00 00 00 00 00 00 00 00 00 00 00 00 00 00 00 00 00 00 00 00 00 00 00 00 00 00 00 00 00 00 00 00 00 00 00 00 00 00 00 00 00 00 00 00 00 00 00 00 00 00 00 00 00 00 00 00 00 00 00 00 00 00 00 00 00 00 00 00 00 00 00 00 00 00 00 00 00 00 00 00 00 00 00 00 00 00 00 00 00 00 00 46 FF 38 CD 7E
[407402][00:01:48.146]7E FF 02 FF D0 6D 19 02 69 05 02 02 6D BA 5C 8D 00 FE 03 14 01 01 00 01 69 7F 94 01 60 00 03 27 16 EB C0 00 98 5E C8 10 00 12 01 03 12 B0 30 74 88 FF 00 00 33 00 00 11 03 00 00 01 02 83 06 D0 1E 28 0A FE FE FE FE 68 62 00 43 05 84 42 54 06 00 30 10 5B 7A 10 00 3E 05 03 38 50 02 02 00 01 20 21 02 00 1C 07 EA 06 1D 0B 00 00 08 00 20 21 02 00 00 20 01 04 00 00 20 00 02 00 00 20 01 02 00 00 20 04 02 00 00 20 0A 02 00 00 00 10 02 01 00 00 20 02 01 00 01 10 F0 D5 56 98 83 8E 08 15 8F 01 3B 87 D4 9A 8C D7 C4 82 16 C2 0B 9E F6 00 00 00 00 00 00 00 00 00 00 00 00 00 00 00 00 00 00 00 00 00 00 00 00 00 00 00 00 00 00 00 00 00 00 00 00 00 00 00 00 00 00 00 00 00 00 00 00 00 00 00 00 00 00 00 00 00 00 00 00 00 00 00 00 00 00 00 00 00 00 00 00 00 00 00 00 00 00 00 00 00 00 00 00 00 00 00 00 00 00 00 00 00 00 00 00 00 00 00 00 00 00 00 00 00 00 00 00 00 00 00 00 00 00 00 00 00 00 00 00 00 00 00 00 96 88 26 95 7E
[407403][00:01:48.206]7E FF 02 FF D1 6D D9 01 69 05 BF 03 3B 08 69 8D 01 23 0F 14 01 01 00 01 69 7F 94 01 80 0D 03 6A 41 00 10 00 16 42 9C 10 00 81 00 03 13 B0 30 74 88 FF 00 00 33 00 00 11 03 00 00 01 02 83 06 D1 1E 28 0A FE FE FE FE 68 62 00 43 05 15 50 03 09 00 30 10 FB 6B 10 00 3E 05 03 39 50 02 02 00 01 20 21 02 00 1C 07 EA 06 1D 0B 00 00 08 00 20 21 02 00 00 20 01 04 00 00 20 00 02 00 00 20 01 02 00 00 20 04 02 00 00 20 0A 02 00 00 00 10 02 01 00 00 20 02 01 00 01 10 F0 D5 56 98 83 8E 08 15 8F 01 3B 87 D4 9A 8C D7 63 D2 16 99 3B 8D AE 00 00 00 00 00 00 00 00 00 00 00 00 00 00 00 00 00 00 00 00 00 00 00 00 00 00 00 00 00 00 00 00 00 00 00 00 00 00 00 00 00 00 00 00 00 00 00 00 00 00 00 00 00 00 00 00 00 00 00 00 00 00 00 00 00 00 00 00 00 00 00 00 00 00 00 00 00 00 00 00 00 00 00 00 00 00 00 00 00 00 00 00 00 00 00 00 00 00 00 00 00 00 00 00 00 00 00 00 00 00 00 00 00 00 00 00 00 00 00 00 00 00 00 00 BA 92 5B 69 7E
[407404][00:01:48.371]7E FF 02 FF D2 6D DD 02 69 05 67 02 B4 86 A7 8D 00 31 01 14 02 01 00 01 69 7F 94 1C F0 FF 01 D4 17 E8 92 00 C2 70 22 C0 01 FF 2F 01 37 66 00 EC 20 11 08 00 33 00 00 30 00 09 80 93 77 FF FF FF FF FF FF 08 00 00 00 1C 10 00 12 30 00 09 80 93 77 20 00 00 12 74 72 03 00 64 64 89 00 3E 01 7E 02 3D 00 00 00 00 00 01 30 92 B0 2C E5 00 02 52 FF BE 0D 06 C7 26 90 9E 8F 80 75 7B 69 01 04 09 04 00 00 01 12 00 00 00 00 A0 00 00 20 00 00 00 80 08 20 2E 22 3C 00 00 00 20 10 3E 79 4B 39 1C 53 E2 31 16 05 40 3E 39 09 3D 0D 0A 0D 0D 39 0C 3B 0D 0E 0D 2F 39 35 3C 0C 0D 0C 08 0B 0B 3E 0B 0C 0C 0D 0B 0C 0B 0F 0B 0C 0B 0C 0D 0D 0A 0F 0F 0C 3E 0B 0C 0C 0D 0C 09 0A 08 0C 05 06 0B 0A 3A 0E 3E 0C 0C 07 0D 0B 0E 0E 0C 0B 0F 0D 3A 07 0B 0E 0D 02 05 0B 29 02 0E 0B 0C 0B 04 0B 0A 0A 0B 05 09 0C 0C 0C 0D 09 0A 0A 0F 0E 3C 0F 0C 05 0E 0D 09 0E 0A 0D 0D 0C 0D 0A 0C 0B 0E 0D 0D 0C 0B 0A 06 0E 0C 0D 0C 0D 0B 0B 09 0A 0D 34 0C 0C A0 57 C8 64 00 00 00 00 00 00 00 00 00 00 00 00 00 00 00 00 00 00 00 00 00 00 00 00 00 00 00 00 00 00 00 00 00 00 00 00 00 00 00 00 00 00 00 00 00 00 00 00 00 00 00 00 00 00 00 00 00 00 00 00 00 00 00 00 00 00 00 00 00 00 00 00 00 00 00 00 00 00 00 00 00 00 00 00 00 00 00 00 00 00 00 00 00 00 00 00 00 00 00 00 00 00 00 00 00 00 00 00 00 00 00 00 00 00 00 00 00 00 00 00 00 00 00 00 00 00 00 00 00 00 00 00 00 00 00 00 00 00 00 00 00 00 00 00 00 00 00 00 00 00 00 00 00 00 00 00 00 00 00 00 00 00 00 00 00 00 00 00 00 00 00 00 00 00 00 00 00 00 00 00 00 00 00 00 00 00 00 00 00 00 00 00 00 00 00 00 00 00 00 00 00 00 00 00 00 00 00 00 00 00 00 00 00 00 00 00 00 00 00 00 00 00 00 00 00 00 00 00 00 00 00 00 00 00 00 00 00 00 00 00 00 00 00 00 00 00 00 00 16 37 6C EE 7E
[407405][00:01:48.702]7E FF 02 FF D3 6D DB 03 69 05 3C 01 13 76 2E 8E 00 FD 03 14 01 01 00 01 69 7F 94 01 60 00 03 27 16 EB C4 00 89 5C 4C 10 00 12 01 03 12 B0 30 74 88 FF 00 00 33 00 00 11 03 00 00 01 02 83 06 D0 1E 28 0A FE FE FE FE 68 62 00 43 05 84 42 54 06 00 30 10 5B 7A 10 00 3E 05 03 38 50 02 02 00 01 20 21 02 00 1C 07 EA 06 1D 0B 00 00 08 00 20 21 02 00 00 20 01 04 00 00 20 00 02 00 00 20 01 02 00 00 20 04 02 00 00 20 0A 02 00 00 00 10 02 01 00 00 20 02 01 00 01 10 F0 D5 56 98 83 8E 08 15 8F 01 3B 87 D4 9A 8C D7 C4 82 16 C2 0B 9E F6 00 00 00 00 00 00 00 00 00 00 00 00 00 00 00 00 00 00 00 00 00 00 00 00 00 00 00 00 00 00 00 00 00 00 00 00 00 00 00 00 00 00 00 00 00 00 00 00 00 00 00 00 00 00 00 00 00 00 00 00 00 00 00 00 00 00 00 00 00 00 00 00 00 00 00 00 00 00 00 00 00 00 00 00 00 00 00 00 00 00 00 00 00 00 00 00 00 00 00 00 00 00 00 00 00 00 00 00 00 00 00 00 00 00 00 00 00 00 00 00 00 00 00 00 81 A4 E4 97 7E
[407406][00:01:48.762]7E FF 02 FF D4 6D 16 04 69 05 A2 01 07 00 45 8E 00 FD 03 14 01 01 00 01 69 7F 94 01 60 00 03 27 16 EB C4 00 89 5C 4C 10 00 12 01 03 12 B0 30 74 88 FF 00 00 33 00 00 11 03 00 00 01 02 83 06 D0 1E 28 0A FE FE FE FE 68 62 00 43 05 84 42 54 06 00 30 10 5B 7A 10 00 3E 05 03 38 50 02 02 00 01 20 21 02 00 1C 07 EA 06 1D 0B 00 00 08 00 20 21 02 00 00 20 01 04 00 00 20 00 02 00 00 20 01 02 00 00 20 04 02 00 00 20 0A 02 00 00 00 10 02 01 00 00 20 02 01 00 01 10 F0 D5 56 98 83 8E 08 15 8F 01 3B 87 D4 9A 8C D7 C4 82 16 C2 0B 9E F6 00 00 00 00 00 00 00 00 00 00 00 00 00 00 00 00 00 00 00 00 00 00 00 00 00 00 00 00 00 00 00 00 00 00 00 00 00 00 00 00 00 00 00 00 00 00 00 00 00 00 00 00 00 00 00 00 00 00 00 00 00 00 00 00 00 00 00 00 00 00 00 00 00 00 00 00 00 00 00 00 00 00 00 00 00 00 00 00 00 00 00 00 00 00 00 00 00 00 00 00 00 00 00 00 00 00 00 00 00 00 00 00 00 00 00 00 00 00 00 00 00 00 00 00 6E 97 E0 7C 7E
[407407][00:01:49.076]7E FF 02 FF D5 6D 72 05 69 05 41 03 95 EF C9 8E 00 FD 03 10 00 01 00 03 69 7F 94 F0 0C 65 02 00 00 00 10 02 DC FA 3F B0 E5 2E 2C 7E
[407408][00:01:50.185]7E FF 02 FF D6 6D 93 09 69 05 49 03 DC 21 5D 90 00 FD 03 15 02 01 00 00 69 7F 94 DC 21 5D 90 01 90 E8 02 00 9D 4F E1 CA 33 20 00 00 12 74 72 FF 06 00 00 10 02 00 00 00 00 00 00 05 00 0F 01 00 00 64 20 00 00 12 74 72 04 00 00 01 0A D0 02 7C 02 30 00 39 00 06 0A EA C3 D5 31 85 BE B3 8F C0 D5 00 59 33 00 41 24 32 00 00 00 00 8C FB 5B 90 FA 39 00 00 24 00 0E 50 15 50 1C 50 31 50 0C 50 04 50 87 50 8A 50 93 51 34 50 36 50 08 50 40 51 D8 50 62 50 3E 50 1A 50 06 50 BA 51 5D 50 29 50 39 51 75 50 7C 51 BC 50 D8 51 5B 50 D9 50 9D 50 80 50 2E 50 05 50 44 51 35 50 42 51 68 51 F8 51 2D 50 34 51 E1 50 0A 51 EE 50 53 50 68 50 29 51 2D 51 DF 50 6C 51 26 51 FE 51 11 51 CF 50 1A 51 F2 50 86 50 82 50 FA 51 16 51 CA 50 AC 50 72 51 14 51 A2 50 A2 30 12 51 A3 40 26 40 33 40 83 40 6E 40 57 41 81 40 4E 40 E6 40 48 41 0C 41 70 40 33 41 F1 40 AB 40 17 41 09 40 1B 40 B8 40 6B 40 2A 41 E5 40 6D 40 46 81 7C 15 00 01 C4 09 00 02 AC 0D 00 03 03 04 9A 05 9A 05 68 41 2E 41 01 41 60 40 0B 40 2A 40 25 40 28 40 9A 40 26 40 19 40 FD 40 47 41 70 40 42 41 03 40 4F 41 A5 40 E6 40 21 40 50 40 37 41 32 40 E8 40 4B 81 94 11 00 01 C4 09 00 02 B8 0B 00 03 03 04 9A 05 03 04 9A 05 9A 05 9A 05 F1 81 88 13 00 01 D0 07 00 02 C4 09 00 03 03 04 9A 05 CF 41 D0 41 27 41 C1 40 D1 41 D2 41 31 41 BD 41 D3 41 26 40 D4 41 D5 41 C9 41 68 41 EE 40 4C 40 20 40 32 41 2C 40 F0 80 88 13 00 01 E8 03 00 02 C4 09 00 03 03 04 9A 05 00 00 00 00 00 00 00 00 00 00 00 00 00 00 00 00 00 00 00 00 00 00 00 00 00 00 00 00 00 00 00 00 00 00 00 00 00 00 00 00 00 00 00 00 00 00 00 00 00 00 00 00 00 00 00 00 00 00 00 00 00 00 00 00 00 00 00 00 00 00 00 00 00 00 00 00 00 00 00 00 00 00 00 00 00 00 00 00 00 00 51 FC 9D 68 46 27 83 E9 7E
[407409][00:01:50.244]7E FF 02 FF D7 6D 97 09 69 05 AF 01 F5 7E 5D 90 01 22 0D 15 02 01 00 00 69 7F 94 4B 7D 5D 90 01 20 05 00 00 BA C2 13 CA 33 20 00 00 12 74 72 FF 06 00 00 10 02 00 00 00 00 00 00 05 00 0F 01 00 00 64 20 00 00 12 74 72 04 00 00 01 0A D0 02 7C 02 30 00 39 00 06 0A EA C3 D5 31 85 BE B3 8F C0 D5 00 59 33 00 41 24 32 00 00 00 00 8C FB 5B 90 FA 39 00 00 24 00 0E 50 15 50 1C 50 31 50 0C 50 04 50 87 50 8A 50 93 51 34 50 36 50 08 50 40 51 D8 50 62 50 3E 50 1A 50 06 50 BA 51 5D 50 29 50 39 51 75 50 7C 51 BC 50 D8 51 5B 50 D9 50 9D 50 80 50 2E 50 05 50 44 51 35 50 42 51 68 51 F8 51 2D 50 34 51 E1 50 0A 51 EE 50 53 50 68 50 29 51 2D 51 DF 50 6C 51 26 51 FE 51 11 51 CF 50 1A 51 F2 50 86 50 82 50 FA 51 16 51 CA 50 AC 50 72 51 14 51 A2 50 A2 30 12 51 A3 40 26 40 33 40 83 40 6E 40 57 41 81 40 4E 40 E6 40 48 41 0C 41 70 40 33 41 F1 40 AB 40 17 41 09 40 1B 40 B8 40 6B 40 2A 41 E5 40 6D 40 46 81 7C 15 00 01 C4 09 00 02 AC 0D 00 03 03 04 9A 05 9A 05 68 41 2E 41 01 41 60 40 0B 40 2A 40 25 40 28 40 9A 40 26 40 19 40 FD 40 47 41 70 40 42 41 03 40 4F 41 A5 40 E6 40 21 40 50 40 37 41 32 40 E8 40 4B 81 94 11 00 01 C4 09 00 02 B8 0B 00 03 03 04 9A 05 03 04 9A 05 9A 05 9A 05 F1 81 88 13 00 01 D0 07 00 02 C4 09 00 03 03 04 9A 05 CF 41 D0 41 27 41 C1 40 D1 41 D2 41 31 41 BD 41 D3 41 26 40 D4 41 D5 41 C9 41 68 41 EE 40 4C 40 20 40 32 41 2C 40 F0 80 88 13 00 01 E8 03 00 02 C4 09 00 03 03 04 9A 05 00 00 00 00 00 00 00 00 00 00 00 00 00 00 00 00 00 00 00 00 00 00 00 00 00 00 00 00 00 00 00 00 00 00 00 00 00 00 00 00 00 00 00 00 00 00 00 00 00 00 00 00 00 00 00 00 00 00 00 00 00 00 00 00 00 00 00 00 00 00 00 00 00 00 00 00 00 00 00 00 00 00 00 00 00 00 00 00 00 00 51 FC 9D 68 0F A9 8B D2 7E
[407410][00:01:50.289]7E FF 02 FF D8 6D B7 09 69 05 03 00 DE 89 6A 90 00 FF 03 15 02 01 00 00 69 7F 94 DA 89 6A 90 01 90 E8 04 00 9B 27 D0 CA 33 20 00 00 12 74 72 FF 06 00 00 10 02 00 00 00 00 00 00 05 00 0F 01 00 00 64 20 00 00 12 74 72 04 00 00 01 0A D0 02 7C 02 30 00 39 00 06 0A EA C3 D5 31 85 BE B3 8F C0 D5 00 59 33 00 41 24 32 00 00 00 00 8C FB 5B 90 FA 39 00 00 24 00 0E 50 15 50 1C 50 31 50 0C 50 04 50 87 50 8A 50 93 51 34 50 36 50 08 50 40 51 D8 50 62 50 3E 50 1A 50 06 50 BA 51 5D 50 29 50 39 51 75 50 7C 51 BC 50 D8 51 5B 50 D9 50 9D 50 80 50 2E 50 05 50 44 51 35 50 42 51 68 51 F8 51 2D 50 34 51 E1 50 0A 51 EE 50 53 50 68 50 29 51 2D 51 DF 50 6C 51 26 51 FE 51 11 51 CF 50 1A 51 F2 50 86 50 82 50 FA 51 16 51 CA 50 AC 50 72 51 14 51 A2 50 A2 30 12 51 A3 40 26 40 33 40 83 40 6E 40 57 41 81 40 4E 40 E6 40 48 41 0C 41 70 40 33 41 F1 40 AB 40 17 41 09 40 1B 40 B8 40 6B 40 2A 41 E5 40 6D 40 46 81 7C 15 00 01 C4 09 00 02 AC 0D 00 03 03 04 9A 05 9A 05 68 41 2E 41 01 41 60 40 0B 40 2A 40 25 40 28 40 9A 40 26 40 19 40 FD 40 47 41 70 40 42 41 03 40 4F 41 A5 40 E6 40 21 40 50 40 37 41 32 40 E8 40 4B 81 94 11 00 01 C4 09 00 02 B8 0B 00 03 03 04 9A 05 03 04 9A 05 9A 05 9A 05 F1 81 88 13 00 01 D0 07 00 02 C4 09 00 03 03 04 9A 05 CF 41 D0 41 27 41 C1 40 D1 41 D2 41 31 41 BD 41 D3 41 26 40 D4 41 D5 41 C9 41 68 41 EE 40 4C 40 20 40 32 41 2C 40 F0 80 88 13 00 01 E8 03 00 02 C4 09 00 03 03 04 9A 05 00 00 00 00 00 00 00 00 00 00 00 00 00 00 00 00 00 00 00 00 00 00 00 00 00 00 00 00 00 00 00 00 00 00 00 00 00 00 00 00 00 00 00 00 00 00 00 00 00 00 00 00 00 00 00 00 00 00 00 00 00 00 00 00 00 00 00 00 00 00 00 00 00 00 00 00 00 00 00 00 00 00 00 00 00 00 00 00 00 00 51 FC 9D 68 E9 B7 A0 85 7E
[407411][00:01:50.334]7E FF 02 FF D9 6D DA 09 69 05 51 03 E9 36 78 90 00 FF 03 15 02 01 00 00 69 7F 94 E9 36 78 90 01 90 E8 06 00 69 DC 54 CA 33 20 00 00 12 74 72 FF 06 00 00 10 02 00 00 00 00 00 00 05 00 0F 01 00 00 64 20 00 00 12 74 72 04 00 00 01 0A D0 02 7C 02 30 00 39 00 06 0A EA C3 D5 31 85 BE B3 8F C0 D5 00 59 33 00 41 24 32 00 00 00 00 8C FB 5B 90 FA 39 00 00 24 00 0E 50 15 50 1C 50 31 50 0C 50 04 50 87 50 8A 50 93 51 34 50 36 50 08 50 40 51 D8 50 62 50 3E 50 1A 50 06 50 BA 51 5D 50 29 50 39 51 75 50 7C 51 BC 50 D8 51 5B 50 D9 50 9D 50 80 50 2E 50 05 50 44 51 35 50 42 51 68 51 F8 51 2D 50 34 51 E1 50 0A 51 EE 50 53 50 68 50 29 51 2D 51 DF 50 6C 51 26 51 FE 51 11 51 CF 50 1A 51 F2 50 86 50 82 50 FA 51 16 51 CA 50 AC 50 72 51 14 51 A2 50 A2 30 12 51 A3 40 26 40 33 40 83 40 6E 40 57 41 81 40 4E 40 E6 40 48 41 0C 41 70 40 33 41 F1 40 AB 40 17 41 09 40 1B 40 B8 40 6B 40 2A 41 E5 40 6D 40 46 81 7C 15 00 01 C4 09 00 02 AC 0D 00 03 03 04 9A 05 9A 05 68 41 2E 41 01 41 60 40 0B 40 2A 40 25 40 28 40 9A 40 26 40 19 40 FD 40 47 41 70 40 42 41 03 40 4F 41 A5 40 E6 40 21 40 50 40 37 41 32 40 E8 40 4B 81 94 11 00 01 C4 09 00 02 B8 0B 00 03 03 04 9A 05 03 04 9A 05 9A 05 9A 05 F1 81 88 13 00 01 D0 07 00 02 C4 09 00 03 03 04 9A 05 CF 41 D0 41 27 41 C1 40 D1 41 D2 41 31 41 BD 41 D3 41 26 40 D4 41 D5 41 C9 41 68 41 EE 40 4C 40 20 40 32 41 2C 40 F0 80 88 13 00 01 E8 03 00 02 C4 09 00 03 03 04 9A 05 00 00 00 00 00 00 00 00 00 00 00 00 00 00 00 00 00 00 00 00 00 00 00 00 00 00 00 00 00 00 00 00 00 00 00 00 00 00 00 00 00 00 00 00 00 00 00 00 00 00 00 00 00 00 00 00 00 00 00 00 00 00 00 00 00 00 00 00 00 00 00 00 00 00 00 00 00 00 00 00 00 00 00 00 00 00 00 00 00 00 51 FC 9D 68 F4 95 D3 25 7E
[407412][00:01:50.379]7E FF 02 FF DA 6D 21 0A 69 05 7D 01 72 1E 93 90 00 38 01 15 02 01 00 00 69 7F 94 0C 1E 93 90 15 90 E8 06 00 DA 78 0F C9 33 20 00 00 12 74 72 FF 06 00 00 10 02 00 00 00 00 00 00 05 00 0F 15 10 00 64 30 00 09 80 95 26 12 00 03 01 0A D0 02 7C 02 30 00 39 00 06 0A EA C3 D5 31 85 BE B3 8F C0 D5 00 59 33 00 41 24 32 00 00 00 00 8C FB 5B 90 FA 39 00 00 24 00 0E 50 15 50 1C 50 31 50 0C 50 04 50 87 50 8A 50 93 51 34 50 36 50 08 50 40 51 D8 50 62 50 3E 50 1A 50 06 50 BA 51 5D 50 29 50 39 51 75 50 7C 51 BC 50 D8 51 5B 50 D9 50 9D 50 80 50 2E 50 05 50 44 51 35 50 42 51 68 51 F8 51 2D 50 34 51 E1 50 0A 51 EE 50 53 50 68 50 29 51 2D 51 DF 50 6C 51 26 51 FE 51 11 51 CF 50 1A 51 F2 50 86 50 82 50 FA 51 16 51 CA 50 AC 50 72 51 14 51 A2 50 A2 30 12 51 A3 40 26 40 33 40 83 40 6E 40 57 41 81 40 4E 40 E6 40 48 41 0C 41 70 40 33 41 F1 40 AB 40 17 41 09 40 1B 40 B8 40 6B 40 2A 41 E5 40 6D 40 46 81 7C 15 00 01 C4 09 00 02 AC 0D 00 03 03 04 9A 05 9A 05 68 41 2E 41 01 41 60 40 0B 40 2A 40 25 40 28 40 9A 40 26 40 19 40 FD 40 47 41 70 40 42 41 03 40 4F 41 A5 40 E6 40 21 40 50 40 37 41 32 40 E8 40 4B 81 94 11 00 01 C4 09 00 02 B8 0B 00 03 03 04 9A 05 03 04 9A 05 9A 05 9A 05 F1 81 88 13 00 01 D0 07 00 02 C4 09 00 03 03 04 9A 05 CF 41 D0 41 27 41 C1 40 D1 41 D2 41 31 41 BD 41 D3 41 26 40 D4 41 D5 41 C9 41 68 41 EE 40 4C 40 20 40 32 41 2C 40 F0 80 88 13 00 01 E8 03 00 02 C4 09 00 03 03 04 9A 05 00 00 00 00 00 00 00 00 00 00 00 00 00 00 00 00 00 00 00 00 00 00 00 00 00 00 00 00 00 00 00 00 00 00 00 00 00 00 00 00 00 00 00 00 00 00 00 00 00 00 00 00 00 00 00 00 00 00 00 00 00 00 00 00 00 00 00 00 00 00 00 00 00 00 00 00 00 00 00 00 00 00 00 00 00 00 00 00 00 00 FF 45 4F 77 65 62 AF 48 7E
[407413][00:01:50.440]7E FF 02 FF DB 6D 2F 0A 69 05 79 01 CE 76 98 90 00 39 01 15 02 01 00 00 69 7F 94 68 76 98 90 15 90 E8 06 00 82 76 B5 C9 33 20 00 00 12 74 72 FF 06 00 00 10 02 00 00 00 00 00 00 05 00 0F 15 10 00 64 30 00 09 80 95 26 12 00 03 01 0A D0 02 7C 02 30 00 39 00 06 0A EA C3 D5 31 85 BE B3 8F C0 D5 00 59 33 00 41 24 32 00 00 00 00 8C FB 5B 90 FA 39 00 00 24 00 0E 50 15 50 1C 50 31 50 0C 50 04 50 87 50 8A 50 93 51 34 50 36 50 08 50 40 51 D8 50 62 50 3E 50 1A 50 06 50 BA 51 5D 50 29 50 39 51 75 50 7C 51 BC 50 D8 51 5B 50 D9 50 9D 50 80 50 2E 50 05 50 44 51 35 50 42 51 68 51 F8 51 2D 50 34 51 E1 50 0A 51 EE 50 53 50 68 50 29 51 2D 51 DF 50 6C 51 26 51 FE 51 11 51 CF 50 1A 51 F2 50 86 50 82 50 FA 51 16 51 CA 50 AC 50 72 51 14 51 A2 50 A2 30 12 51 A3 40 26 40 33 40 83 40 6E 40 57 41 81 40 4E 40 E6 40 48 41 0C 41 70 40 33 41 F1 40 AB 40 17 41 09 40 1B 40 B8 40 6B 40 2A 41 E5 40 6D 40 46 81 7C 15 00 01 C4 09 00 02 AC 0D 00 03 03 04 9A 05 9A 05 68 41 2E 41 01 41 60 40 0B 40 2A 40 25 40 28 40 9A 40 26 40 19 40 FD 40 47 41 70 40 42 41 03 40 4F 41 A5 40 E6 40 21 40 50 40 37 41 32 40 E8 40 4B 81 94 11 00 01 C4 09 00 02 B8 0B 00 03 03 04 9A 05 03 04 9A 05 9A 05 9A 05 F1 81 88 13 00 01 D0 07 00 02 C4 09 00 03 03 04 9A 05 CF 41 D0 41 27 41 C1 40 D1 41 D2 41 31 41 BD 41 D3 41 26 40 D4 41 D5 41 C9 41 68 41 EE 40 4C 40 20 40 32 41 2C 40 F0 80 88 13 00 01 E8 03 00 02 C4 09 00 03 03 04 9A 05 00 00 00 00 00 00 00 00 00 00 00 00 00 00 00 00 00 00 00 00 00 00 00 00 00 00 00 00 00 00 00 00 00 00 00 00 00 00 00 00 00 00 00 00 00 00 00 00 00 00 00 00 00 00 00 00 00 00 00 00 00 00 00 00 00 00 00 00 00 00 00 00 00 00 00 00 00 00 00 00 00 00 00 00 00 00 00 00 00 00 FF 45 4F 77 CA 2F 93 FA 7E
[407414][00:01:50.485]7E FF 02 FF DC 6D 45 0A 69 05 7A 01 11 DA A0 90 00 39 01 15 02 01 00 00 69 7F 94 AC D9 A0 90 1C 90 E8 06 00 9A B7 F0 C9 33 20 00 00 12 74 72 FF 06 00 00 10 02 00 00 00 00 00 00 05 00 0F 1C 10 00 64 30 00 09 80 93 77 12 00 03 01 0A D0 02 7C 02 30 00 39 00 06 0A EA C3 D5 31 85 BE B3 8F C0 D5 00 59 33 00 41 24 32 00 00 00 00 8C FB 5B 90 FA 39 00 00 24 00 0E 50 15 50 1C 50 31 50 0C 50 04 50 87 50 8A 50 93 51 34 50 36 50 08 50 40 51 D8 50 62 50 3E 50 1A 50 06 50 BA 51 5D 50 29 50 39 51 75 50 7C 51 BC 50 D8 51 5B 50 D9 50 9D 50 80 50 2E 50 05 50 44 51 35 50 42 51 68 51 F8 51 2D 50 34 51 E1 50 0A 51 EE 50 53 50 68 50 29 51 2D 51 DF 50 6C 51 26 51 FE 51 11 51 CF 50 1A 51 F2 50 86 50 82 50 FA 51 16 51 CA 50 AC 50 72 51 14 51 A2 50 A2 30 12 51 A3 40 26 40 33 40 83 40 6E 40 57 41 81 40 4E 40 E6 40 48 41 0C 41 70 40 33 41 F1 40 AB 40 17 41 09 40 1B 40 B8 40 6B 40 2A 41 E5 40 6D 40 46 81 7C 15 00 01 C4 09 00 02 AC 0D 00 03 03 04 9A 05 9A 05 68 41 2E 41 01 41 60 40 0B 40 2A 40 25 40 28 40 9A 40 26 40 19 40 FD 40 47 41 70 40 42 41 03 40 4F 41 A5 40 E6 40 21 40 50 40 37 41 32 40 E8 40 4B 81 94 11 00 01 C4 09 00 02 B8 0B 00 03 03 04 9A 05 03 04 9A 05 9A 05 9A 05 F1 81 88 13 00 01 D0 07 00 02 C4 09 00 03 03 04 9A 05 CF 41 D0 41 27 41 C1 40 D1 41 D2 41 31 41 BD 41 D3 41 26 40 D4 41 D5 41 C9 41 68 41 EE 40 4C 40 20 40 32 41 2C 40 F0 80 88 13 00 01 E8 03 00 02 C4 09 00 03 03 04 9A 05 00 00 00 00 00 00 00 00 00 00 00 00 00 00 00 00 00 00 00 00 00 00 00 00 00 00 00 00 00 00 00 00 00 00 00 00 00 00 00 00 00 00 00 00 00 00 00 00 00 00 00 00 00 00 00 00 00 00 00 00 00 00 00 00 00 00 00 00 00 00 00 00 00 00 00 00 00 00 00 00 00 00 00 00 00 00 00 00 00 00 F6 03 6C D9 95 52 A6 1F 7E
[407415][00:01:50.530]7E FF 02 FF DD 6D 53 0A 69 05 7B 01 71 32 A6 90 00 39 01 15 02 01 00 00 69 7F 94 08 32 A6 90 1C 90 E8 06 00 96 87 16 C9 33 20 00 00 12 74 72 FF 06 00 00 10 02 00 00 00 00 00 00 05 00 0F 1C 10 00 64 30 00 09 80 93 77 12 00 03 01 0A D0 02 7C 02 30 00 39 00 06 0A EA C3 D5 31 85 BE B3 8F C0 D5 00 59 33 00 41 24 32 00 00 00 00 8C FB 5B 90 FA 39 00 00 24 00 0E 50 15 50 1C 50 31 50 0C 50 04 50 87 50 8A 50 93 51 34 50 36 50 08 50 40 51 D8 50 62 50 3E 50 1A 50 06 50 BA 51 5D 50 29 50 39 51 75 50 7C 51 BC 50 D8 51 5B 50 D9 50 9D 50 80 50 2E 50 05 50 44 51 35 50 42 51 68 51 F8 51 2D 50 34 51 E1 50 0A 51 EE 50 53 50 68 50 29 51 2D 51 DF 50 6C 51 26 51 FE 51 11 51 CF 50 1A 51 F2 50 86 50 82 50 FA 51 16 51 CA 50 AC 50 72 51 14 51 A2 50 A2 30 12 51 A3 40 26 40 33 40 83 40 6E 40 57 41 81 40 4E 40 E6 40 48 41 0C 41 70 40 33 41 F1 40 AB 40 17 41 09 40 1B 40 B8 40 6B 40 2A 41 E5 40 6D 40 46 81 7C 15 00 01 C4 09 00 02 AC 0D 00 03 03 04 9A 05 9A 05 68 41 2E 41 01 41 60 40 0B 40 2A 40 25 40 28 40 9A 40 26 40 19 40 FD 40 47 41 70 40 42 41 03 40 4F 41 A5 40 E6 40 21 40 50 40 37 41 32 40 E8 40 4B 81 94 11 00 01 C4 09 00 02 B8 0B 00 03 03 04 9A 05 03 04 9A 05 9A 05 9A 05 F1 81 88 13 00 01 D0 07 00 02 C4 09 00 03 03 04 9A 05 CF 41 D0 41 27 41 C1 40 D1 41 D2 41 31 41 BD 41 D3 41 26 40 D4 41 D5 41 C9 41 68 41 EE 40 4C 40 20 40 32 41 2C 40 F0 80 88 13 00 01 E8 03 00 02 C4 09 00 03 03 04 9A 05 00 00 00 00 00 00 00 00 00 00 00 00 00 00 00 00 00 00 00 00 00 00 00 00 00 00 00 00 00 00 00 00 00 00 00 00 00 00 00 00 00 00 00 00 00 00 00 00 00 00 00 00 00 00 00 00 00 00 00 00 00 00 00 00 00 00 00 00 00 00 00 00 00 00 00 00 00 00 00 00 00 00 00 00 00 00 00 00 00 00 F6 03 6C D9 86 3D 0E 99 7E
[407416][00:01:50.589]7E FF 02 FF DE 6D D5 0A 69 05 D2 00 7F B8 D7 90 00 29 03 15 02 01 00 00 69 7F 94 D4 BA D7 90 87 90 E8 06 00 81 AA FB C9 33 20 00 00 12 74 72 FF 06 00 00 10 02 00 00 00 00 00 00 05 00 0F 87 10 00 4D 70 00 00 68 35 16 12 00 03 01 0A D0 02 7C 02 30 00 39 00 06 0A EA C3 D5 31 85 BE B3 8F C0 D5 00 59 33 00 41 24 32 00 00 00 00 8C FB 5B 90 FA 39 00 00 24 00 0E 50 15 50 1C 50 31 50 0C 50 04 50 87 50 8A 50 93 51 34 50 36 50 08 50 40 51 D8 50 62 50 3E 50 1A 50 06 50 BA 51 5D 50 29 50 39 51 75 50 7C 51 BC 50 D8 51 5B 50 D9 50 9D 50 80 50 2E 50 05 50 44 51 35 50 42 51 68 51 F8 51 2D 50 34 51 E1 50 0A 51 EE 50 53 50 68 50 29 51 2D 51 DF 50 6C 51 26 51 FE 51 11 51 CF 50 1A 51 F2 50 86 50 82 50 FA 51 16 51 CA 50 AC 50 72 51 14 51 A2 50 A2 30 12 51 A3 40 26 40 33 40 83 40 6E 40 57 41 81 40 4E 40 E6 40 48 41 0C 41 70 40 33 41 F1 40 AB 40 17 41 09 40 1B 40 B8 40 6B 40 2A 41 E5 40 6D 40 46 81 7C 15 00 01 C4 09 00 02 AC 0D 00 03 03 04 9A 05 00 00 00 00 00 00 00 00 00 00 00 00 00 00 00 00 00 00 00 00 00 00 00 00 00 00 00 00 00 00 00 00 00 00 00 00 00 00 00 00 00 00 00 00 00 00 00 00 00 00 00 00 00 00 00 00 00 00 00 00 00 00 00 00 00 00 00 00 00 00 00 00 00 00 00 00 00 00 00 00 00 00 00 00 00 00 00 00 00 00 00 00 00 00 00 00 00 00 00 00 00 00 00 00 00 00 00 00 00 00 00 00 00 00 00 00 00 00 00 00 00 00 00 00 00 00 00 00 00 00 00 00 00 00 00 00 00 00 00 00 00 00 00 00 00 00 00 00 00 00 00 00 00 00 00 00 00 00 00 00 00 00 00 00 00 00 00 00 00 00 00 00 00 00 00 00 00 00 00 00 00 00 00 00 00 00 00 00 00 00 00 00 00 00 00 00 00 00 00 00 00 00 00 00 00 00 00 00 00 00 00 00 00 00 00 00 00 00 00 00 00 00 00 00 00 00 00 00 00 00 00 00 00 00 00 00 00 00 00 00 2E 6A 4C C0 9A 58 90 5C 7E
[407417][00:01:50.649]7E FF 02 FF DF 6D 65 0B 69 05 73 01 10 B7 0E 91 00 36 01 15 02 01 00 00 69 7F 94 AC B6 0E 91 36 90 E8 06 00 8F 3C E4 C9 33 20 00 00 12 74 72 FF 06 00 00 10 02 00 00 00 00 00 00 05 00 0F 36 10 00 64 30 00 09 79 78 92 12 00 03 01 0A D0 02 7C 02 30 00 39 00 06 0A EA C3 D5 31 85 BE B3 8F C0 D5 00 59 33 00 41 24 32 00 00 00 00 8C FB 5B 90 FA 39 00 00 24 00 0E 50 15 50 1C 50 31 50 0C 50 04 50 87 50 8A 50 93 51 34 50 36 50 08 50 40 51 D8 50 62 50 3E 50 1A 50 06 50 BA 51 5D 50 29 50 39 51 75 50 7C 51 BC 50 D8 51 5B 50 D9 50 9D 50 80 50 2E 50 05 50 44 51 35 50 42 51 68 51 F8 51 2D 50 34 51 E1 50 0A 51 EE 50 53 50 68 50 29 51 2D 51 DF 50 6C 51 26 51 FE 51 11 51 CF 50 1A 51 F2 50 86 50 82 50 FA 51 16 51 CA 50 AC 50 72 51 14 51 A2 50 A2 30 12 51 A3 40 26 40 33 40 83 40 6E 40 57 41 81 40 4E 40 E6 40 48 41 0C 41 70 40 33 41 F1 40 AB 40 17 41 09 40 1B 40 B8 40 6B 40 2A 41 E5 40 6D 40 46 81 7C 15 00 01 C4 09 00 02 AC 0D 00 03 03 04 9A 05 9A 05 68 41 2E 41 01 41 60 40 0B 40 2A 40 25 40 28 40 9A 40 26 40 19 40 FD 40 47 41 70 40 42 41 03 40 4F 41 A5 40 E6 40 21 40 50 40 37 41 32 40 E8 40 4B 81 94 11 00 01 C4 09 00 02 B8 0B 00 03 03 04 9A 05 03 04 9A 05 9A 05 9A 05 F1 81 88 13 00 01 D0 07 00 02 C4 09 00 03 03 04 9A 05 CF 41 D0 41 27 41 C1 40 D1 41 D2 41 31 41 BD 41 D3 41 26 40 D4 41 D5 41 C9 41 68 41 EE 40 4C 40 20 40 32 41 2C 40 F0 80 88 13 00 01 E8 03 00 02 C4 09 00 03 03 04 9A 05 00 00 00 00 00 00 00 00 00 00 00 00 00 00 00 00 00 00 00 00 00 00 00 00 00 00 00 00 00 00 00 00 00 00 00 00 00 00 00 00 00 00 00 00 00 00 00 00 00 00 00 00 00 00 00 00 00 00 00 00 00 00 00 00 00 00 00 00 00 00 00 00 00 00 00 00 00 00 00 00 00 00 00 00 00 00 00 00 00 00 4E B5 44 07 96 54 22 ED 7E
[407418][00:01:50.799]7E FF 02 FF E0 6D F5 0B 69 05 5E 01 BB A5 45 91 00 34 00 15 02 01 00 00 69 7F 94 2C A5 45 91 62 90 E8 04 00 2B 10 A3 C9 33 20 00 00 12 74 72 FF 06 00 00 10 02 00 00 00 00 00 00 05 00 0F 62 10 00 64 30 00 09 81 09 37 12 00 02 01 0A D0 02 7C 02 30 00 39 00 06 0A EA C3 D5 31 85 BE B3 8F C0 D5 00 59 33 00 41 24 32 00 00 00 00 8C FB 5B 90 FA 39 00 00 24 00 0E 50 15 50 1C 50 31 50 0C 50 04 50 87 50 8A 50 93 51 34 50 36 50 08 50 40 51 D8 50 62 50 3E 50 1A 50 06 50 BA 51 5D 50 29 50 39 51 75 50 7C 51 BC 50 D8 51 5B 50 D9 50 9D 50 80 50 2E 50 05 50 44 51 35 50 42 51 68 51 F8 51 2D 50 34 51 E1 50 0A 51 EE 50 53 50 68 50 29 51 2D 51 DF 50 6C 51 26 51 FE 51 11 51 CF 50 1A 51 F2 50 86 50 82 50 FA 51 16 51 CA 50 AC 50 72 51 14 51 A2 50 A2 30 12 51 A3 40 26 40 33 40 83 40 6E 40 57 41 81 40 4E 40 E6 40 48 41 0C 41 70 40 33 41 F1 40 AB 40 17 41 09 40 1B 40 B8 40 6B 40 2A 41 E5 40 6D 40 46 81 7C 15 00 01 C4 09 00 02 AC 0D 00 03 03 04 9A 05 9A 05 68 41 2E 41 01 41 60 40 0B 40 2A 40 25 40 28 40 9A 40 26 40 19 40 FD 40 47 41 70 40 42 41 03 40 4F 41 A5 40 E6 40 21 40 50 40 37 41 32 40 E8 40 4B 81 94 11 00 01 C4 09 00 02 B8 0B 00 03 03 04 9A 05 03 04 9A 05 9A 05 9A 05 F1 81 88 13 00 01 D0 07 00 02 C4 09 00 03 03 04 9A 05 CF 41 D0 41 27 41 C1 40 D1 41 D2 41 31 41 BD 41 D3 41 26 40 D4 41 D5 41 C9 41 68 41 EE 40 4C 40 20 40 32 41 2C 40 F0 80 88 13 00 01 E8 03 00 02 C4 09 00 03 03 04 9A 05 00 00 00 00 00 00 00 00 00 00 00 00 00 00 00 00 00 00 00 00 00 00 00 00 00 00 00 00 00 00 00 00 00 00 00 00 00 00 00 00 00 00 00 00 00 00 00 00 00 00 00 00 00 00 00 00 00 00 00 00 00 00 00 00 00 00 00 00 00 00 00 00 00 00 00 00 00 00 00 00 00 00 00 00 00 00 00 00 00 00 7C E1 B2 C0 6A 6D 3F 88 7E
[407419][00:01:50.874]7E FF 02 FF E2 6D 19 0C 69 05 7A 01 66 61 53 91 00 36 01 15 02 01 00 00 69 7F 94 CC 60 53 91 3E 90 E8 04 00 04 0C FC C9 33 20 00 00 12 74 72 FF 06 00 00 10 02 00 00 00 00 00 00 05 00 0F 3E 10 00 64 30 00 09 80 94 75 12 00 02 01 0A D0 02 7C 02 30 00 39 00 06 0A EA C3 D5 31 85 BE B3 8F C0 D5 00 59 33 00 41 24 32 00 00 00 00 8C FB 5B 90 FA 39 00 00 24 00 0E 50 15 50 1C 50 31 50 0C 50 04 50 87 50 8A 50 93 51 34 50 36 50 08 50 40 51 D8 50 62 50 3E 50 1A 50 06 50 BA 51 5D 50 29 50 39 51 75 50 7C 51 BC 50 D8 51 5B 50 D9 50 9D 50 80 50 2E 50 05 50 44 51 35 50 42 51 68 51 F8 51 2D 50 34 51 E1 50 0A 51 EE 50 53 50 68 50 29 51 2D 51 DF 50 6C 51 26 51 FE 51 11 51 CF 50 1A 51 F2 50 86 50 82 50 FA 51 16 51 CA 50 AC 50 72 51 14 51 A2 50 A2 30 12 51 A3 40 26 40 33 40 83 40 6E 40 57 41 81 40 4E 40 E6 40 48 41 0C 41 70 40 33 41 F1 40 AB 40 17 41 09 40 1B 40 B8 40 6B 40 2A 41 E5 40 6D 40 46 81 7C 15 00 01 C4 09 00 02 AC 0D 00 03 03 04 9A 05 9A 05 68 41 2E 41 01 41 60 40 0B 40 2A 40 25 40 28 40 9A 40 26 40 19 40 FD 40 47 41 70 40 42 41 03 40 4F 41 A5 40 E6 40 21 40 50 40 37 41 32 40 E8 40 4B 81 94 11 00 01 C4 09 00 02 B8 0B 00 03 03 04 9A 05 03 04 9A 05 9A 05 9A 05 F1 81 88 13 00 01 D0 07 00 02 C4 09 00 03 03 04 9A 05 CF 41 D0 41 27 41 C1 40 D1 41 D2 41 31 41 BD 41 D3 41 26 40 D4 41 D5 41 C9 41 68 41 EE 40 4C 40 20 40 32 41 2C 40 F0 80 88 13 00 01 E8 03 00 02 C4 09 00 03 03 04 9A 05 00 00 00 00 00 00 00 00 00 00 00 00 00 00 00 00 00 00 00 00 00 00 00 00 00 00 00 00 00 00 00 00 00 00 00 00 00 00 00 00 00 00 00 00 00 00 00 00 00 00 00 00 00 00 00 00 00 00 00 00 00 00 00 00 00 00 00 00 00 00 00 00 00 00 00 00 00 00 00 00 00 00 00 00 00 00 00 00 00 00 03 40 42 15 94 49 91 8C 7E
[407420][00:01:50.919]7E FF 02 FF E3 6D 27 0C 69 05 7C 01 B5 B9 58 91 00 33 00 15 02 01 00 00 69 7F 94 28 B9 58 91 3E 90 E8 04 00 58 A5 56 C9 33 20 00 00 12 74 72 FF 06 00 00 10 02 00 00 00 00 00 00 05 00 0F 3E 10 00 64 30 00 09 80 94 75 12 00 02 01 0A D0 02 7C 02 30 00 39 00 06 0A EA C3 D5 31 85 BE B3 8F C0 D5 00 59 33 00 41 24 32 00 00 00 00 8C FB 5B 90 FA 39 00 00 24 00 0E 50 15 50 1C 50 31 50 0C 50 04 50 87 50 8A 50 93 51 34 50 36 50 08 50 40 51 D8 50 62 50 3E 50 1A 50 06 50 BA 51 5D 50 29 50 39 51 75 50 7C 51 BC 50 D8 51 5B 50 D9 50 9D 50 80 50 2E 50 05 50 44 51 35 50 42 51 68 51 F8 51 2D 50 34 51 E1 50 0A 51 EE 50 53 50 68 50 29 51 2D 51 DF 50 6C 51 26 51 FE 51 11 51 CF 50 1A 51 F2 50 86 50 82 50 FA 51 16 51 CA 50 AC 50 72 51 14 51 A2 50 A2 30 12 51 A3 40 26 40 33 40 83 40 6E 40 57 41 81 40 4E 40 E6 40 48 41 0C 41 70 40 33 41 F1 40 AB 40 17 41 09 40 1B 40 B8 40 6B 40 2A 41 E5 40 6D 40 46 81 7C 15 00 01 C4 09 00 02 AC 0D 00 03 03 04 9A 05 9A 05 68 41 2E 41 01 41 60 40 0B 40 2A 40 25 40 28 40 9A 40 26 40 19 40 FD 40 47 41 70 40 42 41 03 40 4F 41 A5 40 E6 40 21 40 50 40 37 41 32 40 E8 40 4B 81 94 11 00 01 C4 09 00 02 B8 0B 00 03 03 04 9A 05 03 04 9A 05 9A 05 9A 05 F1 81 88 13 00 01 D0 07 00 02 C4 09 00 03 03 04 9A 05 CF 41 D0 41 27 41 C1 40 D1 41 D2 41 31 41 BD 41 D3 41 26 40 D4 41 D5 41 C9 41 68 41 EE 40 4C 40 20 40 32 41 2C 40 F0 80 88 13 00 01 E8 03 00 02 C4 09 00 03 03 04 9A 05 00 00 00 00 00 00 00 00 00 00 00 00 00 00 00 00 00 00 00 00 00 00 00 00 00 00 00 00 00 00 00 00 00 00 00 00 00 00 00 00 00 00 00 00 00 00 00 00 00 00 00 00 00 00 00 00 00 00 00 00 00 00 00 00 00 00 00 00 00 00 00 00 00 00 00 00 00 00 00 00 00 00 00 00 00 00 00 00 00 00 03 40 42 15 EE B7 0E 1C 7E
[407421][00:01:53.522]7E FF 02 FF E4 6D 96 16 69 05 5B 03 7D D0 53 95 00 36 01 14 02 01 00 01 69 7F 94 3E F0 FF 01 D4 17 E8 92 00 E5 70 96 E0 03 FF 2F 01 ED 8F 00 ED 20 11 08 00 33 00 00 30 00 09 80 94 75 FF FF FF FF FF FF 08 00 00 00 3E 10 00 12 30 00 09 80 94 75 20 00 00 12 74 72 02 00 64 64 8A 00 3E 01 7B 02 3D 00 00 00 00 00 01 30 92 B0 2C F5 01 02 52 BF BE 0D 06 C7 26 90 9E 8F 80 75 7B 69 01 04 09 04 00 00 01 12 00 00 00 00 A0 00 00 20 00 00 00 80 08 20 2E 22 3C 00 00 00 20 10 3E 79 4B 39 1C 53 E2 31 16 05 40 3E 39 0B 3D 0B 09 0C 0C 3A 0C 3B 3D 0D 0E 0D 01 27 3B 36 3C 0B 0E 0C 09 0B 0B 0A 0D 0C 0E 0A 04 0A 0F 0B 0A 08 03 0D 0D 09 0F 0D 0C 3E 0A 0B 0C 0D 0C 09 0A 07 0C 0A 04 0B 0C 3B 0F 3A 0D 09 01 0D 0A 0E 06 09 0A 0F 0C 3A 01 0A 0E 0E 02 05 0E 18 07 0E 0C 0C 0A 0C 0C 0B 09 0B 01 07 0C 0C 03 0C 09 0A 0A 0F 0D 3B 0F 0C 0A 08 0F 09 0E 0B 0B 0E 0B 0D 08 0C 0C 0D 0B 0D 0C 0A 09 06 0E 07 0B 06 0C 0A 0B 08 0B 04 33 0C 0C FF F6 DB 3D 00 00 00 00 00 00 00 00 00 00 00 00 00 00 00 00 00 00 00 00 00 00 00 00 00 00 00 00 00 00 00 00 00 00 00 00 00 00 00 00 00 00 00 00 00 00 00 00 00 00 00 00 00 00 00 00 00 00 00 00 00 00 00 00 00 00 00 00 00 00 00 00 00 00 00 00 00 00 00 00 00 00 00 00 00 00 00 00 00 00 00 00 00 00 00 00 00 00 00 00 00 00 00 00 00 00 00 00 00 00 00 00 00 00 00 00 00 00 00 00 00 00 00 00 00 00 00 00 00 00 00 00 00 00 00 00 00 00 00 00 00 00 00 00 00 00 00 00 00 00 00 00 00 00 00 00 00 00 00 00 00 00 00 00 00 00 00 00 00 00 00 00 00 00 00 00 00 00 00 00 00 00 00 00 00 00 00 00 00 00 00 00 00 00 00 00 00 00 00 00 00 00 00 00 00 00 00 00 00 00 00 00 00 00 00 00 00 00 00 00 00 00 00 00 00 00 00 00 00 00 00 00 00 00 00 00 00 00 00 00 00 00 00 00 00 00 00 D9 3F B6 FC 7E
[407422][00:01:53.568]7E FF 02 FF E5 6D A7 16 69 05 E4 02 09 40 5A 95 00 35 01 14 02 01 00 01 69 7F 94 62 F0 FF 01 D4 17 E8 92 00 B3 70 7E 20 06 FF 2F 01 10 87 00 EF 10 11 08 00 33 00 00 30 00 09 81 09 37 FF FF FF FF FF FF 08 00 00 00 62 10 00 12 30 00 09 81 09 37 20 00 00 12 74 72 02 00 64 64 8C 00 3E 01 7B 02 3D 00 00 00 00 00 01 30 9A B0 2C F5 03 02 52 FF BE 0D 06 C7 22 90 9E 8F 80 75 7B 69 01 04 09 04 00 00 01 12 00 00 00 00 A0 00 00 20 00 00 00 80 08 20 2E 22 3C 00 00 00 20 10 3E 79 4B 39 1C 53 E2 31 16 05 40 3E 01 39 09 3D 0C 09 0C 0C 39 0C 3B 3D 0D 0E 0D 03 02 2E 3B 36 3C 0B 0D 0D 08 0B 0B 3E 0A 0C 0C 0E 0B 07 0B 0F 0B 0B 0A 08 0D 0D 0A 0F 0D 0C 0C 0B 0C 0D 0C 0A 0B 08 0C 0B 05 0C 0A 3B 0F 3B 0D 0B 05 0C 0B 0E 0A 0B 0B 0F 0C 3A 03 0B 0D 0E 0A 06 10 2E 0A 0E 0C 0B 0A 0D 0B 0B 0A 0B 04 08 0C 0D 07 0D 0B 0A 0A 0E 0E 3B 0E 0C 0A 0D 0E 09 0D 0B 0E 0E 0C 0D 08 0C 0D 0D 0D 0D 0D 0C 0B 06 0E 0B 0B 09 0D 0B 0B 09 0B 09 34 0C 0C CB 52 C8 F3 00 00 00 00 00 00 00 00 00 00 00 00 00 00 00 00 00 00 00 00 00 00 00 00 00 00 00 00 00 00 00 00 00 00 00 00 00 00 00 00 00 00 00 00 00 00 00 00 00 00 00 00 00 00 00 00 00 00 00 00 00 00 00 00 00 00 00 00 00 00 00 00 00 00 00 00 00 00 00 00 00 00 00 00 00 00 00 00 00 00 00 00 00 00 00 00 00 00 00 00 00 00 00 00 00 00 00 00 00 00 00 00 00 00 00 00 00 00 00 00 00 00 00 00 00 00 00 00 00 00 00 00 00 00 00 00 00 00 00 00 00 00 00 00 00 00 00 00 00 00 00 00 00 00 00 00 00 00 00 00 00 00 00 00 00 00 00 00 00 00 00 00 00 00 00 00 00 00 00 00 00 00 00 00 00 00 00 00 00 00 00 00 00 00 00 00 00 00 00 00 00 00 00 00 00 00 00 00 00 00 00 00 00 00 00 00 00 00 00 00 00 00 00 00 00 00 00 00 00 00 00 00 00 00 00 00 00 00 00 00 00 00 00 00 00 1F AA 39 2E 7E
[407423][00:01:53.583]7E FF 02 FF E6 6D C0 16 69 05 38 01 BD A0 63 95 00 00 03 94 00 01 00 01 69 7F 94 01 E0 00 03 DC 13 79 40 00 C8 12 A6 10 00 D5 01 0A 14 B0 30 3A 88 FF 00 00 33 00 00 11 01 00 00 01 02 E3 02 D3 1E 28 00 68 2C 00 43 05 27 94 80 09 00 30 10 94 8E 10 00 08 05 01 00 33 20 02 00 00 01 10 F0 D5 56 98 83 8E 08 15 8F 01 3B 87 D4 9A 8C D7 FD C4 16 E0 0C 2F 46 00 00 00 00 00 00 00 00 00 00 00 00 00 00 00 00 00 00 00 00 00 00 00 00 00 00 00 00 00 00 00 00 00 00 00 00 00 00 00 00 00 00 00 00 00 00 00 00 00 00 00 00 00 00 3F 9B 68 AE 7E
[407424][00:01:53.628]7E FF 02 FF E7 6D D9 16 69 05 E7 02 0F 53 6D 95 00 00 03 14 02 01 00 01 69 7F 94 01 F0 FF 01 5A 16 04 83 00 F5 5B 57 10 00 FF 2F 01 15 B0 00 FA 88 11 00 00 33 00 00 08 00 00 00 01 00 00 04 20 00 00 12 74 72 20 00 00 12 74 72 00 00 64 64 99 00 3E 00 7A 02 3D 00 64 00 00 00 FC FF FF FF 7F DD 7F 6F FF 0F 00 C6 46 90 00 09 81 15 04 00 00 02 09 80 22 40 00 05 02 00 20 00 BC 6D 09 20 21 11 12 05 11 24 80 01 D4 C6 50 00 00 00 1E 7C 4A 31 04 01 42 00 00 00 40 28 46 3D 68 6D 0E 16 27 26 09 3E 0A 2B 08 44 05 0E 05 04 62 25 58 04 79 42 4F 62 07 0F 0C 49 26 11 2E 07 20 07 0F 0C 12 3A 32 41 08 41 09 1E 49 47 4B 03 03 02 07 02 65 03 0C 04 0D 05 01 35 0B 0C 29 07 01 00 00 0E 0F 04 5A 00 00 00 00 00 0D 2D 05 50 00 03 06 07 0B 1C 0B 02 01 18 00 00 14 07 0D 08 00 00 0E 10 02 01 07 0C 03 01 09 09 01 05 17 03 01 07 1C 23 09 01 00 08 09 01 00 03 01 01 03 00 03 02 0A 0D 52 0F 05 00 0B 00 00 00 01 00 0E 0B 0D 07 01 00 01 0B A2 FB 0D CC 00 00 00 00 00 00 00 00 00 00 00 00 00 00 00 00 00 00 00 00 00 00 00 00 00 00 00 00 00 00 00 00 00 00 00 00 00 00 00 00 00 00 00 00 00 00 00 00 00 00 00 00 00 00 00 00 00 00 00 00 00 00 00 00 00 00 00 00 00 00 00 00 00 00 00 00 00 00 00 00 00 00 00 00 00 00 00 00 00 00 00 00 00 00 00 00 00 00 00 00 00 00 00 00 00 00 00 00 00 00 00 00 00 00 00 00 00 00 00 00 00 00 00 00 00 00 00 00 00 00 00 00 00 00 00 00 00 00 00 00 00 00 00 00 00 00 00 00 00 00 00 00 00 00 00 00 00 00 00 00 00 00 00 00 00 00 00 00 00 00 00 00 00 00 00 00 00 00 00 00 00 00 00 00 00 00 00 00 00 00 00 00 00 00 00 00 00 00 00 00 00 00 00 00 00 00 00 00 00 00 00 00 00 00 00 00 00 00 00 00 00 00 00 00 00 00 00 00 00 00 00 00 00 00 00 00 00 00 00 00 00 00 00 00 00 00 B2 E5 FD BE 7E
[407425][00:01:53.644]7E FF 02 FF E8 6D F3 16 69 05 C3 02 4F 41 77 95 00 00 03 10 00 01 00 03 69 7F 94 F0 0C 9A 2C 00 00 00 10 02 91 99 84 D6 57 87 1B 7E
[407426][00:01:53.658]7E FF 02 FF E9 6D 61 17 69 05 B6 01 01 1D A1 95 00 00 03 10 00 01 00 02 69 7F 94 10 D8 90 13 01 FE 00 00 00 13 6D 2F 4E 35 1E B3 7E
[407427][00:01:53.764]7E FF 02 FF EA 6D BF 17 69 05 AC 02 FE 10 C5 95 00 00 03 10 00 01 00 02 69 7F 94 10 01 E0 00 01 00 03 00 00 55 FF 45 3A 86 98 A7 7E
[407428][00:01:54.019]7E FF 02 FF EB 6D 89 18 69 05 D7 00 CB ED 11 96 00 FF 03 14 02 01 00 01 69 7F 94 01 F0 FF 01 5A 16 04 83 00 F5 5B 57 10 00 FF 2F 01 15 B0 00 FA 88 11 00 00 33 00 00 08 00 00 00 01 00 00 04 20 00 00 12 74 72 20 00 00 12 74 72 00 00 64 64 99 00 3E 00 7A 02 3D 00 64 00 00 00 FC FF FF FF 7F DD 7F 6F FF 0F 00 C6 46 90 00 09 81 15 04 00 00 02 09 80 22 40 00 05 02 00 20 00 BC 6D 09 20 21 11 12 05 11 24 80 01 D4 C6 50 00 00 00 1E 7C 4A 31 04 01 42 00 00 00 40 28 46 3D 68 6D 0E 16 27 26 09 3E 0A 2B 08 44 05 0E 05 04 62 25 58 04 79 42 4F 62 07 0F 0C 49 26 11 2E 07 20 07 0F 0C 12 3A 32 41 08 41 09 1E 49 47 4B 03 03 02 07 02 65 03 0C 04 0D 05 01 35 0B 0C 29 07 01 00 00 0E 0F 04 5A 00 00 00 00 00 0D 2D 05 50 00 03 06 07 0B 1C 0B 02 01 18 00 00 14 07 0D 08 00 00 0E 10 02 01 07 0C 03 01 09 09 01 05 17 03 01 07 1C 23 09 01 00 08 09 01 00 03 01 01 03 00 03 02 0A 0D 52 0F 05 00 0B 00 00 00 01 00 0E 0B 0D 07 01 00 01 0B A2 FB 0D CC 00 00 00 00 00 00 00 00 00 00 00 00 00 00 00 00 00 00 00 00 00 00 00 00 00 00 00 00 00 00 00 00 00 00 00 00 00 00 00 00 00 00 00 00 00 00 00 00 00 00 00 00 00 00 00 00 00 00 00 00 00 00 00 00 00 00 00 00 00 00 00 00 00 00 00 00 00 00 00 00 00 00 00 00 00 00 00 00 00 00 00 00 00 00 00 00 00 00 00 00 00 00 00 00 00 00 00 00 00 00 00 00 00 00 00 00 00 00 00 00 00 00 00 00 00 00 00 00 00 00 00 00 00 00 00 00 00 00 00 00 00 00 00 00 00 00 00 00 00 00 00 00 00 00 00 00 00 00 00 00 00 00 00 00 00 00 00 00 00 00 00 00 00 00 00 00 00 00 00 00 00 00 00 00 00 00 00 00 00 00 00 00 00 00 00 00 00 00 00 00 00 00 00 00 00 00 00 00 00 00 00 00 00 00 00 00 00 00 00 00 00 00 00 00 00 00 00 00 00 00 00 00 00 00 00 00 00 00 00 00 00 00 00 00 00 00 9D 33 67 B7 7E
[407429][00:01:54.469]7E FF 02 FF EC 6D 7C 1A 69 05 09 00 52 99 CE 96 01 23 10 34 00 01 00 01 69 7F 94 01 80 0D 03 85 10 00 10 00 C8 FC F3 10 00 FA 00 0A 18 B0 30 10 88 FF 00 00 33 00 00 11 A1 00 00 01 23 D0 07 30 00 09 04 76 62 03 02 3A C0 80 F3 2C 20 B1 8B 7E
[407430][00:01:54.529]7E FF 02 FF ED 6D 8A 1A 69 05 CF 03 DE E6 D5 96 00 FE 03 14 02 01 00 01 69 7F 94 01 F0 FF 01 5A 16 04 83 00 F5 5B 57 10 00 FF 2F 01 15 B0 00 FA 88 11 00 00 33 00 00 08 00 00 00 01 00 00 04 20 00 00 12 74 72 20 00 00 12 74 72 00 00 64 64 99 00 3E 00 7A 02 3D 00 64 00 00 00 FC FF FF FF 7F DD 7F 6F FF 0F 00 C6 46 90 00 09 81 15 04 00 00 02 09 80 22 40 00 05 02 00 20 00 BC 6D 09 20 21 11 12 05 11 24 80 01 D4 C6 50 00 00 00 1E 7C 4A 31 04 01 42 00 00 00 40 28 46 3D 68 6D 0E 16 27 26 09 3E 0A 2B 08 44 05 0E 05 04 62 25 58 04 79 42 4F 62 07 0F 0C 49 26 11 2E 07 20 07 0F 0C 12 3A 32 41 08 41 09 1E 49 47 4B 03 03 02 07 02 65 03 0C 04 0D 05 01 35 0B 0C 29 07 01 00 00 0E 0F 04 5A 00 00 00 00 00 0D 2D 05 50 00 03 06 07 0B 1C 0B 02 01 18 00 00 14 07 0D 08 00 00 0E 10 02 01 07 0C 03 01 09 09 01 05 17 03 01 07 1C 23 09 01 00 08 09 01 00 03 01 01 03 00 03 02 0A 0D 52 0F 05 00 0B 00 00 00 01 00 0E 0B 0D 07 01 00 01 0B A2 FB 0D CC 00 00 00 00 00 00 00 00 00 00 00 00 00 00 00 00 00 00 00 00 00 00 00 00 00 00 00 00 00 00 00 00 00 00 00 00 00 00 00 00 00 00 00 00 00 00 00 00 00 00 00 00 00 00 00 00 00 00 00 00 00 00 00 00 00 00 00 00 00 00 00 00 00 00 00 00 00 00 00 00 00 00 00 00 00 00 00 00 00 00 00 00 00 00 00 00 00 00 00 00 00 00 00 00 00 00 00 00 00 00 00 00 00 00 00 00 00 00 00 00 00 00 00 00 00 00 00 00 00 00 00 00 00 00 00 00 00 00 00 00 00 00 00 00 00 00 00 00 00 00 00 00 00 00 00 00 00 00 00 00 00 00 00 00 00 00 00 00 00 00 00 00 00 00 00 00 00 00 00 00 00 00 00 00 00 00 00 00 00 00 00 00 00 00 00 00 00 00 00 00 00 00 00 00 00 00 00 00 00 00 00 00 00 00 00 00 00 00 00 00 00 00 00 00 00 00 00 00 00 00 00 00 00 00 00 00 00 00 00 00 00 00 00 00 00 00 72 B9 F0 CF 7E
[407431][00:01:54.560]7E FF 02 FF EE 6D A2 1A 69 05 82 01 BC D4 DE 96 00 FE 03 14 01 01 00 01 69 7F 94 01 60 00 03 27 16 EB C0 00 98 5E C8 10 00 EB 00 03 16 B0 30 74 88 FF 00 00 33 00 00 11 03 00 00 01 02 83 06 D2 1E 28 0A FE FE FE FE 68 62 00 43 05 16 50 03 09 00 30 10 95 C3 10 00 3E 05 03 3A 50 02 02 00 01 20 21 02 00 1C 07 EA 06 1D 0B 00 00 08 00 20 21 02 00 00 20 01 04 00 00 20 00 02 00 00 20 01 02 00 00 20 04 02 00 00 20 0A 02 00 00 00 10 02 01 00 00 20 02 01 00 01 10 F0 D5 56 98 83 8E 08 15 8F 01 3B 87 D4 9A 8C D7 8A 23 16 82 B9 12 E4 00 00 00 00 00 00 00 00 00 00 00 00 00 00 00 00 00 00 00 00 00 00 00 00 00 00 00 00 00 00 00 00 00 00 00 00 00 00 00 00 00 00 00 00 00 00 00 00 00 00 00 00 00 00 00 00 00 00 00 00 00 00 00 00 00 00 00 00 00 00 00 00 00 00 00 00 00 00 00 00 00 00 00 00 00 00 00 00 00 00 00 00 00 00 00 00 00 00 00 00 00 00 00 00 00 00 00 00 00 00 00 00 00 00 00 00 00 00 00 00 00 00 00 00 AD 6F B3 B2 7E
[407432][00:01:54.590]7E FF 02 FF EF 6D CD 1A 69 05 29 03 E7 65 EF 96 00 FE 03 14 01 01 00 01 69 7F 94 01 60 00 03 27 16 EB C4 00 89 5C 4C 10 00 EB 00 03 16 B0 30 74 88 FF 00 00 33 00 00 11 03 00 00 01 02 83 06 D2 1E 28 0A FE FE FE FE 68 62 00 43 05 16 50 03 09 00 30 10 95 C3 10 00 3E 05 03 3A 50 02 02 00 01 20 21 02 00 1C 07 EA 06 1D 0B 00 00 08 00 20 21 02 00 00 20 01 04 00 00 20 00 02 00 00 20 01 02 00 00 20 04 02 00 00 20 0A 02 00 00 00 10 02 01 00 00 20 02 01 00 01 10 F0 D5 56 98 83 8E 08 15 8F 01 3B 87 D4 9A 8C D7 8A 23 16 82 B9 12 E4 00 00 00 00 00 00 00 00 00 00 00 00 00 00 00 00 00 00 00 00 00 00 00 00 00 00 00 00 00 00 00 00 00 00 00 00 00 00 00 00 00 00 00 00 00 00 00 00 00 00 00 00 00 00 00 00 00 00 00 00 00 00 00 00 00 00 00 00 00 00 00 00 00 00 00 00 00 00 00 00 00 00 00 00 00 00 00 00 00 00 00 00 00 00 00 00 00 00 00 00 00 00 00 00 00 00 00 00 00 00 00 00 00 00 00 00 00 00 00 00 00 00 00 00 BC 94 05 A7 7E
[407433][00:01:54.635]7E FF 02 FF F0 6D 08 1B 69 05 66 02 78 D5 05 97 00 FD 03 14 01 01 00 01 69 7F 94 01 60 00 03 27 16 EB C4 00 89 5C 4C 10 00 EB 00 03 16 B0 30 74 88 FF 00 00 33 00 00 11 03 00 00 01 02 83 06 D2 1E 28 0A FE FE FE FE 68 62 00 43 05 16 50 03 09 00 30 10 95 C3 10 00 3E 05 03 3A 50 02 02 00 01 20 21 02 00 1C 07 EA 06 1D 0B 00 00 08 00 20 21 02 00 00 20 01 04 00 00 20 00 02 00 00 20 01 02 00 00 20 04 02 00 00 20 0A 02 00 00 00 10 02 01 00 00 20 02 01 00 01 10 F0 D5 56 98 83 8E 08 15 8F 01 3B 87 D4 9A 8C D7 8A 23 16 82 B9 12 E4 00 00 00 00 00 00 00 00 00 00 00 00 00 00 00 00 00 00 00 00 00 00 00 00 00 00 00 00 00 00 00 00 00 00 00 00 00 00 00 00 00 00 00 00 00 00 00 00 00 00 00 00 00 00 00 00 00 00 00 00 00 00 00 00 00 00 00 00 00 00 00 00 00 00 00 00 00 00 00 00 00 00 00 00 00 00 00 00 00 00 00 00 00 00 00 00 00 00 00 00 00 00 00 00 00 00 00 00 00 00 00 00 00 00 00 00 00 00 00 00 00 00 00 00 0B B7 93 6B 7E
[407434][00:01:54.680]7E FF 02 FF F1 6D 34 1B 69 05 23 01 BC 7E 16 97 00 FD 03 14 01 01 00 01 69 7F 94 01 60 00 03 27 16 EB C0 00 98 5E C8 10 00 A2 00 03 17 B0 30 74 88 FF 00 00 33 00 00 11 03 00 00 01 02 83 06 D4 1E 28 0A FE FE FE FE 68 62 00 43 05 33 28 54 06 00 30 10 AB 43 10 00 3E 05 03 3B 50 02 02 00 01 20 21 02 00 1C 07 EA 06 1D 0B 00 00 08 00 20 21 02 00 00 20 01 04 00 00 20 00 02 00 00 20 01 02 00 00 20 04 02 00 00 20 0A 02 00 00 00 10 02 01 00 00 20 02 01 00 01 10 F0 D5 56 98 83 8E 08 15 8F 01 3B 87 D4 9A 8C D7 2D 73 16 E5 1D 81 B9 00 00 00 00 00 00 00 00 00 00 00 00 00 00 00 00 00 00 00 00 00 00 00 00 00 00 00 00 00 00 00 00 00 00 00 00 00 00 00 00 00 00 00 00 00 00 00 00 00 00 00 00 00 00 00 00 00 00 00 00 00 00 00 00 00 00 00 00 00 00 00 00 00 00 00 00 00 00 00 00 00 00 00 00 00 00 00 00 00 00 00 00 00 00 00 00 00 00 00 00 00 00 00 00 00 00 00 00 00 00 00 00 00 00 00 00 00 00 00 00 00 00 00 00 18 B4 05 0F 7E
[407435][00:01:54.724]7E FF 02 FF F2 6D 61 1B 69 05 28 00 32 8F 27 97 00 FE 03 14 01 01 00 01 69 7F 94 01 60 00 03 27 16 EB C4 00 89 5C 4C 10 00 A2 00 03 17 B0 30 74 88 FF 00 00 33 00 00 11 03 00 00 01 02 83 06 D4 1E 28 0A FE FE FE FE 68 62 00 43 05 33 28 54 06 00 30 10 AB 43 10 00 3E 05 03 3B 50 02 02 00 01 20 21 02 00 1C 07 EA 06 1D 0B 00 00 08 00 20 21 02 00 00 20 01 04 00 00 20 00 02 00 00 20 01 02 00 00 20 04 02 00 00 20 0A 02 00 00 00 10 02 01 00 00 20 02 01 00 01 10 F0 D5 56 98 83 8E 08 15 8F 01 3B 87 D4 9A 8C D7 2D 73 16 E5 1D 81 B9 00 00 00 00 00 00 00 00 00 00 00 00 00 00 00 00 00 00 00 00 00 00 00 00 00 00 00 00 00 00 00 00 00 00 00 00 00 00 00 00 00 00 00 00 00 00 00 00 00 00 00 00 00 00 00 00 00 00 00 00 00 00 00 00 00 00 00 00 00 00 00 00 00 00 00 00 00 00 00 00 00 00 00 00 00 00 00 00 00 00 00 00 00 00 00 00 00 00 00 00 00 00 00 00 00 00 00 00 00 00 00 00 00 00 00 00 00 00 00 00 00 00 00 00 A2 1E 72 56 7E
[407436][00:01:54.815]7E FF 02 FF F3 6D B6 1B 69 05 1F 03 04 48 48 97 00 FE 03 14 01 01 00 01 69 7F 94 01 60 00 03 27 16 EB C4 00 89 5C 4C 10 00 A2 00 03 17 B0 30 74 88 FF 00 00 33 00 00 11 03 00 00 01 02 83 06 D4 1E 28 0A FE FE FE FE 68 62 00 43 05 33 28 54 06 00 30 10 AB 43 10 00 3E 05 03 3B 50 02 02 00 01 20 21 02 00 1C 07 EA 06 1D 0B 00 00 08 00 20 21 02 00 00 20 01 04 00 00 20 00 02 00 00 20 01 02 00 00 20 04 02 00 00 20 0A 02 00 00 00 10 02 01 00 00 20 02 01 00 01 10 F0 D5 56 98 83 8E 08 15 8F 01 3B 87 D4 9A 8C D7 2D 73 16 E5 1D 81 B9 00 00 00 00 00 00 00 00 00 00 00 00 00 00 00 00 00 00 00 00 00 00 00 00 00 00 00 00 00 00 00 00 00 00 00 00 00 00 00 00 00 00 00 00 00 00 00 00 00 00 00 00 00 00 00 00 00 00 00 00 00 00 00 00 00 00 00 00 00 00 00 00 00 00 00 00 00 00 00 00 00 00 00 00 00 00 00 00 00 00 00 00 00 00 00 00 00 00 00 00 00 00 00 00 00 00 00 00 00 00 00 00 00 00 00 00 00 00 00 00 00 00 00 00 7D 4F CB 0B 7E
[407437][00:01:54.845]7E FF 02 FF F4 6D 46 1C 69 05 F4 01 0C F2 58 97 00 FE 03 14 01 01 00 01 69 7F 94 01 60 00 03 27 16 EB C0 00 98 5E C8 10 00 F2 00 03 19 B0 30 74 88 FF 00 00 33 00 00 11 03 00 00 01 02 83 06 D5 1E 28 0A FE FE FE FE 68 62 00 43 05 25 43 54 06 00 30 10 3B 04 10 00 3E 05 03 3C 50 02 02 00 01 20 21 02 00 1C 07 EA 06 1D 0B 00 00 08 00 20 21 02 00 00 20 01 04 00 00 20 00 02 00 00 20 01 02 00 00 20 04 02 00 00 20 0A 02 00 00 00 10 02 01 00 00 20 02 01 00 01 10 F0 D5 56 98 83 8E 08 15 8F 01 3B 87 D4 9A 8C D7 49 C8 16 5E 0E C6 CD 00 00 00 00 00 00 00 00 00 00 00 00 00 00 00 00 00 00 00 00 00 00 00 00 00 00 00 00 00 00 00 00 00 00 00 00 00 00 00 00 00 00 00 00 00 00 00 00 00 00 00 00 00 00 00 00 00 00 00 00 00 00 00 00 00 00 00 00 00 00 00 00 00 00 00 00 00 00 00 00 00 00 00 00 00 00 00 00 00 00 00 00 00 00 00 00 00 00 00 00 00 00 00 00 00 00 00 00 00 00 00 00 00 00 00 00 00 00 00 00 00 00 00 00 A3 14 A7 34 7E
[407438][00:01:54.905]7E FF 02 FF F5 6D 14 1C 69 05 38 02 BF 0B 6C 97 00 FE 03 14 01 01 00 01 69 7F 94 01 60 00 03 27 16 EB C4 00 89 5C 4C 10 00 F2 00 03 19 B0 30 74 88 FF 00 00 33 00 00 11 03 00 00 01 02 83 06 D5 1E 28 0A FE FE FE FE 68 62 00 43 05 25 43 54 06 00 30 10 3B 04 10 00 3E 05 03 3C 50 02 02 00 01 20 21 02 00 1C 07 EA 06 1D 0B 00 00 08 00 20 21 02 00 00 20 01 04 00 00 20 00 02 00 00 20 01 02 00 00 20 04 02 00 00 20 0A 02 00 00 00 10 02 01 00 00 20 02 01 00 01 10 F0 D5 56 98 83 8E 08 15 8F 01 3B 87 D4 9A 8C D7 49 C8 16 5E 0E C6 CD 00 00 00 00 00 00 00 00 00 00 00 00 00 00 00 00 00 00 00 00 00 00 00 00 00 00 00 00 00 00 00 00 00 00 00 00 00 00 00 00 00 00 00 00 00 00 00 00 00 00 00 00 00 00 00 00 00 00 00 00 00 00 00 00 00 00 00 00 00 00 00 00 00 00 00 00 00 00 00 00 00 00 00 00 00 00 00 00 00 00 00 00 00 00 00 00 00 00 00 00 00 00 00 00 00 00 00 00 00 00 00 00 00 00 00 00 00 00 00 00 00 00 00 00 CF 89 F6 74 7E
[407439][00:01:54.965]7E FF 02 FF F6 6D 58 1C 69 05 0F 03 7D 11 86 97 00 FD 03 14 01 01 00 01 69 7F 94 01 60 00 03 27 16 EB C4 00 89 5C 4C 10 00 F2 00 03 19 B0 30 74 88 FF 00 00 33 00 00 11 03 00 00 01 02 83 06 D5 1E 28 0A FE FE FE FE 68 62 00 43 05 25 43 54 06 00 30 10 3B 04 10 00 3E 05 03 3C 50 02 02 00 01 20 21 02 00 1C 07 EA 06 1D 0B 00 00 08 00 20 21 02 00 00 20 01 04 00 00 20 00 02 00 00 20 01 02 00 00 20 04 02 00 00 20 0A 02 00 00 00 10 02 01 00 00 20 02 01 00 01 10 F0 D5 56 98 83 8E 08 15 8F 01 3B 87 D4 9A 8C D7 49 C8 16 5E 0E C6 CD 00 00 00 00 00 00 00 00 00 00 00 00 00 00 00 00 00 00 00 00 00 00 00 00 00 00 00 00 00 00 00 00 00 00 00 00 00 00 00 00 00 00 00 00 00 00 00 00 00 00 00 00 00 00 00 00 00 00 00 00 00 00 00 00 00 00 00 00 00 00 00 00 00 00 00 00 00 00 00 00 00 00 00 00 00 00 00 00 00 00 00 00 00 00 00 00 00 00 00 00 00 00 00 00 00 00 00 00 00 00 00 00 00 00 00 00 00 00 00 00 00 00 00 00 91 4B 63 FF 7E
[407440][00:01:54.980]7E FF 02 FF F7 6D 7F 1C 69 05 87 01 07 D4 94 97 00 FD 03 10 00 01 00 03 69 7F 94 F0 0C 0F 27 00 00 00 10 02 DF F2 50 40 93 E9 93 7E
[407441][00:01:55.219]7E FF 02 FF F8 6D 63 1D 69 05 92 02 0F E0 EB 97 00 36 00 94 00 01 00 01 69 7F 94 00 50 05 01 FC 13 79 44 00 C7 0B 81 00 00 55 00 0A BF 6B 00 5C 78 EF 0C 00 33 00 00 30 00 09 05 35 35 FF FF FF FF FF FF 00 00 00 00 30 00 09 05 35 35 55 00 00 00 00 00 00 00 00 00 39 03 00 01 39 84 24 45 E8 07 02 12 09 23 07 03 01 00 01 01 00 02 02 00 0D 00 00 09 03 31 17 6E 54 4E 59 58 0F 00 0F 00 00 00 00 00 05 00 00 00 6C E7 C5 A1 53 47 5B 19 78 A1 1B 00 00 31 44 59 58 03 FB C1 01 9C 02 01 CE AD 0E CE 00 00 00 00 00 00 00 00 D3 2C 9C 07 7E
[407442][00:01:55.249]7E FF 02 FF F9 6D 76 1D 69 05 BE 00 5B F1 F2 97 00 FD 03 14 01 01 00 01 69 7F 94 01 60 00 03 27 16 EB C0 00 98 5E C8 10 00 12 01 03 1A B0 30 74 88 FF 00 00 33 00 00 11 03 00 00 01 02 83 06 D0 1E 28 0A FE FE FE FE 68 62 00 43 05 84 42 54 06 00 30 10 5B 7A 10 00 3E 05 03 38 50 02 02 00 01 20 21 02 00 1C 07 EA 06 1D 0B 00 00 08 00 20 21 02 00 00 20 01 04 00 00 20 00 02 00 00 20 01 02 00 00 20 04 02 00 00 20 0A 02 00 00 00 10 02 01 00 00 20 02 01 00 01 10 F0 D5 56 98 83 8E 08 15 8F 01 3B 87 D4 9A 8C D7 C4 82 16 C2 0B 9E F6 00 00 00 00 00 00 00 00 00 00 00 00 00 00 00 00 00 00 00 00 00 00 00 00 00 00 00 00 00 00 00 00 00 00 00 00 00 00 00 00 00 00 00 00 00 00 00 00 00 00 00 00 00 00 00 00 00 00 00 00 00 00 00 00 00 00 00 00 00 00 00 00 00 00 00 00 00 00 00 00 00 00 00 00 00 00 00 00 00 00 00 00 00 00 00 00 00 00 00 00 00 00 00 00 00 00 00 00 00 00 00 00 00 00 00 00 00 00 00 00 00 00 00 00 78 D4 F9 1D 7E
[407443][00:01:55.310]7E FF 02 FF FA 6D 9A 1D 69 05 B6 03 A9 5E FF 97 01 23 10 14 01 01 00 01 69 7F 94 01 80 0D 03 6A 41 00 10 00 16 42 9C 10 00 81 00 03 1B B0 30 74 88 FF 00 00 33 00 00 11 03 00 00 01 02 83 06 D1 1E 28 0A FE FE FE FE 68 62 00 43 05 15 50 03 09 00 30 10 FB 6B 10 00 3E 05 03 39 50 02 02 00 01 20 21 02 00 1C 07 EA 06 1D 0B 00 00 08 00 20 21 02 00 00 20 01 04 00 00 20 00 02 00 00 20 01 02 00 00 20 04 02 00 00 20 0A 02 00 00 00 10 02 01 00 00 20 02 01 00 01 10 F0 D5 56 98 83 8E 08 15 8F 01 3B 87 D4 9A 8C D7 63 D2 16 99 3B 8D AE 00 00 00 00 00 00 00 00 00 00 00 00 00 00 00 00 00 00 00 00 00 00 00 00 00 00 00 00 00 00 00 00 00 00 00 00 00 00 00 00 00 00 00 00 00 00 00 00 00 00 00 00 00 00 00 00 00 00 00 00 00 00 00 00 00 00 00 00 00 00 00 00 00 00 00 00 00 00 00 00 00 00 00 00 00 00 00 00 00 00 00 00 00 00 00 00 00 00 00 00 00 00 00 00 00 00 00 00 00 00 00 00 00 00 00 00 00 00 00 00 00 00 00 00 CB 30 FD 91 7E
[407444][00:01:55.341]7E FF 02 FF FB 6D AE 1D 69 05 56 02 14 75 08 98 00 FE 03 14 01 01 00 01 69 7F 94 01 60 00 03 27 16 EB C4 00 89 5C 4C 10 00 12 01 03 1A B0 30 74 88 FF 00 00 33 00 00 11 03 00 00 01 02 83 06 D0 1E 28 0A FE FE FE FE 68 62 00 43 05 84 42 54 06 00 30 10 5B 7A 10 00 3E 05 03 38 50 02 02 00 01 20 21 02 00 1C 07 EA 06 1D 0B 00 00 08 00 20 21 02 00 00 20 01 04 00 00 20 00 02 00 00 20 01 02 00 00 20 04 02 00 00 20 0A 02 00 00 00 10 02 01 00 00 20 02 01 00 01 10 F0 D5 56 98 83 8E 08 15 8F 01 3B 87 D4 9A 8C D7 C4 82 16 C2 0B 9E F6 00 00 00 00 00 00 00 00 00 00 00 00 00 00 00 00 00 00 00 00 00 00 00 00 00 00 00 00 00 00 00 00 00 00 00 00 00 00 00 00 00 00 00 00 00 00 00 00 00 00 00 00 00 00 00 00 00 00 00 00 00 00 00 00 00 00 00 00 00 00 00 00 00 00 00 00 00 00 00 00 00 00 00 00 00 00 00 00 00 00 00 00 00 00 00 00 00 00 00 00 00 00 00 00 00 00 00 00 00 00 00 00 00 00 00 00 00 00 00 00 00 00 00 00 9F 51 74 D8 7E
[407445][00:01:55.386]7E FF 02 FF FC 6D FB 1D 69 05 27 02 C8 D1 25 98 00 3A 00 14 01 01 00 01 69 7F 94 D8 E0 02 03 6F 16 EB C4 00 DB 9C 20 10 00 81 00 03 1B B0 30 74 88 EF 00 00 33 00 00 11 03 00 00 01 02 83 06 D1 1E 28 0A FE FE FE FE 68 62 00 43 05 15 50 03 09 00 30 10 FB 6B 10 00 3E 05 03 39 50 02 02 00 01 20 21 02 00 1C 07 EA 06 1D 0B 00 00 08 00 20 21 02 00 00 20 01 04 00 00 20 00 02 00 00 20 01 02 00 00 20 04 02 00 00 20 0A 02 00 00 00 10 02 01 00 00 20 02 01 00 01 10 F0 D5 56 98 83 8E 08 15 8F 01 3B 87 D4 9A 8C D7 63 D2 16 99 3B 8D AE 00 00 00 00 00 00 00 00 00 00 00 00 00 00 00 00 00 00 00 00 00 00 00 00 00 00 00 00 00 00 00 00 00 00 00 00 00 00 00 00 00 00 00 00 00 00 00 00 00 00 00 00 00 00 00 00 00 00 00 00 00 00 00 00 00 00 00 00 00 00 00 00 00 00 00 00 00 00 00 00 00 00 00 00 00 00 00 00 00 00 00 00 00 00 00 00 00 00 00 00 00 00 00 00 00 00 00 00 00 00 00 00 00 00 00 00 00 00 00 00 00 00 00 00 55 80 62 B5 7E
[407446][00:01:55.505]7E FF 02 FF FD 6D 6E 1E 69 05 90 01 8D A3 51 98 00 38 00 14 01 01 00 01 69 7F 94 D8 E0 02 03 6F 16 EB C4 00 DB 9C 20 10 00 81 00 03 1B B0 30 74 88 EF 00 00 33 00 00 11 03 00 00 01 02 83 06 D1 1E 28 0A FE FE FE FE 68 62 00 43 05 15 50 03 09 00 30 10 FB 6B 10 00 3E 05 03 39 50 02 02 00 01 20 21 02 00 1C 07 EA 06 1D 0B 00 00 08 00 20 21 02 00 00 20 01 04 00 00 20 00 02 00 00 20 01 02 00 00 20 04 02 00 00 20 0A 02 00 00 00 10 02 01 00 00 20 02 01 00 01 10 F0 D5 56 98 83 8E 08 15 8F 01 3B 87 D4 9A 8C D7 63 D2 16 99 3B 8D AE 00 00 00 00 00 00 00 00 00 00 00 00 00 00 00 00 00 00 00 00 00 00 00 00 00 00 00 00 00 00 00 00 00 00 00 00 00 00 00 00 00 00 00 00 00 00 00 00 00 00 00 00 00 00 00 00 00 00 00 00 00 00 00 00 00 00 00 00 00 00 00 00 00 00 00 00 00 00 00 00 00 00 00 00 00 00 00 00 00 00 00 00 00 00 00 00 00 00 00 00 00 00 00 00 00 00 00 00 00 00 00 00 00 00 00 00 00 00 00 00 00 00 00 00 E1 77 FD B9 7E
[407447][00:01:55.625]7E FF 02 FF FE 6D F6 1E 69 05 60 00 9F 67 85 98 00 3B 00 94 00 01 00 01 69 7F 94 00 80 0D 01 FC 13 79 44 00 53 C9 D8 00 00 D8 00 0A 01 EF 00 5C 70 EF 0C 00 33 00 00 30 00 09 04 16 28 30 00 15 61 49 26 00 00 00 00 30 00 09 04 16 28 D8 00 00 00 00 00 00 00 00 00 39 03 00 01 63 93 12 45 E8 07 02 12 09 23 07 03 01 00 01 01 00 02 02 00 0D 00 00 09 03 31 17 6E 54 4E 59 58 0E 00 0E 00 00 00 00 00 06 00 00 00 E6 FE B7 47 68 26 71 5C 61 77 1A 00 00 31 44 59 58 03 FB C1 01 9C 02 01 2B 49 B9 C3 00 00 00 00 00 00 00 00 DB 20 FA 52 7E
[407448][00:01:55.625]7E FF 02 FF FF 6D 61 1F 69 05 E1 03 34 6D 88 98 00 3B 00 10 00 01 00 02 69 7F 94 10 D8 00 00 01 01 00 00 00 83 AA 61 98 BE 44 D2 7E
[407449][00:01:55.625]7E FF 02 FF 00 6E 10 1F 69 05 00 01 1F 5A 8E 98 01 23 0C 10 00 01 00 02 69 7F 94 00 01 80 0D 00 A8 00 00 00 DC 8D 82 BB B4 85 64 7E
[407450][00:01:55.745]7E FF 02 FF 01 6E 3B 1F 69 05 C2 01 62 41 9E 98 01 22 10 14 01 01 00 01 69 7F 94 01 80 0D 01 6A 41 00 10 00 97 52 5A 10 00 D8 00 05 1C B0 00 B4 88 FF 00 00 33 00 00 01 00 00 00 30 00 09 04 16 28 20 00 00 12 74 72 0A 02 2E 20 D8 00 01 01 63 93 12 45 E1 93 04 00 06 00 00 00 0B 46 00 00 00 00 00 00 22 00 05 00 80 00 00 00 57 00 5C 00 8B 00 2F 01 F4 00 28 00 B9 00 37 01 EA 00 B2 00 C5 00 FF 00 DB 10 FE 00 EC 00 F3 00 F0 00 A4 00 2B 00 31 01 56 10 ED 00 24 00 50 01 30 01 27 01 6E 00 57 01 81 00 4C 01 6B 00 5A 01 3B 01 3D 01 34 01 01 00 EF 00 E1 00 09 00 6B 01 75 01 F5 00 FA 00 85 00 86 00 C8 00 84 00 A3 00 0A 01 04 00 BB 00 22 01 FD 00 49 00 EE 00 05 00 4D 00 11 01 1B 11 14 11 A8 00 29 01 01 00 C2 00 9F 60 84 17 00 00 00 00 00 00 00 00 00 00 00 00 00 00 00 00 00 00 00 00 00 00 00 00 00 00 00 00 00 00 00 00 00 00 00 00 00 00 00 00 00 00 00 00 00 00 00 00 00 00 00 00 00 00 00 00 00 00 00 00 E9 60 74 9E 7E
[407451][00:01:55.745]7E FF 02 FF 02 6E C7 1F 69 05 7E 03 DC 47 AF 98 00 3C 00 14 01 01 00 01 69 7F 94 D8 F0 FF 01 0D 15 EB C2 00 32 9F 0C 80 0D FF 2F 03 02 17 00 B4 10 FF 08 00 33 00 00 30 00 15 61 49 26 FF FF FF FF FF FF 01 00 00 00 30 00 09 04 16 28 20 00 00 12 74 72 0A 02 2E 20 D8 00 01 01 63 93 12 45 E1 93 04 00 06 00 00 00 0B 46 00 00 00 00 00 00 22 00 05 00 80 00 00 00 57 00 5C 00 8B 00 2F 01 F4 00 28 00 B9 00 37 01 EA 00 B2 00 C5 00 FF 00 DB 10 FE 00 EC 00 F3 00 F0 00 A4 00 2B 00 31 01 56 10 ED 00 24 00 50 01 30 01 27 01 6E 00 57 01 81 00 4C 01 6B 00 5A 01 3B 01 3D 01 34 01 01 00 EF 00 E1 00 09 00 6B 01 75 01 F5 00 FA 00 85 00 86 00 C8 00 84 00 A3 00 0A 01 04 00 BB 00 22 01 FD 00 49 00 EE 00 05 00 4D 00 11 01 1B 11 14 11 A8 00 29 01 01 00 C2 00 9F 60 84 17 00 00 00 00 00 00 00 00 00 00 00 00 00 00 00 00 00 00 00 00 00 00 00 00 00 00 00 00 00 00 00 00 00 00 00 00 00 00 00 00 00 00 00 00 00 00 00 00 83 35 F3 96 7E
[407452][00:01:55.775]7E FF 02 FF 03 6E 78 1F 69 05 D3 03 C5 51 B7 98 00 3A 00 14 01 01 00 01 69 7F 94 D8 F0 FF 01 0D 15 EB C2 00 32 9F 0C 80 0D FF 2F 03 02 17 00 B4 10 FF 08 00 33 00 00 30 00 15 61 49 26 FF FF FF FF FF FF 01 00 00 00 30 00 09 04 16 28 20 00 00 12 74 72 0A 02 2E 20 D8 00 01 01 63 93 12 45 E1 93 04 00 06 00 00 00 0B 46 00 00 00 00 00 00 22 00 05 00 80 00 00 00 57 00 5C 00 8B 00 2F 01 F4 00 28 00 B9 00 37 01 EA 00 B2 00 C5 00 FF 00 DB 10 FE 00 EC 00 F3 00 F0 00 A4 00 2B 00 31 01 56 10 ED 00 24 00 50 01 30 01 27 01 6E 00 57 01 81 00 4C 01 6B 00 5A 01 3B 01 3D 01 34 01 01 00 EF 00 E1 00 09 00 6B 01 75 01 F5 00 FA 00 85 00 86 00 C8 00 84 00 A3 00 0A 01 04 00 BB 00 22 01 FD 00 49 00 EE 00 05 00 4D 00 11 01 1B 11 14 11 A8 00 29 01 01 00 C2 00 9F 60 84 17 00 00 00 00 00 00 00 00 00 00 00 00 00 00 00 00 00 00 00 00 00 00 00 00 00 00 00 00 00 00 00 00 00 00 00 00 00 00 00 00 00 00 00 00 00 00 00 00 E4 E0 13 0F 7E
[407453][00:01:55.834]7E FF 02 FF 04 6E A8 1F 69 05 DD 00 71 58 C9 98 00 34 01 14 02 01 00 01 69 7F 94 AC F1 FF 01 D4 17 E8 92 00 44 71 FA C0 1A FF 2F 01 5F AA 00 EB 20 11 08 00 33 00 00 30 00 09 80 93 83 FF FF FF FF FF FF 08 00 00 00 AC 11 00 11 30 00 09 80 93 83 20 00 00 12 74 72 02 00 56 64 88 00 10 01 76 02 3D 00 00 00 00 00 01 30 92 B0 2C F5 00 02 52 FF BE 0D 06 C7 26 90 9E 8F 80 75 7B 69 01 04 01 04 00 00 01 12 00 00 00 00 A0 00 00 20 00 00 00 80 08 20 2E 22 3C 00 00 00 20 10 3E 79 4B 29 1C 53 E2 31 16 05 40 3E 39 09 3D 0D 09 0C 0E 3A 0B 34 3C 0C 0E 0E 2D 38 36 3C 0C 0C 0C 08 08 0B 3D 07 0C 0C 0C 0B 0B 0B 0F 0C 0C 09 0D 0D 0C 0A 0F 0D 0C 3D 07 0A 0C 0D 0C 08 0A 08 0D 0A 02 0A 09 35 0F 3B 0D 0B 07 0C 0B 0E 0E 0A 0B 0F 0E 37 0A 0B 0B 0E 05 10 0A 0A 0F 0D 0C 0A 0C 0B 09 0A 0A 09 09 0C 0B 0B 0C 0B 09 09 0F 0E 3C 0F 0B 0B 0D 0B 09 0E 05 0D 0E 0C 0E 0A 0D 0D 0B 0C 0D 08 0A 06 0F 0C 0D 0C 0A 0B 08 09 0B 0E 2E 0A 0D A2 23 A7 59 00 00 00 00 00 00 00 00 00 00 00 00 00 00 00 00 00 00 00 00 00 00 00 00 00 00 00 00 00 00 00 00 00 00 00 00 00 00 00 00 00 00 00 00 00 00 00 00 00 00 00 00 00 00 00 00 00 00 00 00 00 00 00 00 00 00 00 00 00 00 00 00 00 00 00 00 00 00 00 00 00 00 00 00 00 00 00 00 00 00 00 00 00 00 00 00 00 00 00 00 00 00 00 00 00 00 00 00 00 00 00 00 00 00 00 00 00 00 00 00 00 00 00 00 00 00 00 00 00 00 00 00 00 00 00 00 00 00 00 00 00 00 00 00 00 00 00 00 00 00 00 00 00 00 00 00 00 00 00 00 00 00 00 00 00 00 00 00 00 00 00 00 00 00 00 00 00 00 00 00 00 00 00 00 00 00 00 00 00 00 00 00 00 00 00 00 00 00 00 00 00 00 00 00 00 00 00 00 00 00 00 00 00 00 00 00 00 00 00 00 00 00 00 00 00 00 00 00 00 00 00 00 00 00 00 00 00 00 00 00 00 00 00 00 00 00 00 00 00 64 3D C3 B0 7E
[407454][00:01:56.119]7E FF 02 FF 05 6E EA 20 69 05 33 02 E8 4F 44 99 00 37 00 94 00 01 00 01 69 7F 94 00 50 05 01 FC 13 79 44 00 C7 0B 81 00 00 55 00 0A BF 6B 00 5C 78 EF 0C 00 33 00 00 30 00 09 05 35 35 FF FF FF FF FF FF 00 00 00 00 30 00 09 05 35 35 55 00 00 00 00 00 00 00 00 00 39 03 00 01 39 84 24 45 E8 07 02 12 09 23 07 03 01 00 01 01 00 02 02 00 0D 00 00 09 03 31 17 6E 54 4E 59 58 0F 00 0F 00 00 00 00 00 05 00 00 00 6C E7 C5 A1 53 47 5B 19 78 A1 1B 00 00 31 44 59 58 03 FB C1 01 9C 02 01 CE AD 0E CE 00 00 00 00 00 00 00 00 D2 03 89 29 7E
[407455][00:01:57.047]7E FF 02 FF 06 6E 7F 24 69 05 CD 03 3D 47 A2 9A 00 38 01 94 00 01 00 01 69 7F 94 00 50 05 01 FC 13 79 44 00 C7 0B 81 00 00 55 00 0A BF 6B 00 5C 78 EF 0C 00 33 00 00 30 00 09 05 35 35 FF FF FF FF FF FF 00 00 00 00 30 00 09 05 35 35 55 00 00 00 00 00 00 00 00 00 39 03 00 01 39 84 24 45 E8 07 02 12 09 23 07 03 01 00 01 01 00 02 02 00 0D 00 00 09 03 31 17 6E 54 4E 59 58 0F 00 0F 00 00 00 00 00 05 00 00 00 6C E7 C5 A1 53 47 5B 19 78 A1 1B 00 00 31 44 59 58 03 FB C1 01 9C 02 01 CE AD 0E CE 00 00 00 00 00 00 00 00 CD 86 10 9A 7E
[407456][00:01:57.961]7E FF 02 FF 07 6E 18 28 69 05 05 01 F2 56 01 9C 00 39 01 94 00 01 00 01 69 7F 94 04 10 00 01 14 13 3D 60 00 15 8E A2 40 00 01 00 00 2E 21 00 49 90 FF 08 00 33 00 00 30 00 09 80 44 14 20 00 00 12 74 72 07 00 00 00 04 00 04 00 BD 00 3D 00 82 B0 2C F5 00 02 52 FF BE 0D 06 C7 26 90 9E 8F 80 75 7B 69 01 04 01 04 00 00 01 12 00 00 00 00 A0 00 00 20 00 00 00 80 08 20 2E 22 14 00 00 00 20 10 3E 79 4B 39 1C 53 62 31 16 05 40 0C 1F A6 D5 00 00 00 00 00 00 00 00 00 00 00 00 00 00 00 00 00 00 00 00 00 00 00 00 00 00 00 66 B2 28 4B 7E
[407457][00:01:57.961]7E FF 02 FF 08 6E 1D 28 69 05 34 00 AD 2E 03 9C 00 39 01 10 00 01 00 02 69 7F 94 10 01 40 00 01 01 00 00 00 6C 2A 15 D1 5B 3A CF 7E
[407458][00:02:00.984]7E FF 02 FF 09 6E DB 33 69 05 DE 00 6E EE 7D A0 00 FE 03 14 01 01 00 01 69 7F 94 01 60 00 03 27 16 EB C0 00 98 5E C8 10 00 EB 00 03 1D B0 30 74 88 FF 00 00 33 00 00 11 03 00 00 01 02 83 06 D2 1E 28 0A FE FE FE FE 68 62 00 43 05 16 50 03 09 00 30 10 95 C3 10 00 3E 05 03 3A 50 02 02 00 01 20 21 02 00 1C 07 EA 06 1D 0B 00 00 08 00 20 21 02 00 00 20 01 04 00 00 20 00 02 00 00 20 01 02 00 00 20 04 02 00 00 20 0A 02 00 00 00 10 02 01 00 00 20 02 01 00 01 10 F0 D5 56 98 83 8E 08 15 8F 01 3B 87 D4 9A 8C D7 8A 23 16 82 B9 12 E4 00 00 00 00 00 00 00 00 00 00 00 00 00 00 00 00 00 00 00 00 00 00 00 00 00 00 00 00 00 00 00 00 00 00 00 00 00 00 00 00 00 00 00 00 00 00 00 00 00 00 00 00 00 00 00 00 00 00 00 00 00 00 00 00 00 00 00 00 00 00 00 00 00 00 00 00 00 00 00 00 00 00 00 00 00 00 00 00 00 00 00 00 00 00 00 00 00 00 00 00 00 00 00 00 00 00 00 00 00 00 00 00 00 00 00 00 00 00 00 00 00 00 00 00 E7 5B 71 6C 7E
[407459][00:02:01.044]7E FF 02 FF 0A 6E 77 34 69 05 C8 00 A0 46 93 A0 00 FD 03 14 01 01 00 01 69 7F 94 01 60 00 03 27 16 EB C4 00 89 5C 4C 10 00 EB 00 03 1D B0 30 74 88 FF 00 00 33 00 00 11 03 00 00 01 02 83 06 D2 1E 28 0A FE FE FE FE 68 62 00 43 05 16 50 03 09 00 30 10 95 C3 10 00 3E 05 03 3A 50 02 02 00 01 20 21 02 00 1C 07 EA 06 1D 0B 00 00 08 00 20 21 02 00 00 20 01 04 00 00 20 00 02 00 00 20 01 02 00 00 20 04 02 00 00 20 0A 02 00 00 00 10 02 01 00 00 20 02 01 00 01 10 F0 D5 56 98 83 8E 08 15 8F 01 3B 87 D4 9A 8C D7 8A 23 16 82 B9 12 E4 00 00 00 00 00 00 00 00 00 00 00 00 00 00 00 00 00 00 00 00 00 00 00 00 00 00 00 00 00 00 00 00 00 00 00 00 00 00 00 00 00 00 00 00 00 00 00 00 00 00 00 00 00 00 00 00 00 00 00 00 00 00 00 00 00 00 00 00 00 00 00 00 00 00 00 00 00 00 00 00 00 00 00 00 00 00 00 00 00 00 00 00 00 00 00 00 00 00 00 00 00 00 00 00 00 00 00 00 00 00 00 00 00 00 00 00 00 00 00 00 00 00 00 00 37 50 99 75 7E
[407460][00:02:01.118]7E FF 02 FF 0B 6E 57 34 69 05 29 02 B9 59 AD A0 00 FD 03 14 01 01 00 01 69 7F 94 01 60 00 03 27 16 EB C4 00 89 5C 4C 10 00 EB 00 03 1D B0 30 74 88 FF 00 00 33 00 00 11 03 00 00 01 02 83 06 D2 1E 28 0A FE FE FE FE 68 62 00 43 05 16 50 03 09 00 30 10 95 C3 10 00 3E 05 03 3A 50 02 02 00 01 20 21 02 00 1C 07 EA 06 1D 0B 00 00 08 00 20 21 02 00 00 20 01 04 00 00 20 00 02 00 00 20 01 02 00 00 20 04 02 00 00 20 0A 02 00 00 00 10 02 01 00 00 20 02 01 00 01 10 F0 D5 56 98 83 8E 08 15 8F 01 3B 87 D4 9A 8C D7 8A 23 16 82 B9 12 E4 00 00 00 00 00 00 00 00 00 00 00 00 00 00 00 00 00 00 00 00 00 00 00 00 00 00 00 00 00 00 00 00 00 00 00 00 00 00 00 00 00 00 00 00 00 00 00 00 00 00 00 00 00 00 00 00 00 00 00 00 00 00 00 00 00 00 00 00 00 00 00 00 00 00 00 00 00 00 00 00 00 00 00 00 00 00 00 00 00 00 00 00 00 00 00 00 00 00 00 00 00 00 00 00 00 00 00 00 00 00 00 00 00 00 00 00 00 00 00 00 00 00 00 00 27 00 5E 92 7E
[407461][00:02:01.163]7E FF 02 FF 0C 6E 8B 34 69 05 48 01 73 19 C1 A0 00 FE 03 14 01 01 00 01 69 7F 94 01 60 00 03 27 16 EB C0 00 98 5E C8 10 00 A2 00 03 1E B0 30 74 88 FF 00 00 33 00 00 11 03 00 00 01 02 83 06 D4 1E 28 0A FE FE FE FE 68 62 00 43 05 33 28 54 06 00 30 10 AB 43 10 00 3E 05 03 3B 50 02 02 00 01 20 21 02 00 1C 07 EA 06 1D 0B 00 00 08 00 20 21 02 00 00 20 01 04 00 00 20 00 02 00 00 20 01 02 00 00 20 04 02 00 00 20 0A 02 00 00 00 10 02 01 00 00 20 02 01 00 01 10 F0 D5 56 98 83 8E 08 15 8F 01 3B 87 D4 9A 8C D7 2D 73 16 E5 1D 81 B9 00 00 00 00 00 00 00 00 00 00 00 00 00 00 00 00 00 00 00 00 00 00 00 00 00 00 00 00 00 00 00 00 00 00 00 00 00 00 00 00 00 00 00 00 00 00 00 00 00 00 00 00 00 00 00 00 00 00 00 00 00 00 00 00 00 00 00 00 00 00 00 00 00 00 00 00 00 00 00 00 00 00 00 00 00 00 00 00 00 00 00 00 00 00 00 00 00 00 00 00 00 00 00 00 00 00 00 00 00 00 00 00 00 00 00 00 00 00 00 00 00 00 00 00 26 85 8C E3 7E
[407462][00:02:01.223]7E FF 02 FF 0D 6E BE 34 69 05 03 00 48 6E D4 A0 00 FD 03 14 01 01 00 01 69 7F 94 01 60 00 03 27 16 EB C4 00 89 5C 4C 10 00 A2 00 03 1E B0 30 74 88 FF 00 00 33 00 00 11 03 00 00 01 02 83 06 D4 1E 28 0A FE FE FE FE 68 62 00 43 05 33 28 54 06 00 30 10 AB 43 10 00 3E 05 03 3B 50 02 02 00 01 20 21 02 00 1C 07 EA 06 1D 0B 00 00 08 00 20 21 02 00 00 20 01 04 00 00 20 00 02 00 00 20 01 02 00 00 20 04 02 00 00 20 0A 02 00 00 00 10 02 01 00 00 20 02 01 00 01 10 F0 D5 56 98 83 8E 08 15 8F 01 3B 87 D4 9A 8C D7 2D 73 16 E5 1D 81 B9 00 00 00 00 00 00 00 00 00 00 00 00 00 00 00 00 00 00 00 00 00 00 00 00 00 00 00 00 00 00 00 00 00 00 00 00 00 00 00 00 00 00 00 00 00 00 00 00 00 00 00 00 00 00 00 00 00 00 00 00 00 00 00 00 00 00 00 00 00 00 00 00 00 00 00 00 00 00 00 00 00 00 00 00 00 00 00 00 00 00 00 00 00 00 00 00 00 00 00 00 00 00 00 00 00 00 00 00 00 00 00 00 00 00 00 00 00 00 00 00 00 00 00 00 DD 3D F3 28 7E
[407463][00:02:01.269]7E FF 02 FF 0E 6E F3 34 69 05 B1 03 11 02 E9 A0 00 FE 03 14 01 01 00 01 69 7F 94 01 60 00 03 27 16 EB C4 00 89 5C 4C 10 00 A2 00 03 1E B0 30 74 88 FF 00 00 33 00 00 11 03 00 00 01 02 83 06 D4 1E 28 0A FE FE FE FE 68 62 00 43 05 33 28 54 06 00 30 10 AB 43 10 00 3E 05 03 3B 50 02 02 00 01 20 21 02 00 1C 07 EA 06 1D 0B 00 00 08 00 20 21 02 00 00 20 01 04 00 00 20 00 02 00 00 20 01 02 00 00 20 04 02 00 00 20 0A 02 00 00 00 10 02 01 00 00 20 02 01 00 01 10 F0 D5 56 98 83 8E 08 15 8F 01 3B 87 D4 9A 8C D7 2D 73 16 E5 1D 81 B9 00 00 00 00 00 00 00 00 00 00 00 00 00 00 00 00 00 00 00 00 00 00 00 00 00 00 00 00 00 00 00 00 00 00 00 00 00 00 00 00 00 00 00 00 00 00 00 00 00 00 00 00 00 00 00 00 00 00 00 00 00 00 00 00 00 00 00 00 00 00 00 00 00 00 00 00 00 00 00 00 00 00 00 00 00 00 00 00 00 00 00 00 00 00 00 00 00 00 00 00 00 00 00 00 00 00 00 00 00 00 00 00 00 00 00 00 00 00 00 00 00 00 00 00 91 78 54 4A 7E
[407464][00:02:01.314]7E FF 02 FF 0F 6E 26 35 69 05 2B 02 B5 50 FC A0 00 FD 03 14 01 01 00 01 69 7F 94 01 60 00 03 27 16 EB C0 00 98 5E C8 10 00 F2 00 03 1F B0 30 74 88 FF 00 00 33 00 00 11 03 00 00 01 02 83 06 D5 1E 28 0A FE FE FE FE 68 62 00 43 05 25 43 54 06 00 30 10 3B 04 10 00 3E 05 03 3C 50 02 02 00 01 20 21 02 00 1C 07 EA 06 1D 0B 00 00 08 00 20 21 02 00 00 20 01 04 00 00 20 00 02 00 00 20 01 02 00 00 20 04 02 00 00 20 0A 02 00 00 00 10 02 01 00 00 20 02 01 00 01 10 F0 D5 56 98 83 8E 08 15 8F 01 3B 87 D4 9A 8C D7 49 C8 16 5E 0E C6 CD 00 00 00 00 00 00 00 00 00 00 00 00 00 00 00 00 00 00 00 00 00 00 00 00 00 00 00 00 00 00 00 00 00 00 00 00 00 00 00 00 00 00 00 00 00 00 00 00 00 00 00 00 00 00 00 00 00 00 00 00 00 00 00 00 00 00 00 00 00 00 00 00 00 00 00 00 00 00 00 00 00 00 00 00 00 00 00 00 00 00 00 00 00 00 00 00 00 00 00 00 00 00 00 00 00 00 00 00 00 00 00 00 00 00 00 00 00 00 00 00 00 00 00 00 53 71 CC C3 7E
[407465][00:02:01.375]7E FF 02 FF 10 6E 60 35 69 05 65 00 3A 44 12 A1 00 FE 03 14 01 01 00 01 69 7F 94 01 60 00 03 27 16 EB C4 00 89 5C 4C 10 00 F2 00 03 1F B0 30 74 88 FF 00 00 33 00 00 11 03 00 00 01 02 83 06 D5 1E 28 0A FE FE FE FE 68 62 00 43 05 25 43 54 06 00 30 10 3B 04 10 00 3E 05 03 3C 50 02 02 00 01 20 21 02 00 1C 07 EA 06 1D 0B 00 00 08 00 20 21 02 00 00 20 01 04 00 00 20 00 02 00 00 20 01 02 00 00 20 04 02 00 00 20 0A 02 00 00 00 10 02 01 00 00 20 02 01 00 01 10 F0 D5 56 98 83 8E 08 15 8F 01 3B 87 D4 9A 8C D7 49 C8 16 5E 0E C6 CD 00 00 00 00 00 00 00 00 00 00 00 00 00 00 00 00 00 00 00 00 00 00 00 00 00 00 00 00 00 00 00 00 00 00 00 00 00 00 00 00 00 00 00 00 00 00 00 00 00 00 00 00 00 00 00 00 00 00 00 00 00 00 00 00 00 00 00 00 00 00 00 00 00 00 00 00 00 00 00 00 00 00 00 00 00 00 00 00 00 00 00 00 00 00 00 00 00 00 00 00 00 00 00 00 00 00 00 00 00 00 00 00 00 00 00 00 00 00 00 00 00 00 00 00 48 33 F4 5A 7E
[407466][00:02:01.435]7E FF 02 FF 11 6E 94 35 69 05 02 01 D4 29 26 A1 00 FD 03 14 01 01 00 01 69 7F 94 01 60 00 03 27 16 EB C4 00 89 5C 4C 10 00 F2 00 03 1F B0 30 74 88 FF 00 00 33 00 00 11 03 00 00 01 02 83 06 D5 1E 28 0A FE FE FE FE 68 62 00 43 05 25 43 54 06 00 30 10 3B 04 10 00 3E 05 03 3C 50 02 02 00 01 20 21 02 00 1C 07 EA 06 1D 0B 00 00 08 00 20 21 02 00 00 20 01 04 00 00 20 00 02 00 00 20 01 02 00 00 20 04 02 00 00 20 0A 02 00 00 00 10 02 01 00 00 20 02 01 00 01 10 F0 D5 56 98 83 8E 08 15 8F 01 3B 87 D4 9A 8C D7 49 C8 16 5E 0E C6 CD 00 00 00 00 00 00 00 00 00 00 00 00 00 00 00 00 00 00 00 00 00 00 00 00 00 00 00 00 00 00 00 00 00 00 00 00 00 00 00 00 00 00 00 00 00 00 00 00 00 00 00 00 00 00 00 00 00 00 00 00 00 00 00 00 00 00 00 00 00 00 00 00 00 00 00 00 00 00 00 00 00 00 00 00 00 00 00 00 00 00 00 00 00 00 00 00 00 00 00 00 00 00 00 00 00 00 00 00 00 00 00 00 00 00 00 00 00 00 00 00 00 00 00 00 96 C9 72 E0 7E
[407467][00:02:02.393]7E FF 02 FF 12 6E 7A 39 69 05 26 01 30 EA A2 A2 00 FD 03 10 00 01 00 03 69 7F 94 F0 0C 14 0A 00 00 00 10 02 4B EA 94 C5 7F 53 4B 7E
[407468][00:02:04.279]7E FF 02 FF 13 6E DE 40 69 05 21 03 40 DB 74 A5 00 FD 03 10 00 01 00 03 69 7F 94 F0 0C AF 02 00 00 00 10 02 BF 76 E0 5E 3E 34 E1 7E
[407469][00:02:04.488]7E FF 02 FF 14 6E A0 41 69 05 2E 01 2C A4 BE A5 00 FD 03 54 00 01 00 01 69 7F 94 01 60 00 03 B6 12 40 E0 00 46 9A D7 10 00 63 00 0A 20 B0 30 10 88 FF 00 00 33 00 00 11 A1 00 00 01 23 D1 07 30 00 09 04 92 14 03 02 89 69 23 15 00 00 00 00 00 00 00 00 00 00 00 00 00 00 00 00 00 00 00 00 00 00 00 00 00 00 00 00 00 00 00 00 EE 28 3B A0 7E
[407470][00:02:04.548]7E FF 02 FF 15 6E D7 41 69 05 19 00 72 84 D3 A5 00 FE 03 54 00 01 00 01 69 7F 94 01 60 00 03 B6 12 40 E4 00 57 98 53 10 00 63 00 0A 20 B0 30 10 88 FF 00 00 33 00 00 11 A1 00 00 01 23 D1 07 30 00 09 04 92 14 03 02 89 69 23 15 00 00 00 00 00 00 00 00 00 00 00 00 00 00 00 00 00 00 00 00 00 00 00 00 00 00 00 00 00 00 00 00 94 00 75 8B 7E
[407471][00:02:04.578]7E FF 02 FF 16 6E FD 41 69 05 36 00 2D 07 E2 A5 00 FA 03 54 00 01 00 01 69 7F 94 01 60 00 03 B6 12 40 E4 00 57 98 53 10 00 63 00 0A 20 B0 30 10 88 FF 00 00 33 00 00 11 A1 00 00 01 23 D1 07 30 00 09 04 92 14 03 02 89 69 23 15 00 00 00 00 00 00 00 00 00 00 00 00 00 00 00 00 00 00 00 00 00 00 00 00 00 00 00 00 00 00 00 00 D7 DB 9F 85 7E
[407472][00:02:04.713]7E FF 02 FF 17 6E 84 42 69 05 1A 02 B7 B4 15 A6 00 FA 03 54 00 01 00 01 69 7F 94 01 60 00 03 B6 12 40 E4 00 57 98 53 10 00 63 00 0A 20 B0 30 10 88 FF 00 00 33 00 00 11 A1 00 00 01 23 D1 07 30 00 09 04 92 14 03 02 89 69 23 15 00 00 00 00 00 00 00 00 00 00 00 00 00 00 00 00 00 00 00 00 00 00 00 00 00 00 00 00 00 00 00 00 A9 15 14 D6 7E
[407473][00:02:04.818]7E FF 02 FF 18 6E E4 42 69 05 56 02 D1 59 3A A6 00 FD 03 54 00 01 00 01 69 7F 94 01 60 00 03 B6 12 40 E4 00 57 98 53 10 00 63 00 0A 20 B0 30 10 88 FF 00 00 33 00 00 11 A1 00 00 01 23 D1 07 30 00 09 04 92 14 03 02 89 69 23 15 00 00 00 00 00 00 00 00 00 00 00 00 00 00 00 00 00 00 00 00 00 00 00 00 00 00 00 00 00 00 00 00 5F 4A C1 FD 7E
[407474][00:02:04.878]7E FF 02 FF 19 6E 32 43 69 05 4F 00 9B EE 57 A6 00 FD 03 10 00 01 00 02 69 7F 94 10 01 00 14 01 01 01 00 00 79 DD 5D C2 5E F1 39 7E
[407475][00:02:05.478]7E FF 02 FF 1A 6E AE 45 69 05 1D 00 98 5A 24 A7 00 FD 03 15 02 01 00 00 69 7F 94 98 5A 24 A7 01 90 E8 02 00 D3 D4 29 CA 33 20 00 00 12 74 72 00 07 00 00 10 02 00 00 00 00 00 00 05 00 0F 01 00 00 64 20 00 00 12 74 72 04 00 00 01 0A D0 02 6C 02 30 00 39 00 06 0A F9 C3 D5 31 34 F2 7A A6 C0 D5 00 59 33 00 41 24 32 00 00 00 00 5F 22 23 A7 FA 39 00 00 24 00 0E 50 15 50 1C 50 31 50 0C 50 04 50 87 50 8A 50 93 51 34 50 36 50 08 50 40 51 D8 50 62 50 3E 50 1A 50 06 50 BA 51 5D 50 29 50 39 51 75 50 7C 51 BC 50 D8 51 5B 50 D9 50 9D 50 80 50 2E 50 05 50 44 51 35 50 42 51 68 51 F8 51 2D 50 34 51 E1 50 0A 51 EE 50 53 50 68 50 29 51 2D 51 DF 50 6C 51 26 51 FE 51 11 51 CF 50 1A 51 F2 50 86 50 82 50 FA 51 16 51 CA 50 AC 50 72 51 14 51 A2 50 A2 30 12 51 3C 41 50 40 25 40 20 40 3E 41 0A 40 63 40 F5 40 09 41 45 41 A5 40 4F 41 E4 40 D1 40 1E 41 2C 40 35 41 F6 40 49 40 5A 41 30 40 03 41 DA 40 F9 80 7C 15 00 01 C4 09 00 02 AC 0D 00 03 03 04 9A 05 9A 05 68 41 2E 41 01 41 60 40 0B 40 2A 40 25 40 28 40 9A 40 26 40 19 40 FD 40 47 41 70 40 42 41 03 40 4F 41 A5 40 E6 40 21 40 50 40 37 41 32 40 E8 40 4B 81 94 11 00 01 C4 09 00 02 B8 0B 00 03 03 04 9A 05 03 04 9A 05 9A 05 9A 05 F1 81 88 13 00 01 D0 07 00 02 C4 09 00 03 03 04 9A 05 CF 41 D0 41 27 41 C1 40 D1 41 D2 41 31 41 BD 41 D3 41 26 40 D4 41 D5 41 C9 41 68 41 EE 40 4C 40 20 40 32 41 2C 40 F0 80 88 13 00 01 E8 03 00 02 C4 09 00 03 03 04 9A 05 00 00 00 00 00 00 00 00 00 00 00 00 00 00 00 00 00 00 00 00 00 00 00 00 00 00 00 00 00 00 00 00 00 00 00 00 00 00 00 00 00 00 00 00 00 00 00 00 00 00 00 00 00 00 00 00 00 00 00 00 00 00 00 00 00 00 00 00 00 00 00 00 00 00 00 00 00 00 00 00 00 00 00 00 00 00 00 00 00 00 51 10 1A 2A 4A E1 8F 5C 7E
[407476][00:02:05.523]7E FF 02 FF 1B 6E 4D 45 69 05 36 02 1C B1 24 A7 01 23 0D 15 02 01 00 00 69 7F 94 7B AF 24 A7 01 20 05 00 00 03 E5 17 CA 33 20 00 00 12 74 72 00 07 00 00 10 02 00 00 00 00 00 00 05 00 0F 01 00 00 64 20 00 00 12 74 72 04 00 00 01 0A D0 02 6C 02 30 00 39 00 06 0A F9 C3 D5 31 34 F2 7A A6 C0 D5 00 59 33 00 41 24 32 00 00 00 00 5F 22 23 A7 FA 39 00 00 24 00 0E 50 15 50 1C 50 31 50 0C 50 04 50 87 50 8A 50 93 51 34 50 36 50 08 50 40 51 D8 50 62 50 3E 50 1A 50 06 50 BA 51 5D 50 29 50 39 51 75 50 7C 51 BC 50 D8 51 5B 50 D9 50 9D 50 80 50 2E 50 05 50 44 51 35 50 42 51 68 51 F8 51 2D 50 34 51 E1 50 0A 51 EE 50 53 50 68 50 29 51 2D 51 DF 50 6C 51 26 51 FE 51 11 51 CF 50 1A 51 F2 50 86 50 82 50 FA 51 16 51 CA 50 AC 50 72 51 14 51 A2 50 A2 30 12 51 3C 41 50 40 25 40 20 40 3E 41 0A 40 63 40 F5 40 09 41 45 41 A5 40 4F 41 E4 40 D1 40 1E 41 2C 40 35 41 F6 40 49 40 5A 41 30 40 03 41 DA 40 F9 80 7C 15 00 01 C4 09 00 02 AC 0D 00 03 03 04 9A 05 9A 05 68 41 2E 41 01 41 60 40 0B 40 2A 40 25 40 28 40 9A 40 26 40 19 40 FD 40 47 41 70 40 42 41 03 40 4F 41 A5 40 E6 40 21 40 50 40 37 41 32 40 E8 40 4B 81 94 11 00 01 C4 09 00 02 B8 0B 00 03 03 04 9A 05 03 04 9A 05 9A 05 9A 05 F1 81 88 13 00 01 D0 07 00 02 C4 09 00 03 03 04 9A 05 CF 41 D0 41 27 41 C1 40 D1 41 D2 41 31 41 BD 41 D3 41 26 40 D4 41 D5 41 C9 41 68 41 EE 40 4C 40 20 40 32 41 2C 40 F0 80 88 13 00 01 E8 03 00 02 C4 09 00 03 03 04 9A 05 00 00 00 00 00 00 00 00 00 00 00 00 00 00 00 00 00 00 00 00 00 00 00 00 00 00 00 00 00 00 00 00 00 00 00 00 00 00 00 00 00 00 00 00 00 00 00 00 00 00 00 00 00 00 00 00 00 00 00 00 00 00 00 00 00 00 00 00 00 00 00 00 00 00 00 00 00 00 00 00 00 00 00 00 00 00 00 00 00 00 51 10 1A 2A 25 F4 7D F1 7E
[407477][00:02:05.568]7E FF 02 FF 1C 6E 6C 45 69 05 7B 03 CA A4 31 A7 00 00 03 15 02 01 00 00 69 7F 94 C7 A4 31 A7 01 90 E8 04 00 0A 83 B6 CA 33 20 00 00 12 74 72 00 07 00 00 10 02 00 00 00 00 00 00 05 00 0F 01 00 00 64 20 00 00 12 74 72 04 00 00 01 0A D0 02 6C 02 30 00 39 00 06 0A F9 C3 D5 31 34 F2 7A A6 C0 D5 00 59 33 00 41 24 32 00 00 00 00 5F 22 23 A7 FA 39 00 00 24 00 0E 50 15 50 1C 50 31 50 0C 50 04 50 87 50 8A 50 93 51 34 50 36 50 08 50 40 51 D8 50 62 50 3E 50 1A 50 06 50 BA 51 5D 50 29 50 39 51 75 50 7C 51 BC 50 D8 51 5B 50 D9 50 9D 50 80 50 2E 50 05 50 44 51 35 50 42 51 68 51 F8 51 2D 50 34 51 E1 50 0A 51 EE 50 53 50 68 50 29 51 2D 51 DF 50 6C 51 26 51 FE 51 11 51 CF 50 1A 51 F2 50 86 50 82 50 FA 51 16 51 CA 50 AC 50 72 51 14 51 A2 50 A2 30 12 51 3C 41 50 40 25 40 20 40 3E 41 0A 40 63 40 F5 40 09 41 45 41 A5 40 4F 41 E4 40 D1 40 1E 41 2C 40 35 41 F6 40 49 40 5A 41 30 40 03 41 DA 40 F9 80 7C 15 00 01 C4 09 00 02 AC 0D 00 03 03 04 9A 05 9A 05 68 41 2E 41 01 41 60 40 0B 40 2A 40 25 40 28 40 9A 40 26 40 19 40 FD 40 47 41 70 40 42 41 03 40 4F 41 A5 40 E6 40 21 40 50 40 37 41 32 40 E8 40 4B 81 94 11 00 01 C4 09 00 02 B8 0B 00 03 03 04 9A 05 03 04 9A 05 9A 05 9A 05 F1 81 88 13 00 01 D0 07 00 02 C4 09 00 03 03 04 9A 05 CF 41 D0 41 27 41 C1 40 D1 41 D2 41 31 41 BD 41 D3 41 26 40 D4 41 D5 41 C9 41 68 41 EE 40 4C 40 20 40 32 41 2C 40 F0 80 88 13 00 01 E8 03 00 02 C4 09 00 03 03 04 9A 05 00 00 00 00 00 00 00 00 00 00 00 00 00 00 00 00 00 00 00 00 00 00 00 00 00 00 00 00 00 00 00 00 00 00 00 00 00 00 00 00 00 00 00 00 00 00 00 00 00 00 00 00 00 00 00 00 00 00 00 00 00 00 00 00 00 00 00 00 00 00 00 00 00 00 00 00 00 00 00 00 00 00 00 00 00 00 00 00 00 00 51 10 1A 2A 3E CE D2 E7 7E
[407478][00:02:05.629]7E FF 02 FF 1D 6E 90 45 69 05 A6 03 80 64 3F A7 00 00 03 15 02 01 00 00 69 7F 94 81 64 3F A7 01 90 E8 06 00 F8 94 29 CA 33 20 00 00 12 74 72 00 07 00 00 10 02 00 00 00 00 00 00 05 00 0F 01 00 00 64 20 00 00 12 74 72 04 00 00 01 0A D0 02 6C 02 30 00 39 00 06 0A F9 C3 D5 31 34 F2 7A A6 C0 D5 00 59 33 00 41 24 32 00 00 00 00 5F 22 23 A7 FA 39 00 00 24 00 0E 50 15 50 1C 50 31 50 0C 50 04 50 87 50 8A 50 93 51 34 50 36 50 08 50 40 51 D8 50 62 50 3E 50 1A 50 06 50 BA 51 5D 50 29 50 39 51 75 50 7C 51 BC 50 D8 51 5B 50 D9 50 9D 50 80 50 2E 50 05 50 44 51 35 50 42 51 68 51 F8 51 2D 50 34 51 E1 50 0A 51 EE 50 53 50 68 50 29 51 2D 51 DF 50 6C 51 26 51 FE 51 11 51 CF 50 1A 51 F2 50 86 50 82 50 FA 51 16 51 CA 50 AC 50 72 51 14 51 A2 50 A2 30 12 51 3C 41 50 40 25 40 20 40 3E 41 0A 40 63 40 F5 40 09 41 45 41 A5 40 4F 41 E4 40 D1 40 1E 41 2C 40 35 41 F6 40 49 40 5A 41 30 40 03 41 DA 40 F9 80 7C 15 00 01 C4 09 00 02 AC 0D 00 03 03 04 9A 05 9A 05 68 41 2E 41 01 41 60 40 0B 40 2A 40 25 40 28 40 9A 40 26 40 19 40 FD 40 47 41 70 40 42 41 03 40 4F 41 A5 40 E6 40 21 40 50 40 37 41 32 40 E8 40 4B 81 94 11 00 01 C4 09 00 02 B8 0B 00 03 03 04 9A 05 03 04 9A 05 9A 05 9A 05 F1 81 88 13 00 01 D0 07 00 02 C4 09 00 03 03 04 9A 05 CF 41 D0 41 27 41 C1 40 D1 41 D2 41 31 41 BD 41 D3 41 26 40 D4 41 D5 41 C9 41 68 41 EE 40 4C 40 20 40 32 41 2C 40 F0 80 88 13 00 01 E8 03 00 02 C4 09 00 03 03 04 9A 05 00 00 00 00 00 00 00 00 00 00 00 00 00 00 00 00 00 00 00 00 00 00 00 00 00 00 00 00 00 00 00 00 00 00 00 00 00 00 00 00 00 00 00 00 00 00 00 00 00 00 00 00 00 00 00 00 00 00 00 00 00 00 00 00 00 00 00 00 00 00 00 00 00 00 00 00 00 00 00 00 00 00 00 00 00 00 00 00 00 00 51 10 1A 2A 59 E9 66 CF 7E
[407479][00:02:05.675]7E FF 02 FF 1E 6E D7 45 69 05 81 01 41 45 5A A7 00 35 01 15 02 01 00 00 69 7F 94 DF 44 5A A7 15 90 E8 06 00 BC 73 6D C9 33 20 00 00 12 74 72 00 07 00 00 10 02 00 00 00 00 00 00 05 00 0F 15 10 00 64 30 00 09 80 95 26 12 00 03 01 0A D0 02 6C 02 30 00 39 00 06 0A F9 C3 D5 31 34 F2 7A A6 C0 D5 00 59 33 00 41 24 32 00 00 00 00 5F 22 23 A7 FA 39 00 00 24 00 0E 50 15 50 1C 50 31 50 0C 50 04 50 87 50 8A 50 93 51 34 50 36 50 08 50 40 51 D8 50 62 50 3E 50 1A 50 06 50 BA 51 5D 50 29 50 39 51 75 50 7C 51 BC 50 D8 51 5B 50 D9 50 9D 50 80 50 2E 50 05 50 44 51 35 50 42 51 68 51 F8 51 2D 50 34 51 E1 50 0A 51 EE 50 53 50 68 50 29 51 2D 51 DF 50 6C 51 26 51 FE 51 11 51 CF 50 1A 51 F2 50 86 50 82 50 FA 51 16 51 CA 50 AC 50 72 51 14 51 A2 50 A2 30 12 51 3C 41 50 40 25 40 20 40 3E 41 0A 40 63 40 F5 40 09 41 45 41 A5 40 4F 41 E4 40 D1 40 1E 41 2C 40 35 41 F6 40 49 40 5A 41 30 40 03 41 DA 40 F9 80 7C 15 00 01 C4 09 00 02 AC 0D 00 03 03 04 9A 05 9A 05 68 41 2E 41 01 41 60 40 0B 40 2A 40 25 40 28 40 9A 40 26 40 19 40 FD 40 47 41 70 40 42 41 03 40 4F 41 A5 40 E6 40 21 40 50 40 37 41 32 40 E8 40 4B 81 94 11 00 01 C4 09 00 02 B8 0B 00 03 03 04 9A 05 03 04 9A 05 9A 05 9A 05 F1 81 88 13 00 01 D0 07 00 02 C4 09 00 03 03 04 9A 05 CF 41 D0 41 27 41 C1 40 D1 41 D2 41 31 41 BD 41 D3 41 26 40 D4 41 D5 41 C9 41 68 41 EE 40 4C 40 20 40 32 41 2C 40 F0 80 88 13 00 01 E8 03 00 02 C4 09 00 03 03 04 9A 05 00 00 00 00 00 00 00 00 00 00 00 00 00 00 00 00 00 00 00 00 00 00 00 00 00 00 00 00 00 00 00 00 00 00 00 00 00 00 00 00 00 00 00 00 00 00 00 00 00 00 00 00 00 00 00 00 00 00 00 00 00 00 00 00 00 00 00 00 00 00 00 00 00 00 00 00 00 00 00 00 00 00 00 00 00 00 00 00 00 00 FF A9 C8 35 A0 82 54 B8 7E
[407480][00:02:05.721]7E FF 02 FF 1F 6E E5 45 69 05 84 01 A0 9D 5F A7 00 36 01 15 02 01 00 00 69 7F 94 3B 9D 5F A7 15 90 E8 06 00 93 14 84 C9 33 20 00 00 12 74 72 00 07 00 00 10 02 00 00 00 00 00 00 05 00 0F 15 10 00 64 30 00 09 80 95 26 12 00 03 01 0A D0 02 6C 02 30 00 39 00 06 0A F9 C3 D5 31 34 F2 7A A6 C0 D5 00 59 33 00 41 24 32 00 00 00 00 5F 22 23 A7 FA 39 00 00 24 00 0E 50 15 50 1C 50 31 50 0C 50 04 50 87 50 8A 50 93 51 34 50 36 50 08 50 40 51 D8 50 62 50 3E 50 1A 50 06 50 BA 51 5D 50 29 50 39 51 75 50 7C 51 BC 50 D8 51 5B 50 D9 50 9D 50 80 50 2E 50 05 50 44 51 35 50 42 51 68 51 F8 51 2D 50 34 51 E1 50 0A 51 EE 50 53 50 68 50 29 51 2D 51 DF 50 6C 51 26 51 FE 51 11 51 CF 50 1A 51 F2 50 86 50 82 50 FA 51 16 51 CA 50 AC 50 72 51 14 51 A2 50 A2 30 12 51 3C 41 50 40 25 40 20 40 3E 41 0A 40 63 40 F5 40 09 41 45 41 A5 40 4F 41 E4 40 D1 40 1E 41 2C 40 35 41 F6 40 49 40 5A 41 30 40 03 41 DA 40 F9 80 7C 15 00 01 C4 09 00 02 AC 0D 00 03 03 04 9A 05 9A 05 68 41 2E 41 01 41 60 40 0B 40 2A 40 25 40 28 40 9A 40 26 40 19 40 FD 40 47 41 70 40 42 41 03 40 4F 41 A5 40 E6 40 21 40 50 40 37 41 32 40 E8 40 4B 81 94 11 00 01 C4 09 00 02 B8 0B 00 03 03 04 9A 05 03 04 9A 05 9A 05 9A 05 F1 81 88 13 00 01 D0 07 00 02 C4 09 00 03 03 04 9A 05 CF 41 D0 41 27 41 C1 40 D1 41 D2 41 31 41 BD 41 D3 41 26 40 D4 41 D5 41 C9 41 68 41 EE 40 4C 40 20 40 32 41 2C 40 F0 80 88 13 00 01 E8 03 00 02 C4 09 00 03 03 04 9A 05 00 00 00 00 00 00 00 00 00 00 00 00 00 00 00 00 00 00 00 00 00 00 00 00 00 00 00 00 00 00 00 00 00 00 00 00 00 00 00 00 00 00 00 00 00 00 00 00 00 00 00 00 00 00 00 00 00 00 00 00 00 00 00 00 00 00 00 00 00 00 00 00 00 00 00 00 00 00 00 00 00 00 00 00 00 00 00 00 00 00 FF A9 C8 35 3F FA D7 5D 7E
[407481][00:02:05.766]7E FF 02 FF 20 6E FB 45 69 05 82 01 E2 00 68 A7 00 3A 01 15 02 01 00 00 69 7F 94 7F 00 68 A7 1C 90 E8 06 00 13 0E AF C9 33 20 00 00 12 74 72 00 07 00 00 10 02 00 00 00 00 00 00 05 00 0F 1C 10 00 64 30 00 09 80 93 77 12 00 03 01 0A D0 02 6C 02 30 00 39 00 06 0A F9 C3 D5 31 34 F2 7A A6 C0 D5 00 59 33 00 41 24 32 00 00 00 00 5F 22 23 A7 FA 39 00 00 24 00 0E 50 15 50 1C 50 31 50 0C 50 04 50 87 50 8A 50 93 51 34 50 36 50 08 50 40 51 D8 50 62 50 3E 50 1A 50 06 50 BA 51 5D 50 29 50 39 51 75 50 7C 51 BC 50 D8 51 5B 50 D9 50 9D 50 80 50 2E 50 05 50 44 51 35 50 42 51 68 51 F8 51 2D 50 34 51 E1 50 0A 51 EE 50 53 50 68 50 29 51 2D 51 DF 50 6C 51 26 51 FE 51 11 51 CF 50 1A 51 F2 50 86 50 82 50 FA 51 16 51 CA 50 AC 50 72 51 14 51 A2 50 A2 30 12 51 3C 41 50 40 25 40 20 40 3E 41 0A 40 63 40 F5 40 09 41 45 41 A5 40 4F 41 E4 40 D1 40 1E 41 2C 40 35 41 F6 40 49 40 5A 41 30 40 03 41 DA 40 F9 80 7C 15 00 01 C4 09 00 02 AC 0D 00 03 03 04 9A 05 9A 05 68 41 2E 41 01 41 60 40 0B 40 2A 40 25 40 28 40 9A 40 26 40 19 40 FD 40 47 41 70 40 42 41 03 40 4F 41 A5 40 E6 40 21 40 50 40 37 41 32 40 E8 40 4B 81 94 11 00 01 C4 09 00 02 B8 0B 00 03 03 04 9A 05 03 04 9A 05 9A 05 9A 05 F1 81 88 13 00 01 D0 07 00 02 C4 09 00 03 03 04 9A 05 CF 41 D0 41 27 41 C1 40 D1 41 D2 41 31 41 BD 41 D3 41 26 40 D4 41 D5 41 C9 41 68 41 EE 40 4C 40 20 40 32 41 2C 40 F0 80 88 13 00 01 E8 03 00 02 C4 09 00 03 03 04 9A 05 00 00 00 00 00 00 00 00 00 00 00 00 00 00 00 00 00 00 00 00 00 00 00 00 00 00 00 00 00 00 00 00 00 00 00 00 00 00 00 00 00 00 00 00 00 00 00 00 00 00 00 00 00 00 00 00 00 00 00 00 00 00 00 00 00 00 00 00 00 00 00 00 00 00 00 00 00 00 00 00 00 00 00 00 00 00 00 00 00 00 F6 EF EB 9B 51 5B AE 61 7E
[407482][00:02:05.827]7E FF 02 FF 21 6E 09 46 69 05 87 01 3F 59 6D A7 00 37 01 15 02 01 00 00 69 7F 94 DB 58 6D A7 1C 90 E8 06 00 D0 F8 F6 C9 33 20 00 00 12 74 72 00 07 00 00 10 02 00 00 00 00 00 00 05 00 0F 1C 10 00 64 30 00 09 80 93 77 12 00 03 01 0A D0 02 6C 02 30 00 39 00 06 0A F9 C3 D5 31 34 F2 7A A6 C0 D5 00 59 33 00 41 24 32 00 00 00 00 5F 22 23 A7 FA 39 00 00 24 00 0E 50 15 50 1C 50 31 50 0C 50 04 50 87 50 8A 50 93 51 34 50 36 50 08 50 40 51 D8 50 62 50 3E 50 1A 50 06 50 BA 51 5D 50 29 50 39 51 75 50 7C 51 BC 50 D8 51 5B 50 D9 50 9D 50 80 50 2E 50 05 50 44 51 35 50 42 51 68 51 F8 51 2D 50 34 51 E1 50 0A 51 EE 50 53 50 68 50 29 51 2D 51 DF 50 6C 51 26 51 FE 51 11 51 CF 50 1A 51 F2 50 86 50 82 50 FA 51 16 51 CA 50 AC 50 72 51 14 51 A2 50 A2 30 12 51 3C 41 50 40 25 40 20 40 3E 41 0A 40 63 40 F5 40 09 41 45 41 A5 40 4F 41 E4 40 D1 40 1E 41 2C 40 35 41 F6 40 49 40 5A 41 30 40 03 41 DA 40 F9 80 7C 15 00 01 C4 09 00 02 AC 0D 00 03 03 04 9A 05 9A 05 68 41 2E 41 01 41 60 40 0B 40 2A 40 25 40 28 40 9A 40 26 40 19 40 FD 40 47 41 70 40 42 41 03 40 4F 41 A5 40 E6 40 21 40 50 40 37 41 32 40 E8 40 4B 81 94 11 00 01 C4 09 00 02 B8 0B 00 03 03 04 9A 05 03 04 9A 05 9A 05 9A 05 F1 81 88 13 00 01 D0 07 00 02 C4 09 00 03 03 04 9A 05 CF 41 D0 41 27 41 C1 40 D1 41 D2 41 31 41 BD 41 D3 41 26 40 D4 41 D5 41 C9 41 68 41 EE 40 4C 40 20 40 32 41 2C 40 F0 80 88 13 00 01 E8 03 00 02 C4 09 00 03 03 04 9A 05 00 00 00 00 00 00 00 00 00 00 00 00 00 00 00 00 00 00 00 00 00 00 00 00 00 00 00 00 00 00 00 00 00 00 00 00 00 00 00 00 00 00 00 00 00 00 00 00 00 00 00 00 00 00 00 00 00 00 00 00 00 00 00 00 00 00 00 00 00 00 00 00 00 00 00 00 00 00 00 00 00 00 00 00 00 00 00 00 00 00 F6 EF EB 9B 60 8B D7 97 7E
[407483][00:02:05.873]7E FF 02 FF 22 6E D9 46 69 05 80 01 35 8C 96 A7 00 37 00 15 02 01 00 00 69 7F 94 BB 8B 96 A7 04 90 E8 04 00 E6 AA AC C9 33 20 00 00 12 74 72 00 07 00 00 10 02 00 00 00 00 00 00 05 00 0F 04 10 00 64 30 00 09 80 44 14 12 00 02 01 0A D0 02 6C 02 30 00 39 00 06 0A F9 C3 D5 31 34 F2 7A A6 C0 D5 00 59 33 00 41 24 32 00 00 00 00 5F 22 23 A7 FA 39 00 00 24 00 0E 50 15 50 1C 50 31 50 0C 50 04 50 87 50 8A 50 93 51 34 50 36 50 08 50 40 51 D8 50 62 50 3E 50 1A 50 06 50 BA 51 5D 50 29 50 39 51 75 50 7C 51 BC 50 D8 51 5B 50 D9 50 9D 50 80 50 2E 50 05 50 44 51 35 50 42 51 68 51 F8 51 2D 50 34 51 E1 50 0A 51 EE 50 53 50 68 50 29 51 2D 51 DF 50 6C 51 26 51 FE 51 11 51 CF 50 1A 51 F2 50 86 50 82 50 FA 51 16 51 CA 50 AC 50 72 51 14 51 A2 50 A2 30 12 51 3C 41 50 40 25 40 20 40 3E 41 0A 40 63 40 F5 40 09 41 45 41 A5 40 4F 41 E4 40 D1 40 1E 41 2C 40 35 41 F6 40 49 40 5A 41 30 40 03 41 DA 40 F9 80 7C 15 00 01 C4 09 00 02 AC 0D 00 03 03 04 9A 05 9A 05 68 41 2E 41 01 41 60 40 0B 40 2A 40 25 40 28 40 9A 40 26 40 19 40 FD 40 47 41 70 40 42 41 03 40 4F 41 A5 40 E6 40 21 40 50 40 37 41 32 40 E8 40 4B 81 94 11 00 01 C4 09 00 02 B8 0B 00 03 03 04 9A 05 03 04 9A 05 9A 05 9A 05 F1 81 88 13 00 01 D0 07 00 02 C4 09 00 03 03 04 9A 05 CF 41 D0 41 27 41 C1 40 D1 41 D2 41 31 41 BD 41 D3 41 26 40 D4 41 D5 41 C9 41 68 41 EE 40 4C 40 20 40 32 41 2C 40 F0 80 88 13 00 01 E8 03 00 02 C4 09 00 03 03 04 9A 05 00 00 00 00 00 00 00 00 00 00 00 00 00 00 00 00 00 00 00 00 00 00 00 00 00 00 00 00 00 00 00 00 00 00 00 00 00 00 00 00 00 00 00 00 00 00 00 00 00 00 00 00 00 00 00 00 00 00 00 00 00 00 00 00 00 00 00 00 00 00 00 00 00 00 00 00 00 00 00 00 00 00 00 00 00 00 00 00 00 00 7D E6 1D 12 D8 FF C6 17 7E
[407484][00:02:06.083]7E FF 02 FF 23 6E AB 47 69 05 68 01 9B CC 0C A8 00 36 01 15 02 01 00 00 69 7F 94 FF CB 0C A8 62 90 E8 04 00 5B DE C7 C9 33 20 00 00 12 74 72 00 07 00 00 10 02 00 00 00 00 00 00 05 00 0F 62 10 00 64 30 00 09 81 09 37 12 00 02 01 0A D0 02 6C 02 30 00 39 00 06 0A F9 C3 D5 31 34 F2 7A A6 C0 D5 00 59 33 00 41 24 32 00 00 00 00 5F 22 23 A7 FA 39 00 00 24 00 0E 50 15 50 1C 50 31 50 0C 50 04 50 87 50 8A 50 93 51 34 50 36 50 08 50 40 51 D8 50 62 50 3E 50 1A 50 06 50 BA 51 5D 50 29 50 39 51 75 50 7C 51 BC 50 D8 51 5B 50 D9 50 9D 50 80 50 2E 50 05 50 44 51 35 50 42 51 68 51 F8 51 2D 50 34 51 E1 50 0A 51 EE 50 53 50 68 50 29 51 2D 51 DF 50 6C 51 26 51 FE 51 11 51 CF 50 1A 51 F2 50 86 50 82 50 FA 51 16 51 CA 50 AC 50 72 51 14 51 A2 50 A2 30 12 51 3C 41 50 40 25 40 20 40 3E 41 0A 40 63 40 F5 40 09 41 45 41 A5 40 4F 41 E4 40 D1 40 1E 41 2C 40 35 41 F6 40 49 40 5A 41 30 40 03 41 DA 40 F9 80 7C 15 00 01 C4 09 00 02 AC 0D 00 03 03 04 9A 05 9A 05 68 41 2E 41 01 41 60 40 0B 40 2A 40 25 40 28 40 9A 40 26 40 19 40 FD 40 47 41 70 40 42 41 03 40 4F 41 A5 40 E6 40 21 40 50 40 37 41 32 40 E8 40 4B 81 94 11 00 01 C4 09 00 02 B8 0B 00 03 03 04 9A 05 03 04 9A 05 9A 05 9A 05 F1 81 88 13 00 01 D0 07 00 02 C4 09 00 03 03 04 9A 05 CF 41 D0 41 27 41 C1 40 D1 41 D2 41 31 41 BD 41 D3 41 26 40 D4 41 D5 41 C9 41 68 41 EE 40 4C 40 20 40 32 41 2C 40 F0 80 88 13 00 01 E8 03 00 02 C4 09 00 03 03 04 9A 05 00 00 00 00 00 00 00 00 00 00 00 00 00 00 00 00 00 00 00 00 00 00 00 00 00 00 00 00 00 00 00 00 00 00 00 00 00 00 00 00 00 00 00 00 00 00 00 00 00 00 00 00 00 00 00 00 00 00 00 00 00 00 00 00 00 00 00 00 00 00 00 00 00 00 00 00 00 00 00 00 00 00 00 00 00 00 00 00 00 00 7C 0D 35 82 DB B1 71 89 7E
[407485][00:02:06.158]7E FF 02 FF 25 6E CF 47 69 05 7E 01 1E 88 1A A8 00 34 01 15 02 01 00 00 69 7F 94 9F 87 1A A8 3E 90 E8 04 00 49 5A EC C9 33 20 00 00 12 74 72 00 07 00 00 10 02 00 00 00 00 00 00 05 00 0F 3E 10 00 64 30 00 09 80 94 75 12 00 02 01 0A D0 02 6C 02 30 00 39 00 06 0A F9 C3 D5 31 34 F2 7A A6 C0 D5 00 59 33 00 41 24 32 00 00 00 00 5F 22 23 A7 FA 39 00 00 24 00 0E 50 15 50 1C 50 31 50 0C 50 04 50 87 50 8A 50 93 51 34 50 36 50 08 50 40 51 D8 50 62 50 3E 50 1A 50 06 50 BA 51 5D 50 29 50 39 51 75 50 7C 51 BC 50 D8 51 5B 50 D9 50 9D 50 80 50 2E 50 05 50 44 51 35 50 42 51 68 51 F8 51 2D 50 34 51 E1 50 0A 51 EE 50 53 50 68 50 29 51 2D 51 DF 50 6C 51 26 51 FE 51 11 51 CF 50 1A 51 F2 50 86 50 82 50 FA 51 16 51 CA 50 AC 50 72 51 14 51 A2 50 A2 30 12 51 3C 41 50 40 25 40 20 40 3E 41 0A 40 63 40 F5 40 09 41 45 41 A5 40 4F 41 E4 40 D1 40 1E 41 2C 40 35 41 F6 40 49 40 5A 41 30 40 03 41 DA 40 F9 80 7C 15 00 01 C4 09 00 02 AC 0D 00 03 03 04 9A 05 9A 05 68 41 2E 41 01 41 60 40 0B 40 2A 40 25 40 28 40 9A 40 26 40 19 40 FD 40 47 41 70 40 42 41 03 40 4F 41 A5 40 E6 40 21 40 50 40 37 41 32 40 E8 40 4B 81 94 11 00 01 C4 09 00 02 B8 0B 00 03 03 04 9A 05 03 04 9A 05 9A 05 9A 05 F1 81 88 13 00 01 D0 07 00 02 C4 09 00 03 03 04 9A 05 CF 41 D0 41 27 41 C1 40 D1 41 D2 41 31 41 BD 41 D3 41 26 40 D4 41 D5 41 C9 41 68 41 EE 40 4C 40 20 40 32 41 2C 40 F0 80 88 13 00 01 E8 03 00 02 C4 09 00 03 03 04 9A 05 00 00 00 00 00 00 00 00 00 00 00 00 00 00 00 00 00 00 00 00 00 00 00 00 00 00 00 00 00 00 00 00 00 00 00 00 00 00 00 00 00 00 00 00 00 00 00 00 00 00 00 00 00 00 00 00 00 00 00 00 00 00 00 00 00 00 00 00 00 00 00 00 00 00 00 00 00 00 00 00 00 00 00 00 00 00 00 00 00 00 03 AC C5 57 FD A0 01 80 7E
[407486][00:02:06.204]7E FF 02 FF 26 6E DD 47 69 05 85 01 79 E0 1F A8 00 34 01 15 02 01 00 00 69 7F 94 FB DF 1F A8 3E 90 E8 04 00 52 AC D5 C9 33 20 00 00 12 74 72 00 07 00 00 10 02 00 00 00 00 00 00 05 00 0F 3E 10 00 64 30 00 09 80 94 75 12 00 02 01 0A D0 02 6C 02 30 00 39 00 06 0A F9 C3 D5 31 34 F2 7A A6 C0 D5 00 59 33 00 41 24 32 00 00 00 00 5F 22 23 A7 FA 39 00 00 24 00 0E 50 15 50 1C 50 31 50 0C 50 04 50 87 50 8A 50 93 51 34 50 36 50 08 50 40 51 D8 50 62 50 3E 50 1A 50 06 50 BA 51 5D 50 29 50 39 51 75 50 7C 51 BC 50 D8 51 5B 50 D9 50 9D 50 80 50 2E 50 05 50 44 51 35 50 42 51 68 51 F8 51 2D 50 34 51 E1 50 0A 51 EE 50 53 50 68 50 29 51 2D 51 DF 50 6C 51 26 51 FE 51 11 51 CF 50 1A 51 F2 50 86 50 82 50 FA 51 16 51 CA 50 AC 50 72 51 14 51 A2 50 A2 30 12 51 3C 41 50 40 25 40 20 40 3E 41 0A 40 63 40 F5 40 09 41 45 41 A5 40 4F 41 E4 40 D1 40 1E 41 2C 40 35 41 F6 40 49 40 5A 41 30 40 03 41 DA 40 F9 80 7C 15 00 01 C4 09 00 02 AC 0D 00 03 03 04 9A 05 9A 05 68 41 2E 41 01 41 60 40 0B 40 2A 40 25 40 28 40 9A 40 26 40 19 40 FD 40 47 41 70 40 42 41 03 40 4F 41 A5 40 E6 40 21 40 50 40 37 41 32 40 E8 40 4B 81 94 11 00 01 C4 09 00 02 B8 0B 00 03 03 04 9A 05 03 04 9A 05 9A 05 9A 05 F1 81 88 13 00 01 D0 07 00 02 C4 09 00 03 03 04 9A 05 CF 41 D0 41 27 41 C1 40 D1 41 D2 41 31 41 BD 41 D3 41 26 40 D4 41 D5 41 C9 41 68 41 EE 40 4C 40 20 40 32 41 2C 40 F0 80 88 13 00 01 E8 03 00 02 C4 09 00 03 03 04 9A 05 00 00 00 00 00 00 00 00 00 00 00 00 00 00 00 00 00 00 00 00 00 00 00 00 00 00 00 00 00 00 00 00 00 00 00 00 00 00 00 00 00 00 00 00 00 00 00 00 00 00 00 00 00 00 00 00 00 00 00 00 00 00 00 00 00 00 00 00 00 00 00 00 00 00 00 00 00 00 00 00 00 00 00 00 00 00 00 00 00 00 03 AC C5 57 69 76 AD 7A 7E
[407487][00:02:08.747]7E FF 02 FF 27 6E 4B 52 69 05 78 01 CB 6C 1A AC 00 34 01 10 00 01 00 03 69 7F 94 F0 0C F9 2C 00 00 00 10 02 91 99 EB 3A 1F 7B 0A 7E
[407488][00:02:08.792]7E FF 02 FF 28 6E 7E 52 69 05 FA 00 6F D3 2D AC 00 34 01 10 00 01 00 02 69 7F 94 01 2E 00 00 01 13 00 00 00 81 C3 39 1C E6 93 E1 7E
[407489][00:02:08.838]7E FF 02 FF 29 6E F7 52 69 05 E3 03 F1 18 36 AC 00 39 00 94 00 01 00 01 69 7F 94 2E 80 0D 01 FC 13 79 44 00 78 C9 AC E0 02 D8 00 04 06 EF 00 40 70 EF 04 00 33 00 00 07 00 00 00 2E 00 2E 00 36 00 34 00 02 41 12 00 00 60 00 00 00 10 00 00 00 20 01 00 88 80 00 00 06 99 00 C8 08 04 08 81 20 00 06 02 00 82 D6 04 02 00 00 00 00 00 00 00 00 20 04 00 00 00 00 04 9C A5 13 59 00 00 00 00 00 00 00 00 00 00 00 00 00 00 00 00 00 00 00 00 00 00 00 00 00 00 00 00 00 00 00 00 00 00 00 00 00 00 00 00 00 00 00 00 00 00 00 00 CE 38 19 B3 7E
[407490][00:02:08.853]7E FF 02 FF 2A 6E A0 52 69 05 3F 01 CC CC 3A AC 00 39 00 94 00 01 00 01 69 7F 94 2E 80 0D 01 FC 13 79 40 00 69 CB 28 E0 02 D8 00 04 07 EF 00 40 70 EF 04 00 33 00 00 07 00 00 00 2E 00 2E 00 34 00 34 00 02 40 12 00 00 60 00 00 00 10 00 00 00 20 01 00 88 80 00 00 06 98 00 48 08 04 08 81 20 00 06 02 00 82 C6 04 02 00 00 00 00 00 00 00 00 20 04 00 00 00 00 04 C6 B8 21 65 00 00 00 00 00 00 00 00 00 00 00 00 00 00 00 00 00 00 00 00 00 00 00 00 00 00 00 00 00 00 00 00 00 00 00 00 00 00 00 00 00 00 00 00 00 00 00 00 A9 03 F9 27 7E
[407491][00:02:08.868]7E FF 02 FF 2B 6E C1 52 69 05 E0 02 45 93 47 AC 00 39 00 10 00 01 00 02 69 7F 94 01 2E 00 00 01 1F 00 00 00 41 C3 3A 90 3F 5D 85 7E
[407492][00:02:08.897]7E FF 02 FF 2C 6E D7 52 69 05 0F 02 9C DE 4F AC 00 39 00 94 00 01 00 01 69 7F 94 2E 80 0D 01 FC 13 79 40 00 69 CB 28 E0 02 01 00 04 08 EF 00 5C 70 EF 0C 00 33 00 00 30 00 09 04 16 28 20 00 00 12 74 72 00 00 00 00 30 00 09 04 44 66 2E 10 00 00 00 00 00 00 00 00 39 03 00 01 48 77 15 45 E8 07 02 12 09 23 07 03 01 00 01 01 00 02 02 00 0D 00 00 09 03 31 17 6E 54 4E 59 58 0E 00 0E 00 00 00 00 00 0F 00 00 00 57 58 0B 0A A9 65 08 B6 59 82 1A 00 00 31 44 59 58 03 FB C1 01 9C 02 01 DE FE D1 F0 00 00 00 00 00 00 00 00 9D 37 7D 69 7E
[407493][00:02:08.913]7E FF 02 FF 2D 6E DF 52 69 05 28 01 E0 D7 52 AC 00 39 00 10 00 01 00 02 69 7F 94 10 D8 E0 02 01 00 00 00 00 2A 1D BB BE 38 E5 B8 7E
[407494][00:02:08.913]7E FF 02 FF 2E 6E 55 53 69 05 00 02 E9 BF 58 AC 01 23 0D 10 00 01 00 02 69 7F 94 00 01 80 0D 00 A7 03 00 00 2C 7D 41 84 D8 F3 C1 7E
[407495][00:02:08.929]7E FF 02 FF 2F 6E FA 52 69 05 46 02 15 41 5D AC 00 39 00 10 00 01 00 02 69 7F 94 10 2E 00 00 01 1F 00 00 00 53 C3 A6 8C FD F2 E2 7E
[407496][00:02:08.944]7E FF 02 FF 30 6E 0F 53 69 05 78 02 68 49 65 AC 00 39 00 10 00 01 00 02 69 7F 94 01 2E 00 00 01 FC 00 00 00 70 0D 86 93 2B 9F C8 7E
[407497][00:02:08.959]7E FF 02 FF 31 6E 05 53 69 05 2E 03 FA EB 5F AC 01 22 0F 94 00 01 00 01 69 7F 94 01 80 0D 01 E8 30 00 10 00 0E B5 D2 10 00 D8 00 05 23 B0 00 34 88 FF 00 00 33 00 00 01 00 00 00 30 00 09 04 44 66 20 00 00 12 74 72 0A 03 32 31 2E 00 01 01 48 77 15 45 E1 93 04 00 0F 00 00 00 0C 46 00 00 00 00 00 00 00 00 00 00 00 00 00 00 9D B9 2F B6 00 00 00 00 00 00 00 00 00 00 00 00 00 00 00 00 00 00 00 00 00 00 00 00 00 00 00 00 00 00 00 00 00 00 00 00 00 00 00 00 00 00 00 00 00 00 00 00 00 00 00 00 00 00 00 00 00 00 00 00 1C 29 A4 B9 7E
[407498][00:02:09.020]7E FF 02 FF 32 6E 4E 53 69 05 61 00 7B 19 7D AC 00 3A 00 94 00 01 00 01 69 7F 94 D8 E0 02 01 24 14 79 44 00 F5 BC 99 80 0D 2E 00 00 03 17 00 34 10 FF 08 00 33 00 00 30 00 15 61 49 26 30 00 09 04 16 28 01 00 00 00 30 00 09 04 44 66 20 00 00 12 74 72 0A 03 32 31 2E 00 01 01 48 77 15 45 E1 93 04 00 0F 00 00 00 0C 46 00 00 00 00 00 00 00 00 00 00 00 00 00 00 9D B9 2F B6 00 00 00 00 00 00 00 00 00 00 00 00 00 00 00 00 00 00 00 00 00 00 00 00 00 00 00 00 00 00 00 00 00 00 00 00 00 00 00 00 00 00 00 00 00 00 00 00 F9 22 4A 99 7E
[407499][00:02:09.050]7E FF 02 FF 33 6E 74 53 69 05 AE 00 C2 A4 8B AC 00 3A 00 10 00 01 00 02 69 7F 94 10 2E 00 00 01 0C 00 00 00 62 02 26 B9 AE 90 CB 7E
[407500][00:02:09.096]7E FF 02 FF 34 6E 8A 53 69 05 8F 01 33 18 94 AC 00 3C 00 94 00 01 00 01 69 7F 94 2E 80 0D 01 FC 13 79 40 00 69 CB 28 E0 02 01 00 04 09 EF 00 5C 70 EF 0C 00 33 00 00 30 00 09 04 16 28 20 00 00 12 74 72 00 00 00 00 30 00 09 04 11 20 2E 10 00 00 00 00 00 00 00 00 39 03 00 01 83 42 12 45 E8 07 02 12 09 23 07 03 01 00 01 01 00 02 02 00 0D 00 00 09 03 31 17 6E 54 4E 59 58 22 00 22 00 00 00 00 00 04 00 00 00 F8 4B 90 9B 50 2A 2A 74 FC 7D 1A 00 00 31 44 59 58 03 FB C1 01 9C 02 01 92 D6 76 79 00 00 00 00 00 00 00 00 72 2C 16 AD 7E
[407501][00:02:09.096]7E FF 02 FF 35 6E 96 53 69 05 15 02 8E BA 98 AC 00 38 00 94 00 01 00 01 69 7F 94 2E 80 0D 01 FC 13 79 40 00 69 CB 28 E0 02 01 00 04 0A EF 00 5C 70 EF 0C 00 33 00 00 30 00 09 04 16 28 20 00 00 12 74 72 00 00 00 00 30 00 09 03 54 73 2E 10 00 00 00 00 00 00 00 00 39 03 00 01 18 78 06 45 E8 07 02 12 09 23 07 03 01 00 01 01 00 02 02 00 0D 00 00 09 03 31 17 6E 54 4E 59 58 0E 00 0E 00 00 00 00 00 04 00 00 00 71 30 66 A8 6A 21 CE 54 78 6B 1A 00 00 31 44 59 58 03 FB C1 01 9C 02 01 ED 81 CB C0 00 00 00 00 00 00 00 00 F5 0A 3F 2F 7E
[407502][00:02:09.096]7E FF 02 FF 36 6E A4 53 69 05 48 01 DE F6 9C AC 01 22 0D 10 00 01 00 02 69 7F 94 00 01 80 0D 00 A8 03 00 00 DC BD 42 38 08 0C 92 7E
[407503][00:02:09.111]7E FF 02 FF 37 6E 23 54 69 05 99 00 69 31 A7 AC 01 23 0C 10 00 01 00 02 69 7F 94 00 01 80 0D 00 A8 04 00 00 DE CD 8A 7A 61 72 26 7E
[407504][00:02:09.141]7E FF 02 FF 38 6E 20 54 69 05 18 02 A3 37 A7 AC 00 39 00 94 00 01 00 01 69 7F 94 2E 80 0D 01 FC 13 79 40 00 69 CB 28 E0 02 01 00 04 0C EF 00 5C 70 EF 0C 00 33 00 00 30 00 09 04 16 28 20 00 00 12 74 72 00 00 00 00 30 00 09 05 36 51 2E 10 00 00 00 00 00 00 00 00 39 03 00 01 97 95 24 45 E8 07 02 12 09 23 07 03 01 00 01 01 00 02 02 00 0D 00 00 09 03 31 17 6E 54 4E 59 58 0E 00 0E 00 00 00 00 00 01 00 00 00 E2 02 F4 29 E6 E0 B2 C6 9D 9D 1A 00 00 31 44 59 58 03 FB C1 01 9C 02 01 EB 39 19 D2 00 00 00 00 00 00 00 00 A5 2B CE 9D 7E
[407505][00:02:09.141]7E FF 02 FF 39 6E C4 53 69 05 31 03 37 66 AA AC 00 39 00 10 00 01 00 02 69 7F 94 10 D8 E0 02 01 FD 01 00 00 FA 42 C4 E1 F5 0B 9C 7E
[407506][00:02:09.157]7E FF 02 FF 3A 6E CC 53 69 05 3F 03 B9 70 AD AC 00 3C 00 94 00 01 00 01 69 7F 94 2E 80 0D 01 FC 13 79 40 00 69 CB 28 E0 02 01 00 04 0D EF 00 5C 70 EF 0C 00 33 00 00 30 00 09 04 16 28 20 00 00 12 74 72 00 00 00 00 30 00 09 04 00 44 2E 00 00 00 00 00 00 00 00 00 39 03 00 01 22 35 11 45 E8 07 02 12 09 23 07 03 01 00 01 01 00 02 02 00 0D 00 00 09 03 31 17 6E 54 4E 59 58 0E 00 0E 00 00 00 00 00 01 00 00 00 20 14 A7 6A AA 7E 5B 09 47 6F 1A 00 00 31 44 59 58 03 FB C1 01 9C 02 01 2B 61 35 14 00 00 00 00 00 00 00 00 03 42 D2 5A 7E
[407507][00:02:09.157]7E FF 02 FF 3B 6E D3 53 69 05 7B 03 2F 19 AF AC 01 22 0C 10 00 01 00 02 69 7F 94 00 01 80 0D 00 A6 05 00 00 3E 5D C9 CF D5 2D 2D 7E
[407508][00:02:09.172]7E FF 02 FF 3C 6E DD 53 69 05 50 00 D6 08 B2 AC 01 23 10 94 00 01 00 01 69 7F 94 01 80 0D 01 E8 30 00 10 00 0E B5 D2 10 00 D8 00 05 24 B0 00 34 88 FF 00 00 33 00 00 01 00 00 00 30 00 09 04 11 20 20 00 00 12 74 72 0A 03 E7 30 2E 00 01 01 83 42 12 45 E1 93 04 00 04 00 00 00 0D 46 00 00 00 00 00 00 00 00 00 00 00 00 00 00 8A EA 57 29 00 00 00 00 00 00 00 00 00 00 00 00 00 00 00 00 00 00 00 00 00 00 00 00 00 00 00 00 00 00 00 00 00 00 00 00 00 00 00 00 00 00 00 00 00 00 00 00 00 00 00 00 00 00 00 00 00 00 00 00 1C E2 44 6C 7E
[407509][00:02:09.233]7E FF 02 FF 3D 6E 15 54 69 05 D3 00 E7 73 C7 AC 01 23 10 94 00 01 00 01 69 7F 94 01 80 0D 01 E8 30 00 10 00 0E B5 D2 10 00 D8 00 05 25 B0 00 36 88 FF 00 00 33 00 00 01 00 00 00 30 00 09 03 54 73 20 00 00 12 74 72 0A 03 34 31 2E 00 01 01 18 78 06 45 E1 93 04 00 04 00 00 00 0E 46 00 00 00 00 00 00 01 00 00 00 02 00 00 00 EF 00 9A 0F 8C 00 00 00 00 00 00 00 00 00 00 00 00 00 00 00 00 00 00 00 00 00 00 00 00 00 00 00 00 00 00 00 00 00 00 00 00 00 00 00 00 00 00 00 00 00 00 00 00 00 00 00 00 00 00 00 00 00 00 00 01 F4 70 84 7E
[407510][00:02:09.264]7E FF 02 FF 3E 6E 3C 54 69 05 51 00 7C E0 D7 AC 00 3A 00 94 00 01 00 01 69 7F 94 2E F0 FF 01 99 12 79 46 00 F8 1A 11 E0 02 FF 2F 03 0E EF 00 34 70 EF 04 00 33 00 00 01 00 00 00 30 00 09 04 44 66 20 00 00 12 74 72 0A 03 32 31 2E 00 01 01 48 77 15 45 E1 93 04 00 0F 00 00 00 0C 46 00 00 00 00 00 00 00 00 00 00 00 00 00 00 9D B9 2F B6 00 00 00 00 00 00 00 00 00 00 00 00 00 00 00 00 00 00 00 00 00 00 00 00 00 00 00 00 00 00 00 00 00 00 00 00 00 00 00 00 00 00 00 00 00 00 00 00 00 00 00 00 00 00 00 00 00 00 00 00 20 A5 96 36 7E
[407511][00:02:09.264]7E FF 02 FF 3F 6E 43 54 69 05 AC 03 CA D7 D9 AC 01 22 0D 10 00 01 00 02 69 7F 94 00 01 80 0D 00 A9 04 00 00 CF 8D 0E 40 C1 C2 BD 7E
[407512][00:02:09.264]7E FF 02 FF 40 6E 57 54 69 05 A5 02 4C 6C E2 AC 00 3A 00 10 00 01 00 02 69 7F 94 01 2E 80 0D 01 06 00 00 00 B3 6D 89 45 E8 1A 89 7E
[407513][00:02:09.294]7E FF 02 FF 41 6E 4D 54 69 05 02 03 46 07 DD AC 01 22 10 94 00 01 00 01 69 7F 94 01 80 0D 01 E8 30 00 10 00 0E B5 D2 10 00 D8 00 05 26 B0 00 34 88 FF 00 00 33 00 00 01 00 00 00 30 00 09 04 43 84 20 00 00 12 74 72 0A 03 F4 20 2E 00 01 01 25 69 15 45 E1 93 04 00 04 00 00 00 0F 46 00 00 00 00 00 00 00 00 00 00 00 00 00 00 D7 FD CC CA 00 00 00 00 00 00 00 00 00 00 00 00 00 00 00 00 00 00 00 00 00 00 00 00 00 00 00 00 00 00 00 00 00 00 00 00 00 00 00 00 00 00 00 00 00 00 00 00 00 00 00 00 00 00 00 00 00 00 00 00 CD 82 8C 97 7E
[407514][00:02:09.309]7E FF 02 FF 42 6E 79 54 69 05 48 00 F9 1E EE AC 01 22 0D 10 00 01 00 02 69 7F 94 00 01 80 0D 00 AA 04 00 00 FF 4D 0E 07 0A CA 69 7E
[407515][00:02:09.353]7E FF 02 FF 43 6E EB 54 69 05 1A 03 B1 28 F3 AC 01 23 0F 94 00 01 00 01 69 7F 94 01 80 0D 01 E8 30 00 10 00 0E B5 D2 10 00 D8 00 05 27 B0 00 34 88 FF 00 00 33 00 00 01 00 00 00 30 00 09 05 36 51 20 00 00 12 74 72 0A 03 4C 30 2E 00 01 01 97 95 24 45 E1 93 04 00 01 00 00 00 10 46 00 00 00 00 00 00 00 00 00 00 00 00 00 00 89 C5 BC E2 00 00 00 00 00 00 00 00 00 00 00 00 00 00 00 00 00 00 00 00 00 00 00 00 00 00 00 00 00 00 00 00 00 00 00 00 00 00 00 00 00 00 00 00 00 00 00 00 00 00 00 00 00 00 00 00 00 00 00 00 DD BE ED C1 7E
[407516][00:02:09.353]7E FF 02 FF 44 6E 9E 54 69 05 58 03 94 93 FD AC 00 3A 00 10 00 01 00 02 69 7F 94 10 2E 80 0D 01 14 00 00 00 81 EC 11 88 A5 D1 02 7E
[407517][00:02:09.398]7E FF 02 FF 45 6E B6 54 69 05 D3 01 C7 F7 04 AD 01 22 10 94 00 01 00 01 69 7F 94 01 80 0D 01 E8 30 00 10 00 0E B5 D2 10 00 D8 00 05 28 B0 00 34 88 FF 00 00 33 00 00 01 00 00 00 30 00 09 04 00 44 20 00 00 12 74 72 0A 03 F9 20 2E 00 01 01 22 35 11 45 E1 93 04 00 01 00 00 00 11 46 00 00 00 00 00 00 00 00 00 00 00 00 00 00 24 F0 30 7E 00 00 00 00 00 00 00 00 00 00 00 00 00 00 00 00 00 00 00 00 00 00 00 00 00 00 00 00 00 00 00 00 00 00 00 00 00 00 00 00 00 00 00 00 00 00 00 00 00 00 00 00 00 00 00 00 00 00 00 00 A1 3C 08 B3 7E
[407518][00:02:09.534]7E FF 02 FF 46 6E B3 55 69 05 D9 00 98 D5 40 AD 00 39 00 94 00 01 00 01 69 7F 94 2E 80 0D 01 FC 13 79 40 00 69 CB 28 E0 02 01 00 04 10 EF 00 5C 70 EF 0C 00 33 00 00 30 00 09 04 16 28 20 00 00 12 74 72 00 00 00 00 30 00 09 04 11 19 2E 00 00 00 00 00 00 00 00 00 39 03 00 01 76 42 12 45 E8 07 02 12 09 23 07 03 01 00 01 01 00 02 02 00 0D 00 00 09 03 31 17 6E 54 4E 59 58 10 00 10 00 00 00 00 00 03 00 00 00 44 2F 0A D0 55 05 65 D8 F3 7D 1A 00 00 31 44 59 58 03 FB C1 01 9C 02 01 CB AF E4 39 00 00 00 00 00 00 00 00 D3 73 A8 83 7E
[407519][00:02:09.549]7E FF 02 FF 47 6E 69 55 69 05 3D 01 DB C3 49 AD 01 22 0C 10 00 01 00 02 69 7F 94 00 01 80 0D 00 A6 03 00 00 3D 3D C5 37 C6 95 B1 7E
[407520][00:02:09.595]7E FF 02 FF 48 6E 88 55 69 05 8E 02 84 25 55 AD 01 22 10 94 00 01 00 01 69 7F 94 01 80 0D 01 E8 30 00 10 00 0E B5 D2 10 00 D8 00 05 29 B0 00 34 88 FF 00 00 33 00 00 01 00 00 00 30 00 09 04 11 19 20 00 00 12 74 72 0A 03 27 21 2E 00 01 01 76 42 12 45 E1 93 04 00 03 00 00 00 12 46 00 00 00 00 00 00 00 00 00 00 00 00 00 00 0B 5A B8 85 00 00 00 00 00 00 00 00 00 00 00 00 00 00 00 00 00 00 00 00 00 00 00 00 00 00 00 00 00 00 00 00 00 00 00 00 00 00 00 00 00 00 00 00 00 00 00 00 00 00 00 00 00 00 00 00 00 00 00 00 8B A0 9C AA 7E
[407521][00:02:09.626]7E FF 02 FF 49 6E B4 55 69 05 51 02 15 7B 66 AD 01 22 0C 10 00 01 00 02 69 7F 94 00 01 80 0D 00 A6 03 00 00 3D 3D C5 29 AB 7E C0 7E
[407522][00:02:09.686]7E FF 02 FF 4A 6E DF 55 69 05 ED 02 5B 5F 76 AD 01 22 10 94 00 01 00 01 69 7F 94 01 80 0D 01 E8 30 00 10 00 0E B5 D2 10 00 D8 00 05 2A B0 00 34 88 FF 00 00 33 00 00 01 00 00 00 30 00 09 04 92 37 20 00 00 12 74 72 0A 02 3C 21 D8 00 01 01 56 54 20 45 E1 93 04 00 05 00 00 00 13 46 00 00 00 00 00 00 00 00 00 00 00 00 00 00 65 F6 74 E1 00 00 00 00 00 00 00 00 00 00 00 00 00 00 00 00 00 00 00 00 00 00 00 00 00 00 00 00 00 00 00 00 00 00 00 00 00 00 00 00 00 00 00 00 00 00 00 00 00 00 00 00 00 00 00 00 00 00 00 00 86 B6 8E 2D 7E
[407523][00:02:09.701]7E FF 02 FF 4B 6E F8 55 69 05 DF 02 C0 7F 81 AD 00 3A 00 94 00 01 00 01 69 7F 94 D8 F0 FF 01 C1 12 79 42 00 04 0E CF 80 0D FF 2F 03 0B 17 00 34 10 FF 08 00 33 00 00 30 00 15 61 49 26 FF FF FF FF FF FF 01 00 00 00 30 00 09 04 92 37 20 00 00 12 74 72 0A 02 3C 21 D8 00 01 01 56 54 20 45 E1 93 04 00 05 00 00 00 13 46 00 00 00 00 00 00 00 00 00 00 00 00 00 00 65 F6 74 E1 00 00 00 00 00 00 00 00 00 00 00 00 00 00 00 00 00 00 00 00 00 00 00 00 00 00 00 00 00 00 00 00 00 00 00 00 00 00 00 00 00 00 00 00 00 00 00 00 2F C4 7C 5D 7E
[407524][00:02:09.760]7E FF 02 FF 4C 6E 39 56 69 05 8B 02 2C 43 9A AD 00 FE 03 54 00 01 00 01 69 7F 94 01 60 00 03 B6 12 40 E4 00 57 98 53 10 00 63 00 0A 20 B0 30 10 88 FF 00 00 33 00 00 11 A1 00 00 01 23 D1 07 30 00 09 04 92 14 03 02 89 69 23 15 00 00 00 00 00 00 00 00 00 00 00 00 00 00 00 00 00 00 00 00 00 00 00 00 00 00 00 00 00 00 00 00 8D 88 A8 A3 7E
[407525][00:02:09.805]7E FF 02 FF 4D 6E 61 56 69 05 71 00 53 50 A9 AD 00 FE 03 54 00 01 00 01 69 7F 94 01 60 00 03 B6 12 40 E4 00 57 98 53 10 00 63 00 0A 20 B0 30 10 88 FF 00 00 33 00 00 11 A1 00 00 01 23 D1 07 30 00 09 04 92 14 03 02 89 69 23 15 00 00 00 00 00 00 00 00 00 00 00 00 00 00 00 00 00 00 00 00 00 00 00 00 00 00 00 00 00 00 00 00 F4 54 ED 0F 7E
[407526][00:02:09.851]7E FF 02 FF 4E 6E 8D 56 69 05 7A 02 FE 4C BA AD 00 FD 03 54 00 01 00 01 69 7F 94 01 60 00 03 B6 12 40 E4 00 57 98 53 10 00 63 00 0A 20 B0 30 10 88 FF 00 00 33 00 00 11 A1 00 00 01 23 D1 07 30 00 09 04 92 14 03 02 89 69 23 15 00 00 00 00 00 00 00 00 00 00 00 00 00 00 00 00 00 00 00 00 00 00 00 00 00 00 00 00 00 00 00 00 F5 85 A1 90 7E
[407527][00:02:09.881]7E FF 02 FF 4F 6E B1 56 69 05 FD 02 29 14 C8 AD 00 FE 03 54 00 01 00 01 69 7F 94 01 60 00 03 B6 12 40 E4 00 57 98 53 10 00 63 00 0A 20 B0 30 10 88 FF 00 00 33 00 00 11 A1 00 00 01 23 D1 07 30 00 09 04 92 14 03 02 89 69 23 15 00 00 00 00 00 00 00 00 00 00 00 00 00 00 00 00 00 00 00 00 00 00 00 00 00 00 00 00 00 00 00 00 55 BC D3 C0 7E
[407528][00:02:09.942]7E FF 02 FF 50 6E D3 56 69 05 92 02 97 01 D5 AD 00 FE 03 14 01 01 00 01 69 7F 94 01 60 00 03 27 16 EB C0 00 98 5E C8 10 00 A2 00 03 21 B0 30 74 88 FF 00 00 33 00 00 11 03 00 00 01 02 83 06 D4 1E 28 0A FE FE FE FE 68 62 00 43 05 33 28 54 06 00 30 10 AB 43 10 00 3E 05 03 3B 50 02 02 00 01 20 21 02 00 1C 07 EA 06 1D 0B 00 00 08 00 20 21 02 00 00 20 01 04 00 00 20 00 02 00 00 20 01 02 00 00 20 04 02 00 00 20 0A 02 00 00 00 10 02 01 00 00 20 02 01 00 01 10 F0 D5 56 98 83 8E 08 15 8F 01 3B 87 D4 9A 8C D7 2D 73 16 E5 1D 81 B9 00 00 00 00 00 00 00 00 00 00 00 00 00 00 00 00 00 00 00 00 00 00 00 00 00 00 00 00 00 00 00 00 00 00 00 00 00 00 00 00 00 00 00 00 00 00 00 00 00 00 00 00 00 00 00 00 00 00 00 00 00 00 00 00 00 00 00 00 00 00 00 00 00 00 00 00 00 00 00 00 00 00 00 00 00 00 00 00 00 00 00 00 00 00 00 00 00 00 00 00 00 00 00 00 00 00 00 00 00 00 00 00 00 00 00 00 00 00 00 00 00 00 00 00 81 E2 1F 62 7E
[407529][00:02:09.987]7E FF 02 FF 51 6E FF 56 69 05 46 03 A4 DB E5 AD 00 FD 03 14 01 01 00 01 69 7F 94 01 60 00 03 27 16 EB C4 00 89 5C 4C 10 00 A2 00 03 21 B0 30 74 88 FF 00 00 33 00 00 11 03 00 00 01 02 83 06 D4 1E 28 0A FE FE FE FE 68 62 00 43 05 33 28 54 06 00 30 10 AB 43 10 00 3E 05 03 3B 50 02 02 00 01 20 21 02 00 1C 07 EA 06 1D 0B 00 00 08 00 20 21 02 00 00 20 01 04 00 00 20 00 02 00 00 20 01 02 00 00 20 04 02 00 00 20 0A 02 00 00 00 10 02 01 00 00 20 02 01 00 01 10 F0 D5 56 98 83 8E 08 15 8F 01 3B 87 D4 9A 8C D7 2D 73 16 E5 1D 81 B9 00 00 00 00 00 00 00 00 00 00 00 00 00 00 00 00 00 00 00 00 00 00 00 00 00 00 00 00 00 00 00 00 00 00 00 00 00 00 00 00 00 00 00 00 00 00 00 00 00 00 00 00 00 00 00 00 00 00 00 00 00 00 00 00 00 00 00 00 00 00 00 00 00 00 00 00 00 00 00 00 00 00 00 00 00 00 00 00 00 00 00 00 00 00 00 00 00 00 00 00 00 00 00 00 00 00 00 00 00 00 00 00 00 00 00 00 00 00 00 00 00 00 00 00 1E 4D 8A B6 7E
[407530][00:02:10.032]7E FF 02 FF 52 6E 2C 57 69 05 B3 01 86 E0 F6 AD 00 FE 03 14 01 01 00 01 69 7F 94 01 60 00 03 27 16 EB C4 00 89 5C 4C 10 00 A2 00 03 21 B0 30 74 88 FF 00 00 33 00 00 11 03 00 00 01 02 83 06 D4 1E 28 0A FE FE FE FE 68 62 00 43 05 33 28 54 06 00 30 10 AB 43 10 00 3E 05 03 3B 50 02 02 00 01 20 21 02 00 1C 07 EA 06 1D 0B 00 00 08 00 20 21 02 00 00 20 01 04 00 00 20 00 02 00 00 20 01 02 00 00 20 04 02 00 00 20 0A 02 00 00 00 10 02 01 00 00 20 02 01 00 01 10 F0 D5 56 98 83 8E 08 15 8F 01 3B 87 D4 9A 8C D7 2D 73 16 E5 1D 81 B9 00 00 00 00 00 00 00 00 00 00 00 00 00 00 00 00 00 00 00 00 00 00 00 00 00 00 00 00 00 00 00 00 00 00 00 00 00 00 00 00 00 00 00 00 00 00 00 00 00 00 00 00 00 00 00 00 00 00 00 00 00 00 00 00 00 00 00 00 00 00 00 00 00 00 00 00 00 00 00 00 00 00 00 00 00 00 00 00 00 00 00 00 00 00 00 00 00 00 00 00 00 00 00 00 00 00 00 00 00 00 00 00 00 00 00 00 00 00 00 00 00 00 00 00 18 86 5F D5 7E
[407531][00:02:10.078]7E FF 02 FF 53 6E 5A 57 69 05 C3 00 C5 56 08 AE 00 FD 03 14 01 01 00 01 69 7F 94 01 60 00 03 27 16 EB C0 00 98 5E C8 10 00 F2 00 03 22 B0 30 74 88 FF 00 00 33 00 00 11 03 00 00 01 02 83 06 D5 1E 28 0A FE FE FE FE 68 62 00 43 05 25 43 54 06 00 30 10 3B 04 10 00 3E 05 03 3C 50 02 02 00 01 20 21 02 00 1C 07 EA 06 1D 0B 00 00 08 00 20 21 02 00 00 20 01 04 00 00 20 00 02 00 00 20 01 02 00 00 20 04 02 00 00 20 0A 02 00 00 00 10 02 01 00 00 20 02 01 00 01 10 F0 D5 56 98 83 8E 08 15 8F 01 3B 87 D4 9A 8C D7 49 C8 16 5E 0E C6 CD 00 00 00 00 00 00 00 00 00 00 00 00 00 00 00 00 00 00 00 00 00 00 00 00 00 00 00 00 00 00 00 00 00 00 00 00 00 00 00 00 00 00 00 00 00 00 00 00 00 00 00 00 00 00 00 00 00 00 00 00 00 00 00 00 00 00 00 00 00 00 00 00 00 00 00 00 00 00 00 00 00 00 00 00 00 00 00 00 00 00 00 00 00 00 00 00 00 00 00 00 00 00 00 00 00 00 00 00 00 00 00 00 00 00 00 00 00 00 00 00 00 00 00 00 E4 A9 67 32 7E
[407532][00:02:10.079]7E FF 02 FF 54 6E 71 57 69 05 28 02 17 43 11 AE 00 FD 03 10 00 01 00 02 69 7F 94 01 2E 00 00 01 1F 00 00 00 41 C3 3A E5 B9 4E D8 7E
[407533][00:02:10.092]7E FF 02 FF 55 6E 80 57 69 05 59 03 2E 15 17 AE 00 37 00 94 00 01 00 01 69 7F 94 2E 80 0D 01 FC 13 79 44 00 78 C9 AC E0 02 01 00 04 10 EF 00 5C 70 EF 0C 00 33 00 00 30 00 09 04 16 28 20 00 00 12 74 72 00 00 00 00 30 00 09 04 11 19 2E 00 00 00 00 00 00 00 00 00 39 03 00 01 76 42 12 45 E8 07 02 12 09 23 07 03 01 00 01 01 00 02 02 00 0D 00 00 09 03 31 17 6E 54 4E 59 58 10 00 10 00 00 00 00 00 03 00 00 00 44 2F 0A D0 55 05 65 D8 F3 7D 1A 00 00 31 44 59 58 03 FB C1 01 9C 02 01 CB AF E4 39 00 00 00 00 00 00 00 00 56 94 5D 40 7E
[407534][00:02:10.123]7E FF 02 FF 56 6E 8E 57 69 05 50 01 28 38 1C AE 00 FD 03 14 01 01 00 01 69 7F 94 01 60 00 03 27 16 EB C4 00 89 5C 4C 10 00 F2 00 03 22 B0 30 74 88 FF 00 00 33 00 00 11 03 00 00 01 02 83 06 D5 1E 28 0A FE FE FE FE 68 62 00 43 05 25 43 54 06 00 30 10 3B 04 10 00 3E 05 03 3C 50 02 02 00 01 20 21 02 00 1C 07 EA 06 1D 0B 00 00 08 00 20 21 02 00 00 20 01 04 00 00 20 00 02 00 00 20 01 02 00 00 20 04 02 00 00 20 0A 02 00 00 00 10 02 01 00 00 20 02 01 00 01 10 F0 D5 56 98 83 8E 08 15 8F 01 3B 87 D4 9A 8C D7 49 C8 16 5E 0E C6 CD 00 00 00 00 00 00 00 00 00 00 00 00 00 00 00 00 00 00 00 00 00 00 00 00 00 00 00 00 00 00 00 00 00 00 00 00 00 00 00 00 00 00 00 00 00 00 00 00 00 00 00 00 00 00 00 00 00 00 00 00 00 00 00 00 00 00 00 00 00 00 00 00 00 00 00 00 00 00 00 00 00 00 00 00 00 00 00 00 00 00 00 00 00 00 00 00 00 00 00 00 00 00 00 00 00 00 00 00 00 00 00 00 00 00 00 00 00 00 00 00 00 00 00 00 60 C4 9F 3B 7E
[407535][00:02:10.138]7E FF 02 FF 57 6E 9E 57 69 05 59 00 56 40 22 AE 00 FD 03 10 00 01 00 02 69 7F 94 10 2E 00 00 01 E1 00 00 00 B2 4C 1D 74 76 6D 78 7E
[407536][00:02:10.138]7E FF 02 FF 58 6E B6 57 69 05 94 00 1B 6D 2B AE 00 FD 03 10 00 01 00 02 69 7F 94 01 2E 00 00 01 FD 00 00 00 61 4D 02 CF 5F CB CF 7E
[407537][00:02:10.184]7E FF 02 FF 59 6E C1 57 69 05 A3 00 06 9C 2F AE 00 FD 03 14 01 01 00 01 69 7F 94 01 60 00 03 27 16 EB C4 00 89 5C 4C 10 00 F2 00 03 22 B0 30 74 88 FF 00 00 33 00 00 11 03 00 00 01 02 83 06 D5 1E 28 0A FE FE FE FE 68 62 00 43 05 25 43 54 06 00 30 10 3B 04 10 00 3E 05 03 3C 50 02 02 00 01 20 21 02 00 1C 07 EA 06 1D 0B 00 00 08 00 20 21 02 00 00 20 01 04 00 00 20 00 02 00 00 20 01 02 00 00 20 04 02 00 00 20 0A 02 00 00 00 10 02 01 00 00 20 02 01 00 01 10 F0 D5 56 98 83 8E 08 15 8F 01 3B 87 D4 9A 8C D7 49 C8 16 5E 0E C6 CD 00 00 00 00 00 00 00 00 00 00 00 00 00 00 00 00 00 00 00 00 00 00 00 00 00 00 00 00 00 00 00 00 00 00 00 00 00 00 00 00 00 00 00 00 00 00 00 00 00 00 00 00 00 00 00 00 00 00 00 00 00 00 00 00 00 00 00 00 00 00 00 00 00 00 00 00 00 00 00 00 00 00 00 00 00 00 00 00 00 00 00 00 00 00 00 00 00 00 00 00 00 00 00 00 00 00 00 00 00 00 00 00 00 00 00 00 00 00 00 00 00 00 00 00 77 5C 97 31 7E
[407538][00:02:10.199]7E FF 02 FF 5A 6E D5 57 69 05 97 03 4D 87 37 AE 00 3C 00 94 00 01 00 01 69 7F 94 2E F0 FF 01 99 12 79 46 00 F8 1A 11 E0 02 FF 2F 03 11 EF 00 36 70 EF 04 00 33 00 00 01 00 00 00 30 00 09 03 54 73 20 00 00 12 74 72 0A 03 34 31 2E 00 01 01 18 78 06 45 E1 93 04 00 04 00 00 00 0E 46 00 00 00 00 00 00 01 00 00 00 02 00 00 00 EF 00 9A 0F 8C 00 00 00 00 00 00 00 00 00 00 00 00 00 00 00 00 00 00 00 00 00 00 00 00 00 00 00 00 00 00 00 00 00 00 00 00 00 00 00 00 00 00 00 00 00 00 00 00 00 00 00 00 00 00 00 00 00 00 00 19 11 59 B3 7E
[407539][00:02:10.244]7E FF 02 FF 5B 6E ED 57 69 05 4B 02 98 8D 40 AE 00 FD 03 14 02 01 00 01 69 7F 94 01 F0 FF 01 5A 16 04 83 00 F5 5B 57 10 00 FF 2F 05 2B B0 00 40 89 11 00 00 33 00 00 01 00 00 00 30 00 09 04 02 59 20 00 00 12 74 72 0A 01 06 20 01 00 01 01 70 56 11 45 E1 93 04 00 08 00 00 00 14 46 00 00 00 00 00 00 20 00 06 00 0C 01 00 00 B7 00 10 00 A7 10 03 00 21 00 02 00 4E 10 E6 00 0C 01 33 01 1B 00 E8 10 DE 00 B8 00 6A 00 E3 00 2F 00 BD 00 47 01 4F 00 08 01 25 00 0A 00 E4 00 1E 01 30 00 03 01 36 01 2E 01 17 00 2A 00 58 01 80 00 02 00 2B 01 E2 00 05 00 21 00 0F 01 50 00 09 01 2D 00 FC 10 56 01 AE 10 5C 01 C3 10 C9 10 48 01 9A 00 2A 01 45 01 53 00 DF 00 EB 00 1A 11 F2 10 D3 10 CF 00 B1 00 16 01 C6 00 F8 00 4F 01 AC 10 AF 10 CA 00 17 11 A2 00 12 11 CC 00 44 01 2A 00 04 11 66 00 0B 00 16 00 46 00 26 00 33 00 32 00 C1 00 BF 00 DD 00 D5 00 46 01 3E 01 63 00 A5 00 D1 00 2C 00 35 01 22 00 19 00 18 01 68 00 55 00 6C 01 67 00 23 00 60 00 B4 00 FB 00 A1 00 82 00 E5 00 6D 00 72 01 70 00 F1 00 AB 00 73 01 21 01 D4 00 6D 01 35 00 01 00 20 00 42 01 0A 00 F6 00 E9 00 B6 00 49 01 26 01 2D 01 24 01 BE 00 8F 00 23 01 68 01 02 00 DA 00 4B 01 9C 95 4D AD 00 00 00 00 00 00 00 00 00 00 00 00 00 00 00 00 00 00 00 00 00 00 00 00 00 00 00 00 00 00 00 00 00 00 00 00 00 00 00 00 00 00 00 00 00 00 00 00 00 00 00 00 00 00 00 00 00 00 00 00 00 00 00 00 00 00 00 00 00 00 00 00 00 00 00 00 00 00 00 00 00 00 00 00 00 00 00 00 00 00 00 00 00 00 00 00 00 00 00 00 00 00 00 00 00 00 00 00 00 00 00 00 00 00 00 00 00 00 00 00 00 00 00 00 00 00 00 00 00 00 00 00 00 00 00 00 00 00 00 00 00 00 00 00 00 00 00 00 00 00 00 00 00 00 00 00 00 00 00 00 00 00 00 00 00 00 00 00 00 00 00 00 00 00 00 00 40 38 F1 30 7E
[407540][00:02:10.259]7E FF 02 FF 5C 6E 69 58 69 05 C8 01 4D A9 49 AE 00 38 00 94 00 01 00 01 69 7F 94 2E F0 FF 01 99 12 79 46 00 F8 1A 11 E0 02 FF 2F 03 12 EF 00 34 70 EF 04 00 33 00 00 01 00 00 00 30 00 09 04 43 84 20 00 00 12 74 72 0A 03 F4 20 2E 00 01 01 25 69 15 45 E1 93 04 00 04 00 00 00 0F 46 00 00 00 00 00 00 00 00 00 00 00 00 00 00 D7 FD CC CA 00 00 00 00 00 00 00 00 00 00 00 00 00 00 00 00 00 00 00 00 00 00 00 00 00 00 00 00 00 00 00 00 00 00 00 00 00 00 00 00 00 00 00 00 00 00 00 00 00 00 00 00 00 00 00 00 00 00 00 00 26 85 7A 15 7E
[407541][00:02:10.319]7E FF 02 FF 5D 6E 14 58 69 05 FF 01 0D 67 4F AE 00 FD 03 14 02 01 00 01 69 7F 94 01 F0 FF 01 5A 16 04 87 00 E4 59 D3 10 00 FF 2F 05 2B B0 00 40 89 11 00 00 33 00 00 01 00 00 00 30 00 09 04 02 59 20 00 00 12 74 72 0A 01 06 20 01 00 01 01 70 56 11 45 E1 93 04 00 08 00 00 00 14 46 00 00 00 00 00 00 20 00 06 00 0C 01 00 00 B7 00 10 00 A7 10 03 00 21 00 02 00 4E 10 E6 00 0C 01 33 01 1B 00 E8 10 DE 00 B8 00 6A 00 E3 00 2F 00 BD 00 47 01 4F 00 08 01 25 00 0A 00 E4 00 1E 01 30 00 03 01 36 01 2E 01 17 00 2A 00 58 01 80 00 02 00 2B 01 E2 00 05 00 21 00 0F 01 50 00 09 01 2D 00 FC 10 56 01 AE 10 5C 01 C3 10 C9 10 48 01 9A 00 2A 01 45 01 53 00 DF 00 EB 00 1A 11 F2 10 D3 10 CF 00 B1 00 16 01 C6 00 F8 00 4F 01 AC 10 AF 10 CA 00 17 11 A2 00 12 11 CC 00 44 01 2A 00 04 11 66 00 0B 00 16 00 46 00 26 00 33 00 32 00 C1 00 BF 00 DD 00 D5 00 46 01 3E 01 63 00 A5 00 D1 00 2C 00 35 01 22 00 19 00 18 01 68 00 55 00 6C 01 67 00 23 00 60 00 B4 00 FB 00 A1 00 82 00 E5 00 6D 00 72 01 70 00 F1 00 AB 00 73 01 21 01 D4 00 6D 01 35 00 01 00 20 00 42 01 0A 00 F6 00 E9 00 B6 00 49 01 26 01 2D 01 24 01 BE 00 8F 00 23 01 68 01 02 00 DA 00 4B 01 9C 95 4D AD 00 00 00 00 00 00 00 00 00 00 00 00 00 00 00 00 00 00 00 00 00 00 00 00 00 00 00 00 00 00 00 00 00 00 00 00 00 00 00 00 00 00 00 00 00 00 00 00 00 00 00 00 00 00 00 00 00 00 00 00 00 00 00 00 00 00 00 00 00 00 00 00 00 00 00 00 00 00 00 00 00 00 00 00 00 00 00 00 00 00 00 00 00 00 00 00 00 00 00 00 00 00 00 00 00 00 00 00 00 00 00 00 00 00 00 00 00 00 00 00 00 00 00 00 00 00 00 00 00 00 00 00 00 00 00 00 00 00 00 00 00 00 00 00 00 00 00 00 00 00 00 00 00 00 00 00 00 00 00 00 00 00 00 00 00 00 00 00 00 00 00 00 00 00 00 00 88 FC 11 10 7E
[407542][00:02:10.350]7E FF 02 FF 5E 6E 24 58 69 05 1F 00 02 55 55 AE 00 3A 00 94 00 01 00 01 69 7F 94 2E F0 FF 01 99 12 79 42 00 E9 18 95 E0 02 FF 2F 03 13 EF 00 34 70 EF 04 00 33 00 00 01 00 00 00 30 00 09 05 36 51 20 00 00 12 74 72 0A 03 4C 30 2E 00 01 01 97 95 24 45 E1 93 04 00 01 00 00 00 10 46 00 00 00 00 00 00 00 00 00 00 00 00 00 00 89 C5 BC E2 00 00 00 00 00 00 00 00 00 00 00 00 00 00 00 00 00 00 00 00 00 00 00 00 00 00 00 00 00 00 00 00 00 00 00 00 00 00 00 00 00 00 00 00 00 00 00 00 00 00 00 00 00 00 00 00 00 00 00 00 CC 56 03 31 7E
[407543][00:02:10.350]7E FF 02 FF 5F 6E 2C 58 69 05 26 01 66 7B 58 AE 00 39 00 94 00 01 00 01 69 7F 94 2E F0 FF 01 99 12 79 46 00 F8 1A 11 E0 02 FF 2F 03 13 EF 00 34 70 EF 04 00 33 00 00 01 00 00 00 30 00 09 05 36 51 20 00 00 12 74 72 0A 03 4C 30 2E 00 01 01 97 95 24 45 E1 93 04 00 01 00 00 00 10 46 00 00 00 00 00 00 00 00 00 00 00 00 00 00 89 C5 BC E2 00 00 00 00 00 00 00 00 00 00 00 00 00 00 00 00 00 00 00 00 00 00 00 00 00 00 00 00 00 00 00 00 00 00 00 00 00 00 00 00 00 00 00 00 00 00 00 00 00 00 00 00 00 00 00 00 00 00 00 00 F5 4A DE 15 7E
[407544][00:02:10.397]7E FF 02 FF 60 6E 37 58 69 05 41 01 B0 AE 5C AE 00 FE 03 14 02 01 00 01 69 7F 94 01 F0 FF 01 5A 16 04 87 00 E4 59 D3 10 00 FF 2F 05 2B B0 00 40 89 11 00 00 33 00 00 01 00 00 00 30 00 09 04 02 59 20 00 00 12 74 72 0A 01 06 20 01 00 01 01 70 56 11 45 E1 93 04 00 08 00 00 00 14 46 00 00 00 00 00 00 20 00 06 00 0C 01 00 00 B7 00 10 00 A7 10 03 00 21 00 02 00 4E 10 E6 00 0C 01 33 01 1B 00 E8 10 DE 00 B8 00 6A 00 E3 00 2F 00 BD 00 47 01 4F 00 08 01 25 00 0A 00 E4 00 1E 01 30 00 03 01 36 01 2E 01 17 00 2A 00 58 01 80 00 02 00 2B 01 E2 00 05 00 21 00 0F 01 50 00 09 01 2D 00 FC 10 56 01 AE 10 5C 01 C3 10 C9 10 48 01 9A 00 2A 01 45 01 53 00 DF 00 EB 00 1A 11 F2 10 D3 10 CF 00 B1 00 16 01 C6 00 F8 00 4F 01 AC 10 AF 10 CA 00 17 11 A2 00 12 11 CC 00 44 01 2A 00 04 11 66 00 0B 00 16 00 46 00 26 00 33 00 32 00 C1 00 BF 00 DD 00 D5 00 46 01 3E 01 63 00 A5 00 D1 00 2C 00 35 01 22 00 19 00 18 01 68 00 55 00 6C 01 67 00 23 00 60 00 B4 00 FB 00 A1 00 82 00 E5 00 6D 00 72 01 70 00 F1 00 AB 00 73 01 21 01 D4 00 6D 01 35 00 01 00 20 00 42 01 0A 00 F6 00 E9 00 B6 00 49 01 26 01 2D 01 24 01 BE 00 8F 00 23 01 68 01 02 00 DA 00 4B 01 9C 95 4D AD 00 00 00 00 00 00 00 00 00 00 00 00 00 00 00 00 00 00 00 00 00 00 00 00 00 00 00 00 00 00 00 00 00 00 00 00 00 00 00 00 00 00 00 00 00 00 00 00 00 00 00 00 00 00 00 00 00 00 00 00 00 00 00 00 00 00 00 00 00 00 00 00 00 00 00 00 00 00 00 00 00 00 00 00 00 00 00 00 00 00 00 00 00 00 00 00 00 00 00 00 00 00 00 00 00 00 00 00 00 00 00 00 00 00 00 00 00 00 00 00 00 00 00 00 00 00 00 00 00 00 00 00 00 00 00 00 00 00 00 00 00 00 00 00 00 00 00 00 00 00 00 00 00 00 00 00 00 00 00 00 00 00 00 00 00 00 00 00 00 00 00 00 00 00 00 00 45 A4 17 1C 7E
[407545][00:02:10.412]7E FF 02 FF 61 6E 4D 58 69 05 23 02 75 29 65 AE 00 3A 00 94 00 01 00 01 69 7F 94 2E F0 FF 01 99 12 79 46 00 F8 1A 11 E0 02 FF 2F 03 14 EF 00 34 70 EF 04 00 33 00 00 01 00 00 00 30 00 09 04 00 44 20 00 00 12 74 72 0A 03 F9 20 2E 00 01 01 22 35 11 45 E1 93 04 00 01 00 00 00 11 46 00 00 00 00 00 00 00 00 00 00 00 00 00 00 24 F0 30 7E 00 00 00 00 00 00 00 00 00 00 00 00 00 00 00 00 00 00 00 00 00 00 00 00 00 00 00 00 00 00 00 00 00 00 00 00 00 00 00 00 00 00 00 00 00 00 00 00 00 00 00 00 00 00 00 00 00 00 00 00 9D E7 11 23 7E
[407546][00:02:10.457]7E FF 02 FF 62 6E 57 58 69 05 51 02 70 FF 68 AE 00 FE 03 14 02 01 00 01 69 7F 94 01 F0 FF 01 5A 16 04 87 00 E4 59 D3 10 00 FF 2F 05 2B B0 00 40 89 11 00 00 33 00 00 01 00 00 00 30 00 09 04 02 59 20 00 00 12 74 72 0A 01 06 20 01 00 01 01 70 56 11 45 E1 93 04 00 08 00 00 00 14 46 00 00 00 00 00 00 20 00 06 00 0C 01 00 00 B7 00 10 00 A7 10 03 00 21 00 02 00 4E 10 E6 00 0C 01 33 01 1B 00 E8 10 DE 00 B8 00 6A 00 E3 00 2F 00 BD 00 47 01 4F 00 08 01 25 00 0A 00 E4 00 1E 01 30 00 03 01 36 01 2E 01 17 00 2A 00 58 01 80 00 02 00 2B 01 E2 00 05 00 21 00 0F 01 50 00 09 01 2D 00 FC 10 56 01 AE 10 5C 01 C3 10 C9 10 48 01 9A 00 2A 01 45 01 53 00 DF 00 EB 00 1A 11 F2 10 D3 10 CF 00 B1 00 16 01 C6 00 F8 00 4F 01 AC 10 AF 10 CA 00 17 11 A2 00 12 11 CC 00 44 01 2A 00 04 11 66 00 0B 00 16 00 46 00 26 00 33 00 32 00 C1 00 BF 00 DD 00 D5 00 46 01 3E 01 63 00 A5 00 D1 00 2C 00 35 01 22 00 19 00 18 01 68 00 55 00 6C 01 67 00 23 00 60 00 B4 00 FB 00 A1 00 82 00 E5 00 6D 00 72 01 70 00 F1 00 AB 00 73 01 21 01 D4 00 6D 01 35 00 01 00 20 00 42 01 0A 00 F6 00 E9 00 B6 00 49 01 26 01 2D 01 24 01 BE 00 8F 00 23 01 68 01 02 00 DA 00 4B 01 9C 95 4D AD 00 00 00 00 00 00 00 00 00 00 00 00 00 00 00 00 00 00 00 00 00 00 00 00 00 00 00 00 00 00 00 00 00 00 00 00 00 00 00 00 00 00 00 00 00 00 00 00 00 00 00 00 00 00 00 00 00 00 00 00 00 00 00 00 00 00 00 00 00 00 00 00 00 00 00 00 00 00 00 00 00 00 00 00 00 00 00 00 00 00 00 00 00 00 00 00 00 00 00 00 00 00 00 00 00 00 00 00 00 00 00 00 00 00 00 00 00 00 00 00 00 00 00 00 00 00 00 00 00 00 00 00 00 00 00 00 00 00 00 00 00 00 00 00 00 00 00 00 00 00 00 00 00 00 00 00 00 00 00 00 00 00 00 00 00 00 00 00 00 00 00 00 00 00 00 00 D7 B7 2B A0 7E
[407547][00:02:10.501]7E FF 02 FF 63 6E D1 58 69 05 5A 03 DC 7C 71 AE 00 FE 03 14 02 01 00 01 69 7F 94 01 F0 FF 01 5A 16 04 87 00 E4 59 D3 10 00 FF 2F 05 2B B0 00 40 89 11 00 00 33 00 00 01 00 00 00 30 00 09 04 02 59 20 00 00 12 74 72 0A 01 06 20 01 00 01 01 70 56 11 45 E1 93 04 00 08 00 00 00 14 46 00 00 00 00 00 00 20 00 06 00 0C 01 00 00 B7 00 10 00 A7 10 03 00 21 00 02 00 4E 10 E6 00 0C 01 33 01 1B 00 E8 10 DE 00 B8 00 6A 00 E3 00 2F 00 BD 00 47 01 4F 00 08 01 25 00 0A 00 E4 00 1E 01 30 00 03 01 36 01 2E 01 17 00 2A 00 58 01 80 00 02 00 2B 01 E2 00 05 00 21 00 0F 01 50 00 09 01 2D 00 FC 10 56 01 AE 10 5C 01 C3 10 C9 10 48 01 9A 00 2A 01 45 01 53 00 DF 00 EB 00 1A 11 F2 10 D3 10 CF 00 B1 00 16 01 C6 00 F8 00 4F 01 AC 10 AF 10 CA 00 17 11 A2 00 12 11 CC 00 44 01 2A 00 04 11 66 00 0B 00 16 00 46 00 26 00 33 00 32 00 C1 00 BF 00 DD 00 D5 00 46 01 3E 01 63 00 A5 00 D1 00 2C 00 35 01 22 00 19 00 18 01 68 00 55 00 6C 01 67 00 23 00 60 00 B4 00 FB 00 A1 00 82 00 E5 00 6D 00 72 01 70 00 F1 00 AB 00 73 01 21 01 D4 00 6D 01 35 00 01 00 20 00 42 01 0A 00 F6 00 E9 00 B6 00 49 01 26 01 2D 01 24 01 BE 00 8F 00 23 01 68 01 02 00 DA 00 4B 01 9C 95 4D AD 00 00 00 00 00 00 00 00 00 00 00 00 00 00 00 00 00 00 00 00 00 00 00 00 00 00 00 00 00 00 00 00 00 00 00 00 00 00 00 00 00 00 00 00 00 00 00 00 00 00 00 00 00 00 00 00 00 00 00 00 00 00 00 00 00 00 00 00 00 00 00 00 00 00 00 00 00 00 00 00 00 00 00 00 00 00 00 00 00 00 00 00 00 00 00 00 00 00 00 00 00 00 00 00 00 00 00 00 00 00 00 00 00 00 00 00 00 00 00 00 00 00 00 00 00 00 00 00 00 00 00 00 00 00 00 00 00 00 00 00 00 00 00 00 00 00 00 00 00 00 00 00 00 00 00 00 00 00 00 00 00 00 00 00 00 00 00 00 00 00 00 00 00 00 00 00 3B CE A7 F7 7E
[407548][00:02:10.516]7E FF 02 FF 64 6E 88 58 69 05 48 01 6C 90 7A AE 01 22 0D 10 00 01 00 02 69 7F 94 00 01 80 0D 00 A9 00 00 00 CD CD 06 DA 18 52 5C 7E
[407549][00:02:10.516]7E FF 02 FF 65 6E 88 58 69 05 75 02 A8 98 7B AE 00 FE 03 10 00 01 00 03 69 7F 94 F0 0C BC 26 00 00 00 10 02 2B 2C 04 C4 DF 32 36 7E
[407550][00:02:10.531]7E FF 02 FF 66 6E 9A 58 69 05 45 01 69 75 82 AE 00 3B 00 94 00 01 00 01 69 7F 94 2E 80 0D 01 FC 13 79 40 00 69 CB 28 E0 02 01 00 04 18 EF 00 5C 70 EF 0C 00 33 00 00 30 00 09 04 16 28 20 00 00 12 74 72 00 00 00 00 30 00 09 04 76 64 2E 00 00 00 00 00 00 00 00 00 39 03 00 01 25 97 18 45 E8 07 02 12 09 23 07 03 01 00 01 01 00 02 02 00 0D 00 00 09 03 31 17 6E 54 4E 59 58 0E 00 0E 00 00 00 00 00 04 00 00 00 3A 84 BE E0 B4 97 49 61 A5 8A 1A 00 00 31 44 59 58 03 FB C1 01 9C 02 01 DA D7 A9 19 00 00 00 00 00 00 00 00 A9 33 78 D7 7E
[407551][00:02:10.531]7E FF 02 FF 67 6E AA 58 69 05 CE 01 39 95 87 AE 01 22 0D 10 00 01 00 02 69 7F 94 00 01 80 0D 00 A8 02 00 00 DD AD 86 D1 71 02 A5 7E
[407552][00:02:10.547]7E FF 02 FF 68 6E AA 58 69 05 84 00 C6 7C 88 AE 00 36 00 94 00 01 00 01 69 7F 94 2E F0 FF 01 99 12 79 42 00 E9 18 95 E0 02 FF 2F 03 19 EF 00 34 70 EF 04 00 33 00 00 01 00 00 00 30 00 09 04 11 19 20 00 00 12 74 72 0A 03 27 21 2E 00 01 01 76 42 12 45 E1 93 04 00 03 00 00 00 12 46 00 00 00 00 00 00 00 00 00 00 00 00 00 00 0B 5A B8 85 00 00 00 00 00 00 00 00 00 00 00 00 00 00 00 00 00 00 00 00 00 00 00 00 00 00 00 00 00 00 00 00 00 00 00 00 00 00 00 00 00 00 00 00 00 00 00 00 00 00 00 00 00 00 00 00 00 00 00 00 32 E5 24 76 7E
[407553][00:02:10.562]7E FF 02 FF 69 6E B4 58 69 05 9B 02 B3 7E 8C AE 00 3B 00 94 00 01 00 01 69 7F 94 2E F0 FF 01 99 12 79 46 00 F8 1A 11 E0 02 FF 2F 03 19 EF 00 34 70 EF 04 00 33 00 00 01 00 00 00 30 00 09 04 11 19 20 00 00 12 74 72 0A 03 27 21 2E 00 01 01 76 42 12 45 E1 93 04 00 03 00 00 00 12 46 00 00 00 00 00 00 00 00 00 00 00 00 00 00 0B 5A B8 85 00 00 00 00 00 00 00 00 00 00 00 00 00 00 00 00 00 00 00 00 00 00 00 00 00 00 00 00 00 00 00 00 00 00 00 00 00 00 00 00 00 00 00 00 00 00 00 00 00 00 00 00 00 00 00 00 00 00 00 00 31 8B 78 26 7E
[407554][00:02:10.577]7E FF 02 FF 6A 6E BE 58 69 05 6E 02 FA 43 8F AE 01 22 0D 10 00 01 00 02 69 7F 94 00 01 80 0D 00 A6 03 00 00 3D 3D C5 65 CE 5E 31 7E
[407555][00:02:10.593]7E FF 02 FF 6B 6E BD 58 69 05 05 01 65 C8 8F AE 00 35 00 94 00 01 00 01 69 7F 94 2E F0 FF 01 99 12 79 46 00 F8 1A 11 E0 02 FF 2F 03 19 EF 00 34 70 EF 04 00 33 00 00 01 00 00 00 30 00 09 04 11 19 20 00 00 12 74 72 0A 03 27 21 2E 00 01 01 76 42 12 45 E1 93 04 00 03 00 00 00 12 46 00 00 00 00 00 00 00 00 00 00 00 00 00 00 0B 5A B8 85 00 00 00 00 00 00 00 00 00 00 00 00 00 00 00 00 00 00 00 00 00 00 00 00 00 00 00 00 00 00 00 00 00 00 00 00 00 00 00 00 00 00 00 00 00 00 00 00 00 00 00 00 00 00 00 00 00 00 00 00 13 1B 52 89 7E
[407556][00:02:10.608]7E FF 02 FF 6C 6E 31 59 69 05 73 02 82 0C 96 AE 00 35 00 10 00 01 00 02 69 7F 94 10 D8 E0 02 01 FD 00 00 00 FB 52 00 96 59 1E 30 7E
[407557][00:02:10.608]7E FF 02 FF 6D 6E 34 59 69 05 1A 03 12 9F 95 AE 01 22 10 94 00 01 00 01 69 7F 94 01 80 0D 01 E8 30 00 10 00 0E B5 D2 10 00 D8 00 05 2C B0 00 3A 88 FF 00 00 33 00 00 01 00 00 00 30 00 09 04 92 40 20 00 00 12 74 72 0A 03 86 20 2E 00 01 01 87 54 20 45 E1 93 04 00 03 00 00 00 15 46 00 00 00 00 00 00 03 00 00 00 06 00 00 00 C8 00 84 00 A3 00 FC CA CD 9F 00 00 00 00 00 00 00 00 00 00 00 00 00 00 00 00 00 00 00 00 00 00 00 00 00 00 00 00 00 00 00 00 00 00 00 00 00 00 00 00 00 00 00 00 00 00 00 00 00 00 00 00 00 00 F7 C3 69 83 7E
[407558][00:02:10.608]7E FF 02 FF 6E 6E FC 58 69 05 28 03 D9 FF A6 AE 01 22 0D 10 00 01 00 02 69 7F 94 00 01 80 0D 00 A8 03 00 00 DC BD 42 88 DE D3 42 7E
[407559][00:02:10.638]7E FF 02 FF 6F 6E 13 59 69 05 60 02 25 1F AF AE 01 22 10 14 01 01 00 01 69 7F 94 01 80 0D 03 6A 41 00 10 00 16 42 9C 10 00 3B 01 03 2D B0 30 74 88 FF 00 00 33 00 00 11 03 00 00 01 02 83 06 D6 1E 28 0A FE FE FE FE 68 62 00 43 05 22 50 03 09 00 30 10 A9 7A 10 00 3E 05 03 3D 50 02 02 00 01 20 21 02 00 1C 07 EA 06 1D 0B 00 00 08 00 20 21 02 00 00 20 01 04 00 00 20 00 02 00 00 20 01 02 00 00 20 04 02 00 00 20 0A 02 00 00 00 10 02 01 00 00 20 02 01 00 01 10 F0 D5 56 98 83 8E 08 15 8F 01 3B 87 D4 9A 8C D7 EE 98 16 AA CD 00 D7 00 00 00 00 00 00 00 00 00 00 00 00 00 00 00 00 00 00 00 00 00 00 00 00 00 00 00 00 00 00 00 00 00 00 00 00 00 00 00 00 00 00 00 00 00 00 00 00 00 00 00 00 00 00 00 00 00 00 00 00 00 00 00 00 00 00 00 00 00 00 00 00 00 00 00 00 00 00 00 00 00 00 00 00 00 00 00 00 00 00 00 00 00 00 00 00 00 00 00 00 00 00 00 00 00 00 00 00 00 00 00 00 00 00 00 00 00 00 00 00 00 00 00 00 40 ED B6 E3 7E
[407560][00:02:10.653]7E FF 02 FF 70 6E 4E 59 69 05 BD 00 86 75 C5 AE 01 22 10 94 00 01 00 01 69 7F 94 01 80 0D 01 E8 30 00 10 00 0E B5 D2 10 00 D8 00 05 2E B0 00 34 88 FF 00 00 33 00 00 01 00 00 00 30 00 09 04 00 70 20 00 00 12 74 72 0A 03 BD 20 2E 00 01 01 82 37 11 45 E1 93 04 00 05 00 00 00 16 46 00 00 00 00 00 00 00 00 00 00 00 00 00 00 48 8F C8 1A 00 00 00 00 00 00 00 00 00 00 00 00 00 00 00 00 00 00 00 00 00 00 00 00 00 00 00 00 00 00 00 00 00 00 00 00 00 00 00 00 00 00 00 00 00 00 00 00 00 00 00 00 00 00 00 00 00 00 00 00 6E 2B E4 5A 7E
[407561][00:02:10.669]7E FF 02 FF 71 6E 72 59 69 05 A5 01 2B 48 D3 AE 01 23 10 94 00 01 00 01 69 7F 94 01 80 0D 01 E8 30 00 10 00 0E B5 D2 10 00 D8 00 05 2F B0 00 34 88 FF 00 00 33 00 00 01 00 00 00 30 00 09 04 76 64 20 00 00 12 74 72 0A 03 C5 20 2E 00 01 01 25 97 18 45 E1 93 04 00 04 00 00 00 17 46 00 00 00 00 00 00 00 00 00 00 00 00 00 00 23 2F 32 3F 00 00 00 00 00 00 00 00 00 00 00 00 00 00 00 00 00 00 00 00 00 00 00 00 00 00 00 00 00 00 00 00 00 00 00 00 00 00 00 00 00 00 00 00 00 00 00 00 00 00 00 00 00 00 00 00 00 00 00 00 D7 C8 20 C5 7E
[407562][00:02:10.700]7E FF 02 FF 72 6E 90 59 69 05 04 01 31 43 E0 AE 00 FE 03 14 01 01 00 01 69 7F 94 01 60 00 03 27 16 EB C0 00 98 5E C8 10 00 0F 01 03 31 B0 30 74 88 FF 00 00 33 00 00 11 03 00 00 01 02 83 06 D7 1E 28 0A FE FE FE FE 68 62 00 43 05 39 51 03 09 00 30 10 C9 BD 10 00 3E 05 03 3E 50 02 02 00 01 20 21 02 00 1C 07 EA 06 1D 0B 00 00 08 00 20 21 02 00 00 20 01 04 00 00 20 00 02 00 00 20 01 02 00 00 20 04 02 00 00 20 0A 02 00 00 00 10 02 01 00 00 20 02 01 00 01 10 F0 D5 56 98 83 8E 08 15 8F 01 3B 87 D4 9A 8C D7 07 69 16 EF 57 41 35 00 00 00 00 00 00 00 00 00 00 00 00 00 00 00 00 00 00 00 00 00 00 00 00 00 00 00 00 00 00 00 00 00 00 00 00 00 00 00 00 00 00 00 00 00 00 00 00 00 00 00 00 00 00 00 00 00 00 00 00 00 00 00 00 00 00 00 00 00 00 00 00 00 00 00 00 00 00 00 00 00 00 00 00 00 00 00 00 00 00 00 00 00 00 00 00 00 00 00 00 00 00 00 00 00 00 00 00 00 00 00 00 00 00 00 00 00 00 00 00 00 00 00 00 DE 22 D3 1B 7E
[407563][00:02:10.715]7E FF 02 FF 73 6E 9F 59 69 05 79 01 C2 6F E4 AE 01 22 10 94 00 01 00 01 69 7F 94 01 80 0D 01 E8 30 00 10 00 0E B5 D2 10 00 D8 00 05 30 B0 00 34 88 FF 00 00 33 00 00 01 00 00 00 30 00 09 04 92 90 20 00 00 12 74 72 0A 03 60 20 2E 00 01 01 82 59 20 45 E1 93 04 00 04 00 00 00 18 46 00 00 00 00 00 00 00 00 00 00 00 00 00 00 5B 01 39 BE 00 00 00 00 00 00 00 00 00 00 00 00 00 00 00 00 00 00 00 00 00 00 00 00 00 00 00 00 00 00 00 00 00 00 00 00 00 00 00 00 00 00 00 00 00 00 00 00 00 00 00 00 00 00 00 00 00 00 00 00 36 0C 07 E1 7E
[407564][00:02:10.746]7E FF 02 FF 74 6E B7 59 69 05 E3 01 00 3A EF AE 00 FD 03 14 01 01 00 01 69 7F 94 01 60 00 03 27 16 EB C4 00 89 5C 4C 10 00 0F 01 03 31 B0 30 74 88 FF 00 00 33 00 00 11 03 00 00 01 02 83 06 D7 1E 28 0A FE FE FE FE 68 62 00 43 05 39 51 03 09 00 30 10 C9 BD 10 00 3E 05 03 3E 50 02 02 00 01 20 21 02 00 1C 07 EA 06 1D 0B 00 00 08 00 20 21 02 00 00 20 01 04 00 00 20 00 02 00 00 20 01 02 00 00 20 04 02 00 00 20 0A 02 00 00 00 10 02 01 00 00 20 02 01 00 01 10 F0 D5 56 98 83 8E 08 15 8F 01 3B 87 D4 9A 8C D7 07 69 16 EF 57 41 35 00 00 00 00 00 00 00 00 00 00 00 00 00 00 00 00 00 00 00 00 00 00 00 00 00 00 00 00 00 00 00 00 00 00 00 00 00 00 00 00 00 00 00 00 00 00 00 00 00 00 00 00 00 00 00 00 00 00 00 00 00 00 00 00 00 00 00 00 00 00 00 00 00 00 00 00 00 00 00 00 00 00 00 00 00 00 00 00 00 00 00 00 00 00 00 00 00 00 00 00 00 00 00 00 00 00 00 00 00 00 00 00 00 00 00 00 00 00 00 00 00 00 00 00 59 C4 9F 46 7E
[407565][00:02:10.761]7E FF 02 FF 75 6E 09 5A 69 05 74 00 8C 60 0E AF 00 38 00 94 00 01 00 01 69 7F 94 2E 80 0D 01 FC 13 79 40 00 69 CB 28 E0 02 01 00 04 23 EF 00 5C 70 EF 0C 00 33 00 00 30 00 09 04 16 28 20 00 00 12 74 72 00 00 00 00 30 00 09 05 36 56 2E 00 00 00 00 00 00 00 00 00 39 03 00 01 41 96 24 45 E8 07 02 12 09 23 07 03 01 00 01 01 00 02 02 00 0D 00 00 09 03 31 17 6E 54 4E 59 58 0E 00 0E 00 00 00 00 00 0E 00 00 00 E8 65 87 AD C3 AE BF 26 CF 9D 1A 00 00 31 44 59 58 03 FB C1 01 9C 02 01 AE 38 36 FE 00 00 00 00 00 00 00 00 9E D1 F6 15 7E
[407566][00:02:10.761]7E FF 02 FF 76 6E 18 5A 69 05 91 00 E3 14 13 AF 01 22 0D 10 00 01 00 02 69 7F 94 00 01 80 0D 00 A7 01 00 00 2D 5D 45 1D D8 13 B6 7E
[407567][00:02:10.776]7E FF 02 FF 77 6E 18 5A 69 05 F7 01 BB 18 14 AF 00 38 00 94 00 01 00 01 69 7F 94 2E 80 0D 01 FC 13 79 40 00 69 CB 28 E0 02 01 00 04 24 EF 00 5C 70 EF 0C 00 33 00 00 30 00 09 04 16 28 20 00 00 12 74 72 00 00 00 00 30 00 09 03 55 07 2E 00 00 00 00 00 00 00 00 00 39 03 00 01 50 81 06 45 E8 07 02 12 09 23 07 03 01 00 01 01 00 02 02 00 0D 00 00 09 03 31 17 6E 54 4E 59 58 0E 00 0E 00 00 00 00 00 02 00 00 00 12 40 BC 78 77 0B 4A 98 A2 6C 1A 00 00 31 44 59 58 03 FB C1 01 9C 02 01 24 05 68 41 00 00 00 00 00 00 00 00 78 AC 98 F7 7E
[407568][00:02:10.806]7E FF 02 FF 78 6E 24 5A 69 05 DA 02 83 E7 18 AF 00 3A 00 14 01 01 00 01 69 7F 94 2E B0 13 03 47 16 EB C0 00 FF FF 11 10 00 3B 01 03 2D B0 30 74 88 DF 00 00 33 00 00 11 03 00 00 01 02 83 06 D6 1E 28 0A FE FE FE FE 68 62 00 43 05 22 50 03 09 00 30 10 A9 7A 10 00 3E 05 03 3D 50 02 02 00 01 20 21 02 00 1C 07 EA 06 1D 0B 00 00 08 00 20 21 02 00 00 20 01 04 00 00 20 00 02 00 00 20 01 02 00 00 20 04 02 00 00 20 0A 02 00 00 00 10 02 01 00 00 20 02 01 00 01 10 F0 D5 56 98 83 8E 08 15 8F 01 3B 87 D4 9A 8C D7 EE 98 16 AA CD 00 D7 00 00 00 00 00 00 00 00 00 00 00 00 00 00 00 00 00 00 00 00 00 00 00 00 00 00 00 00 00 00 00 00 00 00 00 00 00 00 00 00 00 00 00 00 00 00 00 00 00 00 00 00 00 00 00 00 00 00 00 00 00 00 00 00 00 00 00 00 00 00 00 00 00 00 00 00 00 00 00 00 00 00 00 00 00 00 00 00 00 00 00 00 00 00 00 00 00 00 00 00 00 00 00 00 00 00 00 00 00 00 00 00 00 00 00 00 00 00 00 00 00 00 00 00 F7 4B AB 08 7E
[407569][00:02:10.806]7E FF 02 FF 79 6E 32 5A 69 05 BB 03 54 4E 1D AF 01 22 0D 10 00 01 00 02 69 7F 94 00 01 80 0D 00 A7 02 00 00 2D 6D 85 92 B0 43 54 7E
[407570][00:02:10.822]7E FF 02 FF 7A 6E 3B 5A 69 05 FF 01 C6 00 20 AF 01 23 0F 94 00 01 00 01 69 7F 94 01 80 0D 01 E8 30 00 10 00 0E B5 D2 10 00 D8 00 05 32 B0 00 34 88 FF 00 00 33 00 00 01 00 00 00 30 00 09 04 92 44 20 00 00 12 74 72 0A 03 5A 21 2E 00 01 01 24 55 20 45 E1 93 04 00 04 00 00 00 19 46 00 00 00 00 00 00 00 00 00 00 00 00 00 00 17 1E 6D 4C 00 00 00 00 00 00 00 00 00 00 00 00 00 00 00 00 00 00 00 00 00 00 00 00 00 00 00 00 00 00 00 00 00 00 00 00 00 00 00 00 00 00 00 00 00 00 00 00 00 00 00 00 00 00 00 00 00 00 00 00 EF F5 40 0C 7E
[407571][00:02:10.822]7E FF 02 FF 7B 6E 4B 5A 69 05 F7 00 5A 9F 27 AF 00 3A 00 10 00 01 00 02 69 7F 94 01 2E 80 0D 01 13 00 00 00 E2 2C 08 54 37 50 F6 7E
[407572][00:02:10.837]7E FF 02 FF 7C 6E 51 5A 69 05 29 02 DB 01 2A AF 00 39 00 94 00 01 00 01 69 7F 94 2E 80 0D 01 FC 13 79 40 00 69 CB 28 E0 02 01 00 04 25 EF 00 5C 70 EF 0C 00 33 00 00 30 00 09 04 16 28 20 00 00 12 74 72 00 00 00 00 30 00 09 04 01 57 2E 00 00 00 00 00 00 00 00 00 39 03 00 01 59 46 11 45 E8 07 02 12 09 23 07 03 01 00 01 01 00 02 02 00 0D 00 00 09 03 31 17 6E 54 4E 59 58 0F 00 0F 00 00 00 00 00 05 00 00 00 60 2E F2 BB F2 FB B3 27 D6 71 1A 00 00 31 44 59 58 03 FB C1 01 9C 02 01 46 3B 98 34 00 00 00 00 00 00 00 00 88 04 34 91 7E
[407573][00:02:10.837]7E FF 02 FF 7D 6E 66 5A 69 05 D0 01 F5 F5 30 AF 01 23 0D 10 00 01 00 02 69 7F 94 00 01 80 0D 00 A8 02 00 00 DD AD 86 A2 A4 23 E6 7E
[407574][00:02:10.868]7E FF 02 FF 7E 6E 77 5A 69 05 E3 02 6B 91 38 AF 00 39 00 94 00 01 00 01 69 7F 94 D8 E0 02 01 24 14 79 44 00 F5 BC 99 80 0D 2E 00 00 0D 17 00 34 10 FF 08 00 33 00 00 30 00 15 61 49 26 30 00 09 04 16 28 01 00 00 00 30 00 09 04 00 70 20 00 00 12 74 72 0A 03 BD 20 2E 00 01 01 82 37 11 45 E1 93 04 00 05 00 00 00 16 46 00 00 00 00 00 00 00 00 00 00 00 00 00 00 48 8F C8 1A 00 00 00 00 00 00 00 00 00 00 00 00 00 00 00 00 00 00 00 00 00 00 00 00 00 00 00 00 00 00 00 00 00 00 00 00 00 00 00 00 00 00 00 00 00 00 00 00 10 5E 88 B6 7E
[407575][00:02:10.868]7E FF 02 FF 7F 6E 7F 5A 69 05 13 00 87 51 3A AF 01 23 0C 10 00 01 00 02 69 7F 94 00 01 80 0D 00 A8 03 00 00 DC BD 42 4A B3 01 E9 7E
[407576][00:02:10.884]7E FF 02 FF 80 6E 83 5A 69 05 8B 03 9D 35 3D AF 00 39 00 94 00 01 00 01 69 7F 94 2E 80 0D 01 FC 13 79 44 00 78 C9 AC E0 02 01 00 04 25 EF 00 5C 70 EF 0C 00 33 00 00 30 00 09 04 16 28 20 00 00 12 74 72 00 00 00 00 30 00 09 04 01 57 2E 00 00 00 00 00 00 00 00 00 39 03 00 01 59 46 11 45 E8 07 02 12 09 23 07 03 01 00 01 01 00 02 02 00 0D 00 00 09 03 31 17 6E 54 4E 59 58 0F 00 0F 00 00 00 00 00 05 00 00 00 60 2E F2 BB F2 FB B3 27 D6 71 1A 00 00 31 44 59 58 03 FB C1 01 9C 02 01 46 3B 98 34 00 00 00 00 00 00 00 00 F0 57 08 B6 7E
[407577][00:02:10.899]7E FF 02 FF 81 6E 90 5A 69 05 2D 03 D9 8A 40 AF 01 23 10 94 00 01 00 01 69 7F 94 01 80 0D 01 E8 30 00 10 00 0E B5 D2 10 00 D8 00 05 33 B0 00 34 88 FF 00 00 33 00 00 01 00 00 00 30 00 09 05 36 56 20 00 00 12 74 72 0A 03 56 20 2E 00 01 01 41 96 24 45 E1 93 04 00 0E 00 00 00 1A 46 00 00 00 00 00 00 00 00 00 00 00 00 00 00 35 C5 76 34 00 00 00 00 00 00 00 00 00 00 00 00 00 00 00 00 00 00 00 00 00 00 00 00 00 00 00 00 00 00 00 00 00 00 00 00 00 00 00 00 00 00 00 00 00 00 00 00 00 00 00 00 00 00 00 00 00 00 00 00 0E C0 47 3F 7E
[407578][00:02:10.913]7E FF 02 FF 82 6E A3 5A 69 05 2D 01 D8 2F 49 AF 00 39 00 94 00 01 00 01 69 7F 94 D8 E0 02 01 EF 12 3D 60 00 EB 9C 4E 80 0D 2E 00 00 0E 17 00 34 10 FF 08 00 33 00 00 30 00 15 61 49 26 30 00 09 04 16 28 01 00 00 00 30 00 09 04 76 64 20 00 00 12 74 72 0A 03 C5 20 2E 00 01 01 25 97 18 45 E1 93 04 00 04 00 00 00 17 46 00 00 00 00 00 00 00 00 00 00 00 00 00 00 23 2F 32 3F 00 00 00 00 00 00 00 00 00 00 00 00 00 00 00 00 00 00 00 00 00 00 00 00 00 00 00 00 00 00 00 00 00 00 00 00 00 00 00 00 00 00 00 00 00 00 00 00 09 F3 5B F5 7E
[407579][00:02:10.928]7E FF 02 FF 83 6E AD 5A 69 05 26 01 F5 FF 4C AF 00 3A 00 94 00 01 00 01 69 7F 94 D8 E0 02 01 24 14 79 44 00 F5 BC 99 80 0D 2E 00 00 0E 17 00 34 10 FF 08 00 33 00 00 30 00 15 61 49 26 30 00 09 04 16 28 01 00 00 00 30 00 09 04 76 64 20 00 00 12 74 72 0A 03 C5 20 2E 00 01 01 25 97 18 45 E1 93 04 00 04 00 00 00 17 46 00 00 00 00 00 00 00 00 00 00 00 00 00 00 23 2F 32 3F 00 00 00 00 00 00 00 00 00 00 00 00 00 00 00 00 00 00 00 00 00 00 00 00 00 00 00 00 00 00 00 00 00 00 00 00 00 00 00 00 00 00 00 00 00 00 00 00 AA CB 8D D7 7E
[407580][00:02:10.943]7E FF 02 FF 84 6E 28 5B 69 05 B1 00 DD 22 54 AF 01 22 10 94 00 01 00 01 69 7F 94 01 80 0D 01 E8 30 00 10 00 0E B5 D2 10 00 D8 00 05 34 B0 00 34 88 FF 00 00 33 00 00 01 00 00 00 30 00 09 03 55 07 20 00 00 12 74 72 0A 03 49 20 2E 00 01 01 50 81 06 45 E1 93 04 00 02 00 00 00 1B 46 00 00 00 00 00 00 00 00 00 00 00 00 00 00 8C 89 44 86 00 00 00 00 00 00 00 00 00 00 00 00 00 00 00 00 00 00 00 00 00 00 00 00 00 00 00 00 00 00 00 00 00 00 00 00 00 00 00 00 00 00 00 00 00 00 00 00 00 00 00 00 00 00 00 00 00 00 00 00 23 39 F3 A5 7E
[407581][00:02:11.003]7E FF 02 FF 85 6E FC 5A 69 05 DB 00 1D 83 69 AF 01 22 10 94 00 01 00 01 69 7F 94 01 80 0D 01 E8 30 00 10 00 0E B5 D2 10 00 D8 00 05 35 B0 00 34 88 FF 00 00 33 00 00 01 00 00 00 30 00 09 04 01 57 20 00 00 12 74 72 0A 03 DA 20 2E 00 01 01 59 46 11 45 E1 93 04 00 05 00 00 00 1C 46 00 00 00 00 00 00 00 00 00 00 00 00 00 00 B7 61 3C EA 00 00 00 00 00 00 00 00 00 00 00 00 00 00 00 00 00 00 00 00 00 00 00 00 00 00 00 00 00 00 00 00 00 00 00 00 00 00 00 00 00 00 00 00 00 00 00 00 00 00 00 00 00 00 00 00 00 00 00 00 F0 00 87 2A 7E
[407582][00:02:11.317]7E FF 02 FF 86 6E 41 5C 69 05 BE 03 39 60 E7 AF 00 38 00 94 00 01 00 01 69 7F 94 2E F0 FF 01 99 12 79 42 00 E9 18 95 E0 02 FF 2F 03 26 EF 00 34 70 EF 04 00 33 00 00 01 00 00 00 30 00 09 04 76 64 20 00 00 12 74 72 0A 03 C5 20 2E 00 01 01 25 97 18 45 E1 93 04 00 04 00 00 00 17 46 00 00 00 00 00 00 00 00 00 00 00 00 00 00 23 2F 32 3F 00 00 00 00 00 00 00 00 00 00 00 00 00 00 00 00 00 00 00 00 00 00 00 00 00 00 00 00 00 00 00 00 00 00 00 00 00 00 00 00 00 00 00 00 00 00 00 00 00 00 00 00 00 00 00 00 00 00 00 00 92 AD 5D 75 7E
[407583][00:02:11.782]7E FF 02 FF 87 6E FF 5D 69 05 4D 02 60 5E 91 B0 00 FE 03 14 01 01 00 01 69 7F 94 01 60 00 03 27 16 EB C4 00 89 5C 4C 10 00 0F 01 03 31 B0 30 74 88 FF 00 00 33 00 00 11 03 00 00 01 02 83 06 D7 1E 28 0A FE FE FE FE 68 62 00 43 05 39 51 03 09 00 30 10 C9 BD 10 00 3E 05 03 3E 50 02 02 00 01 20 21 02 00 1C 07 EA 06 1D 0B 00 00 08 00 20 21 02 00 00 20 01 04 00 00 20 00 02 00 00 20 01 02 00 00 20 04 02 00 00 20 0A 02 00 00 00 10 02 01 00 00 20 02 01 00 01 10 F0 D5 56 98 83 8E 08 15 8F 01 3B 87 D4 9A 8C D7 07 69 16 EF 57 41 35 00 00 00 00 00 00 00 00 00 00 00 00 00 00 00 00 00 00 00 00 00 00 00 00 00 00 00 00 00 00 00 00 00 00 00 00 00 00 00 00 00 00 00 00 00 00 00 00 00 00 00 00 00 00 00 00 00 00 00 00 00 00 00 00 00 00 00 00 00 00 00 00 00 00 00 00 00 00 00 00 00 00 00 00 00 00 00 00 00 00 00 00 00 00 00 00 00 00 00 00 00 00 00 00 00 00 00 00 00 00 00 00 00 00 00 00 00 00 00 00 00 00 00 00 76 FF D7 9F 7E
[407584][00:02:13.982]7E FF 02 FF 88 6E B0 66 69 05 61 00 2B F4 E1 B3 00 27 02 94 00 01 00 01 69 7F 94 87 F0 FF 01 C1 12 79 42 00 51 0E 17 70 08 FF 2F 01 08 04 00 5E 78 FF 08 00 33 00 00 70 00 00 68 35 16 FF FF FF FF FF FF 08 00 00 00 87 10 00 12 70 00 00 68 35 16 20 00 00 12 74 72 37 07 49 64 0E 00 3D 01 64 02 2A 00 4D 00 00 00 01 30 0A 00 00 00 01 00 00 00 00 00 00 00 00 00 00 00 00 00 00 00 00 00 08 00 00 00 00 00 00 00 00 00 04 68 09 00 20 10 00 00 01 04 3E 01 05 0F 01 03 11 04 06 03 01 03 2E 02 C8 68 37 24 00 00 00 00 00 00 0E A3 5E B2 7E
[407585][00:02:14.521]7E FF 02 FF 89 6E B2 68 69 05 CF 03 53 5C A6 B4 00 FD 03 14 01 01 00 01 69 7F 94 01 60 00 03 27 16 EB C0 00 98 5E C8 10 00 A2 00 03 36 B0 30 74 88 FF 00 00 33 00 00 11 03 00 00 01 02 83 06 D4 1E 28 0A FE FE FE FE 68 62 00 43 05 33 28 54 06 00 30 10 AB 43 10 00 3E 05 03 3B 50 02 02 00 01 20 21 02 00 1C 07 EA 06 1D 0B 00 00 08 00 20 21 02 00 00 20 01 04 00 00 20 00 02 00 00 20 01 02 00 00 20 04 02 00 00 20 0A 02 00 00 00 10 02 01 00 00 20 02 01 00 01 10 F0 D5 56 98 83 8E 08 15 8F 01 3B 87 D4 9A 8C D7 2D 73 16 E5 1D 81 B9 00 00 00 00 00 00 00 00 00 00 00 00 00 00 00 00 00 00 00 00 00 00 00 00 00 00 00 00 00 00 00 00 00 00 00 00 00 00 00 00 00 00 00 00 00 00 00 00 00 00 00 00 00 00 00 00 00 00 00 00 00 00 00 00 00 00 00 00 00 00 00 00 00 00 00 00 00 00 00 00 00 00 00 00 00 00 00 00 00 00 00 00 00 00 00 00 00 00 00 00 00 00 00 00 00 00 00 00 00 00 00 00 00 00 00 00 00 00 00 00 00 00 00 00 87 93 E8 C7 7E
[407586][00:02:14.567]7E FF 02 FF 8A 6E E3 68 69 05 2C 01 1F C9 B8 B4 00 FD 03 14 01 01 00 01 69 7F 94 01 60 00 03 27 16 EB C4 00 89 5C 4C 10 00 A2 00 03 36 B0 30 74 88 FF 00 00 33 00 00 11 03 00 00 01 02 83 06 D4 1E 28 0A FE FE FE FE 68 62 00 43 05 33 28 54 06 00 30 10 AB 43 10 00 3E 05 03 3B 50 02 02 00 01 20 21 02 00 1C 07 EA 06 1D 0B 00 00 08 00 20 21 02 00 00 20 01 04 00 00 20 00 02 00 00 20 01 02 00 00 20 04 02 00 00 20 0A 02 00 00 00 10 02 01 00 00 20 02 01 00 01 10 F0 D5 56 98 83 8E 08 15 8F 01 3B 87 D4 9A 8C D7 2D 73 16 E5 1D 81 B9 00 00 00 00 00 00 00 00 00 00 00 00 00 00 00 00 00 00 00 00 00 00 00 00 00 00 00 00 00 00 00 00 00 00 00 00 00 00 00 00 00 00 00 00 00 00 00 00 00 00 00 00 00 00 00 00 00 00 00 00 00 00 00 00 00 00 00 00 00 00 00 00 00 00 00 00 00 00 00 00 00 00 00 00 00 00 00 00 00 00 00 00 00 00 00 00 00 00 00 00 00 00 00 00 00 00 00 00 00 00 00 00 00 00 00 00 00 00 00 00 00 00 00 00 67 FC 2B 1C 7E
[407587][00:02:14.626]7E FF 02 FF 8B 6E 1C 69 69 05 A4 03 58 C4 CE B4 00 FD 03 14 01 01 00 01 69 7F 94 01 60 00 03 27 16 EB C4 00 89 5C 4C 10 00 A2 00 03 36 B0 30 74 88 FF 00 00 33 00 00 11 03 00 00 01 02 83 06 D4 1E 28 0A FE FE FE FE 68 62 00 43 05 33 28 54 06 00 30 10 AB 43 10 00 3E 05 03 3B 50 02 02 00 01 20 21 02 00 1C 07 EA 06 1D 0B 00 00 08 00 20 21 02 00 00 20 01 04 00 00 20 00 02 00 00 20 01 02 00 00 20 04 02 00 00 20 0A 02 00 00 00 10 02 01 00 00 20 02 01 00 01 10 F0 D5 56 98 83 8E 08 15 8F 01 3B 87 D4 9A 8C D7 2D 73 16 E5 1D 81 B9 00 00 00 00 00 00 00 00 00 00 00 00 00 00 00 00 00 00 00 00 00 00 00 00 00 00 00 00 00 00 00 00 00 00 00 00 00 00 00 00 00 00 00 00 00 00 00 00 00 00 00 00 00 00 00 00 00 00 00 00 00 00 00 00 00 00 00 00 00 00 00 00 00 00 00 00 00 00 00 00 00 00 00 00 00 00 00 00 00 00 00 00 00 00 00 00 00 00 00 00 00 00 00 00 00 00 00 00 00 00 00 00 00 00 00 00 00 00 00 00 00 00 00 00 CF 6F 36 DA 7E
[407588][00:02:14.626]7E FF 02 FF 8C 6E 9B 69 69 05 DD 03 41 18 D9 B4 00 FE 03 54 00 01 00 01 69 7F 94 01 60 00 03 B6 12 40 E0 00 46 9A D7 10 00 E4 00 0A 37 B0 30 10 88 FF 00 00 33 00 00 11 A1 00 00 01 23 D2 07 30 00 09 05 36 53 03 02 2D EE A8 74 00 00 00 00 00 00 00 00 00 00 00 00 00 00 00 00 00 00 00 00 00 00 00 00 00 00 00 00 00 00 00 00 9B 73 CA E3 7E
[407589][00:02:14.672]7E FF 02 FF 8D 6E 63 69 69 05 B0 00 98 91 E9 B4 00 FD 03 54 00 01 00 01 69 7F 94 01 60 00 03 B6 12 40 E4 00 57 98 53 10 00 E4 00 0A 37 B0 30 10 88 FF 00 00 33 00 00 11 A1 00 00 01 23 D2 07 30 00 09 05 36 53 03 02 2D EE A8 74 00 00 00 00 00 00 00 00 00 00 00 00 00 00 00 00 00 00 00 00 00 00 00 00 00 00 00 00 00 00 00 00 35 20 5F 55 7E
[407590][00:02:14.703]7E FF 02 FF 8E 6E 8C 69 69 05 37 02 F7 5B F9 B4 00 FD 03 54 00 01 00 01 69 7F 94 01 60 00 03 B6 12 40 E4 00 57 98 53 10 00 E4 00 0A 37 B0 30 10 88 FF 00 00 33 00 00 11 A1 00 00 01 23 D2 07 30 00 09 05 36 53 03 02 2D EE A8 74 00 00 00 00 00 00 00 00 00 00 00 00 00 00 00 00 00 00 00 00 00 00 00 00 00 00 00 00 00 00 00 00 2C BD 7D 65 7E
[407591][00:02:14.749]7E FF 02 FF 8F 6E BD 69 69 05 8A 02 59 1D 0C B5 00 FD 03 10 00 01 00 02 69 7F 94 01 2E 00 00 01 18 00 00 00 30 03 BF 63 F4 DB 06 7E
[407592][00:02:14.794]7E FF 02 FF 90 6E E7 69 69 05 93 01 FB 03 1C B5 00 FD 03 54 00 01 00 01 69 7F 94 01 60 00 03 B6 12 40 E4 00 57 98 53 10 00 E4 00 0A 37 B0 30 10 88 FF 00 00 33 00 00 11 A1 00 00 01 23 D2 07 30 00 09 05 36 53 03 02 2D EE A8 74 00 00 00 00 00 00 00 00 00 00 00 00 00 00 00 00 00 00 00 00 00 00 00 00 00 00 00 00 00 00 00 00 24 3A 0F 88 7E
[407593][00:02:14.854]7E FF 02 FF 91 6E 1F 6A 69 05 EE 01 12 6B 31 B5 00 FD 03 54 00 01 00 01 69 7F 94 01 60 00 03 B6 12 40 E4 00 57 98 53 10 00 E4 00 0A 37 B0 30 10 88 FF 00 00 33 00 00 11 A1 00 00 01 23 D2 07 30 00 09 05 36 53 03 02 2D EE A8 74 00 00 00 00 00 00 00 00 00 00 00 00 00 00 00 00 00 00 00 00 00 00 00 00 00 00 00 00 00 00 00 00 C7 D0 DF DA 7E
[407594][00:02:15.003]7E FF 02 FF 92 6E AC 6A 69 05 C7 01 2F 2D 67 B5 00 FE 03 54 00 01 00 01 69 7F 94 01 60 00 03 B6 12 40 E4 00 57 98 53 10 00 E4 00 0A 37 B0 30 10 88 FF 00 00 33 00 00 11 A1 00 00 01 23 D2 07 30 00 09 05 36 53 03 02 2D EE A8 74 00 00 00 00 00 00 00 00 00 00 00 00 00 00 00 00 00 00 00 00 00 00 00 00 00 00 00 00 00 00 00 00 EE 4A 35 BE 7E
[407595][00:02:15.003]7E FF 02 FF 93 6E C1 6A 69 05 32 03 B9 59 6F B5 00 FE 03 10 00 01 00 02 69 7F 94 01 2E 00 00 01 1F 00 00 00 41 C3 3A 3C B6 F5 7E 7E
[407596][00:02:15.169]7E FF 02 FF 94 6E 53 6B 69 05 16 00 94 B9 A6 B5 00 FE 03 54 00 01 00 01 69 7F 94 01 60 00 03 B6 12 40 E4 00 57 98 53 10 00 E4 00 0A 37 B0 30 10 88 FF 00 00 33 00 00 11 A1 00 00 01 23 D2 07 30 00 09 05 36 53 03 02 2D EE A8 74 00 00 00 00 00 00 00 00 00 00 00 00 00 00 00 00 00 00 00 00 00 00 00 00 00 00 00 00 00 00 00 00 DE 71 24 FE 7E
[407597][00:02:15.259]7E FF 02 FF 95 6E BB 6B 69 05 E2 03 52 CB CE B5 00 FE 03 10 00 01 00 02 69 7F 94 01 D8 E0 02 01 0D 00 00 00 E9 5D A0 FC 6C 88 80 7E
[407598][00:02:15.274]7E FF 02 FF 96 6E C7 6B 69 05 14 00 6B FE D2 B5 00 FE 03 10 00 01 00 02 69 7F 94 10 01 E0 00 01 00 02 00 00 54 EF 81 C7 DD A5 E0 7E
[407599][00:02:16.247]7E FF 02 FF 97 6E 8D 6F 69 05 57 00 70 42 43 B7 00 FE 03 54 00 01 00 01 69 7F 94 01 60 00 03 B6 12 40 E4 00 57 98 53 10 00 E4 00 0A 37 B0 30 10 88 FF 00 00 33 00 00 11 A1 00 00 01 23 D2 07 30 00 09 05 36 53 03 02 2D EE A8 74 00 00 00 00 00 00 00 00 00 00 00 00 00 00 00 00 00 00 00 00 00 00 00 00 00 00 00 00 00 00 00 00 4E 2B 8B 21 7E
[407600][00:02:16.277]7E FF 02 FF 98 6E A9 6F 69 05 59 00 40 ED 4D B7 00 FE 03 54 00 01 00 01 69 7F 94 01 60 00 03 B6 12 40 E4 00 57 98 53 10 00 E4 00 0A 37 B0 30 10 88 FF 00 00 33 00 00 11 A1 00 00 01 23 D2 07 30 00 09 05 36 53 03 02 2D EE A8 74 00 00 00 00 00 00 00 00 00 00 00 00 00 00 00 00 00 00 00 00 00 00 00 00 00 00 00 00 00 00 00 00 80 2B 77 96 7E
