[ 19963][16:42:00.138]7E FF 02 FF F8 B4 17 BC 30 01 A5 02 19 4F 2B BF 00 49 00 10 00 01 00 02 8D DD 2E 10 01 40 0A 01 03 01 00 00 19 B9 28 51 96 F1 86 7E
[ 19964][16:42:00.183]7E FF 02 FF F9 B4 C7 BB 30 01 4A 00 63 AF 32 BF 00 49 00 94 00 01 00 01 8D DD 2E 01 40 0A 00 16 15 B6 40 00 A1 67 26 10 00 A4 00 0A 0C 3E 00 34 88 FF 00 00 2A 00 00 01 00 00 00 00 19 01 10 00 08 00 00 05 46 46 54 01 00 00 00 A4 00 01 01 2B A3 38 29 00 7D 00 00 32 00 00 00 01 00 00 00 00 00 00 00 00 00 00 00 00 00 00 00 1A 5D 91 38 00 00 00 00 00 00 00 00 00 00 00 00 00 00 00 00 00 00 00 00 00 00 00 00 00 00 00 00 00 00 00 00 00 00 00 00 00 00 00 00 00 00 00 00 00 00 00 00 00 00 00 00 00 00 00 00 00 00 00 00 01 1D 49 0C 7E
[ 19965][16:42:00.826]7E FF 02 FF FA B4 C8 BE 30 01 7C 02 9E 21 32 C0 00 49 00 10 00 01 00 03 8D DD 2E FE 03 DE 15 B1 50 3B 2A 02 67 02 E0 1F D2 B0 C8 7E
[ 19966][16:42:00.932]7E FF 02 FF FB B4 2E BF 30 01 3D 01 8E E4 58 C0 00 49 00 54 00 01 00 01 8D DD 2E 01 C0 1A 03 5B 13 60 E0 00 AD 1E 10 10 00 AC 01 03 0B 3E 30 10 88 FF 00 00 2A 00 00 11 08 00 00 01 03 01 00 5F 03 00 48 16 59 00 00 8E 9C 8A 45 00 00 00 00 00 00 00 00 00 00 00 00 00 00 00 00 00 00 00 00 00 00 00 00 00 00 00 00 00 00 00 00 16 ED 4A B4 7E
[ 19967][16:42:00.991]7E FF 02 FF FC B4 E8 BE 30 01 5D 02 70 71 64 C0 00 3D 02 15 01 01 00 00 EC A8 22 AF EB E0 FC 01 B0 B0 02 00 79 B0 E6 CA D5 00 00 90 98 01 63 16 01 00 00 20 02 00 00 00 00 00 00 05 00 0F 01 00 00 64 00 00 90 98 01 63 04 00 00 01 0A C8 00 33 00 3C 00 3C 00 06 0A 5F 07 00 00 34 E3 DB FC C0 47 00 12 33 00 05 17 32 00 00 00 00 03 6E DF FC 1D 27 00 00 17 00 02 10 09 10 23 10 24 10 3D 10 37 00 38 00 39 00 3A 00 3B 00 3C 00 3E 00 3F 00 04 00 0F 00 10 00 40 00 41 80 58 1B 00 01 F4 01 00 02 D0 07 00 03 03 04 32 05 7A 00 7B 00 7C 00 7E 00 7F 00 80 00 81 00 83 00 84 00 85 00 87 00 89 00 8A 00 8D 00 82 00 8C 00 8E 00 88 00 7D 00 86 00 8B 00 8F 00 90 00 91 00 17 00 1D 00 2C 00 2A 00 1B 00 08 00 0C 00 06 80 04 29 00 01 F4 01 00 02 C4 09 00 03 03 04 32 05 57 00 58 00 59 00 5A 00 5B 00 5C 00 5D 00 5E 00 5F 00 60 00 61 00 62 00 63 00 64 00 65 80 1C 25 00 01 F4 01 00 02 DC 05 00 03 03 04 32 05 6D AF 93 12 E8 80 AC 8E 7E
[ 19968][16:42:01.021]7E FF 02 FF FD B4 FD BE 30 01 0A 03 69 85 6C C0 00 3E 03 15 01 01 00 00 EC A8 22 A7 FF E8 FC 01 B0 B0 04 00 BF AD 37 CA D5 00 00 90 98 01 63 16 01 00 00 20 02 00 00 00 00 00 00 05 00 0F 01 00 00 64 00 00 90 98 01 63 04 00 00 01 0A C8 00 33 00 3C 00 3C 00 06 0A 5F 07 00 00 34 E3 DB FC C0 47 00 12 33 00 05 17 32 00 00 00 00 03 6E DF FC 1D 27 00 00 17 00 02 10 09 10 23 10 24 10 3D 10 37 00 38 00 39 00 3A 00 3B 00 3C 00 3E 00 3F 00 04 00 0F 00 10 00 40 00 41 80 58 1B 00 01 F4 01 00 02 D0 07 00 03 03 04 32 05 7A 00 7B 00 7C 00 7E 00 7F 00 80 00 81 00 83 00 84 00 85 00 87 00 89 00 8A 00 8D 00 82 00 8C 00 8E 00 88 00 7D 00 86 00 8B 00 8F 00 90 00 91 00 17 00 1D 00 2C 00 2A 00 1B 00 08 00 0C 00 06 80 04 29 00 01 F4 01 00 02 C4 09 00 03 03 04 32 05 57 00 58 00 59 00 5A 00 5B 00 5C 00 5D 00 5E 00 5F 00 60 00 61 00 62 00 63 00 64 00 65 80 1C 25 00 01 F4 01 00 02 DC 05 00 03 03 04 32 05 6D AF 93 12 7B 9A 5C 87 7E
[ 19969][16:42:01.037]7E FF 02 FF FE B4 78 BF 30 01 02 03 5F 4A 75 C0 00 3E 02 15 01 01 00 00 EC A8 22 97 C4 F1 FC 01 B0 B0 06 00 14 A9 E1 CA D5 00 00 90 98 01 63 16 01 00 00 20 02 00 00 00 00 00 00 05 00 0F 01 00 00 64 00 00 90 98 01 63 04 00 00 01 0A C8 00 33 00 3C 00 3C 00 06 0A 5F 07 00 00 34 E3 DB FC C0 47 00 12 33 00 05 17 32 00 00 00 00 03 6E DF FC 1D 27 00 00 17 00 02 10 09 10 23 10 24 10 3D 10 37 00 38 00 39 00 3A 00 3B 00 3C 00 3E 00 3F 00 04 00 0F 00 10 00 40 00 41 80 58 1B 00 01 F4 01 00 02 D0 07 00 03 03 04 32 05 7A 00 7B 00 7C 00 7E 00 7F 00 80 00 81 00 83 00 84 00 85 00 87 00 89 00 8A 00 8D 00 82 00 8C 00 8E 00 88 00 7D 00 86 00 8B 00 8F 00 90 00 91 00 17 00 1D 00 2C 00 2A 00 1B 00 08 00 0C 00 06 80 04 29 00 01 F4 01 00 02 C4 09 00 03 03 04 32 05 57 00 58 00 59 00 5A 00 5B 00 5C 00 5D 00 5E 00 5F 00 60 00 61 00 62 00 63 00 64 00 65 80 1C 25 00 01 F4 01 00 02 DC 05 00 03 03 04 32 05 6D AF 93 12 94 32 91 B3 7E
[ 19970][16:42:01.068]7E FF 02 FF FF B4 8E BF 30 01 EC 02 F4 AC 7D C0 00 49 01 15 01 01 00 00 EC A8 22 7C 28 FA FC 02 B0 B0 02 00 03 F1 F3 C9 D5 00 00 90 98 01 63 16 01 00 00 20 02 00 00 00 00 00 00 05 00 0F 02 10 00 42 01 18 01 00 00 03 12 02 01 01 0A C8 00 33 00 3C 00 3C 00 06 0A 5F 07 00 00 34 E3 DB FC C0 47 00 12 33 00 05 17 32 00 00 00 00 03 6E DF FC 1D 27 00 00 17 00 02 10 09 10 23 10 24 10 3D 10 37 00 38 00 39 00 3A 00 3B 00 3C 00 3E 00 3F 00 04 00 0F 00 10 00 40 00 41 80 58 1B 00 01 F4 01 00 02 D0 07 00 03 03 04 32 05 7A 00 7B 00 7C 00 7E 00 7F 00 80 00 81 00 83 00 84 00 85 00 87 00 89 00 8A 00 8D 00 82 00 8C 00 8E 00 88 00 7D 00 86 00 8B 00 8F 00 90 00 91 00 17 00 1D 00 2C 00 2A 00 1B 00 08 00 0C 00 06 80 04 29 00 01 F4 01 00 02 C4 09 00 03 03 04 32 05 57 00 58 00 59 00 5A 00 5B 00 5C 00 5D 00 5E 00 5F 00 60 00 61 00 62 00 63 00 64 00 65 80 1C 25 00 01 F4 01 00 02 DC 05 00 03 03 04 32 05 95 43 40 F6 4E 40 D4 52 7E
[ 19971][16:42:01.098]7E FF 02 FF 00 B5 41 BF 30 01 EC 02 52 73 86 C0 00 49 01 15 01 01 00 00 EC A8 22 C9 EE 02 FD 09 B0 B0 02 00 DE 1A 9F C9 D5 00 00 90 98 01 63 16 01 00 00 20 02 00 00 00 00 00 00 05 00 0F 09 10 00 44 01 21 01 00 00 19 12 02 01 01 0A C8 00 33 00 3C 00 3C 00 06 0A 5F 07 00 00 34 E3 DB FC C0 47 00 12 33 00 05 17 32 00 00 00 00 03 6E DF FC 1D 27 00 00 17 00 02 10 09 10 23 10 24 10 3D 10 37 00 38 00 39 00 3A 00 3B 00 3C 00 3E 00 3F 00 04 00 0F 00 10 00 40 00 41 80 58 1B 00 01 F4 01 00 02 D0 07 00 03 03 04 32 05 7A 00 7B 00 7C 00 7E 00 7F 00 80 00 81 00 83 00 84 00 85 00 87 00 89 00 8A 00 8D 00 82 00 8C 00 8E 00 88 00 7D 00 86 00 8B 00 8F 00 90 00 91 00 17 00 1D 00 2C 00 2A 00 1B 00 08 00 0C 00 06 80 04 29 00 01 F4 01 00 02 C4 09 00 03 03 04 32 05 57 00 58 00 59 00 5A 00 5B 00 5C 00 5D 00 5E 00 5F 00 60 00 61 00 62 00 63 00 64 00 65 80 1C 25 00 01 F4 01 00 02 DC 05 00 03 03 04 32 05 D1 5F CD FF 97 1C 1F BF 7E
[ 19972][16:42:01.098]7E FF 02 FF 01 B5 62 BF 30 01 A8 03 C3 21 93 C0 00 49 01 10 00 01 00 02 8D DD 2E 10 01 00 21 01 01 00 00 00 E2 39 86 8D 4F 2E 24 7E
[ 19973][16:42:01.173]7E FF 02 FF 02 B5 01 C0 30 01 D9 02 8D 8B A9 C0 00 49 01 15 01 01 00 00 EC A8 22 30 07 26 FD 37 B0 B0 06 00 4C C6 BC C8 D5 00 00 90 98 01 63 16 01 00 00 20 02 00 00 00 00 00 00 05 00 0F 37 10 00 48 01 12 01 00 00 05 11 03 03 01 0A C8 00 33 00 3C 00 3C 00 06 0A 5F 07 00 00 34 E3 DB FC C0 23 00 12 33 00 05 17 32 00 00 00 00 03 6E DF FC 1D 27 00 00 17 00 58 1B 00 01 F4 01 00 02 D0 07 00 03 03 04 32 05 3A 00 3B 00 3C 00 3E 00 3F 00 04 00 0F 00 10 00 40 00 41 80 58 1B 00 01 F4 01 00 02 D0 07 00 03 03 04 32 05 7A 00 7B 00 7C 00 7E 00 7F 00 80 00 81 00 83 00 84 00 85 00 87 00 89 00 8A 00 8D 00 82 00 8C 00 8E 00 88 00 7D 00 86 00 8B 00 8F 00 90 00 91 00 17 00 1D 00 2C 00 2A 00 1B 00 08 00 0C 00 06 80 04 29 00 01 F4 01 00 02 C4 09 00 03 03 04 32 05 57 00 58 00 59 00 5A 00 5B 00 5C 00 5D 00 5E 00 5F 00 60 00 61 00 62 00 63 00 64 00 65 80 1C 25 00 01 F4 01 00 02 DC 05 00 03 03 04 32 05 C8 47 C0 F7 94 00 1E A5 7E
[ 19974][16:42:01.203]7E FF 02 FF 03 B5 B4 BF 30 01 F4 02 3C 52 B2 C0 00 49 01 15 01 01 00 00 EC A8 22 CC CD 2E FD 38 B0 B0 02 00 B0 DC 4E C8 D5 00 00 90 98 01 63 16 01 00 00 20 02 00 00 00 00 00 00 05 00 0F 38 10 00 4B 01 12 01 00 00 10 11 03 01 01 0A C8 00 33 00 3C 00 3C 00 06 0A 5F 07 00 00 34 E3 DB FC C0 23 00 12 33 00 05 17 32 00 00 00 00 03 6E DF FC 1D 27 00 00 17 00 58 1B 00 01 F4 01 00 02 D0 07 00 03 03 04 32 05 3A 00 3B 00 3C 00 3E 00 3F 00 04 00 0F 00 10 00 40 00 41 80 58 1B 00 01 F4 01 00 02 D0 07 00 03 03 04 32 05 7A 00 7B 00 7C 00 7E 00 7F 00 80 00 81 00 83 00 84 00 85 00 87 00 89 00 8A 00 8D 00 82 00 8C 00 8E 00 88 00 7D 00 86 00 8B 00 8F 00 90 00 91 00 17 00 1D 00 2C 00 2A 00 1B 00 08 00 0C 00 06 80 04 29 00 01 F4 01 00 02 C4 09 00 03 03 04 32 05 57 00 58 00 59 00 5A 00 5B 00 5C 00 5D 00 5E 00 5F 00 60 00 61 00 62 00 63 00 64 00 65 80 1C 25 00 01 F4 01 00 02 DC 05 00 03 03 04 32 05 3E B5 0F 47 7A 5A C1 F2 7E
[ 19975][16:42:01.233]7E FF 02 FF 04 B5 46 C0 30 01 03 03 C8 E0 C3 C0 00 49 01 15 01 01 00 00 EC A8 22 70 5C 40 FD 3A B0 B0 02 00 44 72 DD C8 D5 00 00 90 98 01 63 16 01 00 00 20 02 00 00 00 00 00 00 05 00 0F 3A 10 00 48 01 12 01 00 00 14 11 03 01 01 0A C8 00 33 00 3C 00 3C 00 06 0A 5F 07 00 00 34 E3 DB FC C0 23 00 12 33 00 05 17 32 00 00 00 00 03 6E DF FC 1D 27 00 00 17 00 58 1B 00 01 F4 01 00 02 D0 07 00 03 03 04 32 05 3A 00 3B 00 3C 00 3E 00 3F 00 04 00 0F 00 10 00 40 00 41 80 58 1B 00 01 F4 01 00 02 D0 07 00 03 03 04 32 05 7A 00 7B 00 7C 00 7E 00 7F 00 80 00 81 00 83 00 84 00 85 00 87 00 89 00 8A 00 8D 00 82 00 8C 00 8E 00 88 00 7D 00 86 00 8B 00 8F 00 90 00 91 00 17 00 1D 00 2C 00 2A 00 1B 00 08 00 0C 00 06 80 04 29 00 01 F4 01 00 02 C4 09 00 03 03 04 32 05 57 00 58 00 59 00 5A 00 5B 00 5C 00 5D 00 5E 00 5F 00 60 00 61 00 62 00 63 00 64 00 65 80 1C 25 00 01 F4 01 00 02 DC 05 00 03 03 04 32 05 AE 18 8D E3 D8 7F 73 71 7E
[ 19976][16:42:01.263]7E FF 02 FF 05 B5 5D C0 30 01 F1 02 86 A3 CC C0 00 49 01 15 01 01 00 00 EC A8 22 29 1F 49 FD 3B B0 B0 06 00 2C 52 49 C8 D5 00 00 90 98 01 63 16 01 00 00 20 02 00 00 00 00 00 00 05 00 0F 3B 10 00 4B 01 12 01 00 00 13 11 02 03 01 0A C8 00 33 00 3C 00 3C 00 06 0A 5F 07 00 00 34 E3 DB FC C0 23 00 12 33 00 05 17 32 00 00 00 00 03 6E DF FC 1D 27 00 00 17 00 58 1B 00 01 F4 01 00 02 D0 07 00 03 03 04 32 05 3A 00 3B 00 3C 00 3E 00 3F 00 04 00 0F 00 10 00 40 00 41 80 58 1B 00 01 F4 01 00 02 D0 07 00 03 03 04 32 05 7A 00 7B 00 7C 00 7E 00 7F 00 80 00 81 00 83 00 84 00 85 00 87 00 89 00 8A 00 8D 00 82 00 8C 00 8E 00 88 00 7D 00 86 00 8B 00 8F 00 90 00 91 00 17 00 1D 00 2C 00 2A 00 1B 00 08 00 0C 00 06 80 04 29 00 01 F4 01 00 02 C4 09 00 03 03 04 32 05 57 00 58 00 59 00 5A 00 5B 00 5C 00 5D 00 5E 00 5F 00 60 00 61 00 62 00 63 00 64 00 65 80 1C 25 00 01 F4 01 00 02 DC 05 00 03 03 04 32 05 4D D2 BE A5 F4 A5 F9 51 7E
[ 19977][16:42:01.293]7E FF 02 FF 06 B5 10 C0 30 01 FA 02 09 6B D5 C0 00 49 01 15 01 01 00 00 EC A8 22 AA E6 51 FD 3C B0 B0 02 00 77 6F 7B C8 D5 00 00 90 98 01 63 16 01 00 00 20 02 00 00 00 00 00 00 05 00 0F 3C 10 00 4B 01 12 01 00 00 11 11 03 01 01 0A C8 00 33 00 3C 00 3C 00 06 0A 5F 07 00 00 34 E3 DB FC C0 23 00 12 33 00 05 17 32 00 00 00 00 03 6E DF FC 1D 27 00 00 17 00 58 1B 00 01 F4 01 00 02 D0 07 00 03 03 04 32 05 3A 00 3B 00 3C 00 3E 00 3F 00 04 00 0F 00 10 00 40 00 41 80 58 1B 00 01 F4 01 00 02 D0 07 00 03 03 04 32 05 7A 00 7B 00 7C 00 7E 00 7F 00 80 00 81 00 83 00 84 00 85 00 87 00 89 00 8A 00 8D 00 82 00 8C 00 8E 00 88 00 7D 00 86 00 8B 00 8F 00 90 00 91 00 17 00 1D 00 2C 00 2A 00 1B 00 08 00 0C 00 06 80 04 29 00 01 F4 01 00 02 C4 09 00 03 03 04 32 05 57 00 58 00 59 00 5A 00 5B 00 5C 00 5D 00 5E 00 5F 00 60 00 61 00 62 00 63 00 64 00 65 80 1C 25 00 01 F4 01 00 02 DC 05 00 03 03 04 32 05 5D AF AB B1 84 65 65 52 7E
[ 19978][16:42:01.353]7E FF 02 FF 07 B5 A2 C0 30 01 ED 02 05 F6 E6 C0 00 49 00 15 01 01 00 00 EC A8 22 EB 72 63 FD 3F B0 B0 02 00 73 5A D3 C8 D5 00 00 90 98 01 63 16 01 00 00 20 02 00 00 00 00 00 00 05 00 0F 3F 20 00 42 01 23 01 00 00 11 21 05 01 01 0A C8 00 33 00 3C 00 3C 00 06 0A 5F 07 00 00 34 E3 DB FC C0 23 00 12 33 00 05 17 32 00 00 00 00 03 6E DF FC 1D 27 00 00 17 00 58 1B 00 01 F4 01 00 02 D0 07 00 03 03 04 32 05 3A 00 3B 00 3C 00 3E 00 3F 00 04 00 0F 00 10 00 40 00 41 80 58 1B 00 01 F4 01 00 02 D0 07 00 03 03 04 32 05 7A 00 7B 00 7C 00 7E 00 7F 00 80 00 81 00 83 00 84 00 85 00 87 00 89 00 8A 00 8D 00 82 00 8C 00 8E 00 88 00 7D 00 86 00 8B 00 8F 00 90 00 91 00 17 00 1D 00 2C 00 2A 00 1B 00 08 00 0C 00 06 80 04 29 00 01 F4 01 00 02 C4 09 00 03 03 04 32 05 57 00 58 00 59 00 5A 00 5B 00 5C 00 5D 00 5E 00 5F 00 60 00 61 00 62 00 63 00 64 00 65 80 1C 25 00 01 F4 01 00 02 DC 05 00 03 03 04 32 05 5B 3B C0 A7 56 DC 94 D4 7E
[ 19979][16:42:01.353]7E FF 02 FF 08 B5 B9 C0 30 01 F4 02 0A BD EF C0 00 49 01 15 01 01 00 00 EC A8 22 8C 38 6C FD 04 B0 B0 06 00 B8 3A 8B C8 D5 00 00 90 98 01 63 16 01 00 00 20 02 00 00 00 00 00 00 05 00 0F 04 10 00 48 01 21 01 00 00 05 11 02 03 01 0A C8 00 33 00 3C 00 3C 00 06 0A 5F 07 00 00 34 E3 DB FC C0 23 00 12 33 00 05 17 32 00 00 00 00 03 6E DF FC 1D 27 00 00 17 00 58 1B 00 01 F4 01 00 02 D0 07 00 03 03 04 32 05 3A 00 3B 00 3C 00 3E 00 3F 00 04 00 0F 00 10 00 40 00 41 80 58 1B 00 01 F4 01 00 02 D0 07 00 03 03 04 32 05 7A 00 7B 00 7C 00 7E 00 7F 00 80 00 81 00 83 00 84 00 85 00 87 00 89 00 8A 00 8D 00 82 00 8C 00 8E 00 88 00 7D 00 86 00 8B 00 8F 00 90 00 91 00 17 00 1D 00 2C 00 2A 00 1B 00 08 00 0C 00 06 80 04 29 00 01 F4 01 00 02 C4 09 00 03 03 04 32 05 57 00 58 00 59 00 5A 00 5B 00 5C 00 5D 00 5E 00 5F 00 60 00 61 00 62 00 63 00 64 00 65 80 1C 25 00 01 F4 01 00 02 DC 05 00 03 03 04 32 05 AC 02 B7 AB B3 E0 F3 C7 7E
[ 19980][16:42:01.383]7E FF 02 FF 09 B5 6C C0 30 01 EE 02 50 82 F8 C0 00 49 01 15 01 01 00 00 EC A8 22 CB FD 74 FD 0F B0 B0 02 00 82 3F 8E C8 D5 00 00 90 98 01 63 16 01 00 00 20 02 00 00 00 00 00 00 05 00 0F 0F 10 00 47 01 17 01 00 00 03 11 03 01 01 0A C8 00 33 00 3C 00 3C 00 06 0A 5F 07 00 00 34 E3 DB FC C0 23 00 12 33 00 05 17 32 00 00 00 00 03 6E DF FC 1D 27 00 00 17 00 58 1B 00 01 F4 01 00 02 D0 07 00 03 03 04 32 05 3A 00 3B 00 3C 00 3E 00 3F 00 04 00 0F 00 10 00 40 00 41 80 58 1B 00 01 F4 01 00 02 D0 07 00 03 03 04 32 05 7A 00 7B 00 7C 00 7E 00 7F 00 80 00 81 00 83 00 84 00 85 00 87 00 89 00 8A 00 8D 00 82 00 8C 00 8E 00 88 00 7D 00 86 00 8B 00 8F 00 90 00 91 00 17 00 1D 00 2C 00 2A 00 1B 00 08 00 0C 00 06 80 04 29 00 01 F4 01 00 02 C4 09 00 03 03 04 32 05 57 00 58 00 59 00 5A 00 5B 00 5C 00 5D 00 5E 00 5F 00 60 00 61 00 62 00 63 00 64 00 65 80 1C 25 00 01 F4 01 00 02 DC 05 00 03 03 04 32 05 41 FC 80 97 E2 1A F4 C5 7E
[ 19981][16:42:01.383]7E FF 02 FF 0A B5 7A C0 30 01 A1 01 06 BF FD C0 00 49 01 10 00 01 00 02 8D DD 2E 10 01 E0 02 01 03 01 00 00 33 5E 3C 7F D0 8E AA 7E
[ 19982][16:42:01.413]7E FF 02 FF 0B B5 83 C0 30 01 EE 02 8F 48 01 C1 00 49 01 15 01 01 00 00 EC A8 22 16 C4 7D FD 10 B0 B0 04 00 CE EC 0D C8 D5 00 00 90 98 01 63 16 01 00 00 20 02 00 00 00 00 00 00 05 00 0F 10 10 00 47 01 22 01 00 00 03 11 02 02 01 0A C8 00 33 00 3C 00 3C 00 06 0A 5F 07 00 00 34 E3 DB FC C0 23 00 12 33 00 05 17 32 00 00 00 00 03 6E DF FC 1D 27 00 00 17 00 58 1B 00 01 F4 01 00 02 D0 07 00 03 03 04 32 05 3A 00 3B 00 3C 00 3E 00 3F 00 04 00 0F 00 10 00 40 00 41 80 58 1B 00 01 F4 01 00 02 D0 07 00 03 03 04 32 05 7A 00 7B 00 7C 00 7E 00 7F 00 80 00 81 00 83 00 84 00 85 00 87 00 89 00 8A 00 8D 00 82 00 8C 00 8E 00 88 00 7D 00 86 00 8B 00 8F 00 90 00 91 00 17 00 1D 00 2C 00 2A 00 1B 00 08 00 0C 00 06 80 04 29 00 01 F4 01 00 02 C4 09 00 03 03 04 32 05 57 00 58 00 59 00 5A 00 5B 00 5C 00 5D 00 5E 00 5F 00 60 00 61 00 62 00 63 00 64 00 65 80 1C 25 00 01 F4 01 00 02 DC 05 00 03 03 04 32 05 D0 91 05 61 8D 8B 9A 8F 7E
[ 19983][16:42:01.443]7E FF 02 FF 0C B5 9A C0 30 01 00 03 5B 10 0A C1 00 49 01 15 01 01 00 00 EC A8 22 01 8C 86 FD 40 B0 B0 06 00 7A 24 21 C8 D5 00 00 90 98 01 63 16 01 00 00 20 02 00 00 00 00 00 00 05 00 0F 40 10 00 64 01 12 01 00 00 16 11 02 03 01 0A C8 00 33 00 3C 00 3C 00 06 0A 5F 07 00 00 34 E3 DB FC C0 23 00 12 33 00 05 17 32 00 00 00 00 03 6E DF FC 1D 27 00 00 17 00 58 1B 00 01 F4 01 00 02 D0 07 00 03 03 04 32 05 3A 00 3B 00 3C 00 3E 00 3F 00 04 00 0F 00 10 00 40 00 41 80 58 1B 00 01 F4 01 00 02 D0 07 00 03 03 04 32 05 7A 00 7B 00 7C 00 7E 00 7F 00 80 00 81 00 83 00 84 00 85 00 87 00 89 00 8A 00 8D 00 82 00 8C 00 8E 00 88 00 7D 00 86 00 8B 00 8F 00 90 00 91 00 17 00 1D 00 2C 00 2A 00 1B 00 08 00 0C 00 06 80 04 29 00 01 F4 01 00 02 C4 09 00 03 03 04 32 05 57 00 58 00 59 00 5A 00 5B 00 5C 00 5D 00 5E 00 5F 00 60 00 61 00 62 00 63 00 64 00 65 80 1C 25 00 01 F4 01 00 02 DC 05 00 03 03 04 32 05 09 3A DB DF 0D 5D 32 BB 7E
[ 19984][16:42:01.473]7E FF 02 FF 0D B5 15 C1 30 01 D8 02 E8 D2 12 C1 00 49 01 15 01 01 00 00 EC A8 22 8A 4E 8F FD 41 B0 B0 02 00 7F 95 E9 C8 D5 00 00 90 98 01 63 16 01 00 00 20 02 00 00 00 00 00 00 05 00 0F 41 10 00 64 01 12 01 00 00 02 11 03 01 01 0A C8 00 33 00 3C 00 3C 00 06 0A 5F 07 00 00 34 E3 DB FC C0 23 00 12 33 00 05 17 32 00 00 00 00 03 6E DF FC 1D 27 00 00 17 00 58 1B 00 01 F4 01 00 02 D0 07 00 03 03 04 32 05 3A 00 3B 00 3C 00 3E 00 3F 00 04 00 0F 00 10 00 40 00 41 80 58 1B 00 01 F4 01 00 02 D0 07 00 03 03 04 32 05 7A 00 7B 00 7C 00 7E 00 7F 00 80 00 81 00 83 00 84 00 85 00 87 00 89 00 8A 00 8D 00 82 00 8C 00 8E 00 88 00 7D 00 86 00 8B 00 8F 00 90 00 91 00 17 00 1D 00 2C 00 2A 00 1B 00 08 00 0C 00 06 80 04 29 00 01 F4 01 00 02 C4 09 00 03 03 04 32 05 57 00 58 00 59 00 5A 00 5B 00 5C 00 5D 00 5E 00 5F 00 60 00 61 00 62 00 63 00 64 00 65 80 1C 25 00 01 F4 01 00 02 DC 05 00 03 03 04 32 05 5E D6 C2 F0 6E 54 B0 49 7E
[ 19985][16:42:01.488]7E FF 02 FF 0E B5 F6 C0 30 01 C2 00 42 F6 2C C1 00 49 01 10 00 01 00 02 8D DD 2E 10 01 E0 02 01 01 03 00 00 13 FE BC A0 78 3C 1B 7E
[ 19986][16:42:01.503]7E FF 02 FF 0F B5 FB C0 30 01 7B 03 2F 1D 2F C1 00 49 00 94 00 01 00 01 8D DD 2E 01 F0 FF 00 C8 14 B6 42 00 15 65 BA 10 00 FF 2F 0A 10 3E 00 34 88 11 00 00 2A 00 00 01 00 00 00 21 01 18 00 74 77 00 00 05 46 46 54 01 00 00 00 01 00 01 01 2B A3 38 29 00 7D 00 00 4E 00 00 00 01 00 00 00 00 00 00 00 00 00 00 00 00 00 00 00 9E 0A 17 C2 00 00 00 00 00 00 00 00 00 00 00 00 00 00 00 00 00 00 00 00 00 00 00 00 00 00 00 00 00 00 00 00 00 00 00 00 00 00 00 00 00 00 00 00 00 00 00 00 00 00 00 00 00 00 00 00 00 00 00 00 03 C6 FF 8E 7E
[ 19987][16:42:01.533]7E FF 02 FF 10 B5 72 C1 30 01 31 02 7D 3C 36 C1 00 49 00 94 00 01 00 01 8D DD 2E 01 F0 FF 00 C8 14 B6 46 00 04 67 3E 10 00 FF 2F 0A 10 3E 00 34 88 11 00 00 2A 00 00 01 00 00 00 21 01 18 00 74 77 00 00 05 46 46 54 01 00 00 00 01 00 01 01 2B A3 38 29 00 7D 00 00 4E 00 00 00 01 00 00 00 00 00 00 00 00 00 00 00 00 00 00 00 9E 0A 17 C2 00 00 00 00 00 00 00 00 00 00 00 00 00 00 00 00 00 00 00 00 00 00 00 00 00 00 00 00 00 00 00 00 00 00 00 00 00 00 00 00 00 00 00 00 00 00 00 00 00 00 00 00 00 00 00 00 00 00 00 00 9F 4A AA 18 7E
[ 19988][16:42:01.548]7E FF 02 FF 11 B5 8C C1 30 01 28 02 3D 26 40 C1 00 49 00 94 00 01 00 01 8D DD 2E 01 F0 FF 00 C8 14 B6 46 00 04 67 3E 10 00 FF 2F 0A 10 3E 00 34 88 11 00 00 2A 00 00 01 00 00 00 21 01 18 00 74 77 00 00 05 46 46 54 01 00 00 00 01 00 01 01 2B A3 38 29 00 7D 00 00 4E 00 00 00 01 00 00 00 00 00 00 00 00 00 00 00 00 00 00 00 9E 0A 17 C2 00 00 00 00 00 00 00 00 00 00 00 00 00 00 00 00 00 00 00 00 00 00 00 00 00 00 00 00 00 00 00 00 00 00 00 00 00 00 00 00 00 00 00 00 00 00 00 00 00 00 00 00 00 00 00 00 00 00 00 00 24 C1 85 0F 7E
[ 19989][16:42:01.577]7E FF 02 FF 12 B5 3F C1 30 01 1E 03 D3 04 49 C1 00 49 00 94 00 01 00 01 8D DD 2E 01 F0 FF 00 C8 14 B6 46 00 04 67 3E 10 00 FF 2F 0A 10 3E 00 34 88 11 00 00 2A 00 00 01 00 00 00 21 01 18 00 74 77 00 00 05 46 46 54 01 00 00 00 01 00 01 01 2B A3 38 29 00 7D 00 00 4E 00 00 00 01 00 00 00 00 00 00 00 00 00 00 00 00 00 00 00 9E 0A 17 C2 00 00 00 00 00 00 00 00 00 00 00 00 00 00 00 00 00 00 00 00 00 00 00 00 00 00 00 00 00 00 00 00 00 00 00 00 00 00 00 00 00 00 00 00 00 00 00 00 00 00 00 00 00 00 00 00 00 00 00 00 71 F5 7D 8B 7E
[ 19990][16:42:01.622]7E FF 02 FF 13 B5 D3 C1 30 01 7A 02 2D 44 5B C1 00 49 00 94 00 01 00 01 8D DD 2E 01 F0 FF 00 C8 14 B6 46 00 04 67 3E 10 00 FF 2F 0A 10 3E 00 34 88 11 00 00 2A 00 00 01 00 00 00 21 01 18 00 74 77 00 00 05 46 46 54 01 00 00 00 01 00 01 01 2B A3 38 29 00 7D 00 00 4E 00 00 00 01 00 00 00 00 00 00 00 00 00 00 00 00 00 00 00 9E 0A 17 C2 00 00 00 00 00 00 00 00 00 00 00 00 00 00 00 00 00 00 00 00 00 00 00 00 00 00 00 00 00 00 00 00 00 00 00 00 00 00 00 00 00 00 00 00 00 00 00 00 00 00 00 00 00 00 00 00 00 00 00 00 88 5D 92 CE 7E
[ 19991][16:42:01.637]7E FF 02 FF 14 B5 E6 C1 30 01 28 01 CC 62 62 C1 00 49 00 94 00 01 00 01 8D DD 2E 01 F0 FF 00 C8 14 B6 46 00 04 67 3E 10 00 FF 2F 0A 10 3E 00 34 88 11 00 00 2A 00 00 01 00 00 00 21 01 18 00 74 77 00 00 05 46 46 54 01 00 00 00 01 00 01 01 2B A3 38 29 00 7D 00 00 4E 00 00 00 01 00 00 00 00 00 00 00 00 00 00 00 00 00 00 00 9E 0A 17 C2 00 00 00 00 00 00 00 00 00 00 00 00 00 00 00 00 00 00 00 00 00 00 00 00 00 00 00 00 00 00 00 00 00 00 00 00 00 00 00 00 00 00 00 00 00 00 00 00 00 00 00 00 00 00 00 00 00 00 00 00 E0 50 16 9C 7E
[ 19992][16:42:01.652]7E FF 02 FF 15 B5 98 C1 30 01 5D 02 4F EB 6A C1 00 49 00 10 00 01 00 03 EC A8 22 E3 01 6E 24 8D DD 2E 20 02 19 BF A7 FD DD D5 78 7E
[ 19993][16:42:01.682]7E FF 02 FF 16 B5 AF C1 30 01 75 01 EC 94 73 C1 00 49 00 94 00 01 00 01 8D DD 2E 01 F0 FF 00 C8 14 B6 46 00 04 67 3E 10 00 FF 2F 0A 10 3E 00 34 88 11 00 00 2A 00 00 01 00 00 00 21 01 18 00 74 77 00 00 05 46 46 54 01 00 00 00 01 00 01 01 2B A3 38 29 00 7D 00 00 4E 00 00 00 01 00 00 00 00 00 00 00 00 00 00 00 00 00 00 00 9E 0A 17 C2 00 00 00 00 00 00 00 00 00 00 00 00 00 00 00 00 00 00 00 00 00 00 00 00 00 00 00 00 00 00 00 00 00 00 00 00 00 00 00 00 00 00 00 00 00 00 00 00 00 00 00 00 00 00 00 00 00 00 00 00 89 22 19 6A 7E
[ 19994][16:42:01.712]7E FF 02 FF 17 B5 C5 C1 30 01 FD 01 2C 06 7C C1 00 49 00 94 00 01 00 01 8D DD 2E 01 F0 FF 00 C8 14 B6 46 00 04 67 3E 10 00 FF 2F 0A 10 3E 00 34 88 11 00 00 2A 00 00 01 00 00 00 21 01 18 00 74 77 00 00 05 46 46 54 01 00 00 00 01 00 01 01 2B A3 38 29 00 7D 00 00 4E 00 00 00 01 00 00 00 00 00 00 00 00 00 00 00 00 00 00 00 9E 0A 17 C2 00 00 00 00 00 00 00 00 00 00 00 00 00 00 00 00 00 00 00 00 00 00 00 00 00 00 00 00 00 00 00 00 00 00 00 00 00 00 00 00 00 00 00 00 00 00 00 00 00 00 00 00 00 00 00 00 00 00 00 00 9E 73 89 95 7E
[ 19995][16:42:01.712]7E FF 02 FF 18 B5 43 C2 30 01 63 02 42 01 86 C1 00 49 00 10 00 01 00 02 8D DD 2E 10 01 E0 02 01 03 04 00 00 30 0E F0 2E 13 63 96 7E
[ 19996][16:42:01.742]7E FF 02 FF 19 B5 46 C2 30 01 01 00 7C E5 86 C1 00 49 00 94 00 01 00 01 8D DD 2E 01 F0 FF 00 C8 14 B6 46 00 04 67 3E 10 00 FF 2F 0A 10 3E 00 34 88 11 00 00 2A 00 00 01 00 00 00 21 01 18 00 74 77 00 00 05 46 46 54 01 00 00 00 01 00 01 01 2B A3 38 29 00 7D 00 00 4E 00 00 00 01 00 00 00 00 00 00 00 00 00 00 00 00 00 00 00 9E 0A 17 C2 00 00 00 00 00 00 00 00 00 00 00 00 00 00 00 00 00 00 00 00 00 00 00 00 00 00 00 00 00 00 00 00 00 00 00 00 00 00 00 00 00 00 00 00 00 00 00 00 00 00 00 00 00 00 00 00 00 00 00 00 BD 33 D5 0E 7E
[ 19997][16:42:01.787]7E FF 02 FF 1A B5 11 C2 30 01 0F 03 F2 1E 99 C1 00 49 00 94 00 01 00 01 8D DD 2E 01 F0 FF 00 C8 14 B6 46 00 04 67 3E 10 00 FF 2F 0A 10 3E 00 34 88 11 00 00 2A 00 00 01 00 00 00 21 01 18 00 74 77 00 00 05 46 46 54 01 00 00 00 01 00 01 01 2B A3 38 29 00 7D 00 00 4E 00 00 00 01 00 00 00 00 00 00 00 00 00 00 00 00 00 00 00 9E 0A 17 C2 00 00 00 00 00 00 00 00 00 00 00 00 00 00 00 00 00 00 00 00 00 00 00 00 00 00 00 00 00 00 00 00 00 00 00 00 00 00 00 00 00 00 00 00 00 00 00 00 00 00 00 00 00 00 00 00 00 00 00 00 F7 D2 20 43 7E
[ 19998][16:42:01.787]7E FF 02 FF 1B B5 91 C2 30 01 C4 03 35 E5 A3 C1 00 49 00 10 00 01 00 02 8D DD 2E 10 01 30 00 01 02 04 00 00 15 88 2C AC 9E B4 1D 7E
[ 19999][16:42:01.847]7E FF 02 FF 1C B5 5D C2 30 01 72 01 15 F5 B5 C1 00 49 00 54 00 01 00 01 8D DD 2E 01 30 00 03 5B 13 60 E0 00 8D AA 89 10 00 50 01 03 13 3E 30 10 88 FF 00 00 2A 00 00 11 08 00 00 01 03 01 00 B9 02 15 72 57 79 15 00 7F 17 98 32 00 00 00 00 00 00 00 00 00 00 00 00 00 00 00 00 00 00 00 00 00 00 00 00 00 00 00 00 00 00 00 00 F9 99 9B 1E 7E
[ 20000][16:42:02.490]7E FF 02 FF 1D B5 BE C4 30 01 C9 03 39 7F 9E C2 00 49 01 14 01 01 00 01 EC A8 22 0F F0 FF 00 34 18 60 C3 00 0A E4 9F F0 00 FF 2F 01 47 00 00 C8 A0 11 00 00 D5 00 00 08 00 00 00 0F 10 00 11 01 17 01 00 00 03 00 00 90 98 01 63 01 03 64 64 8F 00 10 01 40 00 13 00 47 00 00 00 01 30 FE 7F FD FF FF FF FF FF FF FF FF FF FF FF FF FF FF FF 03 10 0E 10 10 10 10 0B 10 10 10 11 10 0F 11 11 11 10 11 11 11 11 06 11 11 11 11 10 10 10 11 11 11 10 10 10 10 11 11 0F 0F 11 10 11 11 10 11 11 11 11 11 10 0F 11 10 11 10 10 10 11 11 10 00 00 00 00 00 00 00 00 00 00 00 00 00 00 00 00 00 00 00 00 00 00 00 00 00 00 00 00 00 00 00 00 00 00 00 00 00 00 00 00 00 00 00 00 00 00 00 00 00 00 00 00 00 00 00 00 00 00 00 00 00 00 00 00 00 00 00 00 00 00 00 00 00 00 00 00 00 00 00 00 00 00 96 27 B9 22 00 00 00 00 00 00 00 00 00 00 00 00 00 00 00 00 00 00 00 00 00 00 00 00 00 00 00 00 00 00 00 00 00 00 00 00 00 00 00 00 62 E9 5A F5 7E
[ 20001][16:42:02.520]7E FF 02 FF 1E B5 55 C5 30 01 C5 01 62 C2 B1 C2 00 49 00 94 00 01 00 01 8D DD 2E 01 90 06 00 16 15 B6 40 00 15 21 FB 10 00 69 00 0A 14 3E 00 34 88 FF 00 00 2A 00 00 01 00 00 00 00 00 59 05 13 26 00 00 05 46 46 54 01 00 00 40 69 00 01 01 2B A3 38 29 00 7D 00 00 D4 00 00 00 01 00 00 00 00 00 00 00 00 00 00 00 00 00 00 00 B2 01 AC CA 00 00 00 00 00 00 00 00 00 00 00 00 00 00 00 00 00 00 00 00 00 00 00 00 00 00 00 00 00 00 00 00 00 00 00 00 00 00 00 00 00 00 00 00 00 00 00 00 00 00 00 00 00 00 00 00 00 00 00 00 BF D0 39 6B 7E
[ 20002][16:42:02.595]7E FF 02 FF 1F B5 B9 C5 30 01 DE 00 E2 D6 D7 C2 00 49 00 10 00 01 00 02 8D DD 2E 10 01 20 1E 01 03 04 00 00 07 2F E8 F2 5D 6B FE 7E
[ 20003][16:42:02.640]7E FF 02 FF 20 B5 C8 C5 30 01 93 00 A0 82 DD C2 00 49 00 94 00 01 00 01 8D DD 2E 01 20 1E 00 16 15 B6 40 00 67 9F 28 10 00 E2 01 0A 15 3E 00 34 88 FF 00 00 2A 00 00 01 00 00 00 00 15 79 55 33 58 00 00 05 46 46 54 01 00 00 00 E2 01 01 01 6B 23 46 27 00 7D 00 00 0B 00 00 00 01 00 00 00 00 00 00 00 00 00 00 00 00 00 00 00 54 16 32 80 00 00 00 00 00 00 00 00 00 00 00 00 00 00 00 00 00 00 00 00 00 00 00 00 00 00 00 00 00 00 00 00 00 00 00 00 00 00 00 00 00 00 00 00 00 00 00 00 00 00 00 00 00 00 00 00 00 00 00 00 FD 52 BF D6 7E
[ 20004][16:42:02.714]7E FF 02 FF 21 B5 2B C6 30 01 11 02 89 71 03 C3 00 49 00 10 00 01 00 03 8D DD 2E FE 03 7B 0E B1 50 3B 2A 02 A1 DC 32 0B 6E 2C C8 7E
[ 20005][16:42:02.730]7E FF 02 FF 22 B5 31 C6 30 01 C3 03 90 E0 05 C3 00 49 00 54 00 01 00 01 EC A8 22 19 30 02 00 5B 13 60 E0 00 75 6C A8 90 01 23 00 03 35 00 00 1F F0 FF 00 00 D5 00 00 07 00 00 00 19 00 19 00 8F 00 13 00 FE FF FF FD FF FF FF FF FF FF FF FF FF FF FF FF FF FF 07 34 50 97 37 00 00 00 00 00 00 00 00 00 00 00 00 00 00 00 00 00 F8 B5 27 D1 7E
[ 20006][16:42:02.759]7E FF 02 FF 23 B5 F4 C5 30 01 D2 03 21 CA 14 C3 00 49 00 10 00 01 00 02 EC A8 22 10 01 30 02 01 03 00 00 00 B4 04 6A B8 1F 0C 72 7E
[ 20007][16:42:02.834]7E FF 02 FF 24 B5 93 C6 30 01 6D 03 24 3A 2B C3 00 49 00 54 00 01 00 01 8D DD 2E 01 A0 0B 03 5B 13 60 E0 00 43 43 BB 10 00 11 00 03 16 3E 30 10 88 FF 00 00 2A 00 00 11 08 00 00 01 43 00 00 8B 53 57 93 45 79 15 00 B1 09 6C E4 00 00 00 00 00 00 00 00 00 00 00 00 00 00 00 00 00 00 00 00 00 00 00 00 00 00 00 00 00 00 00 00 80 AB 05 C3 7E
[ 20008][16:42:02.834]7E FF 02 FF 25 B5 A1 C6 30 01 9F 02 00 83 30 C3 00 49 00 10 00 01 00 02 8D DD 2E 10 01 10 04 01 03 04 00 00 0C C8 28 2B 9A B5 3C 7E
[ 20009][16:42:02.909]7E FF 02 FF 26 B5 E7 C6 30 01 BB 00 7B 09 4B C3 00 49 00 10 00 01 00 02 8D DD 2E 10 01 20 1E 01 03 04 00 00 07 2F E8 0A DB 1D E2 7E
[ 20010][16:42:02.953]7E FF 02 FF 27 B5 FE C6 30 01 60 00 E5 BE 53 C3 00 49 00 94 00 01 00 01 8D DD 2E 01 20 1E 00 16 15 B6 40 00 67 9F 28 10 00 E2 01 0A 18 3E 00 34 88 FF 00 00 2A 00 00 01 00 00 00 20 20 10 28 45 37 00 00 05 46 46 54 01 00 00 00 E2 01 01 01 2B A3 38 29 00 7D 00 00 ED 00 00 00 01 00 00 00 00 00 00 00 00 00 00 00 00 00 00 00 8C 9D 9B 2A 00 00 00 00 00 00 00 00 00 00 00 00 00 00 00 00 00 00 00 00 00 00 00 00 00 00 00 00 00 00 00 00 00 00 00 00 00 00 00 00 00 00 00 00 00 00 00 00 00 00 00 00 00 00 00 00 00 00 00 00 F2 E8 9D 1E 7E
[ 20011][16:42:03.373]7E FF 02 FF 28 B5 8D C8 30 01 13 01 9F 06 EC C3 00 49 00 14 01 01 00 01 EC A8 22 03 F0 FF 00 34 18 60 C3 00 06 E4 5F 30 00 FF 2F 01 58 00 00 C8 88 11 03 00 D5 00 00 08 00 00 00 03 10 00 11 01 16 01 00 00 01 00 00 90 98 01 63 01 02 64 64 8F 00 10 01 4D 00 13 00 46 00 00 00 01 30 F6 FF FD FF FF FF FF FF FF FF FF FF FF FF FF FF FF FF 03 10 0E 10 10 10 10 10 10 10 11 10 0F 11 10 11 11 10 11 11 11 11 0D 11 11 11 11 10 10 10 11 11 11 10 10 10 10 11 11 0F 10 11 10 11 11 10 11 11 11 11 11 10 0F 11 10 11 10 10 10 11 11 10 00 00 00 00 00 00 00 00 00 00 00 00 00 00 00 00 00 00 00 00 00 00 00 00 00 00 00 00 00 00 00 00 00 00 00 00 00 00 00 00 00 00 00 00 00 00 00 00 00 00 00 00 00 00 00 00 00 00 00 00 00 00 00 00 00 00 00 00 00 00 00 00 00 00 00 00 00 00 00 00 00 00 32 DF 3B 6C 00 00 00 00 00 00 00 00 00 00 00 00 00 00 00 00 00 00 00 00 00 00 00 00 00 00 00 00 00 00 00 00 00 00 00 00 00 00 00 00 1D F3 64 AE 7E
[ 20012][16:42:03.373]7E FF 02 FF 29 B5 3E C8 30 01 D9 02 12 3A F4 C3 00 49 00 10 00 01 00 02 8D DD 2E 10 01 00 21 01 01 04 00 00 E0 79 8E D1 F0 E1 DD 7E
[ 20013][16:42:03.417]7E FF 02 FF 2A B5 E1 C8 30 01 B5 02 60 39 0C C4 00 49 00 54 00 01 00 01 8D DD 2E 01 E0 02 03 5B 13 60 E0 00 4A 22 17 10 00 A9 00 03 0E 3E 30 10 88 FF 00 00 2A 00 00 11 08 00 00 01 03 01 00 E9 50 87 41 61 79 15 00 44 CE 9B B0 00 00 00 00 00 00 00 00 00 00 00 00 00 00 00 00 00 00 00 00 00 00 00 00 00 00 00 00 00 00 00 00 E1 7B BC 27 7E
[ 20014][16:42:03.432]7E FF 02 FF 2B B5 F3 C8 30 01 EE 01 D5 03 13 C4 00 49 00 54 00 01 00 01 8D DD 2E 01 E0 02 03 5B 13 60 E0 00 4A 22 17 10 00 1D 00 0A 0F 3E 30 10 88 FF 00 00 2A 00 00 11 08 00 00 01 03 01 00 E1 50 62 75 64 79 15 00 B4 B1 88 46 00 00 00 00 00 00 00 00 00 00 00 00 00 00 00 00 00 00 00 00 00 00 00 00 00 00 00 00 00 00 00 00 BD 14 3B E2 7E
[ 20015][16:42:03.462]7E FF 02 FF 2C B5 A9 C8 30 01 33 00 B9 C3 1C C4 00 49 00 54 00 01 00 01 8D DD 2E 01 E0 02 03 5B 13 60 E0 00 4A 22 17 10 00 81 00 03 11 3E 30 10 88 FF 00 00 2A 00 00 11 08 00 00 01 03 01 00 A6 50 56 61 55 79 15 00 7D 91 CC 27 00 00 00 00 00 00 00 00 00 00 00 00 00 00 00 00 00 00 00 00 00 00 00 00 00 00 00 00 00 00 00 00 F5 D9 29 35 7E
[ 20016][16:42:03.477]7E FF 02 FF 2D B5 B9 C8 30 01 3A 02 81 10 23 C4 00 49 00 54 00 01 00 01 8D DD 2E 01 E0 02 03 5B 13 60 E0 00 4A 22 17 10 00 5C 00 03 12 3E 30 10 88 FF 00 00 2A 00 00 11 08 00 00 01 03 01 00 E1 52 97 64 60 79 15 00 52 01 AA 46 00 00 00 00 00 00 00 00 00 00 00 00 00 00 00 00 00 00 00 00 00 00 00 00 00 00 00 00 00 00 00 00 E1 CD A0 20 7E
[ 20017][16:42:03.537]7E FF 02 FF 2E B5 60 C9 30 01 C5 00 FD 80 3C C4 00 49 00 10 00 01 00 03 EC A8 22 E3 01 0A 1D 8D DD 2E 20 02 6E 9E 8B 89 5C CC 1B 7E
[ 20018][16:42:04.016]7E FF 02 FF 2F B5 AD CA 30 01 FD 00 CF AD E1 C4 00 49 01 14 01 01 00 01 EC A8 22 04 F0 FF 00 34 18 60 C3 00 00 E4 AB 40 00 FF 2F 01 80 00 00 C8 88 11 00 00 D5 00 00 08 00 00 00 04 10 00 11 01 21 01 00 00 05 00 00 90 98 01 63 03 02 64 64 8F 00 10 01 4D 00 13 00 48 00 00 00 01 30 EE FF FD FF FF FF FF FF FF FF FF FF FF FF FF FF FF FF 03 10 0E 10 10 10 11 10 10 10 11 10 0F 11 10 11 11 10 11 11 11 11 11 11 11 11 11 10 10 10 11 11 11 10 10 10 10 11 11 0F 10 11 10 11 11 0F 11 11 11 11 11 10 0E 11 10 11 10 10 10 11 11 10 00 00 00 00 00 00 00 00 00 00 00 00 00 00 00 00 00 00 00 00 00 00 00 00 00 00 00 00 00 00 00 00 00 00 00 00 00 00 00 00 00 00 00 00 00 00 00 00 00 00 00 00 00 00 00 00 00 00 00 00 00 00 00 00 00 00 00 00 00 00 00 00 00 00 00 00 00 00 00 00 00 00 E3 10 B7 FA 00 00 00 00 00 00 00 00 00 00 00 00 00 00 00 00 00 00 00 00 00 00 00 00 00 00 00 00 00 00 00 00 00 00 00 00 00 00 00 00 AB 23 36 5E 7E
[ 20019][16:42:04.062]7E FF 02 FF 30 B5 2C CB 30 01 F1 01 0F 12 EC C4 00 3E 02 14 02 01 00 01 EC A8 22 01 F0 FF 01 BF 18 7B 83 00 80 9F F5 10 00 FF 2F 01 D0 01 00 C6 88 11 00 00 D5 00 00 08 00 00 00 01 00 00 04 00 00 90 98 01 63 00 00 90 98 01 63 00 00 64 64 8F 00 10 00 30 00 13 00 64 00 00 00 FC FF FD FF FF FF FF FF FF FF FF FF FF FF FF FF FF FF 03 0E 10 10 10 0F 12 10 0F 10 11 0F 0E 11 11 11 12 10 12 10 11 10 10 0E 0E 0D 0E 0E 0E 0D 0E 0E 0F 10 10 11 10 11 12 10 0F 12 0E 11 11 0E 10 11 11 10 11 11 0F 10 11 12 10 11 11 11 12 0F 00 00 00 00 00 00 00 00 00 00 00 00 00 00 00 00 00 00 00 00 00 00 00 00 00 00 00 00 00 00 00 00 00 00 00 00 00 00 00 00 00 00 00 00 00 00 00 00 00 00 00 00 00 00 00 00 00 00 00 00 00 00 00 00 00 00 00 00 00 00 00 00 00 00 00 00 00 00 00 00 00 00 6A 24 C6 C5 00 00 00 00 00 00 00 00 00 00 00 00 00 00 00 00 00 00 00 00 00 00 00 00 00 00 00 00 00 00 00 00 00 00 00 00 00 00 00 00 00 00 00 00 00 00 00 00 00 00 00 00 00 00 00 00 00 00 00 00 00 00 00 00 00 00 00 00 00 00 00 00 00 00 00 00 00 00 00 00 00 00 00 00 00 00 00 00 00 00 00 00 00 00 00 00 00 00 00 00 00 00 00 00 00 00 00 00 00 00 00 00 00 00 00 00 00 00 00 00 00 00 00 00 00 00 00 00 00 00 00 00 00 00 00 00 00 00 00 00 00 00 00 00 00 00 00 00 00 00 00 00 00 00 00 00 00 00 00 00 00 00 00 00 00 00 00 00 00 00 00 00 00 00 00 00 00 00 00 00 00 00 00 00 00 00 00 00 00 00 00 00 00 00 00 00 00 00 00 00 00 00 00 00 00 00 00 00 00 00 00 00 00 00 00 00 00 00 00 00 00 00 00 00 00 00 00 00 00 00 00 00 00 00 00 00 00 00 00 00 00 00 00 00 00 00 00 00 00 00 00 00 00 00 00 00 00 00 00 00 00 00 00 00 00 00 00 00 00 00 00 00 00 00 00 00 00 00 00 00 00 00 00 00 00 00 00 00 00 00 00 00 00 00 00 00 00 00 01 18 BD 38 7E
[ 20020][16:42:04.375]7E FF 02 FF 31 B5 7F CC 30 01 D8 00 D5 47 6D C5 00 49 01 14 01 01 00 01 EC A8 22 4C F0 FF 00 34 18 60 C3 00 41 E4 8F C0 04 FF 2F 01 91 00 00 C7 A0 11 03 00 D5 00 00 08 00 00 00 4C 10 00 11 01 21 01 00 00 09 00 00 90 98 01 63 03 02 40 50 8E 00 0C 01 33 00 13 00 50 00 00 00 01 30 FE FF FD FF FF FF FF FF FF EF FF FF FF FF F7 FF FF FF 03 00 00 00 00 00 00 00 00 00 00 00 00 00 00 00 00 00 00 00 00 00 00 00 00 00 00 00 00 00 00 00 00 00 00 00 00 00 00 00 00 00 00 00 00 00 00 00 00 00 00 00 00 00 00 00 00 00 00 00 00 00 00 00 00 00 00 00 00 00 00 00 00 00 00 00 00 00 00 00 00 00 00 00 00 00 00 00 00 00 00 00 00 00 00 00 00 00 00 00 00 00 00 00 00 00 00 00 00 00 00 00 00 00 00 00 00 00 00 00 00 00 00 00 00 00 00 00 00 00 00 00 00 00 00 00 00 00 00 00 00 00 00 76 BB 44 33 00 00 00 00 00 00 00 00 00 00 00 00 00 00 00 00 00 00 00 00 00 00 00 00 00 00 00 00 00 00 00 00 00 00 00 00 00 00 00 00 00 8C 35 9C FA 7E
[ 20021][16:42:04.525]7E FF 02 FF 32 B5 9D CC 30 01 CA 02 E7 0F 9F C5 00 3B 02 14 02 01 00 01 EC A8 22 01 F0 FF 01 BF 18 7B 83 00 80 9F F5 10 00 FF 2F 01 D0 01 00 C6 88 11 00 00 D5 00 00 08 00 00 00 01 00 00 04 00 00 90 98 01 63 00 00 90 98 01 63 00 00 64 64 8F 00 10 00 30 00 13 00 64 00 00 00 FC FF FD FF FF FF FF FF FF FF FF FF FF FF FF FF FF FF 03 0E 10 10 10 0F 12 10 0F 10 11 0F 0E 11 11 11 12 10 12 10 11 10 10 0E 0E 0D 0E 0E 0E 0D 0E 0E 0F 10 10 11 10 11 12 10 0F 12 0E 11 11 0E 10 11 11 10 11 11 0F 10 11 12 10 11 11 11 12 0F 00 00 00 00 00 00 00 00 00 00 00 00 00 00 00 00 00 00 00 00 00 00 00 00 00 00 00 00 00 00 00 00 00 00 00 00 00 00 00 00 00 00 00 00 00 00 00 00 00 00 00 00 00 00 00 00 00 00 00 00 00 00 00 00 00 00 00 00 00 00 00 00 00 00 00 00 00 00 00 00 00 00 6A 24 C6 C5 00 00 00 00 00 00 00 00 00 00 00 00 00 00 00 00 00 00 00 00 00 00 00 00 00 00 00 00 00 00 00 00 00 00 00 00 00 00 00 00 00 00 00 00 00 00 00 00 00 00 00 00 00 00 00 00 00 00 00 00 00 00 00 00 00 00 00 00 00 00 00 00 00 00 00 00 00 00 00 00 00 00 00 00 00 00 00 00 00 00 00 00 00 00 00 00 00 00 00 00 00 00 00 00 00 00 00 00 00 00 00 00 00 00 00 00 00 00 00 00 00 00 00 00 00 00 00 00 00 00 00 00 00 00 00 00 00 00 00 00 00 00 00 00 00 00 00 00 00 00 00 00 00 00 00 00 00 00 00 00 00 00 00 00 00 00 00 00 00 00 00 00 00 00 00 00 00 00 00 00 00 00 00 00 00 00 00 00 00 00 00 00 00 00 00 00 00 00 00 00 00 00 00 00 00 00 00 00 00 00 00 00 00 00 00 00 00 00 00 00 00 00 00 00 00 00 00 00 00 00 00 00 00 00 00 00 00 00 00 00 00 00 00 00 00 00 00 00 00 00 00 00 00 00 00 00 00 00 00 00 00 00 00 00 00 00 00 00 00 00 00 00 00 00 00 00 00 00 00 00 00 00 00 00 00 00 00 00 00 00 00 00 00 00 00 00 00 00 AC BF D7 2A 7E
[ 20022][16:42:04.644]7E FF 02 FF 33 B5 53 CD 30 01 D1 00 F0 51 E4 C5 00 3B 02 10 00 01 00 03 8D DD 2E FE 03 F0 06 B1 50 3B 2A 02 D9 71 40 26 2C 58 F7 7E
[ 20023][16:42:04.779]7E FF 02 FF 34 B5 D5 CD 30 01 1F 02 DE 0A 16 C6 00 3B 02 10 00 01 00 02 8D DD 2E 10 01 E0 02 01 03 00 00 00 32 4E F8 DB AF 76 C4 7E
[ 20024][16:42:05.797]7E FF 02 FF 35 B5 A8 D1 30 01 E1 00 F7 5C 8B C7 00 49 01 14 01 01 00 01 EC A8 22 4A F0 FF 00 34 18 60 C3 00 47 E4 EF A0 04 FF 2F 01 0F 00 00 B3 C8 11 00 00 D5 00 00 08 00 00 00 4A 10 00 11 01 21 01 00 00 07 00 00 90 98 01 63 01 02 40 50 7A 00 0B 01 34 00 13 00 50 00 00 00 01 30 FE FF FD FE FB FF F7 DF EF FB 7F FB BB 8E 56 2F FF 7F 03 00 00 00 00 00 00 00 00 00 00 00 00 00 00 00 00 00 00 00 00 00 00 00 00 00 00 00 00 00 00 00 00 00 00 00 00 00 00 00 00 00 00 00 00 00 00 00 00 00 00 00 00 00 00 00 00 00 00 00 00 00 00 00 00 00 00 00 00 00 00 00 00 00 00 00 00 00 00 00 00 00 00 00 00 00 00 00 00 00 00 00 00 00 00 00 00 00 00 00 00 00 00 00 00 00 00 00 00 00 00 00 00 00 00 00 00 00 00 00 00 00 00 CA 9A 12 7E 00 00 00 00 00 00 00 00 00 00 00 00 00 00 00 00 00 00 00 00 00 00 00 00 00 00 00 00 00 00 00 00 00 00 00 00 00 00 00 00 00 00 00 00 00 00 00 00 00 00 00 00 00 00 00 00 00 00 00 00 00 A3 0C CD 67 7E
[ 20025][16:42:05.947]7E FF 02 FF 36 B5 6D D2 30 01 C5 02 F6 B5 D6 C7 00 49 01 10 00 01 00 02 8D DD 2E 10 01 10 04 01 03 01 00 00 0F 98 E4 BD E7 17 6B 7E
[ 20026][16:42:06.486]7E FF 02 FF 37 B5 57 D4 30 01 11 03 3E A4 91 C8 00 49 01 14 01 01 00 01 EC A8 22 2A F0 FF 00 34 18 60 C3 00 2B E4 DF A0 02 FF 2F 01 45 00 00 CA C0 11 00 00 D5 00 00 08 00 00 00 2A 10 00 11 01 12 01 00 00 07 00 00 90 98 01 63 03 03 5D 64 8F 00 10 02 2F 00 13 00 47 00 00 00 01 30 19 00 FE FF FD FF FF FB FF FF FF FF FF FF FF FF FF FF FF FF 03 10 0E 10 10 10 10 11 10 10 10 11 10 0F 11 10 11 11 10 11 11 11 11 11 11 11 11 11 10 10 10 11 11 11 10 10 10 10 11 11 0F 11 10 11 11 10 11 11 11 11 11 10 0F 11 10 11 10 10 10 11 11 10 00 00 00 00 00 00 00 00 00 00 00 00 00 00 00 00 00 00 00 00 00 00 00 00 00 00 00 00 00 00 00 00 00 00 00 00 00 00 00 00 00 00 00 00 00 00 00 00 00 00 00 00 00 00 00 00 00 00 00 00 00 00 00 00 00 00 00 00 00 00 00 00 00 00 00 00 00 00 00 00 00 00 51 91 31 88 00 00 00 00 00 00 00 00 00 00 00 00 00 00 00 00 00 00 00 00 00 00 00 00 00 00 00 00 00 00 00 00 00 00 00 00 00 00 49 41 2F 0F 7E
[ 20027][16:42:06.666]7E FF 02 FF 38 B5 57 D5 30 01 21 00 F8 DD CC C8 00 49 00 15 02 01 00 00 8D DD 2E 72 95 82 21 01 90 5B 07 00 AD 13 51 CA 2A 00 00 05 46 46 54 BA 0A 00 00 00 00 00 00 00 00 00 00 04 00 0F 01 00 00 64 00 00 05 46 46 54 04 00 00 01 0A D0 02 B3 00 3C 00 3C 00 06 0A DE EA 19 32 39 9F 3F 21 C0 DD 00 5D 33 00 45 17 32 00 00 00 00 76 4B 70 21 0A 26 00 00 00 00 07 10 03 10 0E 10 49 10 2E 10 41 10 10 12 A4 10 E2 11 BA 10 B8 11 4C 11 0D 11 1F 12 75 11 6D 11 69 10 00 12 1B 12 E4 10 C7 11 44 11 94 10 AC 11 CE 11 51 11 01 12 64 11 A2 11 16 10 29 11 87 11 31 11 79 11 83 10 1F 10 08 10 0D 10 60 10 4F 10 09 10 E8 10 0C 10 88 10 EA 10 5A 11 27 11 74 10 4E 10 4B 10 7C 11 73 11 1B 10 5B 11 FD 11 B2 10 4A 10 4D 10 17 10 DF 11 3E 10 CA 10 73 10 76 10 A0 11 33 11 20 11 18 12 48 10 86 00 91 00 AC 00 B3 00 B5 00 BD 00 C4 00 D0 00 D2 00 DD 00 DE 00 E5 00 E6 00 78 00 EE 00 F3 00 F6 00 F8 00 F9 00 FD 00 04 01 0A 01 0E 01 12 81 7C 15 00 01 E8 03 00 02 E8 03 00 03 98 00 50 00 23 02 84 00 7C 01 73 01 A3 00 05 02 28 01 48 01 49 01 3E 01 80 00 24 00 85 01 59 00 1F 01 43 01 C3 00 9E 01 B8 00 ED 00 03 01 F9 01 A7 81 88 13 00 01 E8 03 00 02 E8 03 00 03 E8 03 00 03 00 03 E8 03 00 03 E8 03 00 02 E8 03 00 03 00 00 00 00 00 00 00 00 00 00 00 00 00 00 00 00 00 00 00 00 00 00 00 00 00 00 00 00 00 00 00 00 00 00 00 00 00 00 00 00 00 00 00 00 00 00 00 00 00 00 00 00 00 00 00 00 00 00 00 00 00 00 00 00 00 00 00 00 00 00 00 00 00 00 00 00 00 00 00 00 00 00 00 00 00 00 00 00 00 00 00 00 00 00 00 00 00 00 00 00 00 00 00 00 00 00 00 00 00 00 00 00 00 00 00 00 00 00 00 00 00 00 00 00 00 00 00 00 00 00 00 00 00 00 00 00 00 00 00 00 00 00 00 00 00 00 00 00 00 00 00 00 00 00 00 00 81 D9 86 2A 56 14 2B 22 7E
[ 20028][16:42:07.339]7E FF 02 FF 39 B5 36 D8 30 01 DA 00 2B 55 E5 C9 00 49 00 10 00 01 00 03 EC A8 22 E3 01 34 0E 8D DD 2E 20 02 55 FD AD F6 17 6F F7 7E
[ 20029][16:42:08.267]7E FF 02 FF 3A B5 AC DB 30 01 7A 00 94 42 37 CB 00 49 01 14 01 01 00 01 EC A8 22 2D F0 FF 00 34 18 60 C3 00 2D E4 2B D0 02 FF 2F 01 FF 00 00 C8 A0 11 00 00 D5 00 00 08 00 00 00 2D 10 00 11 01 18 01 00 00 01 00 00 90 98 01 63 01 02 64 64 8F 00 10 01 2F 00 13 00 46 00 00 00 01 30 FE FF FD FF FF DF FF FF FF FF FF FF FF FF FF FF FF FF 03 10 0E 10 10 10 10 0A 10 10 10 11 10 0F 11 10 11 11 10 11 11 11 11 04 11 11 11 11 10 10 10 11 11 11 10 10 10 10 11 11 0F 10 11 10 11 10 11 11 11 11 11 10 0F 11 10 11 10 10 10 11 11 10 00 00 00 00 00 00 00 00 00 00 00 00 00 00 00 00 00 00 00 00 00 00 00 00 00 00 00 00 00 00 00 00 00 00 00 00 00 00 00 00 00 00 00 00 00 00 00 00 00 00 00 00 00 00 00 00 00 00 00 00 00 00 00 00 00 00 00 00 00 00 00 00 00 00 00 00 00 00 00 00 00 00 7F 34 5C 72 00 00 00 00 00 00 00 00 00 00 00 00 00 00 00 00 00 00 00 00 00 00 00 00 00 00 00 00 00 00 00 00 00 00 00 00 00 00 00 00 C2 E0 CE 3F 7E
[ 20030][16:42:08.836]7E FF 02 FF 3B B5 F8 DD 30 01 DA 02 40 CA 17 CC 00 49 00 94 00 01 00 01 8D DD 2E 01 E0 02 01 16 15 B6 40 00 06 D3 12 10 00 2E 00 03 1A 3E 00 34 88 FF 08 00 2A 00 00 00 00 05 46 46 54 00 00 59 04 27 43 05 00 00 00 00 00 00 00 C9 00 17 00 38 00 00 00 5E 1A 00 00 00 00 00 00 20 20 10 28 45 37 00 00 05 46 46 54 01 00 00 00 E2 01 01 01 2B A3 38 29 00 7D 00 00 A6 C2 74 01 00 00 00 00 00 00 00 00 00 00 00 00 00 00 00 00 00 00 00 00 00 00 00 00 00 00 00 00 00 00 00 00 00 00 00 00 00 00 00 00 00 00 00 00 00 00 00 00 5A 61 F5 FD 7E
[ 20031][16:42:08.836]7E FF 02 FF 3C B5 10 DE 30 01 B3 03 AA 0D 21 CC 00 49 00 10 00 01 00 02 8D DD 2E 10 01 40 0A 01 03 00 00 00 18 A9 EC 78 30 76 08 7E
[ 20032][16:42:08.836]7E FF 02 FF 3D B5 14 DE 30 01 CA 00 D3 4B 22 CC 00 49 00 10 00 01 00 03 8D DD 2E A0 08 20 1D B1 50 3B 2A 02 95 73 59 C8 AF 29 DA 7E
[ 20033][16:42:08.881]7E FF 02 FF 3E B5 C8 DD 30 01 2C 01 1C 77 2B CC 00 49 00 94 00 01 00 01 8D DD 2E 01 40 0A 00 16 15 B6 40 00 A1 67 26 10 00 A4 00 0A 1C 3E 00 34 88 FF 00 00 2A 00 00 01 00 00 00 20 20 10 28 72 03 00 00 05 46 46 54 01 00 00 40 A4 00 01 01 A9 2C B3 3C 00 7D 00 00 11 00 00 00 01 00 00 00 00 00 00 00 00 00 00 00 00 00 00 00 8A D3 0F A4 00 00 00 00 00 00 00 00 00 00 00 00 00 00 00 00 00 00 00 00 00 00 00 00 00 00 00 00 00 00 00 00 00 00 00 00 00 00 00 00 00 00 00 00 00 00 00 00 00 00 00 00 00 00 00 00 00 00 00 00 A5 BD 80 24 7E
[ 20034][16:42:08.911]7E FF 02 FF 3F B5 5F DE 30 01 00 00 D5 D3 3E CC 00 49 00 10 00 01 00 02 8D DD 2E 10 01 40 0A 01 03 00 00 00 18 A9 EC F8 B8 E8 D3 7E
[ 20035][16:42:08.956]7E FF 02 FF 40 B5 77 DE 30 01 7A 01 F4 1A 48 CC 00 49 00 94 00 01 00 01 8D DD 2E 01 40 0A 00 16 15 B6 40 00 A1 67 26 10 00 A4 00 0A 1D 3E 00 34 88 FF 00 00 2A 00 00 01 00 00 00 00 19 01 10 00 16 00 00 05 46 46 54 01 00 00 00 A4 00 01 01 2B A3 38 29 00 7D 00 00 2B 00 00 00 01 00 00 00 00 00 00 00 00 00 00 00 00 00 00 00 BD EC E7 96 00 00 00 00 00 00 00 00 00 00 00 00 00 00 00 00 00 00 00 00 00 00 00 00 00 00 00 00 00 00 00 00 00 00 00 00 00 00 00 00 00 00 00 00 00 00 00 00 00 00 00 00 00 00 00 00 00 00 00 00 7F D7 55 2C 7E
[ 20036][16:42:09.001]7E FF 02 FF 41 B5 27 DE 30 01 1F 01 25 B3 4F CC 00 49 01 14 01 01 00 01 EC A8 22 28 F0 FF 00 34 18 60 C3 00 28 E4 7B 80 02 FF 2F 01 54 00 00 C7 F0 11 03 00 D5 00 00 08 00 00 00 28 10 00 11 01 12 01 00 00 19 00 00 90 98 01 63 03 02 64 64 8E 00 10 01 2F 00 13 00 4B 00 00 00 01 30 FE FF FD FF FF FE FF FF FF FF FF FF FF EF FF FF FF FF 03 10 0E 10 10 10 10 04 10 10 10 11 10 0F 11 10 11 11 10 10 11 11 11 04 11 11 11 11 10 10 10 11 11 11 10 10 10 10 11 0F 0F 11 10 11 11 10 11 11 11 11 11 10 0F 11 10 11 10 10 10 11 11 10 00 00 00 00 00 00 00 00 00 00 00 00 00 00 00 00 00 00 00 00 00 00 00 00 00 00 00 00 00 00 00 00 00 00 00 00 00 00 00 00 00 00 00 00 00 00 00 00 00 00 00 00 00 00 00 00 00 00 00 00 00 00 00 00 00 00 00 00 00 00 00 00 00 00 00 00 00 00 00 00 00 4A A3 D1 4C 00 00 00 00 00 00 00 00 00 00 00 00 00 00 00 00 00 00 00 00 00 00 00 00 00 00 00 00 00 00 00 00 00 00 00 00 00 00 00 00 00 6C EA 7F 7B 7E
[ 20037][16:42:09.017]7E FF 02 FF 42 B5 3E DE 30 01 47 02 20 96 58 CC 00 49 00 14 01 01 00 01 EC A8 22 1A F0 FF 00 34 18 60 C3 00 1D E4 C7 A0 01 FF 2F 01 71 00 00 C8 90 11 00 00 D5 00 00 08 00 00 00 1A 10 00 11 01 12 01 00 00 15 00 00 90 98 01 63 03 03 57 64 8F 00 10 01 35 00 13 00 45 00 00 00 01 30 FE FF FD FB FF FF FF FF FF FF FF FF FF FF FF FF FF FF 03 10 0E 10 10 10 10 11 10 10 10 11 10 0F 11 10 11 11 10 0A 11 11 11 11 11 11 11 10 10 10 11 11 11 10 10 10 10 11 11 0F 0F 11 10 11 11 10 11 11 11 11 11 10 0F 11 10 11 10 10 10 11 11 10 00 00 00 00 00 00 00 00 00 00 00 00 00 00 00 00 00 00 00 00 00 00 00 00 00 00 00 00 00 00 00 00 00 00 00 00 00 00 00 00 00 00 00 00 00 00 00 00 00 00 00 00 00 00 00 00 00 00 00 00 00 00 00 00 00 00 00 00 00 00 00 00 00 00 00 00 00 00 00 00 00 00 48 03 1B AB 00 00 00 00 00 00 00 00 00 00 00 00 00 00 00 00 00 00 00 00 00 00 00 00 00 00 00 00 00 00 00 00 00 00 00 00 00 00 00 00 A2 BB 32 16 7E
[ 20038][16:42:09.077]7E FF 02 FF 43 B5 9F DE 30 01 05 00 DE 63 7D CC 00 49 00 10 00 01 00 02 8D DD 2E 10 01 E0 02 01 03 00 00 00 32 4E F8 0B 47 CB 8B 7E
[ 20039][16:42:09.077]7E FF 02 FF 44 B5 A5 DE 30 01 1E 01 02 CA 7F CC 00 49 00 10 00 01 00 02 8D DD 2E 10 01 E0 02 01 03 00 00 00 32 4E F8 4E 26 38 DE 7E
[ 20040][16:42:09.092]7E FF 02 FF 45 B5 18 DF 30 01 80 01 38 8C 85 CC 00 49 00 10 00 01 00 02 8D DD 2E 10 01 40 0A 01 03 00 00 00 18 A9 EC 34 6A 49 86 7E
[ 20041][16:42:09.152]7E FF 02 FF 46 B5 36 DF 30 01 D3 00 D3 E6 90 CC 00 49 00 94 00 01 00 01 8D DD 2E 01 40 0A 00 16 15 B6 40 00 A1 67 26 10 00 A4 00 0A 1E 3E 00 34 88 FF 00 00 2A 00 00 01 00 00 00 00 19 01 12 00 48 00 00 05 46 46 54 01 00 00 00 A4 00 01 01 2B A3 38 29 00 7D 00 00 89 00 00 00 01 00 00 00 00 00 00 00 00 00 00 00 00 00 00 00 A2 C9 83 C2 00 00 00 00 00 00 00 00 00 00 00 00 00 00 00 00 00 00 00 00 00 00 00 00 00 00 00 00 00 00 00 00 00 00 00 00 00 00 00 00 00 00 00 00 00 00 00 00 00 00 00 00 00 00 00 00 00 00 00 00 FB E7 93 CB 7E
[ 20042][16:42:09.167]7E FF 02 FF 47 B5 F4 DE 30 01 80 02 4E 09 9E CC 00 49 00 54 00 01 00 01 8D DD 2E 01 E0 02 03 5B 13 60 E0 00 4A 22 17 10 00 1D 00 03 1F 3E 30 10 88 FF 00 00 2A 00 00 11 08 00 00 01 03 01 00 E1 50 62 75 64 79 15 00 B4 B1 88 46 00 00 00 00 00 00 00 00 00 00 00 00 00 00 00 00 00 00 00 00 00 00 00 00 00 00 00 00 00 00 00 00 7C C1 B8 0F 7E
[ 20043][16:42:09.197]7E FF 02 FF 48 B5 7B DF 30 01 0F 01 FE 44 AB CC 00 49 00 10 00 01 00 02 8D DD 2E 10 01 E0 02 01 03 01 00 00 33 5E 3C 29 6E EF E6 7E
[ 20044][16:42:09.212]7E FF 02 FF 49 B5 82 DF 30 01 6C 01 40 F4 AD CC 00 49 00 54 00 01 00 01 8D DD 2E 01 E0 02 03 5B 13 60 E0 00 4A 22 17 10 00 81 00 03 20 3E 30 10 88 FF 00 00 2A 00 00 11 08 00 00 01 03 01 00 A6 50 56 61 55 79 15 00 7D 91 CC 27 00 00 00 00 00 00 00 00 00 00 00 00 00 00 00 00 00 00 00 00 00 00 00 00 00 00 00 00 00 00 00 00 D1 79 96 DB 7E
[ 20045][16:42:09.242]7E FF 02 FF 4A B5 4A DF 30 01 A4 00 32 AF BE CC 00 49 00 10 00 01 00 03 EC A8 22 E3 01 BC 06 8D DD 2E 20 02 35 33 BC F6 B9 9B 70 7E
[ 20046][16:42:09.272]7E FF 02 FF 4B B5 64 DF 30 01 3E 02 92 C2 C8 CC 00 49 00 10 00 01 00 02 8D DD 2E 10 01 00 00 01 00 01 00 00 BB 69 62 A9 4D A4 3F 7E
[ 20047][16:42:09.302]7E FF 02 FF 4C B5 E3 DF 30 01 C9 00 C3 EA D2 CC 00 49 00 10 00 01 00 02 8D DD 2E 10 01 10 04 01 01 02 00 00 2E 28 A0 81 A8 FC 02 7E
[ 20048][16:42:09.318]7E FF 02 FF 4D B5 E7 DF 30 01 DF 03 29 B8 D4 CC 00 49 00 94 00 01 00 01 8D DD 2E 01 F0 FF 00 C8 14 B6 42 00 15 65 BA 10 00 FF 2F 0A 22 3E 00 34 88 11 00 00 2A 00 00 01 00 00 00 21 01 18 01 36 80 00 00 05 46 46 54 01 00 00 00 01 00 01 01 2B A3 38 29 00 7D 00 00 C4 00 00 00 01 00 00 00 00 00 00 00 00 00 00 00 00 00 00 00 DD E3 AF 3D 00 00 00 00 00 00 00 00 00 00 00 00 00 00 00 00 00 00 00 00 00 00 00 00 00 00 00 00 00 00 00 00 00 00 00 00 00 00 00 00 00 00 00 00 00 00 00 00 00 00 00 00 00 00 00 00 00 00 00 00 0E 2C 4A 45 7E
[ 20049][16:42:09.349]7E FF 02 FF 4E B5 06 E0 30 01 B5 01 39 55 E0 CC 00 49 00 94 00 01 00 01 8D DD 2E 01 F0 FF 00 C8 14 B6 46 00 04 67 3E 10 00 FF 2F 0A 22 3E 00 34 88 11 00 00 2A 00 00 01 00 00 00 21 01 18 01 36 80 00 00 05 46 46 54 01 00 00 00 01 00 01 01 2B A3 38 29 00 7D 00 00 C4 00 00 00 01 00 00 00 00 00 00 00 00 00 00 00 00 00 00 00 DD E3 AF 3D 00 00 00 00 00 00 00 00 00 00 00 00 00 00 00 00 00 00 00 00 00 00 00 00 00 00 00 00 00 00 00 00 00 00 00 00 00 00 00 00 00 00 00 00 00 00 00 00 00 00 00 00 00 00 00 00 00 00 00 00 25 C2 D2 17 7E
[ 20050][16:42:09.379]7E FF 02 FF 4F B5 BE DF 30 01 E9 02 E6 21 EB CC 00 49 00 94 00 01 00 01 8D DD 2E 01 F0 FF 00 C8 14 B6 46 00 04 67 3E 10 00 FF 2F 0A 22 3E 00 34 88 11 00 00 2A 00 00 01 00 00 00 21 01 18 01 36 80 00 00 05 46 46 54 01 00 00 00 01 00 01 01 2B A3 38 29 00 7D 00 00 C4 00 00 00 01 00 00 00 00 00 00 00 00 00 00 00 00 00 00 00 DD E3 AF 3D 00 00 00 00 00 00 00 00 00 00 00 00 00 00 00 00 00 00 00 00 00 00 00 00 00 00 00 00 00 00 00 00 00 00 00 00 00 00 00 00 00 00 00 00 00 00 00 00 00 00 00 00 00 00 00 00 00 00 00 00 86 F6 BA F6 7E
[ 20051][16:42:09.409]7E FF 02 FF 50 B5 41 E0 30 01 FF 01 4B DE F6 CC 00 49 00 94 00 01 00 01 8D DD 2E 01 F0 FF 00 C8 14 B6 46 00 04 67 3E 10 00 FF 2F 0A 22 3E 00 34 88 11 00 00 2A 00 00 01 00 00 00 21 01 18 01 36 80 00 00 05 46 46 54 01 00 00 00 01 00 01 01 2B A3 38 29 00 7D 00 00 C4 00 00 00 01 00 00 00 00 00 00 00 00 00 00 00 00 00 00 00 DD E3 AF 3D 00 00 00 00 00 00 00 00 00 00 00 00 00 00 00 00 00 00 00 00 00 00 00 00 00 00 00 00 00 00 00 00 00 00 00 00 00 00 00 00 00 00 00 00 00 00 00 00 00 00 00 00 00 00 00 00 00 00 00 00 CE 10 AD 56 7E
[ 20052][16:42:09.454]7E FF 02 FF 51 B5 6A E0 30 01 59 01 DF 71 06 CD 00 49 00 94 00 01 00 01 8D DD 2E 01 F0 FF 00 C8 14 B6 46 00 04 67 3E 10 00 FF 2F 0A 22 3E 00 34 88 11 00 00 2A 00 00 01 00 00 00 21 01 18 01 36 80 00 00 05 46 46 54 01 00 00 00 01 00 01 01 2B A3 38 29 00 7D 00 00 C4 00 00 00 01 00 00 00 00 00 00 00 00 00 00 00 00 00 00 00 DD E3 AF 3D 00 00 00 00 00 00 00 00 00 00 00 00 00 00 00 00 00 00 00 00 00 00 00 00 00 00 00 00 00 00 00 00 00 00 00 00 00 00 00 00 00 00 00 00 00 00 00 00 00 00 00 00 00 00 00 00 00 00 00 00 C1 DE 56 8D 7E
[ 20053][16:42:09.469]7E FF 02 FF 52 B5 19 E0 30 01 5E 03 68 E4 0D CD 00 49 00 94 00 01 00 01 8D DD 2E 01 F0 FF 00 C8 14 B6 46 00 04 67 3E 10 00 FF 2F 0A 22 3E 00 34 88 11 00 00 2A 00 00 01 00 00 00 21 01 18 01 36 80 00 00 05 46 46 54 01 00 00 00 01 00 01 01 2B A3 38 29 00 7D 00 00 C4 00 00 00 01 00 00 00 00 00 00 00 00 00 00 00 00 00 00 00 DD E3 AF 3D 00 00 00 00 00 00 00 00 00 00 00 00 00 00 00 00 00 00 00 00 00 00 00 00 00 00 00 00 00 00 00 00 00 00 00 00 00 00 00 00 00 00 00 00 00 00 00 00 00 00 00 00 00 00 00 00 00 00 00 00 97 81 93 72 7E
[ 20054][16:42:09.514]7E FF 02 FF 53 B5 2D E0 30 01 B6 02 B4 74 15 CD 00 49 00 14 01 01 00 01 EC A8 22 24 F0 FF 00 34 18 60 C3 00 24 E4 BB 40 02 FF 2F 01 90 00 00 C8 A8 11 00 00 D5 00 00 08 00 00 00 24 10 00 12 01 23 01 00 00 06 00 00 90 98 01 63 01 02 64 64 8F 00 10 01 35 00 13 00 44 00 00 00 01 30 FE FF FD FF EF FF FF FF FF FF FF FF FF FF FF FF FF FF 03 10 0E 10 10 10 10 11 10 10 10 11 10 0F 11 10 11 11 10 11 11 11 11 11 11 11 11 11 10 10 10 11 11 11 10 10 10 11 11 0F 0F 11 10 11 11 10 11 11 11 11 11 10 0F 11 10 11 10 10 10 11 11 10 00 00 00 00 00 00 00 00 00 00 00 00 00 00 00 00 00 00 00 00 00 00 00 00 00 00 00 00 00 00 00 00 00 00 00 00 00 00 00 00 00 00 00 00 00 00 00 00 00 00 00 00 00 00 00 00 00 00 00 00 00 00 00 00 00 00 00 00 00 00 00 00 00 00 00 00 00 00 00 00 00 00 24 B7 1A 95 00 00 00 00 00 00 00 00 00 00 00 00 00 00 00 00 00 00 00 00 00 00 00 00 00 00 00 00 00 00 00 00 00 00 00 00 00 00 00 00 93 8E 74 72 7E
[ 20055][16:42:09.574]7E FF 02 FF 54 B5 7B E0 30 01 1C 01 27 0F 33 CD 00 49 00 94 00 01 00 01 8D DD 2E 01 F0 FF 00 C8 14 B6 46 00 04 67 3E 10 00 FF 2F 0A 22 3E 00 34 88 11 00 00 2A 00 00 01 00 00 00 21 01 18 01 36 80 00 00 05 46 46 54 01 00 00 00 01 00 01 01 2B A3 38 29 00 7D 00 00 C4 00 00 00 01 00 00 00 00 00 00 00 00 00 00 00 00 00 00 00 DD E3 AF 3D 00 00 00 00 00 00 00 00 00 00 00 00 00 00 00 00 00 00 00 00 00 00 00 00 00 00 00 00 00 00 00 00 00 00 00 00 00 00 00 00 00 00 00 00 00 00 00 00 00 00 00 00 00 00 00 00 00 00 00 00 EE FB B7 54 7E
[ 20056][16:42:09.604]7E FF 02 FF 55 B5 18 E1 30 01 74 03 A9 0C 49 CD 00 49 00 10 00 01 00 02 8D DD 2E 10 01 E0 02 01 03 02 00 00 33 6E FC 0C EB A5 A1 7E
[ 20057][16:42:09.828]7E FF 02 FF 56 B5 ED E1 30 01 5F 01 0D 14 9A CD 00 49 00 54 00 01 00 01 8D DD 2E 01 10 04 03 5B 13 60 E0 00 8C 0A 09 10 00 30 01 03 23 3E 30 10 88 FF 00 00 2A 00 00 11 08 00 00 01 03 01 00 1E 55 04 61 47 79 15 00 20 45 B1 CB 00 00 00 00 00 00 00 00 00 00 00 00 00 00 00 00 00 00 00 00 00 00 00 00 00 00 00 00 00 00 00 00 B7 17 FE FF 7E
[ 20058][16:42:09.963]7E FF 02 FF 57 B5 55 E2 30 01 10 00 13 9F C1 CD 00 49 00 14 01 01 00 01 EC A8 22 70 F0 FF 00 34 18 60 C3 00 7B E4 57 00 07 FF 2F 01 44 00 00 C7 90 11 00 00 D5 00 00 08 00 00 00 70 10 00 11 01 23 01 00 00 03 00 00 90 98 01 63 01 02 24 3C 8E 00 0C 01 33 00 13 00 3C 00 00 00 01 30 FE FF FD FF FF FF FF FF FF FB FF FF FF FF FE FF FF FF 03 00 00 00 00 00 00 00 00 00 00 00 00 00 00 00 00 00 00 00 00 00 00 00 00 00 00 00 00 00 00 00 00 00 00 00 00 00 00 00 00 00 00 00 00 00 00 00 00 00 00 00 00 00 00 00 00 00 00 00 00 00 00 00 00 00 00 00 00 00 00 00 00 00 00 00 00 00 00 00 00 00 00 00 00 00 00 00 00 00 00 00 00 00 00 00 00 00 00 00 00 00 00 00 00 00 00 00 00 00 00 00 00 00 00 00 00 00 00 00 00 00 00 00 00 00 00 00 00 00 00 00 00 00 00 00 00 00 00 00 00 00 00 B0 34 FE 31 00 00 00 00 00 00 00 00 00 00 00 00 00 00 00 00 00 00 00 00 00 00 00 00 00 00 00 00 00 00 00 00 00 00 00 00 00 00 00 00 00 3D F6 47 E2 7E
[ 20059][16:42:10.008]7E FF 02 FF 58 B5 A5 E2 30 01 77 03 62 7E E0 CD 00 49 00 10 00 01 00 02 8D DD 2E 01 01 C0 14 01 01 02 00 00 8D 7A A2 E8 79 19 6C 7E
[ 20060][16:42:10.008]7E FF 02 FF 59 B5 AE E2 30 01 C1 03 1D F5 E3 CD 00 49 00 10 00 01 00 02 8D DD 2E 10 01 C0 14 01 02 02 00 00 AF BA 3E D1 5C 47 22 7E
[ 20061][16:42:10.023]7E FF 02 FF 5A B5 B9 E2 30 01 A8 02 F6 0B E8 CD 00 49 00 10 00 01 00 02 8D DD 2E 10 01 E0 02 01 03 02 00 00 33 6E FC 6D BC 17 4F 7E
[ 20062][16:42:10.068]7E FF 02 FF 5B B5 68 E2 30 01 DB 00 60 18 EF CD 00 49 00 94 00 01 00 01 8D DD 2E 01 C0 14 00 16 15 B6 40 00 D3 29 F3 10 00 4C 01 0A 25 3E 00 34 88 FF 00 00 2A 00 00 01 00 00 00 22 03 23 13 10 55 00 00 05 46 46 54 01 00 00 40 4C 01 01 01 D5 33 E0 C5 00 A0 0F 00 76 01 00 00 01 00 00 00 00 00 00 00 00 00 00 00 00 00 00 00 83 98 87 ED 00 00 00 00 00 00 00 00 00 00 00 00 00 00 00 00 00 00 00 00 00 00 00 00 00 00 00 00 00 00 00 00 00 00 00 00 00 00 00 00 00 00 00 00 00 00 00 00 00 00 00 00 00 00 00 00 00 00 00 00 58 B2 08 43 7E
[ 20063][16:42:10.217]7E FF 02 FF 5C B5 F1 E2 30 01 5E 02 8D 80 23 CE 00 49 00 14 01 01 00 01 EC A8 22 8F F0 FF 00 34 18 60 C3 00 9A E4 DF F0 08 FF 2F 01 24 00 00 C7 F0 11 00 00 D5 00 00 08 00 00 00 8F 90 00 21 01 23 01 00 00 17 00 00 90 98 01 63 00 03 51 5A 8E 00 0B 01 53 00 13 00 44 00 00 00 09 30 FE FF FD FF FF FF FF FF FF FB FF FF FF FF FF FF FF 7F 03 00 00 00 00 00 00 00 00 00 00 00 00 00 00 00 00 00 00 00 00 00 00 00 00 00 00 00 00 00 00 00 00 00 00 00 00 00 00 00 00 00 00 00 00 00 00 00 00 00 00 00 00 00 00 00 00 00 00 00 00 00 00 00 00 00 00 00 00 00 00 00 00 00 00 00 00 00 00 00 00 00 00 00 00 00 00 00 00 00 00 00 00 00 00 00 00 00 00 00 00 00 00 00 00 00 00 00 00 00 00 00 00 00 00 00 00 00 00 00 00 00 00 00 00 00 00 00 00 00 00 00 00 00 00 00 00 00 00 00 00 00 00 1A 5E 23 3C 00 00 00 00 00 00 00 00 00 00 00 00 00 00 00 00 00 00 00 00 00 00 00 00 00 00 00 00 00 00 00 00 00 00 00 00 00 00 00 00 00 4C CE BF 14 7E
[ 20064][16:42:10.277]7E FF 02 FF 5D B5 4A E3 30 01 2E 01 22 5C 45 CE 00 49 00 10 00 01 00 02 8D DD 2E 10 01 00 00 01 01 03 00 00 AB 09 E2 C3 9F 3E EF 7E
[ 20065][16:42:10.322]7E FF 02 FF 5E B5 C9 E3 30 01 23 00 31 89 4F CE 00 49 00 94 00 01 00 01 8D DD 2E 01 F0 FF 00 C8 14 B6 42 00 15 65 BA 10 00 FF 2F 0A 29 3E 00 34 88 11 00 00 2A 00 00 01 00 00 00 00 15 79 60 03 26 00 00 05 46 46 54 01 00 00 00 01 00 01 01 2B A3 38 29 00 7D 00 00 E8 00 00 00 01 00 00 00 00 00 00 00 00 00 00 00 00 00 00 00 6B 9C 48 4A 00 00 00 00 00 00 00 00 00 00 00 00 00 00 00 00 00 00 00 00 00 00 00 00 00 00 00 00 00 00 00 00 00 00 00 00 00 00 00 00 00 00 00 00 00 00 00 00 00 00 00 00 00 00 00 00 00 00 00 00 50 DD F3 5D 7E
[ 20066][16:42:10.354]7E FF 02 FF 5F B5 E3 E3 30 01 E1 01 65 9F 59 CE 00 49 00 94 00 01 00 01 8D DD 2E 01 F0 FF 00 C8 14 B6 46 00 04 67 3E 10 00 FF 2F 0A 29 3E 00 34 88 11 00 00 2A 00 00 01 00 00 00 00 15 79 60 03 26 00 00 05 46 46 54 01 00 00 00 01 00 01 01 2B A3 38 29 00 7D 00 00 E8 00 00 00 01 00 00 00 00 00 00 00 00 00 00 00 00 00 00 00 6B 9C 48 4A 00 00 00 00 00 00 00 00 00 00 00 00 00 00 00 00 00 00 00 00 00 00 00 00 00 00 00 00 00 00 00 00 00 00 00 00 00 00 00 00 00 00 00 00 00 00 00 00 00 00 00 00 00 00 00 00 00 00 00 00 72 42 03 1A 7E
[ 20067][16:42:10.367]7E FF 02 FF 60 B5 99 E3 30 01 D7 01 38 89 63 CE 00 49 00 94 00 01 00 01 8D DD 2E 01 F0 FF 00 C8 14 B6 46 00 04 67 3E 10 00 FF 2F 0A 29 3E 00 34 88 11 00 00 2A 00 00 01 00 00 00 00 15 79 60 03 26 00 00 05 46 46 54 01 00 00 00 01 00 01 01 2B A3 38 29 00 7D 00 00 E8 00 00 00 01 00 00 00 00 00 00 00 00 00 00 00 00 00 00 00 6B 9C 48 4A 00 00 00 00 00 00 00 00 00 00 00 00 00 00 00 00 00 00 00 00 00 00 00 00 00 00 00 00 00 00 00 00 00 00 00 00 00 00 00 00 00 00 00 00 00 00 00 00 00 00 00 00 00 00 00 00 00 00 00 00 DF B3 4B 15 7E
[ 20068][16:42:10.412]7E FF 02 FF 61 B5 2C E4 30 01 B2 01 0A 74 75 CE 00 49 00 94 00 01 00 01 8D DD 2E 01 F0 FF 00 C8 14 B6 46 00 04 67 3E 10 00 FF 2F 0A 29 3E 00 34 88 11 00 00 2A 00 00 01 00 00 00 00 15 79 60 03 26 00 00 05 46 46 54 01 00 00 00 01 00 01 01 2B A3 38 29 00 7D 00 00 E8 00 00 00 01 00 00 00 00 00 00 00 00 00 00 00 00 00 00 00 6B 9C 48 4A 00 00 00 00 00 00 00 00 00 00 00 00 00 00 00 00 00 00 00 00 00 00 00 00 00 00 00 00 00 00 00 00 00 00 00 00 00 00 00 00 00 00 00 00 00 00 00 00 00 00 00 00 00 00 00 00 00 00 00 00 3E 6A A8 C5 7E
[ 20069][16:42:10.442]7E FF 02 FF 62 B5 3F E4 30 01 28 00 72 8D 7C CE 00 49 00 94 00 01 00 01 8D DD 2E 01 F0 FF 00 C8 14 B6 46 00 04 67 3E 10 00 FF 2F 0A 29 3E 00 34 88 11 00 00 2A 00 00 01 00 00 00 00 15 79 60 03 26 00 00 05 46 46 54 01 00 00 00 01 00 01 01 2B A3 38 29 00 7D 00 00 E8 00 00 00 01 00 00 00 00 00 00 00 00 00 00 00 00 00 00 00 6B 9C 48 4A 00 00 00 00 00 00 00 00 00 00 00 00 00 00 00 00 00 00 00 00 00 00 00 00 00 00 00 00 00 00 00 00 00 00 00 00 00 00 00 00 00 00 00 00 00 00 00 00 00 00 00 00 00 00 00 00 00 00 00 00 ED C6 90 3E 7E
[ 20070][16:42:10.442]7E FF 02 FF 63 B5 FA E3 30 01 3A 00 DF 67 88 CE 00 49 00 10 00 01 00 02 8D DD 2E 10 01 30 00 01 02 04 00 00 15 88 2C 7D A1 5B C9 7E
[ 20071][16:42:10.471]7E FF 02 FF 64 B5 01 E4 30 01 D3 00 09 1D 8B CE 00 49 00 94 00 01 00 01 8D DD 2E 01 F0 FF 00 C8 14 B6 46 00 04 67 3E 10 00 FF 2F 0A 29 3E 00 34 88 11 00 00 2A 00 00 01 00 00 00 00 15 79 60 03 26 00 00 05 46 46 54 01 00 00 00 01 00 01 01 2B A3 38 29 00 7D 00 00 E8 00 00 00 01 00 00 00 00 00 00 00 00 00 00 00 00 00 00 00 6B 9C 48 4A 00 00 00 00 00 00 00 00 00 00 00 00 00 00 00 00 00 00 00 00 00 00 00 00 00 00 00 00 00 00 00 00 00 00 00 00 00 00 00 00 00 00 00 00 00 00 00 00 00 00 00 00 00 00 00 00 00 00 00 00 10 3C D0 9F 7E
[ 20072][16:42:10.501]7E FF 02 FF 65 B5 1B E4 30 01 03 01 03 0C 95 CE 00 49 00 94 00 01 00 01 8D DD 2E 01 F0 FF 00 C8 14 B6 46 00 04 67 3E 10 00 FF 2F 0A 29 3E 00 34 88 11 00 00 2A 00 00 01 00 00 00 00 15 79 60 03 26 00 00 05 46 46 54 01 00 00 00 01 00 01 01 2B A3 38 29 00 7D 00 00 E8 00 00 00 01 00 00 00 00 00 00 00 00 00 00 00 00 00 00 00 6B 9C 48 4A 00 00 00 00 00 00 00 00 00 00 00 00 00 00 00 00 00 00 00 00 00 00 00 00 00 00 00 00 00 00 00 00 00 00 00 00 00 00 00 00 00 00 00 00 00 00 00 00 00 00 00 00 00 00 00 00 00 00 00 00 2C 3A C5 B2 7E
[ 20073][16:42:10.516]7E FF 02 FF 66 B5 94 E4 30 01 01 01 32 0F 9D CE 00 49 00 94 00 01 00 01 8D DD 2E 01 F0 FF 00 C8 14 B6 46 00 04 67 3E 10 00 FF 2F 0A 29 3E 00 34 88 11 00 00 2A 00 00 01 00 00 00 00 15 79 60 03 26 00 00 05 46 46 54 01 00 00 00 01 00 01 01 2B A3 38 29 00 7D 00 00 E8 00 00 00 01 00 00 00 00 00 00 00 00 00 00 00 00 00 00 00 6B 9C 48 4A 00 00 00 00 00 00 00 00 00 00 00 00 00 00 00 00 00 00 00 00 00 00 00 00 00 00 00 00 00 00 00 00 00 00 00 00 00 00 00 00 00 00 00 00 00 00 00 00 00 00 00 00 00 00 00 00 00 00 00 00 06 F8 5C 19 7E
[ 20074][16:42:10.546]7E FF 02 FF 67 B5 B0 E4 30 01 E2 00 4C BA A7 CE 00 49 00 94 00 01 00 01 8D DD 2E 01 F0 FF 00 C8 14 B6 46 00 04 67 3E 10 00 FF 2F 0A 29 3E 00 34 88 11 00 00 2A 00 00 01 00 00 00 00 15 79 60 03 26 00 00 05 46 46 54 01 00 00 00 01 00 01 01 2B A3 38 29 00 7D 00 00 E8 00 00 00 01 00 00 00 00 00 00 00 00 00 00 00 00 00 00 00 6B 9C 48 4A 00 00 00 00 00 00 00 00 00 00 00 00 00 00 00 00 00 00 00 00 00 00 00 00 00 00 00 00 00 00 00 00 00 00 00 00 00 00 00 00 00 00 00 00 00 00 00 00 00 00 00 00 00 00 00 00 00 00 00 00 90 F7 11 28 7E
[ 20075][16:42:10.561]7E FF 02 FF 68 B5 5F E4 30 01 7A 00 F8 EF AE CE 00 49 00 94 00 01 00 01 8D DD 2E 01 F0 FF 00 C8 14 B6 46 00 04 67 3E 10 00 FF 2F 0A 29 3E 00 34 88 11 00 00 2A 00 00 01 00 00 00 00 15 79 60 03 26 00 00 05 46 46 54 01 00 00 00 01 00 01 01 2B A3 38 29 00 7D 00 00 E8 00 00 00 01 00 00 00 00 00 00 00 00 00 00 00 00 00 00 00 6B 9C 48 4A 00 00 00 00 00 00 00 00 00 00 00 00 00 00 00 00 00 00 00 00 00 00 00 00 00 00 00 00 00 00 00 00 00 00 00 00 00 00 00 00 00 00 00 00 00 00 00 00 00 00 00 00 00 00 00 00 00 00 00 00 79 04 6A BE 7E
[ 20076][16:42:10.591]7E FF 02 FF 69 B5 7B E4 30 01 C8 00 B3 A5 B9 CE 00 49 00 94 00 01 00 01 8D DD 2E 01 30 00 00 16 15 B6 40 00 80 53 29 10 00 03 00 0A 2A 3E 00 34 88 FF 00 00 2A 00 00 01 00 00 00 00 19 01 12 00 29 00 00 05 46 46 54 01 00 00 00 03 00 01 01 2B A3 38 29 00 A0 0F 00 BA 00 00 00 01 00 00 00 00 00 00 00 00 00 00 00 00 00 00 00 B9 9C 7A BA 00 00 00 00 00 00 00 00 00 00 00 00 00 00 00 00 00 00 00 00 00 00 00 00 00 00 00 00 00 00 00 00 00 00 00 00 00 00 00 00 00 00 00 00 00 00 00 00 00 00 00 00 00 00 00 00 00 00 00 00 55 83 57 02 7E
[ 20077][16:42:11.070]7E FF 02 FF 6B B5 8C E6 30 01 AC 03 94 94 5D CF 00 3F 02 15 01 01 00 00 EC A8 22 77 0E DA 0B 01 B0 B0 04 00 C2 B4 27 CA D5 00 00 90 98 01 63 17 01 00 00 20 02 00 00 00 00 00 00 05 00 0F 01 00 00 64 00 00 90 98 01 63 04 00 00 01 0A C8 00 29 00 3C 00 3C 00 06 0A 69 07 00 00 A3 2D CD 0B C0 47 00 12 33 00 05 17 32 00 00 00 00 77 7B D0 0B 1D 27 00 00 17 00 02 10 09 10 23 10 24 10 3D 10 42 00 43 00 44 00 45 00 46 00 47 00 48 00 49 00 4A 00 4B 00 4C 00 4D 00 4E 80 4C 1D 00 01 F4 01 00 02 DC 05 00 03 03 04 32 05 7A 00 7B 00 7C 00 7E 00 7F 00 80 00 81 00 83 00 84 00 85 00 87 00 89 00 8A 00 8D 00 82 00 8C 00 8E 00 88 00 7D 00 86 00 8B 00 8F 00 90 00 91 00 17 00 1D 00 2C 00 2A 00 1B 00 08 00 0C 00 06 80 04 29 00 01 F4 01 00 02 C4 09 00 03 03 04 32 05 57 00 58 00 59 00 5A 00 5B 00 5C 00 5D 00 5E 00 5F 00 60 00 61 00 62 00 63 00 64 00 65 80 1C 25 00 01 F4 01 00 02 DC 05 00 03 03 04 32 05 84 EA 5C B2 43 6F B8 49 7E
[ 20078][16:42:11.070]7E FF 02 FF 6C B5 A3 E6 30 01 AB 03 38 5A 66 CF 00 3F 02 15 01 01 00 00 EC A8 22 1B D4 E2 0B 01 B0 B0 06 00 F9 4D 24 CA D5 00 00 90 98 01 63 17 01 00 00 20 02 00 00 00 00 00 00 05 00 0F 01 00 00 64 00 00 90 98 01 63 04 00 00 01 0A C8 00 29 00 3C 00 3C 00 06 0A 69 07 00 00 A3 2D CD 0B C0 47 00 12 33 00 05 17 32 00 00 00 00 77 7B D0 0B 1D 27 00 00 17 00 02 10 09 10 23 10 24 10 3D 10 42 00 43 00 44 00 45 00 46 00 47 00 48 00 49 00 4A 00 4B 00 4C 00 4D 00 4E 80 4C 1D 00 01 F4 01 00 02 DC 05 00 03 03 04 32 05 7A 00 7B 00 7C 00 7E 00 7F 00 80 00 81 00 83 00 84 00 85 00 87 00 89 00 8A 00 8D 00 82 00 8C 00 8E 00 88 00 7D 00 86 00 8B 00 8F 00 90 00 91 00 17 00 1D 00 2C 00 2A 00 1B 00 08 00 0C 00 06 80 04 29 00 01 F4 01 00 02 C4 09 00 03 03 04 32 05 57 00 58 00 59 00 5A 00 5B 00 5C 00 5D 00 5E 00 5F 00 60 00 61 00 62 00 63 00 64 00 65 80 1C 25 00 01 F4 01 00 02 DC 05 00 03 03 04 32 05 84 EA 5C B2 82 4B 29 3A 7E
[ 20079][16:42:11.086]7E FF 02 FF 6D B5 55 E6 30 01 8B 03 12 BB 6E CF 00 49 01 15 01 01 00 00 EC A8 22 43 36 EB 0B 02 B0 B0 04 00 8C 5B A0 C9 D5 00 00 90 98 01 63 17 01 00 00 20 02 00 00 00 00 00 00 05 00 0F 02 10 00 42 01 18 01 00 00 03 12 02 02 01 0A C8 00 29 00 3C 00 3C 00 06 0A 69 07 00 00 A3 2D CD 0B C0 47 00 12 33 00 05 17 32 00 00 00 00 77 7B D0 0B 1D 27 00 00 17 00 02 10 09 10 23 10 24 10 3D 10 42 00 43 00 44 00 45 00 46 00 47 00 48 00 49 00 4A 00 4B 00 4C 00 4D 00 4E 80 4C 1D 00 01 F4 01 00 02 DC 05 00 03 03 04 32 05 7A 00 7B 00 7C 00 7E 00 7F 00 80 00 81 00 83 00 84 00 85 00 87 00 89 00 8A 00 8D 00 82 00 8C 00 8E 00 88 00 7D 00 86 00 8B 00 8F 00 90 00 91 00 17 00 1D 00 2C 00 2A 00 1B 00 08 00 0C 00 06 80 04 29 00 01 F4 01 00 02 C4 09 00 03 03 04 32 05 57 00 58 00 59 00 5A 00 5B 00 5C 00 5D 00 5E 00 5F 00 60 00 61 00 62 00 63 00 64 00 65 80 1C 25 00 01 F4 01 00 02 DC 05 00 03 03 04 32 05 C0 4C 70 D8 83 18 C8 2A 7E
[ 20080][16:42:11.115]7E FF 02 FF 6E B5 6C E6 30 01 7F 03 F0 80 77 CF 00 49 01 15 01 01 00 00 EC A8 22 11 FC F3 0B 09 B0 B0 02 00 47 51 45 C9 D5 00 00 90 98 01 63 17 01 00 00 20 02 00 00 00 00 00 00 05 00 0F 09 10 00 44 01 21 01 00 00 19 12 03 01 01 0A C8 00 29 00 3C 00 3C 00 06 0A 69 07 00 00 A3 2D CD 0B C0 47 00 12 33 00 05 17 32 00 00 00 00 77 7B D0 0B 1D 27 00 00 17 00 02 10 09 10 23 10 24 10 3D 10 42 00 43 00 44 00 45 00 46 00 47 00 48 00 49 00 4A 00 4B 00 4C 00 4D 00 4E 80 4C 1D 00 01 F4 01 00 02 DC 05 00 03 03 04 32 05 7A 00 7B 00 7C 00 7E 00 7F 00 80 00 81 00 83 00 84 00 85 00 87 00 89 00 8A 00 8D 00 82 00 8C 00 8E 00 88 00 7D 00 86 00 8B 00 8F 00 90 00 91 00 17 00 1D 00 2C 00 2A 00 1B 00 08 00 0C 00 06 80 04 29 00 01 F4 01 00 02 C4 09 00 03 03 04 32 05 57 00 58 00 59 00 5A 00 5B 00 5C 00 5D 00 5E 00 5F 00 60 00 61 00 62 00 63 00 64 00 65 80 1C 25 00 01 F4 01 00 02 DC 05 00 03 03 04 32 05 5C 18 1A A8 38 AF 79 93 7E
[ 20081][16:42:11.204]7E FF 02 FF 6F B5 C8 E6 30 01 94 03 8E 9D 9A CF 00 49 01 15 01 01 00 00 EC A8 22 DD 18 17 0C 42 B0 B0 06 00 FD 23 48 C8 D5 00 00 90 98 01 63 17 01 00 00 20 02 00 00 00 00 00 00 05 00 0F 42 10 00 64 01 12 01 00 00 09 11 03 03 01 0A C8 00 29 00 3C 00 3C 00 06 0A 69 07 00 00 A3 2D CD 0B C0 23 00 12 33 00 05 17 32 00 00 00 00 77 7B D0 0B 1D 27 00 00 17 00 4C 1D 00 01 F4 01 00 02 DC 05 00 03 03 04 32 05 45 00 46 00 47 00 48 00 49 00 4A 00 4B 00 4C 00 4D 00 4E 80 4C 1D 00 01 F4 01 00 02 DC 05 00 03 03 04 32 05 7A 00 7B 00 7C 00 7E 00 7F 00 80 00 81 00 83 00 84 00 85 00 87 00 89 00 8A 00 8D 00 82 00 8C 00 8E 00 88 00 7D 00 86 00 8B 00 8F 00 90 00 91 00 17 00 1D 00 2C 00 2A 00 1B 00 08 00 0C 00 06 80 04 29 00 01 F4 01 00 02 C4 09 00 03 03 04 32 05 57 00 58 00 59 00 5A 00 5B 00 5C 00 5D 00 5E 00 5F 00 60 00 61 00 62 00 63 00 64 00 65 80 1C 25 00 01 F4 01 00 02 DC 05 00 03 03 04 32 05 17 0B 8C 0B F3 D8 3B 2E 7E
[ 20082][16:42:11.219]7E FF 02 FF 70 B5 DF E6 30 01 7F 03 69 5F A3 CF 00 49 00 15 01 01 00 00 EC A8 22 9C DA 1F 0C 43 B0 B0 02 00 22 B3 61 C8 D5 00 00 90 98 01 63 17 01 00 00 20 02 00 00 00 00 00 00 05 00 0F 43 10 00 50 01 17 01 00 00 02 11 03 01 01 0A C8 00 29 00 3C 00 3C 00 06 0A 69 07 00 00 A3 2D CD 0B C0 23 00 12 33 00 05 17 32 00 00 00 00 77 7B D0 0B 1D 27 00 00 17 00 4C 1D 00 01 F4 01 00 02 DC 05 00 03 03 04 32 05 45 00 46 00 47 00 48 00 49 00 4A 00 4B 00 4C 00 4D 00 4E 80 4C 1D 00 01 F4 01 00 02 DC 05 00 03 03 04 32 05 7A 00 7B 00 7C 00 7E 00 7F 00 80 00 81 00 83 00 84 00 85 00 87 00 89 00 8A 00 8D 00 82 00 8C 00 8E 00 88 00 7D 00 86 00 8B 00 8F 00 90 00 91 00 17 00 1D 00 2C 00 2A 00 1B 00 08 00 0C 00 06 80 04 29 00 01 F4 01 00 02 C4 09 00 03 03 04 32 05 57 00 58 00 59 00 5A 00 5B 00 5C 00 5D 00 5E 00 5F 00 60 00 61 00 62 00 63 00 64 00 65 80 1C 25 00 01 F4 01 00 02 DC 05 00 03 03 04 32 05 69 FD 07 AF 84 3F DD 00 7E
[ 20083][16:42:11.298]7E FF 02 FF 71 B5 24 E7 30 01 6C 03 C6 B1 BD CF 00 49 00 15 01 01 00 00 EC A8 22 10 2D 3A 0C 46 B0 B0 06 00 DE 9D 29 C8 D5 00 00 90 98 01 63 17 01 00 00 20 02 00 00 00 00 00 00 05 00 0F 46 10 00 64 01 12 01 00 00 06 11 03 03 01 0A C8 00 29 00 3C 00 3C 00 06 0A 69 07 00 00 A3 2D CD 0B C0 23 00 12 33 00 05 17 32 00 00 00 00 77 7B D0 0B 1D 27 00 00 17 00 4C 1D 00 01 F4 01 00 02 DC 05 00 03 03 04 32 05 45 00 46 00 47 00 48 00 49 00 4A 00 4B 00 4C 00 4D 00 4E 80 4C 1D 00 01 F4 01 00 02 DC 05 00 03 03 04 32 05 7A 00 7B 00 7C 00 7E 00 7F 00 80 00 81 00 83 00 84 00 85 00 87 00 89 00 8A 00 8D 00 82 00 8C 00 8E 00 88 00 7D 00 86 00 8B 00 8F 00 90 00 91 00 17 00 1D 00 2C 00 2A 00 1B 00 08 00 0C 00 06 80 04 29 00 01 F4 01 00 02 C4 09 00 03 03 04 32 05 57 00 58 00 59 00 5A 00 5B 00 5C 00 5D 00 5E 00 5F 00 60 00 61 00 62 00 63 00 64 00 65 80 1C 25 00 01 F4 01 00 02 DC 05 00 03 03 04 32 05 79 55 C4 E0 A4 82 81 37 7E
[ 20084][16:42:11.309]7E FF 02 FF 72 B5 3B E7 30 01 A0 03 42 7A C6 CF 00 49 01 15 01 01 00 00 EC A8 22 8F F5 42 0C 47 B0 B0 06 00 13 65 EE C8 D5 00 00 90 98 01 63 17 01 00 00 20 02 00 00 00 00 00 00 05 00 0F 47 10 00 64 01 12 01 00 00 01 11 03 03 01 0A C8 00 29 00 3C 00 3C 00 06 0A 69 07 00 00 A3 2D CD 0B C0 23 00 12 33 00 05 17 32 00 00 00 00 77 7B D0 0B 1D 27 00 00 17 00 4C 1D 00 01 F4 01 00 02 DC 05 00 03 03 04 32 05 45 00 46 00 47 00 48 00 49 00 4A 00 4B 00 4C 00 4D 00 4E 80 4C 1D 00 01 F4 01 00 02 DC 05 00 03 03 04 32 05 7A 00 7B 00 7C 00 7E 00 7F 00 80 00 81 00 83 00 84 00 85 00 87 00 89 00 8A 00 8D 00 82 00 8C 00 8E 00 88 00 7D 00 86 00 8B 00 8F 00 90 00 91 00 17 00 1D 00 2C 00 2A 00 1B 00 08 00 0C 00 06 80 04 29 00 01 F4 01 00 02 C4 09 00 03 03 04 32 05 57 00 58 00 59 00 5A 00 5B 00 5C 00 5D 00 5E 00 5F 00 60 00 61 00 62 00 63 00 64 00 65 80 1C 25 00 01 F4 01 00 02 DC 05 00 03 03 04 32 05 E2 3C C4 05 FC 3F 51 32 7E
[ 20085][16:42:11.339]7E FF 02 FF 73 B5 B6 E7 30 01 7C 03 39 3D CF CF 00 49 01 15 01 01 00 00 EC A8 22 7B B8 4B 0C 48 B0 B0 02 00 8C C9 B1 C8 D5 00 00 90 98 01 63 17 01 00 00 20 02 00 00 00 00 00 00 05 00 0F 48 10 00 46 01 23 01 00 00 10 11 02 01 01 0A C8 00 29 00 3C 00 3C 00 06 0A 69 07 00 00 A3 2D CD 0B C0 23 00 12 33 00 05 17 32 00 00 00 00 77 7B D0 0B 1D 27 00 00 17 00 4C 1D 00 01 F4 01 00 02 DC 05 00 03 03 04 32 05 45 00 46 00 47 00 48 00 49 00 4A 00 4B 00 4C 00 4D 00 4E 80 4C 1D 00 01 F4 01 00 02 DC 05 00 03 03 04 32 05 7A 00 7B 00 7C 00 7E 00 7F 00 80 00 81 00 83 00 84 00 85 00 87 00 89 00 8A 00 8D 00 82 00 8C 00 8E 00 88 00 7D 00 86 00 8B 00 8F 00 90 00 91 00 17 00 1D 00 2C 00 2A 00 1B 00 08 00 0C 00 06 80 04 29 00 01 F4 01 00 02 C4 09 00 03 03 04 32 05 57 00 58 00 59 00 5A 00 5B 00 5C 00 5D 00 5E 00 5F 00 60 00 61 00 62 00 63 00 64 00 65 80 1C 25 00 01 F4 01 00 02 DC 05 00 03 03 04 32 05 ED 1A FE DD 66 92 E0 69 7E
[ 20086][16:42:11.384]7E FF 02 FF 74 B5 80 E7 30 01 9D 03 F2 CB E0 CF 00 49 01 15 01 01 00 00 EC A8 22 E2 46 5D 0C 4A B0 B0 02 00 0B 7E 5D C8 D5 00 00 90 98 01 63 17 01 00 00 20 02 00 00 00 00 00 00 05 00 0F 4A 10 00 50 01 21 01 00 00 07 11 01 01 01 0A C8 00 29 00 3C 00 3C 00 06 0A 69 07 00 00 A3 2D CD 0B C0 23 00 12 33 00 05 17 32 00 00 00 00 77 7B D0 0B 1D 27 00 00 17 00 4C 1D 00 01 F4 01 00 02 DC 05 00 03 03 04 32 05 45 00 46 00 47 00 48 00 49 00 4A 00 4B 00 4C 00 4D 00 4E 80 4C 1D 00 01 F4 01 00 02 DC 05 00 03 03 04 32 05 7A 00 7B 00 7C 00 7E 00 7F 00 80 00 81 00 83 00 84 00 85 00 87 00 89 00 8A 00 8D 00 82 00 8C 00 8E 00 88 00 7D 00 86 00 8B 00 8F 00 90 00 91 00 17 00 1D 00 2C 00 2A 00 1B 00 08 00 0C 00 06 80 04 29 00 01 F4 01 00 02 C4 09 00 03 03 04 32 05 57 00 58 00 59 00 5A 00 5B 00 5C 00 5D 00 5E 00 5F 00 60 00 61 00 62 00 63 00 64 00 65 80 1C 25 00 01 F4 01 00 02 DC 05 00 03 03 04 32 05 E4 3E 9B 0D 15 CD 32 0C 7E
[ 20087][16:42:11.429]7E FF 02 FF 75 B5 12 E8 30 01 7E 03 A6 56 F2 CF 00 49 01 15 01 01 00 00 EC A8 22 BA D1 6E 0C 4C B0 B0 06 00 2E 2A ED C8 D5 00 00 90 98 01 63 17 01 00 00 20 02 00 00 00 00 00 00 05 00 0F 4C 10 00 50 01 21 01 00 00 09 11 03 03 01 0A C8 00 29 00 3C 00 3C 00 06 0A 69 07 00 00 A3 2D CD 0B C0 23 00 12 33 00 05 17 32 00 00 00 00 77 7B D0 0B 1D 27 00 00 17 00 4C 1D 00 01 F4 01 00 02 DC 05 00 03 03 04 32 05 45 00 46 00 47 00 48 00 49 00 4A 00 4B 00 4C 00 4D 00 4E 80 4C 1D 00 01 F4 01 00 02 DC 05 00 03 03 04 32 05 7A 00 7B 00 7C 00 7E 00 7F 00 80 00 81 00 83 00 84 00 85 00 87 00 89 00 8A 00 8D 00 82 00 8C 00 8E 00 88 00 7D 00 86 00 8B 00 8F 00 90 00 91 00 17 00 1D 00 2C 00 2A 00 1B 00 08 00 0C 00 06 80 04 29 00 01 F4 01 00 02 C4 09 00 03 03 04 32 05 57 00 58 00 59 00 5A 00 5B 00 5C 00 5D 00 5E 00 5F 00 60 00 61 00 62 00 63 00 64 00 65 80 1C 25 00 01 F4 01 00 02 DC 05 00 03 03 04 32 05 C6 B8 3A C4 26 31 BB E9 7E
[ 20088][16:42:11.548]7E FF 02 FF 76 B5 06 E8 30 01 CB 00 73 A4 13 D0 00 3D 03 14 02 01 00 01 EC A8 22 01 F0 FF 01 BF 18 7B 83 00 80 9F F5 10 00 FF 2F 01 D0 01 00 C6 88 11 00 00 D5 00 00 08 00 00 00 01 00 00 04 00 00 90 98 01 63 00 00 90 98 01 63 00 00 64 64 8F 00 10 00 30 00 13 00 64 00 00 00 FC FF FD FF FF FF FF FF FF FF FF FF FF FF FF FF FF FF 03 0E 10 10 10 0F 12 10 0F 10 11 0F 0E 11 11 11 12 10 12 10 11 10 10 0E 0E 0D 0E 0E 0E 0D 0E 0E 0F 10 10 11 10 11 12 10 0F 12 0E 11 11 0E 10 11 11 10 11 11 0F 10 11 12 10 11 11 11 12 0F 00 00 00 00 00 00 00 00 00 00 00 00 00 00 00 00 00 00 00 00 00 00 00 00 00 00 00 00 00 00 00 00 00 00 00 00 00 00 00 00 00 00 00 00 00 00 00 00 00 00 00 00 00 00 00 00 00 00 00 00 00 00 00 00 00 00 00 00 00 00 00 00 00 00 00 00 00 00 00 00 00 00 6A 24 C6 C5 00 00 00 00 00 00 00 00 00 00 00 00 00 00 00 00 00 00 00 00 00 00 00 00 00 00 00 00 00 00 00 00 00 00 00 00 00 00 00 00 00 00 00 00 00 00 00 00 00 00 00 00 00 00 00 00 00 00 00 00 00 00 00 00 00 00 00 00 00 00 00 00 00 00 00 00 00 00 00 00 00 00 00 00 00 00 00 00 00 00 00 00 00 00 00 00 00 00 00 00 00 00 00 00 00 00 00 00 00 00 00 00 00 00 00 00 00 00 00 00 00 00 00 00 00 00 00 00 00 00 00 00 00 00 00 00 00 00 00 00 00 00 00 00 00 00 00 00 00 00 00 00 00 00 00 00 00 00 00 00 00 00 00 00 00 00 00 00 00 00 00 00 00 00 00 00 00 00 00 00 00 00 00 00 00 00 00 00 00 00 00 00 00 00 00 00 00 00 00 00 00 00 00 00 00 00 00 00 00 00 00 00 00 00 00 00 00 00 00 00 00 00 00 00 00 00 00 00 00 00 00 00 00 00 00 00 00 00 00 00 00 00 00 00 00 00 00 00 00 00 00 00 00 00 00 00 00 00 00 00 00 00 00 00 00 00 00 00 00 00 00 00 00 00 00 00 00 00 00 00 00 00 00 00 00 00 00 00 00 00 00 00 00 00 00 00 00 00 6F 51 0B 78 7E
[ 20089][16:42:11.548]7E FF 02 FF 77 B5 8A E8 30 01 DF 01 01 FA 1F D0 00 3D 03 10 00 01 00 03 EC A8 22 E3 01 0B 25 8D DD 2E 20 02 68 71 AB FB 6A 33 91 7E
[ 20090][16:42:12.296]7E FF 02 FF 78 B5 27 EB 30 01 90 03 80 79 45 D1 00 49 00 54 00 01 00 01 8D DD 2E 01 E0 02 03 5B 13 60 E0 00 4A 22 17 10 00 A9 00 03 21 3E 30 10 88 FF 00 00 2A 00 00 11 08 00 00 01 03 01 00 E9 50 87 41 61 79 15 00 44 CE 9B B0 00 00 00 00 00 00 00 00 00 00 00 00 00 00 00 00 00 00 00 00 00 00 00 00 00 00 00 00 00 00 00 00 B7 3A 5A B6 7E
[ 20091][16:42:12.312]7E FF 02 FF 79 B5 A0 EB 30 01 A7 02 93 64 4D D1 00 49 00 54 00 01 00 01 8D DD 2E 01 E0 02 03 5B 13 60 E0 00 4A 22 17 10 00 5C 00 03 24 3E 30 10 88 FF 00 00 2A 00 00 11 08 00 00 01 03 01 00 E1 52 97 64 60 79 15 00 52 01 AA 46 00 00 00 00 00 00 00 00 00 00 00 00 00 00 00 00 00 00 00 00 00 00 00 00 00 00 00 00 00 00 00 00 77 68 E2 04 7E
[ 20092][16:42:12.372]7E FF 02 FF 7A B5 64 EB 30 01 12 02 65 97 5C D1 00 49 00 94 00 01 00 01 8D DD 2E 01 E0 02 01 16 15 B6 40 00 06 D3 12 10 00 2E 00 03 27 3E 00 45 88 FF 08 00 2A 00 00 00 00 05 46 46 54 00 00 59 04 27 43 05 00 00 00 00 00 11 00 51 01 3E 00 35 00 00 00 5F 1A 00 00 00 00 00 00 00 00 00 00 00 00 00 00 00 00 00 00 00 00 00 00 10 01 01 01 D5 33 E0 C5 00 A0 0F 00 76 01 00 00 01 00 00 00 00 00 00 00 00 00 00 00 00 49 1E E5 8E 00 00 00 00 00 00 00 00 00 00 00 00 00 00 00 00 00 00 00 00 00 00 00 00 00 00 00 00 00 00 00 13 E8 39 66 7E
[ 20093][16:42:12.537]7E FF 02 FF 7B B5 64 EC 30 01 E8 01 2A 17 98 D1 00 49 00 14 01 01 00 01 EC A8 22 09 F0 FF 00 34 18 60 C3 00 0C E4 FF 90 00 FF 2F 01 5C 00 00 C8 80 11 00 00 D5 00 00 08 00 00 00 09 10 00 12 01 21 01 00 00 19 00 00 90 98 01 63 01 02 5D 64 8F 00 10 01 43 00 13 00 44 00 00 00 01 30 FE FD FD FF FF FF FF FF FF FF FF FF FF FF FF FF FF FF 03 10 0E 10 10 10 10 11 10 10 11 10 0F 11 10 11 11 10 11 11 11 11 11 11 11 11 11 10 10 10 11 11 11 10 10 10 10 11 11 0F 0F 11 10 11 11 10 11 11 11 11 11 10 0E 11 10 11 10 10 10 11 11 10 00 00 00 00 00 00 00 00 00 00 00 00 00 00 00 00 00 00 00 00 00 00 00 00 00 00 00 00 00 00 00 00 00 00 00 00 00 00 00 00 00 00 00 00 00 00 00 00 00 00 00 00 00 00 00 00 00 00 00 00 00 00 00 00 00 00 00 00 00 00 00 00 00 00 00 00 00 00 00 00 00 00 02 71 26 19 00 00 00 00 00 00 00 00 00 00 00 00 00 00 00 00 00 00 00 00 00 00 00 00 00 00 00 00 00 00 00 00 00 00 00 00 00 00 00 00 1B 46 BE 93 7E
[ 20094][16:42:12.567]7E FF 02 FF 7C B5 7B EC 30 01 B5 01 6B D7 A0 D1 00 49 01 14 01 01 00 01 EC A8 22 1E F0 FF 00 34 18 60 C3 00 18 E4 03 E0 01 FF 2F 01 12 00 00 C8 F8 11 00 00 D5 00 00 08 00 00 00 1E 10 00 11 01 21 01 00 00 20 00 00 90 98 01 63 01 02 57 64 8F 00 10 01 35 00 13 00 40 00 00 00 01 30 FE FF FD BF FF FF FF FF FF FF FF FF FF FF FF FF FF FF 03 10 0E 10 10 10 10 11 10 10 10 11 10 0F 11 10 11 11 10 11 11 11 11 11 11 11 11 11 10 10 11 11 11 10 10 10 10 11 11 0F 0F 11 10 11 11 10 11 11 11 11 11 10 0E 11 10 11 10 10 10 11 11 10 00 00 00 00 00 00 00 00 00 00 00 00 00 00 00 00 00 00 00 00 00 00 00 00 00 00 00 00 00 00 00 00 00 00 00 00 00 00 00 00 00 00 00 00 00 00 00 00 00 00 00 00 00 00 00 00 00 00 00 00 00 00 00 00 00 00 00 00 00 00 00 00 00 00 00 00 00 00 00 00 00 00 12 97 95 51 00 00 00 00 00 00 00 00 00 00 00 00 00 00 00 00 00 00 00 00 00 00 00 00 00 00 00 00 00 00 00 00 00 00 00 00 00 00 00 00 17 48 09 BD 7E
[ 20095][16:42:12.627]7E FF 02 FF 7D B5 D1 EC 30 01 12 00 C8 7C C1 D1 00 49 00 54 00 01 00 01 8D DD 2E 01 E0 02 03 5B 13 60 E0 00 4A 22 17 10 00 1D 00 03 2B 3E 30 10 88 FF 00 00 2A 00 00 11 08 00 00 01 03 01 00 E1 50 62 75 64 79 15 00 B4 B1 88 46 00 00 00 00 00 00 00 00 00 00 00 00 00 00 00 00 00 00 00 00 00 00 00 00 00 00 00 00 00 00 00 00 EE 4D BF 25 7E
[ 20096][16:42:12.627]7E FF 02 FF 7E B5 DE EC 30 01 38 03 4C C1 C6 D1 00 49 00 54 00 01 00 01 8D DD 2E 01 E0 02 03 5B 13 60 E0 00 4A 22 17 10 00 81 00 0A 2C 3E 30 10 88 FF 00 00 2A 00 00 11 08 00 00 01 03 01 00 A6 50 56 61 55 79 15 00 7D 91 CC 27 00 00 00 00 00 00 00 00 00 00 00 00 00 00 00 00 00 00 00 00 00 00 00 00 00 00 00 00 00 00 00 00 80 2C 7D 4F 7E
[ 20097][16:42:12.957]7E FF 02 FF 7F B5 C9 ED 30 01 4D 00 C5 48 46 D2 00 49 00 10 00 01 00 02 8D DD 2E 10 01 10 04 01 02 00 00 00 1F C8 A4 0D 7A 81 06 7E
[ 20098][16:42:13.031]7E FF 02 FF 80 B5 7D EE 30 01 F0 02 83 0F 65 D2 00 49 00 10 00 01 00 03 EC A8 22 E3 01 18 1F 8D DD 2E 20 02 7A DC 89 23 0A 3C 3B 7E
[ 20099][16:42:13.316]7E FF 02 FF 81 B5 85 EF 30 01 5C 02 B3 B0 C9 D2 00 49 00 54 00 01 00 01 8D DD 2E 01 10 04 03 5B 13 60 E0 00 8C 0A 09 10 00 30 01 03 2D 3E 30 10 88 FF 00 00 2A 00 00 11 08 00 00 01 03 01 00 1E 55 04 61 47 79 15 00 20 45 B1 CB 00 00 00 00 00 00 00 00 00 00 00 00 00 00 00 00 00 00 00 00 00 00 00 00 00 00 00 00 00 00 00 00 48 AA E1 A4 7E
[ 20100][16:42:13.347]7E FF 02 FF 82 B5 AB EF 30 01 47 02 99 2C D8 D2 00 49 00 54 00 01 00 01 8D DD 2E 01 10 04 03 5B 13 60 E4 00 9D 08 8D 10 00 30 01 03 2D 3E 30 10 88 FF 00 00 2A 00 00 11 08 00 00 01 03 01 00 1E 55 04 61 47 79 15 00 20 45 B1 CB 00 00 00 00 00 00 00 00 00 00 00 00 00 00 00 00 00 00 00 00 00 00 00 00 00 00 00 00 00 00 00 00 09 D3 FB C0 7E
[ 20101][16:42:14.171]7E FF 02 FF 83 B5 84 F2 30 01 2D 01 5F 54 14 D4 00 49 00 10 00 01 00 03 8D DD 2E A0 08 4C 08 B1 50 3B 2A 02 AA 31 F1 8F 8A D9 67 7E
[ 20102][16:42:14.950]7E FF 02 FF 84 B5 8D F5 30 01 43 01 25 BF 3C D5 00 49 00 10 00 01 00 03 EC A8 22 E3 01 A4 17 8D DD 2E 20 02 B6 A7 1A FB FD A7 39 7E
[ 20103][16:42:15.023]7E FF 02 FF 85 B5 AF F5 30 01 5D 01 56 B2 49 D5 00 49 01 14 01 01 00 01 EC A8 22 47 F0 FF 00 34 18 60 C3 00 4B E4 BB 70 04 FF 2F 01 07 00 00 C8 98 11 00 00 D5 00 00 08 00 00 00 47 10 00 11 01 12 01 00 00 01 00 00 90 98 01 63 03 01 64 64 8F 00 0B 01 34 00 13 00 64 00 00 00 01 30 FE FF FD FF FF FF FF FF 7F FF FF FF FF FF FF FF FF FF 03 00 00 00 00 00 00 00 00 00 00 00 00 00 00 00 00 00 00 00 00 00 00 00 00 00 00 00 00 00 00 00 00 00 00 00 00 00 00 00 00 00 00 00 00 00 00 00 00 00 00 00 00 00 00 00 00 00 00 00 00 00 00 00 00 00 00 00 00 00 00 00 00 00 00 00 00 00 00 00 00 00 00 00 00 00 00 00 00 00 00 00 00 00 00 00 00 00 00 00 00 00 00 00 00 00 00 00 00 00 00 00 00 00 00 00 00 00 00 00 00 00 00 00 00 00 00 00 00 00 00 00 00 00 00 00 00 00 00 00 00 00 00 00 DB 8C EC C3 00 00 00 00 00 00 00 00 00 00 00 00 00 00 00 00 00 00 00 00 00 00 00 00 00 00 00 00 00 00 00 00 00 00 00 00 00 00 00 00 31 13 CA 5F 7E
[ 20104][16:42:16.506]7E FF 02 FF 86 B5 67 FB 30 01 A7 02 AB 4D 78 D7 00 49 00 15 02 01 00 00 8D DD 2E B7 01 2E 30 01 90 5B 05 00 67 31 15 CA 2A 00 00 05 46 46 54 BB 0A 00 00 00 00 00 00 00 00 00 00 03 00 0F 01 00 00 64 00 00 05 46 46 54 04 00 00 01 0A D0 02 A9 00 3C 00 3C 00 C0 DD 00 5D 33 00 45 17 32 00 00 00 00 59 75 24 30 0A 26 00 00 00 00 07 10 03 10 0E 10 49 10 2E 10 41 10 10 12 A4 10 E2 11 BA 10 B8 11 4C 11 0D 11 1F 12 75 11 6D 11 69 10 00 12 1B 12 E4 10 C7 11 44 11 94 10 AC 11 CE 11 01 12 64 11 A2 11 16 10 29 11 87 11 31 11 79 11 83 10 1F 10 08 10 0D 10 60 10 4F 10 09 10 E8 10 0C 10 88 10 EA 10 5A 11 27 11 74 10 4E 10 4B 10 7C 11 73 11 1B 10 5B 11 FD 11 B2 10 4A 10 4D 10 17 10 DF 11 3E 10 CA 10 73 10 76 10 A0 11 33 11 20 11 51 11 18 12 48 10 16 01 24 01 36 01 39 01 45 01 52 01 53 01 58 01 5F 01 61 01 63 01 66 01 67 01 62 00 78 01 4D 01 95 01 A3 01 A4 01 AD 01 D3 01 D5 01 EA 01 EE 81 7C 15 00 01 E8 03 00 02 E8 03 00 03 00 01 E8 03 00 02 E8 03 00 03 98 00 50 00 23 02 84 00 7C 01 73 01 A3 00 05 02 28 01 48 01 49 01 3E 01 80 00 24 00 85 01 59 00 1F 01 43 01 C3 00 9E 01 B8 00 ED 00 03 01 F9 01 A7 81 88 13 00 01 E8 03 00 02 E8 03 00 03 E8 03 00 03 00 03 E8 03 00 03 E8 03 00 02 E8 03 00 03 00 00 00 00 00 00 00 00 00 00 00 00 00 00 00 00 00 00 00 00 00 00 00 00 00 00 00 00 00 00 00 00 00 00 00 00 00 00 00 00 00 00 00 00 00 00 00 00 00 00 00 00 00 00 00 00 00 00 00 00 00 00 00 00 00 00 00 00 00 00 00 00 00 00 00 00 00 00 00 00 00 00 00 00 00 00 00 00 00 00 00 00 00 00 00 00 00 00 00 00 00 00 00 00 00 00 00 00 00 00 00 00 00 00 00 00 00 00 00 00 00 00 00 00 00 00 00 00 00 00 00 00 00 00 00 00 00 00 00 00 00 00 00 00 00 00 00 00 00 00 00 00 00 00 00 00 1A 65 6E 3E 66 74 60 A9 7E
[ 20105][16:42:16.551]7E FF 02 FF 87 B5 7E FB 30 01 78 02 C7 0C 81 D7 00 49 00 15 02 01 00 00 8D DD 2E D5 C0 36 30 01 90 5B 07 00 21 F1 9E CA 2A 00 00 05 46 46 54 BB 0A 00 00 00 00 00 00 00 00 00 00 03 00 0F 01 00 00 64 00 00 05 46 46 54 04 00 00 01 0A D0 02 A9 00 3C 00 3C 00 C0 DD 00 5D 33 00 45 17 32 00 00 00 00 59 75 24 30 0A 26 00 00 00 00 07 10 03 10 0E 10 49 10 2E 10 41 10 10 12 A4 10 E2 11 BA 10 B8 11 4C 11 0D 11 1F 12 75 11 6D 11 69 10 00 12 1B 12 E4 10 C7 11 44 11 94 10 AC 11 CE 11 01 12 64 11 A2 11 16 10 29 11 87 11 31 11 79 11 83 10 1F 10 08 10 0D 10 60 10 4F 10 09 10 E8 10 0C 10 88 10 EA 10 5A 11 27 11 74 10 4E 10 4B 10 7C 11 73 11 1B 10 5B 11 FD 11 B2 10 4A 10 4D 10 17 10 DF 11 3E 10 CA 10 73 10 76 10 A0 11 33 11 20 11 51 11 18 12 48 10 16 01 24 01 36 01 39 01 45 01 52 01 53 01 58 01 5F 01 61 01 63 01 66 01 67 01 62 00 78 01 4D 01 95 01 A3 01 A4 01 AD 01 D3 01 D5 01 EA 01 EE 81 7C 15 00 01 E8 03 00 02 E8 03 00 03 00 01 E8 03 00 02 E8 03 00 03 98 00 50 00 23 02 84 00 7C 01 73 01 A3 00 05 02 28 01 48 01 49 01 3E 01 80 00 24 00 85 01 59 00 1F 01 43 01 C3 00 9E 01 B8 00 ED 00 03 01 F9 01 A7 81 88 13 00 01 E8 03 00 02 E8 03 00 03 E8 03 00 03 00 03 E8 03 00 03 E8 03 00 02 E8 03 00 03 00 00 00 00 00 00 00 00 00 00 00 00 00 00 00 00 00 00 00 00 00 00 00 00 00 00 00 00 00 00 00 00 00 00 00 00 00 00 00 00 00 00 00 00 00 00 00 00 00 00 00 00 00 00 00 00 00 00 00 00 00 00 00 00 00 00 00 00 00 00 00 00 00 00 00 00 00 00 00 00 00 00 00 00 00 00 00 00 00 00 00 00 00 00 00 00 00 00 00 00 00 00 00 00 00 00 00 00 00 00 00 00 00 00 00 00 00 00 00 00 00 00 00 00 00 00 00 00 00 00 00 00 00 00 00 00 00 00 00 00 00 00 00 00 00 00 00 00 00 00 00 00 00 00 00 00 1A 65 6E 3E 6D 0A B0 A0 7E
[ 20106][16:42:16.835]7E FF 02 FF 88 B5 55 FD 30 01 C4 02 46 A2 0E D8 00 49 00 10 00 01 00 03 EC A8 22 E3 01 40 10 8D DD 2E 20 02 6E FD 65 5F 93 58 A2 7E
[ 20107][16:42:17.762]7E FF 02 FF 89 B5 7F 00 31 01 2D 02 8B B0 69 D9 00 49 01 54 00 01 00 01 EC A8 22 09 10 00 00 5B 13 60 E0 00 56 0A E6 90 00 01 00 03 5E 00 00 1F 80 FF 00 00 D5 00 00 07 00 00 00 09 00 09 00 8F 00 13 00 FE FF FF FF FF FF FF FF FF FF FF FF FF FF FF FF FF FF 07 6C F9 54 B6 00 00 00 00 00 00 00 00 00 00 00 00 00 00 00 00 00 86 87 F5 1C 7E
[ 20108][16:42:17.762]7E FF 02 FF 8A B5 86 00 31 01 DC 00 7E 3F 6C D9 00 49 01 10 00 01 00 02 EC A8 22 10 01 90 00 01 01 00 00 00 3C 31 3C C6 54 EE 24 7E
[ 20109][16:42:18.676]7E FF 02 FF 8B B5 5C 04 31 01 78 03 10 F1 BC DA 00 49 01 14 01 01 00 01 EC A8 22 43 F0 FF 00 34 18 60 C3 00 4E E4 7F 30 04 FF 2F 01 E6 00 00 C8 F8 11 03 00 D5 00 00 08 00 00 00 43 10 00 11 01 17 01 00 00 02 00 00 90 98 01 63 01 02 40 50 8F 00 0C 01 32 00 13 00 50 00 00 00 01 30 FE FF FD FF FF FF FF FF F7 FF FF FF FF FF FF FF FF FF 03 00 00 00 00 00 00 00 00 00 00 00 00 00 00 00 00 00 00 00 00 00 00 00 00 00 00 00 00 00 00 00 00 00 00 00 00 00 00 00 00 00 00 00 00 00 00 00 00 00 00 00 00 00 00 00 00 00 00 00 00 00 00 00 00 00 00 00 00 00 00 00 00 00 00 00 00 00 00 00 00 00 00 00 00 00 00 00 00 00 00 00 00 00 00 00 00 00 00 00 00 00 00 00 00 00 00 00 00 00 00 00 00 00 00 00 00 00 00 00 00 00 00 00 00 00 00 00 00 00 00 00 00 00 00 00 00 00 00 00 00 00 00 00 95 C3 79 C8 00 00 00 00 00 00 00 00 00 00 00 00 00 00 00 00 00 00 00 00 00 00 00 00 00 00 00 00 00 00 00 00 00 00 00 00 00 00 00 00 C2 96 6E 9D 7E
[ 20110][16:42:18.721]7E FF 02 FF 8C B5 9C 04 31 01 37 03 25 54 D5 DA 00 49 00 94 00 01 00 01 8D DD 2E 01 B0 13 01 16 15 B6 40 00 D8 B8 79 10 00 3B 01 03 2F 3E 00 34 88 FF 08 00 2A 00 00 00 00 05 46 46 54 22 03 23 23 12 34 05 00 00 00 00 00 00 00 3B 01 01 00 62 00 00 00 60 1A 00 00 00 00 00 00 00 19 01 12 00 29 00 00 05 46 46 54 01 00 00 00 03 00 01 01 2B A3 38 29 00 A0 0F 00 F0 84 D9 C3 00 00 00 00 00 00 00 00 00 00 00 00 00 00 00 00 00 00 00 00 00 00 00 00 00 00 00 00 00 00 00 00 00 00 00 00 00 00 00 00 00 00 00 00 00 00 00 00 55 1E 02 02 7E
[ 20111][16:42:18.736]7E FF 02 FF 8D B5 BC 04 31 01 96 03 B7 97 E1 DA 00 49 00 10 00 01 00 03 EC A8 22 E3 01 D9 08 8D DD 2E 20 02 87 86 D3 27 20 78 4D 7E
[ 20112][16:42:18.751]7E FF 02 FF 8E B5 64 04 31 01 85 00 63 DF E5 DA 00 49 00 10 00 01 00 02 8D DD 2E 10 01 10 10 01 01 08 00 00 2E 2D B4 82 76 83 AC 7E
[ 20113][16:42:18.766]7E FF 02 FF 8F B5 74 04 31 01 34 02 F8 23 EC DA 00 49 00 10 00 01 00 02 8D DD 2E 10 01 20 1A 01 03 09 00 00 01 DE 34 B0 05 5F 47 7E
[ 20114][16:42:18.766]7E FF 02 FF 90 B5 7E 04 31 01 72 02 AB FA EF DA 00 49 00 10 00 01 00 02 8D DD 2E 10 01 80 1B 01 00 09 00 00 58 B3 85 1E DF 22 47 7E
[ 20115][16:42:18.797]7E FF 02 FF 91 B5 89 04 31 01 00 00 C7 E9 F3 DA 00 49 00 94 00 01 00 01 8D DD 2E 01 B0 13 01 16 15 B6 44 00 C9 BA FD 10 00 3B 01 03 2F 3E 00 34 88 FF 08 00 2A 00 00 00 00 05 46 46 54 22 03 23 23 12 34 05 00 00 00 00 00 00 00 3B 01 01 00 62 00 00 00 60 1A 00 00 00 00 00 00 00 19 01 12 00 29 00 00 05 46 46 54 01 00 00 00 03 00 01 01 2B A3 38 29 00 A0 0F 00 F0 84 D9 C3 00 00 00 00 00 00 00 00 00 00 00 00 00 00 00 00 00 00 00 00 00 00 00 00 00 00 00 00 00 00 00 00 00 00 00 00 00 00 00 00 00 00 00 00 00 00 00 00 E9 EC 71 CD 7E
[ 20116][16:42:18.812]7E FF 02 FF 92 B5 02 05 31 01 4F 02 90 26 FC DA 00 49 00 54 00 01 00 01 8D DD 2E 01 80 02 03 5B 13 60 E0 00 29 4E 1B 10 00 28 00 03 30 3E 30 10 88 FF 00 00 2A 00 00 11 08 00 00 01 03 01 00 7D 03 69 10 15 10 20 20 F6 3E 55 1A 00 00 00 00 00 00 00 00 00 00 00 00 00 00 00 00 00 00 00 00 00 00 00 00 00 00 00 00 00 00 00 00 C1 A2 80 5A 7E
[ 20117][16:42:18.873]7E FF 02 FF 93 B5 D8 04 31 01 C3 01 3B 3A 12 DB 00 49 00 54 00 01 00 01 8D DD 2E 01 E0 02 03 5B 13 60 E0 00 4A 22 17 10 00 5C 00 03 34 3E 30 10 88 FF 00 00 2A 00 00 11 08 00 00 01 03 01 00 E1 52 97 64 60 79 15 00 52 01 AA 46 00 00 00 00 00 00 00 00 00 00 00 00 00 00 00 00 00 00 00 00 00 00 00 00 00 00 00 00 00 00 00 00 4D 12 75 89 7E
[ 20118][16:42:18.888]7E FF 02 FF 94 B5 F1 04 31 01 ED 02 9D E4 1B DB 00 49 00 10 00 01 00 02 8D DD 2E 10 01 30 00 01 01 07 00 00 25 78 EC 3E F2 9A 25 7E
[ 20119][16:42:18.903]7E FF 02 FF 95 B5 F3 04 31 01 E6 03 1A BB 1C DB 00 49 00 54 00 01 00 01 8D DD 2E 01 E0 02 03 5B 13 60 E0 00 4A 22 17 10 00 1D 00 03 35 3E 30 10 88 FF 00 00 2A 00 00 11 08 00 00 01 03 01 00 E1 50 62 75 64 79 15 00 B4 B1 88 46 00 00 00 00 00 00 00 00 00 00 00 00 00 00 00 00 00 00 00 00 00 00 00 00 00 00 00 00 00 00 00 00 45 C6 EF 69 7E
[ 20120][16:42:18.918]7E FF 02 FF 96 B5 65 05 31 01 8C 02 4F F0 21 DB 00 49 00 54 00 01 00 01 8D DD 2E 01 E0 02 03 5B 13 60 E0 00 4A 22 17 10 00 81 00 03 36 3E 30 10 88 FF 00 00 2A 00 00 11 08 00 00 01 03 01 00 A6 50 56 61 55 79 15 00 7D 91 CC 27 00 00 00 00 00 00 00 00 00 00 00 00 00 00 00 00 00 00 00 00 00 00 00 00 00 00 00 00 00 00 00 00 65 51 7D 8A 7E
[ 20121][16:42:18.994]7E FF 02 FF 97 B5 53 05 31 01 1D 02 24 2D 41 DB 00 49 00 54 00 01 00 01 8D DD 2E 01 E0 02 03 5B 13 60 E4 00 5B 20 93 10 00 81 00 03 36 3E 30 10 88 FF 00 00 2A 00 00 11 08 00 00 01 03 01 00 A6 50 56 61 55 79 15 00 7D 91 CC 27 00 00 00 00 00 00 00 00 00 00 00 00 00 00 00 00 00 00 00 00 00 00 00 00 00 00 00 00 00 00 00 00 00 65 11 D7 7E
[ 20122][16:42:19.009]7E FF 02 FF 98 B5 D4 05 31 01 B9 01 D5 38 4C DB 00 49 00 10 00 01 00 02 8D DD 2E 10 01 30 00 01 01 07 00 00 25 78 EC F9 94 E7 52 7E
[ 20123][16:42:19.039]7E FF 02 FF 99 B5 EA 05 31 01 A9 03 10 CE 54 DB 00 49 00 10 00 01 00 02 8D DD 2E 10 01 A0 0B 01 03 08 00 00 64 C6 C1 ED C8 14 DE 7E
[ 20124][16:42:19.039]7E FF 02 FF 9A B5 90 05 31 01 CB 01 F4 6F 58 DB 00 49 00 10 00 01 00 02 8D DD 2E 10 01 10 04 01 01 08 00 00 2B 88 B4 BD E3 4B 74 7E
[ 20125][16:42:19.054]7E FF 02 FF 9B B5 95 05 31 01 A9 00 76 36 5A DB 00 49 00 54 00 01 00 01 8D DD 2E 01 E0 02 03 5B 13 60 E4 00 5B 20 93 10 00 81 00 03 36 3E 30 10 88 FF 00 00 2A 00 00 11 08 00 00 01 03 01 00 A6 50 56 61 55 79 15 00 7D 91 CC 27 00 00 00 00 00 00 00 00 00 00 00 00 00 00 00 00 00 00 00 00 00 00 00 00 00 00 00 00 00 00 00 00 8D CE FC 4C 7E
[ 20126][16:42:19.100]7E FF 02 FF 9C B5 B1 05 31 01 AE 03 77 2F 65 DB 00 49 00 94 00 01 00 01 8D DD 2E 01 40 0A 00 16 15 B6 40 00 A1 67 26 10 00 A4 00 0A 37 3E 00 34 88 FF 00 00 2A 00 00 01 00 00 00 00 19 01 15 00 09 00 00 05 46 46 54 01 00 00 40 A4 00 01 01 A9 2C B3 3C 00 7D 00 00 10 00 00 00 01 00 00 00 00 00 00 00 00 00 00 00 00 00 00 00 96 4D 4D 9A 00 00 00 00 00 00 00 00 00 00 00 00 00 00 00 00 00 00 00 00 00 00 00 00 00 00 00 00 00 00 00 00 00 00 00 00 00 00 00 00 00 00 00 00 00 00 00 00 00 00 00 00 00 00 00 00 00 00 00 00 64 6B 1B EC 7E
[ 20127][16:42:19.175]7E FF 02 FF 9D B5 18 06 31 01 B0 03 50 80 8C DB 00 49 00 10 00 01 00 02 8D DD 2E 10 01 A0 0B 01 01 09 00 00 44 56 81 A2 92 13 EB 7E
[ 20128][16:42:19.205]7E FF 02 FF 9E B5 1B 06 31 01 9C 01 C6 6B 8D DB 00 49 00 94 00 01 00 01 8D DD 2E 01 20 1A 01 16 15 B6 40 00 06 13 09 10 00 A2 01 03 3A 3E 00 34 88 FF 08 00 2A 00 00 00 00 05 46 46 54 22 03 23 23 12 47 05 00 00 00 00 00 00 00 F5 00 A2 01 02 01 00 00 62 1A 00 00 00 00 00 00 21 01 18 01 65 95 00 00 05 46 46 54 01 00 00 50 01 01 01 01 2B A3 38 29 00 A0 0F 00 AA F4 20 F3 00 00 00 00 00 00 00 00 00 00 00 00 00 00 00 00 00 00 00 00 00 00 00 00 00 00 00 00 00 00 00 00 00 00 00 00 00 00 00 00 00 00 00 00 00 00 00 00 0B D4 C0 5D 7E
[ 20129][16:42:19.220]7E FF 02 FF 9F B5 93 06 31 01 A8 00 C6 F4 94 DB 00 49 00 94 00 01 00 01 8D DD 2E 01 A0 0B 00 16 15 B6 40 00 4E BA 1B 10 00 CD 01 0A 41 3E 00 34 88 FF 00 00 2A 00 00 01 00 00 00 21 01 18 01 90 79 00 00 05 46 46 54 01 00 00 50 CD 01 01 01 2B A3 38 29 00 A0 0F 00 D9 00 00 00 01 00 00 00 00 00 00 00 00 00 00 00 00 00 00 00 D2 ED 74 FD 00 00 00 00 00 00 00 00 00 00 00 00 00 00 00 00 00 00 00 00 00 00 00 00 00 00 00 00 00 00 00 00 00 00 00 00 00 00 00 00 00 00 00 00 00 00 00 00 00 00 00 00 00 00 00 00 00 00 00 00 B1 6D 1D B8 7E
[ 20130][16:42:19.295]7E FF 02 FF A0 B5 5B 06 31 01 81 02 4C EB A5 DB 00 49 01 14 01 01 00 01 EC A8 22 6C F0 FF 00 34 18 60 C3 00 65 E4 9F C0 06 FF 2F 01 D5 00 00 C4 C8 11 03 00 D5 00 00 08 00 00 00 6C 10 00 11 01 21 01 00 00 10 00 00 90 98 01 63 01 02 40 50 8B 00 0C 01 32 00 13 00 50 00 00 00 01 30 FE FF FD FF FF FF FF FF FF FF FF FF FF EB FF FF FF BF 00 00 00 00 00 00 00 00 00 00 00 00 00 00 00 00 00 00 00 00 00 00 00 00 00 00 00 00 00 00 00 00 00 00 00 00 00 00 00 00 00 00 00 00 00 00 00 00 00 00 00 00 00 00 00 00 00 00 00 00 00 00 00 00 00 00 00 00 00 00 00 00 00 00 00 00 00 00 00 00 00 00 00 00 00 00 00 00 00 00 00 00 00 00 00 00 00 00 00 00 00 00 00 00 00 00 00 00 00 00 00 00 00 00 00 00 00 00 00 00 00 00 00 00 00 00 00 00 00 00 00 00 00 00 00 00 00 00 00 00 FA 09 E5 7F 00 00 00 00 00 00 00 00 00 00 00 00 00 00 00 00 00 00 00 00 00 00 00 00 00 00 00 00 00 00 00 00 00 00 00 00 00 00 00 00 00 00 00 00 2A 58 9C 98 7E
[ 20131][16:42:19.325]7E FF 02 FF A1 B5 78 06 31 01 CC 01 2B EA B0 DB 00 49 00 14 01 01 00 01 EC A8 22 29 F0 FF 00 34 18 60 C3 00 28 E4 EF 90 02 FF 2F 01 83 00 00 CA 98 11 00 00 D5 00 00 08 00 00 00 29 10 00 11 01 12 01 00 00 08 00 00 90 98 01 63 01 03 64 64 8F 00 10 02 2F 00 13 00 4B 00 00 00 01 30 19 00 FE FF FD FF FF FD FF FF FF FF FF FF FF FF FF FF FF FF 03 10 0E 10 10 10 10 11 10 10 10 11 10 0F 11 10 11 11 10 11 11 11 11 11 11 11 11 11 10 10 10 11 11 11 10 10 10 10 11 11 0F 11 10 11 11 10 11 11 11 11 11 10 0F 11 10 11 10 10 10 11 11 10 00 00 00 00 00 00 00 00 00 00 00 00 00 00 00 00 00 00 00 00 00 00 00 00 00 00 00 00 00 00 00 00 00 00 00 00 00 00 00 00 00 00 00 00 00 00 00 00 00 00 00 00 00 00 00 00 00 00 00 00 00 00 00 00 00 00 00 00 00 00 00 00 00 00 00 00 00 00 00 00 00 00 7A 1B 7B B5 00 00 00 00 00 00 00 00 00 00 00 00 00 00 00 00 00 00 00 00 00 00 00 00 00 00 00 00 00 00 00 00 00 00 00 00 00 00 52 AF 0A 40 7E
[ 20132][16:42:19.340]7E FF 02 FF A2 B5 BC 06 31 01 07 01 70 CF CA DB 00 49 00 10 00 01 00 02 8D DD 2E 10 01 D0 10 01 03 08 00 00 3F 6B 28 67 7C 63 B5 7E
[ 20133][16:42:19.370]7E FF 02 FF A3 B5 CF 06 31 01 27 02 70 29 D2 DB 00 49 00 10 00 01 00 03 8D DD 2E A0 08 8D 1A B1 50 3B 2A 02 17 42 0E EF 4E 44 0F 7E
[ 20134][16:42:19.436]7E FF 02 FF A4 B5 62 07 31 01 96 03 1B 35 E4 DB 00 49 00 94 00 01 00 01 8D DD 2E 01 D0 10 00 16 15 B6 40 00 E2 BF B3 10 00 CF 01 0A 43 3E 00 34 88 FF 00 00 2A 00 00 01 00 00 00 00 19 01 15 00 48 00 00 05 46 46 54 01 00 00 50 CF 01 01 01 2B A3 38 29 00 7D 00 00 8F 00 00 00 01 00 00 00 00 00 00 00 00 00 00 00 00 00 00 00 A5 32 9E F9 00 00 00 00 00 00 00 00 00 00 00 00 00 00 00 00 00 00 00 00 00 00 00 00 00 00 00 00 00 00 00 00 00 00 00 00 00 00 00 00 00 00 00 00 00 00 00 00 00 00 00 00 00 00 00 00 00 00 00 00 CA 95 FE D9 7E
[ 20135][16:42:19.460]7E FF 02 FF A5 B5 7E 07 31 01 04 02 C3 BB EE DB 00 49 00 94 00 01 00 01 8D DD 2E 01 D0 10 00 16 15 B6 44 00 F3 BD 37 10 00 CF 01 0A 43 3E 00 34 88 FF 00 00 2A 00 00 01 00 00 00 00 19 01 15 00 48 00 00 05 46 46 54 01 00 00 50 CF 01 01 01 2B A3 38 29 00 7D 00 00 8F 00 00 00 01 00 00 00 00 00 00 00 00 00 00 00 00 00 00 00 A5 32 9E F9 00 00 00 00 00 00 00 00 00 00 00 00 00 00 00 00 00 00 00 00 00 00 00 00 00 00 00 00 00 00 00 00 00 00 00 00 00 00 00 00 00 00 00 00 00 00 00 00 00 00 00 00 00 00 00 00 00 00 00 00 80 7E 71 4A 7E
[ 20136][16:42:19.475]7E FF 02 FF A6 B5 3B 07 31 01 A9 02 95 68 FB DB 00 49 00 10 00 01 00 02 8D DD 2E 10 01 D0 10 01 01 09 00 00 1F FB 68 BF B7 87 57 7E
[ 20137][16:42:19.504]7E FF 02 FF A7 B5 40 07 31 01 AE 00 27 19 FD DB 00 49 00 94 00 01 00 01 8D DD 2E 01 D0 10 00 16 15 B6 44 00 F3 BD 37 10 00 CF 01 0A 43 3E 00 34 88 FF 00 00 2A 00 00 01 00 00 00 00 19 01 15 00 48 00 00 05 46 46 54 01 00 00 50 CF 01 01 01 2B A3 38 29 00 7D 00 00 8F 00 00 00 01 00 00 00 00 00 00 00 00 00 00 00 00 00 00 00 A5 32 9E F9 00 00 00 00 00 00 00 00 00 00 00 00 00 00 00 00 00 00 00 00 00 00 00 00 00 00 00 00 00 00 00 00 00 00 00 00 00 00 00 00 00 00 00 00 00 00 00 00 00 00 00 00 00 00 00 00 00 00 00 00 82 E8 CB 16 7E
[ 20138][16:42:19.504]7E FF 02 FF A8 B5 BA 07 31 01 59 02 BC AD 05 DC 00 49 00 10 00 01 00 02 8D DD 2E 10 01 D0 10 01 02 0A 00 00 2F 0B A8 DD 18 1C 91 7E
[ 20139][16:42:19.519]7E FF 02 FF A9 B5 CA 07 31 01 65 02 6C C9 0B DC 00 49 00 10 00 01 00 02 8D DD 2E 10 01 10 04 01 03 0B 00 00 0A 38 F0 12 27 0A 13 7E
[ 20140][16:42:19.549]7E FF 02 FF AA B5 DE 07 31 01 46 03 7E 7B 13 DC 00 49 00 94 00 01 00 01 8D DD 2E 01 D0 10 00 16 15 B6 44 00 F3 BD 37 10 00 CF 01 0A 43 3E 00 34 88 FF 00 00 2A 00 00 01 00 00 00 00 19 01 15 00 48 00 00 05 46 46 54 01 00 00 50 CF 01 01 01 2B A3 38 29 00 7D 00 00 8F 00 00 00 01 00 00 00 00 00 00 00 00 00 00 00 00 00 00 00 A5 32 9E F9 00 00 00 00 00 00 00 00 00 00 00 00 00 00 00 00 00 00 00 00 00 00 00 00 00 00 00 00 00 00 00 00 00 00 00 00 00 00 00 00 00 00 00 00 00 00 00 00 00 00 00 00 00 00 00 00 00 00 00 00 0D E5 14 12 7E
[ 20141][16:42:19.564]7E FF 02 FF AB B5 92 07 31 01 54 00 82 5E 1C DC 00 49 00 10 00 01 00 02 8D DD 2E 10 01 D0 10 01 02 0B 00 00 2E 1B 6C D4 0F F1 4E 7E
[ 20142][16:42:19.564]7E FF 02 FF AC B5 9C 07 31 01 76 01 B5 4B 20 DC 00 49 00 10 00 01 00 02 8D DD 2E 10 01 D0 10 01 02 0B 00 00 2E 1B 6C B2 E8 F8 65 7E
[ 20143][16:42:19.609]7E FF 02 FF AD B5 AC 07 31 01 33 00 D3 40 26 DC 00 49 00 94 00 01 00 01 8D DD 2E 01 D0 10 00 16 15 B6 40 00 E2 BF B3 10 00 CF 01 0A 44 3E 00 34 88 FF 00 00 2A 00 00 01 00 00 00 21 01 18 01 04 57 00 00 05 46 46 54 01 00 00 50 CF 01 01 01 2B A3 38 29 00 A0 0F 00 CE 00 00 00 01 00 00 00 00 00 00 00 00 00 00 00 00 00 00 00 2A 87 E4 FE 00 00 00 00 00 00 00 00 00 00 00 00 00 00 00 00 00 00 00 00 00 00 00 00 00 00 00 00 00 00 00 00 00 00 00 00 00 00 00 00 00 00 00 00 00 00 00 00 00 00 00 00 00 00 00 00 00 00 00 00 3F 05 34 41 7E
[ 20144][16:42:19.609]7E FF 02 FF AE B5 28 08 31 01 22 03 4E B7 2F DC 00 49 00 10 00 01 00 02 8D DD 2E 10 01 10 04 01 02 0C 00 00 19 08 BC FF 50 D9 41 7E
[ 20145][16:42:19.669]7E FF 02 FF AF B5 00 08 31 01 C6 01 A0 7A 46 DC 00 49 00 10 00 01 00 02 8D DD 2E 10 01 E0 17 01 00 0C 00 00 40 E3 45 E3 9F 56 FE 7E
[ 20146][16:42:19.713]7E FF 02 FF B0 B5 86 08 31 01 4C 02 AC 78 53 DC 00 49 00 54 00 01 00 01 8D DD 2E 01 10 04 03 5B 13 60 E4 00 9D 08 8D 10 00 30 01 0A 40 3E 30 10 88 FF 00 00 2A 00 00 11 08 00 00 01 03 01 00 1E 55 04 61 47 79 15 00 20 45 B1 CB 00 00 00 00 00 00 00 00 00 00 00 00 00 00 00 00 00 00 00 00 00 00 00 00 00 00 00 00 00 00 00 00 67 15 02 D2 7E
[ 20147][16:42:19.834]7E FF 02 FF B1 B5 AC 08 31 01 07 01 E2 02 88 DC 00 49 00 10 00 01 00 02 8D DD 2E 10 01 40 0A 01 03 0D 00 00 1F 79 30 8B F3 98 3C 7E
[ 20148][16:42:19.850]7E FF 02 FF B2 B5 B0 08 31 01 F4 00 8F 82 89 DC 00 49 00 54 00 01 00 01 8D DD 2E 01 10 04 03 5B 13 60 E4 00 9D 08 8D 10 00 30 01 0A 40 3E 30 10 88 FF 00 00 2A 00 00 11 08 00 00 01 03 01 00 1E 55 04 61 47 79 15 00 20 45 B1 CB 00 00 00 00 00 00 00 00 00 00 00 00 00 00 00 00 00 00 00 00 00 00 00 00 00 00 00 00 00 00 00 00 A5 3A 92 C5 7E
[ 20149][16:42:19.864]7E FF 02 FF B3 B5 C0 08 31 01 90 01 7B B1 8F DC 00 49 00 10 00 01 00 02 8D DD 2E 10 01 E0 02 01 01 0C 00 00 15 0E 64 88 73 39 5E 7E
[ 20150][16:42:19.893]7E FF 02 FF B4 B5 C3 08 31 01 A8 00 40 BB 90 DC 00 49 00 54 00 01 00 01 8D DD 2E 01 E0 17 03 5B 13 60 E0 00 E7 97 34 10 00 7E 01 03 49 3E 30 10 88 FF 00 00 2A 00 00 11 08 00 00 01 03 01 00 7C 03 31 22 01 18 01 21 11 EB 33 C7 00 00 00 00 00 00 00 00 00 00 00 00 00 00 00 00 00 00 00 00 00 00 00 00 00 00 00 00 00 00 00 00 FC 58 08 EF 7E
[ 20151][16:42:19.909]7E FF 02 FF B5 B5 DE 08 31 01 04 00 A0 F6 9A DC 00 49 00 94 00 01 00 01 8D DD 2E 01 E0 02 00 16 15 B6 40 00 47 DB B7 10 00 12 02 0A 4A 3E 00 34 88 FF 00 00 2A 00 00 01 00 00 00 21 01 18 01 50 01 00 00 05 46 46 54 01 00 00 50 12 02 01 01 2B A3 38 29 00 A0 0F 00 28 00 00 00 01 00 00 00 00 00 00 00 00 00 00 00 00 00 00 00 7F E0 4F 07 00 00 00 00 00 00 00 00 00 00 00 00 00 00 00 00 00 00 00 00 00 00 00 00 00 00 00 00 00 00 00 00 00 00 00 00 00 00 00 00 00 00 00 00 00 00 00 00 00 00 00 00 00 00 00 00 00 00 00 00 90 0F 73 80 7E
[ 20152][16:42:19.954]7E FF 02 FF B6 B5 17 09 31 01 26 00 10 BE B0 DC 00 49 00 10 00 01 00 02 8D DD 2E 10 01 70 00 01 03 0C 00 00 11 0A 34 F0 25 B4 FA 7E
[ 20153][16:42:19.984]7E FF 02 FF B7 B5 1F 09 31 01 D5 02 BC 08 B4 DC 00 49 00 94 00 01 00 01 8D DD 2E 01 E0 02 00 16 15 B6 44 00 56 D9 33 10 00 12 02 0A 4A 3E 00 34 88 FF 00 00 2A 00 00 01 00 00 00 21 01 18 01 50 01 00 00 05 46 46 54 01 00 00 50 12 02 01 01 2B A3 38 29 00 A0 0F 00 28 00 00 00 01 00 00 00 00 00 00 00 00 00 00 00 00 00 00 00 7F E0 4F 07 00 00 00 00 00 00 00 00 00 00 00 00 00 00 00 00 00 00 00 00 00 00 00 00 00 00 00 00 00 00 00 00 00 00 00 00 00 00 00 00 00 00 00 00 00 00 00 00 00 00 00 00 00 00 00 00 00 00 00 00 AE 66 AD 6D 7E
[ 20154][16:42:19.984]7E FF 02 FF B8 B5 39 09 31 01 87 00 83 BF BD DC 00 49 00 10 00 01 00 02 8D DD 2E 10 01 00 00 01 02 0B 00 00 9F 49 F2 64 C1 C9 39 7E
[ 20155][16:42:19.984]7E FF 02 FF B9 B5 3E 09 31 01 F2 01 E4 CB BF DC 00 49 00 10 00 01 00 03 8D DD 2E A0 08 1E 18 B1 50 3B 2A 02 2A A5 B9 CB F6 02 55 7E
[ 20156][16:42:20.029]7E FF 02 FF BA B5 B6 09 31 01 AB 02 48 79 C7 DC 00 49 00 94 00 01 00 01 8D DD 2E 01 F0 FF 00 C8 14 B6 42 00 15 65 BA 10 00 FF 2F 0A 4B 3E 00 34 88 11 00 00 2A 00 00 01 00 00 00 21 01 18 01 44 55 00 00 05 46 46 54 01 00 00 00 01 00 01 01 2B A3 38 29 00 7D 00 00 C9 00 00 00 01 00 00 00 00 00 00 00 00 00 00 00 00 00 00 00 D2 48 10 60 00 00 00 00 00 00 00 00 00 00 00 00 00 00 00 00 00 00 00 00 00 00 00 00 00 00 00 00 00 00 00 00 00 00 00 00 00 00 00 00 00 00 00 00 00 00 00 00 00 00 00 00 00 00 00 00 00 00 00 00 B9 A5 38 CF 7E
[ 20157][16:42:20.059]7E FF 02 FF BB B5 D1 09 31 01 BB 02 10 C7 D1 DC 00 49 00 94 00 01 00 01 8D DD 2E 01 F0 FF 00 C8 14 B6 46 00 04 67 3E 10 00 FF 2F 0A 4B 3E 00 34 88 11 00 00 2A 00 00 01 00 00 00 21 01 18 01 44 55 00 00 05 46 46 54 01 00 00 00 01 00 01 01 2B A3 38 29 00 7D 00 00 C9 00 00 00 01 00 00 00 00 00 00 00 00 00 00 00 00 00 00 00 D2 48 10 60 00 00 00 00 00 00 00 00 00 00 00 00 00 00 00 00 00 00 00 00 00 00 00 00 00 00 00 00 00 00 00 00 00 00 00 00 00 00 00 00 00 00 00 00 00 00 00 00 00 00 00 00 00 00 00 00 00 00 00 00 FD 34 FE DC 7E
[ 20158][16:42:20.074]7E FF 02 FF BC B5 82 09 31 01 A6 01 21 AF D9 DC 00 49 00 94 00 01 00 01 8D DD 2E 01 F0 FF 00 C8 14 B6 46 00 04 67 3E 10 00 FF 2F 0A 4B 3E 00 34 88 11 00 00 2A 00 00 01 00 00 00 21 01 18 01 44 55 00 00 05 46 46 54 01 00 00 00 01 00 01 01 2B A3 38 29 00 7D 00 00 C9 00 00 00 01 00 00 00 00 00 00 00 00 00 00 00 00 00 00 00 D2 48 10 60 00 00 00 00 00 00 00 00 00 00 00 00 00 00 00 00 00 00 00 00 00 00 00 00 00 00 00 00 00 00 00 00 00 00 00 00 00 00 00 00 00 00 00 00 00 00 00 00 00 00 00 00 00 00 00 00 00 00 00 00 5D F2 BF C9 7E
[ 20159][16:42:20.119]7E FF 02 FF BD B5 0F 0A 31 01 AB 00 63 3A E9 DC 00 49 00 94 00 01 00 01 8D DD 2E 01 F0 FF 00 C8 14 B6 46 00 04 67 3E 10 00 FF 2F 0A 4B 3E 00 34 88 11 00 00 2A 00 00 01 00 00 00 21 01 18 01 44 55 00 00 05 46 46 54 01 00 00 00 01 00 01 01 2B A3 38 29 00 7D 00 00 C9 00 00 00 01 00 00 00 00 00 00 00 00 00 00 00 00 00 00 00 D2 48 10 60 00 00 00 00 00 00 00 00 00 00 00 00 00 00 00 00 00 00 00 00 00 00 00 00 00 00 00 00 00 00 00 00 00 00 00 00 00 00 00 00 00 00 00 00 00 00 00 00 00 00 00 00 00 00 00 00 00 00 00 00 4D E8 AF B0 7E
[ 20160][16:42:20.164]7E FF 02 FF BE B5 39 0A 31 01 22 00 87 32 F9 DC 00 49 00 94 00 01 00 01 8D DD 2E 01 F0 FF 00 C8 14 B6 46 00 04 67 3E 10 00 FF 2F 0A 4B 3E 00 34 88 11 00 00 2A 00 00 01 00 00 00 21 01 18 01 44 55 00 00 05 46 46 54 01 00 00 00 01 00 01 01 2B A3 38 29 00 7D 00 00 C9 00 00 00 01 00 00 00 00 00 00 00 00 00 00 00 00 00 00 00 D2 48 10 60 00 00 00 00 00 00 00 00 00 00 00 00 00 00 00 00 00 00 00 00 00 00 00 00 00 00 00 00 00 00 00 00 00 00 00 00 00 00 00 00 00 00 00 00 00 00 00 00 00 00 00 00 00 00 00 00 00 00 00 00 32 07 D2 09 7E
[ 20161][16:42:20.179]7E FF 02 FF BF B5 EB 09 31 01 28 03 6A E2 01 DD 00 49 00 94 00 01 00 01 8D DD 2E 01 F0 FF 00 C8 14 B6 46 00 04 67 3E 10 00 FF 2F 0A 4B 3E 00 34 88 11 00 00 2A 00 00 01 00 00 00 21 01 18 01 44 55 00 00 05 46 46 54 01 00 00 00 01 00 01 01 2B A3 38 29 00 7D 00 00 C9 00 00 00 01 00 00 00 00 00 00 00 00 00 00 00 00 00 00 00 D2 48 10 60 00 00 00 00 00 00 00 00 00 00 00 00 00 00 00 00 00 00 00 00 00 00 00 00 00 00 00 00 00 00 00 00 00 00 00 00 00 00 00 00 00 00 00 00 00 00 00 00 00 00 00 00 00 00 00 00 00 00 00 00 97 81 4B 14 7E
[ 20162][16:42:20.209]7E FF 02 FF C0 B5 07 0A 31 01 08 01 7F 5B 0C DD 00 49 00 94 00 01 00 01 8D DD 2E 01 F0 FF 00 C8 14 B6 46 00 04 67 3E 10 00 FF 2F 0A 4B 3E 00 34 88 11 00 00 2A 00 00 01 00 00 00 21 01 18 01 44 55 00 00 05 46 46 54 01 00 00 00 01 00 01 01 2B A3 38 29 00 7D 00 00 C9 00 00 00 01 00 00 00 00 00 00 00 00 00 00 00 00 00 00 00 D2 48 10 60 00 00 00 00 00 00 00 00 00 00 00 00 00 00 00 00 00 00 00 00 00 00 00 00 00 00 00 00 00 00 00 00 00 00 00 00 00 00 00 00 00 00 00 00 00 00 00 00 00 00 00 00 00 00 00 00 00 00 00 00 C6 59 4D FD 7E
[ 20163][16:42:20.223]7E FF 02 FF C1 B5 7D 0A 31 01 03 01 4C 39 13 DD 00 49 00 94 00 01 00 01 8D DD 2E 01 F0 FF 00 C8 14 B6 46 00 04 67 3E 10 00 FF 2F 0A 4B 3E 00 34 88 11 00 00 2A 00 00 01 00 00 00 21 01 18 01 44 55 00 00 05 46 46 54 01 00 00 00 01 00 01 01 2B A3 38 29 00 7D 00 00 C9 00 00 00 01 00 00 00 00 00 00 00 00 00 00 00 00 00 00 00 D2 48 10 60 00 00 00 00 00 00 00 00 00 00 00 00 00 00 00 00 00 00 00 00 00 00 00 00 00 00 00 00 00 00 00 00 00 00 00 00 00 00 00 00 00 00 00 00 00 00 00 00 00 00 00 00 00 00 00 00 00 00 00 00 4B 52 CE 9C 7E
[ 20164][16:42:20.254]7E FF 02 FF C2 B5 99 0A 31 01 A1 01 EE F6 1D DD 00 49 00 94 00 01 00 01 8D DD 2E 01 F0 FF 00 C8 14 B6 46 00 04 67 3E 10 00 FF 2F 0A 4B 3E 00 34 88 11 00 00 2A 00 00 01 00 00 00 21 01 18 01 44 55 00 00 05 46 46 54 01 00 00 00 01 00 01 01 2B A3 38 29 00 7D 00 00 C9 00 00 00 01 00 00 00 00 00 00 00 00 00 00 00 00 00 00 00 D2 48 10 60 00 00 00 00 00 00 00 00 00 00 00 00 00 00 00 00 00 00 00 00 00 00 00 00 00 00 00 00 00 00 00 00 00 00 00 00 00 00 00 00 00 00 00 00 00 00 00 00 00 00 00 00 00 00 00 00 00 00 00 00 E1 F0 E2 9C 7E
[ 20165][16:42:20.284]7E FF 02 FF C3 B5 54 0A 31 01 71 00 AC AC 29 DD 00 49 00 94 00 01 00 01 8D DD 2E 01 F0 FF 00 C8 14 B6 46 00 04 67 3E 10 00 FF 2F 0A 4B 3E 00 34 88 11 00 00 2A 00 00 01 00 00 00 21 01 18 01 44 55 00 00 05 46 46 54 01 00 00 00 01 00 01 01 2B A3 38 29 00 7D 00 00 C9 00 00 00 01 00 00 00 00 00 00 00 00 00 00 00 00 00 00 00 D2 48 10 60 00 00 00 00 00 00 00 00 00 00 00 00 00 00 00 00 00 00 00 00 00 00 00 00 00 00 00 00 00 00 00 00 00 00 00 00 00 00 00 00 00 00 00 00 00 00 00 00 00 00 00 00 00 00 00 00 00 00 00 00 DF 3F 03 61 7E
[ 20166][16:42:20.359]7E FF 02 FF C4 B5 B7 0A 31 01 36 01 CC 89 4F DD 00 49 00 10 00 01 00 02 8D DD 2E 10 01 E0 02 01 02 0B 00 00 27 BE AC 6F C6 EA F5 7E
[ 20167][16:42:20.418]7E FF 02 FF C5 B5 4E 0B 31 01 CC 00 43 F4 62 DD 00 49 00 10 00 01 00 02 8D DD 2E 10 01 E0 02 01 03 0C 00 00 34 8E E0 C2 9B FE D5 7E
[ 20168][16:42:20.463]7E FF 02 FF C6 B5 64 0B 31 01 85 03 A2 96 6B DD 00 49 00 94 00 01 00 01 8D DD 2E 01 E0 02 00 16 15 B6 40 00 47 DB B7 10 00 71 00 0A 4E 3E 00 34 88 FF 00 00 2A 00 00 01 00 00 00 00 19 01 15 00 45 00 00 05 46 46 54 01 00 00 50 71 00 01 01 2B A3 38 29 00 7D 00 00 21 00 00 00 01 00 00 00 00 00 00 00 00 00 00 00 00 00 00 00 61 F0 D6 2D 00 00 00 00 00 00 00 00 00 00 00 00 00 00 00 00 00 00 00 00 00 00 00 00 00 00 00 00 00 00 00 00 00 00 00 00 00 00 00 00 00 00 00 00 00 00 00 00 00 00 00 00 00 00 00 00 00 00 00 00 6B A4 73 AB 7E
[ 20169][16:42:20.463]7E FF 02 FF C7 B5 1E 0B 31 01 35 03 17 06 77 DD 00 49 00 10 00 01 00 02 8D DD 2E 10 01 E0 02 01 03 0C 00 00 34 8E E0 BF 39 6A 72 7E
[ 20170][16:42:20.645]7E FF 02 FF C8 B5 0E 0C 31 01 B0 00 38 29 AC DD 00 49 00 14 01 01 00 01 EC A8 22 5F F0 FF 00 34 18 60 C3 00 50 E4 B7 F0 05 FF 2F 01 EC 00 00 C8 F0 11 00 00 D5 00 00 08 00 00 00 5F 10 00 11 01 23 01 00 00 13 00 00 90 98 01 63 01 02 31 46 8F 00 0B 01 32 00 13 00 46 00 00 00 01 30 FE FF FD FF FF FF FF FF FF FF FF 7F FF FF FF FF FF FF 03 00 00 00 00 00 00 00 00 00 00 00 00 00 00 00 00 00 00 00 00 00 00 00 00 00 00 00 00 00 00 00 00 00 00 00 00 00 00 00 00 00 00 00 00 00 00 00 00 00 00 00 00 00 00 00 00 00 00 00 00 00 00 00 00 00 00 00 00 00 00 00 00 00 00 00 00 00 00 00 00 00 00 00 00 00 00 00 00 00 00 00 00 00 00 00 00 00 00 00 00 00 00 00 00 00 00 00 00 00 00 00 00 00 00 00 00 00 00 00 00 00 00 00 00 00 00 00 00 00 00 00 00 00 00 00 00 00 00 00 00 00 00 00 CA 97 3A D9 00 00 00 00 00 00 00 00 00 00 00 00 00 00 00 00 00 00 00 00 00 00 00 00 00 00 00 00 00 00 00 00 00 00 00 00 00 00 00 00 C7 40 5F 59 7E
[ 20171][16:42:20.645]7E FF 02 FF C9 B5 26 0C 31 01 C3 01 B6 71 B5 DD 00 49 00 10 00 01 00 03 EC A8 22 E3 01 6F 01 8D DD 2E 20 02 59 BF 22 33 90 EE A4 7E
[ 20172][16:42:20.690]7E FF 02 FF CA B5 FE 0B 31 01 13 03 4B 76 CC DD 00 49 00 10 00 01 00 02 8D DD 2E 10 01 20 1A 01 02 0D 00 00 12 DE B8 83 6C 7F 32 7E
[ 20173][16:42:21.049]7E FF 02 FF CB B5 A3 0D 31 01 BE 00 C0 AA 46 DE 00 3B 02 15 01 01 00 00 EC A8 22 4D 24 C3 1A 01 B0 B0 02 00 06 2D 34 CA D5 00 00 90 98 01 63 18 01 00 00 20 02 00 00 00 00 00 00 05 00 0F 01 00 00 64 00 00 90 98 01 63 04 00 00 01 0A C8 00 1F 00 3C 00 3C 00 06 0A 73 07 00 00 23 32 BE 1A C0 47 00 12 33 00 05 17 32 00 00 00 00 E6 AF C1 1A 1D 27 00 00 17 00 02 10 09 10 23 10 24 10 3D 10 4F 00 50 00 51 00 52 00 53 00 54 00 55 00 56 00 57 00 58 00 59 00 5A 00 5B 80 4C 1D 00 01 F4 01 00 02 DC 05 00 03 03 04 32 05 7A 00 7B 00 7C 00 7E 00 7F 00 80 00 81 00 83 00 84 00 85 00 87 00 89 00 8A 00 8D 00 82 00 8C 00 8E 00 88 00 7D 00 86 00 8B 00 8F 00 90 00 91 00 17 00 1D 00 2C 00 2A 00 1B 00 08 00 0C 00 06 80 04 29 00 01 F4 01 00 02 C4 09 00 03 03 04 32 05 57 00 58 00 59 00 5A 00 5B 00 5C 00 5D 00 5E 00 5F 00 60 00 61 00 62 00 63 00 64 00 65 80 1C 25 00 01 F4 01 00 02 DC 05 00 03 03 04 32 05 3A DA 4E 0C D3 5B 4D EC 7E
[ 20174][16:42:21.064]7E FF 02 FF CC B5 B8 0D 31 01 AC 02 16 DC 4E DE 00 3E 02 15 01 01 00 00 EC A8 22 A1 55 CB 1A 01 B0 B0 04 00 FF 59 49 CA D5 00 00 90 98 01 63 18 01 00 00 20 02 00 00 00 00 00 00 05 00 0F 01 00 00 64 00 00 90 98 01 63 04 00 00 01 0A C8 00 1F 00 3C 00 3C 00 06 0A 73 07 00 00 23 32 BE 1A C0 47 00 12 33 00 05 17 32 00 00 00 00 E6 AF C1 1A 1D 27 00 00 17 00 02 10 09 10 23 10 24 10 3D 10 4F 00 50 00 51 00 52 00 53 00 54 00 55 00 56 00 57 00 58 00 59 00 5A 00 5B 80 4C 1D 00 01 F4 01 00 02 DC 05 00 03 03 04 32 05 7A 00 7B 00 7C 00 7E 00 7F 00 80 00 81 00 83 00 84 00 85 00 87 00 89 00 8A 00 8D 00 82 00 8C 00 8E 00 88 00 7D 00 86 00 8B 00 8F 00 90 00 91 00 17 00 1D 00 2C 00 2A 00 1B 00 08 00 0C 00 06 80 04 29 00 01 F4 01 00 02 C4 09 00 03 03 04 32 05 57 00 58 00 59 00 5A 00 5B 00 5C 00 5D 00 5E 00 5F 00 60 00 61 00 62 00 63 00 64 00 65 80 1C 25 00 01 F4 01 00 02 DC 05 00 03 03 04 32 05 3A DA 4E 0C 28 90 A0 53 7E
[ 20175][16:42:21.109]7E FF 02 FF CD B5 6B 0D 31 01 09 02 5F 92 57 DE 00 3E 02 15 01 01 00 00 EC A8 22 EC 0B D4 1A 01 B0 B0 06 00 D0 F2 2D CA D5 00 00 90 98 01 63 18 01 00 00 20 02 00 00 00 00 00 00 05 00 0F 01 00 00 64 00 00 90 98 01 63 04 00 00 01 0A C8 00 1F 00 3C 00 3C 00 06 0A 73 07 00 00 23 32 BE 1A C0 47 00 12 33 00 05 17 32 00 00 00 00 E6 AF C1 1A 1D 27 00 00 17 00 02 10 09 10 23 10 24 10 3D 10 4F 00 50 00 51 00 52 00 53 00 54 00 55 00 56 00 57 00 58 00 59 00 5A 00 5B 80 4C 1D 00 01 F4 01 00 02 DC 05 00 03 03 04 32 05 7A 00 7B 00 7C 00 7E 00 7F 00 80 00 81 00 83 00 84 00 85 00 87 00 89 00 8A 00 8D 00 82 00 8C 00 8E 00 88 00 7D 00 86 00 8B 00 8F 00 90 00 91 00 17 00 1D 00 2C 00 2A 00 1B 00 08 00 0C 00 06 80 04 29 00 01 F4 01 00 02 C4 09 00 03 03 04 32 05 57 00 58 00 59 00 5A 00 5B 00 5C 00 5D 00 5E 00 5F 00 60 00 61 00 62 00 63 00 64 00 65 80 1C 25 00 01 F4 01 00 02 DC 05 00 03 03 04 32 05 3A DA 4E 0C 4B 1E 62 ED 7E
[ 20176][16:42:21.124]7E FF 02 FF CE B5 81 0D 31 01 C6 01 0D F0 5F DE 00 49 01 15 01 01 00 00 EC A8 22 E4 6A DC 1A 02 B0 B0 04 00 10 56 BC C9 D5 00 00 90 98 01 63 18 01 00 00 20 02 00 00 00 00 00 00 05 00 0F 02 10 00 42 01 18 01 00 00 03 12 02 02 01 0A C8 00 1F 00 3C 00 3C 00 06 0A 73 07 00 00 23 32 BE 1A C0 47 00 12 33 00 05 17 32 00 00 00 00 E6 AF C1 1A 1D 27 00 00 17 00 02 10 09 10 23 10 24 10 3D 10 4F 00 50 00 51 00 52 00 53 00 54 00 55 00 56 00 57 00 58 00 59 00 5A 00 5B 80 4C 1D 00 01 F4 01 00 02 DC 05 00 03 03 04 32 05 7A 00 7B 00 7C 00 7E 00 7F 00 80 00 81 00 83 00 84 00 85 00 87 00 89 00 8A 00 8D 00 82 00 8C 00 8E 00 88 00 7D 00 86 00 8B 00 8F 00 90 00 91 00 17 00 1D 00 2C 00 2A 00 1B 00 08 00 0C 00 06 80 04 29 00 01 F4 01 00 02 C4 09 00 03 03 04 32 05 57 00 58 00 59 00 5A 00 5B 00 5C 00 5D 00 5E 00 5F 00 60 00 61 00 62 00 63 00 64 00 65 80 1C 25 00 01 F4 01 00 02 DC 05 00 03 03 04 32 05 7E 7C 62 66 F6 5C 7D 5A 7E
[ 20177][16:42:21.154]7E FF 02 FF CF B5 FC 0D 31 01 BB 01 B5 B5 68 DE 00 49 01 15 01 01 00 00 EC A8 22 85 30 E5 1A 09 B0 B0 02 00 7A DE 04 C9 D5 00 00 90 98 01 63 18 01 00 00 20 02 00 00 00 00 00 00 05 00 0F 09 10 00 44 01 21 01 00 00 19 12 02 01 01 0A C8 00 1F 00 3C 00 3C 00 06 0A 73 07 00 00 23 32 BE 1A C0 47 00 12 33 00 05 17 32 00 00 00 00 E6 AF C1 1A 1D 27 00 00 17 00 02 10 09 10 23 10 24 10 3D 10 4F 00 50 00 51 00 52 00 53 00 54 00 55 00 56 00 57 00 58 00 59 00 5A 00 5B 80 4C 1D 00 01 F4 01 00 02 DC 05 00 03 03 04 32 05 7A 00 7B 00 7C 00 7E 00 7F 00 80 00 81 00 83 00 84 00 85 00 87 00 89 00 8A 00 8D 00 82 00 8C 00 8E 00 88 00 7D 00 86 00 8B 00 8F 00 90 00 91 00 17 00 1D 00 2C 00 2A 00 1B 00 08 00 0C 00 06 80 04 29 00 01 F4 01 00 02 C4 09 00 03 03 04 32 05 57 00 58 00 59 00 5A 00 5B 00 5C 00 5D 00 5E 00 5F 00 60 00 61 00 62 00 63 00 64 00 65 80 1C 25 00 01 F4 01 00 02 DC 05 00 03 03 04 32 05 86 2A 10 E1 F0 8B CF EA 7E
[ 20178][16:42:21.183]7E FF 02 FF D0 B5 C6 0D 31 01 B0 01 6D 40 7A DE 00 49 01 15 01 01 00 00 EC A8 22 44 BB F6 1A 24 B0 B0 02 00 92 7C 42 C9 D5 00 00 90 98 01 63 18 01 00 00 20 02 00 00 00 00 00 00 05 00 0F 24 10 00 44 01 23 01 00 00 06 12 02 01 01 0A C8 00 1F 00 3C 00 3C 00 06 0A 73 07 00 00 23 32 BE 1A C0 47 00 12 33 00 05 17 32 00 00 00 00 E6 AF C1 1A 1D 27 00 00 17 00 02 10 09 10 23 10 24 10 3D 10 4F 00 50 00 51 00 52 00 53 00 54 00 55 00 56 00 57 00 58 00 59 00 5A 00 5B 80 4C 1D 00 01 F4 01 00 02 DC 05 00 03 03 04 32 05 7A 00 7B 00 7C 00 7E 00 7F 00 80 00 81 00 83 00 84 00 85 00 87 00 89 00 8A 00 8D 00 82 00 8C 00 8E 00 88 00 7D 00 86 00 8B 00 8F 00 90 00 91 00 17 00 1D 00 2C 00 2A 00 1B 00 08 00 0C 00 06 80 04 29 00 01 F4 01 00 02 C4 09 00 03 03 04 32 05 57 00 58 00 59 00 5A 00 5B 00 5C 00 5D 00 5E 00 5F 00 60 00 61 00 62 00 63 00 64 00 65 80 1C 25 00 01 F4 01 00 02 DC 05 00 03 03 04 32 05 36 5B B5 97 5B 76 CD AC 7E
[ 20179][16:42:21.243]7E FF 02 FF D1 B5 6F 0E 31 01 B8 01 96 94 94 DE 00 49 01 15 01 01 00 00 EC A8 22 74 0F 11 1B 50 B0 B0 06 00 C2 C9 E5 C8 D5 00 00 90 98 01 63 18 01 00 00 20 02 00 00 00 00 00 00 05 00 0F 50 10 00 50 01 15 01 00 00 02 11 03 03 01 0A C8 00 1F 00 3C 00 3C 00 06 0A 73 07 00 00 23 32 BE 1A C0 23 00 12 33 00 05 17 32 00 00 00 00 E6 AF C1 1A 1D 27 00 00 17 00 4C 1D 00 01 F4 01 00 02 DC 05 00 03 03 04 32 05 52 00 53 00 54 00 55 00 56 00 57 00 58 00 59 00 5A 00 5B 80 4C 1D 00 01 F4 01 00 02 DC 05 00 03 03 04 32 05 7A 00 7B 00 7C 00 7E 00 7F 00 80 00 81 00 83 00 84 00 85 00 87 00 89 00 8A 00 8D 00 82 00 8C 00 8E 00 88 00 7D 00 86 00 8B 00 8F 00 90 00 91 00 17 00 1D 00 2C 00 2A 00 1B 00 08 00 0C 00 06 80 04 29 00 01 F4 01 00 02 C4 09 00 03 03 04 32 05 57 00 58 00 59 00 5A 00 5B 00 5C 00 5D 00 5E 00 5F 00 60 00 61 00 62 00 63 00 64 00 65 80 1C 25 00 01 F4 01 00 02 DC 05 00 03 03 04 32 05 C1 C8 EA 07 28 0C 19 81 7E
[ 20180][16:42:21.349]7E FF 02 FF D2 B5 95 0E 31 01 87 01 A0 38 C9 DE 00 49 01 10 00 01 00 02 8D DD 2E 01 01 F0 0C 01 00 0E 00 00 10 0D 38 E4 46 4D 46 7E
[ 20181][16:42:21.498]7E FF 02 FF D3 B5 08 0F 31 01 B0 01 77 17 F5 DE 00 49 01 15 01 01 00 00 EC A8 22 40 92 71 1B 5B B0 B0 02 00 01 E4 8F C8 D5 00 00 90 98 01 63 18 01 00 00 20 02 00 00 00 00 00 00 05 00 0F 5B 10 00 46 01 23 01 00 00 15 11 02 01 01 0A C8 00 1F 00 3C 00 3C 00 06 0A 73 07 00 00 23 32 BE 1A C0 23 00 12 33 00 05 17 32 00 00 00 00 E6 AF C1 1A 1D 27 00 00 17 00 4C 1D 00 01 F4 01 00 02 DC 05 00 03 03 04 32 05 52 00 53 00 54 00 55 00 56 00 57 00 58 00 59 00 5A 00 5B 80 4C 1D 00 01 F4 01 00 02 DC 05 00 03 03 04 32 05 7A 00 7B 00 7C 00 7E 00 7F 00 80 00 81 00 83 00 84 00 85 00 87 00 89 00 8A 00 8D 00 82 00 8C 00 8E 00 88 00 7D 00 86 00 8B 00 8F 00 90 00 91 00 17 00 1D 00 2C 00 2A 00 1B 00 08 00 0C 00 06 80 04 29 00 01 F4 01 00 02 C4 09 00 03 03 04 32 05 57 00 58 00 59 00 5A 00 5B 00 5C 00 5D 00 5E 00 5F 00 60 00 61 00 62 00 63 00 64 00 65 80 1C 25 00 01 F4 01 00 02 DC 05 00 03 03 04 32 05 77 84 CF 24 E1 BE F2 39 7E
[ 20182][16:42:21.498]7E FF 02 FF D4 B5 13 0F 31 01 A2 00 10 33 F9 DE 00 49 01 10 00 01 00 02 8D DD 2E 10 01 90 06 01 00 0E 00 00 99 3C 6E 6E FD 56 71 7E
[ 20183][16:42:21.513]7E FF 02 FF D5 B5 19 0F 31 01 58 02 27 AA FB DE 00 49 01 10 00 01 00 02 8D DD 2E 01 01 F0 0C 01 00 0E 00 00 10 0D 38 05 8E B2 FC 7E
[ 20184][16:42:21.528]7E FF 02 FF D6 B5 A2 0F 31 01 94 03 4C E6 09 DF 00 49 01 10 00 01 00 02 EC A8 22 10 0C 00 00 01 03 01 00 00 14 39 DE 8E 74 CA FA 7E
[ 20185][16:42:21.558]7E FF 02 FF D7 B5 AF 0F 31 01 21 03 31 C9 0E DF 00 49 01 94 00 01 00 01 EC A8 22 0C 10 00 00 16 15 B6 40 00 9E EB 75 C0 00 01 00 04 28 01 00 5C C8 EF 00 00 D5 00 00 00 00 00 00 01 23 01 00 00 16 0C 00 1D 00 00 00 00 00 00 00 01 03 00 05 6B 23 46 27 06 00 00 38 FF FF FF FF FF FF FF FF FF FF 23 05 10 19 01 01 03 43 9A 33 43 46 38 46 21 10 21 10 00 00 00 00 2F 00 00 00 FF FF FF FF FF FF FF FF FF FF FF FF FF FF FF FF FF FF FF FF FF FF FF FF 9C BB C2 34 00 00 00 00 00 00 00 00 00 00 00 00 00 00 00 00 00 00 00 00 9F 22 12 9A 7E
[ 20186][16:42:21.558]7E FF 02 FF D8 B5 56 0F 31 01 A2 03 A1 0D 13 DF 00 49 01 10 00 01 00 02 EC A8 22 10 01 C0 00 01 02 00 00 00 98 A3 36 4F 3A C7 5D 7E
[ 20187][16:42:21.949]7E FF 02 FF D9 B5 E5 10 31 01 21 02 58 1D AB DF 00 49 01 10 00 01 00 02 8D DD 2E 10 01 90 04 01 02 0E 00 00 39 AC 2C 1F A0 D8 C3 7E
[ 20188][16:42:22.022]7E FF 02 FF DA B5 84 11 31 01 11 03 57 B0 C1 DF 00 3E 03 94 00 01 00 01 EC A8 22 01 C0 00 01 16 15 B6 40 00 04 29 58 10 00 0C 00 05 D2 01 00 34 88 FF 00 00 D5 00 00 01 00 00 00 01 23 01 00 00 16 00 00 90 98 01 63 0A 02 11 40 0C 00 01 01 6B 23 46 27 E1 93 04 00 2F 00 00 00 CD 01 00 00 00 00 00 00 00 00 00 00 00 00 00 00 8E 34 51 79 00 00 00 00 00 00 00 00 00 00 00 00 00 00 00 00 00 00 00 00 00 00 00 00 00 00 00 00 00 00 00 00 00 00 00 00 00 00 00 00 00 00 00 00 00 00 00 00 00 00 00 00 00 00 00 00 00 00 00 00 DA 1B 8A 56 7E
[ 20189][16:42:22.036]7E FF 02 FF DB B5 8F 11 31 01 3D 03 5A EC C5 DF 00 3E 03 10 00 01 00 02 EC A8 22 10 0C 10 00 01 02 01 00 00 80 69 DC 4C 65 2F 22 7E
[ 20190][16:42:22.051]7E FF 02 FF DC B5 9E 11 31 01 FB 02 98 97 CB DF 00 49 01 94 00 01 00 01 EC A8 22 0C F0 FF 00 C8 14 B6 42 00 2A F9 E2 C0 00 FF 2F 05 29 01 00 34 C8 EF 00 00 D5 00 00 01 00 00 00 01 23 01 00 00 16 00 00 90 98 01 63 0A 02 11 40 0C 00 01 01 6B 23 46 27 E1 93 04 00 2F 00 00 00 CD 01 00 00 00 00 00 00 00 00 00 00 00 00 00 00 8E 34 51 79 00 00 00 00 00 00 00 00 00 00 00 00 00 00 00 00 00 00 00 00 00 00 00 00 00 00 00 00 00 00 00 00 00 00 00 00 00 00 00 00 00 00 00 00 00 00 00 00 00 00 00 00 00 00 00 00 00 00 00 00 80 5A D0 6C 7E
[ 20191][16:42:22.066]7E FF 02 FF DD B5 4B 11 31 01 7B 01 EE EF D1 DF 00 40 02 94 00 01 00 01 EC A8 22 01 C0 00 01 16 15 B6 44 00 15 2B DC 10 00 0C 00 05 D2 01 00 34 88 FF 00 00 D5 00 00 01 00 00 00 01 23 01 00 00 16 00 00 90 98 01 63 0A 02 11 40 0C 00 01 01 6B 23 46 27 E1 93 04 00 2F 00 00 00 CD 01 00 00 00 00 00 00 00 00 00 00 00 00 00 00 8E 34 51 79 00 00 00 00 00 00 00 00 00 00 00 00 00 00 00 00 00 00 00 00 00 00 00 00 00 00 00 00 00 00 00 00 00 00 00 00 00 00 00 00 00 00 00 00 00 00 00 00 00 00 00 00 00 00 00 00 00 00 00 00 52 60 BB 62 7E
[ 20192][16:42:22.066]7E FF 02 FF DE B5 56 11 31 01 F9 01 00 34 D6 DF 00 40 02 10 00 01 00 02 EC A8 22 10 0C 10 00 01 03 02 00 00 91 19 98 33 84 FB 7E 7E
[ 20193][16:42:22.111]7E FF 02 FF DF B5 5E 11 31 01 A0 03 F9 65 D9 DF 00 49 00 14 01 01 00 01 EC A8 22 39 F0 FF 00 34 18 60 C3 00 3A E4 E7 90 03 FF 2F 01 C3 00 00 C8 A0 11 00 00 D5 00 00 08 00 00 00 39 10 00 11 01 12 01 00 00 04 00 00 90 98 01 63 03 03 64 64 8F 00 11 01 25 00 13 00 48 00 00 00 01 30 FE FF FD FF FF FF FF FD FF FF FF FF FF FF FF FF FF FF 03 10 0E 10 10 10 10 11 10 10 10 11 10 0F 11 10 11 11 10 10 11 11 11 11 11 11 11 11 10 10 10 11 11 11 10 10 10 10 11 11 0F 10 11 10 11 11 10 11 11 11 11 11 10 0F 11 10 10 10 10 11 11 10 00 00 00 00 00 00 00 00 00 00 00 00 00 00 00 00 00 00 00 00 00 00 00 00 00 00 00 00 00 00 00 00 00 00 00 00 00 00 00 00 00 00 00 00 00 00 00 00 00 00 00 00 00 00 00 00 00 00 00 00 00 00 00 00 00 00 00 00 00 00 00 00 00 00 00 00 00 00 00 00 00 00 BD 57 9D C2 00 00 00 00 00 00 00 00 00 00 00 00 00 00 00 00 00 00 00 00 00 00 00 00 00 00 00 00 00 00 00 00 00 00 00 00 00 00 00 00 B5 9D CD 87 7E
[ 20194][16:42:22.126]7E FF 02 FF E0 B5 DC 11 31 01 B0 02 89 38 E3 DF 00 49 00 94 00 01 00 01 EC A8 22 0C F0 FF 00 C8 14 B6 46 00 3B FB 66 C0 00 FF 2F 05 29 01 00 34 C8 EF 00 00 D5 00 00 01 00 00 00 01 23 01 00 00 16 00 00 90 98 01 63 0A 02 11 40 0C 00 01 01 6B 23 46 27 E1 93 04 00 2F 00 00 00 CD 01 00 00 00 00 00 00 00 00 00 00 00 00 00 00 8E 34 51 79 00 00 00 00 00 00 00 00 00 00 00 00 00 00 00 00 00 00 00 00 00 00 00 00 00 00 00 00 00 00 00 00 00 00 00 00 00 00 00 00 00 00 00 00 00 00 00 00 00 00 00 00 00 00 00 00 00 00 00 00 D4 1E C7 AD 7E
[ 20195][16:42:22.141]7E FF 02 FF E1 B5 F7 11 31 01 23 02 F1 76 ED DF 00 49 01 94 00 01 00 01 EC A8 22 0C F0 FF 00 C8 14 B6 46 00 3B FB 66 C0 00 FF 2F 05 29 01 00 34 C8 EF 00 00 D5 00 00 01 00 00 00 01 23 01 00 00 16 00 00 90 98 01 63 0A 02 11 40 0C 00 01 01 6B 23 46 27 E1 93 04 00 2F 00 00 00 CD 01 00 00 00 00 00 00 00 00 00 00 00 00 00 00 8E 34 51 79 00 00 00 00 00 00 00 00 00 00 00 00 00 00 00 00 00 00 00 00 00 00 00 00 00 00 00 00 00 00 00 00 00 00 00 00 00 00 00 00 00 00 00 00 00 00 00 00 00 00 00 00 00 00 00 00 00 00 00 00 E9 91 00 F1 7E
[ 20196][16:42:22.141]7E FF 02 FF E2 B5 0A 12 31 01 CC 01 4A B4 F4 DF 00 49 01 10 00 01 00 02 8D DD 2E 01 01 40 0A 01 00 0E 00 00 3D 89 6C EC 24 EA 77 7E
[ 20197][16:42:22.171]7E FF 02 FF E3 B5 AB 11 31 01 9E 02 9D AC F6 DF 00 49 01 94 00 01 00 01 EC A8 22 0C F0 FF 00 C8 14 B6 46 00 3B FB 66 C0 00 FF 2F 05 29 01 00 34 C8 EF 00 00 D5 00 00 01 00 00 00 01 23 01 00 00 16 00 00 90 98 01 63 0A 02 11 40 0C 00 01 01 6B 23 46 27 E1 93 04 00 2F 00 00 00 CD 01 00 00 00 00 00 00 00 00 00 00 00 00 00 00 8E 34 51 79 00 00 00 00 00 00 00 00 00 00 00 00 00 00 00 00 00 00 00 00 00 00 00 00 00 00 00 00 00 00 00 00 00 00 00 00 00 00 00 00 00 00 00 00 00 00 00 00 00 00 00 00 00 00 00 00 00 00 00 00 A9 88 DD 88 7E
[ 20198][16:42:22.186]7E FF 02 FF E4 B5 C0 11 31 01 91 02 A9 AC FE DF 00 49 01 94 00 01 00 01 EC A8 22 0C F0 FF 00 C8 14 B6 46 00 3B FB 66 C0 00 FF 2F 05 29 01 00 34 C8 EF 00 00 D5 00 00 01 00 00 00 01 23 01 00 00 16 00 00 90 98 01 63 0A 02 11 40 0C 00 01 01 6B 23 46 27 E1 93 04 00 2F 00 00 00 CD 01 00 00 00 00 00 00 00 00 00 00 00 00 00 00 8E 34 51 79 00 00 00 00 00 00 00 00 00 00 00 00 00 00 00 00 00 00 00 00 00 00 00 00 00 00 00 00 00 00 00 00 00 00 00 00 00 00 00 00 00 00 00 00 00 00 00 00 00 00 00 00 00 00 00 00 00 00 00 00 7C DF 56 1F 7E
[ 20199][16:42:22.216]7E FF 02 FF E5 B5 D8 11 31 01 23 01 AC B0 07 E0 00 49 01 94 00 01 00 01 EC A8 22 0C F0 FF 00 C8 14 B6 46 00 3B FB 66 C0 00 FF 2F 05 29 01 00 34 C8 EF 00 00 D5 00 00 01 00 00 00 01 23 01 00 00 16 00 00 90 98 01 63 0A 02 11 40 0C 00 01 01 6B 23 46 27 E1 93 04 00 2F 00 00 00 CD 01 00 00 00 00 00 00 00 00 00 00 00 00 00 00 8E 34 51 79 00 00 00 00 00 00 00 00 00 00 00 00 00 00 00 00 00 00 00 00 00 00 00 00 00 00 00 00 00 00 00 00 00 00 00 00 00 00 00 00 00 00 00 00 00 00 00 00 00 00 00 00 00 00 00 00 00 00 00 00 2F 3F 26 DC 7E
[ 20200][16:42:22.231]7E FF 02 FF E6 B5 50 12 31 01 D6 02 77 7C 0F E0 00 49 01 94 00 01 00 01 EC A8 22 0C F0 FF 00 C8 14 B6 46 00 3B FB 66 C0 00 FF 2F 05 29 01 00 34 C8 EF 00 00 D5 00 00 01 00 00 00 01 23 01 00 00 16 00 00 90 98 01 63 0A 02 11 40 0C 00 01 01 6B 23 46 27 E1 93 04 00 2F 00 00 00 CD 01 00 00 00 00 00 00 00 00 00 00 00 00 00 00 8E 34 51 79 00 00 00 00 00 00 00 00 00 00 00 00 00 00 00 00 00 00 00 00 00 00 00 00 00 00 00 00 00 00 00 00 00 00 00 00 00 00 00 00 00 00 00 00 00 00 00 00 00 00 00 00 00 00 00 00 00 00 00 00 A0 B6 75 11 7E
[ 20201][16:42:22.246]7E FF 02 FF E7 B5 64 12 31 01 6A 00 DB E0 16 E0 00 49 01 94 00 01 00 01 EC A8 22 0C F0 FF 00 C8 14 B6 46 00 3B FB 66 C0 00 FF 2F 05 29 01 00 34 C8 EF 00 00 D5 00 00 01 00 00 00 01 23 01 00 00 16 00 00 90 98 01 63 0A 02 11 40 0C 00 01 01 6B 23 46 27 E1 93 04 00 2F 00 00 00 CD 01 00 00 00 00 00 00 00 00 00 00 00 00 00 00 8E 34 51 79 00 00 00 00 00 00 00 00 00 00 00 00 00 00 00 00 00 00 00 00 00 00 00 00 00 00 00 00 00 00 00 00 00 00 00 00 00 00 00 00 00 00 00 00 00 00 00 00 00 00 00 00 00 00 00 00 00 00 00 00 B4 97 47 1D 7E
[ 20202][16:42:22.276]7E FF 02 FF E8 B5 15 12 31 01 4B 02 88 12 1F E0 00 49 01 94 00 01 00 01 EC A8 22 0C F0 FF 00 C8 14 B6 46 00 3B FB 66 C0 00 FF 2F 05 29 01 00 34 C8 EF 00 00 D5 00 00 01 00 00 00 01 23 01 00 00 16 00 00 90 98 01 63 0A 02 11 40 0C 00 01 01 6B 23 46 27 E1 93 04 00 2F 00 00 00 CD 01 00 00 00 00 00 00 00 00 00 00 00 00 00 00 8E 34 51 79 00 00 00 00 00 00 00 00 00 00 00 00 00 00 00 00 00 00 00 00 00 00 00 00 00 00 00 00 00 00 00 00 00 00 00 00 00 00 00 00 00 00 00 00 00 00 00 00 00 00 00 00 00 00 00 00 00 00 00 00 B7 AF 41 C3 7E
[ 20203][16:42:22.291]7E FF 02 FF E9 B5 22 12 31 01 61 02 54 0A 24 E0 00 49 00 94 00 01 00 01 8D DD 2E 01 10 10 00 16 15 B6 40 00 24 67 AB 10 00 01 01 0A 38 3E 00 34 88 FF 00 00 2A 00 00 01 00 00 00 21 01 18 01 65 95 00 00 05 46 46 54 01 00 00 50 01 01 01 01 2B A3 38 29 00 A0 0F 00 4D 00 00 00 01 00 00 00 00 00 00 00 00 00 00 00 00 00 00 00 3A B0 DC F1 00 00 00 00 00 00 00 00 00 00 00 00 00 00 00 00 00 00 00 00 00 00 00 00 00 00 00 00 00 00 00 00 00 00 00 00 00 00 00 00 00 00 00 00 00 00 00 00 00 00 00 00 00 00 00 00 00 00 00 00 65 CD C6 B9 7E
[ 20204][16:42:22.306]7E FF 02 FF EA B5 2F 12 31 01 74 03 C4 19 29 E0 00 49 01 94 00 01 00 01 EC A8 22 0C F0 FF 00 C8 14 B6 46 00 3B FB 66 C0 00 FF 2F 05 29 01 00 34 C8 EF 00 00 D5 00 00 01 00 00 00 01 23 01 00 00 16 00 00 90 98 01 63 0A 02 11 40 0C 00 01 01 6B 23 46 27 E1 93 04 00 2F 00 00 00 CD 01 00 00 00 00 00 00 00 00 00 00 00 00 00 00 8E 34 51 79 00 00 00 00 00 00 00 00 00 00 00 00 00 00 00 00 00 00 00 00 00 00 00 00 00 00 00 00 00 00 00 00 00 00 00 00 00 00 00 00 00 00 00 00 00 00 00 00 00 00 00 00 00 00 00 00 00 00 00 00 C9 A6 1D F0 7E
[ 20205][16:42:22.336]7E FF 02 FF EB B5 B6 12 31 01 1E 03 36 6C 36 E0 00 49 00 94 00 01 00 01 8D DD 2E 01 D0 10 00 16 15 B6 40 00 E2 BF B3 10 00 CF 01 0A 3C 3E 00 34 88 FF 00 00 2A 00 00 01 00 00 00 00 19 01 15 00 05 00 00 05 46 46 54 01 00 00 50 CF 01 01 01 2B A3 38 29 00 7D 00 00 83 00 00 00 01 00 00 00 00 00 00 00 00 00 00 00 00 00 00 00 18 7B 7F 3A 00 00 00 00 00 00 00 00 00 00 00 00 00 00 00 00 00 00 00 00 00 00 00 00 00 00 00 00 00 00 00 00 00 00 00 00 00 00 00 00 00 00 00 00 00 00 00 00 00 00 00 00 00 00 00 00 00 00 00 00 1F 3F 73 5B 7E
[ 20206][16:42:22.381]7E FF 02 FF EC B5 81 12 31 01 86 02 34 4B 48 E0 00 49 00 94 00 01 00 01 8D DD 2E 01 D0 10 00 16 15 B6 44 00 F3 BD 37 10 00 CF 01 0A 3C 3E 00 34 88 FF 00 00 2A 00 00 01 00 00 00 00 19 01 15 00 05 00 00 05 46 46 54 01 00 00 50 CF 01 01 01 2B A3 38 29 00 7D 00 00 83 00 00 00 01 00 00 00 00 00 00 00 00 00 00 00 00 00 00 00 18 7B 7F 3A 00 00 00 00 00 00 00 00 00 00 00 00 00 00 00 00 00 00 00 00 00 00 00 00 00 00 00 00 00 00 00 00 00 00 00 00 00 00 00 00 00 00 00 00 00 00 00 00 00 00 00 00 00 00 00 00 00 00 00 00 64 F3 15 3B 7E
[ 20207][16:42:22.455]7E FF 02 FF ED B5 33 13 31 01 60 01 63 EF 65 E0 00 49 00 94 00 01 00 01 8D DD 2E 01 30 00 00 16 15 B6 40 00 80 53 29 10 00 03 00 0A 3D 3E 00 34 88 FF 00 00 2A 00 00 01 00 00 00 21 01 18 01 32 95 00 00 05 46 46 54 01 00 00 00 03 00 01 01 2B A3 38 29 00 7D 00 00 9E 00 00 00 01 00 00 00 00 00 00 00 00 00 00 00 00 00 00 00 2D F5 D5 05 00 00 00 00 00 00 00 00 00 00 00 00 00 00 00 00 00 00 00 00 00 00 00 00 00 00 00 00 00 00 00 00 00 00 00 00 00 00 00 00 00 00 00 00 00 00 00 00 00 00 00 00 00 00 00 00 00 00 00 00 77 0D 73 BC 7E
[ 20208][16:42:22.485]7E FF 02 FF EE B5 EA 12 31 01 69 01 0F 3D 70 E0 00 49 00 94 00 01 00 01 8D DD 2E 01 30 00 00 16 15 B6 40 00 80 53 29 10 00 03 00 0A 3E 3E 00 34 88 FF 00 00 2A 00 00 01 00 00 00 00 15 79 59 06 17 00 00 05 46 46 54 01 00 00 40 03 00 01 01 2B A3 38 29 00 7D 00 00 12 00 00 00 01 00 00 00 00 00 00 00 00 00 00 00 00 00 00 00 2D 13 81 45 00 00 00 00 00 00 00 00 00 00 00 00 00 00 00 00 00 00 00 00 00 00 00 00 00 00 00 00 00 00 00 00 00 00 00 00 00 00 00 00 00 00 00 00 00 00 00 00 00 00 00 00 00 00 00 00 00 00 00 00 2B E5 0C A3 7E
[ 20209][16:42:22.560]7E FF 02 FF EF B5 45 13 31 01 25 02 91 0E 93 E0 00 49 00 10 00 01 00 03 EC A8 22 E3 01 17 21 8D DD 2E 20 02 8F CC 2C 20 41 20 45 7E
[ 20210][16:42:22.710]7E FF 02 FF F0 B5 CC 13 31 01 73 02 F7 8E C6 E0 00 49 00 94 00 01 00 01 8D DD 2E 01 D0 10 00 16 15 B6 40 00 E2 BF B3 10 00 CF 01 0A 45 3E 00 34 88 FF 00 00 2A 00 00 01 00 00 00 00 19 01 15 00 31 00 00 05 46 46 54 01 00 00 50 CF 01 01 01 2B A3 38 29 00 7D 00 00 EE 00 00 00 01 00 00 00 00 00 00 00 00 00 00 00 00 00 00 00 1E D8 4E 41 00 00 00 00 00 00 00 00 00 00 00 00 00 00 00 00 00 00 00 00 00 00 00 00 00 00 00 00 00 00 00 00 00 00 00 00 00 00 00 00 00 00 00 00 00 00 00 00 00 00 00 00 00 00 00 00 00 00 00 00 1D F9 B4 35 7E
[ 20211][16:42:22.755]7E FF 02 FF F1 B5 5E 14 31 01 B6 02 04 20 D8 E0 00 49 00 94 00 01 00 01 8D DD 2E 01 A0 0B 00 16 15 B6 40 00 4E BA 1B 10 00 CD 01 0A 46 3E 00 34 88 FF 00 00 2A 00 00 01 00 00 00 21 01 18 01 64 73 00 00 05 46 46 54 01 00 00 50 CD 01 01 01 2B A3 38 29 00 7D 00 00 9B 00 00 00 01 00 00 00 00 00 00 00 00 00 00 00 00 00 00 00 27 E3 38 F7 00 00 00 00 00 00 00 00 00 00 00 00 00 00 00 00 00 00 00 00 00 00 00 00 00 00 00 00 00 00 00 00 00 00 00 00 00 00 00 00 00 00 00 00 00 00 00 00 00 00 00 00 00 00 00 00 00 00 00 00 4D 21 E8 28 7E
[ 20212][16:42:22.784]7E FF 02 FF F2 B5 18 14 31 01 E3 01 03 7D E3 E0 00 49 00 94 00 01 00 01 8D DD 2E 01 D0 10 00 16 15 B6 40 00 E2 BF B3 10 00 CF 01 0A 47 3E 00 34 88 FF 00 00 2A 00 00 01 00 00 00 00 15 79 51 27 55 00 00 05 46 46 54 01 00 00 50 CF 01 01 01 2B A3 38 29 00 7D 00 00 17 00 00 00 01 00 00 00 00 00 00 00 00 00 00 00 00 00 00 00 6C B3 58 8C 00 00 00 00 00 00 00 00 00 00 00 00 00 00 00 00 00 00 00 00 00 00 00 00 00 00 00 00 00 00 00 00 00 00 00 00 00 00 00 00 00 00 00 00 00 00 00 00 00 00 00 00 00 00 00 00 00 00 00 00 8A 16 02 96 7E
[ 20213][16:42:22.784]7E FF 02 FF F3 B5 2C 14 31 01 7B 02 29 33 EB E0 00 49 00 10 00 01 00 02 8D DD 2E 10 01 10 04 01 03 08 00 00 0A 08 30 36 49 B6 81 7E
[ 20214][16:42:22.799]7E FF 02 FF F4 B5 9E 14 31 01 C5 00 15 60 F0 E0 00 49 00 10 00 01 00 02 8D DD 2E 10 01 40 0A 01 02 08 00 00 0D 69 78 94 CB 35 3A 7E
[ 20215][16:42:22.889]7E FF 02 FF F5 B5 7A 14 31 01 9F 02 31 F2 08 E1 00 49 00 94 00 01 00 01 8D DD 2E 01 D0 10 00 16 15 B6 44 00 F3 BD 37 10 00 CF 01 0A 47 3E 00 34 88 FF 00 00 2A 00 00 01 00 00 00 00 15 79 51 27 55 00 00 05 46 46 54 01 00 00 50 CF 01 01 01 2B A3 38 29 00 7D 00 00 17 00 00 00 01 00 00 00 00 00 00 00 00 00 00 00 00 00 00 00 6C B3 58 8C 00 00 00 00 00 00 00 00 00 00 00 00 00 00 00 00 00 00 00 00 00 00 00 00 00 00 00 00 00 00 00 00 00 00 00 00 00 00 00 00 00 00 00 00 00 00 00 00 00 00 00 00 00 00 00 00 00 00 00 00 21 5A 90 F0 7E
[ 20216][16:42:22.934]7E FF 02 FF F6 B5 0A 15 31 01 32 02 0D B0 19 E1 00 49 00 94 00 01 00 01 8D DD 2E 01 D0 10 00 16 15 B6 40 00 E2 BF B3 10 00 CF 01 0A 48 3E 00 34 88 FF 00 00 2A 00 00 01 00 00 00 21 01 18 00 99 48 00 00 05 46 46 54 01 00 00 50 CF 01 01 01 2B A3 38 29 00 7D 00 00 8C 00 00 00 01 00 00 00 00 00 00 00 00 00 00 00 00 00 00 00 49 2D E2 12 00 00 00 00 00 00 00 00 00 00 00 00 00 00 00 00 00 00 00 00 00 00 00 00 00 00 00 00 00 00 00 00 00 00 00 00 00 00 00 00 00 00 00 00 00 00 00 00 00 00 00 00 00 00 00 00 00 00 00 00 10 C0 22 B1 7E
[ 20217][16:42:22.934]7E FF 02 FF F7 B5 24 15 31 01 5F 03 9A BE 23 E1 00 49 00 10 00 01 00 02 8D DD 2E 10 01 E0 02 01 01 08 00 00 17 4E 6C 96 9C B0 66 7E
[ 20218][16:42:22.964]7E FF 02 FF F8 B5 CC 14 31 01 8F 00 65 06 28 E1 00 49 00 94 00 01 00 01 8D DD 2E 01 20 1A 01 16 15 B6 40 00 06 13 09 10 00 A2 01 03 51 3E 00 3A 88 FF 08 00 2A 00 00 00 00 05 46 46 54 22 03 23 23 12 47 05 00 00 00 00 00 06 00 A0 01 A2 01 C6 00 00 00 64 1A 00 00 00 00 00 00 00 00 00 00 00 10 00 00 05 46 46 54 01 00 00 50 71 00 01 01 2B A3 38 29 00 7D 00 00 21 00 00 00 01 00 FA 8A A8 81 00 00 00 00 00 00 00 00 00 00 00 00 00 00 00 00 00 00 00 00 00 00 00 00 00 00 00 00 00 00 00 00 00 00 00 00 00 00 00 00 00 00 2C 4D 7E A2 7E
[ 20219][16:42:23.129]7E FF 02 FF F9 B5 E4 15 31 01 5E 01 59 CA 6C E1 00 49 00 10 00 01 00 02 8D DD 2E 10 01 E0 02 01 02 07 00 00 21 7E B4 3C 32 38 FD 7E
[ 20220][16:42:23.173]7E FF 02 FF FA B5 AB 15 31 01 F8 01 07 3B 7D E1 00 49 00 54 00 01 00 01 8D DD 2E 01 10 04 03 5B 13 60 E0 00 8C 0A 09 10 00 30 01 03 54 3E 30 10 88 FF 00 00 2A 00 00 11 08 00 00 01 03 01 00 1E 55 04 61 47 79 15 00 20 45 B1 CB 00 00 00 00 00 00 00 00 00 00 00 00 00 00 00 00 00 00 00 00 00 00 00 00 00 00 00 00 00 00 00 00 F7 FF AD 0C 7E
[ 20221][16:42:23.293]7E FF 02 FF FB B5 18 16 31 01 9C 03 A8 F8 A6 E1 00 49 00 54 00 01 00 01 8D DD 2E 01 10 04 03 5B 13 60 E4 00 9D 08 8D 10 00 30 01 03 54 3E 30 10 88 FF 00 00 2A 00 00 11 08 00 00 01 03 01 00 1E 55 04 61 47 79 15 00 20 45 B1 CB 00 00 00 00 00 00 00 00 00 00 00 00 00 00 00 00 00 00 00 00 00 00 00 00 00 00 00 00 00 00 00 00 AD 4B 05 7B 7E
[ 20222][16:42:23.398]7E FF 02 FF FC B5 F4 16 31 01 60 03 30 BF D4 E1 00 49 00 10 00 01 00 02 8D DD 2E 10 01 E0 02 01 03 07 00 00 30 3E 30 10 FA 34 AA 7E
[ 20223][16:42:23.533]7E FF 02 FF FD B5 79 17 31 01 B4 03 05 84 07 E2 00 49 00 10 00 01 00 02 8D DD 2E 10 01 E0 02 01 03 08 00 00 36 CE E8 24 40 44 97 7E
[ 20224][16:42:23.592]7E FF 02 FF FE B5 25 17 31 01 63 01 5D 5E 0D E2 00 49 01 14 01 01 00 01 EC A8 22 36 F0 FF 00 34 18 60 C3 00 35 E4 17 60 03 FF 2F 01 11 00 00 C7 A0 11 00 00 D5 00 00 08 00 00 00 36 10 00 11 01 12 01 00 00 20 00 00 90 98 01 63 01 02 58 64 8E 00 11 01 25 00 13 00 45 00 00 00 01 30 FE FF FD FF FF FF BF FF FF FF FF FF FF EF FF FF FF FF 03 10 0E 10 0F 10 10 04 10 10 10 11 0F 0D 11 10 11 11 10 07 11 11 11 04 11 11 11 0F 10 10 10 11 11 11 10 10 10 10 11 11 0F 0F 11 10 11 11 10 11 11 11 11 11 10 11 10 11 10 10 10 11 11 10 00 00 00 00 00 00 00 00 00 00 00 00 00 00 00 00 00 00 00 00 00 00 00 00 00 00 00 00 00 00 00 00 00 00 00 00 00 00 00 00 00 00 00 00 00 00 00 00 00 00 00 00 00 00 00 00 00 00 00 00 00 00 00 00 00 00 00 00 00 00 00 00 00 00 00 00 00 00 00 00 00 FE C0 54 FE 00 00 00 00 00 00 00 00 00 00 00 00 00 00 00 00 00 00 00 00 00 00 00 00 00 00 00 00 00 00 00 00 00 00 00 00 00 00 00 00 00 C7 19 CA 18 7E
[ 20225][16:42:23.652]7E FF 02 FF FF B5 95 17 31 01 B5 02 A6 3E 38 E2 00 49 01 10 00 01 00 03 8D DD 2E A0 08 C7 09 B1 50 3B 2A 02 91 D6 26 70 30 5E 44 7E
[ 20226][16:42:24.446]7E FF 02 FF 00 B6 A9 1A 31 01 62 02 6C D0 64 E3 00 49 01 10 00 01 00 03 EC A8 22 E3 01 B3 19 8D DD 2E 20 02 89 23 BD FA F7 A5 79 7E
[ 20227][16:42:25.044]7E FF 02 FF 01 B6 33 1D 31 01 38 03 17 AE 36 E4 00 49 00 14 01 01 00 01 EC A8 22 1D F0 FF 00 34 18 60 C3 00 1B E4 33 D0 01 FF 2F 01 85 00 00 C8 A0 11 00 00 D5 00 00 08 00 00 00 1D 30 02 21 01 19 01 00 00 01 00 00 90 98 01 63 03 05 64 64 8D 00 10 02 36 00 13 00 3E 00 00 00 23 30 0C 10 FE FF FD DF FF FF FF FF FF FF FF FF FF EF F7 FF FF FF 03 10 0E 10 10 10 10 05 10 10 10 11 10 0F 11 10 11 11 10 10 11 11 11 04 11 11 11 11 10 10 11 11 11 10 10 10 10 11 11 0F 10 11 10 11 11 10 11 11 11 11 11 10 0F 11 10 11 10 10 10 11 11 10 00 00 00 00 00 00 00 00 00 00 00 00 00 00 00 00 00 00 00 00 00 00 00 00 00 00 00 00 00 00 00 00 00 00 00 00 00 00 00 00 00 00 00 00 00 00 00 00 00 00 00 00 00 00 00 00 00 00 00 00 00 00 00 00 00 00 00 00 00 00 00 00 00 00 00 00 00 00 00 00 52 EF 22 E7 00 00 00 00 00 00 00 00 00 00 00 00 00 00 00 00 00 00 00 00 00 00 00 00 00 00 00 00 00 00 00 00 00 00 00 00 00 00 00 00 E9 2C 65 BA 7E
[ 20228][16:42:25.059]7E FF 02 FF 02 B6 4A 1D 31 01 87 03 7A 7B 3F E4 00 49 00 14 01 01 00 01 EC A8 22 42 F0 FF 00 34 18 60 C3 00 4E E4 EB 20 04 FF 2F 01 66 00 00 C8 D0 11 00 00 D5 00 00 08 00 00 00 42 10 00 11 01 12 01 00 00 09 00 00 90 98 01 63 03 03 64 64 8F 00 0C 01 33 00 13 00 64 00 00 00 01 30 FE FF FD FF FF FF FF FF FB FF FF FF FF FF FF FF FF FF 03 00 00 00 00 00 00 00 00 00 00 00 00 00 00 00 00 00 00 00 00 00 00 00 00 00 00 00 00 00 00 00 00 00 00 00 00 00 00 00 00 00 00 00 00 00 00 00 00 00 00 00 00 00 00 00 00 00 00 00 00 00 00 00 00 00 00 00 00 00 00 00 00 00 00 00 00 00 00 00 00 00 00 00 00 00 00 00 00 00 00 00 00 00 00 00 00 00 00 00 00 00 00 00 00 00 00 00 00 00 00 00 00 00 00 00 00 00 00 00 00 00 00 00 00 00 00 00 00 00 00 00 00 00 00 00 00 00 00 00 00 00 00 00 84 95 84 0C 00 00 00 00 00 00 00 00 00 00 00 00 00 00 00 00 00 00 00 00 00 00 00 00 00 00 00 00 00 00 00 00 00 00 00 00 00 00 00 00 0A FA 55 51 7E
[ 20229][16:42:25.089]7E FF 02 FF 03 B6 00 1D 31 01 5C 00 5C 17 49 E4 00 49 00 14 01 01 00 01 EC A8 22 82 F0 FF 00 34 18 60 C3 00 96 E4 8B 20 08 FF 2F 01 39 00 00 C8 C0 11 00 00 D5 00 00 08 00 00 00 82 10 00 11 01 21 01 00 00 02 00 00 90 98 01 63 03 02 40 50 8F 00 07 01 22 00 13 00 50 00 00 00 01 30 FE FF FD FF FF FF FF FF FF FF FF FF FF FF FF FF FB FF 03 00 00 00 00 00 00 00 00 00 00 00 00 00 00 00 00 00 00 00 00 00 00 00 00 00 00 00 00 00 00 00 00 00 00 00 00 00 00 00 00 00 00 00 00 00 00 00 00 00 00 00 00 00 00 00 00 00 00 00 00 00 00 00 00 00 00 00 00 00 00 00 00 00 00 00 00 00 00 00 00 00 00 00 00 00 00 00 00 00 00 00 00 00 00 00 00 00 00 00 00 00 00 00 00 00 00 00 00 00 00 00 00 00 00 00 00 00 00 00 00 00 00 00 00 00 00 00 00 00 00 00 00 00 00 00 00 00 00 00 00 00 00 00 77 7A 8A 19 00 00 00 00 00 00 00 00 00 00 00 00 00 00 00 00 00 00 00 00 00 00 00 00 00 00 00 00 00 00 00 00 00 00 00 00 00 00 00 00 EF E5 27 50 7E
[ 20230][16:42:25.119]7E FF 02 FF 04 B6 1E 1D 31 01 7B 01 AD A4 54 E4 00 49 00 14 01 01 00 01 EC A8 22 7D F0 FF 00 34 18 60 C3 00 77 E4 03 D0 07 FF 2F 01 FB 00 00 C8 C0 11 00 00 D5 00 00 08 00 00 00 7D 10 00 11 01 19 01 00 00 03 00 00 90 98 01 63 03 02 64 64 8F 00 0B 01 23 00 13 00 64 00 00 00 01 30 FE FF FD FF FF FF FF FF FF FF FF FF FF FF FF DF FF FF 03 00 00 00 00 00 00 00 00 00 00 00 00 00 00 00 00 00 00 00 00 00 00 00 00 00 00 00 00 00 00 00 00 00 00 00 00 00 00 00 00 00 00 00 00 00 00 00 00 00 00 00 00 00 00 00 00 00 00 00 00 00 00 00 00 00 00 00 00 00 00 00 00 00 00 00 00 00 00 00 00 00 00 00 00 00 00 00 00 00 00 00 00 00 00 00 00 00 00 00 00 00 00 00 00 00 00 00 00 00 00 00 00 00 00 00 00 00 00 00 00 00 00 00 00 00 00 00 00 00 00 00 00 00 00 00 00 00 00 00 00 00 00 00 50 42 F7 E1 00 00 00 00 00 00 00 00 00 00 00 00 00 00 00 00 00 00 00 00 00 00 00 00 00 00 00 00 00 00 00 00 00 00 00 00 00 00 00 00 51 4D 16 DC 7E
[ 20231][16:42:25.224]7E FF 02 FF 05 B6 19 1E 31 01 25 00 A0 23 8E E4 00 49 00 10 00 01 00 02 8D DD 2E 10 01 10 04 01 03 0A 00 00 0B 28 34 09 62 33 5B 7E
[ 20232][16:42:25.284]7E FF 02 FF 06 B6 E3 1D 31 01 5A 01 63 C8 9F E4 00 49 00 54 00 01 00 01 8D DD 2E 01 10 04 02 5B 13 60 E0 00 CD 02 AC 10 00 41 00 03 5B 3E 30 10 88 FF 00 00 2A 00 00 11 08 00 00 01 43 00 00 F2 D3 96 25 56 79 15 00 2C A1 FA D8 00 00 00 00 00 00 00 00 00 00 00 00 00 00 00 00 00 00 00 00 00 00 00 00 00 00 00 00 00 00 00 00 AE 16 C5 65 7E
[ 20233][16:42:25.345]7E FF 02 FF 07 B6 2E 1E 31 01 6F 02 7D 85 BC E4 00 49 00 10 00 01 00 02 8D DD 2E 10 01 C0 0B 01 01 0A 00 00 5C 05 4D E5 57 06 37 7E
[ 20234][16:42:25.406]7E FF 02 FF 08 B6 3D 1E 31 01 8C 03 41 54 C2 E4 00 49 01 14 01 01 00 01 EC A8 22 1C F0 FF 00 34 18 60 C3 00 1B E4 A7 C0 01 FF 2F 01 CF 00 00 CA A0 11 00 00 D5 00 00 08 00 00 00 1C 10 00 11 01 21 01 00 00 01 00 00 90 98 01 63 03 02 57 64 8F 00 10 02 35 00 13 00 40 00 00 00 01 30 0C 00 FE FF FD EF FF FF FF FF FF FF FF FF FF FF FF FF FF FF 03 10 0E 10 10 10 10 11 10 10 10 11 10 0F 11 10 11 11 10 11 11 11 11 11 11 11 11 10 10 10 11 11 11 10 10 10 10 11 11 0F 10 11 10 11 11 10 11 11 11 11 11 10 0E 11 10 11 10 10 10 11 10 10 00 00 00 00 00 00 00 00 00 00 00 00 00 00 00 00 00 00 00 00 00 00 00 00 00 00 00 00 00 00 00 00 00 00 00 00 00 00 00 00 00 00 00 00 00 00 00 00 00 00 00 00 00 00 00 00 00 00 00 00 00 00 00 00 00 00 00 00 00 00 00 00 00 00 00 00 00 00 00 00 00 00 8E B9 39 4D 00 00 00 00 00 00 00 00 00 00 00 00 00 00 00 00 00 00 00 00 00 00 00 00 00 00 00 00 00 00 00 00 00 00 00 00 00 00 7A 59 E0 D7 7E
[ 20235][16:42:25.406]7E FF 02 FF 09 B6 55 1E 31 01 28 01 8E 40 CB E4 00 49 00 54 00 01 00 01 8D DD 2E 01 C0 0B 02 5B 13 60 E0 00 61 27 12 10 00 BC 00 0A 5C 3E 30 10 88 FF 00 00 2A 00 00 11 08 00 00 01 03 01 00 9C 7D 63 04 51 79 15 00 E0 7F AC 17 00 00 00 00 00 00 00 00 00 00 00 00 00 00 00 00 00 00 00 00 00 00 00 00 00 00 00 00 00 00 00 00 00 2A 03 38 7E
[ 20236][16:42:25.466]7E FF 02 FF 0A B6 A3 1E 31 01 E2 03 3F 4B E9 E4 00 49 00 10 00 01 00 02 8D DD 2E 10 01 70 1D 01 01 0A 00 00 75 05 19 06 98 17 95 7E
[ 20237][16:42:25.571]7E FF 02 FF 0B B6 0B 1F 31 01 1B 00 56 9B 10 E5 00 49 00 10 00 01 00 02 8D DD 2E 10 01 70 1D 01 02 0A 00 00 45 C5 19 C2 86 B2 5D 7E
[ 20238][16:42:25.571]7E FF 02 FF 0C B6 11 1F 31 01 1B 02 79 15 13 E5 00 49 00 10 00 01 00 03 8D DD 2E A0 08 4B 02 B1 50 3B 2A 02 11 84 D0 77 9E 47 8C 7E
[ 20239][16:42:26.364]7E FF 02 FF 0D B6 45 22 31 01 F8 02 3C CD 25 E6 00 49 00 15 02 01 00 00 8D DD 2E E1 7D DB 3E 01 90 5B 03 00 CB 60 D8 CA 2A 00 00 05 46 46 54 BC 0A 00 00 00 00 00 00 00 00 00 00 03 00 0F 01 00 00 64 00 00 05 46 46 54 04 00 00 01 0A D0 02 A0 00 3C 00 3C 00 C0 DD 00 5D 33 00 45 17 32 00 00 00 00 DB C6 D9 3E 0A 26 00 00 00 00 07 10 03 10 0E 10 49 10 2E 10 41 10 10 12 A4 10 E2 11 BA 10 B8 11 4C 11 0D 11 1F 12 75 11 6D 11 69 10 00 12 1B 12 E4 10 C7 11 44 11 94 10 AC 11 CE 11 01 12 64 11 A2 11 16 10 29 11 87 11 31 11 79 11 83 10 1F 10 08 10 0D 10 60 10 4F 10 09 10 E8 10 0C 10 88 10 EA 10 5A 11 27 11 74 10 4E 10 4B 10 7C 11 73 11 1B 10 5B 11 FD 11 A0 11 B2 10 4A 10 4D 10 17 10 DF 11 3E 10 CA 10 73 10 76 10 33 11 20 11 51 11 18 12 48 10 F0 01 0C 02 F7 00 B6 01 72 00 82 00 B4 01 AE 00 AB 01 CB 01 D2 01 CA 01 03 02 99 00 C1 00 85 00 E2 00 1D 02 9C 01 7F 00 AA 00 1C 01 11 01 E3 80 7C 15 00 01 E8 03 00 02 E8 03 00 03 00 01 E8 03 00 02 E8 03 00 03 98 00 50 00 23 02 84 00 7C 01 73 01 A3 00 05 02 28 01 48 01 49 01 3E 01 80 00 24 00 85 01 59 00 1F 01 43 01 C3 00 9E 01 B8 00 ED 00 03 01 F9 01 A7 81 88 13 00 01 E8 03 00 02 E8 03 00 03 E8 03 00 03 00 03 E8 03 00 03 E8 03 00 02 E8 03 00 03 00 00 00 00 00 00 00 00 00 00 00 00 00 00 00 00 00 00 00 00 00 00 00 00 00 00 00 00 00 00 00 00 00 00 00 00 00 00 00 00 00 00 00 00 00 00 00 00 00 00 00 00 00 00 00 00 00 00 00 00 00 00 00 00 00 00 00 00 00 00 00 00 00 00 00 00 00 00 00 00 00 00 00 00 00 00 00 00 00 00 00 00 00 00 00 00 00 00 00 00 00 00 00 00 00 00 00 00 00 00 00 00 00 00 00 00 00 00 00 00 00 00 00 00 00 00 00 00 00 00 00 00 00 00 00 00 00 00 00 00 00 00 00 00 00 00 00 00 00 00 00 00 00 00 00 00 8E 76 02 B4 52 F7 28 EA 7E
[ 20240][16:42:26.843]7E FF 02 FF 0E B6 3B 24 31 01 7F 03 32 5B E5 E6 00 49 00 14 01 01 00 01 EC A8 22 08 F0 FF 00 34 18 60 C3 00 0C E4 6B 80 00 FF 2F 01 8C 00 00 CA 98 11 00 00 D5 00 00 08 00 00 00 08 10 00 11 01 23 01 00 00 02 00 00 90 98 01 63 01 02 64 64 8F 00 10 02 42 00 13 00 45 00 00 00 01 30 09 00 FE FE FD FF FF FF FF FF FF FF FF FF FF FF FF FF FF FF 03 10 0E 10 10 10 10 11 10 10 11 10 0F 11 10 11 11 10 11 11 11 11 11 11 11 11 11 10 10 10 11 11 11 10 10 10 10 11 11 0F 10 11 10 11 11 10 11 11 11 11 11 10 0F 11 10 11 10 10 10 11 11 10 00 00 00 00 00 00 00 00 00 00 00 00 00 00 00 00 00 00 00 00 00 00 00 00 00 00 00 00 00 00 00 00 00 00 00 00 00 00 00 00 00 00 00 00 00 00 00 00 00 00 00 00 00 00 00 00 00 00 00 00 00 00 00 00 00 00 00 00 00 00 00 00 00 00 00 00 00 00 00 00 00 00 0B 46 64 93 00 00 00 00 00 00 00 00 00 00 00 00 00 00 00 00 00 00 00 00 00 00 00 00 00 00 00 00 00 00 00 00 00 00 00 00 00 00 D0 5E D7 BE 7E
[ 20241][16:42:26.978]7E FF 02 FF 0F B6 69 24 31 01 06 02 B0 E6 1C E7 00 49 00 14 01 01 00 01 EC A8 22 77 F0 FF 00 34 18 60 C3 00 7D E4 A3 70 07 FF 2F 01 F2 00 00 C6 D0 11 00 00 D5 00 00 08 00 00 00 77 10 00 11 01 23 01 00 00 04 00 00 90 98 01 63 01 02 31 46 8D 00 0C 01 32 00 13 00 46 00 00 00 01 30 FE FF FD FF FF FF FF FF FF EB FF FF FF FF 7F FF FF FF 03 00 00 00 00 00 00 00 00 00 00 00 00 00 00 00 00 00 00 00 00 00 00 00 00 00 00 00 00 00 00 00 00 00 00 00 00 00 00 00 00 00 00 00 00 00 00 00 00 00 00 00 00 00 00 00 00 00 00 00 00 00 00 00 00 00 00 00 00 00 00 00 00 00 00 00 00 00 00 00 00 00 00 00 00 00 00 00 00 00 00 00 00 00 00 00 00 00 00 00 00 00 00 00 00 00 00 00 00 00 00 00 00 00 00 00 00 00 00 00 00 00 00 00 00 00 00 00 00 00 00 00 00 00 00 00 00 00 00 00 00 00 1A 72 A1 A3 00 00 00 00 00 00 00 00 00 00 00 00 00 00 00 00 00 00 00 00 00 00 00 00 00 00 00 00 00 00 00 00 00 00 00 00 00 00 00 00 00 00 21 53 66 24 7E
[ 20242][16:42:27.352]7E FF 02 FF 10 B6 3D 26 31 01 F1 01 67 45 A9 E7 00 49 00 14 01 01 00 01 EC A8 22 79 F0 FF 00 34 18 60 C3 00 72 E4 C7 90 07 FF 2F 01 58 00 00 C8 D8 11 00 00 D5 00 00 08 00 00 00 79 10 00 11 01 23 01 00 00 09 00 00 90 98 01 63 01 02 31 46 8F 00 0C 01 32 00 13 00 46 00 00 00 01 30 FE FF FD FF FF FF FF FF FF FF FF FF FF FF FF FD FF FF 03 00 00 00 00 00 00 00 00 00 00 00 00 00 00 00 00 00 00 00 00 00 00 00 00 00 00 00 00 00 00 00 00 00 00 00 00 00 00 00 00 00 00 00 00 00 00 00 00 00 00 00 00 00 00 00 00 00 00 00 00 00 00 00 00 00 00 00 00 00 00 00 00 00 00 00 00 00 00 00 00 00 00 00 00 00 00 00 00 00 00 00 00 00 00 00 00 00 00 00 00 00 00 00 00 00 00 00 00 00 00 00 00 00 00 00 00 00 00 00 00 00 00 00 00 00 00 00 00 00 00 00 00 00 00 00 00 00 00 00 00 00 00 00 D9 61 E1 5C 00 00 00 00 00 00 00 00 00 00 00 00 00 00 00 00 00 00 00 00 00 00 00 00 00 00 00 00 00 00 00 00 00 00 00 00 00 00 00 00 92 B7 19 11 7E
[ 20243][16:42:27.501]7E FF 02 FF 11 B6 85 26 31 01 3F 00 74 B8 EA E7 00 49 00 94 00 01 00 01 EC A8 22 00 D0 01 00 16 15 B6 40 00 5C 12 8C 00 00 1D 00 05 A9 00 00 5C 88 FF 08 00 D5 00 00 01 23 01 00 00 16 01 19 01 00 00 01 00 00 00 00 01 23 01 00 00 16 1D 00 00 00 00 00 00 00 00 00 01 03 00 05 6B 23 46 27 06 00 00 38 FF FF FF FF FF FF FF FF FF FF 23 05 10 19 01 01 03 43 9A 33 43 46 38 46 21 10 21 10 00 00 00 00 30 00 00 00 FF FF FF FF FF FF FF FF FF FF FF FF FF FF FF FF FF FF FF FF FF FF FF FF D1 03 D2 5B 00 00 00 00 00 00 00 00 33 24 3C A6 7E
[ 20244][16:42:27.501]7E FF 02 FF 12 B6 F4 26 31 01 61 00 32 F4 EE E7 00 49 00 10 00 01 00 02 EC A8 22 10 1D 00 00 01 04 01 00 00 54 EA 1F D2 B9 9C 84 7E
[ 20245][16:42:27.531]7E FF 02 FF 13 B6 05 27 31 01 30 02 E5 97 F5 E7 00 49 00 94 00 01 00 01 EC A8 22 1D 30 02 00 16 15 B6 40 00 BD 8D AF D0 01 23 00 05 87 00 00 5C A0 EF 00 00 D5 00 00 00 00 00 00 01 23 01 00 00 16 1D 00 00 00 00 00 00 00 00 00 01 03 00 05 6B 23 46 27 06 00 00 38 FF FF FF FF FF FF FF FF FF FF 23 05 10 19 01 01 03 43 9A 33 43 46 38 46 21 10 21 10 00 00 00 00 30 00 00 00 FF FF FF FF FF FF FF FF FF FF FF FF FF FF FF FF FF FF FF FF FF FF FF FF D1 03 D2 5B 00 00 00 00 00 00 00 00 00 00 00 00 00 00 00 00 00 00 00 00 A2 4E 9C AC 7E
[ 20246][16:42:27.561]7E FF 02 FF 14 B6 CE 26 31 01 5A 00 82 9C 06 E8 00 49 00 10 00 01 00 02 EC A8 22 10 01 30 02 01 03 00 00 00 B4 04 6A 0A 66 AF A6 7E
[ 20247][16:42:27.621]7E FF 02 FF 15 B6 59 27 31 01 D7 03 7D CC 15 E8 00 3B 02 94 00 01 00 01 EC A8 22 01 30 02 01 16 15 B6 40 00 E2 85 C2 10 00 23 00 05 D3 01 00 34 88 FF 00 00 D5 00 00 01 00 00 00 01 23 01 00 00 16 00 00 90 98 01 63 0A 03 11 40 1D 00 01 01 6B 23 46 27 E1 93 04 00 30 00 00 00 CE 01 00 00 00 00 00 00 00 00 00 00 00 00 00 00 F3 27 DD EF 00 00 00 00 00 00 00 00 00 00 00 00 00 00 00 00 00 00 00 00 00 00 00 00 00 00 00 00 00 00 00 00 00 00 00 00 00 00 00 00 00 00 00 00 00 00 00 00 00 00 00 00 00 00 00 00 00 00 00 00 E4 E5 DD E9 7E
[ 20248][16:42:27.815]7E FF 02 FF 16 B6 21 28 31 01 D4 02 71 FF 61 E8 00 49 00 94 00 01 00 01 EC A8 22 1D F0 FF 00 C8 14 B6 46 00 29 FB FA D0 01 FF 2F 05 88 00 00 34 A0 EF 00 00 D5 00 00 01 00 00 00 01 23 01 00 00 16 00 00 90 98 01 63 0A 03 11 40 1D 00 01 01 6B 23 46 27 E1 93 04 00 30 00 00 00 CE 01 00 00 00 00 00 00 00 00 00 00 00 00 00 00 F3 27 DD EF 00 00 00 00 00 00 00 00 00 00 00 00 00 00 00 00 00 00 00 00 00 00 00 00 00 00 00 00 00 00 00 00 00 00 00 00 00 00 00 00 00 00 00 00 00 00 00 00 00 00 00 00 00 00 00 00 00 00 00 00 1F 1C 5C E5 7E
[ 20249][16:42:27.860]7E FF 02 FF 17 B6 4A 28 31 01 10 02 B1 8F 71 E8 00 49 00 94 00 01 00 01 EC A8 22 1D F0 FF 00 C8 14 B6 46 00 29 FB FA D0 01 FF 2F 05 88 00 00 34 A0 EF 00 00 D5 00 00 01 00 00 00 01 23 01 00 00 16 00 00 90 98 01 63 0A 03 11 40 1D 00 01 01 6B 23 46 27 E1 93 04 00 30 00 00 00 CE 01 00 00 00 00 00 00 00 00 00 00 00 00 00 00 F3 27 DD EF 00 00 00 00 00 00 00 00 00 00 00 00 00 00 00 00 00 00 00 00 00 00 00 00 00 00 00 00 00 00 00 00 00 00 00 00 00 00 00 00 00 00 00 00 00 00 00 00 00 00 00 00 00 00 00 00 00 00 00 00 45 1D E3 6E 7E
[ 20250][16:42:27.890]7E FF 02 FF 18 B6 02 28 31 01 C0 03 64 67 7C E8 00 49 00 94 00 01 00 01 EC A8 22 1D F0 FF 00 C8 14 B6 46 00 29 FB FA D0 01 FF 2F 05 88 00 00 34 A0 EF 00 00 D5 00 00 01 00 00 00 01 23 01 00 00 16 00 00 90 98 01 63 0A 03 11 40 1D 00 01 01 6B 23 46 27 E1 93 04 00 30 00 00 00 CE 01 00 00 00 00 00 00 00 00 00 00 00 00 00 00 F3 27 DD EF 00 00 00 00 00 00 00 00 00 00 00 00 00 00 00 00 00 00 00 00 00 00 00 00 00 00 00 00 00 00 00 00 00 00 00 00 00 00 00 00 00 00 00 00 00 00 00 00 00 00 00 00 00 00 00 00 00 00 00 00 47 CA 41 9D 7E
[ 20251][16:42:28.040]7E FF 02 FF 19 B6 F1 28 31 01 48 02 85 48 B1 E8 00 49 00 14 01 01 00 01 EC A8 22 85 F0 FF 00 34 18 60 C3 00 90 E4 7F 50 08 FF 2F 01 AC 00 00 C8 F0 11 00 00 D5 00 00 08 00 00 00 85 20 00 21 01 21 01 00 00 06 00 00 90 98 01 63 03 03 40 50 8F 00 07 01 21 00 13 00 42 00 00 00 02 30 FE FF FD FF FF FF FF FF FF FF FF FF FF FF FF FF DF FF 03 00 00 00 00 00 00 00 00 00 00 00 00 00 00 00 00 00 00 00 00 00 00 00 00 00 00 00 00 00 00 00 00 00 00 00 00 00 00 00 00 00 00 00 00 00 00 00 00 00 00 00 00 00 00 00 00 00 00 00 00 00 00 00 00 00 00 00 00 00 00 00 00 00 00 00 00 00 00 00 00 00 00 00 00 00 00 00 00 00 00 00 00 00 00 00 00 00 00 00 00 00 00 00 00 00 00 00 00 00 00 00 00 00 00 00 00 00 00 00 00 00 00 00 00 00 00 00 00 00 00 00 00 00 00 00 00 00 00 00 00 00 00 00 84 8B DC C7 00 00 00 00 00 00 00 00 00 00 00 00 00 00 00 00 00 00 00 00 00 00 00 00 00 00 00 00 00 00 00 00 00 00 00 00 00 00 00 00 CD 5E 57 2D 7E
[ 20252][16:42:28.070]7E FF 02 FF 1A B6 0F 29 31 01 30 02 46 B8 BC E8 00 49 00 14 01 01 00 01 EC A8 22 15 F0 FF 00 34 18 60 C3 00 12 E4 37 50 01 FF 2F 01 2E 00 00 C7 98 11 00 00 D5 00 00 08 00 00 00 15 10 00 11 01 21 01 00 00 11 00 00 90 98 01 63 03 03 64 64 8E 00 10 01 39 00 13 00 46 00 00 00 01 30 FE FF DD FF FF FF FF FF FF FF FF FF FF FF F7 FF FF FF 03 10 0E 10 10 10 10 11 10 10 10 11 10 0F 11 10 11 11 10 11 11 11 11 11 11 11 11 10 10 10 11 11 11 10 10 10 10 11 11 0F 0F 11 10 11 11 0E 11 11 11 11 11 10 0F 11 10 11 10 10 10 11 11 10 00 00 00 00 00 00 00 00 00 00 00 00 00 00 00 00 00 00 00 00 00 00 00 00 00 00 00 00 00 00 00 00 00 00 00 00 00 00 00 00 00 00 00 00 00 00 00 00 00 00 00 00 00 00 00 00 00 00 00 00 00 00 00 00 00 00 00 00 00 00 00 00 00 00 00 00 00 00 00 00 00 B0 DC 70 50 00 00 00 00 00 00 00 00 00 00 00 00 00 00 00 00 00 00 00 00 00 00 00 00 00 00 00 00 00 00 00 00 00 00 00 00 00 00 00 00 00 33 1F 8E 6B 7E
[ 20253][16:42:28.234]7E FF 02 FF 1B B6 DB 29 31 01 FE 02 2F A4 0A E9 00 49 00 10 00 01 00 03 EC A8 22 E3 01 E5 0A 8D DD 2E 20 02 E9 2B 12 65 16 E5 5B 7E
[ 20254][16:42:28.548]7E FF 02 FF 1C B6 FF 2A 31 01 A8 03 B4 12 7A E9 00 49 00 94 00 01 00 01 8D DD 2E 01 30 00 00 16 15 B6 44 00 91 51 AD 10 00 03 00 0A 3E 3E 00 34 88 FF 00 00 2A 00 00 01 00 00 00 00 15 79 59 06 17 00 00 05 46 46 54 01 00 00 40 03 00 01 01 2B A3 38 29 00 7D 00 00 12 00 00 00 01 00 00 00 00 00 00 00 00 00 00 00 00 00 00 00 2D 13 81 45 00 00 00 00 00 00 00 00 00 00 00 00 00 00 00 00 00 00 00 00 00 00 00 00 00 00 00 00 00 00 00 00 00 00 00 00 00 00 00 00 00 00 00 00 00 00 00 00 00 00 00 00 00 00 00 00 00 00 00 00 E5 F9 B9 E7 7E
[ 20255][16:42:28.563]7E FF 02 FF 1D B6 B8 2A 31 01 BC 03 19 2A 85 E9 00 49 00 10 00 01 00 02 8D DD 2E 10 01 40 0A 01 01 0D 00 00 3E F9 B4 21 45 8F 30 7E
[ 20256][16:42:28.578]7E FF 02 FF 1E B6 D2 2A 31 01 8C 02 20 FA 8E E9 00 49 00 10 00 01 00 02 8D DD 2E 01 01 30 00 01 00 0F 00 00 22 B8 E4 D4 2F 05 0F 7E
[ 20257][16:42:28.593]7E FF 02 FF 1F B6 47 2B 31 01 CD 03 68 93 95 E9 00 49 00 10 00 01 00 02 8D DD 2E 10 01 00 21 01 00 0F 00 00 F5 89 DA 46 4D 38 EB 7E
[ 20258][16:42:28.638]7E FF 02 FF 20 B6 6A 2B 31 01 5C 00 A1 97 A2 E9 00 49 00 10 00 01 00 02 8D DD 2E 10 01 50 1E 01 00 10 00 00 A0 DC 4B 21 EA 84 93 7E
[ 20259][16:42:28.638]7E FF 02 FF 21 B6 0D 2B 31 01 D1 01 9D 67 A5 E9 00 49 00 10 00 01 00 02 8D DD 2E 10 01 A0 0B 01 02 10 00 00 79 06 74 9E B5 02 C0 7E
[ 20260][16:42:28.653]7E FF 02 FF 22 B6 1B 2B 31 01 C4 02 91 D6 AA E9 00 49 00 10 00 01 00 02 8D DD 2E 10 01 00 00 01 01 10 00 00 A3 39 03 F0 03 73 1A 7E
[ 20261][16:42:28.683]7E FF 02 FF 23 B6 20 2B 31 01 AA 02 22 B6 AC E9 00 49 00 94 00 01 00 01 8D DD 2E 01 30 00 00 16 15 B6 44 00 91 51 AD 10 00 03 00 0A 3E 3E 00 34 88 FF 00 00 2A 00 00 01 00 00 00 00 15 79 59 06 17 00 00 05 46 46 54 01 00 00 40 03 00 01 01 2B A3 38 29 00 7D 00 00 12 00 00 00 01 00 00 00 00 00 00 00 00 00 00 00 00 00 00 00 2D 13 81 45 00 00 00 00 00 00 00 00 00 00 00 00 00 00 00 00 00 00 00 00 00 00 00 00 00 00 00 00 00 00 00 00 00 00 00 00 00 00 00 00 00 00 00 00 00 00 00 00 00 00 00 00 00 00 00 00 00 00 00 00 99 DE D3 C3 7E
[ 20262][16:42:28.683]7E FF 02 FF 24 B6 32 2B 31 01 2C 02 72 8D B3 E9 00 49 00 10 00 01 00 02 8D DD 2E 10 01 A0 0B 01 00 11 00 00 59 96 34 4F 95 D9 3B 7E
[ 20263][16:42:28.758]7E FF 02 FF 25 B6 C9 2B 31 01 67 01 C3 E8 C6 E9 00 49 00 94 00 01 00 01 8D DD 2E 01 30 00 00 16 15 B6 44 00 91 51 AD 10 00 03 00 0A 3E 3E 00 34 88 FF 00 00 2A 00 00 01 00 00 00 00 15 79 59 06 17 00 00 05 46 46 54 01 00 00 40 03 00 01 01 2B A3 38 29 00 7D 00 00 12 00 00 00 01 00 00 00 00 00 00 00 00 00 00 00 00 00 00 00 2D 13 81 45 00 00 00 00 00 00 00 00 00 00 00 00 00 00 00 00 00 00 00 00 00 00 00 00 00 00 00 00 00 00 00 00 00 00 00 00 00 00 00 00 00 00 00 00 00 00 00 00 00 00 00 00 00 00 00 00 00 00 00 00 20 58 0E F2 7E
[ 20264][16:42:28.773]7E FF 02 FF 26 B6 76 2B 31 01 D0 01 38 6F CD E9 00 49 00 94 00 01 00 01 8D DD 2E 01 A0 0B 00 16 15 B6 40 00 4E BA 1B 10 00 CD 01 0A 3F 3E 00 34 88 FF 00 00 2A 00 00 01 00 00 00 21 01 18 01 48 77 00 00 05 46 46 54 01 00 00 50 CD 01 01 01 2B A3 38 29 00 7D 00 00 DB 00 00 00 01 00 00 00 00 00 00 00 00 00 00 00 00 00 00 00 C2 A5 3E 62 00 00 00 00 00 00 00 00 00 00 00 00 00 00 00 00 00 00 00 00 00 00 00 00 00 00 00 00 00 00 00 00 00 00 00 00 00 00 00 00 00 00 00 00 00 00 00 00 00 00 00 00 00 00 00 00 00 00 00 00 09 1E 6B F6 7E
[ 20265][16:42:28.923]7E FF 02 FF 27 B6 70 2C 31 01 09 01 FD 95 06 EA 00 49 00 94 00 01 00 01 8D DD 2E 01 A0 0B 00 16 15 B6 44 00 5F B8 9F 10 00 CD 01 0A 3F 3E 00 34 88 FF 00 00 2A 00 00 01 00 00 00 21 01 18 01 48 77 00 00 05 46 46 54 01 00 00 50 CD 01 01 01 2B A3 38 29 00 7D 00 00 DB 00 00 00 01 00 00 00 00 00 00 00 00 00 00 00 00 00 00 00 C2 A5 3E 62 00 00 00 00 00 00 00 00 00 00 00 00 00 00 00 00 00 00 00 00 00 00 00 00 00 00 00 00 00 00 00 00 00 00 00 00 00 00 00 00 00 00 00 00 00 00 00 00 00 00 00 00 00 00 00 00 00 00 00 00 EB 89 77 9C 7E
[ 20266][16:42:28.953]7E FF 02 FF 28 B6 90 2C 31 01 36 00 50 B4 12 EA 00 49 00 94 00 01 00 01 8D DD 2E 01 E0 02 01 16 15 B6 40 00 06 D3 12 10 00 2E 00 03 4D 3E 00 34 88 FF 08 00 2A 00 00 00 00 05 46 46 54 00 00 59 04 27 43 05 00 00 00 00 00 00 00 9C 00 3E 00 2F 00 00 00 63 1A 00 00 00 00 00 00 21 01 18 01 44 55 00 00 05 46 46 54 01 00 00 00 01 00 01 01 2B A3 38 29 00 7D 00 00 95 DA 24 49 00 00 00 00 00 00 00 00 00 00 00 00 00 00 00 00 00 00 00 00 00 00 00 00 00 00 00 00 00 00 00 00 00 00 00 00 00 00 00 00 00 00 00 00 00 00 00 00 C7 A7 A3 73 7E
[ 20267][16:42:28.953]7E FF 02 FF 29 B6 3C 2C 31 01 6A 02 83 06 19 EA 00 49 00 54 00 01 00 01 8D DD 2E 01 E0 02 03 5B 13 60 E0 00 4A 22 17 10 00 2E 00 03 4F 3E 30 10 88 FF 00 00 2A 00 00 11 08 00 00 01 03 01 00 D9 00 43 27 04 59 00 00 04 0D 88 89 00 00 00 00 00 00 00 00 00 00 00 00 00 00 00 00 00 00 00 00 00 00 00 00 00 00 00 00 00 00 00 00 AE B0 60 2A 7E
[ 20268][16:42:28.982]7E FF 02 FF 2A B6 52 2C 31 01 AF 00 40 3F 21 EA 00 49 00 94 00 01 00 01 8D DD 2E 01 40 0A 00 16 15 B6 40 00 A1 67 26 10 00 A4 00 0A 52 3E 00 34 88 FF 00 00 2A 00 00 01 00 00 00 00 19 01 10 00 49 00 00 05 46 46 54 01 00 00 00 A4 00 01 01 2B A3 38 29 00 7D 00 00 0E 00 00 00 01 00 00 00 00 00 00 00 00 00 00 00 00 00 00 00 3F 8F 78 93 00 00 00 00 00 00 00 00 00 00 00 00 00 00 00 00 00 00 00 00 00 00 00 00 00 00 00 00 00 00 00 00 00 00 00 00 00 00 00 00 00 00 00 00 00 00 00 00 00 00 00 00 00 00 00 00 00 00 00 00 27 50 96 C1 7E
[ 20269][16:42:29.072]7E FF 02 FF 2B B6 BE 2C 31 01 E4 02 40 B1 4A EA 00 49 00 10 00 01 00 03 8D DD 2E A0 08 2C 1B B1 50 3B 2A 02 76 CE 9E 4C A1 7B 38 7E
[ 20270][16:42:29.102]7E FF 02 FF 2C B6 37 2D 31 01 1C 00 0F 6D 52 EA 00 49 00 10 00 01 00 02 8D DD 2E 10 01 30 00 01 00 11 00 00 3F 58 45 70 AD 39 56 7E
[ 20271][16:42:29.177]7E FF 02 FF 2D B6 1E 2D 31 01 03 01 D3 1F 6F EA 00 49 00 10 00 01 00 02 8D DD 2E 10 01 E0 02 01 03 11 00 00 3B 5E 1D 3C FE 33 3B 7E
[ 20272][16:42:29.267]7E FF 02 FF 2E B6 B4 2D 31 01 8C 00 A0 20 82 EA 00 49 00 14 01 01 00 01 EC A8 22 8E F0 FF 00 34 18 60 C3 00 9A E4 4B E0 08 FF 2F 01 97 00 00 C7 D8 11 00 00 D5 00 00 08 00 00 00 8E 10 00 11 01 19 01 00 00 02 00 00 90 98 01 63 03 02 64 64 8E 00 0B 01 22 00 13 00 64 00 00 00 01 30 FE FF FD FF FF FF FF FF FF FF FF FF FF FF F7 FF FF BF 03 00 00 00 00 00 00 00 00 00 00 00 00 00 00 00 00 00 00 00 00 00 00 00 00 00 00 00 00 00 00 00 00 00 00 00 00 00 00 00 00 00 00 00 00 00 00 00 00 00 00 00 00 00 00 00 00 00 00 00 00 00 00 00 00 00 00 00 00 00 00 00 00 00 00 00 00 00 00 00 00 00 00 00 00 00 00 00 00 00 00 00 00 00 00 00 00 00 00 00 00 00 00 00 00 00 00 00 00 00 00 00 00 00 00 00 00 00 00 00 00 00 00 00 00 00 00 00 00 00 00 00 00 00 00 00 00 00 00 00 00 00 00 BA D0 F4 E1 00 00 00 00 00 00 00 00 00 00 00 00 00 00 00 00 00 00 00 00 00 00 00 00 00 00 00 00 00 00 00 00 00 00 00 00 00 00 00 00 00 E1 DF 20 6F 7E
[ 20273][16:42:29.371]7E FF 02 FF 2F B6 EB 2D 31 01 BA 01 77 64 BD EA 00 49 00 10 00 01 00 03 8D DD 2E A0 08 00 1A B1 50 3B 2A 02 5D 6B BA 0B 66 C5 42 7E
[ 20274][16:42:29.581]7E FF 02 FF 30 B6 E0 2E 31 01 ED 00 D0 9A F4 EA 00 49 00 14 02 01 00 01 8D DD 2E 01 F0 FF 01 BF 18 7B 83 00 B3 03 F9 10 00 FF 2F 01 5E 3E 00 88 88 11 00 00 2A 00 00 08 00 00 00 01 00 00 04 00 00 05 46 46 54 00 00 05 46 46 54 00 00 64 64 1F 00 56 00 9F 00 45 00 64 00 00 00 00 00 00 00 00 10 00 00 00 00 00 00 00 00 00 00 00 00 00 00 00 00 00 00 00 00 00 00 00 00 02 00 00 00 00 04 00 00 00 00 00 00 00 00 00 00 00 40 00 00 48 07 00 40 00 00 20 80 00 08 18 8A 18 90 40 02 04 84 0F 0A 10 00 09 00 00 01 00 01 08 06 06 01 07 08 00 00 03 00 00 00 00 01 05 00 0A 40 05 07 07 09 6F 7E 80 AE 00 00 00 00 00 00 00 00 00 00 00 00 00 00 00 00 00 00 00 00 00 00 00 00 00 00 00 00 00 00 00 00 00 00 00 00 00 00 00 00 00 00 00 00 00 00 00 00 00 00 00 00 00 00 00 00 00 00 00 00 00 00 00 00 00 00 00 00 00 00 00 00 00 00 00 00 00 00 00 00 00 00 00 00 00 00 00 00 00 00 00 00 00 00 00 00 00 00 00 00 00 00 00 00 00 00 00 00 00 00 00 00 00 00 00 00 00 00 00 00 00 00 00 00 00 00 00 00 00 00 00 00 00 00 00 00 00 00 00 00 00 00 00 00 00 00 00 00 00 00 00 00 00 00 00 00 00 00 00 00 00 00 00 00 00 00 00 00 00 00 00 00 00 00 00 00 00 00 00 00 00 00 00 00 00 00 00 00 00 00 00 00 00 00 00 00 00 00 00 00 00 00 00 00 00 00 00 00 00 00 00 00 00 00 00 00 00 00 00 00 00 00 00 00 00 00 00 00 00 00 00 00 00 00 00 00 00 00 00 00 00 00 00 00 00 00 00 00 00 00 00 00 00 00 00 00 00 00 00 00 00 00 00 00 00 00 00 00 00 00 00 00 00 00 00 00 00 00 00 00 00 00 00 00 00 00 00 00 00 00 00 00 00 00 00 00 00 00 00 00 00 00 00 00 00 00 00 00 00 00 00 00 00 00 00 00 00 00 00 00 00 00 00 00 00 00 00 00 00 00 00 00 00 00 00 00 00 00 00 00 00 00 00 00 00 00 00 00 00 00 00 00 00 00 00 00 00 00 00 00 CE 1A 92 2C 7E
[ 20275][16:42:29.627]7E FF 02 FF 31 B6 49 2F 31 01 93 01 1E C0 1C EB 00 49 00 10 00 01 00 02 8D DD 2E 01 01 C0 14 01 00 11 00 00 94 0A C7 BF 45 CF 0A 7E
[ 20276][16:42:29.656]7E FF 02 FF 32 B6 FD 2E 31 01 B9 02 E1 FD 25 EB 00 49 00 54 00 01 00 01 8D DD 2E 01 50 1E 03 5B 13 60 E4 00 09 1A C4 10 00 E5 01 03 63 3E 30 10 88 FF 00 00 2A 00 00 11 08 00 00 01 03 01 00 80 03 68 51 04 59 00 00 EE 1F F0 E9 00 00 00 00 00 00 00 00 00 00 00 00 00 00 00 00 00 00 00 00 00 00 00 00 00 00 00 00 00 00 00 00 A5 40 CD C8 7E
[ 20277][16:42:29.686]7E FF 02 FF 33 B6 19 2F 31 01 6E 00 CA 72 30 EB 00 49 00 54 00 01 00 01 8D DD 2E 01 A0 0B 03 5B 13 60 E0 00 43 43 BB 10 00 82 01 03 64 3E 30 10 88 FF 00 00 2A 00 00 11 08 00 00 01 03 01 00 0F 15 88 03 68 79 15 00 0A 4E 7A 4D 00 00 00 00 00 00 00 00 00 00 00 00 00 00 00 00 00 00 00 00 00 00 00 00 00 00 00 00 00 00 00 00 A1 13 9B F8 7E
[ 20278][16:42:29.715]7E FF 02 FF 34 B6 97 2F 31 01 A7 01 AE 7C 3A EB 00 49 00 54 00 01 00 01 8D DD 2E 01 A0 0B 03 5B 13 60 E0 00 43 43 BB 10 00 59 01 03 65 3E 30 10 88 FF 00 00 2A 00 00 11 08 00 00 01 03 01 00 90 20 22 86 58 79 15 00 69 97 2B 70 00 00 00 00 00 00 00 00 00 00 00 00 00 00 00 00 00 00 00 00 00 00 00 00 00 00 00 00 00 00 00 00 8E 0A 16 64 7E
[ 20279][16:42:29.745]7E FF 02 FF 35 B6 5B 2F 31 01 BD 03 65 F8 49 EB 00 49 00 10 00 01 00 02 8D DD 2E 10 01 70 00 01 02 0F 00 00 00 7A 70 AB D1 A0 02 7E
[ 20280][16:42:29.760]7E FF 02 FF 36 B6 67 2F 31 01 9E 03 9B 89 4E EB 00 49 00 10 00 01 00 02 8D DD 2E 10 01 70 1F 01 00 0F 00 00 E6 05 97 ED 4E CD 0A 7E
[ 20281][16:42:29.775]7E FF 02 FF 37 B6 7B 2F 31 01 7F 01 C2 F5 55 EB 00 49 00 10 00 01 00 02 8D DD 2E 10 01 C0 14 01 02 10 00 00 A6 9A 1B CC A4 F9 C9 7E
[ 20282][16:42:29.790]7E FF 02 FF 38 B6 7E 2F 31 01 BA 01 66 1B 57 EB 00 49 00 54 00 01 00 01 8D DD 2E 01 A0 0B 03 5B 13 60 E4 00 52 41 3F 10 00 59 01 03 65 3E 30 10 88 FF 00 00 2A 00 00 11 08 00 00 01 03 01 00 90 20 22 86 58 79 15 00 69 97 2B 70 00 00 00 00 00 00 00 00 00 00 00 00 00 00 00 00 00 00 00 00 00 00 00 00 00 00 00 00 00 00 00 00 F0 48 F1 4C 7E
[ 20283][16:42:29.805]7E FF 02 FF 39 B6 F3 2F 31 01 E2 03 FA CC 5D EB 00 49 00 54 00 01 00 01 8D DD 2E 01 A0 0B 03 5B 13 60 E0 00 43 43 BB 10 00 4A 01 03 67 3E 30 10 88 FF 00 00 2A 00 00 11 08 00 00 01 03 01 00 9F E7 49 74 55 79 15 00 B9 00 1C 02 00 00 00 00 00 00 00 00 00 00 00 00 00 00 00 00 00 00 00 00 00 00 00 00 00 00 00 00 00 00 00 00 0A 50 D6 8D 7E
[ 20284][16:42:29.820]7E FF 02 FF 3A B6 06 30 31 01 61 01 25 D3 64 EB 00 49 00 10 00 01 00 02 8D DD 2E 10 01 70 00 01 03 10 00 00 1F CA 0D 0E EA 09 E1 7E
[ 20285][16:42:29.850]7E FF 02 FF 3B B6 18 30 31 01 82 03 6D E2 6B EB 00 49 00 54 00 01 00 01 8D DD 2E 01 10 04 03 5B 13 60 E0 00 8C 0A 09 10 00 30 01 03 68 3E 30 10 88 FF 00 00 2A 00 00 11 08 00 00 01 03 01 00 1E 55 04 61 47 79 15 00 20 45 B1 CB 00 00 00 00 00 00 00 00 00 00 00 00 00 00 00 00 00 00 00 00 00 00 00 00 00 00 00 00 00 00 00 00 77 4D 0A 11 7E
[ 20286][16:42:29.880]7E FF 02 FF 3C B6 CA 2F 31 01 23 02 58 22 74 EB 00 49 00 94 00 01 00 01 8D DD 2E 01 70 00 00 16 15 B6 40 00 C2 1B 21 10 00 07 00 0A 6A 3E 00 34 88 FF 00 00 2A 00 00 01 00 00 00 22 03 23 23 11 83 00 00 05 46 46 54 01 00 00 40 07 00 01 01 C2 2F 56 7A 00 A0 0F 00 F1 00 00 00 01 00 00 00 00 00 00 00 00 00 00 00 00 00 00 00 33 DB 7B FA 00 00 00 00 00 00 00 00 00 00 00 00 00 00 00 00 00 00 00 00 00 00 00 00 00 00 00 00 00 00 00 00 00 00 00 00 00 00 00 00 00 00 00 00 00 00 00 00 00 00 00 00 00 00 00 00 00 00 00 00 3F 84 DC 76 7E
[ 20287][16:42:29.910]7E FF 02 FF 3D B6 56 30 31 01 EA 02 24 78 83 EB 00 49 00 94 00 01 00 01 8D DD 2E 01 C0 14 00 16 15 B6 40 00 D3 29 F3 10 00 4C 01 0A 6B 3E 00 34 88 FF 00 00 2A 00 00 01 00 00 00 22 03 23 13 10 57 00 00 05 46 46 54 01 00 00 40 4C 01 01 01 A0 CA 88 4C 00 A0 0F 00 B1 01 00 00 01 00 00 00 00 00 00 00 00 00 00 00 00 00 00 00 EB 0C 9A D3 00 00 00 00 00 00 00 00 00 00 00 00 00 00 00 00 00 00 00 00 00 00 00 00 00 00 00 00 00 00 00 00 00 00 00 00 00 00 00 00 00 00 00 00 00 00 00 00 00 00 00 00 00 00 00 00 00 00 00 00 BC 09 50 AB 7E
[ 20288][16:42:29.925]7E FF 02 FF 3E B6 6D 30 31 01 84 00 B8 02 8C EB 00 49 00 54 00 01 00 01 8D DD 2E 01 10 04 03 5B 13 60 E0 00 8C 0A 09 10 00 F7 01 03 6C 3E 30 10 88 FF 00 00 2A 00 00 11 08 00 00 01 03 01 00 22 4D 03 21 51 79 15 00 09 B1 66 7D 00 00 00 00 00 00 00 00 00 00 00 00 00 00 00 00 00 00 00 00 00 00 00 00 00 00 00 00 00 00 00 00 6A 16 D3 4A 7E
[ 20289][16:42:29.940]7E FF 02 FF 3F B6 7C 30 31 01 9E 02 62 EF 91 EB 00 49 00 54 00 01 00 01 8D DD 2E 01 A0 0B 03 5B 13 60 E0 00 43 43 BB 10 00 59 01 03 6D 3E 30 10 88 FF 00 00 2A 00 00 11 08 00 00 01 03 01 00 90 20 22 86 58 79 15 00 69 97 2B 70 00 00 00 00 00 00 00 00 00 00 00 00 00 00 00 00 00 00 00 00 00 00 00 00 00 00 00 00 00 00 00 00 45 26 0F 15 7E
[ 20290][16:42:30.000]7E FF 02 FF 40 B6 4B 30 31 01 43 00 7D 29 A5 EB 00 49 00 54 00 01 00 01 8D DD 2E 01 A0 0B 03 5B 13 60 E4 00 52 41 3F 10 00 59 01 03 6D 3E 30 10 88 FF 00 00 2A 00 00 11 08 00 00 01 03 01 00 90 20 22 86 58 79 15 00 69 97 2B 70 00 00 00 00 00 00 00 00 00 00 00 00 00 00 00 00 00 00 00 00 00 00 00 00 00 00 00 00 00 00 00 00 AB 37 9F C6 7E
[ 20291][16:42:30.015]7E FF 02 FF 41 B6 C5 30 31 01 7C 00 85 93 AD EB 00 49 00 54 00 01 00 01 8D DD 2E 01 10 04 03 5B 13 60 E0 00 8C 0A 09 10 00 F7 01 03 6E 3E 30 10 88 FF 00 00 2A 00 00 11 08 00 00 01 03 01 00 22 4D 03 21 51 79 15 00 09 B1 66 7D 00 00 00 00 00 00 00 00 00 00 00 00 00 00 00 00 00 00 00 00 00 00 00 00 00 00 00 00 00 00 00 00 1A CB D9 24 7E
[ 20292][16:42:30.060]7E FF 02 FF 42 B6 97 30 31 01 63 03 01 7D C2 EB 00 49 00 10 00 01 00 02 8D DD 2E 10 01 40 0A 01 03 0C 00 00 1E 69 F4 C8 B0 9E 14 7E
[ 20293][16:42:30.104]7E FF 02 FF 43 B6 AB 30 31 01 C0 02 C9 05 CA EB 00 49 00 94 00 01 00 01 8D DD 2E 01 40 0A 00 16 15 B6 40 00 A1 67 26 10 00 A4 00 0A 6F 3E 00 34 88 FF 00 00 2A 00 00 01 00 00 00 00 19 01 10 00 02 00 00 05 46 46 54 01 00 00 00 A4 00 01 01 2B A3 38 29 00 7D 00 00 58 00 00 00 01 00 00 00 00 00 00 00 00 00 00 00 00 00 00 00 D4 5D AB 9B 00 00 00 00 00 00 00 00 00 00 00 00 00 00 00 00 00 00 00 00 00 00 00 00 00 00 00 00 00 00 00 00 00 00 00 00 00 00 00 00 00 00 00 00 00 00 00 00 00 00 00 00 00 00 00 00 00 00 00 00 0B 27 FC B7 7E
[ 20294][16:42:30.493]7E FF 02 FF 44 B6 24 32 31 01 56 01 1E B5 59 EC 00 49 01 14 01 01 00 01 EC A8 22 3C F0 FF 00 34 18 60 C3 00 3F E4 B7 C0 03 FF 2F 01 C3 00 00 C8 F8 11 00 00 D5 00 00 08 00 00 00 3C 10 00 11 01 12 01 00 00 11 00 00 90 98 01 63 01 03 64 64 8F 00 11 01 25 00 13 00 4B 00 00 00 01 30 FE FF FD FF FF FF FF EF FF FF FF FF FF FF FF FF FF FF 03 10 0E 10 10 10 10 11 10 10 10 11 10 0F 11 10 11 11 10 11 11 11 11 11 11 11 11 11 10 10 10 11 11 11 10 10 10 10 11 11 0F 0F 11 10 11 11 10 11 11 11 11 11 10 0F 11 10 11 10 10 11 11 10 00 00 00 00 00 00 00 00 00 00 00 00 00 00 00 00 00 00 00 00 00 00 00 00 00 00 00 00 00 00 00 00 00 00 00 00 00 00 00 00 00 00 00 00 00 00 00 00 00 00 00 00 00 00 00 00 00 00 00 00 00 00 00 00 00 00 00 00 00 00 00 00 00 00 00 00 00 00 00 00 00 00 0D F1 BC 58 00 00 00 00 00 00 00 00 00 00 00 00 00 00 00 00 00 00 00 00 00 00 00 00 00 00 00 00 00 00 00 00 00 00 00 00 00 00 00 00 1B AB 14 B2 7E
[ 20295][16:42:31.077]7E FF 02 FF 45 B6 CF 34 31 01 F3 01 65 27 38 ED 00 3D 02 15 01 01 00 00 EC A8 22 98 A0 B4 29 01 B0 B0 02 00 A1 B9 87 CA D5 00 00 90 98 01 63 19 01 00 00 20 02 00 00 00 00 00 00 05 00 0F 01 00 00 64 00 00 90 98 01 63 04 00 00 01 0A C8 00 15 00 3C 00 3C 00 06 0A 7D 07 00 00 E3 54 AF 29 C0 49 00 13 33 00 06 17 32 00 00 00 00 37 20 B3 29 40 25 00 00 17 00 02 10 09 10 23 10 24 10 3D 10 1D 10 5C 00 5D 00 5E 00 5F 00 60 00 61 00 62 00 63 00 64 00 65 00 66 00 67 00 68 80 64 19 00 01 F4 01 00 02 D0 07 00 03 03 04 32 05 7B 00 7C 00 7E 00 7F 00 80 00 81 00 83 00 84 00 85 00 87 00 89 00 8A 00 8D 00 82 00 8C 00 8E 00 88 00 7D 00 86 00 8B 00 8F 00 90 00 91 00 17 00 1D 00 2C 00 2A 00 1B 00 08 00 0C 00 06 80 04 29 00 01 F4 01 00 02 C4 09 00 03 03 04 32 05 57 00 58 00 59 00 5A 00 5B 00 5C 00 5D 00 5E 00 5F 00 60 00 61 00 62 00 63 00 64 00 65 80 1C 25 00 01 F4 01 00 02 DC 05 00 03 03 04 32 05 82 B3 A8 0D E4 14 8B D2 7E
[ 20296][16:42:31.092]7E FF 02 FF 46 B6 80 34 31 01 A1 02 00 3C 40 ED 00 3E 02 15 01 01 00 00 EC A8 22 37 B5 BC 29 01 B0 B0 04 00 F5 A5 72 CA D5 00 00 90 98 01 63 19 01 00 00 20 02 00 00 00 00 00 00 05 00 0F 01 00 00 64 00 00 90 98 01 63 04 00 00 01 0A C8 00 15 00 3C 00 3C 00 06 0A 7D 07 00 00 E3 54 AF 29 C0 49 00 13 33 00 06 17 32 00 00 00 00 37 20 B3 29 40 25 00 00 17 00 02 10 09 10 23 10 24 10 3D 10 1D 10 5C 00 5D 00 5E 00 5F 00 60 00 61 00 62 00 63 00 64 00 65 00 66 00 67 00 68 80 64 19 00 01 F4 01 00 02 D0 07 00 03 03 04 32 05 7B 00 7C 00 7E 00 7F 00 80 00 81 00 83 00 84 00 85 00 87 00 89 00 8A 00 8D 00 82 00 8C 00 8E 00 88 00 7D 00 86 00 8B 00 8F 00 90 00 91 00 17 00 1D 00 2C 00 2A 00 1B 00 08 00 0C 00 06 80 04 29 00 01 F4 01 00 02 C4 09 00 03 03 04 32 05 57 00 58 00 59 00 5A 00 5B 00 5C 00 5D 00 5E 00 5F 00 60 00 61 00 62 00 63 00 64 00 65 80 1C 25 00 01 F4 01 00 02 DC 05 00 03 03 04 32 05 82 B3 A8 0D 01 34 6F 65 7E
[ 20297][16:42:31.123]7E FF 02 FF 47 B6 97 34 31 01 AD 02 26 03 49 ED 00 40 02 15 01 01 00 00 EC A8 22 5C 7C C5 29 01 B0 B0 06 00 A3 2E E0 CA D5 00 00 90 98 01 63 19 01 00 00 20 02 00 00 00 00 00 00 05 00 0F 01 00 00 64 00 00 90 98 01 63 04 00 00 01 0A C8 00 15 00 3C 00 3C 00 06 0A 7D 07 00 00 E3 54 AF 29 C0 49 00 13 33 00 06 17 32 00 00 00 00 37 20 B3 29 40 25 00 00 17 00 02 10 09 10 23 10 24 10 3D 10 1D 10 5C 00 5D 00 5E 00 5F 00 60 00 61 00 62 00 63 00 64 00 65 00 66 00 67 00 68 80 64 19 00 01 F4 01 00 02 D0 07 00 03 03 04 32 05 7B 00 7C 00 7E 00 7F 00 80 00 81 00 83 00 84 00 85 00 87 00 89 00 8A 00 8D 00 82 00 8C 00 8E 00 88 00 7D 00 86 00 8B 00 8F 00 90 00 91 00 17 00 1D 00 2C 00 2A 00 1B 00 08 00 0C 00 06 80 04 29 00 01 F4 01 00 02 C4 09 00 03 03 04 32 05 57 00 58 00 59 00 5A 00 5B 00 5C 00 5D 00 5E 00 5F 00 60 00 61 00 62 00 63 00 64 00 65 80 1C 25 00 01 F4 01 00 02 DC 05 00 03 03 04 32 05 82 B3 A8 0D 09 92 96 97 7E
[ 20298][16:42:31.153]7E FF 02 FF 48 B6 11 35 31 01 88 02 25 64 51 ED 00 49 01 15 01 01 00 00 EC A8 22 A9 DE CD 29 02 B0 B0 04 00 24 51 49 C9 D5 00 00 90 98 01 63 19 01 00 00 20 02 00 00 00 00 00 00 05 00 0F 02 10 00 42 01 18 01 00 00 03 12 02 02 01 0A C8 00 15 00 3C 00 3C 00 06 0A 7D 07 00 00 E3 54 AF 29 C0 49 00 13 33 00 06 17 32 00 00 00 00 37 20 B3 29 40 25 00 00 17 00 02 10 09 10 23 10 24 10 3D 10 1D 10 5C 00 5D 00 5E 00 5F 00 60 00 61 00 62 00 63 00 64 00 65 00 66 00 67 00 68 80 64 19 00 01 F4 01 00 02 D0 07 00 03 03 04 32 05 7B 00 7C 00 7E 00 7F 00 80 00 81 00 83 00 84 00 85 00 87 00 89 00 8A 00 8D 00 82 00 8C 00 8E 00 88 00 7D 00 86 00 8B 00 8F 00 90 00 91 00 17 00 1D 00 2C 00 2A 00 1B 00 08 00 0C 00 06 80 04 29 00 01 F4 01 00 02 C4 09 00 03 03 04 32 05 57 00 58 00 59 00 5A 00 5B 00 5C 00 5D 00 5E 00 5F 00 60 00 61 00 62 00 63 00 64 00 65 80 1C 25 00 01 F4 01 00 02 DC 05 00 03 03 04 32 05 C6 15 84 67 B1 A8 59 F3 7E
[ 20299][16:42:31.183]7E FF 02 FF 49 B6 28 35 31 01 64 02 24 27 5A ED 00 49 01 15 01 01 00 00 EC A8 22 9B A1 D6 29 09 B0 B0 02 00 8A 9B 3B C9 D5 00 00 90 98 01 63 19 01 00 00 20 02 00 00 00 00 00 00 05 00 0F 09 10 00 44 01 21 01 00 00 19 12 03 01 01 0A C8 00 15 00 3C 00 3C 00 06 0A 7D 07 00 00 E3 54 AF 29 C0 49 00 13 33 00 06 17 32 00 00 00 00 37 20 B3 29 40 25 00 00 17 00 02 10 09 10 23 10 24 10 3D 10 1D 10 5C 00 5D 00 5E 00 5F 00 60 00 61 00 62 00 63 00 64 00 65 00 66 00 67 00 68 80 64 19 00 01 F4 01 00 02 D0 07 00 03 03 04 32 05 7B 00 7C 00 7E 00 7F 00 80 00 81 00 83 00 84 00 85 00 87 00 89 00 8A 00 8D 00 82 00 8C 00 8E 00 88 00 7D 00 86 00 8B 00 8F 00 90 00 91 00 17 00 1D 00 2C 00 2A 00 1B 00 08 00 0C 00 06 80 04 29 00 01 F4 01 00 02 C4 09 00 03 03 04 32 05 57 00 58 00 59 00 5A 00 5B 00 5C 00 5D 00 5E 00 5F 00 60 00 61 00 62 00 63 00 64 00 65 80 1C 25 00 01 F4 01 00 02 DC 05 00 03 03 04 32 05 5A 41 EE 17 84 9F D5 6E 7E
[ 20300][16:42:31.257]7E FF 02 FF 4A B6 84 35 31 01 6D 02 3E 42 7D ED 00 49 01 15 01 01 00 00 EC A8 22 2A BE F9 29 1D B0 B0 04 00 B8 4F 48 C8 D5 00 00 90 98 01 63 19 01 00 00 20 02 00 00 00 00 00 00 05 00 0F 1D 30 02 3E 01 19 01 00 00 01 21 05 02 01 0A C8 00 15 00 3C 00 3C 00 06 0A 7D 07 00 00 E3 54 AF 29 C0 23 00 13 33 00 06 17 32 00 00 00 00 37 20 B3 29 40 25 00 00 17 00 64 19 00 01 F4 01 00 02 D0 07 00 03 03 04 32 05 5E 00 5F 00 60 00 61 00 62 00 63 00 64 00 65 00 66 00 67 00 68 80 64 19 00 01 F4 01 00 02 D0 07 00 03 03 04 32 05 7B 00 7C 00 7E 00 7F 00 80 00 81 00 83 00 84 00 85 00 87 00 89 00 8A 00 8D 00 82 00 8C 00 8E 00 88 00 7D 00 86 00 8B 00 8F 00 90 00 91 00 17 00 1D 00 2C 00 2A 00 1B 00 08 00 0C 00 06 80 04 29 00 01 F4 01 00 02 C4 09 00 03 03 04 32 05 57 00 58 00 59 00 5A 00 5B 00 5C 00 5D 00 5E 00 5F 00 60 00 61 00 62 00 63 00 64 00 65 80 1C 25 00 01 F4 01 00 02 DC 05 00 03 03 04 32 05 0D E5 F3 D7 13 AB 20 BA 7E
[ 20301][16:42:31.302]7E FF 02 FF 4B B6 4E 35 31 01 64 02 0E CB 8E ED 00 49 01 15 01 01 00 00 EC A8 22 79 45 0B 2A 5D B0 B0 06 00 1D 17 1F C8 D5 00 00 90 98 01 63 19 01 00 00 20 02 00 00 00 00 00 00 05 00 0F 5D 10 00 50 01 21 01 00 00 08 11 03 03 01 0A C8 00 15 00 3C 00 3C 00 06 0A 7D 07 00 00 E3 54 AF 29 C0 23 00 13 33 00 06 17 32 00 00 00 00 37 20 B3 29 40 25 00 00 17 00 64 19 00 01 F4 01 00 02 D0 07 00 03 03 04 32 05 5E 00 5F 00 60 00 61 00 62 00 63 00 64 00 65 00 66 00 67 00 68 80 64 19 00 01 F4 01 00 02 D0 07 00 03 03 04 32 05 7B 00 7C 00 7E 00 7F 00 80 00 81 00 83 00 84 00 85 00 87 00 89 00 8A 00 8D 00 82 00 8C 00 8E 00 88 00 7D 00 86 00 8B 00 8F 00 90 00 91 00 17 00 1D 00 2C 00 2A 00 1B 00 08 00 0C 00 06 80 04 29 00 01 F4 01 00 02 C4 09 00 03 03 04 32 05 57 00 58 00 59 00 5A 00 5B 00 5C 00 5D 00 5E 00 5F 00 60 00 61 00 62 00 63 00 64 00 65 80 1C 25 00 01 F4 01 00 02 DC 05 00 03 03 04 32 05 B3 B7 D1 FD 0E 4B CE 21 7E
[ 20302][16:42:31.302]7E FF 02 FF 4C B6 5D 35 31 01 D4 02 AE 94 94 ED 00 49 01 10 00 01 00 03 8D DD 2E A0 08 8D 12 B1 50 3B 2A 02 15 00 0E 9F BE 6B 5E 7E
[ 20303][16:42:31.347]7E FF 02 FF 4D B6 E0 35 31 01 62 02 23 57 A0 ED 00 49 00 15 01 01 00 00 EC A8 22 7B D1 1C 2A 5F B0 B0 02 00 22 E4 0E C8 D5 00 00 90 98 01 63 19 01 00 00 20 02 00 00 00 00 00 00 05 00 0F 5F 10 00 46 01 23 01 00 00 13 11 02 01 01 0A C8 00 15 00 3C 00 3C 00 06 0A 7D 07 00 00 E3 54 AF 29 C0 23 00 13 33 00 06 17 32 00 00 00 00 37 20 B3 29 40 25 00 00 17 00 64 19 00 01 F4 01 00 02 D0 07 00 03 03 04 32 05 5E 00 5F 00 60 00 61 00 62 00 63 00 64 00 65 00 66 00 67 00 68 80 64 19 00 01 F4 01 00 02 D0 07 00 03 03 04 32 05 7B 00 7C 00 7E 00 7F 00 80 00 81 00 83 00 84 00 85 00 87 00 89 00 8A 00 8D 00 82 00 8C 00 8E 00 88 00 7D 00 86 00 8B 00 8F 00 90 00 91 00 17 00 1D 00 2C 00 2A 00 1B 00 08 00 0C 00 06 80 04 29 00 01 F4 01 00 02 C4 09 00 03 03 04 32 05 57 00 58 00 59 00 5A 00 5B 00 5C 00 5D 00 5E 00 5F 00 60 00 61 00 62 00 63 00 64 00 65 80 1C 25 00 01 F4 01 00 02 DC 05 00 03 03 04 32 05 79 D1 FC F5 5B FC F4 3B 7E
[ 20304][16:42:31.395]7E FF 02 FF 4E B6 AA 35 31 01 6C 02 EF E3 B1 ED 00 49 01 15 01 01 00 00 EC A8 22 5E 5E 2E 2A 61 B0 B0 02 00 77 86 55 C8 D5 00 00 90 98 01 63 19 01 00 00 20 02 00 00 00 00 00 00 05 00 0F 61 10 00 46 01 23 01 00 00 14 11 02 01 01 0A C8 00 15 00 3C 00 3C 00 06 0A 7D 07 00 00 E3 54 AF 29 C0 23 00 13 33 00 06 17 32 00 00 00 00 37 20 B3 29 40 25 00 00 17 00 64 19 00 01 F4 01 00 02 D0 07 00 03 03 04 32 05 5E 00 5F 00 60 00 61 00 62 00 63 00 64 00 65 00 66 00 67 00 68 80 64 19 00 01 F4 01 00 02 D0 07 00 03 03 04 32 05 7B 00 7C 00 7E 00 7F 00 80 00 81 00 83 00 84 00 85 00 87 00 89 00 8A 00 8D 00 82 00 8C 00 8E 00 88 00 7D 00 86 00 8B 00 8F 00 90 00 91 00 17 00 1D 00 2C 00 2A 00 1B 00 08 00 0C 00 06 80 04 29 00 01 F4 01 00 02 C4 09 00 03 03 04 32 05 57 00 58 00 59 00 5A 00 5B 00 5C 00 5D 00 5E 00 5F 00 60 00 61 00 62 00 63 00 64 00 65 80 1C 25 00 01 F4 01 00 02 DC 05 00 03 03 04 32 05 49 1A 57 9C 00 7C CB 1B 7E
[ 20305][16:42:31.481]7E FF 02 FF 4F B6 06 36 31 01 41 02 AE FA D4 ED 00 49 00 15 01 01 00 00 EC A8 22 37 75 51 2A 65 B0 B0 02 00 BF 35 90 C8 D5 00 00 90 98 01 63 19 01 00 00 20 02 00 00 00 00 00 00 05 00 0F 65 10 00 3C 01 23 01 00 00 05 11 02 01 01 0A C8 00 15 00 3C 00 3C 00 06 0A 7D 07 00 00 E3 54 AF 29 C0 23 00 13 33 00 06 17 32 00 00 00 00 37 20 B3 29 40 25 00 00 17 00 64 19 00 01 F4 01 00 02 D0 07 00 03 03 04 32 05 5E 00 5F 00 60 00 61 00 62 00 63 00 64 00 65 00 66 00 67 00 68 80 64 19 00 01 F4 01 00 02 D0 07 00 03 03 04 32 05 7B 00 7C 00 7E 00 7F 00 80 00 81 00 83 00 84 00 85 00 87 00 89 00 8A 00 8D 00 82 00 8C 00 8E 00 88 00 7D 00 86 00 8B 00 8F 00 90 00 91 00 17 00 1D 00 2C 00 2A 00 1B 00 08 00 0C 00 06 80 04 29 00 01 F4 01 00 02 C4 09 00 03 03 04 32 05 57 00 58 00 59 00 5A 00 5B 00 5C 00 5D 00 5E 00 5F 00 60 00 61 00 62 00 63 00 64 00 65 80 1C 25 00 01 F4 01 00 02 DC 05 00 03 03 04 32 05 4E 51 99 2B 10 97 1D 0A 7E
[ 20306][16:42:31.736]7E FF 02 FF 50 B6 78 37 31 01 E2 02 C6 09 3C EE 00 49 00 94 00 01 00 01 8D DD 2E 01 30 00 00 16 15 B6 40 00 80 53 29 10 00 03 00 0A 71 3E 00 34 88 FF 00 00 2A 00 00 01 00 00 00 21 01 18 00 38 84 00 00 05 46 46 54 01 00 00 00 03 00 01 01 2B A3 38 29 00 7D 00 00 A3 00 00 00 01 00 00 00 00 00 00 00 00 00 00 00 00 00 00 00 BA 19 42 D9 00 00 00 00 00 00 00 00 00 00 00 00 00 00 00 00 00 00 00 00 00 00 00 00 00 00 00 00 00 00 00 00 00 00 00 00 00 00 00 00 00 00 00 00 00 00 00 00 00 00 00 00 00 00 00 00 00 00 00 00 88 82 FC 05 7E
[ 20307][16:42:31.766]7E FF 02 FF 51 B6 3F 37 31 01 CA 02 5A 72 4C EE 00 49 00 10 00 01 00 02 8D DD 2E 10 01 C0 07 01 00 0D 00 00 4C 56 01 62 6C 62 C0 7E
[ 20308][16:42:31.780]7E FF 02 FF 52 B6 42 37 31 01 A4 01 47 75 4D EE 00 49 00 94 00 01 00 01 8D DD 2E 01 30 00 00 16 15 B6 44 00 91 51 AD 10 00 03 00 0A 71 3E 00 34 88 FF 00 00 2A 00 00 01 00 00 00 21 01 18 00 38 84 00 00 05 46 46 54 01 00 00 00 03 00 01 01 2B A3 38 29 00 7D 00 00 A3 00 00 00 01 00 00 00 00 00 00 00 00 00 00 00 00 00 00 00 BA 19 42 D9 00 00 00 00 00 00 00 00 00 00 00 00 00 00 00 00 00 00 00 00 00 00 00 00 00 00 00 00 00 00 00 00 00 00 00 00 00 00 00 00 00 00 00 00 00 00 00 00 00 00 00 00 00 00 00 00 00 00 00 00 F3 45 1E 24 7E
[ 20309][16:42:31.841]7E FF 02 FF 53 B6 E0 37 31 01 1D 03 A9 B9 63 EE 00 49 00 54 00 01 00 01 8D DD 2E 01 C0 07 02 5B 13 60 E0 00 02 AB 13 10 00 7C 00 03 72 3E 30 10 88 FF 00 00 2A 00 00 11 08 00 00 01 03 01 00 AE E0 24 88 66 79 15 00 43 9B EC 55 00 00 00 00 00 00 00 00 00 00 00 00 00 00 00 00 00 00 00 00 00 00 00 00 00 00 00 00 00 00 00 00 7A BD 1B A1 7E
[ 20310][16:42:31.841]7E FF 02 FF 54 B6 EF 37 31 01 EA 02 EA 72 69 EE 00 49 00 10 00 01 00 02 8D DD 2E 10 01 E0 02 01 03 0C 00 00 34 8E E0 CE 9A BB F5 7E
[ 20311][16:42:31.931]7E FF 02 FF 55 B6 48 38 31 01 22 02 9C 53 8B EE 00 49 00 10 00 01 00 02 8D DD 2E 10 01 E0 02 01 03 0D 00 00 35 9E 24 74 E7 A0 EA 7E
[ 20312][16:42:32.022]7E FF 02 FF 56 B6 A6 38 31 01 01 03 E9 44 AF EE 00 49 00 10 00 01 00 02 8D DD 2E 10 01 40 0A 01 01 0E 00 00 3E C9 74 C5 8F 9F FD 7E
[ 20313][16:42:32.022]7E FF 02 FF 57 B6 AA 38 31 01 34 02 1D B8 B0 EE 00 49 00 10 00 01 00 03 EC A8 22 FA 01 65 21 8D DD 2E 20 02 19 FD 7C 82 88 42 3C 7E
[ 20314][16:42:32.052]7E FF 02 FF 58 B6 58 38 31 01 C1 01 5B 8A B7 EE 00 49 00 10 00 01 00 02 8D DD 2E 10 01 20 12 01 01 0F 00 00 21 7C BC DF 62 01 52 7E
[ 20315][16:42:32.052]7E FF 02 FF 59 B6 5C 38 31 01 4D 01 63 00 B9 EE 00 49 00 54 00 01 00 01 8D DD 2E 01 E0 02 03 5B 13 60 E0 00 4A 22 17 10 00 A9 00 03 55 3E 30 10 88 FF 00 00 2A 00 00 11 08 00 00 01 03 01 00 E9 50 87 41 61 79 15 00 44 CE 9B B0 00 00 00 00 00 00 00 00 00 00 00 00 00 00 00 00 00 00 00 00 00 00 00 00 00 00 00 00 00 00 00 00 99 C7 DC 0E 7E
[ 20316][16:42:32.097]7E FF 02 FF 5A B6 65 38 31 01 C8 02 1C 93 BC EE 00 49 01 14 01 01 00 01 EC A8 22 3B F0 FF 00 34 18 60 C3 00 39 E4 43 B0 03 FF 2F 01 AD 00 00 C8 88 11 00 00 D5 00 00 08 00 00 00 3B 10 00 11 01 12 01 00 00 13 00 00 90 98 01 63 03 03 64 64 8F 00 11 01 24 00 13 00 4B 00 00 00 01 30 FE FF FD FF FF FF FF F7 FF FF FF FF FF FF FF FF FF FF 03 10 0E 10 10 10 10 11 10 10 10 11 10 0F 11 10 11 11 10 0A 11 11 11 11 11 11 11 11 10 10 10 11 11 11 10 10 10 10 11 11 0F 0F 11 10 11 11 10 11 11 11 11 11 10 0F 11 10 11 10 10 11 11 10 00 00 00 00 00 00 00 00 00 00 00 00 00 00 00 00 00 00 00 00 00 00 00 00 00 00 00 00 00 00 00 00 00 00 00 00 00 00 00 00 00 00 00 00 00 00 00 00 00 00 00 00 00 00 00 00 00 00 00 00 00 00 00 00 00 00 00 00 00 00 00 00 00 00 00 00 00 00 00 00 00 00 21 06 36 F7 00 00 00 00 00 00 00 00 00 00 00 00 00 00 00 00 00 00 00 00 00 00 00 00 00 00 00 00 00 00 00 00 00 00 00 00 00 00 00 00 F6 2E 66 5F 7E
[ 20317][16:42:32.127]7E FF 02 FF 5B B6 81 38 31 01 EC 02 3B 45 C7 EE 00 49 00 14 01 01 00 01 EC A8 22 0C F0 FF 00 34 18 60 C3 00 09 E4 AF C0 00 FF 2F 01 26 01 00 CA C8 11 03 00 D5 00 00 08 00 00 00 0C 10 00 11 01 21 01 00 00 13 00 00 90 98 01 63 03 02 5D 64 8F 00 10 02 41 00 13 00 43 00 00 00 01 30 08 00 FE EF FD FF FF FF FF FF FF FF FF FF FF FF FF FF FF FF 03 10 0E 10 10 10 10 11 10 10 10 11 0F 11 10 11 11 10 11 11 11 11 11 11 11 11 11 10 10 10 11 11 11 10 10 10 10 11 11 0F 0F 11 10 11 11 10 11 11 11 11 11 10 0E 11 10 11 10 10 10 11 11 10 00 00 00 00 00 00 00 00 00 00 00 00 00 00 00 00 00 00 00 00 00 00 00 00 00 00 00 00 00 00 00 00 00 00 00 00 00 00 00 00 00 00 00 00 00 00 00 00 00 00 00 00 00 00 00 00 00 00 00 00 00 00 00 00 00 00 00 00 00 00 00 00 00 00 00 00 00 00 00 00 00 00 E7 E3 67 83 00 00 00 00 00 00 00 00 00 00 00 00 00 00 00 00 00 00 00 00 00 00 00 00 00 00 00 00 00 00 00 00 00 00 00 00 00 00 FF 48 36 23 7E
[ 20318][16:42:32.157]7E FF 02 FF 5C B6 FC 38 31 01 04 03 C3 0D D0 EE 00 49 01 14 01 01 00 01 EC A8 22 32 F0 FF 00 34 18 60 C3 00 30 E4 D3 20 03 FF 2F 01 1B 00 00 C8 E8 11 00 00 D5 00 00 08 00 00 00 32 10 00 11 01 21 01 00 00 16 00 00 90 98 01 63 03 03 64 64 8F 00 10 01 2E 00 13 00 46 00 00 00 01 30 FE FF FD FF FF FF FB FF FF FF FF FF FF FF FF FF FF FF 03 10 0E 10 10 10 10 11 10 10 10 11 10 0F 11 10 11 11 10 11 11 11 11 11 11 11 11 11 10 10 10 11 11 11 10 10 10 10 11 11 0F 10 11 10 11 11 10 11 11 11 11 10 0E 11 10 11 10 10 10 11 11 10 00 00 00 00 00 00 00 00 00 00 00 00 00 00 00 00 00 00 00 00 00 00 00 00 00 00 00 00 00 00 00 00 00 00 00 00 00 00 00 00 00 00 00 00 00 00 00 00 00 00 00 00 00 00 00 00 00 00 00 00 00 00 00 00 00 00 00 00 00 00 00 00 00 00 00 00 00 00 00 00 00 00 EB E9 CF 5A 00 00 00 00 00 00 00 00 00 00 00 00 00 00 00 00 00 00 00 00 00 00 00 00 00 00 00 00 00 00 00 00 00 00 00 00 00 00 00 00 F0 91 F4 6F 7E
[ 20319][16:42:32.172]7E FF 02 FF 5D B6 C9 38 31 01 97 00 94 82 E2 EE 00 49 00 94 00 01 00 01 8D DD 2E 01 E0 02 01 16 15 B6 40 00 06 D3 12 10 00 2E 00 03 59 3E 00 34 88 FF 08 00 2A 00 00 00 00 05 46 46 54 00 00 59 04 27 43 05 00 00 00 00 00 00 00 8F 01 17 00 3F 00 00 00 65 1A 00 00 00 00 00 00 20 20 12 03 00 37 00 00 05 46 46 54 01 00 00 00 A4 00 01 01 2B A3 38 29 00 7D 00 00 77 EF 55 4A 00 00 00 00 00 00 00 00 00 00 00 00 00 00 00 00 00 00 00 00 00 00 00 00 00 00 00 00 00 00 00 00 00 00 00 00 00 00 00 00 00 00 00 00 00 00 00 00 80 16 4E ED 7E
[ 20320][16:42:32.202]7E FF 02 FF 5E B6 56 39 31 01 AD 00 64 28 F2 EE 00 49 00 54 00 01 00 01 8D DD 2E 01 E0 02 03 5B 13 60 E0 00 4A 22 17 10 00 5C 00 03 5A 3E 30 10 88 FF 00 00 2A 00 00 11 08 00 00 01 03 01 00 E1 52 97 64 60 79 15 00 52 01 AA 46 00 00 00 00 00 00 00 00 00 00 00 00 00 00 00 00 00 00 00 00 00 00 00 00 00 00 00 00 00 00 00 00 C7 76 6B 8C 7E
[ 20321][16:42:32.306]7E FF 02 FF 5F B6 7D 39 31 01 EA 01 4D 27 01 EF 00 49 00 14 02 01 00 01 8D DD 2E 01 F0 FF 01 BF 18 7B 83 00 B3 03 F9 10 00 FF 2F 01 5E 3E 00 88 88 11 00 00 2A 00 00 08 00 00 00 01 00 00 04 00 00 05 46 46 54 00 00 05 46 46 54 00 00 64 64 1F 00 56 00 9F 00 45 00 64 00 00 00 00 00 00 00 00 10 00 00 00 00 00 00 00 00 00 00 00 00 00 00 00 00 00 00 00 00 00 00 00 00 02 00 00 00 00 04 00 00 00 00 00 00 00 00 00 00 00 40 00 00 48 07 00 40 00 00 20 80 00 08 18 8A 18 90 40 02 04 84 0F 0A 10 00 09 00 00 01 00 01 08 06 06 01 07 08 00 00 03 00 00 00 00 01 05 00 0A 40 05 07 07 09 6F 7E 80 AE 00 00 00 00 00 00 00 00 00 00 00 00 00 00 00 00 00 00 00 00 00 00 00 00 00 00 00 00 00 00 00 00 00 00 00 00 00 00 00 00 00 00 00 00 00 00 00 00 00 00 00 00 00 00 00 00 00 00 00 00 00 00 00 00 00 00 00 00 00 00 00 00 00 00 00 00 00 00 00 00 00 00 00 00 00 00 00 00 00 00 00 00 00 00 00 00 00 00 00 00 00 00 00 00 00 00 00 00 00 00 00 00 00 00 00 00 00 00 00 00 00 00 00 00 00 00 00 00 00 00 00 00 00 00 00 00 00 00 00 00 00 00 00 00 00 00 00 00 00 00 00 00 00 00 00 00 00 00 00 00 00 00 00 00 00 00 00 00 00 00 00 00 00 00 00 00 00 00 00 00 00 00 00 00 00 00 00 00 00 00 00 00 00 00 00 00 00 00 00 00 00 00 00 00 00 00 00 00 00 00 00 00 00 00 00 00 00 00 00 00 00 00 00 00 00 00 00 00 00 00 00 00 00 00 00 00 00 00 00 00 00 00 00 00 00 00 00 00 00 00 00 00 00 00 00 00 00 00 00 00 00 00 00 00 00 00 00 00 00 00 00 00 00 00 00 00 00 00 00 00 00 00 00 00 00 00 00 00 00 00 00 00 00 00 00 00 00 00 00 00 00 00 00 00 00 00 00 00 00 00 00 00 00 00 00 00 00 00 00 00 00 00 00 00 00 00 00 00 00 00 00 00 00 00 00 00 00 00 00 00 00 00 00 00 00 00 00 00 00 00 00 00 00 00 00 00 00 00 00 00 0F B4 25 BA 7E
[ 20322][16:42:32.322]7E FF 02 FF 60 B6 3C 39 31 01 0F 03 55 9E 0E EF 00 49 00 94 00 01 00 01 8D DD 2E 01 40 0A 00 16 15 B6 40 00 A1 67 26 10 00 A4 00 0A 5F 3E 00 34 88 FF 00 00 2A 00 00 01 00 00 00 00 19 01 15 00 47 00 00 05 46 46 54 01 00 00 00 A4 00 01 01 2B A3 38 29 00 7D 00 00 A5 00 00 00 01 00 00 00 00 00 00 00 00 00 00 00 00 00 00 00 9F 0A 4F 8C 00 00 00 00 00 00 00 00 00 00 00 00 00 00 00 00 00 00 00 00 00 00 00 00 00 00 00 00 00 00 00 00 00 00 00 00 00 00 00 00 00 00 00 00 00 00 00 00 00 00 00 00 00 00 00 00 00 00 00 00 D9 2B 02 9F 7E
[ 20323][16:42:32.367]7E FF 02 FF 61 B6 E3 39 31 01 4B 01 6C 00 28 EF 00 49 00 94 00 01 00 01 8D DD 2E 01 40 0A 00 16 15 B6 40 00 A1 67 26 10 00 A4 00 0A 60 3E 00 34 88 FF 00 00 2A 00 00 01 00 00 00 00 19 01 15 00 23 00 00 05 46 46 54 01 00 00 40 A4 00 01 01 A9 2C B3 3C 00 7D 00 00 16 00 00 00 01 00 00 00 00 00 00 00 00 00 00 00 00 00 00 00 83 72 06 4A 00 00 00 00 00 00 00 00 00 00 00 00 00 00 00 00 00 00 00 00 00 00 00 00 00 00 00 00 00 00 00 00 00 00 00 00 00 00 00 00 00 00 00 00 00 00 00 00 00 00 00 00 00 00 00 00 00 00 00 00 91 B1 F5 E0 7E
[ 20324][16:42:32.427]7E FF 02 FF 62 B6 27 3A 31 01 8E 00 2C DF 41 EF 00 49 00 94 00 01 00 01 8D DD 2E 01 00 21 00 16 15 B6 40 00 B1 65 48 10 00 10 02 0A 61 3E 00 34 88 FF 00 00 2A 00 00 01 00 00 00 21 01 18 00 83 90 00 00 05 46 46 54 01 00 00 00 10 02 01 01 2B A3 38 29 00 7D 00 00 63 00 00 00 01 00 00 00 00 00 00 00 00 00 00 00 00 00 00 00 21 8F DC 93 00 00 00 00 00 00 00 00 00 00 00 00 00 00 00 00 00 00 00 00 00 00 00 00 00 00 00 00 00 00 00 00 00 00 00 00 00 00 00 00 00 00 00 00 00 00 00 00 00 00 00 00 00 00 00 00 00 00 00 00 A6 91 BC 01 7E
[ 20325][16:42:32.457]7E FF 02 FF 63 B6 42 3A 31 01 C4 00 20 31 4C EF 00 49 00 94 00 01 00 01 8D DD 2E 01 F0 FF 01 C8 14 B6 42 00 54 6D 1F 10 00 FF 2F 05 62 3E 00 36 88 11 00 00 2A 00 00 01 00 00 00 22 03 23 13 11 35 00 00 05 46 46 54 0A 01 75 41 01 00 01 01 8E 2F 5E 85 E1 93 04 00 69 60 6A B1 66 1A 00 00 00 00 00 00 01 00 00 00 02 00 00 00 DC 01 93 D1 0D B3 00 00 00 00 00 00 00 00 00 00 00 00 00 00 00 00 00 00 00 00 00 00 00 00 00 00 00 00 00 00 00 00 00 00 00 00 00 00 00 00 00 00 00 00 00 00 00 00 00 00 00 00 00 00 00 00 00 00 5B 29 8C AE 7E
[ 20326][16:42:32.487]7E FF 02 FF 64 B6 04 3A 31 01 24 01 6D B9 5A EF 00 49 00 94 00 01 00 01 8D DD 2E 01 F0 FF 01 C8 14 B6 46 00 45 6F 9B 10 00 FF 2F 05 62 3E 00 36 88 11 00 00 2A 00 00 01 00 00 00 22 03 23 13 11 35 00 00 05 46 46 54 0A 01 75 41 01 00 01 01 8E 2F 5E 85 E1 93 04 00 69 60 6A B1 66 1A 00 00 00 00 00 00 01 00 00 00 02 00 00 00 DC 01 93 D1 0D B3 00 00 00 00 00 00 00 00 00 00 00 00 00 00 00 00 00 00 00 00 00 00 00 00 00 00 00 00 00 00 00 00 00 00 00 00 00 00 00 00 00 00 00 00 00 00 00 00 00 00 00 00 00 00 00 00 00 00 56 51 A5 FD 7E
[ 20327][16:42:32.621]7E FF 02 FF 65 B6 72 3A 31 01 76 03 6F E9 84 EF 00 49 00 14 01 01 00 01 EC A8 22 45 F0 FF 00 34 18 60 C3 00 48 E4 1F 50 04 FF 2F 01 E0 00 00 C8 98 11 03 00 D5 00 00 08 00 00 00 45 10 00 11 01 17 01 00 00 01 00 00 90 98 01 63 01 02 40 50 8F 00 0B 01 32 00 13 00 50 00 00 00 01 30 FE FF FD FF FF FF FF FF DF FF FF FF FF FF FF FF FF FF 03 00 00 00 00 00 00 00 00 00 00 00 00 00 00 00 00 00 00 00 00 00 00 00 00 00 00 00 00 00 00 00 00 00 00 00 00 00 00 00 00 00 00 00 00 00 00 00 00 00 00 00 00 00 00 00 00 00 00 00 00 00 00 00 00 00 00 00 00 00 00 00 00 00 00 00 00 00 00 00 00 00 00 00 00 00 00 00 00 00 00 00 00 00 00 00 00 00 00 00 00 00 00 00 00 00 00 00 00 00 00 00 00 00 00 00 00 00 00 00 00 00 00 00 00 00 00 00 00 00 00 00 00 00 00 00 00 00 00 00 00 00 00 00 37 5E 6A DE 00 00 00 00 00 00 00 00 00 00 00 00 00 00 00 00 00 00 00 00 00 00 00 00 00 00 00 00 00 00 00 00 00 00 00 00 00 00 00 00 35 CD E3 C4 7E
[ 20328][16:42:33.041]7E FF 02 FF 66 B6 8D 3C 31 01 E8 02 E2 53 2C F0 00 49 00 54 00 01 00 01 8D DD 2E 01 A0 0B 03 5B 13 60 E0 00 43 43 BB 10 00 FE 01 03 78 3E 30 10 88 FF 00 00 2A 00 00 11 08 00 00 01 03 01 00 FF 91 97 37 62 79 15 00 CD DA D4 07 00 00 00 00 00 00 00 00 00 00 00 00 00 00 00 00 00 00 00 00 00 00 00 00 00 00 00 00 00 00 00 00 A1 A7 D8 A1 7E
[ 20329][16:42:33.250]7E FF 02 FF 67 B6 11 3D 31 01 05 02 FA C4 84 F0 00 49 00 10 00 01 00 02 8D DD 2E 10 01 E0 02 01 03 06 00 00 31 2E F4 16 48 D9 23 7E
[ 20330][16:42:33.265]7E FF 02 FF 68 B6 21 3D 31 01 7F 01 3A D0 8A F0 00 49 00 10 00 01 00 02 8D DD 2E 10 01 10 04 01 03 06 00 00 0D E8 2C FF FE 0D C0 7E
[ 20331][16:42:33.325]7E FF 02 FF 69 B6 B2 3D 31 01 34 00 32 D5 9B F0 00 49 00 54 00 01 00 01 8D DD 2E 01 10 04 03 5B 13 60 E0 00 8C 0A 09 10 00 30 01 03 79 3E 30 10 88 FF 00 00 2A 00 00 11 08 00 00 01 03 01 00 1E 55 04 61 47 79 15 00 20 45 B1 CB 00 00 00 00 00 00 00 00 00 00 00 00 00 00 00 00 00 00 00 00 00 00 00 00 00 00 00 00 00 00 00 00 7D 49 C6 00 7E
[ 20332][16:42:33.743]7E FF 02 FF 6A B6 39 3F 31 01 91 02 1D 37 31 F1 00 49 00 14 01 01 00 01 EC A8 22 7B F0 FF 00 34 18 60 C3 00 71 E4 63 B0 07 FF 2F 01 83 00 00 C8 D8 11 00 00 D5 00 00 08 00 00 00 7B 10 00 11 01 16 01 00 00 02 00 00 90 98 01 63 01 03 31 46 8F 00 0C 01 32 00 13 00 46 00 00 00 01 30 FE FF FD FF FF FF FF FF FF FF FF FF FF FF FF F7 FF FF 03 00 00 00 00 00 00 00 00 00 00 00 00 00 00 00 00 00 00 00 00 00 00 00 00 00 00 00 00 00 00 00 00 00 00 00 00 00 00 00 00 00 00 00 00 00 00 00 00 00 00 00 00 00 00 00 00 00 00 00 00 00 00 00 00 00 00 00 00 00 00 00 00 00 00 00 00 00 00 00 00 00 00 00 00 00 00 00 00 00 00 00 00 00 00 00 00 00 00 00 00 00 00 00 00 00 00 00 00 00 00 00 00 00 00 00 00 00 00 00 00 00 00 00 00 00 00 00 00 00 00 00 00 00 00 00 00 00 00 00 00 00 00 00 FD 40 18 28 00 00 00 00 00 00 00 00 00 00 00 00 00 00 00 00 00 00 00 00 00 00 00 00 00 00 00 00 00 00 00 00 00 00 00 00 00 00 00 00 E3 0D D5 7A 7E
[ 20333][16:42:33.803]7E FF 02 FF 6B B6 94 3F 31 01 88 02 EC F2 53 F1 00 49 00 10 00 01 00 02 8D DD 2E 10 01 E0 02 01 03 06 00 00 31 2E F4 F4 03 9C E5 7E
[ 20334][16:42:33.848]7E FF 02 FF 6C B6 6A 3F 31 01 28 03 30 23 6A F1 00 49 00 10 00 01 00 02 8D DD 2E 10 01 E0 02 01 03 07 00 00 30 3E 30 AF 04 BF 94 7E
[ 20335][16:42:33.938]7E FF 02 FF 6D B6 1F 40 31 01 66 00 36 C4 88 F1 00 49 00 10 00 01 00 03 EC A8 22 FA 01 F1 19 8D DD 2E 20 02 93 23 EB E1 F8 5D C7 7E
[ 20336][16:42:34.119]7E FF 02 FF 6E B6 40 40 31 01 6E 03 77 C6 BB F1 00 49 00 14 01 01 00 01 EC A8 22 26 F0 FF 00 34 18 60 C3 00 27 E4 1F 60 02 FF 2F 01 BF 00 00 CA C0 11 03 00 D5 00 00 08 00 00 00 26 10 00 11 01 12 01 00 00 12 00 00 90 98 01 63 03 01 64 64 8F 00 10 02 32 00 13 00 49 00 00 00 01 30 1D 00 FE FF FD FF BF FF FF FF FF FF FF FF FF FF FF FF FF FF 03 10 0E 10 10 10 10 11 10 10 10 11 10 0F 11 10 11 11 10 11 11 11 11 11 11 11 11 11 10 10 10 11 11 11 10 10 10 11 11 0F 0F 11 10 11 11 10 11 11 11 11 11 10 0F 11 10 11 10 10 10 11 11 10 00 00 00 00 00 00 00 00 00 00 00 00 00 00 00 00 00 00 00 00 00 00 00 00 00 00 00 00 00 00 00 00 00 00 00 00 00 00 00 00 00 00 00 00 00 00 00 00 00 00 00 00 00 00 00 00 00 00 00 00 00 00 00 00 00 00 00 00 00 00 00 00 00 00 00 00 00 00 00 00 00 00 A1 85 B9 BB 00 00 00 00 00 00 00 00 00 00 00 00 00 00 00 00 00 00 00 00 00 00 00 00 00 00 00 00 00 00 00 00 00 00 00 00 00 00 BC 3B 0E 9B 7E
[ 20337][16:42:34.850]7E FF 02 FF 6F B6 47 43 31 01 4B 02 DE 52 E3 F2 00 49 00 10 00 01 00 02 8D DD 2E 10 01 E0 02 01 03 08 00 00 36 CE E8 B1 3D 55 88 7E
[ 20338][16:42:35.090]7E FF 02 FF 70 B6 36 44 31 01 BA 03 44 A3 3E F3 00 49 00 10 00 01 00 03 8D DD 2E A0 08 B4 03 B1 50 3B 2A 02 97 94 09 85 AA 44 32 7E
[ 20339][16:42:35.165]7E FF 02 FF 71 B6 BF 44 31 01 72 01 B6 80 4C F3 00 49 00 14 01 01 00 01 EC A8 22 5E F0 FF 00 34 18 60 C3 00 50 E4 23 E0 05 FF 2F 01 A6 00 00 C8 E8 11 00 00 D5 00 00 08 00 00 00 5E 10 00 11 01 23 01 00 00 08 00 00 90 98 01 63 01 02 31 46 8F 00 0C 01 32 00 13 00 46 00 00 00 01 30 FE FF FD FF FF FF FF FF FF FF FF BF FF FF FF FF FF FF 03 00 00 00 00 00 00 00 00 00 00 00 00 00 00 00 00 00 00 00 00 00 00 00 00 00 00 00 00 00 00 00 00 00 00 00 00 00 00 00 00 00 00 00 00 00 00 00 00 00 00 00 00 00 00 00 00 00 00 00 00 00 00 00 00 00 00 00 00 00 00 00 00 00 00 00 00 00 00 00 00 00 00 00 00 00 00 00 00 00 00 00 00 00 00 00 00 00 00 00 00 00 00 00 00 00 00 00 00 00 00 00 00 00 00 00 00 00 00 00 00 00 00 00 00 00 00 00 00 00 00 00 00 00 00 00 00 00 00 00 00 00 00 00 54 82 5F F5 00 00 00 00 00 00 00 00 00 00 00 00 00 00 00 00 00 00 00 00 00 00 00 00 00 00 00 00 00 00 00 00 00 00 00 00 00 00 00 00 33 C1 AD CA 7E
[ 20340][16:42:35.210]7E FF 02 FF 72 B6 17 45 31 01 95 01 70 1E 6E F3 00 49 00 10 00 01 00 02 8D DD 2E 10 01 40 17 01 03 09 00 00 5B D6 9D 6A 8F 8C BB 7E
[ 20341][16:42:35.210]7E FF 02 FF 73 B6 1F 45 31 01 E1 02 65 4A 71 F3 00 49 00 10 00 01 00 02 8D DD 2E 10 01 50 1E 01 01 09 00 00 BC 0C 3A 61 4D F5 3B 7E
[ 20342][16:42:35.285]7E FF 02 FF 74 B6 35 45 31 01 F3 02 89 AA 79 F3 00 49 01 14 01 01 00 01 EC A8 22 3A F0 FF 00 34 18 60 C3 00 39 E4 D7 A0 03 FF 2F 01 CF 00 00 C8 B8 11 00 00 D5 00 00 08 00 00 00 3A 10 00 11 01 12 01 00 00 14 00 00 90 98 01 63 01 03 5E 64 8F 00 11 01 25 00 13 00 48 00 00 00 01 30 FE FF FD FF FF FF FF FB FF FF FF FF FF FF FF FF FF FF 03 10 0E 10 10 10 10 11 10 10 10 11 10 0F 11 10 11 11 10 08 11 11 11 11 11 11 11 11 10 10 10 11 11 11 10 10 10 10 11 11 0F 10 11 10 11 11 10 11 11 11 11 11 10 0F 11 10 11 10 10 11 10 10 00 00 00 00 00 00 00 00 00 00 00 00 00 00 00 00 00 00 00 00 00 00 00 00 00 00 00 00 00 00 00 00 00 00 00 00 00 00 00 00 00 00 00 00 00 00 00 00 00 00 00 00 00 00 00 00 00 00 00 00 00 00 00 00 00 00 00 00 00 00 00 00 00 00 00 00 00 00 00 00 00 00 20 82 1B BC 00 00 00 00 00 00 00 00 00 00 00 00 00 00 00 00 00 00 00 00 00 00 00 00 00 00 00 00 00 00 00 00 00 00 00 00 00 00 00 00 43 D9 F8 A3 7E
[ 20343][16:42:35.315]7E FF 02 FF 75 B6 88 45 31 01 0F 02 DE 44 99 F3 00 49 01 10 00 01 00 02 8D DD 2E 10 01 E0 02 01 03 09 00 00 37 DE 2C 05 62 60 98 7E
[ 20344][16:42:35.405]7E FF 02 FF 76 B6 E0 45 31 01 B1 00 B4 B4 BA F3 00 49 01 10 00 01 00 02 8D DD 2E 10 01 E0 02 01 03 0C 00 00 34 8E E0 A0 5E D4 E6 7E
[ 20345][16:42:35.539]7E FF 02 FF 77 B6 40 46 31 01 C1 01 E6 66 DF F3 00 49 00 14 01 01 00 01 EC A8 22 48 F0 FF 00 34 18 60 C3 00 44 E4 4B 80 04 FF 2F 01 64 00 00 C8 90 11 00 00 D5 00 00 08 00 00 00 48 10 00 11 01 23 01 00 00 10 00 00 90 98 01 63 01 02 31 46 8F 00 0C 01 32 00 13 00 46 00 00 00 01 30 FE FF FD FF FF FF FF FF FF FE FF FF FF FF FF FF FF FF 03 00 00 00 00 00 00 00 00 00 00 00 00 00 00 00 00 00 00 00 00 00 00 00 00 00 00 00 00 00 00 00 00 00 00 00 00 00 00 00 00 00 00 00 00 00 00 00 00 00 00 00 00 00 00 00 00 00 00 00 00 00 00 00 00 00 00 00 00 00 00 00 00 00 00 00 00 00 00 00 00 00 00 00 00 00 00 00 00 00 00 00 00 00 00 00 00 00 00 00 00 00 00 00 00 00 00 00 00 00 00 00 00 00 00 00 00 00 00 00 00 00 00 00 00 00 00 00 00 00 00 00 00 00 00 00 00 00 00 00 00 00 00 00 B4 40 49 BC 00 00 00 00 00 00 00 00 00 00 00 00 00 00 00 00 00 00 00 00 00 00 00 00 00 00 00 00 00 00 00 00 00 00 00 00 00 00 00 00 B4 24 BC AC 7E
[ 20346][16:42:35.659]7E FF 02 FF 78 B6 7B 46 31 01 69 00 1B F2 1B F4 00 49 00 10 00 01 00 02 8D DD 2E 10 01 40 0E 01 01 0D 00 00 3F D8 B4 91 7D AE CC 7E
[ 20347][16:42:35.839]7E FF 02 FF 79 B6 2E 47 31 01 9F 03 6A 8B 60 F4 00 49 00 10 00 01 00 03 EC A8 22 FA 01 7D 12 8D DD 2E 20 02 13 71 1D C0 CE 36 E8 7E
[ 20348][16:42:36.259]7E FF 02 FF 7A B6 86 48 31 01 D6 03 84 C6 E3 F4 00 49 00 15 02 01 00 00 8D DD 2E D0 73 99 4D 01 90 5B 05 00 F7 E8 46 CA 2A 00 00 05 46 46 54 BD 0A 00 00 00 00 00 00 00 00 00 00 04 00 0F 01 00 00 64 00 00 05 46 46 54 04 00 00 01 0A D0 02 96 00 3C 00 3C 00 06 0A FC EA 19 32 7E 5D 5E 4D C0 DD 00 5D 33 00 45 17 32 00 00 00 00 02 EA 8F 4D 0A 26 00 00 00 00 07 10 03 10 49 10 2E 10 41 10 10 12 A4 10 E2 11 BA 10 B8 11 4C 11 0D 11 1F 12 75 11 6D 11 69 10 00 12 1B 12 E4 10 C7 11 44 11 94 10 AC 11 CE 11 01 12 64 11 A2 11 16 10 29 11 87 11 31 11 79 11 83 10 1F 10 08 10 0D 10 60 10 4F 10 09 10 E8 10 0C 10 88 10 EA 10 5A 11 27 11 74 10 4E 10 4B 10 7C 11 73 11 1B 10 5B 11 FD 11 A0 11 B2 10 4A 10 4D 10 17 10 DF 11 3E 10 CA 10 73 10 0E 10 76 10 33 11 20 11 51 11 18 12 48 10 CC 00 A8 00 D8 00 E1 00 D1 00 DA 00 DB 00 C0 00 E7 00 DC 00 D4 00 06 01 B1 00 7C 00 D3 00 26 00 A2 00 CB 00 EB 01 8B 01 F4 01 DC 01 5C 01 35 81 7C 15 00 01 E8 03 00 02 E8 03 00 03 98 00 50 00 23 02 84 00 7C 01 73 01 A3 00 05 02 28 01 48 01 49 01 3E 01 80 00 24 00 85 01 59 00 1F 01 43 01 C3 00 9E 01 B8 00 ED 00 03 01 F9 01 A7 81 88 13 00 01 E8 03 00 02 E8 03 00 03 E8 03 00 03 00 03 E8 03 00 03 E8 03 00 02 E8 03 00 03 00 00 00 00 00 00 00 00 00 00 00 00 00 00 00 00 00 00 00 00 00 00 00 00 00 00 00 00 00 00 00 00 00 00 00 00 00 00 00 00 00 00 00 00 00 00 00 00 00 00 00 00 00 00 00 00 00 00 00 00 00 00 00 00 00 00 00 00 00 00 00 00 00 00 00 00 00 00 00 00 00 00 00 00 00 00 00 00 00 00 00 00 00 00 00 00 00 00 00 00 00 00 00 00 00 00 00 00 00 00 00 00 00 00 00 00 00 00 00 00 00 00 00 00 00 00 00 00 00 00 00 00 00 00 00 00 00 00 00 00 00 00 00 00 00 00 00 00 00 00 00 00 00 00 00 00 B8 AD 2E 55 95 34 A6 EC 7E
[ 20349][16:42:36.305]7E FF 02 FF 7B B6 02 49 31 01 05 00 8B 8B EC F4 00 49 00 15 02 01 00 00 8D DD 2E D5 38 A2 4D 01 90 5B 07 00 04 F1 D2 CA 2A 00 00 05 46 46 54 BD 0A 00 00 00 00 00 00 00 00 00 00 04 00 0F 01 00 00 64 00 00 05 46 46 54 04 00 00 01 0A D0 02 96 00 3C 00 3C 00 06 0A FC EA 19 32 7E 5D 5E 4D C0 DD 00 5D 33 00 45 17 32 00 00 00 00 02 EA 8F 4D 0A 26 00 00 00 00 07 10 03 10 49 10 2E 10 41 10 10 12 A4 10 E2 11 BA 10 B8 11 4C 11 0D 11 1F 12 75 11 6D 11 69 10 00 12 1B 12 E4 10 C7 11 44 11 94 10 AC 11 CE 11 01 12 64 11 A2 11 16 10 29 11 87 11 31 11 79 11 83 10 1F 10 08 10 0D 10 60 10 4F 10 09 10 E8 10 0C 10 88 10 EA 10 5A 11 27 11 74 10 4E 10 4B 10 7C 11 73 11 1B 10 5B 11 FD 11 A0 11 B2 10 4A 10 4D 10 17 10 DF 11 3E 10 CA 10 73 10 0E 10 76 10 33 11 20 11 51 11 18 12 48 10 CC 00 A8 00 D8 00 E1 00 D1 00 DA 00 DB 00 C0 00 E7 00 DC 00 D4 00 06 01 B1 00 7C 00 D3 00 26 00 A2 00 CB 00 EB 01 8B 01 F4 01 DC 01 5C 01 35 81 7C 15 00 01 E8 03 00 02 E8 03 00 03 98 00 50 00 23 02 84 00 7C 01 73 01 A3 00 05 02 28 01 48 01 49 01 3E 01 80 00 24 00 85 01 59 00 1F 01 43 01 C3 00 9E 01 B8 00 ED 00 03 01 F9 01 A7 81 88 13 00 01 E8 03 00 02 E8 03 00 03 E8 03 00 03 00 03 E8 03 00 03 E8 03 00 02 E8 03 00 03 00 00 00 00 00 00 00 00 00 00 00 00 00 00 00 00 00 00 00 00 00 00 00 00 00 00 00 00 00 00 00 00 00 00 00 00 00 00 00 00 00 00 00 00 00 00 00 00 00 00 00 00 00 00 00 00 00 00 00 00 00 00 00 00 00 00 00 00 00 00 00 00 00 00 00 00 00 00 00 00 00 00 00 00 00 00 00 00 00 00 00 00 00 00 00 00 00 00 00 00 00 00 00 00 00 00 00 00 00 00 00 00 00 00 00 00 00 00 00 00 00 00 00 00 00 00 00 00 00 00 00 00 00 00 00 00 00 00 00 00 00 00 00 00 00 00 00 00 00 00 00 00 00 00 00 00 B8 AD 2E 55 C1 94 90 9B 7E
[ 20350][16:42:37.021]7E FF 02 FF 7C B6 A6 4B 31 01 99 03 68 EA 14 F6 00 49 00 14 01 01 00 01 EC A8 22 18 F0 FF 00 34 18 60 C3 00 1E E4 63 80 01 FF 2F 01 42 00 00 C3 B0 11 00 00 D5 00 00 08 00 00 00 18 10 00 11 01 21 01 00 00 14 00 00 90 98 01 63 03 02 64 64 8A 00 10 01 38 00 13 00 46 00 00 00 01 30 FE FF FD FE FF FF FF FF DF FB FF FF FF FB FF FF FF BF 01 10 0C 10 10 10 10 11 10 10 10 11 10 0F 07 08 11 11 10 11 0C 11 11 11 11 11 11 04 10 10 04 11 11 06 10 0F 0F 11 04 0F 0E 04 10 0A 11 0D 11 0F 11 11 11 03 02 11 03 11 10 10 10 11 11 10 00 00 00 00 00 00 00 00 00 00 00 00 00 00 00 00 00 00 00 00 00 00 00 00 00 00 00 00 00 00 00 00 00 00 00 00 00 00 00 00 00 00 00 00 00 00 00 00 00 00 00 00 00 00 00 00 00 00 00 00 00 00 00 00 00 00 00 00 00 00 00 00 00 00 00 00 00 D9 9F 7D D7 00 00 00 00 00 00 00 00 00 00 00 00 00 00 00 00 00 00 00 00 00 00 00 00 00 00 00 00 00 00 00 00 00 00 00 00 00 00 00 00 00 00 00 00 00 04 B5 4A 9C 7E
[ 20351][16:42:37.739]7E FF 02 FF 7D B6 9A 4E 31 01 70 03 F2 50 35 F7 00 49 00 10 00 01 00 03 EC A8 22 FA 01 11 0B 8D DD 2E 20 02 2F 50 B5 C8 28 AA 3D 7E
[ 20352][16:42:38.413]7E FF 02 FF 7E B6 9D 51 31 01 C9 00 D7 06 35 F8 00 49 00 10 00 01 00 02 8D DD 2E 10 01 20 1E 01 01 10 00 00 2C EF 45 C9 52 34 F7 7E
[ 20353][16:42:38.428]7E FF 02 FF 7F B6 AA 51 31 01 79 00 62 F4 39 F8 00 49 00 10 00 01 00 02 8D DD 2E 10 01 00 00 01 01 10 00 00 A3 39 03 0F F7 D4 01 7E
[ 20354][16:42:38.443]7E FF 02 FF 80 B6 AC 51 31 01 F4 01 F8 D6 3A F8 00 49 00 94 00 01 00 01 8D DD 2E 01 F0 FF 01 C8 14 B6 46 00 45 6F 9B 10 00 FF 2F 05 62 3E 00 36 88 11 00 00 2A 00 00 01 00 00 00 22 03 23 13 11 35 00 00 05 46 46 54 0A 01 75 41 01 00 01 01 8E 2F 5E 85 E1 93 04 00 69 60 6A B1 66 1A 00 00 00 00 00 00 01 00 00 00 02 00 00 00 DC 01 93 D1 0D B3 00 00 00 00 00 00 00 00 00 00 00 00 00 00 00 00 00 00 00 00 00 00 00 00 00 00 00 00 00 00 00 00 00 00 00 00 00 00 00 00 00 00 00 00 00 00 00 00 00 00 00 00 00 00 00 00 00 00 63 D2 D0 B1 7E
[ 20355][16:42:38.473]7E FF 02 FF 81 B6 5D 51 31 01 48 03 6B FA 42 F8 00 49 00 94 00 01 00 01 8D DD 2E 01 F0 FF 01 C8 14 B6 46 00 45 6F 9B 10 00 FF 2F 05 62 3E 00 36 88 11 00 00 2A 00 00 01 00 00 00 22 03 23 13 11 35 00 00 05 46 46 54 0A 01 75 41 01 00 01 01 8E 2F 5E 85 E1 93 04 00 69 60 6A B1 66 1A 00 00 00 00 00 00 01 00 00 00 02 00 00 00 DC 01 93 D1 0D B3 00 00 00 00 00 00 00 00 00 00 00 00 00 00 00 00 00 00 00 00 00 00 00 00 00 00 00 00 00 00 00 00 00 00 00 00 00 00 00 00 00 00 00 00 00 00 00 00 00 00 00 00 00 00 00 00 00 00 E2 9A CF 64 7E
[ 20356][16:42:38.473]7E FF 02 FF 82 B6 74 51 31 01 9B 00 A9 83 4B F8 00 49 00 10 00 01 00 02 8D DD 2E 10 01 00 00 01 01 11 00 00 A2 29 C7 C7 A7 60 9D 7E
[ 20357][16:42:38.503]7E FF 02 FF 83 B6 7D 51 31 01 A1 00 4F ED 4E F8 00 49 00 94 00 01 00 01 8D DD 2E 01 F0 FF 01 C8 14 B6 46 00 45 6F 9B 10 00 FF 2F 05 62 3E 00 36 88 11 00 00 2A 00 00 01 00 00 00 22 03 23 13 11 35 00 00 05 46 46 54 0A 01 75 41 01 00 01 01 8E 2F 5E 85 E1 93 04 00 69 60 6A B1 66 1A 00 00 00 00 00 00 01 00 00 00 02 00 00 00 DC 01 93 D1 0D B3 00 00 00 00 00 00 00 00 00 00 00 00 00 00 00 00 00 00 00 00 00 00 00 00 00 00 00 00 00 00 00 00 00 00 00 00 00 00 00 00 00 00 00 00 00 00 00 00 00 00 00 00 00 00 00 00 00 00 80 74 1B 2B 7E
[ 20358][16:42:38.503]7E FF 02 FF 84 B6 F8 51 31 01 5E 03 C4 FD 57 F8 00 49 00 10 00 01 00 02 8D DD 2E 10 01 00 00 01 03 11 00 00 83 A9 43 72 CE 9A 27 7E
[ 20359][16:42:38.518]7E FF 02 FF 85 B6 09 52 31 01 05 01 9A 3F 5E F8 00 49 00 10 00 01 00 02 8D DD 2E 10 01 00 00 01 00 11 00 00 B3 69 43 BC 03 B4 1A 7E
[ 20360][16:42:38.533]7E FF 02 FF 86 B6 13 52 31 01 31 03 77 46 62 F8 00 49 00 10 00 01 00 02 8D DD 2E 10 01 00 21 01 01 11 00 00 EB 29 63 9E 00 B6 A7 7E
[ 20361][16:42:38.564]7E FF 02 FF 87 B6 1B 52 31 01 32 00 05 03 65 F8 00 49 00 94 00 01 00 01 8D DD 2E 01 00 21 00 16 15 B6 40 00 B1 65 48 10 00 10 02 0A 66 3E 00 34 88 FF 00 00 2A 00 00 01 00 00 00 22 03 23 23 12 40 00 00 05 46 46 54 01 00 00 00 10 02 01 01 2B A3 38 29 00 7D 00 00 A2 00 00 00 01 00 00 00 00 00 00 00 00 00 00 00 00 00 00 00 CE 43 D9 C4 00 00 00 00 00 00 00 00 00 00 00 00 00 00 00 00 00 00 00 00 00 00 00 00 00 00 00 00 00 00 00 00 00 00 00 00 00 00 00 00 00 00 00 00 00 00 00 00 00 00 00 00 00 00 00 00 00 00 00 00 0F 12 09 52 7E
[ 20362][16:42:38.579]7E FF 02 FF 88 B6 CF 51 31 01 09 01 E3 3F 6E F8 00 49 00 54 00 01 00 01 8D DD 2E 01 E0 02 03 5B 13 60 E0 00 4A 22 17 10 00 AA 00 0A 69 3E 30 10 88 FF 00 00 2A 00 00 11 08 00 00 01 03 01 00 DD 50 99 64 62 79 15 00 B2 FF 54 93 00 00 00 00 00 00 00 00 00 00 00 00 00 00 00 00 00 00 00 00 00 00 00 00 00 00 00 00 00 00 00 00 A4 09 98 31 7E
[ 20363][16:42:38.623]7E FF 02 FF 89 B6 5A 52 31 01 2F 01 88 23 7D F8 00 49 00 94 00 01 00 01 8D DD 2E 01 E0 02 01 16 15 B6 40 00 06 D3 12 10 00 2E 00 03 74 3E 00 34 88 FF 08 00 2A 00 00 00 00 05 46 46 54 00 00 59 04 27 43 05 00 00 00 00 00 00 00 E2 00 73 00 35 00 00 00 67 1A 00 00 00 00 00 00 21 01 18 00 38 84 00 00 05 46 46 54 01 00 00 00 03 00 01 01 2B A3 38 29 00 7D 00 00 6B 46 B3 C0 00 00 00 00 00 00 00 00 00 00 00 00 00 00 00 00 00 00 00 00 00 00 00 00 00 00 00 00 00 00 00 00 00 00 00 00 00 00 00 00 00 00 00 00 00 00 00 00 88 D3 18 A5 7E
[ 20364][16:42:38.639]7E FF 02 FF 8A B6 7B 52 31 01 81 00 02 AF 89 F8 00 49 00 10 00 01 00 02 8D DD 2E 10 01 20 1A 01 00 10 00 00 3C 8E C1 5F 1D 40 27 7E
[ 20365][16:42:38.700]7E FF 02 FF 8B B6 B5 52 31 01 BE 03 90 20 A0 F8 00 49 00 10 00 01 00 02 8D DD 2E 10 01 00 00 01 00 11 00 00 B3 69 43 1E FA A5 ED 7E
[ 20366][16:42:38.715]7E FF 02 FF 8C B6 B8 52 31 01 8E 01 D3 08 A1 F8 00 49 00 94 00 01 00 01 8D DD 2E 01 E0 02 01 16 15 B6 40 00 06 D3 12 10 00 2E 00 03 76 3E 00 34 88 FF 08 00 2A 00 00 00 00 05 46 46 54 00 00 59 04 27 43 05 00 00 00 00 00 00 00 7B 01 3E 00 3C 00 00 00 68 1A 00 00 00 00 00 00 46 54 00 00 59 04 27 43 05 00 00 00 00 00 00 00 E2 00 73 00 35 00 00 00 67 1A 00 00 7A 4A 5C A4 00 00 00 00 00 00 00 00 00 00 00 00 00 00 00 00 00 00 00 00 00 00 00 00 00 00 00 00 00 00 00 00 00 00 00 00 00 00 00 00 00 00 00 00 00 00 00 00 D8 CC 4B 62 7E
[ 20367][16:42:38.715]7E FF 02 FF 8D B6 CC 52 31 01 B8 00 9B 9A A8 F8 00 49 00 10 00 01 00 02 8D DD 2E 01 01 F0 21 01 00 10 00 00 55 8E A1 A5 E0 70 5B 7E
[ 20368][16:42:38.730]7E FF 02 FF 8E B6 D8 52 31 01 08 01 A7 36 AD F8 00 49 00 10 00 01 00 02 8D DD 2E 10 01 10 04 01 01 11 00 00 26 18 41 9D 0A 2E 4E 7E
[ 20369][16:42:38.745]7E FF 02 FF 8F B6 84 52 31 01 5A 00 3A 40 B3 F8 00 49 00 10 00 01 00 02 8D DD 2E 10 01 00 00 01 02 11 00 00 92 E9 C7 5D C7 42 A7 7E
[ 20370][16:42:38.790]7E FF 02 FF 90 B6 9C 52 31 01 51 01 1B 7A BC F8 00 49 00 94 00 01 00 01 8D DD 2E 01 40 0A 00 16 15 B6 40 00 A1 67 26 10 00 A4 00 0A 77 3E 00 34 88 FF 00 00 2A 00 00 01 00 00 00 00 19 01 15 00 24 00 00 05 46 46 54 01 00 00 00 A4 00 01 01 2B A3 38 29 00 7D 00 00 84 00 00 00 01 00 00 00 00 00 00 00 00 00 00 00 00 00 00 00 E9 6A 55 70 00 00 00 00 00 00 00 00 00 00 00 00 00 00 00 00 00 00 00 00 00 00 00 00 00 00 00 00 00 00 00 00 00 00 00 00 00 00 00 00 00 00 00 00 00 00 00 00 00 00 00 00 00 00 00 00 00 00 00 00 5F 80 79 13 7E
[ 20371][16:42:38.819]7E FF 02 FF 91 B6 23 53 31 01 59 00 61 BB C9 F8 00 49 00 94 00 01 00 01 8D DD 2E 01 40 0A 00 16 15 B6 44 00 B0 65 A2 10 00 A4 00 0A 77 3E 00 34 88 FF 00 00 2A 00 00 01 00 00 00 00 19 01 15 00 24 00 00 05 46 46 54 01 00 00 00 A4 00 01 01 2B A3 38 29 00 7D 00 00 84 00 00 00 01 00 00 00 00 00 00 00 00 00 00 00 00 00 00 00 E9 6A 55 70 00 00 00 00 00 00 00 00 00 00 00 00 00 00 00 00 00 00 00 00 00 00 00 00 00 00 00 00 00 00 00 00 00 00 00 00 00 00 00 00 00 00 00 00 00 00 00 00 00 00 00 00 00 00 00 00 00 00 00 00 4B 39 11 70 7E
[ 20372][16:42:38.834]7E FF 02 FF 92 B6 42 53 31 01 23 03 45 DA D5 F8 00 49 00 10 00 01 00 02 8D DD 2E 10 01 30 00 01 02 12 00 00 1E E8 01 21 1E 2D F3 7E
[ 20373][16:42:38.865]7E FF 02 FF 93 B6 45 53 31 01 BC 03 F2 08 D7 F8 00 49 00 94 00 01 00 01 8D DD 2E 01 E0 02 01 16 15 B6 40 00 06 D3 12 10 00 2E 00 03 7B 3E 00 34 88 FF 08 00 2A 00 00 00 00 05 46 46 54 00 00 59 04 27 43 05 00 00 00 00 00 00 00 AB 01 17 00 30 00 00 00 69 1A 00 00 00 00 00 00 00 19 01 15 00 24 00 00 05 46 46 54 01 00 00 00 A4 00 01 01 2B A3 38 29 00 7D 00 00 C4 5B 69 0B 00 00 00 00 00 00 00 00 00 00 00 00 00 00 00 00 00 00 00 00 00 00 00 00 00 00 00 00 00 00 00 00 00 00 00 00 00 00 00 00 00 00 00 00 00 00 00 00 5B A6 7F C5 7E
[ 20374][16:42:38.925]7E FF 02 FF 94 B6 8C 53 31 01 10 01 13 DB F1 F8 00 49 00 94 00 01 00 01 8D DD 2E 01 F0 FF 00 C8 14 B6 42 00 15 65 BA 10 00 FF 2F 01 87 3E 00 32 88 11 00 00 2A 00 00 0C 00 00 00 01 00 18 08 08 08 04 8E 4D 00 A1 17 7A A0 07 7A A0 07 7A A1 07 7A AE 0C 7A A0 07 7A A0 07 7A A1 07 7A 1B 0A 7A A0 17 7A A0 17 7A A1 07 7A 9C 2E 17 E2 00 00 00 00 00 00 00 00 00 00 00 00 00 00 00 00 00 00 00 00 00 00 00 00 00 00 00 00 00 00 00 00 00 00 00 00 00 00 00 00 00 00 00 00 00 00 00 00 00 00 00 00 00 00 00 00 00 00 00 00 00 00 C3 C0 53 2C 7E
[ 20375][16:42:38.970]7E FF 02 FF 95 B6 4B 53 31 01 02 02 88 4C FF F8 00 49 00 94 00 01 00 01 8D DD 2E 01 20 1A 01 16 15 B6 40 00 06 13 09 10 00 A2 01 03 8E 3E 00 34 88 FF 08 00 2A 00 00 00 00 05 46 46 54 22 03 23 23 12 47 05 00 00 00 00 00 00 00 2D 01 A2 01 B2 00 00 00 70 1A 00 00 00 00 00 00 26 03 03 02 19 59 00 00 05 46 46 54 0A 01 6D 41 01 00 01 01 B7 1B 4B CB E1 93 04 00 9F 76 6A 7B 00 00 00 00 00 00 00 00 00 00 00 00 00 00 00 00 00 00 00 00 00 00 00 00 00 00 00 00 00 00 00 00 00 00 00 00 00 00 00 00 00 00 00 00 00 00 00 00 6B 43 5A B6 7E
[ 20376][16:42:38.970]7E FF 02 FF 96 B6 6D 53 31 01 8A 02 33 58 0C F9 00 49 00 10 00 01 00 03 8D DD 2E A0 08 0D 1B B1 50 3B 2A 02 77 CE 3F A9 45 8A BF 7E
[ 20377][16:42:39.091]7E FF 02 FF 97 B6 D7 53 31 01 1E 00 EB 8B 34 F9 00 49 00 10 00 01 00 02 8D DD 2E 10 01 20 1A 01 03 10 00 00 0C 4E C1 86 64 A6 24 7E
[ 20378][16:42:39.121]7E FF 02 FF 98 B6 4F 54 31 01 16 01 F3 3E 3C F9 00 49 00 94 00 01 00 01 8D DD 2E 01 20 1A 01 16 15 B6 40 00 06 13 09 10 00 A2 01 03 94 3E 00 34 88 FF 08 00 2A 00 00 00 00 05 46 46 54 22 03 23 23 12 47 05 00 00 00 00 00 00 00 5D 01 A2 01 11 01 00 00 72 1A 00 00 00 00 00 00 00 15 79 52 19 58 00 00 05 46 46 54 01 00 00 00 03 00 01 01 2B A3 38 29 00 7D 00 00 3C A2 D6 57 00 00 00 00 00 00 00 00 00 00 00 00 00 00 00 00 00 00 00 00 00 00 00 00 00 00 00 00 00 00 00 00 00 00 00 00 00 00 00 00 00 00 00 00 00 00 00 00 D1 4A 3D 01 7E
[ 20379][16:42:39.381]7E FF 02 FF 99 B6 FB 54 31 01 04 03 89 31 A4 F9 00 49 00 54 00 01 00 01 8D DD 2E 01 00 21 03 5B 13 60 E0 00 BC 9C E8 10 00 10 02 03 8C 3E 30 10 88 FF 00 00 2A 00 00 11 08 00 00 01 03 01 00 9D 03 01 00 00 26 05 25 C5 1B 7A C2 00 00 00 00 00 00 00 00 00 00 00 00 00 00 00 00 00 00 00 00 00 00 00 00 00 00 00 00 00 00 00 00 79 99 14 DE 7E
[ 20380][16:42:39.441]7E FF 02 FF 9A B6 90 55 31 01 79 03 80 EE B6 F9 00 49 00 54 00 01 00 01 8D DD 2E 01 00 21 03 5B 13 60 E4 00 AD 9E 6C 10 00 10 02 03 8C 3E 30 10 88 FF 00 00 2A 00 00 11 08 00 00 01 03 01 00 9D 03 01 00 00 26 05 25 C5 1B 7A C2 00 00 00 00 00 00 00 00 00 00 00 00 00 00 00 00 00 00 00 00 00 00 00 00 00 00 00 00 00 00 00 00 41 0E CD 97 7E
[ 20381][16:42:39.456]7E FF 02 FF 9B B6 44 55 31 01 38 02 4A FC BF F9 00 49 00 10 00 01 00 02 8D DD 2E 10 01 00 00 01 02 10 00 00 93 F9 03 16 8D EE 1B 7E
[ 20382][16:42:39.456]7E FF 02 FF 9C B6 47 55 31 01 50 03 A8 37 C1 F9 00 49 00 54 00 01 00 01 8D DD 2E 01 00 21 03 5B 13 60 E4 00 AD 9E 6C 10 00 10 02 03 8C 3E 30 10 88 FF 00 00 2A 00 00 11 08 00 00 01 03 01 00 9D 03 01 00 00 26 05 25 C5 1B 7A C2 00 00 00 00 00 00 00 00 00 00 00 00 00 00 00 00 00 00 00 00 00 00 00 00 00 00 00 00 00 00 00 00 E4 2C 6D 0F 7E
[ 20383][16:42:39.486]7E FF 02 FF 9D B6 62 55 31 01 FE 00 FB 49 CB F9 00 49 00 54 00 01 00 01 8D DD 2E 01 10 04 03 5B 13 60 E0 00 8C 0A 09 10 00 30 01 03 91 3E 30 10 88 FF 00 00 2A 00 00 11 08 00 00 01 03 01 00 1E 55 04 61 47 79 15 00 20 45 B1 CB 00 00 00 00 00 00 00 00 00 00 00 00 00 00 00 00 00 00 00 00 00 00 00 00 00 00 00 00 00 00 00 00 85 33 20 EB 7E
[ 20384][16:42:39.517]7E FF 02 FF 9E B6 DA 55 31 01 9E 03 6C 2C D3 F9 00 49 00 94 00 01 00 01 8D DD 2E 01 F0 FF 00 C8 14 B6 42 00 15 65 BA 10 00 FF 2F 0A 95 3E 00 34 88 11 00 00 2A 00 00 01 00 00 00 21 01 18 00 12 29 00 00 05 46 46 54 01 00 00 00 01 00 01 01 2B A3 38 29 00 A0 0F 00 C8 00 00 00 01 00 00 00 00 00 00 00 00 00 00 00 00 00 00 00 F2 CE 1F 25 00 00 00 00 00 00 00 00 00 00 00 00 00 00 00 00 00 00 00 00 00 00 00 00 00 00 00 00 00 00 00 00 00 00 00 00 00 00 00 00 00 00 00 00 00 00 00 00 00 00 00 00 00 00 00 00 00 00 00 00 66 62 B5 78 7E
[ 20385][16:42:39.547]7E FF 02 FF 9F B6 F1 55 31 01 94 01 69 BF DB F9 00 49 00 94 00 01 00 01 8D DD 2E 01 F0 FF 00 C8 14 B6 46 00 04 67 3E 10 00 FF 2F 0A 95 3E 00 34 88 11 00 00 2A 00 00 01 00 00 00 21 01 18 00 12 29 00 00 05 46 46 54 01 00 00 00 01 00 01 01 2B A3 38 29 00 A0 0F 00 C8 00 00 00 01 00 00 00 00 00 00 00 00 00 00 00 00 00 00 00 F2 CE 1F 25 00 00 00 00 00 00 00 00 00 00 00 00 00 00 00 00 00 00 00 00 00 00 00 00 00 00 00 00 00 00 00 00 00 00 00 00 00 00 00 00 00 00 00 00 00 00 00 00 00 00 00 00 00 00 00 00 00 00 00 00 42 BF EF 60 7E
[ 20386][16:42:39.592]7E FF 02 FF A0 B6 B8 55 31 01 B8 01 03 2A EC F9 00 49 00 94 00 01 00 01 8D DD 2E 01 F0 FF 00 C8 14 B6 46 00 04 67 3E 10 00 FF 2F 0A 95 3E 00 34 88 11 00 00 2A 00 00 01 00 00 00 21 01 18 00 12 29 00 00 05 46 46 54 01 00 00 00 01 00 01 01 2B A3 38 29 00 A0 0F 00 C8 00 00 00 01 00 00 00 00 00 00 00 00 00 00 00 00 00 00 00 F2 CE 1F 25 00 00 00 00 00 00 00 00 00 00 00 00 00 00 00 00 00 00 00 00 00 00 00 00 00 00 00 00 00 00 00 00 00 00 00 00 00 00 00 00 00 00 00 00 00 00 00 00 00 00 00 00 00 00 00 00 00 00 00 00 B1 AA FD 1F 7E
[ 20387][16:42:39.637]7E FF 02 FF A1 B6 4E 56 31 01 E2 02 D1 59 FF F9 00 49 00 94 00 01 00 01 8D DD 2E 01 F0 FF 00 C8 14 B6 46 00 04 67 3E 10 00 FF 2F 0A 95 3E 00 34 88 11 00 00 2A 00 00 01 00 00 00 21 01 18 00 12 29 00 00 05 46 46 54 01 00 00 00 01 00 01 01 2B A3 38 29 00 A0 0F 00 C8 00 00 00 01 00 00 00 00 00 00 00 00 00 00 00 00 00 00 00 F2 CE 1F 25 00 00 00 00 00 00 00 00 00 00 00 00 00 00 00 00 00 00 00 00 00 00 00 00 00 00 00 00 00 00 00 00 00 00 00 00 00 00 00 00 00 00 00 00 00 00 00 00 00 00 00 00 00 00 00 00 00 00 00 00 E1 0A CA 76 7E
[ 20388][16:42:39.652]7E FF 02 FF A2 B6 12 56 31 01 39 02 AC 91 0E FA 00 49 00 10 00 01 00 03 EC A8 22 FA 01 99 03 8D DD 2E 20 02 4F 9E A4 FC 7D 5E 7E 7E
[ 20389][16:42:39.712]7E FF 02 FF A3 B6 36 56 31 01 26 00 86 13 1C FA 00 49 00 94 00 01 00 01 8D DD 2E 01 F0 FF 00 C8 14 B6 46 00 04 67 3E 10 00 FF 2F 0A 95 3E 00 34 88 11 00 00 2A 00 00 01 00 00 00 21 01 18 00 12 29 00 00 05 46 46 54 01 00 00 00 01 00 01 01 2B A3 38 29 00 A0 0F 00 C8 00 00 00 01 00 00 00 00 00 00 00 00 00 00 00 00 00 00 00 F2 CE 1F 25 00 00 00 00 00 00 00 00 00 00 00 00 00 00 00 00 00 00 00 00 00 00 00 00 00 00 00 00 00 00 00 00 00 00 00 00 00 00 00 00 00 00 00 00 00 00 00 00 00 00 00 00 00 00 00 00 00 00 00 00 41 41 59 A6 7E
[ 20390][16:42:39.772]7E FF 02 FF A4 B6 70 56 31 01 81 01 71 55 32 FA 00 49 00 94 00 01 00 01 8D DD 2E 01 F0 FF 00 C8 14 B6 46 00 04 67 3E 10 00 FF 2F 0A 95 3E 00 34 88 11 00 00 2A 00 00 01 00 00 00 21 01 18 00 12 29 00 00 05 46 46 54 01 00 00 00 01 00 01 01 2B A3 38 29 00 A0 0F 00 C8 00 00 00 01 00 00 00 00 00 00 00 00 00 00 00 00 00 00 00 F2 CE 1F 25 00 00 00 00 00 00 00 00 00 00 00 00 00 00 00 00 00 00 00 00 00 00 00 00 00 00 00 00 00 00 00 00 00 00 00 00 00 00 00 00 00 00 00 00 00 00 00 00 00 00 00 00 00 00 00 00 00 00 00 00 A7 FF E9 05 7E
[ 20391][16:42:39.772]7E FF 02 FF A5 B6 88 56 31 01 E7 01 3B 8D 3B FA 00 49 00 10 00 01 00 02 8D DD 2E 10 01 E0 02 01 03 0F 00 00 34 BE 20 15 B4 52 B3 7E
[ 20392][16:42:39.802]7E FF 02 FF A6 B6 8B 56 31 01 5A 01 D3 9E 3C FA 00 49 00 94 00 01 00 01 8D DD 2E 01 F0 FF 00 C8 14 B6 46 00 04 67 3E 10 00 FF 2F 0A 95 3E 00 34 88 11 00 00 2A 00 00 01 00 00 00 21 01 18 00 12 29 00 00 05 46 46 54 01 00 00 00 01 00 01 01 2B A3 38 29 00 A0 0F 00 C8 00 00 00 01 00 00 00 00 00 00 00 00 00 00 00 00 00 00 00 F2 CE 1F 25 00 00 00 00 00 00 00 00 00 00 00 00 00 00 00 00 00 00 00 00 00 00 00 00 00 00 00 00 00 00 00 00 00 00 00 00 00 00 00 00 00 00 00 00 00 00 00 00 00 00 00 00 00 00 00 00 00 00 00 00 19 FA BA 31 7E
[ 20393][16:42:39.862]7E FF 02 FF A7 B6 2C 57 31 01 A3 02 4C 03 54 FA 00 49 00 94 00 01 00 01 8D DD 2E 01 F0 FF 00 C8 14 B6 46 00 04 67 3E 10 00 FF 2F 0A 95 3E 00 34 88 11 00 00 2A 00 00 01 00 00 00 21 01 18 00 12 29 00 00 05 46 46 54 01 00 00 00 01 00 01 01 2B A3 38 29 00 A0 0F 00 C8 00 00 00 01 00 00 00 00 00 00 00 00 00 00 00 00 00 00 00 F2 CE 1F 25 00 00 00 00 00 00 00 00 00 00 00 00 00 00 00 00 00 00 00 00 00 00 00 00 00 00 00 00 00 00 00 00 00 00 00 00 00 00 00 00 00 00 00 00 00 00 00 00 00 00 00 00 00 00 00 00 00 00 00 00 BA A2 87 9A 7E
[ 20394][16:42:39.877]7E FF 02 FF A8 B6 F6 56 31 01 94 03 1C AD 65 FA 00 49 00 10 00 01 00 02 8D DD 2E 01 01 50 17 01 03 0F 00 00 CF A6 8B C0 AD AC 38 7E
[ 20395][16:42:39.907]7E FF 02 FF A9 B6 F9 56 31 01 2C 01 A1 90 66 FA 00 49 00 94 00 01 00 01 8D DD 2E 01 F0 FF 00 C8 14 B6 46 00 04 67 3E 10 00 FF 2F 0A 95 3E 00 34 88 11 00 00 2A 00 00 01 00 00 00 21 01 18 00 12 29 00 00 05 46 46 54 01 00 00 00 01 00 01 01 2B A3 38 29 00 A0 0F 00 C8 00 00 00 01 00 00 00 00 00 00 00 00 00 00 00 00 00 00 00 F2 CE 1F 25 00 00 00 00 00 00 00 00 00 00 00 00 00 00 00 00 00 00 00 00 00 00 00 00 00 00 00 00 00 00 00 00 00 00 00 00 00 00 00 00 00 00 00 00 00 00 00 00 00 00 00 00 00 00 00 00 00 00 00 00 0A 14 C9 63 7E
[ 20396][16:42:39.907]7E FF 02 FF AA B6 76 57 31 01 0A 03 A7 4D 70 FA 00 49 00 10 00 01 00 02 8D DD 2E 10 01 50 17 01 02 0E 00 00 CD F6 57 BA E4 3E 2B 7E
[ 20397][16:42:40.056]7E FF 02 FF AB B6 AA 57 31 01 D8 01 6E 2C AA FA 00 49 00 10 00 01 00 02 8D DD 2E 10 01 E0 02 01 02 0E 00 00 24 EE 60 22 53 1B 72 7E
[ 20398][16:42:40.191]7E FF 02 FF AC B6 95 58 31 01 48 00 D5 84 DD FA 00 49 00 10 00 01 00 02 8D DD 2E 10 01 E0 02 01 01 0F 00 00 15 3E A4 FE 5C A0 FF 7E
[ 20399][16:42:40.595]7E FF 02 FF AD B6 96 59 31 01 84 00 A8 B3 65 FB 00 49 01 14 01 01 00 01 EC A8 22 5D F0 FF 00 34 18 60 C3 00 53 E4 13 D0 05 FF 2F 01 DB 00 00 C7 F8 11 03 00 D5 00 00 08 00 00 00 5D 10 00 11 01 21 01 00 00 08 00 00 90 98 01 63 03 02 40 50 8E 00 0C 01 33 00 13 00 50 00 00 00 01 30 FE FF FD FF FF FF FF FF FF FF FF DF FF FF F7 FF FF FF 03 00 00 00 00 00 00 00 00 00 00 00 00 00 00 00 00 00 00 00 00 00 00 00 00 00 00 00 00 00 00 00 00 00 00 00 00 00 00 00 00 00 00 00 00 00 00 00 00 00 00 00 00 00 00 00 00 00 00 00 00 00 00 00 00 00 00 00 00 00 00 00 00 00 00 00 00 00 00 00 00 00 00 00 00 00 00 00 00 00 00 00 00 00 00 00 00 00 00 00 00 00 00 00 00 00 00 00 00 00 00 00 00 00 00 00 00 00 00 00 00 00 00 00 00 00 00 00 00 00 00 00 00 00 00 00 00 00 00 00 00 00 00 D4 53 48 56 00 00 00 00 00 00 00 00 00 00 00 00 00 00 00 00 00 00 00 00 00 00 00 00 00 00 00 00 00 00 00 00 00 00 00 00 00 00 00 00 00 A5 CD 8C CB 7E
[ 20400][16:42:40.625]7E FF 02 FF AE B6 BA 59 31 01 DA 02 A6 A9 73 FB 00 3A 02 15 01 01 00 00 EC A8 22 86 22 F0 37 01 B0 B0 02 00 CC 1A B9 CA D5 00 00 90 98 01 63 1A 01 00 00 20 02 00 00 00 00 00 00 05 00 0F 01 00 00 64 00 00 90 98 01 63 04 00 00 01 0A C8 00 0C 00 3C 00 3C 00 06 0A 87 07 00 00 83 C1 EA 37 C0 49 00 13 33 00 06 17 32 00 00 00 00 06 A8 EE 37 40 25 00 00 17 00 02 10 09 10 23 10 24 10 3D 10 1D 10 69 00 6A 00 6B 00 6C 00 6D 00 6E 00 6F 00 70 00 71 00 72 00 73 00 74 00 75 80 64 19 00 01 F4 01 00 02 D0 07 00 03 03 04 32 05 7B 00 7C 00 7E 00 7F 00 80 00 81 00 83 00 84 00 85 00 87 00 89 00 8A 00 8D 00 82 00 8C 00 8E 00 88 00 7D 00 86 00 8B 00 8F 00 90 00 91 00 17 00 1D 00 2C 00 2A 00 1B 00 08 00 0C 00 06 80 04 29 00 01 F4 01 00 02 C4 09 00 03 03 04 32 05 57 00 58 00 59 00 5A 00 5B 00 5C 00 5D 00 5E 00 5F 00 60 00 61 00 62 00 63 00 64 00 65 80 1C 25 00 01 F4 01 00 02 DC 05 00 03 03 04 32 05 31 53 01 EA 0D 72 E2 88 7E
[ 20401][16:42:40.655]7E FF 02 FF AF B6 33 5A 31 01 C1 03 0B C3 7B FB 00 3E 03 15 01 01 00 00 EC A8 22 EF 3B F8 37 01 B0 B0 04 00 CA 0B 7C CA D5 00 00 90 98 01 63 1A 01 00 00 20 02 00 00 00 00 00 00 05 00 0F 01 00 00 64 00 00 90 98 01 63 04 00 00 01 0A C8 00 0C 00 3C 00 3C 00 06 0A 87 07 00 00 83 C1 EA 37 C0 49 00 13 33 00 06 17 32 00 00 00 00 06 A8 EE 37 40 25 00 00 17 00 02 10 09 10 23 10 24 10 3D 10 1D 10 69 00 6A 00 6B 00 6C 00 6D 00 6E 00 6F 00 70 00 71 00 72 00 73 00 74 00 75 80 64 19 00 01 F4 01 00 02 D0 07 00 03 03 04 32 05 7B 00 7C 00 7E 00 7F 00 80 00 81 00 83 00 84 00 85 00 87 00 89 00 8A 00 8D 00 82 00 8C 00 8E 00 88 00 7D 00 86 00 8B 00 8F 00 90 00 91 00 17 00 1D 00 2C 00 2A 00 1B 00 08 00 0C 00 06 80 04 29 00 01 F4 01 00 02 C4 09 00 03 03 04 32 05 57 00 58 00 59 00 5A 00 5B 00 5C 00 5D 00 5E 00 5F 00 60 00 61 00 62 00 63 00 64 00 65 80 1C 25 00 01 F4 01 00 02 DC 05 00 03 03 04 32 05 31 53 01 EA 5F 11 A2 29 7E
[ 20402][16:42:40.684]7E FF 02 FF B0 B6 4B 5A 31 01 18 00 03 8F 84 FB 00 3E 02 15 01 01 00 00 EC A8 22 E7 07 01 38 01 B0 B0 06 00 42 94 D5 CA D5 00 00 90 98 01 63 1A 01 00 00 20 02 00 00 00 00 00 00 05 00 0F 01 00 00 64 00 00 90 98 01 63 04 00 00 01 0A C8 00 0C 00 3C 00 3C 00 06 0A 87 07 00 00 83 C1 EA 37 C0 49 00 13 33 00 06 17 32 00 00 00 00 06 A8 EE 37 40 25 00 00 17 00 02 10 09 10 23 10 24 10 3D 10 1D 10 69 00 6A 00 6B 00 6C 00 6D 00 6E 00 6F 00 70 00 71 00 72 00 73 00 74 00 75 80 64 19 00 01 F4 01 00 02 D0 07 00 03 03 04 32 05 7B 00 7C 00 7E 00 7F 00 80 00 81 00 83 00 84 00 85 00 87 00 89 00 8A 00 8D 00 82 00 8C 00 8E 00 88 00 7D 00 86 00 8B 00 8F 00 90 00 91 00 17 00 1D 00 2C 00 2A 00 1B 00 08 00 0C 00 06 80 04 29 00 01 F4 01 00 02 C4 09 00 03 03 04 32 05 57 00 58 00 59 00 5A 00 5B 00 5C 00 5D 00 5E 00 5F 00 60 00 61 00 62 00 63 00 64 00 65 80 1C 25 00 01 F4 01 00 02 DC 05 00 03 03 04 32 05 31 53 01 EA 91 F4 E4 DD 7E
[ 20403][16:42:40.714]7E FF 02 FF B1 B6 13 5A 31 01 9A 03 64 B0 95 FB 00 49 02 15 01 01 00 00 EC A8 22 86 2A 12 38 09 B0 B0 02 00 2F CF E6 C9 D5 00 00 90 98 01 63 1A 01 00 00 20 02 00 00 00 00 00 00 05 00 0F 09 10 00 44 01 21 01 00 00 19 12 02 01 01 0A C8 00 0C 00 3C 00 3C 00 06 0A 87 07 00 00 83 C1 EA 37 C0 49 00 13 33 00 06 17 32 00 00 00 00 06 A8 EE 37 40 25 00 00 17 00 02 10 09 10 23 10 24 10 3D 10 1D 10 69 00 6A 00 6B 00 6C 00 6D 00 6E 00 6F 00 70 00 71 00 72 00 73 00 74 00 75 80 64 19 00 01 F4 01 00 02 D0 07 00 03 03 04 32 05 7B 00 7C 00 7E 00 7F 00 80 00 81 00 83 00 84 00 85 00 87 00 89 00 8A 00 8D 00 82 00 8C 00 8E 00 88 00 7D 00 86 00 8B 00 8F 00 90 00 91 00 17 00 1D 00 2C 00 2A 00 1B 00 08 00 0C 00 06 80 04 29 00 01 F4 01 00 02 C4 09 00 03 03 04 32 05 57 00 58 00 59 00 5A 00 5B 00 5C 00 5D 00 5E 00 5F 00 60 00 61 00 62 00 63 00 64 00 65 80 1C 25 00 01 F4 01 00 02 DC 05 00 03 03 04 32 05 8D A3 5F 07 71 E4 0B 4E 7E
[ 20404][16:42:40.759]7E FF 02 FF B2 B6 A5 5A 31 01 79 03 4F 39 A7 FB 00 49 01 15 01 01 00 00 EC A8 22 8A B3 23 38 24 B0 B0 02 00 58 1E 1E C9 D5 00 00 90 98 01 63 1A 01 00 00 20 02 00 00 00 00 00 00 05 00 0F 24 10 00 44 01 23 01 00 00 06 12 02 01 01 0A C8 00 0C 00 3C 00 3C 00 06 0A 87 07 00 00 83 C1 EA 37 C0 49 00 13 33 00 06 17 32 00 00 00 00 06 A8 EE 37 40 25 00 00 17 00 02 10 09 10 23 10 24 10 3D 10 1D 10 69 00 6A 00 6B 00 6C 00 6D 00 6E 00 6F 00 70 00 71 00 72 00 73 00 74 00 75 80 64 19 00 01 F4 01 00 02 D0 07 00 03 03 04 32 05 7B 00 7C 00 7E 00 7F 00 80 00 81 00 83 00 84 00 85 00 87 00 89 00 8A 00 8D 00 82 00 8C 00 8E 00 88 00 7D 00 86 00 8B 00 8F 00 90 00 91 00 17 00 1D 00 2C 00 2A 00 1B 00 08 00 0C 00 06 80 04 29 00 01 F4 01 00 02 C4 09 00 03 03 04 32 05 57 00 58 00 59 00 5A 00 5B 00 5C 00 5D 00 5E 00 5F 00 60 00 61 00 62 00 63 00 64 00 65 80 1C 25 00 01 F4 01 00 02 DC 05 00 03 03 04 32 05 3D D2 FA 71 E2 70 D0 F2 7E
[ 20405][16:42:40.804]7E FF 02 FF B3 B6 6F 5A 31 01 AA 03 4E CA B8 FB 00 49 01 15 01 01 00 00 EC A8 22 E6 45 35 38 1D B0 B0 04 00 E6 6D 24 C9 D5 00 00 90 98 01 63 1A 01 00 00 20 02 00 00 00 00 00 00 05 00 0F 1D 30 02 3E 01 19 01 00 00 01 22 05 02 01 0A C8 00 0C 00 3C 00 3C 00 06 0A 87 07 00 00 83 C1 EA 37 C0 49 00 13 33 00 06 17 32 00 00 00 00 06 A8 EE 37 40 25 00 00 17 00 02 10 09 10 23 10 24 10 3D 10 1D 10 69 00 6A 00 6B 00 6C 00 6D 00 6E 00 6F 00 70 00 71 00 72 00 73 00 74 00 75 80 64 19 00 01 F4 01 00 02 D0 07 00 03 03 04 32 05 7B 00 7C 00 7E 00 7F 00 80 00 81 00 83 00 84 00 85 00 87 00 89 00 8A 00 8D 00 82 00 8C 00 8E 00 88 00 7D 00 86 00 8B 00 8F 00 90 00 91 00 17 00 1D 00 2C 00 2A 00 1B 00 08 00 0C 00 06 80 04 29 00 01 F4 01 00 02 C4 09 00 03 03 04 32 05 57 00 58 00 59 00 5A 00 5B 00 5C 00 5D 00 5E 00 5F 00 60 00 61 00 62 00 63 00 64 00 65 80 1C 25 00 01 F4 01 00 02 DC 05 00 03 03 04 32 05 C1 43 F2 3D F2 C5 5D 79 7E
[ 20406][16:42:40.805]7E FF 02 FF B4 B6 7C 5A 31 01 8F 02 AF A9 BD FB 00 49 01 10 00 01 00 03 8D DD 2E A0 08 FE 13 B1 50 3B 2A 02 D1 18 42 5D 23 B6 A2 7E
[ 20407][16:42:40.984]7E FF 02 FF B5 B6 27 5B 31 01 71 03 74 F7 FE FB 00 49 01 15 01 01 00 00 EC A8 22 B9 71 7B 38 70 B0 B0 02 00 3A 8B 0C C8 D5 00 00 90 98 01 63 1A 01 00 00 20 02 00 00 00 00 00 00 05 00 0F 70 10 00 3C 01 23 01 00 00 03 11 02 01 01 0A C8 00 0C 00 3C 00 3C 00 06 0A 87 07 00 00 83 C1 EA 37 C0 23 00 13 33 00 06 17 32 00 00 00 00 06 A8 EE 37 40 25 00 00 17 00 64 19 00 01 F4 01 00 02 D0 07 00 03 03 04 32 05 6B 00 6C 00 6D 00 6E 00 6F 00 70 00 71 00 72 00 73 00 74 00 75 80 64 19 00 01 F4 01 00 02 D0 07 00 03 03 04 32 05 7B 00 7C 00 7E 00 7F 00 80 00 81 00 83 00 84 00 85 00 87 00 89 00 8A 00 8D 00 82 00 8C 00 8E 00 88 00 7D 00 86 00 8B 00 8F 00 90 00 91 00 17 00 1D 00 2C 00 2A 00 1B 00 08 00 0C 00 06 80 04 29 00 01 F4 01 00 02 C4 09 00 03 03 04 32 05 57 00 58 00 59 00 5A 00 5B 00 5C 00 5D 00 5E 00 5F 00 60 00 61 00 62 00 63 00 64 00 65 80 1C 25 00 01 F4 01 00 02 DC 05 00 03 03 04 32 05 0E 58 92 D6 F2 08 AE 34 7E
[ 20408][16:42:41.642]7E FF 02 FF B6 B6 15 5E 31 01 28 03 95 E4 F6 FC 00 49 01 14 01 01 00 01 EC A8 22 50 F0 FF 00 34 18 60 C3 00 5F E4 47 00 05 FF 2F 01 20 00 00 C8 D0 11 03 00 D5 00 00 08 00 00 00 50 10 00 11 01 15 01 00 00 02 00 00 90 98 01 63 03 03 40 50 8F 00 0C 01 33 00 13 00 50 00 00 00 01 30 FE FF FD FF FF FF FF FF FF FF FE FF FF FF FF FF FF FF 03 00 00 00 00 00 00 00 00 00 00 00 00 00 00 00 00 00 00 00 00 00 00 00 00 00 00 00 00 00 00 00 00 00 00 00 00 00 00 00 00 00 00 00 00 00 00 00 00 00 00 00 00 00 00 00 00 00 00 00 00 00 00 00 00 00 00 00 00 00 00 00 00 00 00 00 00 00 00 00 00 00 00 00 00 00 00 00 00 00 00 00 00 00 00 00 00 00 00 00 00 00 00 00 00 00 00 00 00 00 00 00 00 00 00 00 00 00 00 00 00 00 00 00 00 00 00 00 00 00 00 00 00 00 00 00 00 00 00 00 00 00 00 00 3C A8 EF 9A 00 00 00 00 00 00 00 00 00 00 00 00 00 00 00 00 00 00 00 00 00 00 00 00 00 00 00 00 00 00 00 00 00 00 00 00 00 00 00 00 D1 7C 0C A8 7E
[ 20409][16:42:41.672]7E FF 02 FF B7 B6 31 5E 31 01 1A 01 89 5D 01 FD 00 49 00 14 01 01 00 01 EC A8 22 40 F0 FF 00 34 18 60 C3 00 4D E4 4F 00 04 FF 2F 01 85 00 00 C8 A0 11 03 00 D5 00 00 08 00 00 00 40 10 00 11 01 12 01 00 00 16 00 00 90 98 01 63 03 02 64 64 8F 00 0C 01 35 00 13 00 64 00 00 00 01 30 FE FF FD FF FF FF FF FF FE FF FF FF FF FF FF FF FF FF 03 00 00 00 00 00 00 00 00 00 00 00 00 00 00 00 00 00 00 00 00 00 00 00 00 00 00 00 00 00 00 00 00 00 00 00 00 00 00 00 00 00 00 00 00 00 00 00 00 00 00 00 00 00 00 00 00 00 00 00 00 00 00 00 00 00 00 00 00 00 00 00 00 00 00 00 00 00 00 00 00 00 00 00 00 00 00 00 00 00 00 00 00 00 00 00 00 00 00 00 00 00 00 00 00 00 00 00 00 00 00 00 00 00 00 00 00 00 00 00 00 00 00 00 00 00 00 00 00 00 00 00 00 00 00 00 00 00 00 00 00 00 00 00 5E 27 10 F6 00 00 00 00 00 00 00 00 00 00 00 00 00 00 00 00 00 00 00 00 00 00 00 00 00 00 00 00 00 00 00 00 00 00 00 00 00 00 00 00 64 62 4F EC 7E
[ 20410][16:42:41.702]7E FF 02 FF B8 B6 E4 5D 31 01 FA 02 81 52 0A FD 00 49 00 14 01 01 00 01 EC A8 22 37 F0 FF 00 34 18 60 C3 00 35 E4 83 70 03 FF 2F 01 FB 00 00 C8 E8 11 00 00 D5 00 00 08 00 00 00 37 10 00 11 01 12 01 00 00 05 00 00 90 98 01 63 03 03 5E 64 8F 00 11 01 25 00 13 00 48 00 00 00 01 30 FE FF FD FF FF FF 7F FF FF FF FF FF FF FF FF FF FF FF 03 10 0E 10 10 10 10 11 10 10 10 11 10 0F 11 10 11 11 10 0E 11 11 11 11 11 11 11 11 10 10 10 11 11 11 10 10 10 10 11 11 0F 10 11 10 11 11 10 11 11 11 11 11 10 0F 10 11 10 10 10 11 11 10 00 00 00 00 00 00 00 00 00 00 00 00 00 00 00 00 00 00 00 00 00 00 00 00 00 00 00 00 00 00 00 00 00 00 00 00 00 00 00 00 00 00 00 00 00 00 00 00 00 00 00 00 00 00 00 00 00 00 00 00 00 00 00 00 00 00 00 00 00 00 00 00 00 00 00 00 00 00 00 00 00 00 FF A5 B4 E4 00 00 00 00 00 00 00 00 00 00 00 00 00 00 00 00 00 00 00 00 00 00 00 00 00 00 00 00 00 00 00 00 00 00 00 00 00 00 00 00 DC 1D 78 11 7E
[ 20411][16:42:41.735]7E FF 02 FF B9 B6 9B 5E 31 01 8E 03 FE 0F 2A FD 00 49 00 10 00 01 00 02 8D DD 2E 10 01 E0 02 01 03 0F 00 00 34 BE 20 DA CA 68 FB 7E
[ 20412][16:42:41.898]7E FF 02 FF BA B6 C2 5E 31 01 31 03 5C 07 5F FD 00 49 00 94 00 01 00 01 8D DD 2E 01 E0 02 01 16 15 B6 40 00 06 D3 12 10 00 2E 00 03 7D 3E 00 34 88 FF 08 00 2A 00 00 00 00 05 46 46 54 00 00 59 04 27 43 05 00 00 00 00 00 00 00 CB 01 73 00 29 00 00 00 6A 1A 00 00 00 00 00 00 46 54 00 00 59 04 27 43 05 00 00 00 00 00 00 00 AB 01 17 00 30 00 00 00 69 1A 00 00 28 5F E6 8B 00 00 00 00 00 00 00 00 00 00 00 00 00 00 00 00 00 00 00 00 00 00 00 00 00 00 00 00 00 00 00 00 00 00 00 00 00 00 00 00 00 00 00 00 00 00 00 00 A0 A9 1B 35 7E
[ 20413][16:42:41.913]7E FF 02 FF BB B6 3A 5F 31 01 71 01 4F 7D 66 FD 00 49 00 94 00 01 00 01 8D DD 2E 01 E0 02 01 16 15 B6 40 00 06 D3 12 10 00 2E 00 03 7F 3E 00 34 88 FF 08 00 2A 00 00 00 00 05 46 46 54 00 00 59 04 27 43 05 00 00 00 00 00 00 00 02 02 3E 00 4D 00 00 00 6B 1A 00 00 00 00 00 00 46 54 00 00 59 04 27 43 05 00 00 00 00 00 00 00 CB 01 73 00 29 00 00 00 6A 1A 00 00 BE 2A 7A 38 00 00 00 00 00 00 00 00 00 00 00 00 00 00 00 00 00 00 00 00 00 00 00 00 00 00 00 00 00 00 00 00 00 00 00 00 00 00 00 00 00 00 00 00 00 00 00 00 CD EA 63 28 7E
[ 20414][16:42:41.943]7E FF 02 FF BC B6 62 5F 31 01 4C 01 7A BB 75 FD 00 49 00 54 00 01 00 01 8D DD 2E 01 E0 02 03 5B 13 60 E0 00 4A 22 17 10 00 A9 00 03 80 3E 30 10 88 FF 00 00 2A 00 00 11 08 00 00 01 03 01 00 E9 50 87 41 61 79 15 00 44 CE 9B B0 00 00 00 00 00 00 00 00 00 00 00 00 00 00 00 00 00 00 00 00 00 00 00 00 00 00 00 00 00 00 00 00 26 47 39 AE 7E
[ 20415][16:42:41.973]7E FF 02 FF BD B6 17 5F 31 01 E2 02 07 6D 7F FD 00 49 00 54 00 01 00 01 8D DD 2E 01 E0 02 03 5B 13 60 E0 00 4A 22 17 10 00 1D 00 03 81 3E 30 10 88 FF 00 00 2A 00 00 11 08 00 00 01 03 01 00 E1 50 62 75 64 79 15 00 B4 B1 88 46 00 00 00 00 00 00 00 00 00 00 00 00 00 00 00 00 00 00 00 00 00 00 00 00 00 00 00 00 00 00 00 00 0F 83 19 EE 7E
[ 20416][16:42:41.988]7E FF 02 FF BE B6 2A 5F 31 01 B6 03 0E C1 86 FD 00 49 00 54 00 01 00 01 8D DD 2E 01 E0 02 03 5B 13 60 E0 00 4A 22 17 10 00 5C 00 03 82 3E 30 10 88 FF 00 00 2A 00 00 11 08 00 00 01 03 01 00 E1 52 97 64 60 79 15 00 52 01 AA 46 00 00 00 00 00 00 00 00 00 00 00 00 00 00 00 00 00 00 00 00 00 00 00 00 00 00 00 00 00 00 00 00 67 2D 88 18 7E
[ 20417][16:42:42.003]7E FF 02 FF BF B6 9B 5F 31 01 4E 00 16 62 8B FD 00 49 00 54 00 01 00 01 8D DD 2E 01 E0 02 03 5B 13 60 E0 00 4A 22 17 10 00 81 00 03 83 3E 30 10 88 FF 00 00 2A 00 00 11 08 00 00 01 03 01 00 A6 50 56 61 55 79 15 00 7D 91 CC 27 00 00 00 00 00 00 00 00 00 00 00 00 00 00 00 00 00 00 00 00 00 00 00 00 00 00 00 00 00 00 00 00 C6 13 55 A1 7E
[ 20418][16:42:42.048]7E FF 02 FF C0 B6 AD 5F 31 01 D8 03 51 97 92 FD 00 49 00 14 01 01 00 01 8D DD 2E 01 E0 02 01 82 18 60 C1 00 32 94 99 10 00 2E 00 03 86 3E 00 79 88 FF 08 00 2A 00 00 00 00 05 46 46 54 00 00 59 04 27 43 05 00 00 00 00 00 45 00 0E 00 17 00 0D 00 00 00 6C 1A 00 00 00 00 00 00 00 00 00 00 00 00 00 00 00 00 20 00 00 00 00 00 00 00 00 00 00 10 60 00 00 00 00 00 00 00 00 00 00 00 00 00 00 08 00 00 00 00 00 00 00 00 00 00 00 00 00 00 00 00 00 04 00 00 00 20 00 00 00 00 00 00 00 00 02 00 00 00 00 00 00 00 00 00 00 40 00 00 48 07 00 40 00 00 20 80 00 08 18 8A 18 90 40 E9 E7 2F 3F 00 00 00 00 00 00 00 00 00 00 00 00 00 00 00 00 00 00 00 00 00 00 00 00 00 00 00 00 00 00 00 00 00 00 00 00 00 00 00 00 00 00 00 00 00 00 00 00 00 00 00 00 00 00 00 00 00 00 00 00 00 00 00 00 00 00 00 00 00 00 00 00 00 00 00 00 00 00 00 00 00 00 00 00 00 00 00 00 00 00 00 00 00 00 00 00 00 00 00 00 00 00 00 00 00 00 00 9D FC CB C4 7E
[ 20419][16:42:42.078]7E FF 02 FF C1 B6 65 5F 31 01 23 01 31 02 9D FD 00 49 00 94 00 01 00 01 8D DD 2E 01 20 1E 00 16 15 B6 40 00 67 9F 28 10 00 E2 01 0A 88 3E 00 34 88 FF 00 00 2A 00 00 01 00 00 00 22 22 17 62 20 97 00 00 05 46 46 54 01 00 00 00 E2 01 01 01 6B 23 46 27 00 7D 00 00 64 00 00 00 01 00 00 00 00 00 00 00 00 00 00 00 00 00 00 00 3C EC 57 7E 00 00 00 00 00 00 00 00 00 00 00 00 00 00 00 00 00 00 00 00 00 00 00 00 00 00 00 00 00 00 00 00 00 00 00 00 00 00 00 00 00 00 00 00 00 00 00 00 00 00 00 00 00 00 00 00 00 00 00 00 56 F2 AB D7 7E
[ 20420][16:42:42.108]7E FF 02 FF C2 B6 FD 5F 31 01 8F 02 5C FB B0 FD 00 49 00 94 00 01 00 01 8D DD 2E 01 F0 FF 01 C8 14 B6 42 00 54 6D 1F 10 00 FF 2F 05 89 3E 00 36 88 11 00 00 2A 00 00 01 00 00 00 26 03 03 02 78 47 00 00 05 46 46 54 0A 01 79 41 01 00 01 01 21 C6 5D 5A E1 93 04 00 82 0E C3 56 6D 1A 00 00 00 00 00 00 01 00 00 00 02 00 00 00 0B 00 84 50 A8 24 00 00 00 00 00 00 00 00 00 00 00 00 00 00 00 00 00 00 00 00 00 00 00 00 00 00 00 00 00 00 00 00 00 00 00 00 00 00 00 00 00 00 00 00 00 00 00 00 00 00 00 00 00 00 00 00 00 00 C0 AC 34 A7 7E
[ 20421][16:42:42.168]7E FF 02 FF C3 B6 CB 5F 31 01 57 01 08 F1 C3 FD 00 49 00 94 00 01 00 01 8D DD 2E 01 F0 FF 01 C8 14 B6 46 00 45 6F 9B 10 00 FF 2F 05 89 3E 00 36 88 11 00 00 2A 00 00 01 00 00 00 26 03 03 02 78 47 00 00 05 46 46 54 0A 01 79 41 01 00 01 01 21 C6 5D 5A E1 93 04 00 82 0E C3 56 6D 1A 00 00 00 00 00 00 01 00 00 00 02 00 00 00 0B 00 84 50 A8 24 00 00 00 00 00 00 00 00 00 00 00 00 00 00 00 00 00 00 00 00 00 00 00 00 00 00 00 00 00 00 00 00 00 00 00 00 00 00 00 00 00 00 00 00 00 00 00 00 00 00 00 00 00 00 00 00 00 00 DD F3 DC C9 7E
[ 20422][16:42:42.214]7E FF 02 FF C4 B6 F6 5F 31 01 C1 00 95 49 D4 FD 00 49 00 94 00 01 00 01 8D DD 2E 01 F0 FF 01 C8 14 B6 46 00 45 6F 9B 10 00 FF 2F 05 89 3E 00 36 88 11 00 00 2A 00 00 01 00 00 00 26 03 03 02 78 47 00 00 05 46 46 54 0A 01 79 41 01 00 01 01 21 C6 5D 5A E1 93 04 00 82 0E C3 56 6D 1A 00 00 00 00 00 00 01 00 00 00 02 00 00 00 0B 00 84 50 A8 24 00 00 00 00 00 00 00 00 00 00 00 00 00 00 00 00 00 00 00 00 00 00 00 00 00 00 00 00 00 00 00 00 00 00 00 00 00 00 00 00 00 00 00 00 00 00 00 00 00 00 00 00 00 00 00 00 00 00 EC 79 D6 5F 7E
[ 20423][16:42:42.228]7E FF 02 FF C5 B6 74 60 31 01 7E 01 42 46 DE FD 00 49 00 94 00 01 00 01 8D DD 2E 01 F0 FF 01 C8 14 B6 46 00 45 6F 9B 10 00 FF 2F 05 89 3E 00 36 88 11 00 00 2A 00 00 01 00 00 00 26 03 03 02 78 47 00 00 05 46 46 54 0A 01 79 41 01 00 01 01 21 C6 5D 5A E1 93 04 00 82 0E C3 56 6D 1A 00 00 00 00 00 00 01 00 00 00 02 00 00 00 0B 00 84 50 A8 24 00 00 00 00 00 00 00 00 00 00 00 00 00 00 00 00 00 00 00 00 00 00 00 00 00 00 00 00 00 00 00 00 00 00 00 00 00 00 00 00 00 00 00 00 00 00 00 00 00 00 00 00 00 00 00 00 00 00 C0 6D 90 2A 7E
[ 20424][16:42:42.274]7E FF 02 FF C6 B6 32 60 31 01 47 00 FF 1F EB FD 00 49 00 94 00 01 00 01 8D DD 2E 01 F0 FF 01 C8 14 B6 42 00 54 6D 1F 10 00 FF 2F 05 8A 3E 00 36 88 11 00 00 2A 00 00 01 00 00 00 26 03 03 02 78 53 00 00 05 46 46 54 0A 01 83 40 01 00 01 01 7F D6 34 16 E1 93 04 00 9D 92 20 FF 6E 1A 00 00 00 00 00 00 01 00 00 00 02 00 00 00 B8 00 4F B5 25 82 00 00 00 00 00 00 00 00 00 00 00 00 00 00 00 00 00 00 00 00 00 00 00 00 00 00 00 00 00 00 00 00 00 00 00 00 00 00 00 00 00 00 00 00 00 00 00 00 00 00 00 00 00 00 00 00 00 00 36 57 90 C9 7E
[ 20425][16:42:42.304]7E FF 02 FF C7 B6 4F 60 31 01 87 01 33 4F F6 FD 00 49 00 94 00 01 00 01 8D DD 2E 01 F0 FF 01 C8 14 B6 46 00 45 6F 9B 10 00 FF 2F 05 8A 3E 00 36 88 11 00 00 2A 00 00 01 00 00 00 26 03 03 02 78 53 00 00 05 46 46 54 0A 01 83 40 01 00 01 01 7F D6 34 16 E1 93 04 00 9D 92 20 FF 6E 1A 00 00 00 00 00 00 01 00 00 00 02 00 00 00 B8 00 4F B5 25 82 00 00 00 00 00 00 00 00 00 00 00 00 00 00 00 00 00 00 00 00 00 00 00 00 00 00 00 00 00 00 00 00 00 00 00 00 00 00 00 00 00 00 00 00 00 00 00 00 00 00 00 00 00 00 00 00 00 00 A2 13 69 C9 7E
[ 20426][16:42:42.319]7E FF 02 FF C8 B6 CA 60 31 01 53 02 AB 29 FF FD 00 49 00 94 00 01 00 01 8D DD 2E 01 F0 FF 01 C8 14 B6 46 00 45 6F 9B 10 00 FF 2F 05 8A 3E 00 36 88 11 00 00 2A 00 00 01 00 00 00 26 03 03 02 78 53 00 00 05 46 46 54 0A 01 83 40 01 00 01 01 7F D6 34 16 E1 93 04 00 9D 92 20 FF 6E 1A 00 00 00 00 00 00 01 00 00 00 02 00 00 00 B8 00 4F B5 25 82 00 00 00 00 00 00 00 00 00 00 00 00 00 00 00 00 00 00 00 00 00 00 00 00 00 00 00 00 00 00 00 00 00 00 00 00 00 00 00 00 00 00 00 00 00 00 00 00 00 00 00 00 00 00 00 00 00 00 1A 15 48 84 7E
[ 20427][16:42:42.349]7E FF 02 FF C9 B6 E1 60 31 01 5A 01 05 D7 07 FE 00 49 00 94 00 01 00 01 8D DD 2E 01 F0 FF 01 C8 14 B6 46 00 45 6F 9B 10 00 FF 2F 05 8A 3E 00 36 88 11 00 00 2A 00 00 01 00 00 00 26 03 03 02 78 53 00 00 05 46 46 54 0A 01 83 40 01 00 01 01 7F D6 34 16 E1 93 04 00 9D 92 20 FF 6E 1A 00 00 00 00 00 00 01 00 00 00 02 00 00 00 B8 00 4F B5 25 82 00 00 00 00 00 00 00 00 00 00 00 00 00 00 00 00 00 00 00 00 00 00 00 00 00 00 00 00 00 00 00 00 00 00 00 00 00 00 00 00 00 00 00 00 00 00 00 00 00 00 00 00 00 00 00 00 00 00 13 82 90 D2 7E
[ 20428][16:42:42.364]7E FF 02 FF CA B6 90 60 31 01 3E 01 FF 13 0F FE 00 49 00 94 00 01 00 01 8D DD 2E 01 F0 FF 01 C8 14 B6 46 00 45 6F 9B 10 00 FF 2F 05 8A 3E 00 36 88 11 00 00 2A 00 00 01 00 00 00 26 03 03 02 78 53 00 00 05 46 46 54 0A 01 83 40 01 00 01 01 7F D6 34 16 E1 93 04 00 9D 92 20 FF 6E 1A 00 00 00 00 00 00 01 00 00 00 02 00 00 00 B8 00 4F B5 25 82 00 00 00 00 00 00 00 00 00 00 00 00 00 00 00 00 00 00 00 00 00 00 00 00 00 00 00 00 00 00 00 00 00 00 00 00 00 00 00 00 00 00 00 00 00 00 00 00 00 00 00 00 00 00 00 00 00 00 09 79 22 97 7E
[ 20429][16:42:42.623]7E FF 02 FF CB B6 06 62 31 01 04 03 04 CC 77 FE 00 49 00 10 00 01 00 02 8D DD 2E 10 01 10 04 01 02 06 00 00 1C A8 A8 4F 2F 07 4B 7E
[ 20430][16:42:42.680]7E FF 02 FF CC B6 DE 61 31 01 3A 02 ED 9B 8E FE 00 49 00 10 00 01 00 03 8D DD 2E A0 08 9D 0C 20 CA DF 2A 02 8E 4A 2A 20 DD 17 00 7E
[ 20431][16:42:42.904]7E FF 02 FF CD B6 B5 62 31 01 C6 03 B7 C0 E0 FE 00 49 00 54 00 01 00 01 8D DD 2E 01 10 04 03 5B 13 60 E0 00 8C 0A 09 10 00 30 01 0A 9A 3E 30 10 88 FF 00 00 2A 00 00 11 08 00 00 01 03 01 00 1E 55 04 61 47 79 15 00 20 45 B1 CB 00 00 00 00 00 00 00 00 00 00 00 00 00 00 00 00 00 00 00 00 00 00 00 00 00 00 00 00 00 00 00 00 A9 6B 89 72 7E
[ 20432][16:42:43.323]7E FF 02 FF CE B6 C6 64 31 01 E2 00 AC 24 84 FF 00 49 00 10 00 01 00 02 8D DD 2E 10 01 00 00 01 01 06 00 00 A8 59 2E FF 5F C7 12 7E
[ 20433][16:42:43.368]7E FF 02 FF CF B6 78 64 31 01 04 02 A6 9F 8C FF 00 49 00 94 00 01 00 01 8D DD 2E 01 F0 FF 00 C8 14 B6 42 00 15 65 BA 10 00 FF 2F 0A 9B 3E 00 34 88 11 00 00 2A 00 00 01 00 00 00 00 15 79 55 00 51 00 00 05 46 46 54 01 00 00 00 01 00 01 01 2B A3 38 29 00 7D 00 00 17 00 00 00 01 00 00 00 00 00 00 00 00 00 00 00 00 00 00 00 35 75 32 08 00 00 00 00 00 00 00 00 00 00 00 00 00 00 00 00 00 00 00 00 00 00 00 00 00 00 00 00 00 00 00 00 00 00 00 00 00 00 00 00 00 00 00 00 00 00 00 00 00 00 00 00 00 00 00 00 00 00 00 00 B9 42 E5 3D 7E
[ 20434][16:42:43.413]7E FF 02 FF D0 B6 AA 64 31 01 D3 02 2E C7 9F FF 00 49 00 94 00 01 00 01 8D DD 2E 01 F0 FF 00 C8 14 B6 46 00 04 67 3E 10 00 FF 2F 0A 9B 3E 00 34 88 11 00 00 2A 00 00 01 00 00 00 00 15 79 55 00 51 00 00 05 46 46 54 01 00 00 00 01 00 01 01 2B A3 38 29 00 7D 00 00 17 00 00 00 01 00 00 00 00 00 00 00 00 00 00 00 00 00 00 00 35 75 32 08 00 00 00 00 00 00 00 00 00 00 00 00 00 00 00 00 00 00 00 00 00 00 00 00 00 00 00 00 00 00 00 00 00 00 00 00 00 00 00 00 00 00 00 00 00 00 00 00 00 00 00 00 00 00 00 00 00 00 00 00 41 05 14 30 7E
[ 20435][16:42:43.442]7E FF 02 FF D1 B6 28 65 31 01 77 02 3C A8 A9 FF 00 49 00 94 00 01 00 01 8D DD 2E 01 F0 FF 00 C8 14 B6 46 00 04 67 3E 10 00 FF 2F 0A 9B 3E 00 34 88 11 00 00 2A 00 00 01 00 00 00 00 15 79 55 00 51 00 00 05 46 46 54 01 00 00 00 01 00 01 01 2B A3 38 29 00 7D 00 00 17 00 00 00 01 00 00 00 00 00 00 00 00 00 00 00 00 00 00 00 35 75 32 08 00 00 00 00 00 00 00 00 00 00 00 00 00 00 00 00 00 00 00 00 00 00 00 00 00 00 00 00 00 00 00 00 00 00 00 00 00 00 00 00 00 00 00 00 00 00 00 00 00 00 00 00 00 00 00 00 00 00 00 00 46 26 40 E7 7E
[ 20436][16:42:43.457]7E FF 02 FF D2 B6 3A 65 31 01 DE 03 8C A9 B0 FF 00 49 00 94 00 01 00 01 8D DD 2E 01 F0 FF 00 C8 14 B6 46 00 04 67 3E 10 00 FF 2F 0A 9B 3E 00 34 88 11 00 00 2A 00 00 01 00 00 00 00 15 79 55 00 51 00 00 05 46 46 54 01 00 00 00 01 00 01 01 2B A3 38 29 00 7D 00 00 17 00 00 00 01 00 00 00 00 00 00 00 00 00 00 00 00 00 00 00 35 75 32 08 00 00 00 00 00 00 00 00 00 00 00 00 00 00 00 00 00 00 00 00 00 00 00 00 00 00 00 00 00 00 00 00 00 00 00 00 00 00 00 00 00 00 00 00 00 00 00 00 00 00 00 00 00 00 00 00 00 00 00 00 23 6C CD DF 7E
[ 20437][16:42:43.457]7E FF 02 FF D3 B6 E9 64 31 01 42 02 96 C6 B7 FF 00 49 00 10 00 01 00 03 EC A8 22 FA 01 12 1A 8D DD 2E 20 02 72 BF 73 A4 FB 42 FF 7E
[ 20438][16:42:43.487]7E FF 02 FF D4 B6 F3 64 31 01 21 03 8A A7 BB FF 00 49 00 94 00 01 00 01 8D DD 2E 01 F0 FF 00 C8 14 B6 46 00 04 67 3E 10 00 FF 2F 0A 9B 3E 00 34 88 11 00 00 2A 00 00 01 00 00 00 00 15 79 55 00 51 00 00 05 46 46 54 01 00 00 00 01 00 01 01 2B A3 38 29 00 7D 00 00 17 00 00 00 01 00 00 00 00 00 00 00 00 00 00 00 00 00 00 00 35 75 32 08 00 00 00 00 00 00 00 00 00 00 00 00 00 00 00 00 00 00 00 00 00 00 00 00 00 00 00 00 00 00 00 00 00 00 00 00 00 00 00 00 00 00 00 00 00 00 00 00 00 00 00 00 00 00 00 00 00 00 00 00 59 5B AC 5B 7E
[ 20439][16:42:43.517]7E FF 02 FF D5 B6 0D 65 31 01 97 00 68 51 C5 FF 00 49 00 94 00 01 00 01 8D DD 2E 01 F0 FF 00 C8 14 B6 46 00 04 67 3E 10 00 FF 2F 0A 9B 3E 00 34 88 11 00 00 2A 00 00 01 00 00 00 00 15 79 55 00 51 00 00 05 46 46 54 01 00 00 00 01 00 01 01 2B A3 38 29 00 7D 00 00 17 00 00 00 01 00 00 00 00 00 00 00 00 00 00 00 00 00 00 00 35 75 32 08 00 00 00 00 00 00 00 00 00 00 00 00 00 00 00 00 00 00 00 00 00 00 00 00 00 00 00 00 00 00 00 00 00 00 00 00 00 00 00 00 00 00 00 00 00 00 00 00 00 00 00 00 00 00 00 00 00 00 00 00 D0 96 FF A8 7E
[ 20440][16:42:43.547]7E FF 02 FF D6 B6 97 65 31 01 E4 03 0A 24 D4 FF 00 49 00 94 00 01 00 01 8D DD 2E 01 F0 FF 00 C8 14 B6 46 00 04 67 3E 10 00 FF 2F 0A 9B 3E 00 34 88 11 00 00 2A 00 00 01 00 00 00 00 15 79 55 00 51 00 00 05 46 46 54 01 00 00 00 01 00 01 01 2B A3 38 29 00 7D 00 00 17 00 00 00 01 00 00 00 00 00 00 00 00 00 00 00 00 00 00 00 35 75 32 08 00 00 00 00 00 00 00 00 00 00 00 00 00 00 00 00 00 00 00 00 00 00 00 00 00 00 00 00 00 00 00 00 00 00 00 00 00 00 00 00 00 00 00 00 00 00 00 00 00 00 00 00 00 00 00 00 00 00 00 00 E0 53 40 9F 7E
[ 20441][16:42:43.577]7E FF 02 FF D7 B6 49 65 31 01 0D 00 BA 28 DC FF 00 49 00 94 00 01 00 01 8D DD 2E 01 F0 FF 00 C8 14 B6 46 00 04 67 3E 10 00 FF 2F 0A 9B 3E 00 34 88 11 00 00 2A 00 00 01 00 00 00 00 15 79 55 00 51 00 00 05 46 46 54 01 00 00 00 01 00 01 01 2B A3 38 29 00 7D 00 00 17 00 00 00 01 00 00 00 00 00 00 00 00 00 00 00 00 00 00 00 35 75 32 08 00 00 00 00 00 00 00 00 00 00 00 00 00 00 00 00 00 00 00 00 00 00 00 00 00 00 00 00 00 00 00 00 00 00 00 00 00 00 00 00 00 00 00 00 00 00 00 00 00 00 00 00 00 00 00 00 00 00 00 00 A7 03 2D C3 7E
[ 20442][16:42:43.592]7E FF 02 FF D8 B6 5B 65 31 01 46 01 D8 24 E3 FF 00 49 00 94 00 01 00 01 8D DD 2E 01 F0 FF 00 C8 14 B6 46 00 04 67 3E 10 00 FF 2F 0A 9B 3E 00 34 88 11 00 00 2A 00 00 01 00 00 00 00 15 79 55 00 51 00 00 05 46 46 54 01 00 00 00 01 00 01 01 2B A3 38 29 00 7D 00 00 17 00 00 00 01 00 00 00 00 00 00 00 00 00 00 00 00 00 00 00 35 75 32 08 00 00 00 00 00 00 00 00 00 00 00 00 00 00 00 00 00 00 00 00 00 00 00 00 00 00 00 00 00 00 00 00 00 00 00 00 00 00 00 00 00 00 00 00 00 00 00 00 00 00 00 00 00 00 00 00 00 00 00 00 84 9E 01 7B 7E
[ 20443][16:42:43.667]7E FF 02 FF D9 B6 F4 65 31 01 D9 00 A0 51 F7 FF 00 49 01 14 01 01 00 01 EC A8 22 35 F0 FF 00 34 18 60 C3 00 36 E4 27 50 03 FF 2F 01 C0 00 00 C7 D0 11 00 00 D5 00 00 08 00 00 00 35 10 00 11 01 12 01 00 00 18 00 00 90 98 01 63 03 02 64 64 8E 00 10 01 2A 00 13 00 49 00 00 00 01 30 FE FF FD FF FF FF DF FF FF FF FF FF FF EF FF FF FF FF 03 10 0E 10 10 10 10 04 10 10 10 11 10 0F 11 10 11 11 10 11 11 11 11 04 11 11 11 11 10 10 10 11 11 11 10 10 10 10 11 11 0F 0F 11 10 11 11 10 11 11 11 11 11 0F 11 10 11 10 10 10 11 11 10 00 00 00 00 00 00 00 00 00 00 00 00 00 00 00 00 00 00 00 00 00 00 00 00 00 00 00 00 00 00 00 00 00 00 00 00 00 00 00 00 00 00 00 00 00 00 00 00 00 00 00 00 00 00 00 00 00 00 00 00 00 00 00 00 00 00 00 00 00 00 00 00 00 00 00 00 00 00 00 00 00 B3 78 4D B3 00 00 00 00 00 00 00 00 00 00 00 00 00 00 00 00 00 00 00 00 00 00 00 00 00 00 00 00 00 00 00 00 00 00 00 00 00 00 00 00 00 C4 14 BF A6 7E
[ 20444][16:42:43.682]7E FF 02 FF DA B6 AB 65 31 01 F8 02 EF 93 01 00 00 49 00 14 01 01 00 01 EC A8 22 4D F0 FF 00 34 18 60 C3 00 41 E4 1B D0 04 FF 2F 01 BF 00 00 C5 E8 11 03 00 D5 00 00 08 00 00 00 4D 10 00 11 01 21 01 00 00 12 00 00 90 98 01 63 03 02 40 50 8C 00 07 01 33 00 13 00 50 00 00 00 01 30 FE FF FD FF FF FF FF FF FF DF FF FF FF FB FF FF FF F7 01 00 00 00 00 00 00 00 00 00 00 00 00 00 00 00 00 00 00 00 00 00 00 00 00 00 00 00 00 00 00 00 00 00 00 00 00 00 00 00 00 00 00 00 00 00 00 00 00 00 00 00 00 00 00 00 00 00 00 00 00 00 00 00 00 00 00 00 00 00 00 00 00 00 00 00 00 00 00 00 00 00 00 00 00 00 00 00 00 00 00 00 00 00 00 00 00 00 00 00 00 00 00 00 00 00 00 00 00 00 00 00 00 00 00 00 00 00 00 00 00 00 00 00 00 00 00 00 00 00 00 00 00 00 00 00 00 00 00 00 00 A5 09 20 F3 00 00 00 00 00 00 00 00 00 00 00 00 00 00 00 00 00 00 00 00 00 00 00 00 00 00 00 00 00 00 00 00 00 00 00 00 00 00 00 00 00 00 00 9D 8C 63 D4 7E
[ 20445][16:42:43.787]7E FF 02 FF DB B6 A0 66 31 01 4F 02 53 D9 38 00 00 49 00 10 00 01 00 02 8D DD 2E 10 01 20 1B 01 00 06 00 00 76 E6 49 F8 6F 19 94 7E
[ 20446][16:42:44.085]7E FF 02 FF DC B6 5C 67 31 01 53 00 04 85 A6 00 00 49 00 10 00 01 00 02 8D DD 2E 10 01 00 00 01 02 07 00 00 99 89 EA E9 AF 3C A5 7E
[ 20447][16:42:44.130]7E FF 02 FF DD B6 D0 67 31 01 69 00 E6 9B AC 00 00 49 00 14 01 01 00 01 EC A8 22 78 F0 FF 00 34 18 60 C3 00 72 E4 53 80 07 FF 2F 01 F9 00 00 C8 F0 11 00 00 D5 00 00 08 00 00 00 78 10 00 11 01 23 01 00 00 12 00 00 90 98 01 63 01 02 31 46 8F 00 0C 01 32 00 13 00 46 00 00 00 01 30 FE FF FD FF FF FF FF FF FF FF FF FF FF FF FF FE FF FF 03 00 00 00 00 00 00 00 00 00 00 00 00 00 00 00 00 00 00 00 00 00 00 00 00 00 00 00 00 00 00 00 00 00 00 00 00 00 00 00 00 00 00 00 00 00 00 00 00 00 00 00 00 00 00 00 00 00 00 00 00 00 00 00 00 00 00 00 00 00 00 00 00 00 00 00 00 00 00 00 00 00 00 00 00 00 00 00 00 00 00 00 00 00 00 00 00 00 00 00 00 00 00 00 00 00 00 00 00 00 00 00 00 00 00 00 00 00 00 00 00 00 00 00 00 00 00 00 00 00 00 00 00 00 00 00 00 00 00 00 00 00 00 00 A2 43 B6 20 00 00 00 00 00 00 00 00 00 00 00 00 00 00 00 00 00 00 00 00 00 00 00 00 00 00 00 00 00 00 00 00 00 00 00 00 00 00 00 00 7C 30 FC D6 7E
[ 20448][16:42:44.205]7E FF 02 FF DE B6 C7 67 31 01 F4 00 4E 61 CF 00 00 49 00 94 00 01 00 01 8D DD 2E 01 F0 FF 00 C8 14 B6 46 00 04 67 3E 10 00 FF 2F 0A 9E 3E 00 34 88 11 00 00 2A 00 00 01 00 00 00 21 01 18 01 09 35 00 00 05 46 46 54 01 00 00 00 01 00 01 01 2B A3 38 29 00 7D 00 00 19 00 00 00 01 00 00 00 00 00 00 00 00 00 00 00 00 00 00 00 4E 30 72 16 00 00 00 00 00 00 00 00 00 00 00 00 00 00 00 00 00 00 00 00 00 00 00 00 00 00 00 00 00 00 00 00 00 00 00 00 00 00 00 00 00 00 00 00 00 00 00 00 00 00 00 00 00 00 00 00 00 00 00 00 8C F7 C6 F3 7E
[ 20449][16:42:44.235]7E FF 02 FF DF B6 48 68 31 01 C0 03 B9 B5 DA 00 00 49 00 94 00 01 00 01 8D DD 2E 01 F0 FF 00 C8 14 B6 46 00 04 67 3E 10 00 FF 2F 0A 9E 3E 00 34 88 11 00 00 2A 00 00 01 00 00 00 21 01 18 01 09 35 00 00 05 46 46 54 01 00 00 00 01 00 01 01 2B A3 38 29 00 7D 00 00 19 00 00 00 01 00 00 00 00 00 00 00 00 00 00 00 00 00 00 00 4E 30 72 16 00 00 00 00 00 00 00 00 00 00 00 00 00 00 00 00 00 00 00 00 00 00 00 00 00 00 00 00 00 00 00 00 00 00 00 00 00 00 00 00 00 00 00 00 00 00 00 00 00 00 00 00 00 00 00 00 00 00 00 00 D9 C4 21 41 7E
[ 20450][16:42:44.265]7E FF 02 FF E0 B6 FD 67 31 01 2E 03 24 31 E4 00 00 49 00 94 00 01 00 01 8D DD 2E 01 F0 FF 00 C8 14 B6 46 00 04 67 3E 10 00 FF 2F 0A 9E 3E 00 34 88 11 00 00 2A 00 00 01 00 00 00 21 01 18 01 09 35 00 00 05 46 46 54 01 00 00 00 01 00 01 01 2B A3 38 29 00 7D 00 00 19 00 00 00 01 00 00 00 00 00 00 00 00 00 00 00 00 00 00 00 4E 30 72 16 00 00 00 00 00 00 00 00 00 00 00 00 00 00 00 00 00 00 00 00 00 00 00 00 00 00 00 00 00 00 00 00 00 00 00 00 00 00 00 00 00 00 00 00 00 00 00 00 00 00 00 00 00 00 00 00 00 00 00 00 32 73 29 86 7E
[ 20451][16:42:44.280]7E FF 02 FF E1 B6 14 68 31 01 D1 01 19 D5 EC 00 00 49 00 94 00 01 00 01 8D DD 2E 01 F0 FF 00 C8 14 B6 46 00 04 67 3E 10 00 FF 2F 0A 9E 3E 00 34 88 11 00 00 2A 00 00 01 00 00 00 21 01 18 01 09 35 00 00 05 46 46 54 01 00 00 00 01 00 01 01 2B A3 38 29 00 7D 00 00 19 00 00 00 01 00 00 00 00 00 00 00 00 00 00 00 00 00 00 00 4E 30 72 16 00 00 00 00 00 00 00 00 00 00 00 00 00 00 00 00 00 00 00 00 00 00 00 00 00 00 00 00 00 00 00 00 00 00 00 00 00 00 00 00 00 00 00 00 00 00 00 00 00 00 00 00 00 00 00 00 00 00 00 00 59 DB A1 8E 7E
[ 20452][16:42:44.310]7E FF 02 FF E2 B6 2A 68 31 01 79 02 E6 49 F5 00 00 49 00 94 00 01 00 01 8D DD 2E 01 F0 FF 00 C8 14 B6 46 00 04 67 3E 10 00 FF 2F 0A 9E 3E 00 34 88 11 00 00 2A 00 00 01 00 00 00 21 01 18 01 09 35 00 00 05 46 46 54 01 00 00 00 01 00 01 01 2B A3 38 29 00 7D 00 00 19 00 00 00 01 00 00 00 00 00 00 00 00 00 00 00 00 00 00 00 4E 30 72 16 00 00 00 00 00 00 00 00 00 00 00 00 00 00 00 00 00 00 00 00 00 00 00 00 00 00 00 00 00 00 00 00 00 00 00 00 00 00 00 00 00 00 00 00 00 00 00 00 00 00 00 00 00 00 00 00 00 00 00 00 35 0A A7 9F 7E
[ 20453][16:42:44.325]7E FF 02 FF E3 B6 A0 68 31 01 EA 01 BB 19 FC 00 00 49 00 94 00 01 00 01 8D DD 2E 01 F0 FF 00 C8 14 B6 46 00 04 67 3E 10 00 FF 2F 0A 9E 3E 00 34 88 11 00 00 2A 00 00 01 00 00 00 21 01 18 01 09 35 00 00 05 46 46 54 01 00 00 00 01 00 01 01 2B A3 38 29 00 7D 00 00 19 00 00 00 01 00 00 00 00 00 00 00 00 00 00 00 00 00 00 00 4E 30 72 16 00 00 00 00 00 00 00 00 00 00 00 00 00 00 00 00 00 00 00 00 00 00 00 00 00 00 00 00 00 00 00 00 00 00 00 00 00 00 00 00 00 00 00 00 00 00 00 00 00 00 00 00 00 00 00 00 00 00 00 00 0D 15 A1 40 7E
[ 20454][16:42:44.355]7E FF 02 FF E4 B6 BE 68 31 01 E6 02 AD A3 07 01 00 49 00 94 00 01 00 01 8D DD 2E 01 F0 FF 00 C8 14 B6 46 00 04 67 3E 10 00 FF 2F 0A 9E 3E 00 34 88 11 00 00 2A 00 00 01 00 00 00 21 01 18 01 09 35 00 00 05 46 46 54 01 00 00 00 01 00 01 01 2B A3 38 29 00 7D 00 00 19 00 00 00 01 00 00 00 00 00 00 00 00 00 00 00 00 00 00 00 4E 30 72 16 00 00 00 00 00 00 00 00 00 00 00 00 00 00 00 00 00 00 00 00 00 00 00 00 00 00 00 00 00 00 00 00 00 00 00 00 00 00 00 00 00 00 00 00 00 00 00 00 00 00 00 00 00 00 00 00 00 00 00 00 6D B4 DA 3B 7E
[ 20455][16:42:44.564]7E FF 02 FF E5 B6 7A 69 31 01 58 03 61 66 4F 01 00 49 00 14 01 01 00 01 EC A8 22 5B F0 FF 00 34 18 60 C3 00 55 E4 73 B0 05 FF 2F 01 D9 00 00 C8 D0 11 00 00 D5 00 00 08 00 00 00 5B 10 00 11 01 23 01 00 00 15 00 00 90 98 01 63 01 02 31 46 8F 00 0B 01 31 00 13 00 46 00 00 00 01 30 FE FF FD FF FF FF FF FF FF FF FF F7 FF FF FF FF FF FF 03 00 00 00 00 00 00 00 00 00 00 00 00 00 00 00 00 00 00 00 00 00 00 00 00 00 00 00 00 00 00 00 00 00 00 00 00 00 00 00 00 00 00 00 00 00 00 00 00 00 00 00 00 00 00 00 00 00 00 00 00 00 00 00 00 00 00 00 00 00 00 00 00 00 00 00 00 00 00 00 00 00 00 00 00 00 00 00 00 00 00 00 00 00 00 00 00 00 00 00 00 00 00 00 00 00 00 00 00 00 00 00 00 00 00 00 00 00 00 00 00 00 00 00 00 00 00 00 00 00 00 00 00 00 00 00 00 00 00 00 00 00 00 00 EA 8E 5C 53 00 00 00 00 00 00 00 00 00 00 00 00 00 00 00 00 00 00 00 00 00 00 00 00 00 00 00 00 00 00 00 00 00 00 00 00 00 00 00 00 22 09 2A 23 7E
[ 20456][16:42:44.564]7E FF 02 FF E6 B6 45 69 31 01 09 02 71 39 61 01 00 49 00 10 00 01 00 03 8D DD 2E A0 08 36 05 B1 50 3B 2A 02 26 63 19 40 13 30 90 7E
[ 20457][16:42:44.998]7E FF 02 FF E7 B6 59 6B 31 01 41 01 1C F2 05 02 00 49 00 10 00 01 00 02 8D DD 2E 10 01 E0 02 01 03 07 00 00 30 3E 30 01 2D A7 61 7E
[ 20458][16:42:45.044]7E FF 02 FF E8 B6 6E 6B 31 01 11 02 E8 02 0E 02 00 49 00 94 00 01 00 01 8D DD 2E 01 E0 02 00 16 15 B6 40 00 47 DB B7 10 00 08 00 0A 9F 3E 00 34 88 FF 00 00 2A 00 00 01 00 00 00 22 03 23 23 11 68 00 00 05 46 46 54 01 00 00 40 08 00 01 01 02 F8 02 7E 00 7D 00 00 05 00 00 00 01 00 00 00 00 00 00 00 00 00 00 00 00 00 00 00 C6 FB 01 3D 00 00 00 00 00 00 00 00 00 00 00 00 00 00 00 00 00 00 00 00 00 00 00 00 00 00 00 00 00 00 00 00 00 00 00 00 00 00 00 00 00 00 00 00 00 00 00 00 00 00 00 00 00 00 00 00 00 00 00 00 7D BD 45 5F 7E
[ 20459][16:42:45.118]7E FF 02 FF E9 B6 CB 6B 31 01 D5 00 98 63 31 02 00 49 00 10 00 01 00 02 8D DD 2E 10 01 E0 02 01 03 07 00 00 30 3E 30 D5 4C 5C 32 7E
[ 20460][16:42:45.253]7E FF 02 FF EA B6 F8 6B 31 01 B7 02 6A E3 68 02 00 49 00 10 00 01 00 02 8D DD 2E 10 01 E0 02 01 03 08 00 00 36 CE E8 A1 92 EA B9 7E
[ 20461][16:42:45.358]7E FF 02 FF EB B6 5F 6C 31 01 B5 02 D2 2D 90 02 00 49 00 10 00 01 00 03 EC A8 22 FA 01 9C 12 8D DD 2E 20 02 22 B7 A4 74 47 66 A4 7E
[ 20462][16:42:45.389]7E FF 02 FF EC B6 78 6C 31 01 1C 01 70 8F 99 02 00 49 00 10 00 01 00 02 8D DD 2E 10 01 E0 02 01 03 09 00 00 37 DE 2C B0 7E FD 7B 7E
[ 20463][16:42:45.404]7E FF 02 FF ED B6 E8 6C 31 01 E8 00 D2 1D 9E 02 00 49 00 10 00 01 00 02 8D DD 2E 10 01 E0 02 01 03 09 00 00 37 DE 2C 16 A4 D0 2C 7E
[ 20464][16:42:46.124]7E FF 02 FF EF B6 16 6F 31 01 ED 01 05 33 99 03 00 49 00 15 02 01 00 00 8D DD 2E EE DC 4E 5C 01 90 5B 05 00 4C EF CE CA 2A 00 00 05 46 46 54 BE 0A 00 00 00 00 00 00 00 00 00 00 04 00 0F 01 00 00 64 00 00 05 46 46 54 04 00 00 01 0A D0 02 8C 00 3C 00 3C 00 06 0A 06 EB 19 32 C9 1A 14 5C C0 DD 00 5D 33 00 45 17 32 00 00 00 00 29 55 45 5C 0A 26 00 00 00 00 07 10 03 10 49 10 2E 10 41 10 10 12 A4 10 E2 11 BA 10 B8 11 4C 11 0D 11 1F 12 75 11 6D 11 69 10 00 12 1B 12 E4 10 C7 11 44 11 94 10 AC 11 CE 11 01 12 64 11 A2 11 16 10 29 11 87 11 31 11 79 11 83 10 1F 10 08 10 0D 10 60 10 4F 10 09 10 E8 10 0C 10 88 10 EA 10 5A 11 27 11 74 10 4E 10 4B 10 7C 11 73 11 1B 10 5B 11 FD 11 A0 11 B2 10 4A 10 4D 10 17 10 DF 11 3E 10 CA 10 73 10 0E 10 76 10 33 11 20 11 51 11 18 12 48 10 38 01 CD 00 23 00 14 00 34 00 1D 00 B9 01 75 00 5D 00 4C 00 93 00 20 00 02 00 57 00 5B 00 A5 00 A7 00 19 00 47 00 9F 00 96 00 A6 00 6E 00 2F 80 7C 15 00 01 E8 03 00 02 E8 03 00 03 98 00 50 00 23 02 84 00 7C 01 73 01 A3 00 05 02 28 01 48 01 49 01 3E 01 80 00 24 00 85 01 59 00 1F 01 43 01 C3 00 9E 01 B8 00 ED 00 03 01 F9 01 A7 81 88 13 00 01 E8 03 00 02 E8 03 00 03 E8 03 00 03 00 03 E8 03 00 03 E8 03 00 02 E8 03 00 03 00 00 00 00 00 00 00 00 00 00 00 00 00 00 00 00 00 00 00 00 00 00 00 00 00 00 00 00 00 00 00 00 00 00 00 00 00 00 00 00 00 00 00 00 00 00 00 00 00 00 00 00 00 00 00 00 00 00 00 00 00 00 00 00 00 00 00 00 00 00 00 00 00 00 00 00 00 00 00 00 00 00 00 00 00 00 00 00 00 00 00 00 00 00 00 00 00 00 00 00 00 00 00 00 00 00 00 00 00 00 00 00 00 00 00 00 00 00 00 00 00 00 00 00 00 00 00 00 00 00 00 00 00 00 00 00 00 00 00 00 00 00 00 00 00 00 00 00 00 00 00 00 00 00 00 00 42 12 76 A3 5D 00 A4 4C 7E
[ 20465][16:42:46.663]7E FF 02 FF F0 B6 AE 71 31 01 3C 03 1F 7A 70 04 00 49 01 14 01 01 00 01 EC A8 22 38 F0 FF 00 34 18 60 C3 00 3A E4 73 80 03 FF 2F 01 8B 00 00 C7 98 11 00 00 D5 00 00 08 00 00 00 38 10 00 11 01 12 01 00 00 10 00 00 90 98 01 63 01 03 64 64 8E 00 11 01 25 00 13 00 4B 00 00 00 01 30 FE FF FD FF FF FF FF FE FF FF FF FF FF EF FF FF FF FF 03 10 0E 10 10 10 10 04 10 10 10 11 10 0F 11 10 11 11 10 06 11 11 11 04 11 11 11 11 10 10 10 11 11 11 10 10 10 10 11 11 0F 10 11 10 11 11 10 11 11 11 11 11 10 0F 11 11 10 10 10 11 11 10 00 00 00 00 00 00 00 00 00 00 00 00 00 00 00 00 00 00 00 00 00 00 00 00 00 00 00 00 00 00 00 00 00 00 00 00 00 00 00 00 00 00 00 00 00 00 00 00 00 00 00 00 00 00 00 00 00 00 00 00 00 00 00 00 00 00 00 00 00 00 00 00 00 00 00 00 00 00 00 00 00 E0 11 B5 5B 00 00 00 00 00 00 00 00 00 00 00 00 00 00 00 00 00 00 00 00 00 00 00 00 00 00 00 00 00 00 00 00 00 00 00 00 00 00 00 00 00 5F 08 AD 63 7E
[ 20466][16:42:47.291]7E FF 02 FF F1 B6 BF 73 31 01 0A 01 3F 34 60 05 00 49 00 14 01 01 00 01 EC A8 22 2F F0 FF 00 34 18 60 C3 00 2E E4 8F F0 02 FF 2F 01 DF 00 00 C8 E8 11 00 00 D5 00 00 08 00 00 00 2F 10 00 11 01 15 01 00 00 03 00 00 90 98 01 63 01 02 57 64 8F 00 10 01 2F 00 13 00 40 00 00 00 01 30 FE FF FD FF FF 7F FF FF FF FF FF FF FF FF FF FF FF FF 03 10 0E 10 08 10 10 0B 10 10 10 11 08 0A 11 10 11 11 10 0F 0A 11 11 07 11 11 11 0C 10 0A 10 11 11 11 10 10 10 10 11 11 0F 0F 11 10 11 11 11 0C 08 11 11 10 0F 11 10 11 10 10 10 11 11 10 00 00 00 00 00 00 00 00 00 00 00 00 00 00 00 00 00 00 00 00 00 00 00 00 00 00 00 00 00 00 00 00 00 00 00 00 00 00 00 00 00 00 00 00 00 00 00 00 00 00 00 00 00 00 00 00 00 00 00 00 00 00 00 00 00 00 00 00 00 00 00 00 00 00 00 00 00 00 00 00 00 00 F6 43 68 9B 00 00 00 00 00 00 00 00 00 00 00 00 00 00 00 00 00 00 00 00 00 00 00 00 00 00 00 00 00 00 00 00 00 00 00 00 00 00 00 00 D5 4B 00 70 7E
[ 20467][16:42:47.291]7E FF 02 FF F2 B6 DA 73 31 01 09 01 26 87 6A 05 00 49 00 10 00 01 00 03 EC A8 22 FA 01 22 0B 8D DD 2E 20 02 BB 02 D0 A6 C1 F8 54 7E
[ 20468][16:42:47.455]7E FF 02 FF F3 B6 BF 74 31 01 42 03 C5 EE 9B 05 00 49 00 14 01 01 00 01 EC A8 22 08 F0 FF 00 34 18 60 C3 00 0C E4 6B 80 00 FF 2F 01 8E 00 00 CA 98 11 00 00 D5 00 00 08 00 00 00 08 10 00 11 01 23 01 00 00 02 00 00 90 98 01 63 01 02 64 64 8F 00 10 02 07 00 13 00 45 00 00 00 01 30 09 00 FE FE FD FF FF FF FF FF FF FF FF FF FF FF FF FF FF FF 03 10 0E 10 10 10 10 11 10 10 11 10 0F 11 10 11 11 10 11 11 11 11 11 11 11 11 11 10 10 10 11 11 11 10 10 10 10 11 11 0F 10 11 10 11 11 10 11 11 11 11 11 10 0F 11 10 11 10 10 10 11 11 10 00 00 00 00 00 00 00 00 00 00 00 00 00 00 00 00 00 00 00 00 00 00 00 00 00 00 00 00 00 00 00 00 00 00 00 00 00 00 00 00 00 00 00 00 00 00 00 00 00 00 00 00 00 00 00 00 00 00 00 00 00 00 00 00 00 00 00 00 00 00 00 00 00 00 00 00 00 00 00 00 00 00 45 53 F3 30 00 00 00 00 00 00 00 00 00 00 00 00 00 00 00 00 00 00 00 00 00 00 00 00 00 00 00 00 00 00 00 00 00 00 00 00 00 00 A3 18 76 6C 7E
[ 20469][16:42:47.485]7E FF 02 FF F4 B6 7C 74 31 01 C7 02 75 79 A8 05 00 49 00 14 01 01 00 01 EC A8 22 31 F0 FF 00 34 18 60 C3 00 33 E4 E3 10 03 FF 2F 01 B0 00 00 C7 A8 11 00 00 D5 00 00 08 00 00 00 31 10 00 11 01 21 01 00 00 18 00 00 90 98 01 63 01 03 64 64 8E 00 10 01 2E 00 13 00 46 00 00 00 01 30 FE FF FD FF FF FF FD FF FF FF FF FF FF FF F7 FF FF FF 03 10 0E 10 10 10 10 11 10 10 10 11 10 0F 11 10 11 11 10 11 11 11 11 11 11 11 11 11 10 10 10 11 11 11 10 10 10 10 11 11 0F 10 11 10 11 11 0F 11 11 11 11 10 0F 11 10 11 10 10 10 11 11 10 00 00 00 00 00 00 00 00 00 00 00 00 00 00 00 00 00 00 00 00 00 00 00 00 00 00 00 00 00 00 00 00 00 00 00 00 00 00 00 00 00 00 00 00 00 00 00 00 00 00 00 00 00 00 00 00 00 00 00 00 00 00 00 00 00 00 00 00 00 00 00 00 00 00 00 00 00 00 00 00 00 3E B3 A8 AD 00 00 00 00 00 00 00 00 00 00 00 00 00 00 00 00 00 00 00 00 00 00 00 00 00 00 00 00 00 00 00 00 00 00 00 00 00 00 00 00 00 80 3B 8C 96 7E
[ 20470][16:42:48.293]7E FF 02 FF F5 B6 BA 77 31 01 75 02 D5 0E E5 06 00 49 00 94 00 01 00 01 8D DD 2E 01 F0 FF 01 C8 14 B6 42 00 54 6D 1F 10 00 FF 2F 05 8B 3E 00 36 88 11 00 00 2A 00 00 01 00 00 00 26 03 03 02 19 59 00 00 05 46 46 54 0A 01 6D 41 01 00 01 01 B7 1B 4B CB E1 93 04 00 40 4B 5A AD 6F 1A 00 00 00 00 00 00 01 00 00 00 02 00 00 00 0B 01 B1 F9 0C 6D 00 00 00 00 00 00 00 00 00 00 00 00 00 00 00 00 00 00 00 00 00 00 00 00 00 00 00 00 00 00 00 00 00 00 00 00 00 00 00 00 00 00 00 00 00 00 00 00 00 00 00 00 00 00 00 00 00 00 EC 90 17 06 7E
[ 20471][16:42:48.293]7E FF 02 FF F6 B6 39 78 31 01 59 00 B9 2D EF 06 00 49 00 10 00 01 00 02 8D DD 2E 10 01 00 00 01 01 0B 00 00 AF 89 F2 12 15 C3 5F 7E
[ 20472][16:42:48.338]7E FF 02 FF F7 B6 48 78 31 01 DF 01 1D 07 F5 06 00 49 00 94 00 01 00 01 8D DD 2E 01 F0 FF 01 C8 14 B6 46 00 45 6F 9B 10 00 FF 2F 05 8B 3E 00 36 88 11 00 00 2A 00 00 01 00 00 00 26 03 03 02 19 59 00 00 05 46 46 54 0A 01 6D 41 01 00 01 01 B7 1B 4B CB E1 93 04 00 40 4B 5A AD 6F 1A 00 00 00 00 00 00 01 00 00 00 02 00 00 00 0B 01 B1 F9 0C 6D 00 00 00 00 00 00 00 00 00 00 00 00 00 00 00 00 00 00 00 00 00 00 00 00 00 00 00 00 00 00 00 00 00 00 00 00 00 00 00 00 00 00 00 00 00 00 00 00 00 00 00 00 00 00 00 00 00 00 4C 55 BB AA 7E
[ 20473][16:42:48.338]7E FF 02 FF F8 B6 5D 78 31 01 6A 01 30 04 FD 06 00 49 00 10 00 01 00 02 8D DD 2E 10 01 C0 14 01 01 0C 00 00 98 9A 22 80 8B 8B F6 7E
[ 20474][16:42:48.338]7E FF 02 FF F9 B6 02 78 31 01 59 03 9F A3 00 07 00 49 00 10 00 01 00 02 8D DD 2E 10 01 E0 02 01 02 0C 00 00 25 CE 64 93 57 7B 6F 7E
[ 20475][16:42:48.353]7E FF 02 FF FA B6 0B 78 31 01 B8 00 1E D1 03 07 00 49 00 10 00 01 00 02 8D DD 2E 10 01 C0 1A 01 01 0C 00 00 1A E9 E4 BA A4 1E 15 7E
[ 20476][16:42:48.368]7E FF 02 FF FB B6 18 78 31 01 7E 01 14 DA 08 07 00 49 00 10 00 01 00 02 8D DD 2E 01 01 00 00 01 00 0C 00 00 AE B9 22 90 74 93 E6 7E
[ 20477][16:42:48.398]7E FF 02 FF FC B6 24 78 31 01 D9 00 AD 57 0D 07 00 49 00 94 00 01 00 01 8D DD 2E 01 F0 FF 01 C8 14 B6 46 00 45 6F 9B 10 00 FF 2F 05 8B 3E 00 36 88 11 00 00 2A 00 00 01 00 00 00 26 03 03 02 19 59 00 00 05 46 46 54 0A 01 6D 41 01 00 01 01 B7 1B 4B CB E1 93 04 00 40 4B 5A AD 6F 1A 00 00 00 00 00 00 01 00 00 00 02 00 00 00 0B 01 B1 F9 0C 6D 00 00 00 00 00 00 00 00 00 00 00 00 00 00 00 00 00 00 00 00 00 00 00 00 00 00 00 00 00 00 00 00 00 00 00 00 00 00 00 00 00 00 00 00 00 00 00 00 00 00 00 00 00 00 00 00 00 00 21 67 49 0A 7E
[ 20478][16:42:48.413]7E FF 02 FF FD B6 9E 78 31 01 D9 00 46 BC 15 07 00 49 00 94 00 01 00 01 8D DD 2E 01 F0 FF 01 C8 14 B6 46 00 45 6F 9B 10 00 FF 2F 05 8B 3E 00 36 88 11 00 00 2A 00 00 01 00 00 00 26 03 03 02 19 59 00 00 05 46 46 54 0A 01 6D 41 01 00 01 01 B7 1B 4B CB E1 93 04 00 40 4B 5A AD 6F 1A 00 00 00 00 00 00 01 00 00 00 02 00 00 00 0B 01 B1 F9 0C 6D 00 00 00 00 00 00 00 00 00 00 00 00 00 00 00 00 00 00 00 00 00 00 00 00 00 00 00 00 00 00 00 00 00 00 00 00 00 00 00 00 00 00 00 00 00 00 00 00 00 00 00 00 00 00 00 00 00 00 4C B2 A1 2D 7E
[ 20479][16:42:48.459]7E FF 02 FF FE B6 C6 78 31 01 17 01 17 04 25 07 00 49 00 94 00 01 00 01 8D DD 2E 01 F0 FF 01 C8 14 B6 46 00 45 6F 9B 10 00 FF 2F 05 8B 3E 00 36 88 11 00 00 2A 00 00 01 00 00 00 26 03 03 02 19 59 00 00 05 46 46 54 0A 01 6D 41 01 00 01 01 B7 1B 4B CB E1 93 04 00 40 4B 5A AD 6F 1A 00 00 00 00 00 00 01 00 00 00 02 00 00 00 0B 01 B1 F9 0C 6D 00 00 00 00 00 00 00 00 00 00 00 00 00 00 00 00 00 00 00 00 00 00 00 00 00 00 00 00 00 00 00 00 00 00 00 00 00 00 00 00 00 00 00 00 00 00 00 00 00 00 00 00 00 00 00 00 00 00 37 71 FD F6 7E
[ 20480][16:42:48.474]7E FF 02 FF FF B6 84 78 31 01 0F 01 8E 01 32 07 00 49 00 10 00 01 00 02 8D DD 2E 01 01 30 00 01 00 0D 00 00 23 98 E0 04 4E D1 A1 7E
[ 20481][16:42:48.489]7E FF 02 FF 00 B7 86 78 31 01 87 03 19 FD 32 07 00 49 00 94 00 01 00 01 8D DD 2E 01 F0 FF 01 C8 14 B6 42 00 54 6D 1F 10 00 FF 2F 05 8F 3E 00 54 88 11 00 00 2A 00 00 01 00 00 00 22 03 23 23 12 25 00 00 05 46 46 54 0A 01 94 40 01 00 01 01 DB 36 68 88 E1 93 04 00 62 62 8A 59 71 1A 00 00 00 00 00 00 01 00 02 00 20 00 00 00 6B 01 7C 01 01 00 2C 01 73 01 0A 00 DF 01 1D 01 10 01 43 00 6E 01 88 01 8E 01 A5 01 4E 01 2F 01 7C D3 39 52 00 00 00 00 00 00 00 00 00 00 00 00 00 00 00 00 00 00 00 00 00 00 00 00 00 00 00 00 7A 01 CD 30 7E
[ 20482][16:42:48.519]7E FF 02 FF 01 B7 05 79 31 01 53 03 78 44 3D 07 00 49 00 94 00 01 00 01 8D DD 2E 01 F0 FF 01 C8 14 B6 46 00 45 6F 9B 10 00 FF 2F 05 8F 3E 00 54 88 11 00 00 2A 00 00 01 00 00 00 22 03 23 23 12 25 00 00 05 46 46 54 0A 01 94 40 01 00 01 01 DB 36 68 88 E1 93 04 00 62 62 8A 59 71 1A 00 00 00 00 00 00 01 00 02 00 20 00 00 00 6B 01 7C 01 01 00 2C 01 73 01 0A 00 DF 01 1D 01 10 01 43 00 6E 01 88 01 8E 01 A5 01 4E 01 2F 01 7C D3 39 52 00 00 00 00 00 00 00 00 00 00 00 00 00 00 00 00 00 00 00 00 00 00 00 00 00 00 00 00 C2 8C 3A 13 7E
[ 20483][16:42:48.533]7E FF 02 FF 02 B7 24 79 31 01 18 01 D4 E5 48 07 00 49 00 10 00 01 00 02 8D DD 2E 10 01 20 1E 01 01 0D 00 00 23 3F B8 82 E2 48 39 7E
[ 20484][16:42:48.548]7E FF 02 FF 03 B7 26 79 31 01 66 02 7D C4 49 07 00 49 00 94 00 01 00 01 8D DD 2E 01 F0 FF 01 C8 14 B6 46 00 45 6F 9B 10 00 FF 2F 05 8F 3E 00 54 88 11 00 00 2A 00 00 01 00 00 00 22 03 23 23 12 25 00 00 05 46 46 54 0A 01 94 40 01 00 01 01 DB 36 68 88 E1 93 04 00 62 62 8A 59 71 1A 00 00 00 00 00 00 01 00 02 00 20 00 00 00 6B 01 7C 01 01 00 2C 01 73 01 0A 00 DF 01 1D 01 10 01 43 00 6E 01 88 01 8E 01 A5 01 4E 01 2F 01 7C D3 39 52 00 00 00 00 00 00 00 00 00 00 00 00 00 00 00 00 00 00 00 00 00 00 00 00 00 00 00 00 C9 67 77 E3 7E
[ 20485][16:42:48.563]7E FF 02 FF 04 B7 D8 78 31 01 F4 01 06 23 52 07 00 49 00 10 00 01 00 02 8D DD 2E 10 01 30 00 01 01 0E 00 00 20 E8 38 19 00 A7 84 7E
[ 20486][16:42:48.578]7E FF 02 FF 05 B7 E8 78 31 01 24 01 DC 29 58 07 00 49 00 10 00 01 00 02 8D DD 2E 10 01 30 00 01 02 0E 00 00 10 28 38 1B C7 F7 11 7E
[ 20487][16:42:48.593]7E FF 02 FF 06 B7 EC 78 31 01 3A 03 67 DE 59 07 00 49 00 94 00 01 00 01 8D DD 2E 01 F0 FF 01 C8 14 B6 46 00 45 6F 9B 10 00 FF 2F 05 8F 3E 00 54 88 11 00 00 2A 00 00 01 00 00 00 22 03 23 23 12 25 00 00 05 46 46 54 0A 01 94 40 01 00 01 01 DB 36 68 88 E1 93 04 00 62 62 8A 59 71 1A 00 00 00 00 00 00 01 00 02 00 20 00 00 00 6B 01 7C 01 01 00 2C 01 73 01 0A 00 DF 01 1D 01 10 01 43 00 6E 01 88 01 8E 01 A5 01 4E 01 2F 01 7C D3 39 52 00 00 00 00 00 00 00 00 00 00 00 00 00 00 00 00 00 00 00 00 00 00 00 00 00 00 00 00 B8 4C FC 02 7E
[ 20488][16:42:48.608]7E FF 02 FF 07 B7 66 79 31 01 28 01 F7 14 62 07 00 49 00 10 00 01 00 02 8D DD 2E 10 01 90 06 01 00 0E 00 00 99 3C 6E B8 8F C1 66 7E
[ 20489][16:42:48.623]7E FF 02 FF 08 B7 6A 79 31 01 95 01 FD 9E 63 07 00 49 00 94 00 01 00 01 8D DD 2E 01 F0 FF 01 C8 14 B6 46 00 45 6F 9B 10 00 FF 2F 05 8F 3E 00 54 88 11 00 00 2A 00 00 01 00 00 00 22 03 23 23 12 25 00 00 05 46 46 54 0A 01 94 40 01 00 01 01 DB 36 68 88 E1 93 04 00 62 62 8A 59 71 1A 00 00 00 00 00 00 01 00 02 00 20 00 00 00 6B 01 7C 01 01 00 2C 01 73 01 0A 00 DF 01 1D 01 10 01 43 00 6E 01 88 01 8E 01 A5 01 4E 01 2F 01 7C D3 39 52 00 00 00 00 00 00 00 00 00 00 00 00 00 00 00 00 00 00 00 00 00 00 00 00 00 00 00 00 E6 33 20 5A 7E
[ 20490][16:42:48.623]7E FF 02 FF 09 B7 87 79 31 01 62 00 F7 97 6E 07 00 49 00 10 00 01 00 02 8D DD 2E 10 01 30 00 01 01 0F 00 00 21 F8 FC B4 FA B2 BE 7E
[ 20491][16:42:48.653]7E FF 02 FF 0A B7 8E 79 31 01 A8 01 36 5E 71 07 00 49 00 94 00 01 00 01 8D DD 2E 01 F0 FF 00 C8 14 B6 42 00 15 65 BA 10 00 FF 2F 0A 90 3E 00 34 88 11 00 00 2A 00 00 01 00 00 00 22 03 23 23 12 78 00 00 05 46 46 54 01 00 00 40 01 00 01 01 F2 6C 02 7E 00 A0 0F 00 01 00 00 00 01 00 00 00 00 00 00 00 00 00 00 00 00 00 00 00 07 85 01 C6 00 00 00 00 00 00 00 00 00 00 00 00 00 00 00 00 00 00 00 00 00 00 00 00 00 00 00 00 00 00 00 00 00 00 00 00 00 00 00 00 00 00 00 00 00 00 00 00 00 00 00 00 00 00 00 00 00 00 00 00 9A 32 F7 26 7E
[ 20492][16:42:48.698]7E FF 02 FF 0B B7 4F 79 31 01 F5 00 55 69 7F 07 00 49 00 94 00 01 00 01 8D DD 2E 01 F0 FF 00 C8 14 B6 46 00 04 67 3E 10 00 FF 2F 0A 90 3E 00 34 88 11 00 00 2A 00 00 01 00 00 00 22 03 23 23 12 78 00 00 05 46 46 54 01 00 00 40 01 00 01 01 F2 6C 02 7E 00 A0 0F 00 01 00 00 00 01 00 00 00 00 00 00 00 00 00 00 00 00 00 00 00 07 85 01 C6 00 00 00 00 00 00 00 00 00 00 00 00 00 00 00 00 00 00 00 00 00 00 00 00 00 00 00 00 00 00 00 00 00 00 00 00 00 00 00 00 00 00 00 00 00 00 00 00 00 00 00 00 00 00 00 00 00 00 00 00 5E 69 0A 6E 7E
[ 20493][16:42:48.803]7E FF 02 FF 0C B7 C1 79 31 01 47 01 40 EE AA 07 00 49 00 54 00 01 00 01 8D DD 2E 01 20 1B 03 5B 13 60 E0 00 42 C3 2D 10 00 B2 01 03 9D 3E 30 10 88 FF 00 00 2A 00 00 11 08 00 00 01 03 01 00 AF 03 83 48 18 57 00 00 8B B4 84 C8 00 00 00 00 00 00 00 00 00 00 00 00 00 00 00 00 00 00 00 00 00 00 00 00 00 00 00 00 00 00 00 00 A6 B2 03 C5 7E
[ 20494][16:42:48.818]7E FF 02 FF 0D B7 3E 7A 31 01 EA 00 4B 74 B4 07 00 49 00 10 00 01 00 02 8D DD 2E 10 01 10 04 01 03 10 00 00 06 88 01 74 A1 F4 39 7E
[ 20495][16:42:48.818]7E FF 02 FF 0E B7 47 7A 31 01 42 02 32 05 B8 07 00 49 00 10 00 01 00 02 8D DD 2E 10 01 20 1B 01 00 10 00 00 7D 86 64 7E 76 DB C8 7E
[ 20496][16:42:48.863]7E FF 02 FF 0F B7 05 7A 31 01 F1 02 29 0A C5 07 00 49 00 54 00 01 00 01 8D DD 2E 01 C0 1A 03 5B 13 60 E0 00 AD 1E 10 10 00 AC 01 03 A6 3E 30 10 88 FF 00 00 2A 00 00 11 08 00 00 01 43 00 00 5F 03 00 48 16 59 00 00 5F EE 00 7C 00 00 00 00 00 00 00 00 00 00 00 00 00 00 00 00 00 00 00 00 00 00 00 00 00 00 00 00 00 00 00 00 42 16 38 E7 7E
[ 20497][16:42:48.878]7E FF 02 FF 10 B7 15 7A 31 01 BB 03 7C 3C CB 07 00 49 00 10 00 01 00 03 8D DD 2E A0 08 F5 1A B1 50 3B 2A 02 C9 39 01 29 81 94 07 7E
[ 20498][16:42:48.923]7E FF 02 FF 11 B7 9B 7A 31 01 5C 03 65 26 D8 07 00 49 00 54 00 01 00 01 8D DD 2E 01 20 1B 03 5B 13 60 E0 00 42 C3 2D 10 00 B2 01 03 AC 3E 30 10 88 FF 00 00 2A 00 00 11 08 00 00 01 03 01 00 AF 03 83 48 18 57 00 00 8B B4 84 C8 00 00 00 00 00 00 00 00 00 00 00 00 00 00 00 00 00 00 00 00 00 00 00 00 00 00 00 00 00 00 00 00 A5 A8 EF 27 7E
[ 20499][16:42:49.148]7E FF 02 FF 12 B7 2E 7B 31 01 A0 00 4C 20 36 08 00 49 00 10 00 01 00 03 EC A8 22 FA 01 CE 03 8D DD 2E 20 02 E3 2B 49 D4 B1 C4 39 7E
[ 20500][16:42:49.268]7E FF 02 FF 13 B7 90 7B 31 01 10 00 40 6F 5B 08 00 49 00 54 00 01 00 01 8D DD 2E 01 30 00 03 5B 13 60 E0 00 8D AA 89 10 00 03 00 0A A9 3E 30 10 88 FF 00 00 2A 00 00 11 08 00 00 01 03 01 00 B6 02 89 01 50 79 15 00 4D 71 B9 A2 00 00 00 00 00 00 00 00 00 00 00 00 00 00 00 00 00 00 00 00 00 00 00 00 00 00 00 00 00 00 00 00 B2 77 9E 57 7E
[ 20501][16:42:49.313]7E FF 02 FF 14 B7 2C 7C 31 01 F7 00 27 E2 70 08 00 49 00 54 00 01 00 01 8D DD 2E 01 30 00 03 5B 13 60 E4 00 9C A8 0D 10 00 03 00 0A A9 3E 30 10 88 FF 00 00 2A 00 00 11 08 00 00 01 03 01 00 B6 02 89 01 50 79 15 00 4D 71 B9 A2 00 00 00 00 00 00 00 00 00 00 00 00 00 00 00 00 00 00 00 00 00 00 00 00 00 00 00 00 00 00 00 00 82 7E 55 44 7E
[ 20502][16:42:49.343]7E FF 02 FF 15 B7 4B 7C 31 01 0A 02 05 D6 7C 08 00 49 00 10 00 01 00 02 8D DD 2E 10 01 70 00 01 03 0E 00 00 10 2A 30 A7 9C 9D 66 7E
[ 20503][16:42:49.358]7E FF 02 FF 16 B7 EB 7B 31 01 7E 00 C5 30 7E 08 00 49 00 54 00 01 00 01 8D DD 2E 01 30 00 03 5B 13 60 E0 00 8D AA 89 10 00 50 01 03 AA 3E 30 10 88 FF 00 00 2A 00 00 11 08 00 00 01 03 01 00 B9 02 15 72 57 79 15 00 7F 17 98 32 00 00 00 00 00 00 00 00 00 00 00 00 00 00 00 00 00 00 00 00 00 00 00 00 00 00 00 00 00 00 00 00 7A F4 E9 97 7E
[ 20504][16:42:49.463]7E FF 02 FF 17 B7 69 7C 31 01 E1 02 4D 84 AE 08 00 49 00 10 00 01 00 02 8D DD 2E 10 01 E0 02 01 02 0C 00 00 25 CE 64 AC C8 B8 49 7E
[ 20505][16:42:50.182]7E FF 02 FF 18 B7 0B 7F 31 01 09 00 92 51 AF 09 00 3B 02 15 01 01 00 00 EC A8 22 23 CA 2B 46 01 B0 B0 02 00 20 C6 DF CA D5 00 00 90 98 01 63 1B 01 00 00 20 02 00 00 00 00 00 00 05 00 0F 01 00 00 64 00 00 90 98 01 63 04 00 00 01 0A C8 00 02 00 3C 00 3C 00 06 0A 90 07 00 00 97 5C 26 46 C0 49 00 13 33 00 06 17 32 00 00 00 00 78 48 2A 46 40 25 00 00 17 00 02 10 09 10 23 10 24 10 3D 10 1D 10 76 00 77 00 78 00 79 00 7A 00 7B 00 7C 00 7E 00 7F 00 80 00 81 00 83 00 84 80 64 19 00 01 F4 01 00 02 D0 07 00 03 03 04 32 05 7B 00 7C 00 7E 00 7F 00 80 00 81 00 83 00 84 00 85 00 87 00 89 00 8A 00 8D 00 82 00 8C 00 8E 00 88 00 7D 00 86 00 8B 00 8F 00 90 00 91 00 17 00 1D 00 2C 00 2A 00 1B 00 08 00 0C 00 06 80 04 29 00 01 F4 01 00 02 C4 09 00 03 03 04 32 05 57 00 58 00 59 00 5A 00 5B 00 5C 00 5D 00 5E 00 5F 00 60 00 61 00 62 00 63 00 64 00 65 80 1C 25 00 01 F4 01 00 02 DC 05 00 03 03 04 32 05 B5 E4 E5 80 36 8E CE 95 7E
[ 20506][16:42:50.197]7E FF 02 FF 19 B7 20 7F 31 01 72 00 63 5E B7 09 00 3E 02 15 01 01 00 00 EC A8 22 F3 D6 33 46 01 B0 B0 04 00 A9 C2 40 CA D5 00 00 90 98 01 63 1B 01 00 00 20 02 00 00 00 00 00 00 05 00 0F 01 00 00 64 00 00 90 98 01 63 04 00 00 01 0A C8 00 02 00 3C 00 3C 00 06 0A 90 07 00 00 97 5C 26 46 C0 49 00 13 33 00 06 17 32 00 00 00 00 78 48 2A 46 40 25 00 00 17 00 02 10 09 10 23 10 24 10 3D 10 1D 10 76 00 77 00 78 00 79 00 7A 00 7B 00 7C 00 7E 00 7F 00 80 00 81 00 83 00 84 80 64 19 00 01 F4 01 00 02 D0 07 00 03 03 04 32 05 7B 00 7C 00 7E 00 7F 00 80 00 81 00 83 00 84 00 85 00 87 00 89 00 8A 00 8D 00 82 00 8C 00 8E 00 88 00 7D 00 86 00 8B 00 8F 00 90 00 91 00 17 00 1D 00 2C 00 2A 00 1B 00 08 00 0C 00 06 80 04 29 00 01 F4 01 00 02 C4 09 00 03 03 04 32 05 57 00 58 00 59 00 5A 00 5B 00 5C 00 5D 00 5E 00 5F 00 60 00 61 00 62 00 63 00 64 00 65 80 1C 25 00 01 F4 01 00 02 DC 05 00 03 03 04 32 05 B5 E4 E5 80 65 EA 6A E3 7E
[ 20507][16:42:50.228]7E FF 02 FF 1A B7 37 7F 31 01 87 00 A1 26 C0 09 00 3F 02 15 01 01 00 00 EC A8 22 31 9F 3C 46 01 B0 B0 06 00 6B 6C 4E CA D5 00 00 90 98 01 63 1B 01 00 00 20 02 00 00 00 00 00 00 05 00 0F 01 00 00 64 00 00 90 98 01 63 04 00 00 01 0A C8 00 02 00 3C 00 3C 00 06 0A 90 07 00 00 97 5C 26 46 C0 49 00 13 33 00 06 17 32 00 00 00 00 78 48 2A 46 40 25 00 00 17 00 02 10 09 10 23 10 24 10 3D 10 1D 10 76 00 77 00 78 00 79 00 7A 00 7B 00 7C 00 7E 00 7F 00 80 00 81 00 83 00 84 80 64 19 00 01 F4 01 00 02 D0 07 00 03 03 04 32 05 7B 00 7C 00 7E 00 7F 00 80 00 81 00 83 00 84 00 85 00 87 00 89 00 8A 00 8D 00 82 00 8C 00 8E 00 88 00 7D 00 86 00 8B 00 8F 00 90 00 91 00 17 00 1D 00 2C 00 2A 00 1B 00 08 00 0C 00 06 80 04 29 00 01 F4 01 00 02 C4 09 00 03 03 04 32 05 57 00 58 00 59 00 5A 00 5B 00 5C 00 5D 00 5E 00 5F 00 60 00 61 00 62 00 63 00 64 00 65 80 1C 25 00 01 F4 01 00 02 DC 05 00 03 03 04 32 05 B5 E4 E5 80 51 BE 69 01 7E
[ 20508][16:42:50.258]7E FF 02 FF 1B B7 B1 7F 31 01 96 00 97 8C C8 09 00 49 01 15 01 01 00 00 EC A8 22 7B 06 45 46 02 B0 B0 04 00 8A 7D 8C C9 D5 00 00 90 98 01 63 1B 01 00 00 20 02 00 00 00 00 00 00 05 00 0F 02 10 00 42 01 18 01 00 00 03 12 02 02 01 0A C8 00 02 00 3C 00 3C 00 06 0A 90 07 00 00 97 5C 26 46 C0 49 00 13 33 00 06 17 32 00 00 00 00 78 48 2A 46 40 25 00 00 17 00 02 10 09 10 23 10 24 10 3D 10 1D 10 76 00 77 00 78 00 79 00 7A 00 7B 00 7C 00 7E 00 7F 00 80 00 81 00 83 00 84 80 64 19 00 01 F4 01 00 02 D0 07 00 03 03 04 32 05 7B 00 7C 00 7E 00 7F 00 80 00 81 00 83 00 84 00 85 00 87 00 89 00 8A 00 8D 00 82 00 8C 00 8E 00 88 00 7D 00 86 00 8B 00 8F 00 90 00 91 00 17 00 1D 00 2C 00 2A 00 1B 00 08 00 0C 00 06 80 04 29 00 01 F4 01 00 02 C4 09 00 03 03 04 32 05 57 00 58 00 59 00 5A 00 5B 00 5C 00 5D 00 5E 00 5F 00 60 00 61 00 62 00 63 00 64 00 65 80 1C 25 00 01 F4 01 00 02 DC 05 00 03 03 04 32 05 F1 42 C9 EA 65 AF AB 21 7E
[ 20509][16:42:50.287]7E FF 02 FF 1C B7 C8 7F 31 01 78 00 02 50 D1 09 00 49 01 15 01 01 00 00 EC A8 22 D1 C9 4D 46 09 B0 B0 02 00 86 62 87 C9 D5 00 00 90 98 01 63 1B 01 00 00 20 02 00 00 00 00 00 00 05 00 0F 09 10 00 44 01 21 01 00 00 19 12 03 01 01 0A C8 00 02 00 3C 00 3C 00 06 0A 90 07 00 00 97 5C 26 46 C0 49 00 13 33 00 06 17 32 00 00 00 00 78 48 2A 46 40 25 00 00 17 00 02 10 09 10 23 10 24 10 3D 10 1D 10 76 00 77 00 78 00 79 00 7A 00 7B 00 7C 00 7E 00 7F 00 80 00 81 00 83 00 84 80 64 19 00 01 F4 01 00 02 D0 07 00 03 03 04 32 05 7B 00 7C 00 7E 00 7F 00 80 00 81 00 83 00 84 00 85 00 87 00 89 00 8A 00 8D 00 82 00 8C 00 8E 00 88 00 7D 00 86 00 8B 00 8F 00 90 00 91 00 17 00 1D 00 2C 00 2A 00 1B 00 08 00 0C 00 06 80 04 29 00 01 F4 01 00 02 C4 09 00 03 03 04 32 05 57 00 58 00 59 00 5A 00 5B 00 5C 00 5D 00 5E 00 5F 00 60 00 61 00 62 00 63 00 64 00 65 80 1C 25 00 01 F4 01 00 02 DC 05 00 03 03 04 32 05 6D 16 A3 9A EA 10 1C DF 7E
[ 20510][16:42:50.287]7E FF 02 FF 1D B7 87 7F 31 01 94 01 89 CB DE 09 00 49 01 10 00 01 00 02 8D DD 2E 10 01 40 0A 01 03 0D 00 00 1F 79 30 52 95 53 B3 7E
[ 20511][16:42:50.317]7E FF 02 FF 1E B7 92 7F 31 01 73 00 9F DC E2 09 00 49 01 15 01 01 00 00 EC A8 22 86 56 5F 46 24 B0 B0 02 00 76 F7 98 C9 D5 00 00 90 98 01 63 1B 01 00 00 20 02 00 00 00 00 00 00 05 00 0F 24 10 00 44 01 23 01 00 00 06 12 02 01 01 0A C8 00 02 00 3C 00 3C 00 06 0A 90 07 00 00 97 5C 26 46 C0 49 00 13 33 00 06 17 32 00 00 00 00 78 48 2A 46 40 25 00 00 17 00 02 10 09 10 23 10 24 10 3D 10 1D 10 76 00 77 00 78 00 79 00 7A 00 7B 00 7C 00 7E 00 7F 00 80 00 81 00 83 00 84 80 64 19 00 01 F4 01 00 02 D0 07 00 03 03 04 32 05 7B 00 7C 00 7E 00 7F 00 80 00 81 00 83 00 84 00 85 00 87 00 89 00 8A 00 8D 00 82 00 8C 00 8E 00 88 00 7D 00 86 00 8B 00 8F 00 90 00 91 00 17 00 1D 00 2C 00 2A 00 1B 00 08 00 0C 00 06 80 04 29 00 01 F4 01 00 02 C4 09 00 03 03 04 32 05 57 00 58 00 59 00 5A 00 5B 00 5C 00 5D 00 5E 00 5F 00 60 00 61 00 62 00 63 00 64 00 65 80 1C 25 00 01 F4 01 00 02 DC 05 00 03 03 04 32 05 B9 65 1E 1B 3D 49 E3 D9 7E
[ 20512][16:42:50.317]7E FF 02 FF 1F B7 1E 80 31 01 2F 03 D3 69 F2 09 00 49 01 10 00 01 00 03 8D DD 2E A0 08 50 15 B1 50 3B 2A 02 0A 42 D3 A5 30 8C 18 7E
[ 20513][16:42:50.363]7E FF 02 FF 20 B7 24 80 31 01 8D 00 A0 6A F4 09 00 49 01 15 01 01 00 00 EC A8 22 D6 E5 70 46 1D B0 B0 04 00 D2 D1 C4 C9 D5 00 00 90 98 01 63 1B 01 00 00 20 02 00 00 00 00 00 00 05 00 0F 1D 30 02 3E 01 19 01 00 00 01 22 05 02 01 0A C8 00 02 00 3C 00 3C 00 06 0A 90 07 00 00 97 5C 26 46 C0 49 00 13 33 00 06 17 32 00 00 00 00 78 48 2A 46 40 25 00 00 17 00 02 10 09 10 23 10 24 10 3D 10 1D 10 76 00 77 00 78 00 79 00 7A 00 7B 00 7C 00 7E 00 7F 00 80 00 81 00 83 00 84 80 64 19 00 01 F4 01 00 02 D0 07 00 03 03 04 32 05 7B 00 7C 00 7E 00 7F 00 80 00 81 00 83 00 84 00 85 00 87 00 89 00 8A 00 8D 00 82 00 8C 00 8E 00 88 00 7D 00 86 00 8B 00 8F 00 90 00 91 00 17 00 1D 00 2C 00 2A 00 1B 00 08 00 0C 00 06 80 04 29 00 01 F4 01 00 02 C4 09 00 03 03 04 32 05 57 00 58 00 59 00 5A 00 5B 00 5C 00 5D 00 5E 00 5F 00 60 00 61 00 62 00 63 00 64 00 65 80 1C 25 00 01 F4 01 00 02 DC 05 00 03 03 04 32 05 45 F4 16 57 7C 56 D2 78 7E
[ 20514][16:42:50.453]7E FF 02 FF 21 B7 80 80 31 01 5E 00 05 80 17 0A 00 49 01 15 01 01 00 00 EC A8 22 F0 F9 93 46 79 B0 B0 02 00 52 50 9A C8 D5 00 00 90 98 01 63 1B 01 00 00 20 02 00 00 00 00 00 00 05 00 0F 79 10 00 46 01 23 01 00 00 09 11 02 01 01 0A C8 00 02 00 3C 00 3C 00 06 0A 90 07 00 00 97 5C 26 46 C0 23 00 13 33 00 06 17 32 00 00 00 00 78 48 2A 46 40 25 00 00 17 00 64 19 00 01 F4 01 00 02 D0 07 00 03 03 04 32 05 78 00 79 00 7A 00 7B 00 7C 00 7E 00 7F 00 80 00 81 00 83 00 84 80 64 19 00 01 F4 01 00 02 D0 07 00 03 03 04 32 05 7B 00 7C 00 7E 00 7F 00 80 00 81 00 83 00 84 00 85 00 87 00 89 00 8A 00 8D 00 82 00 8C 00 8E 00 88 00 7D 00 86 00 8B 00 8F 00 90 00 91 00 17 00 1D 00 2C 00 2A 00 1B 00 08 00 0C 00 06 80 04 29 00 01 F4 01 00 02 C4 09 00 03 03 04 32 05 57 00 58 00 59 00 5A 00 5B 00 5C 00 5D 00 5E 00 5F 00 60 00 61 00 62 00 63 00 64 00 65 80 1C 25 00 01 F4 01 00 02 DC 05 00 03 03 04 32 05 1B 9D ED F9 50 D4 7E 79 7E
[ 20515][16:42:50.588]7E FF 02 FF 22 B7 A6 80 31 01 4A 00 54 23 4C 0A 00 49 01 15 01 01 00 00 EC A8 22 9F 9E C8 46 80 B0 B0 02 00 34 7C 68 C8 D5 00 00 90 98 01 63 1B 01 00 00 20 02 00 00 00 00 00 00 05 00 0F 80 20 00 42 01 18 01 00 00 02 21 03 01 01 0A C8 00 02 00 3C 00 3C 00 06 0A 90 07 00 00 97 5C 26 46 C0 23 00 13 33 00 06 17 32 00 00 00 00 78 48 2A 46 40 25 00 00 17 00 64 19 00 01 F4 01 00 02 D0 07 00 03 03 04 32 05 78 00 79 00 7A 00 7B 00 7C 00 7E 00 7F 00 80 00 81 00 83 00 84 80 64 19 00 01 F4 01 00 02 D0 07 00 03 03 04 32 05 7B 00 7C 00 7E 00 7F 00 80 00 81 00 83 00 84 00 85 00 87 00 89 00 8A 00 8D 00 82 00 8C 00 8E 00 88 00 7D 00 86 00 8B 00 8F 00 90 00 91 00 17 00 1D 00 2C 00 2A 00 1B 00 08 00 0C 00 06 80 04 29 00 01 F4 01 00 02 C4 09 00 03 03 04 32 05 57 00 58 00 59 00 5A 00 5B 00 5C 00 5D 00 5E 00 5F 00 60 00 61 00 62 00 63 00 64 00 65 80 1C 25 00 01 F4 01 00 02 DC 05 00 03 03 04 32 05 D9 6D CA 5E D2 88 BC B2 7E
[ 20516][16:42:50.632]7E FF 02 FF 23 B7 38 81 31 01 63 00 90 AF 5D 0A 00 49 01 15 01 01 00 00 EC A8 22 E2 2A DA 46 83 B0 B0 06 00 33 4E 18 C8 D5 00 00 90 98 01 63 1B 01 00 00 20 02 00 00 00 00 00 00 05 00 0F 83 20 00 42 01 15 01 00 00 01 21 05 03 01 0A C8 00 02 00 3C 00 3C 00 06 0A 90 07 00 00 97 5C 26 46 C0 23 00 13 33 00 06 17 32 00 00 00 00 78 48 2A 46 40 25 00 00 17 00 64 19 00 01 F4 01 00 02 D0 07 00 03 03 04 32 05 78 00 79 00 7A 00 7B 00 7C 00 7E 00 7F 00 80 00 81 00 83 00 84 80 64 19 00 01 F4 01 00 02 D0 07 00 03 03 04 32 05 7B 00 7C 00 7E 00 7F 00 80 00 81 00 83 00 84 00 85 00 87 00 89 00 8A 00 8D 00 82 00 8C 00 8E 00 88 00 7D 00 86 00 8B 00 8F 00 90 00 91 00 17 00 1D 00 2C 00 2A 00 1B 00 08 00 0C 00 06 80 04 29 00 01 F4 01 00 02 C4 09 00 03 03 04 32 05 57 00 58 00 59 00 5A 00 5B 00 5C 00 5D 00 5E 00 5F 00 60 00 61 00 62 00 63 00 64 00 65 80 1C 25 00 01 F4 01 00 02 DC 05 00 03 03 04 32 05 F7 28 60 8E 5B 3A 5B 07 7E
[ 20517][16:42:50.677]7E FF 02 FF 24 B7 17 81 31 01 33 00 91 39 77 0A 00 49 01 54 00 01 00 01 EC A8 22 02 10 00 00 5B 13 60 E0 00 5C 0A D2 20 00 01 00 03 04 01 00 1F F8 FF 00 00 D5 00 00 07 00 00 00 02 00 02 00 8F 00 13 00 FE FF FF FF FF FF FF FF FF FF FF FF FF FF FF FF FF FF 07 C1 27 A4 DE 00 00 00 00 00 00 00 00 00 00 00 00 00 00 00 00 00 78 B1 26 7B 7E
[ 20518][16:42:50.677]7E FF 02 FF 25 B7 1D 81 31 01 0C 03 A9 D0 79 0A 00 49 01 10 00 01 00 02 EC A8 22 10 01 20 00 01 03 00 00 00 B0 04 2A 61 AA AB 24 7E
[ 20519][16:42:50.722]7E FF 02 FF 26 B7 29 81 31 01 0A 03 FA 5E 7E 0A 00 49 00 14 01 01 00 01 EC A8 22 80 F0 FF 00 34 18 60 C3 00 95 E4 2F 00 08 FF 2F 01 70 00 00 C8 80 11 00 00 D5 00 00 08 00 00 00 80 20 00 21 01 18 01 00 00 02 00 00 90 98 01 63 02 03 64 64 8F 00 0C 01 23 00 13 00 42 00 00 00 02 30 FE FF FD FF FF FF FF FF FF FF FF FF FF FF FF FF FE FF 03 00 00 00 00 00 00 00 00 00 00 00 00 00 00 00 00 00 00 00 00 00 00 00 00 00 00 00 00 00 00 00 00 00 00 00 00 00 00 00 00 00 00 00 00 00 00 00 00 00 00 00 00 00 00 00 00 00 00 00 00 00 00 00 00 00 00 00 00 00 00 00 00 00 00 00 00 00 00 00 00 00 00 00 00 00 00 00 00 00 00 00 00 00 00 00 00 00 00 00 00 00 00 00 00 00 00 00 00 00 00 00 00 00 00 00 00 00 00 00 00 00 00 00 00 00 00 00 00 00 00 00 00 00 00 00 00 00 00 00 00 00 00 00 3F FE 69 45 00 00 00 00 00 00 00 00 00 00 00 00 00 00 00 00 00 00 00 00 00 00 00 00 00 00 00 00 00 00 00 00 00 00 00 00 00 00 00 00 04 4D 34 91 7E
[ 20520][16:42:51.066]7E FF 02 FF 27 B7 A4 82 31 01 D2 02 53 F2 0E 0B 00 49 00 10 00 01 00 03 EC A8 22 FA 01 A7 21 8D DD 2E 20 02 39 79 26 1D 0F 75 4C 7E
[ 20521][16:42:51.201]7E FF 02 FF 28 B7 FD 82 31 01 C0 00 78 AC 30 0B 00 49 01 14 01 01 00 01 EC A8 22 8C F0 FF 00 34 18 60 C3 00 99 E4 EF C0 08 FF 2F 01 62 00 00 C8 E0 11 00 00 D5 00 00 08 00 00 00 8C 10 00 11 01 22 01 00 00 01 00 00 90 98 01 63 03 02 64 64 8F 00 0C 01 22 00 13 00 64 00 00 00 01 30 FE FF FD FF FF FF FF FF FF FF FF FF FF FF FF FF FF EF 03 00 00 00 00 00 00 00 00 00 00 00 00 00 00 00 00 00 00 00 00 00 00 00 00 00 00 00 00 00 00 00 00 00 00 00 00 00 00 00 00 00 00 00 00 00 00 00 00 00 00 00 00 00 00 00 00 00 00 00 00 00 00 00 00 00 00 00 00 00 00 00 00 00 00 00 00 00 00 00 00 00 00 00 00 00 00 00 00 00 00 00 00 00 00 00 00 00 00 00 00 00 00 00 00 00 00 00 00 00 00 00 00 00 00 00 00 00 00 00 00 00 00 00 00 00 00 00 00 00 00 00 00 00 00 00 00 00 00 00 00 00 00 00 6D B4 A0 57 00 00 00 00 00 00 00 00 00 00 00 00 00 00 00 00 00 00 00 00 00 00 00 00 00 00 00 00 00 00 00 00 00 00 00 00 00 00 00 00 BD 2C C2 7F 7E
[ 20522][16:42:51.530]7E FF 02 FF 29 B7 DA 84 31 01 0C 02 5D A4 C0 0B 00 49 01 10 00 01 00 02 8D DD 2E 10 01 00 00 01 00 0D 00 00 BD A9 7A 13 E5 D3 10 7E
[ 20523][16:42:51.575]7E FF 02 FF 2A B7 8C 84 31 01 FB 01 D2 FF C8 0B 00 49 00 94 00 01 00 01 8D DD 2E 01 F0 FF 00 C8 14 B6 42 00 15 65 BA 10 00 FF 2F 0A B1 3E 00 34 88 11 00 00 2A 00 00 01 00 00 00 00 15 79 52 19 58 00 00 05 46 46 54 01 00 00 00 01 00 01 01 2B A3 38 29 00 7D 00 00 95 00 00 00 01 00 00 00 00 00 00 00 00 00 00 00 00 00 00 00 C3 AC 1A 08 00 00 00 00 00 00 00 00 00 00 00 00 00 00 00 00 00 00 00 00 00 00 00 00 00 00 00 00 00 00 00 00 00 00 00 00 00 00 00 00 00 00 00 00 00 00 00 00 00 00 00 00 00 00 00 00 00 00 00 00 B0 FD 0F 43 7E
[ 20524][16:42:51.575]7E FF 02 FF 2B B7 A9 84 31 01 98 01 09 0C D4 0B 00 49 00 10 00 01 00 02 8D DD 2E 10 01 00 00 01 02 0E 00 00 9C 19 3E 52 C2 31 E6 7E
[ 20525][16:42:51.650]7E FF 02 FF 2C B7 43 85 31 01 72 02 33 B5 E8 0B 00 49 00 94 00 01 00 01 8D DD 2E 01 F0 FF 00 C8 14 B6 46 00 04 67 3E 10 00 FF 2F 0A B1 3E 00 34 88 11 00 00 2A 00 00 01 00 00 00 00 15 79 52 19 58 00 00 05 46 46 54 01 00 00 00 01 00 01 01 2B A3 38 29 00 7D 00 00 95 00 00 00 01 00 00 00 00 00 00 00 00 00 00 00 00 00 00 00 C3 AC 1A 08 00 00 00 00 00 00 00 00 00 00 00 00 00 00 00 00 00 00 00 00 00 00 00 00 00 00 00 00 00 00 00 00 00 00 00 00 00 00 00 00 00 00 00 00 00 00 00 00 00 00 00 00 00 00 00 00 00 00 00 00 CB 93 5B EB 7E
[ 20526][16:42:51.665]7E FF 02 FF 2D B7 FB 84 31 01 BE 01 70 59 F3 0B 00 49 00 10 00 01 00 02 8D DD 2E 10 01 00 00 01 01 0F 00 00 AD C9 FA C8 8D 0F 8B 7E
[ 20527][16:42:51.680]7E FF 02 FF 2E B7 FE 84 31 01 87 03 2C A4 F4 0B 00 49 00 94 00 01 00 01 8D DD 2E 01 F0 FF 00 C8 14 B6 46 00 04 67 3E 10 00 FF 2F 0A B1 3E 00 34 88 11 00 00 2A 00 00 01 00 00 00 00 15 79 52 19 58 00 00 05 46 46 54 01 00 00 00 01 00 01 01 2B A3 38 29 00 7D 00 00 95 00 00 00 01 00 00 00 00 00 00 00 00 00 00 00 00 00 00 00 C3 AC 1A 08 00 00 00 00 00 00 00 00 00 00 00 00 00 00 00 00 00 00 00 00 00 00 00 00 00 00 00 00 00 00 00 00 00 00 00 00 00 00 00 00 00 00 00 00 00 00 00 00 00 00 00 00 00 00 00 00 00 00 00 00 3A 35 A8 A8 7E
[ 20528][16:42:51.785]7E FF 02 FF 2F B7 63 85 31 01 3B 03 20 23 1B 0C 00 49 00 94 00 01 00 01 8D DD 2E 01 F0 FF 00 C8 14 B6 46 00 04 67 3E 10 00 FF 2F 0A 90 3E 00 34 88 11 00 00 2A 00 00 01 00 00 00 22 03 23 23 12 78 00 00 05 46 46 54 01 00 00 40 01 00 01 01 F2 6C 02 7E 00 A0 0F 00 01 00 00 00 01 00 00 00 00 00 00 00 00 00 00 00 00 00 00 00 07 85 01 C6 00 00 00 00 00 00 00 00 00 00 00 00 00 00 00 00 00 00 00 00 00 00 00 00 00 00 00 00 00 00 00 00 00 00 00 00 00 00 00 00 00 00 00 00 00 00 00 00 00 00 00 00 00 00 00 00 00 00 00 00 38 FF FC AB 7E
[ 20529][16:42:51.815]7E FF 02 FF 30 B7 7A 85 31 01 CC 03 9D F7 23 0C 00 49 00 94 00 01 00 01 8D DD 2E 01 F0 FF 00 C8 14 B6 46 00 04 67 3E 10 00 FF 2F 0A 90 3E 00 34 88 11 00 00 2A 00 00 01 00 00 00 22 03 23 23 12 78 00 00 05 46 46 54 01 00 00 40 01 00 01 01 F2 6C 02 7E 00 A0 0F 00 01 00 00 00 01 00 00 00 00 00 00 00 00 00 00 00 00 00 00 00 07 85 01 C6 00 00 00 00 00 00 00 00 00 00 00 00 00 00 00 00 00 00 00 00 00 00 00 00 00 00 00 00 00 00 00 00 00 00 00 00 00 00 00 00 00 00 00 00 00 00 00 00 00 00 00 00 00 00 00 00 00 00 00 00 AA CC 11 EC 7E
[ 20530][16:42:51.845]7E FF 02 FF 31 B7 FC 85 31 01 03 02 69 3B 2F 0C 00 49 00 94 00 01 00 01 8D DD 2E 01 F0 FF 00 C8 14 B6 46 00 04 67 3E 10 00 FF 2F 0A 90 3E 00 34 88 11 00 00 2A 00 00 01 00 00 00 22 03 23 23 12 78 00 00 05 46 46 54 01 00 00 40 01 00 01 01 F2 6C 02 7E 00 A0 0F 00 01 00 00 00 01 00 00 00 00 00 00 00 00 00 00 00 00 00 00 00 07 85 01 C6 00 00 00 00 00 00 00 00 00 00 00 00 00 00 00 00 00 00 00 00 00 00 00 00 00 00 00 00 00 00 00 00 00 00 00 00 00 00 00 00 00 00 00 00 00 00 00 00 00 00 00 00 00 00 00 00 00 00 00 00 44 81 76 3C 7E
[ 20531][16:42:51.860]7E FF 02 FF 32 B7 B3 85 31 01 0D 00 21 58 39 0C 00 49 00 94 00 01 00 01 8D DD 2E 01 F0 FF 00 C8 14 B6 46 00 04 67 3E 10 00 FF 2F 0A 90 3E 00 34 88 11 00 00 2A 00 00 01 00 00 00 22 03 23 23 12 78 00 00 05 46 46 54 01 00 00 40 01 00 01 01 F2 6C 02 7E 00 A0 0F 00 01 00 00 00 01 00 00 00 00 00 00 00 00 00 00 00 00 00 00 00 07 85 01 C6 00 00 00 00 00 00 00 00 00 00 00 00 00 00 00 00 00 00 00 00 00 00 00 00 00 00 00 00 00 00 00 00 00 00 00 00 00 00 00 00 00 00 00 00 00 00 00 00 00 00 00 00 00 00 00 00 00 00 00 00 36 0F 90 A5 7E
[ 20532][16:42:51.890]7E FF 02 FF 33 B7 C4 85 31 01 9C 03 86 2D 40 0C 00 49 00 94 00 01 00 01 8D DD 2E 01 F0 FF 00 C8 14 B6 46 00 04 67 3E 10 00 FF 2F 0A 90 3E 00 34 88 11 00 00 2A 00 00 01 00 00 00 22 03 23 23 12 78 00 00 05 46 46 54 01 00 00 40 01 00 01 01 F2 6C 02 7E 00 A0 0F 00 01 00 00 00 01 00 00 00 00 00 00 00 00 00 00 00 00 00 00 00 07 85 01 C6 00 00 00 00 00 00 00 00 00 00 00 00 00 00 00 00 00 00 00 00 00 00 00 00 00 00 00 00 00 00 00 00 00 00 00 00 00 00 00 00 00 00 00 00 00 00 00 00 00 00 00 00 00 00 00 00 00 00 00 00 5F 70 03 1E 7E
[ 20533][16:42:51.935]7E FF 02 FF 34 B7 5B 86 31 01 0E 02 E0 7A 53 0C 00 49 00 94 00 01 00 01 8D DD 2E 01 F0 FF 00 C8 14 B6 46 00 04 67 3E 10 00 FF 2F 0A 90 3E 00 34 88 11 00 00 2A 00 00 01 00 00 00 22 03 23 23 12 78 00 00 05 46 46 54 01 00 00 40 01 00 01 01 F2 6C 02 7E 00 A0 0F 00 01 00 00 00 01 00 00 00 00 00 00 00 00 00 00 00 00 00 00 00 07 85 01 C6 00 00 00 00 00 00 00 00 00 00 00 00 00 00 00 00 00 00 00 00 00 00 00 00 00 00 00 00 00 00 00 00 00 00 00 00 00 00 00 00 00 00 00 00 00 00 00 00 00 00 00 00 00 00 00 00 00 00 00 00 A5 2D DA BA 7E
[ 20534][16:42:51.965]7E FF 02 FF 35 B7 71 86 31 01 95 02 A4 EC 5B 0C 00 49 00 94 00 01 00 01 8D DD 2E 01 F0 FF 00 C8 14 B6 46 00 04 67 3E 10 00 FF 2F 0A 90 3E 00 34 88 11 00 00 2A 00 00 01 00 00 00 22 03 23 23 12 78 00 00 05 46 46 54 01 00 00 40 01 00 01 01 F2 6C 02 7E 00 A0 0F 00 01 00 00 00 01 00 00 00 00 00 00 00 00 00 00 00 00 00 00 00 07 85 01 C6 00 00 00 00 00 00 00 00 00 00 00 00 00 00 00 00 00 00 00 00 00 00 00 00 00 00 00 00 00 00 00 00 00 00 00 00 00 00 00 00 00 00 00 00 00 00 00 00 00 00 00 00 00 00 00 00 00 00 00 00 F0 24 ED D7 7E
[ 20535][16:42:51.980]7E FF 02 FF 36 B7 28 86 31 01 00 02 C1 2A 66 0C 00 49 00 94 00 01 00 01 8D DD 2E 01 30 00 00 16 15 B6 40 00 80 53 29 10 00 03 00 0A 92 3E 00 34 88 FF 00 00 2A 00 00 01 00 00 00 00 15 79 52 19 58 00 00 05 46 46 54 01 00 00 00 03 00 01 01 2B A3 38 29 00 7D 00 00 94 00 00 00 01 00 00 00 00 00 00 00 00 00 00 00 00 00 00 00 90 9A B8 55 00 00 00 00 00 00 00 00 00 00 00 00 00 00 00 00 00 00 00 00 00 00 00 00 00 00 00 00 00 00 00 00 00 00 00 00 00 00 00 00 00 00 00 00 00 00 00 00 00 00 00 00 00 00 00 00 00 00 00 00 0D DB 7B 05 7E
[ 20536][16:42:51.995]7E FF 02 FF 37 B7 38 86 31 01 28 02 BA 48 6C 0C 00 49 00 94 00 01 00 01 8D DD 2E 01 E0 02 01 16 15 B6 40 00 06 D3 12 10 00 2E 00 03 98 3E 00 34 88 FF 08 00 2A 00 00 00 00 05 46 46 54 00 00 59 04 27 43 05 00 00 00 00 00 00 00 9A 01 CA 00 44 00 00 00 73 1A 00 00 00 00 00 00 22 03 23 23 12 78 00 00 05 46 46 54 01 00 00 40 DC 01 01 01 F2 6C 02 7E 00 A0 0F 00 C7 74 4F A0 00 00 00 00 00 00 00 00 00 00 00 00 00 00 00 00 00 00 00 00 00 00 00 00 00 00 00 00 00 00 00 00 00 00 00 00 00 00 00 00 00 00 00 00 00 00 00 00 EA 1F 03 C0 7E
[ 20537][16:42:52.010]7E FF 02 FF 38 B7 B1 86 31 01 C0 03 25 74 74 0C 00 49 00 54 00 01 00 01 8D DD 2E 01 E0 02 03 5B 13 60 E0 00 4A 22 17 10 00 AA 00 03 99 3E 30 10 88 FF 00 00 2A 00 00 11 08 00 00 01 03 01 00 DD 50 99 64 62 79 15 00 B2 FF 54 93 00 00 00 00 00 00 00 00 00 00 00 00 00 00 00 00 00 00 00 00 00 00 00 00 00 00 00 00 00 00 00 00 77 EB 48 80 7E
[ 20538][16:42:52.040]7E FF 02 FF 39 B7 C7 86 31 01 D1 00 3A 8F 7C 0C 00 49 00 54 00 01 00 01 8D DD 2E 01 E0 02 03 5B 13 60 E0 00 4A 22 17 10 00 A9 00 03 A0 3E 30 10 88 FF 00 00 2A 00 00 11 08 00 00 01 03 01 00 E9 50 87 41 61 79 15 00 44 CE 9B B0 00 00 00 00 00 00 00 00 00 00 00 00 00 00 00 00 00 00 00 00 00 00 00 00 00 00 00 00 00 00 00 00 A8 65 F5 FD 7E
[ 20539][16:42:52.115]7E FF 02 FF 3A B7 1A 87 31 01 F8 00 90 3C 9C 0C 00 49 00 54 00 01 00 01 8D DD 2E 01 E0 02 03 5B 13 60 E4 00 5B 20 93 10 00 A9 00 03 A0 3E 30 10 88 FF 00 00 2A 00 00 11 08 00 00 01 03 01 00 E9 50 87 41 61 79 15 00 44 CE 9B B0 00 00 00 00 00 00 00 00 00 00 00 00 00 00 00 00 00 00 00 00 00 00 00 00 00 00 00 00 00 00 00 00 10 DC AD CA 7E
[ 20540][16:42:52.159]7E FF 02 FF 3B B7 E2 86 31 01 83 03 E8 44 AD 0C 00 49 00 54 00 01 00 01 8D DD 2E 01 E0 02 03 5B 13 60 E4 00 5B 20 93 10 00 A9 00 03 A0 3E 30 10 88 FF 00 00 2A 00 00 11 08 00 00 01 03 01 00 E9 50 87 41 61 79 15 00 44 CE 9B B0 00 00 00 00 00 00 00 00 00 00 00 00 00 00 00 00 00 00 00 00 00 00 00 00 00 00 00 00 00 00 00 00 40 A7 12 F0 7E
[ 20541][16:42:52.174]7E FF 02 FF 3C B7 F6 86 31 01 D8 00 B5 A2 B4 0C 00 49 00 54 00 01 00 01 8D DD 2E 01 E0 02 03 5B 13 60 E0 00 4A 22 17 10 00 1D 00 03 A1 3E 30 10 88 FF 00 00 2A 00 00 11 08 00 00 01 03 01 00 E1 50 62 75 64 79 15 00 B4 B1 88 46 00 00 00 00 00 00 00 00 00 00 00 00 00 00 00 00 00 00 00 00 00 00 00 00 00 00 00 00 00 00 00 00 77 67 84 26 7E
[ 20542][16:42:52.219]7E FF 02 FF 3D B7 82 87 31 01 E2 01 70 FF C3 0C 00 49 00 54 00 01 00 01 8D DD 2E 01 E0 02 03 5B 13 60 E0 00 4A 22 17 10 00 5C 00 03 A2 3E 30 10 88 FF 00 00 2A 00 00 11 08 00 00 01 03 01 00 E1 52 97 64 60 79 15 00 52 01 AA 46 00 00 00 00 00 00 00 00 00 00 00 00 00 00 00 00 00 00 00 00 00 00 00 00 00 00 00 00 00 00 00 00 B9 AA AA 8F 7E
[ 20543][16:42:52.234]7E FF 02 FF 3E B7 8E 87 31 01 8F 01 BE 8B C8 0C 00 49 00 54 00 01 00 01 8D DD 2E 01 E0 02 03 5B 13 60 E0 00 4A 22 17 10 00 81 00 03 A3 3E 30 10 88 FF 00 00 2A 00 00 11 08 00 00 01 03 01 00 A6 50 56 61 55 79 15 00 7D 91 CC 27 00 00 00 00 00 00 00 00 00 00 00 00 00 00 00 00 00 00 00 00 00 00 00 00 00 00 00 00 00 00 00 00 9D A7 1F 44 7E
[ 20544][16:42:52.249]7E FF 02 FF 3F B7 47 87 31 01 5E 01 0C 9C D3 0C 00 49 00 10 00 01 00 02 8D DD 2E 10 01 00 00 01 03 08 00 00 8E 39 B6 6C 3F 69 C8 7E
[ 20545][16:42:52.249]7E FF 02 FF 40 B7 4C 87 31 01 D2 00 FF 76 D5 0C 00 49 00 10 00 01 00 03 8D DD 2E A0 08 BE 0D B1 50 3B 2A 02 46 AD 08 9F D3 27 6F 7E
[ 20546][16:42:52.279]7E FF 02 FF 41 B7 60 87 31 01 B6 02 92 47 DD 0C 00 49 00 10 00 01 00 02 8D DD 2E 10 01 E0 02 01 03 09 00 00 37 DE 2C B4 CE F6 EB 7E
[ 20547][16:42:52.309]7E FF 02 FF 42 B7 67 87 31 01 E3 00 74 BF DF 0C 00 49 00 94 00 01 00 01 8D DD 2E 01 F0 FF 00 C8 14 B6 42 00 15 65 BA 10 00 FF 2F 0A B3 3E 00 34 88 11 00 00 2A 00 00 01 00 00 00 00 15 79 59 41 83 00 00 05 46 46 54 01 00 00 40 01 00 01 01 FF AB 50 31 00 A0 0F 00 CE D2 FB 27 01 00 00 00 00 00 00 00 00 00 00 00 00 00 00 00 B1 14 E5 1F 00 00 00 00 00 00 00 00 00 00 00 00 00 00 00 00 00 00 00 00 00 00 00 00 00 00 00 00 00 00 00 00 00 00 00 00 00 00 00 00 00 00 00 00 00 00 00 00 00 00 00 00 00 00 00 00 00 00 00 00 0F A0 5D 1E 7E
[ 20548][16:42:52.324]7E FF 02 FF 43 B7 E4 87 31 01 91 03 20 8B E9 0C 00 49 00 94 00 01 00 01 8D DD 2E 01 F0 FF 00 C8 14 B6 46 00 04 67 3E 10 00 FF 2F 0A B3 3E 00 34 88 11 00 00 2A 00 00 01 00 00 00 00 15 79 59 41 83 00 00 05 46 46 54 01 00 00 40 01 00 01 01 FF AB 50 31 00 A0 0F 00 CE D2 FB 27 01 00 00 00 00 00 00 00 00 00 00 00 00 00 00 00 B1 14 E5 1F 00 00 00 00 00 00 00 00 00 00 00 00 00 00 00 00 00 00 00 00 00 00 00 00 00 00 00 00 00 00 00 00 00 00 00 00 00 00 00 00 00 00 00 00 00 00 00 00 00 00 00 00 00 00 00 00 00 00 00 00 80 30 80 9D 7E
[ 20549][16:42:52.354]7E FF 02 FF 44 B7 FA 87 31 01 AA 01 72 C0 F1 0C 00 49 00 94 00 01 00 01 8D DD 2E 01 F0 FF 00 C8 14 B6 46 00 04 67 3E 10 00 FF 2F 0A B3 3E 00 34 88 11 00 00 2A 00 00 01 00 00 00 00 15 79 59 41 83 00 00 05 46 46 54 01 00 00 40 01 00 01 01 FF AB 50 31 00 A0 0F 00 CE D2 FB 27 01 00 00 00 00 00 00 00 00 00 00 00 00 00 00 00 B1 14 E5 1F 00 00 00 00 00 00 00 00 00 00 00 00 00 00 00 00 00 00 00 00 00 00 00 00 00 00 00 00 00 00 00 00 00 00 00 00 00 00 00 00 00 00 00 00 00 00 00 00 00 00 00 00 00 00 00 00 00 00 00 00 26 32 8C 0C 7E
[ 20550][16:42:52.369]7E FF 02 FF 45 B7 AE 87 31 01 14 00 7A C0 FA 0C 00 49 00 94 00 01 00 01 8D DD 2E 01 F0 FF 00 C8 14 B6 46 00 04 67 3E 10 00 FF 2F 0A B3 3E 00 34 88 11 00 00 2A 00 00 01 00 00 00 00 15 79 59 41 83 00 00 05 46 46 54 01 00 00 40 01 00 01 01 FF AB 50 31 00 A0 0F 00 CE D2 FB 27 01 00 00 00 00 00 00 00 00 00 00 00 00 00 00 00 B1 14 E5 1F 00 00 00 00 00 00 00 00 00 00 00 00 00 00 00 00 00 00 00 00 00 00 00 00 00 00 00 00 00 00 00 00 00 00 00 00 00 00 00 00 00 00 00 00 00 00 00 00 00 00 00 00 00 00 00 00 00 00 00 00 9D EF 5B F4 7E
[ 20551][16:42:52.399]7E FF 02 FF 46 B7 C5 87 31 01 90 03 08 DE 03 0D 00 49 00 94 00 01 00 01 8D DD 2E 01 F0 FF 00 C8 14 B6 46 00 04 67 3E 10 00 FF 2F 0A B3 3E 00 34 88 11 00 00 2A 00 00 01 00 00 00 00 15 79 59 41 83 00 00 05 46 46 54 01 00 00 40 01 00 01 01 FF AB 50 31 00 A0 0F 00 CE D2 FB 27 01 00 00 00 00 00 00 00 00 00 00 00 00 00 00 00 B1 14 E5 1F 00 00 00 00 00 00 00 00 00 00 00 00 00 00 00 00 00 00 00 00 00 00 00 00 00 00 00 00 00 00 00 00 00 00 00 00 00 00 00 00 00 00 00 00 00 00 00 00 00 00 00 00 00 00 00 00 00 00 00 00 1B A4 55 0E 7E
[ 20552][16:42:52.414]7E FF 02 FF 47 B7 3E 88 31 01 53 01 BE A8 0B 0D 00 49 00 94 00 01 00 01 8D DD 2E 01 F0 FF 00 C8 14 B6 46 00 04 67 3E 10 00 FF 2F 0A B3 3E 00 34 88 11 00 00 2A 00 00 01 00 00 00 00 15 79 59 41 83 00 00 05 46 46 54 01 00 00 40 01 00 01 01 FF AB 50 31 00 A0 0F 00 CE D2 FB 27 01 00 00 00 00 00 00 00 00 00 00 00 00 00 00 00 B1 14 E5 1F 00 00 00 00 00 00 00 00 00 00 00 00 00 00 00 00 00 00 00 00 00 00 00 00 00 00 00 00 00 00 00 00 00 00 00 00 00 00 00 00 00 00 00 00 00 00 00 00 00 00 00 00 00 00 00 00 00 00 00 00 76 D9 82 E9 7E
[ 20553][16:42:52.444]7E FF 02 FF 48 B7 5C 88 31 01 CA 03 EB 57 17 0D 00 49 00 94 00 01 00 01 8D DD 2E 01 F0 FF 00 C8 14 B6 46 00 04 67 3E 10 00 FF 2F 0A B3 3E 00 34 88 11 00 00 2A 00 00 01 00 00 00 00 15 79 59 41 83 00 00 05 46 46 54 01 00 00 40 01 00 01 01 FF AB 50 31 00 A0 0F 00 CE D2 FB 27 01 00 00 00 00 00 00 00 00 00 00 00 00 00 00 00 B1 14 E5 1F 00 00 00 00 00 00 00 00 00 00 00 00 00 00 00 00 00 00 00 00 00 00 00 00 00 00 00 00 00 00 00 00 00 00 00 00 00 00 00 00 00 00 00 00 00 00 00 00 00 00 00 00 00 00 00 00 00 00 00 00 D8 92 A8 7A 7E
[ 20554][16:42:52.474]7E FF 02 FF 49 B7 0C 88 31 01 51 01 6D BB 1E 0D 00 49 00 94 00 01 00 01 8D DD 2E 01 F0 FF 00 C8 14 B6 46 00 04 67 3E 10 00 FF 2F 0A B3 3E 00 34 88 11 00 00 2A 00 00 01 00 00 00 00 15 79 59 41 83 00 00 05 46 46 54 01 00 00 40 01 00 01 01 FF AB 50 31 00 A0 0F 00 CE D2 FB 27 01 00 00 00 00 00 00 00 00 00 00 00 00 00 00 00 B1 14 E5 1F 00 00 00 00 00 00 00 00 00 00 00 00 00 00 00 00 00 00 00 00 00 00 00 00 00 00 00 00 00 00 00 00 00 00 00 00 00 00 00 00 00 00 00 00 00 00 00 00 00 00 00 00 00 00 00 00 00 00 00 00 E8 96 B7 97 7E
[ 20555][16:42:52.489]7E FF 02 FF 4A B7 22 88 31 01 D6 01 AA 2B 27 0D 00 49 00 94 00 01 00 01 8D DD 2E 01 F0 FF 00 C8 14 B6 46 00 04 67 3E 10 00 FF 2F 0A B3 3E 00 34 88 11 00 00 2A 00 00 01 00 00 00 00 15 79 59 41 83 00 00 05 46 46 54 01 00 00 40 01 00 01 01 FF AB 50 31 00 A0 0F 00 CE D2 FB 27 01 00 00 00 00 00 00 00 00 00 00 00 00 00 00 00 B1 14 E5 1F 00 00 00 00 00 00 00 00 00 00 00 00 00 00 00 00 00 00 00 00 00 00 00 00 00 00 00 00 00 00 00 00 00 00 00 00 00 00 00 00 00 00 00 00 00 00 00 00 00 00 00 00 00 00 00 00 00 00 00 00 A9 BA C7 2B 7E
[ 20556][16:42:52.504]7E FF 02 FF 4B B7 35 88 31 01 94 03 EA 97 2E 0D 00 49 00 94 00 01 00 01 8D DD 2E 01 F0 FF 00 C8 14 B6 46 00 04 67 3E 10 00 FF 2F 0A B3 3E 00 34 88 11 00 00 2A 00 00 01 00 00 00 00 15 79 59 41 83 00 00 05 46 46 54 01 00 00 40 01 00 01 01 FF AB 50 31 00 A0 0F 00 CE D2 FB 27 01 00 00 00 00 00 00 00 00 00 00 00 00 00 00 00 B1 14 E5 1F 00 00 00 00 00 00 00 00 00 00 00 00 00 00 00 00 00 00 00 00 00 00 00 00 00 00 00 00 00 00 00 00 00 00 00 00 00 00 00 00 00 00 00 00 00 00 00 00 00 00 00 00 00 00 00 00 00 00 00 00 42 8D 31 58 7E
[ 20557][16:42:52.548]7E FF 02 FF 4C B7 76 88 31 01 3C 02 A3 47 47 0D 00 49 00 10 00 01 00 02 8D DD 2E 10 01 10 04 01 01 08 00 00 2B 88 B4 B4 F7 F9 D5 7E
[ 20558][16:42:52.773]7E FF 02 FF 4D B7 3F 89 31 01 4F 00 A0 BE 93 0D 00 49 00 94 00 01 00 01 8D DD 2E 01 F0 FF 00 C8 14 B6 46 00 04 67 3E 10 00 FF 2F 0A B1 3E 00 34 88 11 00 00 2A 00 00 01 00 00 00 00 15 79 52 19 58 00 00 05 46 46 54 01 00 00 00 01 00 01 01 2B A3 38 29 00 7D 00 00 95 00 00 00 01 00 00 00 00 00 00 00 00 00 00 00 00 00 00 00 C3 AC 1A 08 00 00 00 00 00 00 00 00 00 00 00 00 00 00 00 00 00 00 00 00 00 00 00 00 00 00 00 00 00 00 00 00 00 00 00 00 00 00 00 00 00 00 00 00 00 00 00 00 00 00 00 00 00 00 00 00 00 00 00 00 2E 21 2D FD 7E
[ 20559][16:42:52.803]7E FF 02 FF 4E B7 5F 89 31 01 E3 03 CB 4C A0 0D 00 49 00 94 00 01 00 01 8D DD 2E 01 F0 FF 00 C8 14 B6 46 00 04 67 3E 10 00 FF 2F 0A B1 3E 00 34 88 11 00 00 2A 00 00 01 00 00 00 00 15 79 52 19 58 00 00 05 46 46 54 01 00 00 00 01 00 01 01 2B A3 38 29 00 7D 00 00 95 00 00 00 01 00 00 00 00 00 00 00 00 00 00 00 00 00 00 00 C3 AC 1A 08 00 00 00 00 00 00 00 00 00 00 00 00 00 00 00 00 00 00 00 00 00 00 00 00 00 00 00 00 00 00 00 00 00 00 00 00 00 00 00 00 00 00 00 00 00 00 00 00 00 00 00 00 00 00 00 00 00 00 00 00 27 C8 45 CC 7E
[ 20560][16:42:52.863]7E FF 02 FF 4F B7 99 89 31 01 14 01 96 26 B6 0D 00 49 00 94 00 01 00 01 8D DD 2E 01 F0 FF 00 C8 14 B6 46 00 04 67 3E 10 00 FF 2F 0A B1 3E 00 34 88 11 00 00 2A 00 00 01 00 00 00 00 15 79 52 19 58 00 00 05 46 46 54 01 00 00 00 01 00 01 01 2B A3 38 29 00 7D 00 00 95 00 00 00 01 00 00 00 00 00 00 00 00 00 00 00 00 00 00 00 C3 AC 1A 08 00 00 00 00 00 00 00 00 00 00 00 00 00 00 00 00 00 00 00 00 00 00 00 00 00 00 00 00 00 00 00 00 00 00 00 00 00 00 00 00 00 00 00 00 00 00 00 00 00 00 00 00 00 00 00 00 00 00 00 00 16 1F A8 3D 7E
[ 20561][16:42:52.878]7E FF 02 FF 50 B7 B6 89 31 01 B4 02 4A 65 C1 0D 00 49 00 10 00 01 00 02 8D DD 2E 10 01 70 0B 01 01 09 00 00 F1 80 1F 16 34 DC FC 7E
[ 20562][16:42:52.907]7E FF 02 FF 51 B7 BC 89 31 01 92 02 00 A6 C3 0D 00 49 00 94 00 01 00 01 8D DD 2E 01 F0 FF 00 C8 14 B6 46 00 04 67 3E 10 00 FF 2F 0A B1 3E 00 34 88 11 00 00 2A 00 00 01 00 00 00 00 15 79 52 19 58 00 00 05 46 46 54 01 00 00 00 01 00 01 01 2B A3 38 29 00 7D 00 00 95 00 00 00 01 00 00 00 00 00 00 00 00 00 00 00 00 00 00 00 C3 AC 1A 08 00 00 00 00 00 00 00 00 00 00 00 00 00 00 00 00 00 00 00 00 00 00 00 00 00 00 00 00 00 00 00 00 00 00 00 00 00 00 00 00 00 00 00 00 00 00 00 00 00 00 00 00 00 00 00 00 00 00 00 00 BA 21 F8 E8 7E
[ 20563][16:42:52.922]7E FF 02 FF 52 B7 38 8A 31 01 22 01 44 AA CC 0D 00 49 00 94 00 01 00 01 8D DD 2E 01 F0 FF 00 C8 14 B6 46 00 04 67 3E 10 00 FF 2F 0A B1 3E 00 34 88 11 00 00 2A 00 00 01 00 00 00 00 15 79 52 19 58 00 00 05 46 46 54 01 00 00 00 01 00 01 01 2B A3 38 29 00 7D 00 00 95 00 00 00 01 00 00 00 00 00 00 00 00 00 00 00 00 00 00 00 C3 AC 1A 08 00 00 00 00 00 00 00 00 00 00 00 00 00 00 00 00 00 00 00 00 00 00 00 00 00 00 00 00 00 00 00 00 00 00 00 00 00 00 00 00 00 00 00 00 00 00 00 00 00 00 00 00 00 00 00 00 00 00 00 00 44 A3 A1 D8 7E
[ 20564][16:42:52.952]7E FF 02 FF 53 B7 4C 8A 31 01 26 02 4D 64 D4 0D 00 49 00 94 00 01 00 01 8D DD 2E 01 F0 FF 00 C8 14 B6 42 00 15 65 BA 10 00 FF 2F 0A B2 3E 00 34 88 11 00 00 2A 00 00 01 00 00 00 21 01 18 00 86 76 00 00 05 46 46 54 01 00 00 00 01 00 01 01 2B A3 38 29 00 7D 00 00 1A 00 00 00 01 00 00 00 00 00 00 00 00 00 00 00 00 00 00 00 FC B8 56 84 00 00 00 00 00 00 00 00 00 00 00 00 00 00 00 00 00 00 00 00 00 00 00 00 00 00 00 00 00 00 00 00 00 00 00 00 00 00 00 00 00 00 00 00 00 00 00 00 00 00 00 00 00 00 00 00 00 00 00 00 27 BD DB B9 7E
[ 20565][16:42:53.027]7E FF 02 FF 54 B7 99 8A 31 01 9E 02 FD D1 F1 0D 00 49 00 94 00 01 00 01 8D DD 2E 01 F0 FF 00 C8 14 B6 46 00 04 67 3E 10 00 FF 2F 0A B2 3E 00 34 88 11 00 00 2A 00 00 01 00 00 00 21 01 18 00 86 76 00 00 05 46 46 54 01 00 00 00 01 00 01 01 2B A3 38 29 00 7D 00 00 1A 00 00 00 01 00 00 00 00 00 00 00 00 00 00 00 00 00 00 00 FC B8 56 84 00 00 00 00 00 00 00 00 00 00 00 00 00 00 00 00 00 00 00 00 00 00 00 00 00 00 00 00 00 00 00 00 00 00 00 00 00 00 00 00 00 00 00 00 00 00 00 00 00 00 00 00 00 00 00 00 00 00 00 00 F7 7A 22 27 7E
[ 20566][16:42:53.042]7E FF 02 FF 55 B7 AC 8A 31 01 29 00 E4 D0 F8 0D 00 49 00 94 00 01 00 01 8D DD 2E 01 F0 FF 00 C8 14 B6 46 00 04 67 3E 10 00 FF 2F 0A B2 3E 00 34 88 11 00 00 2A 00 00 01 00 00 00 21 01 18 00 86 76 00 00 05 46 46 54 01 00 00 00 01 00 01 01 2B A3 38 29 00 7D 00 00 1A 00 00 00 01 00 00 00 00 00 00 00 00 00 00 00 00 00 00 00 FC B8 56 84 00 00 00 00 00 00 00 00 00 00 00 00 00 00 00 00 00 00 00 00 00 00 00 00 00 00 00 00 00 00 00 00 00 00 00 00 00 00 00 00 00 00 00 00 00 00 00 00 00 00 00 00 00 00 00 00 00 00 00 00 AF 38 4F 0A 7E
[ 20567][16:42:53.057]7E FF 02 FF 56 B7 5D 8A 31 01 54 02 95 0A 01 0E 00 49 00 94 00 01 00 01 8D DD 2E 01 F0 FF 00 C8 14 B6 46 00 04 67 3E 10 00 FF 2F 0A B2 3E 00 34 88 11 00 00 2A 00 00 01 00 00 00 21 01 18 00 86 76 00 00 05 46 46 54 01 00 00 00 01 00 01 01 2B A3 38 29 00 7D 00 00 1A 00 00 00 01 00 00 00 00 00 00 00 00 00 00 00 00 00 00 00 FC B8 56 84 00 00 00 00 00 00 00 00 00 00 00 00 00 00 00 00 00 00 00 00 00 00 00 00 00 00 00 00 00 00 00 00 00 00 00 00 00 00 00 00 00 00 00 00 00 00 00 00 00 00 00 00 00 00 00 00 00 00 00 00 C5 05 63 B9 7E
[ 20568][16:42:53.087]7E FF 02 FF 57 B7 7B 8A 31 01 A9 03 97 9D 0C 0E 00 49 00 94 00 01 00 01 8D DD 2E 01 F0 FF 00 C8 14 B6 46 00 04 67 3E 10 00 FF 2F 0A B2 3E 00 34 88 11 00 00 2A 00 00 01 00 00 00 21 01 18 00 86 76 00 00 05 46 46 54 01 00 00 00 01 00 01 01 2B A3 38 29 00 7D 00 00 1A 00 00 00 01 00 00 00 00 00 00 00 00 00 00 00 00 00 00 00 FC B8 56 84 00 00 00 00 00 00 00 00 00 00 00 00 00 00 00 00 00 00 00 00 00 00 00 00 00 00 00 00 00 00 00 00 00 00 00 00 00 00 00 00 00 00 00 00 00 00 00 00 00 00 00 00 00 00 00 00 00 00 00 00 36 ED 72 EC 7E
[ 20569][16:42:53.117]7E FF 02 FF 58 B7 FD 8A 31 01 28 02 BB E9 17 0E 00 49 00 94 00 01 00 01 8D DD 2E 01 F0 FF 00 C8 14 B6 46 00 04 67 3E 10 00 FF 2F 0A B2 3E 00 34 88 11 00 00 2A 00 00 01 00 00 00 21 01 18 00 86 76 00 00 05 46 46 54 01 00 00 00 01 00 01 01 2B A3 38 29 00 7D 00 00 1A 00 00 00 01 00 00 00 00 00 00 00 00 00 00 00 00 00 00 00 FC B8 56 84 00 00 00 00 00 00 00 00 00 00 00 00 00 00 00 00 00 00 00 00 00 00 00 00 00 00 00 00 00 00 00 00 00 00 00 00 00 00 00 00 00 00 00 00 00 00 00 00 00 00 00 00 00 00 00 00 00 00 00 00 9D B7 BE 42 7E
[ 20570][16:42:53.147]7E FF 02 FF 59 B7 17 8B 31 01 84 01 4F C4 21 0E 00 49 00 94 00 01 00 01 8D DD 2E 01 F0 FF 00 C8 14 B6 46 00 04 67 3E 10 00 FF 2F 0A B2 3E 00 34 88 11 00 00 2A 00 00 01 00 00 00 21 01 18 00 86 76 00 00 05 46 46 54 01 00 00 00 01 00 01 01 2B A3 38 29 00 7D 00 00 1A 00 00 00 01 00 00 00 00 00 00 00 00 00 00 00 00 00 00 00 FC B8 56 84 00 00 00 00 00 00 00 00 00 00 00 00 00 00 00 00 00 00 00 00 00 00 00 00 00 00 00 00 00 00 00 00 00 00 00 00 00 00 00 00 00 00 00 00 00 00 00 00 00 00 00 00 00 00 00 00 00 00 00 00 28 06 3F 9D 7E
[ 20571][16:42:53.176]7E FF 02 FF 5A B7 CB 8A 31 01 50 00 B1 CE 2A 0E 00 49 00 94 00 01 00 01 8D DD 2E 01 F0 FF 00 C8 14 B6 46 00 04 67 3E 10 00 FF 2F 0A B2 3E 00 34 88 11 00 00 2A 00 00 01 00 00 00 21 01 18 00 86 76 00 00 05 46 46 54 01 00 00 00 01 00 01 01 2B A3 38 29 00 7D 00 00 1A 00 00 00 01 00 00 00 00 00 00 00 00 00 00 00 00 00 00 00 FC B8 56 84 00 00 00 00 00 00 00 00 00 00 00 00 00 00 00 00 00 00 00 00 00 00 00 00 00 00 00 00 00 00 00 00 00 00 00 00 00 00 00 00 00 00 00 00 00 00 00 00 00 00 00 00 00 00 00 00 00 00 00 00 E9 B6 03 E7 7E
[ 20572][16:42:53.176]7E FF 02 FF 5B B7 DE 8A 31 01 DF 01 15 34 32 0E 00 49 00 54 00 01 00 01 8D DD 2E 01 10 04 03 5B 13 60 E0 00 8C 0A 09 10 00 30 01 03 B4 3E 30 10 88 FF 00 00 2A 00 00 11 08 00 00 01 03 01 00 1E 55 04 61 47 79 15 00 20 45 B1 CB 00 00 00 00 00 00 00 00 00 00 00 00 00 00 00 00 00 00 00 00 00 00 00 00 00 00 00 00 00 00 00 00 65 F7 65 E9 7E
[ 20573][16:42:54.104]7E FF 02 FF 5C B7 ED 8E 31 01 99 02 FE 81 98 0F 00 49 00 10 00 01 00 03 8D DD 2E A0 08 81 06 B1 50 3B 2A 02 73 29 0F 86 54 36 E2 7E
[ 20574][16:42:54.568]7E FF 02 FF 5D B7 57 90 31 01 94 03 C1 D7 48 10 00 49 00 10 00 01 00 02 8D DD 2E 10 01 20 1A 01 03 08 00 00 00 CE F0 89 02 46 26 7E
[ 20575][16:42:54.718]7E FF 02 FF 5E B7 47 91 31 01 AF 02 D6 27 7E 10 00 49 00 10 00 01 00 02 8D DD 2E 10 01 20 1A 01 03 09 00 00 01 DE 34 9A 5E 99 C0 7E
[ 20576][16:42:54.853]7E FF 02 FF 5F B7 72 91 31 01 FE 00 98 8A B4 10 00 49 00 10 00 01 00 03 EC A8 22 FA 01 D9 12 8D DD 2E 20 02 1B 50 8D B0 06 14 8F 7E
[ 20577][16:42:54.883]7E FF 02 FF 60 B7 94 91 31 01 C6 00 6D 7D C1 10 00 49 00 10 00 01 00 02 8D DD 2E 10 01 F0 21 01 02 0A 00 00 6B AE 8C B4 91 F6 D6 7E
[ 20578][16:42:54.928]7E FF 02 FF 61 B7 07 92 31 01 A9 01 F4 45 C7 10 00 49 00 94 00 01 00 01 8D DD 2E 01 F0 21 00 16 15 B6 40 00 47 8B 90 10 00 1F 02 0A BC 3E 00 34 88 FF 00 00 2A 00 00 01 00 00 00 00 19 01 12 00 30 00 00 05 46 46 54 01 00 00 00 1F 02 01 01 2B A3 38 29 00 7D 00 00 DD 00 00 00 01 00 00 00 00 00 00 00 00 00 00 00 00 00 00 00 E9 D7 14 16 00 00 00 00 00 00 00 00 00 00 00 00 00 00 00 00 00 00 00 00 00 00 00 00 00 00 00 00 00 00 00 00 00 00 00 00 00 00 00 00 00 00 00 00 00 00 00 00 00 00 00 00 00 00 00 00 00 00 00 00 7D 14 A1 0F 7E
[ 20579][16:42:55.227]7E FF 02 FF 62 B7 44 93 31 01 10 03 05 5C 40 11 00 49 00 10 00 01 00 02 8D DD 2E 10 01 E0 02 01 01 0A 00 00 16 6E 68 CC 07 4F 97 7E
[ 20580][16:42:55.243]7E FF 02 FF 63 B7 F5 92 31 01 7A 02 61 50 48 11 00 49 00 10 00 01 00 02 8D DD 2E 10 01 20 1A 01 03 0A 00 00 01 EE F4 B5 EA 83 52 7E
[ 20581][16:42:55.422]7E FF 02 FF 64 B7 10 94 31 01 A9 03 3C 3D 8E 11 00 49 00 10 00 01 00 02 8D DD 2E 10 01 E0 02 01 03 0C 00 00 34 8E E0 C0 69 B5 F9 7E
[ 20582][16:42:55.468]7E FF 02 FF 65 B7 DB 93 31 01 80 03 F0 26 A0 11 00 49 00 10 00 01 00 02 8D DD 2E 10 01 E0 02 01 03 0D 00 00 35 9E 24 65 F0 8F 6C 7E
[ 20583][16:42:55.617]7E FF 02 FF 66 B7 D8 94 31 01 09 03 E4 78 DA 11 00 49 00 10 00 01 00 02 8D DD 2E 10 01 E0 02 01 00 0E 00 00 05 6E E4 A7 A1 57 FA 7E
[ 20584][16:42:55.722]7E FF 02 FF 67 B7 AA 94 31 01 07 00 DC C1 EE 11 00 49 01 14 01 01 00 01 EC A8 22 88 F0 FF 00 34 18 60 C3 00 9C E4 2B 80 08 FF 2F 01 9E 00 00 C8 A0 11 00 00 D5 00 00 08 00 00 00 88 10 00 11 01 21 01 00 00 04 00 00 90 98 01 63 03 02 40 50 8F 00 0A 01 22 00 13 00 50 00 00 00 01 30 FE FF FD FF FF FF FF FF FF FF FF FF FF FF FF FF FF FE 03 00 00 00 00 00 00 00 00 00 00 00 00 00 00 00 00 00 00 00 00 00 00 00 00 00 00 00 00 00 00 00 00 00 00 00 00 00 00 00 00 00 00 00 00 00 00 00 00 00 00 00 00 00 00 00 00 00 00 00 00 00 00 00 00 00 00 00 00 00 00 00 00 00 00 00 00 00 00 00 00 00 00 00 00 00 00 00 00 00 00 00 00 00 00 00 00 00 00 00 00 00 00 00 00 00 00 00 00 00 00 00 00 00 00 00 00 00 00 00 00 00 00 00 00 00 00 00 00 00 00 00 00 00 00 00 00 00 00 00 00 00 00 00 A7 03 5C 01 00 00 00 00 00 00 00 00 00 00 00 00 00 00 00 00 00 00 00 00 00 00 00 00 00 00 00 00 00 00 00 00 00 00 00 00 00 00 00 00 08 66 07 5B 7E
[ 20585][16:42:56.007]7E FF 02 FF 68 B7 BB 95 31 01 03 01 EC FF 56 12 00 49 00 15 02 01 00 00 8D DD 2E 69 A6 0C 6B 01 90 5B 07 00 27 2E B2 CA 2A 00 00 05 46 46 54 BF 0A 00 00 00 00 00 00 00 00 00 00 04 00 0F 01 00 00 64 00 00 05 46 46 54 04 00 00 01 0A D0 02 82 00 3C 00 3C 00 06 0A 10 EB 19 32 45 94 C9 6A C0 DB 00 5C 33 00 44 17 32 00 00 00 00 A9 59 FA 6A F3 25 00 00 00 00 07 10 03 10 49 10 2E 10 41 10 10 12 A4 10 E2 11 BA 10 B8 11 4C 11 0D 11 1F 12 75 11 6D 11 69 10 00 12 1B 12 E4 10 C7 11 44 11 94 10 AC 11 CE 11 01 12 64 11 A2 11 16 10 29 11 87 11 31 11 79 11 83 10 1F 10 08 10 0D 10 60 10 4F 10 09 10 E8 10 0C 10 88 10 EA 10 5A 11 27 11 74 10 4E 10 4B 10 73 11 1B 10 5B 11 FD 11 A0 11 B2 10 4A 10 4D 10 17 10 DF 11 3E 10 CA 10 73 10 0E 10 76 10 33 11 20 11 51 11 18 12 48 10 3D 00 54 00 5A 00 3F 00 1A 00 6C 00 2B 00 32 01 B6 00 29 00 1E 00 3A 00 3B 00 66 00 9A 00 46 00 5F 00 35 00 6D 00 56 00 36 00 15 00 18 00 E0 80 88 13 00 01 DC 05 00 02 E8 03 00 03 00 03 98 00 50 00 23 02 84 00 7C 01 73 01 A3 00 05 02 28 01 48 01 49 01 3E 01 80 00 24 00 85 01 59 00 1F 01 43 01 C3 00 9E 01 B8 00 ED 00 03 01 F9 01 A7 81 88 13 00 01 E8 03 00 02 E8 03 00 03 E8 03 00 03 00 03 E8 03 00 03 E8 03 00 02 E8 03 00 03 00 00 00 00 00 00 00 00 00 00 00 00 00 00 00 00 00 00 00 00 00 00 00 00 00 00 00 00 00 00 00 00 00 00 00 00 00 00 00 00 00 00 00 00 00 00 00 00 00 00 00 00 00 00 00 00 00 00 00 00 00 00 00 00 00 00 00 00 00 00 00 00 00 00 00 00 00 00 00 00 00 00 00 00 00 00 00 00 00 00 00 00 00 00 00 00 00 00 00 00 00 00 00 00 00 00 00 00 00 00 00 00 00 00 00 00 00 00 00 00 00 00 00 00 00 00 00 00 00 00 00 00 00 00 00 00 00 00 00 00 00 00 00 00 00 00 00 00 00 00 00 00 00 00 00 00 76 18 79 DB 54 9B 71 33 7E
[ 20586][16:42:56.756]7E FF 02 FF 69 B7 E1 98 31 01 B9 03 E6 BD 8A 13 00 49 00 10 00 01 00 03 EC A8 22 FA 01 6A 0B 8D DD 2E 20 02 E9 48 D9 A6 EF 53 73 7E
[ 20587][16:42:57.698]7E FF 02 FF 6A B7 69 9C 31 01 97 03 FC 8D E3 14 00 49 01 14 01 01 00 01 EC A8 22 04 F0 FF 00 34 18 60 C3 00 00 E4 AB 40 00 FF 2F 01 82 00 00 C8 88 11 03 00 D5 00 00 08 00 00 00 04 10 00 11 01 21 01 00 00 05 00 00 90 98 01 63 03 02 64 64 8F 00 10 01 10 00 13 00 48 00 00 00 01 30 EE FF FD FF FF FF FF FF FF FF FF FF FF FF FF FF FF FF 03 10 0E 10 10 10 11 10 10 10 11 10 0F 11 10 11 11 10 11 11 11 11 11 11 11 11 11 10 10 10 11 11 11 10 10 10 10 11 11 0F 10 11 10 11 11 0F 11 11 11 11 11 10 0E 11 10 11 10 10 10 11 11 10 00 00 00 00 00 00 00 00 00 00 00 00 00 00 00 00 00 00 00 00 00 00 00 00 00 00 00 00 00 00 00 00 00 00 00 00 00 00 00 00 00 00 00 00 00 00 00 00 00 00 00 00 00 00 00 00 00 00 00 00 00 00 00 00 00 00 00 00 00 00 00 00 00 00 00 00 00 00 00 00 00 00 B4 22 9D BB 00 00 00 00 00 00 00 00 00 00 00 00 00 00 00 00 00 00 00 00 00 00 00 00 00 00 00 00 00 00 00 00 00 00 00 00 00 00 00 00 CB 5A A6 98 7E
[ 20588][16:42:58.057]7E FF 02 FF 6B B7 29 9E 31 01 D8 02 60 3B 68 15 00 49 01 14 01 01 00 01 EC A8 22 83 F0 FF 00 34 18 60 C3 00 96 E4 1F 30 08 FF 2F 01 7F 00 00 C7 E8 11 00 00 D5 00 00 08 00 00 00 83 20 00 21 01 15 01 00 00 01 00 00 90 98 01 63 03 05 64 64 8E 00 0A 01 22 00 13 00 42 00 00 00 02 30 FE FF FD FF FF FF FF FF FF DF FF FF FF FF FF FF F7 FF 03 00 00 00 00 00 00 00 00 00 00 00 00 00 00 00 00 00 00 00 00 00 00 00 00 00 00 00 00 00 00 00 00 00 00 00 00 00 00 00 00 00 00 00 00 00 00 00 00 00 00 00 00 00 00 00 00 00 00 00 00 00 00 00 00 00 00 00 00 00 00 00 00 00 00 00 00 00 00 00 00 00 00 00 00 00 00 00 00 00 00 00 00 00 00 00 00 00 00 00 00 00 00 00 00 00 00 00 00 00 00 00 00 00 00 00 00 00 00 00 00 00 00 00 00 00 00 00 00 00 00 00 00 00 00 00 00 00 00 00 00 00 00 E5 9E 7F 75 00 00 00 00 00 00 00 00 00 00 00 00 00 00 00 00 00 00 00 00 00 00 00 00 00 00 00 00 00 00 00 00 00 00 00 00 00 00 00 00 00 FF 3D 67 AB 7E
[ 20589][16:42:58.133]7E FF 02 FF 6C B7 9F 9E 31 01 64 02 13 34 95 15 00 49 00 54 00 01 00 01 8D DD 2E 01 70 0B 02 5B 13 60 E0 00 D5 81 C2 10 00 B7 00 03 B5 3E 30 10 88 FF 00 00 2A 00 00 11 08 00 00 01 03 01 00 87 DA 40 32 58 79 15 00 49 CA 20 66 00 00 00 00 00 00 00 00 00 00 00 00 00 00 00 00 00 00 00 00 00 00 00 00 00 00 00 00 00 00 00 00 F6 BB E4 43 7E
[ 20590][16:42:58.178]7E FF 02 FF 6D B7 69 9E 31 01 E8 01 B7 B9 A6 15 00 49 00 10 00 01 00 02 8D DD 2E 10 01 40 0A 01 01 0F 00 00 3F D9 B0 27 8F A9 C4 7E
[ 20591][16:42:58.207]7E FF 02 FF 6E B7 EB 9E 31 01 3B 02 A0 35 B2 15 00 49 00 10 00 01 00 02 8D DD 2E 10 01 B0 21 01 01 10 00 00 47 8C 35 36 CE 76 DB 7E
[ 20592][16:42:58.222]7E FF 02 FF 6F B7 FA 9E 31 01 E8 00 DA CB B7 15 00 49 00 10 00 01 00 02 8D DD 2E 10 01 10 13 01 03 10 00 00 C3 35 62 C2 63 3B 86 7E
[ 20593][16:42:58.237]7E FF 02 FF 70 B7 FD 9E 31 01 C7 01 03 01 B9 15 00 49 00 54 00 01 00 01 8D DD 2E 01 70 0B 02 5B 13 60 E4 00 C4 83 46 10 00 B7 00 03 B5 3E 30 10 88 FF 00 00 2A 00 00 11 08 00 00 01 03 01 00 87 DA 40 32 58 79 15 00 49 CA 20 66 00 00 00 00 00 00 00 00 00 00 00 00 00 00 00 00 00 00 00 00 00 00 00 00 00 00 00 00 00 00 00 00 15 87 D8 CE 7E
[ 20594][16:42:58.342]7E FF 02 FF 71 B7 66 9F 31 01 76 03 2F 38 E1 15 00 49 00 94 00 01 00 01 8D DD 2E 01 20 1A 01 16 15 B6 40 00 06 13 09 10 00 A2 01 03 B7 3E 00 34 88 FF 08 00 2A 00 00 00 00 05 46 46 54 22 03 23 23 12 47 05 00 00 00 00 00 00 00 19 01 A2 01 DA 00 00 00 77 1A 00 00 00 00 00 00 00 15 79 59 41 83 00 00 05 46 46 54 01 00 00 40 01 00 01 01 FF AB 50 31 00 A0 0F 00 50 56 EE D4 00 00 00 00 00 00 00 00 00 00 00 00 00 00 00 00 00 00 00 00 00 00 00 00 00 00 00 00 00 00 00 00 00 00 00 00 00 00 00 00 00 00 00 00 00 00 00 00 44 3C A5 81 7E
[ 20595][16:42:58.372]7E FF 02 FF 72 B7 15 9F 31 01 5B 03 38 75 E8 15 00 49 00 94 00 01 00 01 8D DD 2E 01 20 1A 01 16 15 B6 40 00 06 13 09 10 00 A2 01 03 B9 3E 00 34 88 FF 08 00 2A 00 00 00 00 05 46 46 54 22 03 23 23 12 47 05 00 00 00 00 00 00 00 B0 01 A2 01 46 00 00 00 78 1A 00 00 00 00 00 00 46 54 22 03 23 23 12 47 05 00 00 00 00 00 00 00 19 01 A2 01 DA 00 00 00 77 1A 00 00 45 A3 A4 7D 00 00 00 00 00 00 00 00 00 00 00 00 00 00 00 00 00 00 00 00 00 00 00 00 00 00 00 00 00 00 00 00 00 00 00 00 00 00 00 00 00 00 00 00 00 00 00 00 9B 26 B5 39 7E
[ 20596][16:42:58.386]7E FF 02 FF 73 B7 3C 9F 31 01 BB 00 FA 19 F7 15 00 49 00 10 00 01 00 02 8D DD 2E 10 01 10 04 01 00 10 00 00 36 48 01 E5 B6 17 8F 7E
[ 20597][16:42:58.446]7E FF 02 FF 74 B7 C5 9F 31 01 68 00 7F 29 05 16 00 49 00 94 00 01 00 01 8D DD 2E 01 20 1A 01 16 15 B6 44 00 17 11 8D 10 00 A2 01 03 B9 3E 00 34 88 FF 08 00 2A 00 00 00 00 05 46 46 54 22 03 23 23 12 47 05 00 00 00 00 00 00 00 B0 01 A2 01 46 00 00 00 78 1A 00 00 00 00 00 00 46 54 22 03 23 23 12 47 05 00 00 00 00 00 00 00 19 01 A2 01 DA 00 00 00 77 1A 00 00 45 A3 A4 7D 00 00 00 00 00 00 00 00 00 00 00 00 00 00 00 00 00 00 00 00 00 00 00 00 00 00 00 00 00 00 00 00 00 00 00 00 00 00 00 00 00 00 00 00 00 00 00 00 64 1E 44 F5 7E
[ 20598][16:42:58.450]7E FF 02 FF 75 B7 81 9F 31 01 D2 03 83 B9 11 16 00 49 00 10 00 01 00 02 8D DD 2E 10 01 20 1A 01 01 11 00 00 2C DE 81 46 E0 52 B4 7E
[ 20599][16:42:58.461]7E FF 02 FF 76 B7 8F 9F 31 01 2C 01 07 CF 16 16 00 49 00 10 00 01 00 02 8D DD 2E 10 01 B0 21 01 03 11 00 00 67 1C 75 40 8E CF BE 7E
[ 20600][16:42:58.641]7E FF 02 FF 77 B7 9D A0 31 01 D9 01 A0 B3 57 16 00 49 00 54 00 01 00 01 8D DD 2E 01 E0 02 03 5B 13 60 E4 00 5B 20 93 10 00 81 00 03 A3 3E 30 10 88 FF 00 00 2A 00 00 11 08 00 00 01 03 01 00 A6 50 56 61 55 79 15 00 7D 91 CC 27 00 00 00 00 00 00 00 00 00 00 00 00 00 00 00 00 00 00 00 00 00 00 00 00 00 00 00 00 00 00 00 00 DD B7 57 1B 7E
[ 20601][16:42:58.656]7E FF 02 FF 78 B7 49 A0 31 01 8F 02 58 E5 5D 16 00 49 00 10 00 01 00 03 EC A8 22 FA 01 02 04 8D DD 2E 20 02 71 58 33 3E BA DC B8 7E
[ 20602][16:42:58.716]7E FF 02 FF 79 B7 D9 A0 31 01 64 01 68 8B 6E 16 00 49 00 94 00 01 00 01 8D DD 2E 01 F0 FF 01 C8 14 B6 42 00 54 6D 1F 10 00 FF 2F 05 A4 3E 00 42 88 11 00 00 2A 00 00 01 00 00 00 26 03 03 02 16 66 00 00 05 46 46 54 0A 01 44 41 01 00 01 01 46 AB 77 8C E1 93 04 00 26 F9 40 6A 74 1A 00 00 00 00 00 00 01 00 01 00 0E 00 00 00 26 01 4B 00 04 00 08 01 07 01 21 01 1E 01 90 C7 B7 18 00 00 00 00 00 00 00 00 00 00 00 00 00 00 00 00 00 00 00 00 00 00 00 00 00 00 00 00 00 00 00 00 00 00 00 00 00 00 00 00 00 00 00 00 00 00 1A 37 C9 2A 7E
[ 20603][16:42:58.731]7E FF 02 FF 7A B7 EC A0 31 01 F1 02 73 F1 75 16 00 49 00 94 00 01 00 01 8D DD 2E 01 F0 FF 01 C8 14 B6 46 00 45 6F 9B 10 00 FF 2F 05 A4 3E 00 42 88 11 00 00 2A 00 00 01 00 00 00 26 03 03 02 16 66 00 00 05 46 46 54 0A 01 44 41 01 00 01 01 46 AB 77 8C E1 93 04 00 26 F9 40 6A 74 1A 00 00 00 00 00 00 01 00 01 00 0E 00 00 00 26 01 4B 00 04 00 08 01 07 01 21 01 1E 01 90 C7 B7 18 00 00 00 00 00 00 00 00 00 00 00 00 00 00 00 00 00 00 00 00 00 00 00 00 00 00 00 00 00 00 00 00 00 00 00 00 00 00 00 00 00 00 00 00 00 00 66 A5 67 02 7E
[ 20604][16:42:58.775]7E FF 02 FF 7B B7 A7 A0 31 01 C0 01 A3 A6 81 16 00 49 00 94 00 01 00 01 8D DD 2E 01 F0 FF 01 C8 14 B6 46 00 45 6F 9B 10 00 FF 2F 05 A4 3E 00 42 88 11 00 00 2A 00 00 01 00 00 00 26 03 03 02 16 66 00 00 05 46 46 54 0A 01 44 41 01 00 01 01 46 AB 77 8C E1 93 04 00 26 F9 40 6A 74 1A 00 00 00 00 00 00 01 00 01 00 0E 00 00 00 26 01 4B 00 04 00 08 01 07 01 21 01 1E 01 90 C7 B7 18 00 00 00 00 00 00 00 00 00 00 00 00 00 00 00 00 00 00 00 00 00 00 00 00 00 00 00 00 00 00 00 00 00 00 00 00 00 00 00 00 00 00 00 00 00 00 5C 3F 1C 78 7E
[ 20605][16:42:58.775]7E FF 02 FF 7C B7 C4 A0 31 01 FA 00 2D A9 8C 16 00 49 00 10 00 01 00 02 8D DD 2E 10 01 00 21 01 01 11 00 00 EB 29 63 9D 23 26 40 7E
[ 20606][16:42:58.805]7E FF 02 FF 7D B7 D1 A0 31 01 FE 00 B0 99 91 16 00 49 00 94 00 01 00 01 8D DD 2E 01 F0 FF 01 C8 14 B6 46 00 45 6F 9B 10 00 FF 2F 05 A4 3E 00 42 88 11 00 00 2A 00 00 01 00 00 00 26 03 03 02 16 66 00 00 05 46 46 54 0A 01 44 41 01 00 01 01 46 AB 77 8C E1 93 04 00 26 F9 40 6A 74 1A 00 00 00 00 00 00 01 00 01 00 0E 00 00 00 26 01 4B 00 04 00 08 01 07 01 21 01 1E 01 90 C7 B7 18 00 00 00 00 00 00 00 00 00 00 00 00 00 00 00 00 00 00 00 00 00 00 00 00 00 00 00 00 00 00 00 00 00 00 00 00 00 00 00 00 00 00 00 00 00 00 16 25 FC 3E 7E
[ 20607][16:42:58.835]7E FF 02 FF 7E B7 4B A1 31 01 39 00 C4 EA 99 16 00 49 00 94 00 01 00 01 8D DD 2E 01 F0 FF 01 C8 14 B6 46 00 45 6F 9B 10 00 FF 2F 05 A4 3E 00 42 88 11 00 00 2A 00 00 01 00 00 00 26 03 03 02 16 66 00 00 05 46 46 54 0A 01 44 41 01 00 01 01 46 AB 77 8C E1 93 04 00 26 F9 40 6A 74 1A 00 00 00 00 00 00 01 00 01 00 0E 00 00 00 26 01 4B 00 04 00 08 01 07 01 21 01 1E 01 90 C7 B7 18 00 00 00 00 00 00 00 00 00 00 00 00 00 00 00 00 00 00 00 00 00 00 00 00 00 00 00 00 00 00 00 00 00 00 00 00 00 00 00 00 00 00 00 00 00 00 C5 32 17 87 7E
[ 20608][16:42:58.835]7E FF 02 FF 7F B7 64 A1 31 01 E3 00 7A 8A A3 16 00 49 00 10 00 01 00 02 8D DD 2E 10 01 20 1A 01 03 11 00 00 0D 5E 05 BC 88 E9 D4 7E
[ 20609][16:42:58.868]7E FF 02 FF 80 B7 66 A1 31 01 D6 02 55 79 A4 16 00 49 00 94 00 01 00 01 8D DD 2E 01 F0 FF 01 C8 14 B6 42 00 54 6D 1F 10 00 FF 2F 05 A5 3E 00 36 88 11 00 00 2A 00 00 01 00 00 00 00 15 79 55 55 25 00 00 05 46 46 54 0A 01 CE 41 01 00 01 01 42 55 00 83 E1 93 04 00 63 81 5C A0 75 1A 00 00 00 00 00 00 01 00 00 00 02 00 00 00 43 01 6D 5E 1A 56 00 00 00 00 00 00 00 00 00 00 00 00 00 00 00 00 00 00 00 00 00 00 00 00 00 00 00 00 00 00 00 00 00 00 00 00 00 00 00 00 00 00 00 00 00 00 00 00 00 00 00 00 00 00 00 00 00 00 AE 3F 4C 78 7E
[ 20610][16:42:58.880]7E FF 02 FF 81 B7 18 A1 31 01 2C 01 90 B3 AC 16 00 49 00 94 00 01 00 01 8D DD 2E 01 F0 FF 01 C8 14 B6 46 00 45 6F 9B 10 00 FF 2F 05 A5 3E 00 36 88 11 00 00 2A 00 00 01 00 00 00 00 15 79 55 55 25 00 00 05 46 46 54 0A 01 CE 41 01 00 01 01 42 55 00 83 E1 93 04 00 63 81 5C A0 75 1A 00 00 00 00 00 00 01 00 00 00 02 00 00 00 43 01 6D 5E 1A 56 00 00 00 00 00 00 00 00 00 00 00 00 00 00 00 00 00 00 00 00 00 00 00 00 00 00 00 00 00 00 00 00 00 00 00 00 00 00 00 00 00 00 00 00 00 00 00 00 00 00 00 00 00 00 00 00 00 00 66 0F 87 15 7E
[ 20611][16:42:58.910]7E FF 02 FF 82 B7 35 A1 31 01 A7 01 48 CF B7 16 00 49 00 94 00 01 00 01 8D DD 2E 01 F0 FF 01 C8 14 B6 46 00 45 6F 9B 10 00 FF 2F 05 A5 3E 00 36 88 11 00 00 2A 00 00 01 00 00 00 00 15 79 55 55 25 00 00 05 46 46 54 0A 01 CE 41 01 00 01 01 42 55 00 83 E1 93 04 00 63 81 5C A0 75 1A 00 00 00 00 00 00 01 00 00 00 02 00 00 00 43 01 6D 5E 1A 56 00 00 00 00 00 00 00 00 00 00 00 00 00 00 00 00 00 00 00 00 00 00 00 00 00 00 00 00 00 00 00 00 00 00 00 00 00 00 00 00 00 00 00 00 00 00 00 00 00 00 00 00 00 00 00 00 00 00 8A 51 16 CA 7E
[ 20612][16:42:58.940]7E FF 02 FF 83 B7 B3 A1 31 01 28 03 41 E0 C1 16 00 49 00 94 00 01 00 01 8D DD 2E 01 F0 FF 01 C8 14 B6 46 00 45 6F 9B 10 00 FF 2F 05 A5 3E 00 36 88 11 00 00 2A 00 00 01 00 00 00 00 15 79 55 55 25 00 00 05 46 46 54 0A 01 CE 41 01 00 01 01 42 55 00 83 E1 93 04 00 63 81 5C A0 75 1A 00 00 00 00 00 00 01 00 00 00 02 00 00 00 43 01 6D 5E 1A 56 00 00 00 00 00 00 00 00 00 00 00 00 00 00 00 00 00 00 00 00 00 00 00 00 00 00 00 00 00 00 00 00 00 00 00 00 00 00 00 00 00 00 00 00 00 00 00 00 00 00 00 00 00 00 00 00 00 00 8A BF EC 75 7E
[ 20613][16:42:58.970]7E FF 02 FF 84 B7 6B A1 31 01 CC 00 73 53 CC 16 00 49 00 94 00 01 00 01 8D DD 2E 01 F0 FF 01 C8 14 B6 46 00 45 6F 9B 10 00 FF 2F 05 A5 3E 00 36 88 11 00 00 2A 00 00 01 00 00 00 00 15 79 55 55 25 00 00 05 46 46 54 0A 01 CE 41 01 00 01 01 42 55 00 83 E1 93 04 00 63 81 5C A0 75 1A 00 00 00 00 00 00 01 00 00 00 02 00 00 00 43 01 6D 5E 1A 56 00 00 00 00 00 00 00 00 00 00 00 00 00 00 00 00 00 00 00 00 00 00 00 00 00 00 00 00 00 00 00 00 00 00 00 00 00 00 00 00 00 00 00 00 00 00 00 00 00 00 00 00 00 00 00 00 00 00 D2 58 F8 A1 7E
[ 20614][16:42:59.000]7E FF 02 FF 85 B7 8A A1 31 01 D7 03 0A 73 D8 16 00 49 00 94 00 01 00 01 8D DD 2E 01 20 1E 00 16 15 B6 40 00 67 9F 28 10 00 E2 01 0A A7 3E 00 34 88 FF 00 00 2A 00 00 01 00 00 00 22 03 23 23 12 38 00 00 05 46 46 54 01 00 00 00 E2 01 01 01 2B A3 38 29 00 7D 00 00 3D 00 00 00 01 00 00 00 00 00 00 00 00 00 00 00 00 00 00 00 4C 44 79 15 00 00 00 00 00 00 00 00 00 00 00 00 00 00 00 00 00 00 00 00 00 00 00 00 00 00 00 00 00 00 00 00 00 00 00 00 00 00 00 00 00 00 00 00 00 00 00 00 00 00 00 00 00 00 00 00 00 00 00 00 36 67 85 DF 7E
[ 20615][16:42:59.015]7E FF 02 FF 86 B7 03 A2 31 01 22 03 51 64 E0 16 00 49 00 94 00 01 00 01 8D DD 2E 01 90 06 00 16 15 B6 40 00 15 21 FB 10 00 69 00 0A A8 3E 00 34 88 FF 00 00 2A 00 00 01 00 00 00 00 15 79 55 26 00 00 00 05 46 46 54 01 00 00 00 69 00 01 01 6B 23 46 27 00 7D 00 00 1B 00 00 00 01 00 00 00 00 00 00 00 00 00 00 00 00 00 00 00 3C 6E A8 D9 00 00 00 00 00 00 00 00 00 00 00 00 00 00 00 00 00 00 00 00 00 00 00 00 00 00 00 00 00 00 00 00 00 00 00 00 00 00 00 00 00 00 00 00 00 00 00 00 00 00 00 00 00 00 00 00 00 00 00 00 80 33 17 5A 7E
[ 20616][16:42:59.060]7E FF 02 FF 87 B7 D0 A1 31 01 BA 01 FC F1 F2 16 00 49 00 94 00 01 00 01 8D DD 2E 01 E0 02 01 16 15 B6 40 00 06 D3 12 10 00 2E 00 03 AF 3E 00 34 88 FF 08 00 2A 00 00 00 00 05 46 46 54 00 00 59 04 27 43 04 00 00 00 00 01 01 00 8F 01 17 00 40 00 00 00 76 1A 00 00 00 00 00 00 22 03 23 23 11 82 00 00 05 46 46 54 01 00 00 40 07 00 01 01 C8 97 FE CC 00 7D 00 00 01 63 33 44 00 00 00 00 00 00 00 00 00 00 00 00 00 00 00 00 00 00 00 00 00 00 00 00 00 00 00 00 00 00 00 00 00 00 00 00 00 00 00 00 00 00 00 00 00 00 00 00 98 91 60 5D 7E
[ 20617][16:42:59.120]7E FF 02 FF 88 B7 75 A2 31 01 4E 00 4F 9A 0B 17 00 49 00 54 00 01 00 01 8D DD 2E 01 10 04 03 5B 13 60 E0 00 8C 0A 09 10 00 30 01 03 C6 3E 30 10 88 FF 00 00 2A 00 00 11 08 00 00 01 03 01 00 1E 55 04 61 47 79 15 00 20 45 B1 CB 00 00 00 00 00 00 00 00 00 00 00 00 00 00 00 00 00 00 00 00 00 00 00 00 00 00 00 00 00 00 00 00 FA AC 0E FF 7E
[ 20618][16:42:59.209]7E FF 02 FF 89 B7 C9 A2 31 01 11 01 D9 B8 2B 17 00 49 00 54 00 01 00 01 8D DD 2E 01 10 04 03 5B 13 60 E4 00 9D 08 8D 10 00 30 01 03 C6 3E 30 10 88 FF 00 00 2A 00 00 11 08 00 00 01 03 01 00 1E 55 04 61 47 79 15 00 20 45 B1 CB 00 00 00 00 00 00 00 00 00 00 00 00 00 00 00 00 00 00 00 00 00 00 00 00 00 00 00 00 00 00 00 00 2F 66 E6 72 7E
[ 20619][16:42:59.284]7E FF 02 FF 8A B7 BB A2 31 01 9B 02 3B B3 4C 17 00 49 00 10 00 01 00 02 8D DD 2E 10 01 E0 02 01 03 0E 00 00 35 AE E4 02 2D 73 62 7E
[ 20620][16:42:59.299]7E FF 02 FF 8B B7 BE A2 31 01 15 00 12 94 4D 17 00 49 00 54 00 01 00 01 8D DD 2E 01 10 04 03 5B 13 60 E4 00 9D 08 8D 10 00 30 01 03 C6 3E 30 10 88 FF 00 00 2A 00 00 11 08 00 00 01 03 01 00 1E 55 04 61 47 79 15 00 20 45 B1 CB 00 00 00 00 00 00 00 00 00 00 00 00 00 00 00 00 00 00 00 00 00 00 00 00 00 00 00 00 00 00 00 00 F7 65 96 E1 7E
[ 20621][16:42:59.299]7E FF 02 FF 8C B7 32 A3 31 01 1F 00 BA B4 53 17 00 49 00 10 00 01 00 03 8D DD 2E 89 08 B3 18 B1 50 3B 2A 02 44 AD 0D 4F 59 5C 80 7E
[ 20622][16:42:59.748]7E FF 02 FF 8E B7 D4 A4 31 01 45 00 C4 26 F3 17 00 3E 03 15 01 01 00 00 EC A8 22 FE 9E 6F 54 01 B0 B0 04 00 9C C9 75 CA D5 00 00 90 98 01 63 1C 01 00 00 20 02 00 00 00 00 00 00 05 00 0F 01 00 00 64 00 00 90 98 01 63 04 00 00 01 0A 90 01 89 01 3C 00 3C 00 06 0A 9A 07 00 00 62 0A 62 54 C0 49 00 13 33 00 06 17 32 00 00 00 00 35 0C 66 54 40 25 00 00 17 00 02 10 09 10 23 10 24 10 3D 10 1D 10 85 00 87 00 89 00 8A 00 8D 00 82 00 8C 00 8E 00 88 00 7D 00 86 00 8B 00 8F 80 64 19 00 01 F4 01 00 02 D0 07 00 03 03 04 5A 05 7B 00 7C 00 7E 00 7F 00 80 00 81 00 83 00 84 00 85 00 87 00 89 00 8A 00 8D 00 82 00 8C 00 8E 00 88 00 7D 00 86 00 8B 00 8F 00 90 00 91 00 17 00 1D 00 2C 00 2A 00 1B 00 08 00 0C 00 06 80 04 29 00 01 F4 01 00 02 C4 09 00 03 03 04 32 05 57 00 58 00 59 00 5A 00 5B 00 5C 00 5D 00 5E 00 5F 00 60 00 61 00 62 00 63 00 64 00 65 80 1C 25 00 01 F4 01 00 02 DC 05 00 03 03 04 32 05 C9 C2 50 12 63 1A D8 4F 7E
[ 20623][16:42:59.778]7E FF 02 FF 8F B7 EB A4 31 01 37 00 2D EB FB 17 00 3F 02 15 01 01 00 00 EC A8 22 67 63 78 54 01 B0 B0 06 00 F9 DD 20 CA D5 00 00 90 98 01 63 1C 01 00 00 20 02 00 00 00 00 00 00 05 00 0F 01 00 00 64 00 00 90 98 01 63 04 00 00 01 0A 90 01 89 01 3C 00 3C 00 06 0A 9A 07 00 00 62 0A 62 54 C0 49 00 13 33 00 06 17 32 00 00 00 00 35 0C 66 54 40 25 00 00 17 00 02 10 09 10 23 10 24 10 3D 10 1D 10 85 00 87 00 89 00 8A 00 8D 00 82 00 8C 00 8E 00 88 00 7D 00 86 00 8B 00 8F 80 64 19 00 01 F4 01 00 02 D0 07 00 03 03 04 5A 05 7B 00 7C 00 7E 00 7F 00 80 00 81 00 83 00 84 00 85 00 87 00 89 00 8A 00 8D 00 82 00 8C 00 8E 00 88 00 7D 00 86 00 8B 00 8F 00 90 00 91 00 17 00 1D 00 2C 00 2A 00 1B 00 08 00 0C 00 06 80 04 29 00 01 F4 01 00 02 C4 09 00 03 03 04 32 05 57 00 58 00 59 00 5A 00 5B 00 5C 00 5D 00 5E 00 5F 00 60 00 61 00 62 00 63 00 64 00 65 80 1C 25 00 01 F4 01 00 02 DC 05 00 03 03 04 32 05 C9 C2 50 12 CE F0 1F 89 7E
[ 20624][16:42:59.808]7E FF 02 FF 90 B7 9D A4 31 01 44 00 1E 51 04 18 00 49 01 15 01 01 00 00 EC A8 22 A9 CA 80 54 02 B0 B0 04 00 94 5F 13 C9 D5 00 00 90 98 01 63 1C 01 00 00 20 02 00 00 00 00 00 00 05 00 0F 02 10 00 42 01 18 01 00 00 03 12 01 02 01 0A 90 01 89 01 3C 00 3C 00 06 0A 9A 07 00 00 62 0A 62 54 C0 49 00 13 33 00 06 17 32 00 00 00 00 35 0C 66 54 40 25 00 00 17 00 02 10 09 10 23 10 24 10 3D 10 1D 10 85 00 87 00 89 00 8A 00 8D 00 82 00 8C 00 8E 00 88 00 7D 00 86 00 8B 00 8F 80 64 19 00 01 F4 01 00 02 D0 07 00 03 03 04 5A 05 7B 00 7C 00 7E 00 7F 00 80 00 81 00 83 00 84 00 85 00 87 00 89 00 8A 00 8D 00 82 00 8C 00 8E 00 88 00 7D 00 86 00 8B 00 8F 00 90 00 91 00 17 00 1D 00 2C 00 2A 00 1B 00 08 00 0C 00 06 80 04 29 00 01 F4 01 00 02 C4 09 00 03 03 04 32 05 57 00 58 00 59 00 5A 00 5B 00 5C 00 5D 00 5E 00 5F 00 60 00 61 00 62 00 63 00 64 00 65 80 1C 25 00 01 F4 01 00 02 DC 05 00 03 03 04 32 05 60 64 25 BA 27 EF 88 D6 7E
[ 20625][16:42:59.838]7E FF 02 FF 91 B7 B4 A4 31 01 1D 00 62 13 0D 18 00 49 02 15 01 01 00 00 EC A8 22 DA 8C 89 54 09 B0 B0 02 00 FE F9 F5 C9 D5 00 00 90 98 01 63 1C 01 00 00 20 02 00 00 00 00 00 00 05 00 0F 09 10 00 44 01 21 01 00 00 19 12 02 01 01 0A 90 01 89 01 3C 00 3C 00 06 0A 9A 07 00 00 62 0A 62 54 C0 49 00 13 33 00 06 17 32 00 00 00 00 35 0C 66 54 40 25 00 00 17 00 02 10 09 10 23 10 24 10 3D 10 1D 10 85 00 87 00 89 00 8A 00 8D 00 82 00 8C 00 8E 00 88 00 7D 00 86 00 8B 00 8F 80 64 19 00 01 F4 01 00 02 D0 07 00 03 03 04 5A 05 7B 00 7C 00 7E 00 7F 00 80 00 81 00 83 00 84 00 85 00 87 00 89 00 8A 00 8D 00 82 00 8C 00 8E 00 88 00 7D 00 86 00 8B 00 8F 00 90 00 91 00 17 00 1D 00 2C 00 2A 00 1B 00 08 00 0C 00 06 80 04 29 00 01 F4 01 00 02 C4 09 00 03 03 04 32 05 57 00 58 00 59 00 5A 00 5B 00 5C 00 5D 00 5E 00 5F 00 60 00 61 00 62 00 63 00 64 00 65 80 1C 25 00 01 F4 01 00 02 DC 05 00 03 03 04 32 05 75 32 0E FF 23 47 C7 EB 7E
[ 20626][16:42:59.838]7E FF 02 FF 92 B7 3F A5 31 01 2D 00 C1 FB 1B 18 00 49 02 10 00 01 00 03 8D DD 2E 89 08 A7 16 B1 50 3B 2A 02 63 4A C9 1B 66 A2 72 7E
[ 20627][16:42:59.868]7E FF 02 FF 93 B7 46 A5 31 01 14 00 91 9F 1E 18 00 49 00 15 01 01 00 00 EC A8 22 F7 18 9B 54 24 B0 B0 02 00 10 66 DA C9 D5 00 00 90 98 01 63 1C 01 00 00 20 02 00 00 00 00 00 00 05 00 0F 24 10 00 44 01 23 01 00 00 06 12 02 01 01 0A 90 01 89 01 3C 00 3C 00 06 0A 9A 07 00 00 62 0A 62 54 C0 49 00 13 33 00 06 17 32 00 00 00 00 35 0C 66 54 40 25 00 00 17 00 02 10 09 10 23 10 24 10 3D 10 1D 10 85 00 87 00 89 00 8A 00 8D 00 82 00 8C 00 8E 00 88 00 7D 00 86 00 8B 00 8F 80 64 19 00 01 F4 01 00 02 D0 07 00 03 03 04 5A 05 7B 00 7C 00 7E 00 7F 00 80 00 81 00 83 00 84 00 85 00 87 00 89 00 8A 00 8D 00 82 00 8C 00 8E 00 88 00 7D 00 86 00 8B 00 8F 00 90 00 91 00 17 00 1D 00 2C 00 2A 00 1B 00 08 00 0C 00 06 80 04 29 00 01 F4 01 00 02 C4 09 00 03 03 04 32 05 57 00 58 00 59 00 5A 00 5B 00 5C 00 5D 00 5E 00 5F 00 60 00 61 00 62 00 63 00 64 00 65 80 1C 25 00 01 F4 01 00 02 DC 05 00 03 03 04 32 05 C5 43 AB 89 2E D3 B1 63 7E
[ 20628][16:42:59.928]7E FF 02 FF 94 B7 10 A5 31 01 1C 00 A5 2C 30 18 00 49 01 15 01 01 00 00 EC A8 22 90 A7 AC 54 1D B0 B0 04 00 CE 55 59 C9 D5 00 00 90 98 01 63 1C 01 00 00 20 02 00 00 00 00 00 00 05 00 0F 1D 30 02 3E 01 19 01 00 00 01 22 05 02 01 0A 90 01 89 01 3C 00 3C 00 06 0A 9A 07 00 00 62 0A 62 54 C0 49 00 13 33 00 06 17 32 00 00 00 00 35 0C 66 54 40 25 00 00 17 00 02 10 09 10 23 10 24 10 3D 10 1D 10 85 00 87 00 89 00 8A 00 8D 00 82 00 8C 00 8E 00 88 00 7D 00 86 00 8B 00 8F 80 64 19 00 01 F4 01 00 02 D0 07 00 03 03 04 5A 05 7B 00 7C 00 7E 00 7F 00 80 00 81 00 83 00 84 00 85 00 87 00 89 00 8A 00 8D 00 82 00 8C 00 8E 00 88 00 7D 00 86 00 8B 00 8F 00 90 00 91 00 17 00 1D 00 2C 00 2A 00 1B 00 08 00 0C 00 06 80 04 29 00 01 F4 01 00 02 C4 09 00 03 03 04 32 05 57 00 58 00 59 00 5A 00 5B 00 5C 00 5D 00 5E 00 5F 00 60 00 61 00 62 00 63 00 64 00 65 80 1C 25 00 01 F4 01 00 02 DC 05 00 03 03 04 32 05 39 D2 A3 C5 78 81 F7 78 7E
[ 20629][16:42:59.928]7E FF 02 FF 95 B7 8B A5 31 01 11 00 BB F0 38 18 00 49 01 15 01 01 00 00 EC A8 22 A9 6B B5 54 85 B0 B0 06 00 75 9E 1D C8 D5 00 00 90 98 01 63 1C 01 00 00 20 02 00 00 00 00 00 00 05 00 0F 85 20 00 42 01 21 01 00 00 06 21 03 03 01 0A 90 01 89 01 3C 00 3C 00 06 0A 9A 07 00 00 62 0A 62 54 C0 23 00 13 33 00 06 17 32 00 00 00 00 35 0C 66 54 40 25 00 00 17 00 64 19 00 01 F4 01 00 02 D0 07 00 03 03 04 5A 05 89 00 8A 00 8D 00 82 00 8C 00 8E 00 88 00 7D 00 86 00 8B 00 8F 80 64 19 00 01 F4 01 00 02 D0 07 00 03 03 04 5A 05 7B 00 7C 00 7E 00 7F 00 80 00 81 00 83 00 84 00 85 00 87 00 89 00 8A 00 8D 00 82 00 8C 00 8E 00 88 00 7D 00 86 00 8B 00 8F 00 90 00 91 00 17 00 1D 00 2C 00 2A 00 1B 00 08 00 0C 00 06 80 04 29 00 01 F4 01 00 02 C4 09 00 03 03 04 32 05 57 00 58 00 59 00 5A 00 5B 00 5C 00 5D 00 5E 00 5F 00 60 00 61 00 62 00 63 00 64 00 65 80 1C 25 00 01 F4 01 00 02 DC 05 00 03 03 04 32 05 9F C8 EC 49 8A DE F9 D4 7E
[ 20630][16:43:00.063]7E FF 02 FF 96 B7 FE A5 31 01 29 00 25 D2 64 18 00 49 02 15 01 01 00 00 EC A8 22 AD 4B E1 54 82 B0 B0 06 00 25 AD 6A C8 D5 00 00 90 98 01 63 1C 01 00 00 20 02 00 00 00 00 00 00 05 00 0F 82 10 00 50 01 21 01 00 00 02 11 02 03 01 0A 90 01 89 01 3C 00 3C 00 06 0A 9A 07 00 00 62 0A 62 54 C0 23 00 13 33 00 06 17 32 00 00 00 00 35 0C 66 54 40 25 00 00 17 00 64 19 00 01 F4 01 00 02 D0 07 00 03 03 04 5A 05 89 00 8A 00 8D 00 82 00 8C 00 8E 00 88 00 7D 00 86 00 8B 00 8F 80 64 19 00 01 F4 01 00 02 D0 07 00 03 03 04 5A 05 7B 00 7C 00 7E 00 7F 00 80 00 81 00 83 00 84 00 85 00 87 00 89 00 8A 00 8D 00 82 00 8C 00 8E 00 88 00 7D 00 86 00 8B 00 8F 00 90 00 91 00 17 00 1D 00 2C 00 2A 00 1B 00 08 00 0C 00 06 80 04 29 00 01 F4 01 00 02 C4 09 00 03 03 04 32 05 57 00 58 00 59 00 5A 00 5B 00 5C 00 5D 00 5E 00 5F 00 60 00 61 00 62 00 63 00 64 00 65 80 1C 25 00 01 F4 01 00 02 DC 05 00 03 03 04 32 05 FB 49 DF 0C 76 9A EE 03 7E
[ 20631][16:43:00.077]7E FF 02 FF 97 B7 15 A6 31 01 21 00 A7 96 6D 18 00 49 01 15 01 01 00 00 EC A8 22 2A 10 EA 54 8C B0 B0 06 00 51 15 2F C8 D5 00 00 90 98 01 63 1C 01 00 00 20 02 00 00 00 00 00 00 05 00 0F 8C 10 00 64 01 22 01 00 00 01 11 02 03 01 0A 90 01 89 01 3C 00 3C 00 06 0A 9A 07 00 00 62 0A 62 54 C0 23 00 13 33 00 06 17 32 00 00 00 00 35 0C 66 54 40 25 00 00 17 00 64 19 00 01 F4 01 00 02 D0 07 00 03 03 04 5A 05 89 00 8A 00 8D 00 82 00 8C 00 8E 00 88 00 7D 00 86 00 8B 00 8F 80 64 19 00 01 F4 01 00 02 D0 07 00 03 03 04 5A 05 7B 00 7C 00 7E 00 7F 00 80 00 81 00 83 00 84 00 85 00 87 00 89 00 8A 00 8D 00 82 00 8C 00 8E 00 88 00 7D 00 86 00 8B 00 8F 00 90 00 91 00 17 00 1D 00 2C 00 2A 00 1B 00 08 00 0C 00 06 80 04 29 00 01 F4 01 00 02 C4 09 00 03 03 04 32 05 57 00 58 00 59 00 5A 00 5B 00 5C 00 5D 00 5E 00 5F 00 60 00 61 00 62 00 63 00 64 00 65 80 1C 25 00 01 F4 01 00 02 DC 05 00 03 03 04 32 05 3F 3D C4 AA 57 61 1C C8 7E
[ 20632][16:43:00.092]7E FF 02 FF 98 B7 C8 A5 31 01 30 00 01 5E 76 18 00 49 01 15 01 01 00 00 EC A8 22 60 D7 F2 54 8E B0 B0 02 00 64 50 B8 C8 D5 00 00 90 98 01 63 1C 01 00 00 20 02 00 00 00 00 00 00 05 00 0F 8E 10 00 64 01 19 01 00 00 02 11 02 01 01 0A 90 01 89 01 3C 00 3C 00 06 0A 9A 07 00 00 62 0A 62 54 C0 23 00 13 33 00 06 17 32 00 00 00 00 35 0C 66 54 40 25 00 00 17 00 64 19 00 01 F4 01 00 02 D0 07 00 03 03 04 5A 05 89 00 8A 00 8D 00 82 00 8C 00 8E 00 88 00 7D 00 86 00 8B 00 8F 80 64 19 00 01 F4 01 00 02 D0 07 00 03 03 04 5A 05 7B 00 7C 00 7E 00 7F 00 80 00 81 00 83 00 84 00 85 00 87 00 89 00 8A 00 8D 00 82 00 8C 00 8E 00 88 00 7D 00 86 00 8B 00 8F 00 90 00 91 00 17 00 1D 00 2C 00 2A 00 1B 00 08 00 0C 00 06 80 04 29 00 01 F4 01 00 02 C4 09 00 03 03 04 32 05 57 00 58 00 59 00 5A 00 5B 00 5C 00 5D 00 5E 00 5F 00 60 00 61 00 62 00 63 00 64 00 65 80 1C 25 00 01 F4 01 00 02 DC 05 00 03 03 04 32 05 2F 2D 07 67 1D E9 F7 9C 7E
[ 20633][16:43:00.122]7E FF 02 FF 99 B7 DF A5 31 01 2A 00 AB 23 7F 18 00 49 01 15 01 01 00 00 EC A8 22 34 9D FB 54 88 B0 B0 02 00 F8 BB E1 C8 D5 00 00 90 98 01 63 1C 01 00 00 20 02 00 00 00 00 00 00 05 00 0F 88 10 00 50 01 21 01 00 00 04 11 02 01 01 0A 90 01 89 01 3C 00 3C 00 06 0A 9A 07 00 00 62 0A 62 54 C0 23 00 13 33 00 06 17 32 00 00 00 00 35 0C 66 54 40 25 00 00 17 00 64 19 00 01 F4 01 00 02 D0 07 00 03 03 04 5A 05 89 00 8A 00 8D 00 82 00 8C 00 8E 00 88 00 7D 00 86 00 8B 00 8F 80 64 19 00 01 F4 01 00 02 D0 07 00 03 03 04 5A 05 7B 00 7C 00 7E 00 7F 00 80 00 81 00 83 00 84 00 85 00 87 00 89 00 8A 00 8D 00 82 00 8C 00 8E 00 88 00 7D 00 86 00 8B 00 8F 00 90 00 91 00 17 00 1D 00 2C 00 2A 00 1B 00 08 00 0C 00 06 80 04 29 00 01 F4 01 00 02 C4 09 00 03 03 04 32 05 57 00 58 00 59 00 5A 00 5B 00 5C 00 5D 00 5E 00 5F 00 60 00 61 00 62 00 63 00 64 00 65 80 1C 25 00 01 F4 01 00 02 DC 05 00 03 03 04 32 05 F0 77 4F CA FF B2 33 01 7E
[ 20634][16:43:00.167]7E FF 02 FF 9A B7 71 A6 31 01 19 00 DC AF 90 18 00 49 00 15 01 01 00 00 EC A8 22 64 29 0D 55 86 B0 B0 04 00 C6 A0 83 C8 D5 00 00 90 98 01 63 1C 01 00 00 20 02 00 00 00 00 00 00 05 00 0F 86 10 00 50 01 21 01 00 00 03 11 02 02 01 0A 90 01 89 01 3C 00 3C 00 06 0A 9A 07 00 00 62 0A 62 54 C0 23 00 13 33 00 06 17 32 00 00 00 00 35 0C 66 54 40 25 00 00 17 00 64 19 00 01 F4 01 00 02 D0 07 00 03 03 04 5A 05 89 00 8A 00 8D 00 82 00 8C 00 8E 00 88 00 7D 00 86 00 8B 00 8F 80 64 19 00 01 F4 01 00 02 D0 07 00 03 03 04 5A 05 7B 00 7C 00 7E 00 7F 00 80 00 81 00 83 00 84 00 85 00 87 00 89 00 8A 00 8D 00 82 00 8C 00 8E 00 88 00 7D 00 86 00 8B 00 8F 00 90 00 91 00 17 00 1D 00 2C 00 2A 00 1B 00 08 00 0C 00 06 80 04 29 00 01 F4 01 00 02 C4 09 00 03 03 04 32 05 57 00 58 00 59 00 5A 00 5B 00 5C 00 5D 00 5E 00 5F 00 60 00 61 00 62 00 63 00 64 00 65 80 1C 25 00 01 F4 01 00 02 DC 05 00 03 03 04 32 05 0C 6A 2E 80 BB 62 E7 25 7E
[ 20635][16:43:00.751]7E FF 02 FF 9B B7 B4 A8 31 01 97 00 D8 9B 6D 19 00 49 01 14 01 01 00 01 EC A8 22 18 F0 FF 00 34 18 60 C3 00 1E E4 63 80 01 FF 2F 01 45 00 00 C4 B0 11 00 00 D5 00 00 08 00 00 00 18 10 00 11 01 21 01 00 00 14 00 00 90 98 01 63 03 02 64 64 8B 00 09 01 00 00 13 00 46 00 00 00 01 30 FE FF FD FE FF FF FF FF FF FB FF FF FF FB FF FF FF BF 01 13 13 09 09 07 08 07 0B 13 09 09 0A 07 05 06 08 09 09 07 09 07 08 0A 09 07 07 08 0A 07 03 09 08 08 11 09 07 08 01 02 06 01 08 09 09 06 08 07 09 08 08 02 01 08 01 09 0A 09 0A 10 08 09 06 05 06 06 05 01 05 06 06 05 04 06 05 06 06 03 06 06 06 06 06 05 06 06 05 05 06 06 06 06 06 06 06 05 06 06 06 05 06 06 06 05 06 06 06 06 05 06 06 06 06 05 05 06 06 06 06 06 06 04 06 06 06 06 05 02 06 05 04 05 04 05 04 01 05 03 03 01 F5 C0 F0 0C 00 00 00 00 00 00 00 00 00 00 00 00 00 00 00 00 00 00 00 00 00 00 00 00 00 00 00 00 00 00 00 00 00 00 00 00 00 00 00 00 00 00 00 00 53 DB 42 56 7E
[ 20636][16:43:00.781]7E FF 02 FF 9C B7 CC A8 31 01 27 01 6E CF 76 19 00 49 00 14 01 01 00 01 EC A8 22 86 F0 FF 00 34 18 60 C3 00 93 E4 4F 60 08 FF 2F 01 5E 00 00 C8 E8 11 00 00 D5 00 00 08 00 00 00 86 10 00 11 01 21 01 00 00 03 00 00 90 98 01 63 03 02 40 50 8F 00 0D 01 22 00 13 00 50 00 00 00 01 30 FE FF FD FF FF FF FF FF FF FF FF FF FF FF FF FF BF FF 03 00 00 00 00 00 00 00 00 00 00 00 00 00 00 00 00 00 00 00 00 00 00 00 00 00 00 00 00 00 00 00 00 00 00 00 00 00 00 00 00 00 00 00 00 00 00 00 00 00 00 00 00 00 00 00 00 00 00 00 00 00 00 00 00 00 00 00 00 00 00 00 00 00 00 00 00 00 00 00 00 00 00 00 00 00 00 00 00 00 00 00 00 00 00 00 00 00 00 00 00 00 00 00 00 00 00 00 00 00 00 00 00 00 00 00 00 00 00 00 00 00 00 00 00 00 00 00 00 00 00 00 00 00 00 00 00 00 00 00 00 00 00 00 FE E1 63 A2 00 00 00 00 00 00 00 00 00 00 00 00 00 00 00 00 00 00 00 00 00 00 00 00 00 00 00 00 00 00 00 00 00 00 00 00 00 00 00 00 C2 02 4B FA 7E
[ 20637][16:43:00.871]7E FF 02 FF 9D B7 F5 A8 31 01 AE 02 D1 C4 AC 19 00 49 00 10 00 01 00 02 8D DD 2E 10 01 30 00 01 02 0D 00 00 10 18 F8 97 AE 09 9D 7E
[ 20638][16:43:00.886]7E FF 02 FF 9E B7 02 A9 31 01 9F 01 B3 A0 B1 19 00 49 00 10 00 01 00 02 8D DD 2E 10 01 40 0A 01 03 0D 00 00 1F 79 30 20 B0 FE 0C 7E
[ 20639][16:43:00.931]7E FF 02 FF 9F B7 77 A9 31 01 E1 01 15 1D B8 19 00 49 00 94 00 01 00 01 8D DD 2E 01 30 00 00 16 15 B6 40 00 80 53 29 10 00 03 00 0A CB 3E 00 34 88 FF 00 00 2A 00 00 01 00 00 00 00 15 79 65 23 53 00 00 05 46 46 54 01 00 00 00 03 00 01 01 2B A3 38 29 00 7D 00 00 EB 00 00 00 01 00 00 00 00 00 00 00 00 00 00 00 00 00 00 00 DA 01 A8 B8 00 00 00 00 00 00 00 00 00 00 00 00 00 00 00 00 00 00 00 00 00 00 00 00 00 00 00 00 00 00 00 00 00 00 00 00 00 00 00 00 00 00 00 00 00 00 00 00 00 00 00 00 00 00 00 00 00 00 00 00 04 A8 06 2B 7E
[ 20640][16:43:00.961]7E FF 02 FF A0 B7 38 A9 31 01 77 01 63 2F C6 19 00 49 00 94 00 01 00 01 8D DD 2E 01 40 0A 00 16 15 B6 40 00 A1 67 26 10 00 A4 00 0A CC 3E 00 34 88 FF 00 00 2A 00 00 01 00 00 00 00 19 01 15 00 17 00 00 05 46 46 54 01 00 00 00 A4 00 01 01 2B A3 38 29 00 7D 00 00 17 00 00 00 01 00 00 00 00 00 00 00 00 00 00 00 00 00 00 00 3C 5F A5 B8 00 00 00 00 00 00 00 00 00 00 00 00 00 00 00 00 00 00 00 00 00 00 00 00 00 00 00 00 00 00 00 00 00 00 00 00 00 00 00 00 00 00 00 00 00 00 00 00 00 00 00 00 00 00 00 00 00 00 00 00 68 90 0D 4A 7E
[ 20641][16:43:00.992]7E FF 02 FF A1 B7 47 A9 31 01 1C 02 FC F8 CB 19 00 49 01 14 01 01 00 01 EC A8 22 46 F0 FF 00 34 18 60 C3 00 4B E4 2F 60 04 FF 2F 01 7F 00 00 C8 80 11 00 00 D5 00 00 08 00 00 00 46 10 00 11 01 12 01 00 00 06 00 00 90 98 01 63 03 02 64 64 8F 00 16 01 89 01 13 00 64 00 00 00 01 30 FE FF FD FF FF FF FF FF BF FF FF FF FF FF FF FF FF FF 03 11 10 06 05 05 06 04 09 10 06 07 07 03 07 06 06 07 07 05 07 05 06 05 08 07 06 05 0B 06 04 05 07 06 10 0F 07 05 07 07 03 04 07 05 07 07 07 06 06 06 06 06 07 07 06 07 07 07 07 07 0E 06 07 06 06 06 06 05 06 06 06 06 06 06 06 06 06 06 06 06 06 06 06 06 05 06 06 05 05 06 06 06 06 06 06 06 05 06 06 06 05 06 06 06 05 05 06 06 06 06 05 06 06 06 06 05 05 06 06 06 06 06 05 04 06 06 06 06 05 05 06 05 03 05 04 05 04 05 05 05 04 03 04 04 EA C2 04 D2 00 00 00 00 00 00 00 00 00 00 00 00 00 00 00 00 00 00 00 00 00 00 00 00 00 00 00 00 00 00 00 00 00 00 00 00 00 00 00 00 51 9B 8B D7 7E
[ 20642][16:43:01.036]7E FF 02 FF A2 B7 E9 A9 31 01 B8 03 86 C7 E3 19 00 49 00 94 00 01 00 01 8D DD 2E 01 40 0A 00 16 15 B6 44 00 B0 65 A2 10 00 A4 00 0A CC 3E 00 34 88 FF 00 00 2A 00 00 01 00 00 00 00 19 01 15 00 17 00 00 05 46 46 54 01 00 00 00 A4 00 01 01 2B A3 38 29 00 7D 00 00 17 00 00 00 01 00 00 00 00 00 00 00 00 00 00 00 00 00 00 00 3C 5F A5 B8 00 00 00 00 00 00 00 00 00 00 00 00 00 00 00 00 00 00 00 00 00 00 00 00 00 00 00 00 00 00 00 00 00 00 00 00 00 00 00 00 00 00 00 00 00 00 00 00 00 00 00 00 00 00 00 00 00 00 00 00 2E 5E 50 F0 7E
[ 20643][16:43:01.142]7E FF 02 FF A3 B7 56 AA 31 01 41 01 6F 1E 0D 1A 00 49 00 94 00 01 00 01 8D DD 2E 01 E0 02 01 16 15 B6 44 00 17 D1 96 10 00 2E 00 03 AF 3E 00 34 88 FF 08 00 2A 00 00 00 00 05 46 46 54 00 00 59 04 27 43 04 00 00 00 00 01 01 00 8F 01 17 00 40 00 00 00 76 1A 00 00 00 00 00 00 22 03 23 23 11 82 00 00 05 46 46 54 01 00 00 40 07 00 01 01 C8 97 FE CC 00 7D 00 00 01 63 33 44 00 00 00 00 00 00 00 00 00 00 00 00 00 00 00 00 00 00 00 00 00 00 00 00 00 00 00 00 00 00 00 00 00 00 00 00 00 00 00 00 00 00 00 00 00 00 00 00 17 5B 05 CD 7E
[ 20644][16:43:01.157]7E FF 02 FF A4 B7 03 AA 31 01 D3 00 7F 90 13 1A 00 49 00 54 00 01 00 01 8D DD 2E 01 E0 02 03 5B 13 60 E0 00 4A 22 17 10 00 AA 00 03 BF 3E 30 10 88 FF 00 00 2A 00 00 11 08 00 00 01 03 01 00 DD 50 99 64 62 79 15 00 B2 FF 54 93 00 00 00 00 00 00 00 00 00 00 00 00 00 00 00 00 00 00 00 00 00 00 00 00 00 00 00 00 00 00 00 00 B9 F9 CE CD 7E
[ 20645][16:43:01.187]7E FF 02 FF A5 B7 1E AA 31 01 68 00 1C D2 1D 1A 00 49 00 54 00 01 00 01 8D DD 2E 01 E0 02 03 5B 13 60 E0 00 4A 22 17 10 00 1D 00 03 C0 3E 30 10 88 FF 00 00 2A 00 00 11 08 00 00 01 03 01 00 E1 50 62 75 64 79 15 00 B4 B1 88 46 00 00 00 00 00 00 00 00 00 00 00 00 00 00 00 00 00 00 00 00 00 00 00 00 00 00 00 00 00 00 00 00 01 25 EC 84 7E
[ 20646][16:43:01.202]7E FF 02 FF A6 B7 2D AA 31 01 8E 03 BD D9 23 1A 00 49 00 54 00 01 00 01 8D DD 2E 01 E0 02 03 5B 13 60 E0 00 4A 22 17 10 00 A9 00 03 C1 3E 30 10 88 FF 00 00 2A 00 00 11 08 00 00 01 03 01 00 E9 50 87 41 61 79 15 00 44 CE 9B B0 00 00 00 00 00 00 00 00 00 00 00 00 00 00 00 00 00 00 00 00 00 00 00 00 00 00 00 00 00 00 00 00 78 28 88 C0 7E
[ 20647][16:43:01.217]7E FF 02 FF A7 B7 A2 AA 31 01 32 00 49 02 2A 1A 00 49 00 54 00 01 00 01 8D DD 2E 01 E0 02 03 5B 13 60 E0 00 4A 22 17 10 00 5C 00 03 C2 3E 30 10 88 FF 00 00 2A 00 00 11 08 00 00 01 03 01 00 E1 52 97 64 60 79 15 00 52 01 AA 46 00 00 00 00 00 00 00 00 00 00 00 00 00 00 00 00 00 00 00 00 00 00 00 00 00 00 00 00 00 00 00 00 60 2E 69 03 7E
[ 20648][16:43:01.247]7E FF 02 FF A8 B7 B9 AA 31 01 84 02 31 02 33 1A 00 49 00 94 00 01 00 01 8D DD 2E 01 00 21 00 16 15 B6 40 00 B1 65 48 10 00 10 02 0A C9 3E 00 34 88 FF 00 00 2A 00 00 01 00 00 00 21 01 18 01 68 44 00 00 05 46 46 54 01 00 00 00 10 02 01 01 2B A3 38 29 00 A0 0F 00 71 00 00 00 01 00 00 00 00 00 00 00 00 00 00 00 00 00 00 00 2D 95 A6 5F 00 00 00 00 00 00 00 00 00 00 00 00 00 00 00 00 00 00 00 00 00 00 00 00 00 00 00 00 00 00 00 00 00 00 00 00 00 00 00 00 00 00 00 00 00 00 00 00 00 00 00 00 00 00 00 00 00 00 00 00 B2 49 50 7C 7E
[ 20649][16:43:01.621]7E FF 02 FF A9 B7 2E AC 31 01 20 03 F6 5A C1 1A 00 49 00 94 00 01 00 01 8D DD 2E 01 20 1A 01 16 15 B6 44 00 17 11 8D 10 00 A2 01 03 B9 3E 00 34 88 FF 08 00 2A 00 00 00 00 05 46 46 54 22 03 23 23 12 47 05 00 00 00 00 00 00 00 B0 01 A2 01 46 00 00 00 78 1A 00 00 00 00 00 00 46 54 22 03 23 23 12 47 05 00 00 00 00 00 00 00 19 01 A2 01 DA 00 00 00 77 1A 00 00 45 A3 A4 7D 00 00 00 00 00 00 00 00 00 00 00 00 00 00 00 00 00 00 00 00 00 00 00 00 00 00 00 00 00 00 00 00 00 00 00 00 00 00 00 00 00 00 00 00 00 00 00 00 30 F6 D1 44 7E
[ 20650][16:43:01.651]7E FF 02 FF AA B7 4B AC 31 01 83 02 CE 5B CC 1A 00 49 00 94 00 01 00 01 8D DD 2E 01 20 1A 01 16 15 B6 40 00 06 13 09 10 00 A2 01 03 BB 3E 00 34 88 FF 08 00 2A 00 00 00 00 05 46 46 54 22 03 23 23 12 47 05 00 00 00 00 00 00 00 2C 01 A2 01 8F 00 00 00 79 1A 00 00 00 00 00 00 46 54 22 03 23 23 12 47 05 00 00 00 00 00 00 00 B0 01 A2 01 46 00 00 00 78 1A 00 00 E0 8E C3 74 00 00 00 00 00 00 00 00 00 00 00 00 00 00 00 00 00 00 00 00 00 00 00 00 00 00 00 00 00 00 00 00 00 00 00 00 00 00 00 00 00 00 00 00 00 00 00 00 8C 05 B6 81 7E
[ 20651][16:43:01.756]7E FF 02 FF AB B7 B8 AC 31 01 9B 03 69 0B F6 1A 00 49 00 94 00 01 00 01 8D DD 2E 01 20 1A 01 16 15 B6 44 00 17 11 8D 10 00 A2 01 03 BB 3E 00 34 88 FF 08 00 2A 00 00 00 00 05 46 46 54 22 03 23 23 12 47 05 00 00 00 00 00 00 00 2C 01 A2 01 8F 00 00 00 79 1A 00 00 00 00 00 00 46 54 22 03 23 23 12 47 05 00 00 00 00 00 00 00 B0 01 A2 01 46 00 00 00 78 1A 00 00 E0 8E C3 74 00 00 00 00 00 00 00 00 00 00 00 00 00 00 00 00 00 00 00 00 00 00 00 00 00 00 00 00 00 00 00 00 00 00 00 00 00 00 00 00 00 00 00 00 00 00 00 00 69 56 81 EF 7E
[ 20652][16:43:01.771]7E FF 02 FF AC B7 64 AC 31 01 51 01 41 ED FB 1A 00 49 00 94 00 01 00 01 8D DD 2E 01 20 1A 01 16 15 B6 40 00 06 13 09 10 00 A2 01 03 BE 3E 00 34 88 FF 08 00 2A 00 00 00 00 05 46 46 54 22 03 23 23 12 47 05 00 00 00 00 00 00 00 10 01 A2 01 13 01 00 00 7A 1A 00 00 00 00 00 00 00 19 01 12 00 30 00 00 05 46 46 54 01 00 00 00 1F 02 01 01 2B A3 38 29 00 7D 00 00 9E FC A7 F6 00 00 00 00 00 00 00 00 00 00 00 00 00 00 00 00 00 00 00 00 00 00 00 00 00 00 00 00 00 00 00 00 00 00 00 00 00 00 00 00 00 00 00 00 00 00 00 00 85 8F 39 20 7E
[ 20653][16:43:01.801]7E FF 02 FF AD B7 83 AC 31 01 B3 00 86 B0 07 1B 00 49 00 94 00 01 00 01 8D DD 2E 01 40 0A 00 16 15 B6 40 00 A1 67 26 10 00 A4 00 0A C3 3E 00 34 88 FF 00 00 2A 00 00 01 00 00 00 00 19 01 15 00 34 00 00 05 46 46 54 01 00 00 00 A4 00 01 01 2B A3 38 29 00 7D 00 00 47 00 00 00 01 00 00 00 00 00 00 00 00 00 00 00 00 00 00 00 2F BD EC 2B 00 00 00 00 00 00 00 00 00 00 00 00 00 00 00 00 00 00 00 00 00 00 00 00 00 00 00 00 00 00 00 00 00 00 00 00 00 00 00 00 00 00 00 00 00 00 00 00 00 00 00 00 00 00 00 00 00 00 00 00 6A 63 D4 64 7E
[ 20654][16:43:01.816]7E FF 02 FF AE B7 F8 AC 31 01 F8 01 BA 4C 0E 1B 00 49 00 94 00 01 00 01 8D DD 2E 01 F0 FF 01 C8 14 B6 42 00 54 6D 1F 10 00 FF 2F 05 C4 3E 00 36 88 11 00 00 2A 00 00 01 00 00 00 22 03 23 13 11 30 00 00 05 46 46 54 0A 01 C7 41 01 00 01 01 4B 15 A2 69 E1 93 04 00 D0 6A F3 CC 7B 1A 00 00 00 00 00 00 01 00 00 00 02 00 00 00 8A 01 35 FF 1E FF 00 00 00 00 00 00 00 00 00 00 00 00 00 00 00 00 00 00 00 00 00 00 00 00 00 00 00 00 00 00 00 00 00 00 00 00 00 00 00 00 00 00 00 00 00 00 00 00 00 00 00 00 00 00 00 00 00 00 8F 06 E4 1C 7E
[ 20655][16:43:01.861]7E FF 02 FF AF B7 19 AD 31 01 9B 03 23 0C 1B 1B 00 49 00 94 00 01 00 01 8D DD 2E 01 F0 FF 01 C8 14 B6 46 00 45 6F 9B 10 00 FF 2F 05 C4 3E 00 36 88 11 00 00 2A 00 00 01 00 00 00 22 03 23 13 11 30 00 00 05 46 46 54 0A 01 C7 41 01 00 01 01 4B 15 A2 69 E1 93 04 00 D0 6A F3 CC 7B 1A 00 00 00 00 00 00 01 00 00 00 02 00 00 00 8A 01 35 FF 1E FF 00 00 00 00 00 00 00 00 00 00 00 00 00 00 00 00 00 00 00 00 00 00 00 00 00 00 00 00 00 00 00 00 00 00 00 00 00 00 00 00 00 00 00 00 00 00 00 00 00 00 00 00 00 00 00 00 00 00 8C 3B 3B 64 7E
[ 20656][16:43:01.876]7E FF 02 FF B0 B7 D1 AC 31 01 DA 03 FA C0 25 1B 00 49 00 94 00 01 00 01 8D DD 2E 01 F0 FF 01 C8 14 B6 46 00 45 6F 9B 10 00 FF 2F 05 C4 3E 00 36 88 11 00 00 2A 00 00 01 00 00 00 22 03 23 13 11 30 00 00 05 46 46 54 0A 01 C7 41 01 00 01 01 4B 15 A2 69 E1 93 04 00 D0 6A F3 CC 7B 1A 00 00 00 00 00 00 01 00 00 00 02 00 00 00 8A 01 35 FF 1E FF 00 00 00 00 00 00 00 00 00 00 00 00 00 00 00 00 00 00 00 00 00 00 00 00 00 00 00 00 00 00 00 00 00 00 00 00 00 00 00 00 00 00 00 00 00 00 00 00 00 00 00 00 00 00 00 00 00 00 22 01 9A 9A 7E
[ 20657][16:43:01.906]7E FF 02 FF B1 B7 E8 AC 31 01 C0 00 93 39 2E 1B 00 49 00 94 00 01 00 01 8D DD 2E 01 F0 FF 01 C8 14 B6 46 00 45 6F 9B 10 00 FF 2F 05 C4 3E 00 36 88 11 00 00 2A 00 00 01 00 00 00 22 03 23 13 11 30 00 00 05 46 46 54 0A 01 C7 41 01 00 01 01 4B 15 A2 69 E1 93 04 00 D0 6A F3 CC 7B 1A 00 00 00 00 00 00 01 00 00 00 02 00 00 00 8A 01 35 FF 1E FF 00 00 00 00 00 00 00 00 00 00 00 00 00 00 00 00 00 00 00 00 00 00 00 00 00 00 00 00 00 00 00 00 00 00 00 00 00 00 00 00 00 00 00 00 00 00 00 00 00 00 00 00 00 00 00 00 00 00 0D AE 73 C3 7E
[ 20658][16:43:01.937]7E FF 02 FF B2 B7 69 AD 31 01 02 03 DD 81 39 1B 00 49 00 94 00 01 00 01 8D DD 2E 01 F0 FF 01 C8 14 B6 46 00 45 6F 9B 10 00 FF 2F 05 C4 3E 00 36 88 11 00 00 2A 00 00 01 00 00 00 22 03 23 13 11 30 00 00 05 46 46 54 0A 01 C7 41 01 00 01 01 4B 15 A2 69 E1 93 04 00 D0 6A F3 CC 7B 1A 00 00 00 00 00 00 01 00 00 00 02 00 00 00 8A 01 35 FF 1E FF 00 00 00 00 00 00 00 00 00 00 00 00 00 00 00 00 00 00 00 00 00 00 00 00 00 00 00 00 00 00 00 00 00 00 00 00 00 00 00 00 00 00 00 00 00 00 00 00 00 00 00 00 00 00 00 00 00 00 15 DF 72 23 7E
[ 20659][16:43:01.967]7E FF 02 FF B3 B7 2D AD 31 01 2B 01 DB 95 48 1B 00 49 00 94 00 01 00 01 8D DD 2E 01 F0 FF 01 C8 14 B6 42 00 54 6D 1F 10 00 FF 2F 05 C5 3E 00 40 88 11 00 00 2A 00 00 01 00 00 00 22 03 23 13 11 22 00 00 05 46 46 54 0A 01 01 42 01 00 01 01 29 A3 49 E3 E1 93 04 00 CC E2 5B F4 7C 1A 00 00 00 00 00 00 01 00 01 00 0C 00 00 00 13 01 5B 01 03 00 86 01 9B 01 18 01 EE B9 6D 73 00 00 00 00 00 00 00 00 00 00 00 00 00 00 00 00 00 00 00 00 00 00 00 00 00 00 00 00 00 00 00 00 00 00 00 00 00 00 00 00 00 00 00 00 00 00 00 00 7F 08 47 44 7E
[ 20660][16:43:01.997]7E FF 02 FF B4 B7 42 AD 31 01 7D 03 42 D3 50 1B 00 49 00 94 00 01 00 01 8D DD 2E 01 F0 FF 01 C8 14 B6 46 00 45 6F 9B 10 00 FF 2F 05 C5 3E 00 40 88 11 00 00 2A 00 00 01 00 00 00 22 03 23 13 11 22 00 00 05 46 46 54 0A 01 01 42 01 00 01 01 29 A3 49 E3 E1 93 04 00 CC E2 5B F4 7C 1A 00 00 00 00 00 00 01 00 01 00 0C 00 00 00 13 01 5B 01 03 00 86 01 9B 01 18 01 EE B9 6D 73 00 00 00 00 00 00 00 00 00 00 00 00 00 00 00 00 00 00 00 00 00 00 00 00 00 00 00 00 00 00 00 00 00 00 00 00 00 00 00 00 00 00 00 00 00 00 00 00 CC F1 8E 84 7E
[ 20661][16:43:02.012]7E FF 02 FF B5 B7 B9 AD 31 01 48 03 4B 0D 58 1B 00 49 00 94 00 01 00 01 8D DD 2E 01 F0 FF 01 C8 14 B6 46 00 45 6F 9B 10 00 FF 2F 05 C5 3E 00 40 88 11 00 00 2A 00 00 01 00 00 00 22 03 23 13 11 22 00 00 05 46 46 54 0A 01 01 42 01 00 01 01 29 A3 49 E3 E1 93 04 00 CC E2 5B F4 7C 1A 00 00 00 00 00 00 01 00 01 00 0C 00 00 00 13 01 5B 01 03 00 86 01 9B 01 18 01 EE B9 6D 73 00 00 00 00 00 00 00 00 00 00 00 00 00 00 00 00 00 00 00 00 00 00 00 00 00 00 00 00 00 00 00 00 00 00 00 00 00 00 00 00 00 00 00 00 00 00 00 00 19 8B 95 A7 7E
[ 20662][16:43:02.027]7E FF 02 FF B6 B7 CD AD 31 01 41 00 BE 62 5F 1B 00 49 00 94 00 01 00 01 8D DD 2E 01 F0 FF 01 C8 14 B6 46 00 45 6F 9B 10 00 FF 2F 05 C5 3E 00 40 88 11 00 00 2A 00 00 01 00 00 00 22 03 23 13 11 22 00 00 05 46 46 54 0A 01 01 42 01 00 01 01 29 A3 49 E3 E1 93 04 00 CC E2 5B F4 7C 1A 00 00 00 00 00 00 01 00 01 00 0C 00 00 00 13 01 5B 01 03 00 86 01 9B 01 18 01 EE B9 6D 73 00 00 00 00 00 00 00 00 00 00 00 00 00 00 00 00 00 00 00 00 00 00 00 00 00 00 00 00 00 00 00 00 00 00 00 00 00 00 00 00 00 00 00 00 00 00 00 00 D5 A9 AF BF 7E
[ 20663][16:43:02.057]7E FF 02 FF B7 B7 E1 AD 31 01 45 01 10 1D 67 1B 00 49 00 94 00 01 00 01 8D DD 2E 01 F0 FF 01 C8 14 B6 46 00 45 6F 9B 10 00 FF 2F 05 C5 3E 00 40 88 11 00 00 2A 00 00 01 00 00 00 22 03 23 13 11 22 00 00 05 46 46 54 0A 01 01 42 01 00 01 01 29 A3 49 E3 E1 93 04 00 CC E2 5B F4 7C 1A 00 00 00 00 00 00 01 00 01 00 0C 00 00 00 13 01 5B 01 03 00 86 01 9B 01 18 01 EE B9 6D 73 00 00 00 00 00 00 00 00 00 00 00 00 00 00 00 00 00 00 00 00 00 00 00 00 00 00 00 00 00 00 00 00 00 00 00 00 00 00 00 00 00 00 00 00 00 00 00 00 E1 3C 10 45 7E
[ 20664][16:43:02.117]7E FF 02 FF B8 B7 38 AE 31 01 79 01 9B 57 88 1B 00 49 00 10 00 01 00 03 8D DD 2E 89 08 AD 0D B1 50 3B 2A 02 F6 DE 6D 18 00 D9 D6 7E
[ 20665][16:43:02.177]7E FF 02 FF B9 B7 EA AD 31 01 DE 03 CE F2 90 1B 00 49 00 14 01 01 00 01 EC A8 22 05 F0 FF 00 34 18 60 C3 00 00 E4 3F 50 00 FF 2F 01 79 00 00 C9 D0 11 00 00 D5 00 00 08 00 00 00 05 90 00 21 01 23 01 00 00 01 00 00 90 98 01 63 01 03 64 64 8E 00 10 02 0F 00 13 00 3D 00 00 00 09 30 0C 10 DE FF FD FF FF FF FF FF FF FB FF FF FF FF FF FF FF FF 03 10 0E 10 10 10 11 10 10 10 11 10 0F 11 10 11 11 10 11 11 11 11 11 11 11 11 11 10 10 10 11 11 11 10 10 10 10 11 11 0F 10 11 10 11 11 10 11 11 11 11 11 10 0F 11 10 11 10 10 10 11 11 10 00 00 00 00 00 00 00 00 00 00 00 00 00 00 00 00 00 00 00 00 00 00 00 00 00 00 00 00 00 00 00 00 00 00 00 00 00 00 00 00 00 00 00 00 00 00 00 00 00 00 00 00 00 00 00 00 00 00 00 00 00 00 00 00 00 00 00 00 00 00 00 00 00 00 00 00 00 00 00 00 00 E2 23 EB F5 00 00 00 00 00 00 00 00 00 00 00 00 00 00 00 00 00 00 00 00 00 00 00 00 00 00 00 00 00 00 00 00 00 00 00 00 00 00 00 EA 7A AA A5 7E
[ 20666][16:43:02.296]7E FF 02 FF BA B7 E8 AE 31 01 AC 00 4A 69 CB 1B 00 49 00 10 00 01 00 02 8D DD 2E 10 01 E0 02 01 03 01 00 00 33 5E 3C F5 87 A2 E1 7E
[ 20667][16:43:02.386]7E FF 02 FF BB B7 DA AE 31 01 B4 01 8C 50 EC 1B 00 49 00 10 00 01 00 02 8D DD 2E 10 01 10 04 01 03 02 00 00 0F A8 24 7C CC 50 FC 7E
[ 20668][16:43:02.431]7E FF 02 FF BC B7 63 AF 31 01 29 02 4B 73 FA 1B 00 49 00 54 00 01 00 01 8D DD 2E 01 10 04 03 5B 13 60 E0 00 8C 0A 09 10 00 30 01 03 CE 3E 30 10 88 FF 00 00 2A 00 00 11 08 00 00 01 03 01 00 1E 55 04 61 47 79 15 00 20 45 B1 CB 00 00 00 00 00 00 00 00 00 00 00 00 00 00 00 00 00 00 00 00 00 00 00 00 00 00 00 00 00 00 00 00 F9 B5 7B BA 7E
[ 20669][16:43:02.461]7E FF 02 FF BD B7 2D AF 31 01 1E 03 EE 1C 0C 1C 00 49 00 10 00 01 00 03 EC A8 22 FA 01 6E 1A 8D DD 2E 20 02 8C 40 F8 AE 34 1F 2B 7E
[ 20670][16:43:03.614]7E FF 02 FF BE B7 05 B4 31 01 13 00 71 AB BE 1D 00 49 00 54 00 01 00 01 8D DD 2E 01 E0 02 03 5B 13 60 E0 00 4A 22 17 10 00 81 00 03 CD 3E 30 10 88 FF 00 00 2A 00 00 11 08 00 00 01 03 01 00 A6 50 56 61 55 79 15 00 7D 91 CC 27 00 00 00 00 00 00 00 00 00 00 00 00 00 00 00 00 00 00 00 00 00 00 00 00 00 00 00 00 00 00 00 00 D2 42 07 4F 7E
[ 20671][16:43:03.614]7E FF 02 FF BF B7 12 B4 31 01 C8 01 4B D1 C3 1D 00 49 00 10 00 01 00 03 8D DD 2E 89 08 D3 07 B1 50 3B 2A 02 9B 31 62 1C 24 5A 3D 7E
[ 20672][16:43:04.213]7E FF 02 FF C0 B7 69 B6 31 01 CE 01 68 52 A8 1E 00 49 00 10 00 01 00 02 8D DD 2E 10 01 E0 02 01 03 01 00 00 33 5E 3C 83 33 E4 08 7E
[ 20673][16:43:04.363]7E FF 02 FF C1 B7 91 B6 31 01 7F 01 61 B2 DD 1E 00 49 00 10 00 01 00 03 EC A8 22 FA 01 0A 13 8D DD 2E 20 02 F7 ED D5 43 21 CC 6F 7E
[ 20674][16:43:04.363]7E FF 02 FF C2 B7 96 B6 31 01 C6 01 93 A1 DF 1E 00 49 00 10 00 01 00 02 8D DD 2E 10 01 E0 02 01 01 02 00 00 12 EE 78 30 00 90 6A 7E
[ 20675][16:43:04.452]7E FF 02 FF C3 B7 28 B7 31 01 9A 00 72 0A F1 1E 00 49 00 14 01 01 00 01 EC A8 22 70 F0 FF 00 34 18 60 C3 00 7B E4 57 00 07 FF 2F 01 46 00 00 C7 90 11 00 00 D5 00 00 08 00 00 00 70 10 00 11 01 23 01 00 00 03 00 00 90 98 01 63 01 02 24 3C 8E 00 09 01 88 01 13 00 3C 00 00 00 01 30 FE FF FD FF FF FF FF FF FF FB FF FF FF FF FE FF FF FF 03 11 10 06 05 05 06 05 09 11 06 07 07 03 07 06 06 07 07 05 07 05 06 06 08 07 06 05 0B 07 05 04 07 06 10 0F 07 05 07 07 03 04 06 06 07 07 07 06 07 07 06 06 07 07 06 07 07 07 06 07 0E 06 08 06 05 06 06 06 06 06 06 06 06 04 06 05 06 06 06 06 06 06 06 06 05 06 06 05 05 06 06 06 06 06 06 06 05 06 06 06 05 06 06 06 05 05 06 06 06 06 06 06 06 06 05 06 06 06 06 06 06 06 04 06 06 06 06 05 05 06 05 03 05 04 05 04 05 05 04 04 03 04 04 F1 E4 03 33 00 00 00 00 00 00 00 00 00 00 00 00 00 00 00 00 00 00 00 00 00 00 00 00 00 00 00 00 00 00 00 00 00 00 00 00 00 00 00 00 00 A9 97 82 DE 7E
[ 20676][16:43:04.497]7E FF 02 FF C4 B7 42 B7 31 01 30 01 8E 03 FB 1E 00 3D 02 14 02 01 00 01 EC A8 22 01 F0 FF 01 BF 18 7B 83 00 80 9F F5 10 00 FF 2F 01 D5 01 00 C7 88 11 00 00 D5 00 00 08 00 00 00 01 00 00 04 00 00 90 98 01 63 00 00 90 98 01 63 00 00 64 64 90 00 13 00 84 01 13 00 64 00 00 00 FC FF FD FF FF FF FF FF FF FF FF FF FF FF FF FF FF FF 07 12 08 08 07 06 04 0A 12 08 08 09 06 09 08 07 08 09 06 09 06 07 08 09 07 06 05 0C 07 05 05 08 08 11 11 09 06 07 07 06 07 07 08 08 09 0A 08 09 09 08 07 09 09 08 09 08 09 08 08 10 06 09 05 05 06 05 05 05 05 06 06 05 06 04 05 04 05 04 05 05 05 04 04 05 04 06 05 05 05 06 05 05 06 05 05 06 04 06 05 05 05 04 05 05 05 04 05 05 05 06 05 05 04 05 04 05 05 05 06 06 06 06 05 04 05 06 05 05 05 05 06 05 03 05 03 05 04 05 05 04 04 03 03 04 00 66 B9 42 56 00 00 00 00 00 00 00 00 00 00 00 00 00 00 00 00 00 00 00 00 00 00 00 00 00 00 00 00 00 00 00 00 00 00 00 00 00 00 00 00 00 00 00 00 00 00 00 00 00 00 00 00 00 00 00 00 00 00 00 00 00 00 00 00 00 00 00 00 00 00 00 00 00 00 00 00 00 00 00 00 00 00 00 00 00 00 00 00 00 00 00 00 00 00 00 00 00 00 00 00 00 00 00 00 00 00 00 00 00 00 00 00 00 00 00 00 00 00 00 00 00 00 00 00 00 00 00 00 00 00 00 00 00 00 00 00 00 00 00 00 00 00 00 00 00 00 00 00 00 00 00 00 00 00 00 00 00 00 00 00 00 00 00 00 00 00 00 00 00 00 00 00 00 00 00 00 00 00 00 00 00 00 00 00 00 00 00 00 00 00 00 00 00 00 00 00 00 00 00 00 00 00 00 00 00 00 00 00 00 00 00 00 00 00 00 00 00 00 00 00 00 00 00 00 00 00 00 00 00 00 00 00 00 00 00 00 00 00 00 00 00 00 00 00 00 00 00 00 00 00 00 00 00 00 00 00 00 00 00 00 00 00 00 00 00 00 00 00 00 00 00 00 00 00 00 00 00 00 00 00 00 00 00 00 00 00 00 00 00 00 00 00 00 00 00 00 00 DA A0 0A 22 7E
[ 20677][16:43:04.796]7E FF 02 FF C5 B7 43 B8 31 01 2C 00 98 20 83 1F 00 3D 02 10 00 01 00 02 8D DD 2E 10 01 E0 02 01 01 06 00 00 10 AE 70 97 A8 FF 8A 7E
[ 20678][16:43:04.886]7E FF 02 FF C6 B7 9F B8 31 01 91 01 59 5B A6 1F 00 3D 02 10 00 01 00 02 8D DD 2E 10 01 E0 17 01 01 07 00 00 55 13 11 EC 4C 97 26 7E
[ 20679][16:43:04.946]7E FF 02 FF C7 B7 30 B9 31 01 42 01 41 78 B7 1F 00 49 00 54 00 01 00 01 8D DD 2E 01 E0 17 03 5B 13 60 E0 00 E7 97 34 10 00 7E 01 03 D7 3E 30 10 88 FF 00 00 2A 00 00 11 08 00 00 01 03 01 00 7C 03 31 22 01 18 01 21 11 EB 33 C7 00 00 00 00 00 00 00 00 00 00 00 00 00 00 00 00 00 00 00 00 00 00 00 00 00 00 00 00 00 00 00 00 D2 10 7C 2B 7E
[ 20680][16:43:05.215]7E FF 02 FF C8 B7 4E BA 31 01 F4 00 E5 8F 24 20 00 49 00 10 00 01 00 02 8D DD 2E 10 01 20 1E 01 02 07 00 00 16 5F AC 89 EC 29 AF 7E
[ 20681][16:43:05.290]7E FF 02 FF C9 B7 53 BA 31 01 86 00 FF 66 26 20 00 3E 03 14 02 01 00 01 EC A8 22 01 F0 FF 01 BF 18 7B 83 00 80 9F F5 10 00 FF 2F 01 D5 01 00 C7 88 11 00 00 D5 00 00 08 00 00 00 01 00 00 04 00 00 90 98 01 63 00 00 90 98 01 63 00 00 64 64 90 00 13 00 84 01 13 00 64 00 00 00 FC FF FD FF FF FF FF FF FF FF FF FF FF FF FF FF FF FF 07 12 08 08 07 06 04 0A 12 08 08 09 06 09 08 07 08 09 06 09 06 07 08 09 07 06 05 0C 07 05 05 08 08 11 11 09 06 07 07 06 07 07 08 08 09 0A 08 09 09 08 07 09 09 08 09 08 09 08 08 10 06 09 05 05 06 05 05 05 05 06 06 05 06 04 05 04 05 04 05 05 05 04 04 05 04 06 05 05 05 06 05 05 06 05 05 06 04 06 05 05 05 04 05 05 05 04 05 05 05 06 05 05 04 05 04 05 05 05 06 06 06 06 05 04 05 06 05 05 05 05 06 05 03 05 03 05 04 05 05 04 04 03 03 04 00 66 B9 42 56 00 00 00 00 00 00 00 00 00 00 00 00 00 00 00 00 00 00 00 00 00 00 00 00 00 00 00 00 00 00 00 00 00 00 00 00 00 00 00 00 00 00 00 00 00 00 00 00 00 00 00 00 00 00 00 00 00 00 00 00 00 00 00 00 00 00 00 00 00 00 00 00 00 00 00 00 00 00 00 00 00 00 00 00 00 00 00 00 00 00 00 00 00 00 00 00 00 00 00 00 00 00 00 00 00 00 00 00 00 00 00 00 00 00 00 00 00 00 00 00 00 00 00 00 00 00 00 00 00 00 00 00 00 00 00 00 00 00 00 00 00 00 00 00 00 00 00 00 00 00 00 00 00 00 00 00 00 00 00 00 00 00 00 00 00 00 00 00 00 00 00 00 00 00 00 00 00 00 00 00 00 00 00 00 00 00 00 00 00 00 00 00 00 00 00 00 00 00 00 00 00 00 00 00 00 00 00 00 00 00 00 00 00 00 00 00 00 00 00 00 00 00 00 00 00 00 00 00 00 00 00 00 00 00 00 00 00 00 00 00 00 00 00 00 00 00 00 00 00 00 00 00 00 00 00 00 00 00 00 00 00 00 00 00 00 00 00 00 00 00 00 00 00 00 00 00 00 00 00 00 00 00 00 00 00 00 00 00 00 00 00 00 00 00 00 00 00 72 32 16 B9 7E
[ 20682][16:43:05.305]7E FF 02 FF CA B7 0A BA 31 01 CF 01 F5 D3 30 20 00 49 00 14 01 01 00 01 EC A8 22 4D F0 FF 00 34 18 60 C3 00 41 E4 1B D0 04 FF 2F 01 C1 00 00 C5 E8 11 03 00 D5 00 00 08 00 00 00 4D 10 00 11 01 21 01 00 00 12 00 00 90 98 01 63 03 02 40 50 8C 00 0A 01 88 01 13 00 50 00 00 00 01 30 FE FF FD FF FF FF FF FF FF DF FF FF FF FB FF FF FF F7 01 11 10 06 06 04 05 04 09 11 06 07 07 04 04 05 06 07 07 04 07 04 06 05 08 07 04 05 07 07 04 03 07 05 09 0F 07 05 06 02 02 04 02 04 07 07 05 05 07 07 05 05 02 01 06 01 07 07 06 07 0D 06 08 06 05 06 05 04 02 06 06 06 05 01 04 06 06 06 02 06 06 06 06 06 05 06 06 05 05 06 06 06 06 06 06 06 05 06 06 06 05 06 06 06 05 06 06 06 06 05 06 06 06 06 05 05 06 06 06 06 06 06 04 06 06 06 06 05 02 06 05 04 05 04 05 04 05 03 01 03 01 7E 24 68 81 00 00 00 00 00 00 00 00 00 00 00 00 00 00 00 00 00 00 00 00 00 00 00 00 00 00 00 00 00 00 00 00 00 00 00 00 00 00 00 00 00 00 00 CD 22 02 BC 7E
[ 20683][16:43:05.350]7E FF 02 FF CB B7 71 BA 31 01 04 03 A6 42 58 20 00 49 00 10 00 01 00 02 8D DD 2E 10 01 F0 21 01 02 07 00 00 6C 7E 50 F7 B0 C2 98 7E
[ 20684][16:43:05.365]7E FF 02 FF CC B7 87 BA 31 01 F9 00 C2 74 60 20 00 49 00 10 00 01 00 02 8D DD 2E 10 01 D0 10 01 01 07 00 00 18 1B 74 B1 9F 35 16 7E
[ 20685][16:43:05.395]7E FF 02 FF CD B7 99 BA 31 01 07 00 D7 3A 67 20 00 49 00 10 00 01 00 02 8D DD 2E 10 01 E0 02 01 01 07 00 00 11 BE B4 C9 C7 AE 7A 7E
[ 20686][16:43:05.395]7E FF 02 FF CE B7 05 BB 31 01 61 01 F9 69 6A 20 00 49 00 10 00 01 00 02 8D DD 2E 10 01 F0 21 01 01 07 00 00 5C BE 50 15 1C CE 24 7E
[ 20687][16:43:05.410]7E FF 02 FF CF B7 11 BB 31 01 B8 02 49 1F 6F 20 00 49 00 10 00 01 00 02 8D DD 2E 10 01 A0 0B 01 03 07 00 00 62 36 19 2F C9 E0 78 7E
[ 20688][16:43:05.426]7E FF 02 FF D0 B7 19 BB 31 01 E8 02 6A 31 72 20 00 49 00 10 00 01 00 02 8D DD 2E 10 01 E0 02 01 02 07 00 00 21 7E B4 82 7D B6 7B 7E
[ 20689][16:43:05.439]7E FF 02 FF D1 B7 2A BB 31 01 9E 03 5A BF 78 20 00 49 00 10 00 01 00 02 8D DD 2E 10 01 20 1E 01 03 07 00 00 07 1F 28 A3 49 4F F3 7E
[ 20690][16:43:05.484]7E FF 02 FF D2 B7 FF BA 31 01 44 03 D5 74 8E 20 00 49 00 10 00 01 00 02 8D DD 2E 10 01 C0 14 01 02 07 00 00 AC EA F2 2B F7 A2 CE 7E
[ 20691][16:43:05.499]7E FF 02 FF D3 B7 71 BB 31 01 E7 02 CC C2 93 20 00 49 00 10 00 01 00 02 8D DD 2E 10 01 10 04 01 03 07 00 00 0C F8 E8 E4 CD BD 5B 7E
[ 20692][16:43:05.529]7E FF 02 FF D4 B7 84 BB 31 01 43 03 67 0B 9B 20 00 49 00 10 00 01 00 02 8D DD 2E 10 01 20 1E 01 03 07 00 00 07 1F 28 C6 94 14 CF 7E
[ 20693][16:43:05.529]7E FF 02 FF D5 B7 88 BB 31 01 27 00 A9 44 9C 20 00 49 00 10 00 01 00 03 8D DD 2E 89 08 5D 00 B1 50 3B B4 03 70 8B D6 21 81 0F E4 7E
[ 20694][16:43:05.574]7E FF 02 FF D6 B7 42 BB 31 01 85 02 7D EB A7 20 00 49 00 54 00 01 00 01 8D DD 2E 01 10 04 03 5B 13 60 E0 00 8C 0A 09 10 00 30 01 0A D9 3E 30 10 88 FF 00 00 2A 00 00 11 08 00 00 01 03 01 00 1E 55 04 61 47 79 15 00 20 45 B1 CB 00 00 00 00 00 00 00 00 00 00 00 00 00 00 00 00 00 00 00 00 00 00 00 00 00 00 00 00 00 00 00 00 BF 53 B5 1A 7E
[ 20695][16:43:05.768]7E FF 02 FF D7 B7 54 BC 31 01 0A 02 D4 3E EA 20 00 49 00 14 01 01 00 01 EC A8 22 10 F0 FF 00 34 18 60 C3 00 17 E4 67 00 01 FF 2F 01 A7 00 00 C8 A0 11 00 00 D5 00 00 08 00 00 00 10 10 00 11 01 22 01 00 00 03 00 00 90 98 01 63 01 03 64 64 8F 00 10 01 05 00 13 00 47 00 00 00 01 30 FE FF FC FF FF FF FF FF FF FF FF FF FF FF FF FF FF FF 03 10 0E 10 10 10 10 11 10 10 10 11 10 0F 11 10 11 10 11 11 11 11 11 11 11 11 11 10 10 10 11 11 11 10 10 10 10 11 11 0F 10 11 10 11 11 10 11 11 11 11 11 10 0F 11 10 11 10 10 10 11 11 10 00 00 00 00 00 00 00 00 00 00 00 00 00 00 00 00 00 00 00 00 00 00 00 00 00 00 00 00 00 00 00 00 00 00 00 00 00 00 00 00 00 00 00 00 00 00 00 00 00 00 00 00 00 00 00 00 00 00 00 00 00 00 00 00 00 00 00 00 00 00 00 00 00 00 00 00 00 00 00 00 00 00 D8 41 0D AA 00 00 00 00 00 00 00 00 00 00 00 00 00 00 00 00 00 00 00 00 00 00 00 00 00 00 00 00 00 00 00 00 00 00 00 00 00 00 00 00 4A 72 3B 9E 7E
[ 20696][16:43:05.858]7E FF 02 FF D8 B7 94 BC 31 01 3D 02 2C AF 02 21 00 49 00 15 02 01 00 00 8D DD 2E 4C 52 B8 79 01 90 5B 07 00 7D 61 6E CA 2A 00 00 05 46 46 54 C0 0A 00 00 00 00 00 00 00 00 00 00 04 00 0F 01 00 00 64 00 00 05 46 46 54 04 00 00 01 0A D0 02 78 00 3C 00 3C 00 06 0A 19 EB 19 32 50 FE 75 79 C0 DB 00 5C 33 00 44 17 32 00 00 00 00 63 00 A6 79 F3 25 00 00 00 00 07 10 03 10 49 10 2E 10 41 10 10 12 A4 10 E2 11 BA 10 B8 11 4C 11 0D 11 1F 12 75 11 6D 11 69 10 00 12 1B 12 E4 10 C7 11 44 11 94 10 AC 11 CE 11 01 12 64 11 A2 11 16 10 29 11 87 11 31 11 79 11 83 10 1F 10 08 10 0D 10 60 10 4F 10 09 10 E8 10 0C 10 88 10 EA 10 5A 11 27 11 74 10 4E 10 4B 10 73 11 1B 10 5B 11 FD 11 A0 11 B2 10 4A 10 4D 10 17 10 DF 11 3E 10 CA 10 73 10 0E 10 76 10 33 11 20 11 51 11 18 12 48 10 30 01 AB 00 C2 00 2E 01 A0 00 17 01 F4 00 22 00 77 00 BB 00 12 00 D9 00 0F 00 FC 00 7B 00 B4 00 7E 01 8E 00 E9 01 10 00 A9 00 50 01 0A 02 F1 80 88 13 00 01 DC 05 00 02 E8 03 00 03 00 03 98 00 50 00 23 02 84 00 7C 01 73 01 A3 00 05 02 28 01 48 01 49 01 3E 01 80 00 24 00 85 01 59 00 1F 01 43 01 C3 00 9E 01 B8 00 ED 00 03 01 F9 01 A7 81 88 13 00 01 E8 03 00 02 E8 03 00 03 E8 03 00 03 00 03 E8 03 00 03 E8 03 00 02 E8 03 00 03 00 00 00 00 00 00 00 00 00 00 00 00 00 00 00 00 00 00 00 00 00 00 00 00 00 00 00 00 00 00 00 00 00 00 00 00 00 00 00 00 00 00 00 00 00 00 00 00 00 00 00 00 00 00 00 00 00 00 00 00 00 00 00 00 00 00 00 00 00 00 00 00 00 00 00 00 00 00 00 00 00 00 00 00 00 00 00 00 00 00 00 00 00 00 00 00 00 00 00 00 00 00 00 00 00 00 00 00 00 00 00 00 00 00 00 00 00 00 00 00 00 00 00 00 00 00 00 00 00 00 00 00 00 00 00 00 00 00 00 00 00 00 00 00 00 00 00 00 00 00 00 00 00 00 00 00 E8 F5 DE B8 12 65 32 79 7E
[ 20697][16:43:06.008]7E FF 02 FF D9 B7 E2 BC 31 01 A2 01 16 85 46 21 00 49 00 14 01 01 00 01 EC A8 22 5F F0 FF 00 34 18 60 C3 00 50 E4 B7 F0 05 FF 2F 01 EE 00 00 C8 F0 11 00 00 D5 00 00 08 00 00 00 5F 10 00 11 01 23 01 00 00 13 00 00 90 98 01 63 01 02 31 46 8F 00 0A 01 87 01 13 00 46 00 00 00 01 30 FE FF FD FF FF FF FF FF FF FF FF 7F FF FF FF FF FF FF 03 11 10 06 05 05 06 05 09 11 06 07 07 03 07 06 06 07 07 05 07 05 06 06 08 07 06 05 0B 07 05 04 07 06 10 0F 07 05 07 07 03 04 06 06 07 07 07 06 07 07 06 06 07 07 06 07 07 07 06 07 0E 06 08 06 05 06 06 06 06 06 06 06 06 06 04 06 06 06 06 06 06 06 06 06 06 05 06 06 05 05 06 06 06 06 06 06 05 06 06 06 05 06 06 06 05 05 06 06 06 06 05 06 06 06 06 05 06 06 06 06 06 06 06 04 06 06 06 06 05 05 06 05 03 05 04 05 04 05 05 04 04 03 04 04 EC F9 D3 81 00 00 00 00 00 00 00 00 00 00 00 00 00 00 00 00 00 00 00 00 00 00 00 00 00 00 00 00 00 00 00 00 00 00 00 00 00 00 00 00 B0 44 35 DC 7E
[ 20698][16:43:06.262]7E FF 02 FF DA B7 05 BE 31 01 76 03 63 BB B5 21 00 49 00 10 00 01 00 03 EC A8 22 FA 01 96 0B 8D DD 2E 20 02 36 33 C6 99 32 9E A6 7E
[ 20699][16:43:06.726]7E FF 02 FF DB B7 AE BF 31 01 DD 01 2A AD 57 22 00 49 00 14 01 01 00 01 EC A8 22 48 F0 FF 00 34 18 60 C3 00 44 E4 4B 80 04 FF 2F 01 66 00 00 C8 90 11 00 00 D5 00 00 08 00 00 00 48 10 00 11 01 23 01 00 00 10 00 00 90 98 01 63 01 02 31 46 8F 00 09 01 87 01 13 00 46 00 00 00 01 30 FE FF FD FF FF FF FF FF FF FE FF FF FF FF FF FF FF FF 03 11 10 06 05 05 06 05 09 11 06 07 07 03 07 06 06 07 07 05 07 05 06 06 08 07 06 05 0B 07 05 04 07 06 10 0F 07 05 07 07 03 04 06 06 07 07 07 06 07 07 06 06 07 07 06 07 07 07 06 07 0E 06 08 06 05 06 06 06 06 06 06 06 06 04 06 06 06 06 06 06 06 06 06 06 05 06 06 05 05 06 06 06 06 06 06 06 05 06 06 06 05 06 06 06 05 05 06 06 06 06 05 06 06 06 06 05 06 06 06 06 06 06 06 04 06 06 06 06 05 05 06 05 03 05 04 05 04 05 05 04 04 03 04 04 83 81 E7 28 00 00 00 00 00 00 00 00 00 00 00 00 00 00 00 00 00 00 00 00 00 00 00 00 00 00 00 00 00 00 00 00 00 00 00 00 00 00 00 00 4E 8C 45 C7 7E
[ 20700][16:43:07.264]7E FF 02 FF DC B7 21 C2 31 01 37 02 C1 BE 20 23 00 44 01 14 01 01 00 01 EC A8 22 92 F0 FF 00 34 18 60 C3 00 84 E4 83 20 09 FF 2F 01 5F 00 00 BA 98 11 00 00 D5 00 00 08 00 00 00 92 10 00 11 01 10 01 00 00 04 00 00 90 98 01 63 00 02 64 64 81 00 0B 01 18 00 13 00 64 00 00 00 01 30 FE EF AD FD BE EF FF FF FF FF FF DF FF F7 FF 76 BF 9F 03 00 00 00 00 00 00 00 00 00 00 00 00 00 00 00 00 00 00 00 00 00 00 00 00 00 00 00 00 00 00 00 00 00 00 00 00 00 00 00 00 00 00 00 00 00 00 00 00 00 00 00 00 00 00 00 00 00 00 00 00 00 00 00 00 00 00 00 00 00 00 00 00 00 00 00 00 00 00 00 00 00 00 00 00 00 00 00 00 00 00 00 00 00 00 00 00 00 00 00 00 00 00 00 00 00 00 00 00 00 00 00 00 00 00 00 00 00 00 00 00 00 00 00 00 00 00 00 00 00 D3 D7 74 8D 00 00 00 00 00 00 00 00 00 00 00 00 00 00 00 00 00 00 00 00 00 00 00 00 00 00 00 00 00 00 00 00 00 00 00 00 00 00 00 00 00 00 00 00 00 00 00 00 00 00 00 00 00 00 76 28 FD 41 7E
[ 20701][16:43:07.983]7E FF 02 FF DD B7 A8 C4 31 01 A0 03 00 D7 3D 24 00 49 00 94 00 01 00 01 8D DD 2E 01 20 1A 01 16 15 B6 40 00 06 13 09 10 00 A2 01 03 C8 3E 00 34 88 FF 08 00 2A 00 00 00 00 05 46 46 54 22 03 23 23 12 47 05 00 00 00 00 00 00 00 1D 01 A2 01 DF 00 00 00 7D 1A 00 00 00 00 00 00 22 03 23 13 11 22 00 00 05 46 46 54 0A 01 01 42 01 00 01 01 29 A3 49 E3 E1 93 04 00 93 BC 44 26 00 00 00 00 00 00 00 00 00 00 00 00 00 00 00 00 00 00 00 00 00 00 00 00 00 00 00 00 00 00 00 00 00 00 00 00 00 00 00 00 00 00 00 00 00 00 00 00 CB DD 46 55 7E
[ 20702][16:43:08.088]7E FF 02 FF DE B7 15 C5 31 01 11 01 AF 2B 67 24 00 49 00 94 00 01 00 01 8D DD 2E 01 20 1A 01 16 15 B6 44 00 17 11 8D 10 00 A2 01 03 C8 3E 00 34 88 FF 08 00 2A 00 00 00 00 05 46 46 54 22 03 23 23 12 47 05 00 00 00 00 00 00 00 1D 01 A2 01 DF 00 00 00 7D 1A 00 00 00 00 00 00 22 03 23 13 11 22 00 00 05 46 46 54 0A 01 01 42 01 00 01 01 29 A3 49 E3 E1 93 04 00 93 BC 44 26 00 00 00 00 00 00 00 00 00 00 00 00 00 00 00 00 00 00 00 00 00 00 00 00 00 00 00 00 00 00 00 00 00 00 00 00 00 00 00 00 00 00 00 00 00 00 00 00 6A 7B 4A A3 7E
[ 20703][16:43:08.134]7E FF 02 FF DF B7 9F C5 31 01 63 03 E4 E4 75 24 00 49 00 94 00 01 00 01 8D DD 2E 01 20 1A 01 16 15 B6 44 00 17 11 8D 10 00 A2 01 03 C8 3E 00 34 88 FF 08 00 2A 00 00 00 00 05 46 46 54 22 03 23 23 12 47 05 00 00 00 00 00 00 00 1D 01 A2 01 DF 00 00 00 7D 1A 00 00 00 00 00 00 22 03 23 13 11 22 00 00 05 46 46 54 0A 01 01 42 01 00 01 01 29 A3 49 E3 E1 93 04 00 93 BC 44 26 00 00 00 00 00 00 00 00 00 00 00 00 00 00 00 00 00 00 00 00 00 00 00 00 00 00 00 00 00 00 00 00 00 00 00 00 00 00 00 00 00 00 00 00 00 00 00 00 52 48 65 F5 7E
[ 20704][16:43:08.134]7E FF 02 FF E0 B7 BA C5 31 01 FA 02 0C 2F 80 24 00 49 00 10 00 01 00 02 8D DD 2E 10 01 D0 10 01 02 06 00 00 29 CB B0 D1 44 C1 FD 7E
[ 20705][16:43:08.149]7E FF 02 FF E1 B7 66 C5 31 01 D9 02 1C 45 86 24 00 49 00 10 00 01 00 03 EC A8 22 FA 01 35 04 8D DD 2E 20 02 C5 8E D2 1C D1 2E 82 7E
[ 20706][16:43:08.179]7E FF 02 FF E2 B7 70 C5 31 01 DF 02 04 10 8A 24 00 49 00 94 00 01 00 01 8D DD 2E 01 D0 10 00 16 15 B6 40 00 E2 BF B3 10 00 CF 01 0A DA 3E 00 34 88 FF 00 00 2A 00 00 01 00 00 00 20 11 05 01 92 71 00 00 05 46 46 54 01 00 00 50 CF 01 01 01 2B A3 38 29 00 7D 00 00 52 00 00 00 01 00 00 00 00 00 00 00 00 00 00 00 00 00 00 00 08 8D B7 4B 00 00 00 00 00 00 00 00 00 00 00 00 00 00 00 00 00 00 00 00 00 00 00 00 00 00 00 00 00 00 00 00 00 00 00 00 00 00 00 00 00 00 00 00 00 00 00 00 00 00 00 00 00 00 00 00 00 00 00 00 E8 93 D5 E8 7E
[ 20707][16:43:08.194]7E FF 02 FF E3 B7 8A C5 31 01 F7 01 9C E9 93 24 00 49 00 10 00 01 00 02 8D DD 2E 01 01 E0 1E 01 00 06 00 00 14 09 68 5D F6 10 42 7E
[ 20708][16:43:08.194]7E FF 02 FF E4 B7 F5 C5 31 01 28 01 FB 81 96 24 00 49 00 10 00 01 00 02 8D DD 2E 10 01 E0 02 01 02 06 00 00 20 6E 70 1F CC 6A 01 7E
[ 20709][16:43:08.254]7E FF 02 FF E5 B7 CA C5 31 01 BB 00 B4 35 AC 24 00 49 00 10 00 01 00 02 8D DD 2E 01 01 E0 1E 01 00 07 00 00 15 19 AC 87 02 78 4B 7E
[ 20710][16:43:08.269]7E FF 02 FF E6 B7 DA C5 31 01 7B 02 3A 7B B2 24 00 49 00 10 00 01 00 02 8D DD 2E 10 01 E0 1E 01 00 07 00 00 07 19 30 8A 6F 54 B6 7E
[ 20711][16:43:08.328]7E FF 02 FF E7 B7 61 C6 31 01 CC 01 CA BE BF 24 00 49 00 94 00 01 00 01 8D DD 2E 01 E0 1E 00 16 15 B6 40 00 A1 47 30 10 00 EE 01 0A DC 3E 00 34 88 FF 00 00 2A 00 00 01 00 00 00 00 15 79 55 41 41 00 00 05 46 46 54 01 00 00 50 EE 01 01 01 2B A3 38 29 00 7D 00 00 23 00 00 00 01 00 00 00 00 00 00 00 00 00 00 00 00 00 00 00 CE C6 0B 4E 00 00 00 00 00 00 00 00 00 00 00 00 00 00 00 00 00 00 00 00 00 00 00 00 00 00 00 00 00 00 00 00 00 00 00 00 00 00 00 00 00 00 00 00 00 00 00 00 00 00 00 00 00 00 00 00 00 00 00 00 DB 36 51 6A 7E
[ 20712][16:43:08.343]7E FF 02 FF E8 B7 21 C6 31 01 96 01 7E 7A CD 24 00 49 00 10 00 01 00 02 8D DD 2E 10 01 20 1E 01 03 07 00 00 07 1F 28 A2 4B 44 7C 7E
[ 20713][16:43:08.509]7E FF 02 FF E9 B7 B3 C6 31 01 74 02 4E 3C 05 25 00 49 00 94 00 01 00 01 8D DD 2E 01 E0 02 01 16 15 B6 40 00 06 D3 12 10 00 2E 00 03 D0 3E 00 34 88 FF 08 00 2A 00 00 00 00 05 46 46 54 00 00 59 04 27 43 04 00 00 00 00 01 01 00 CB 01 73 00 2A 00 00 00 7E 1A 00 00 00 00 00 00 00 19 01 15 00 17 00 00 05 46 46 54 01 00 00 00 A4 00 01 01 2B A3 38 29 00 7D 00 00 BB 2B CA FB 00 00 00 00 00 00 00 00 00 00 00 00 00 00 00 00 00 00 00 00 00 00 00 00 00 00 00 00 00 00 00 00 00 00 00 00 00 00 00 00 00 00 00 00 00 00 00 00 86 8C 72 7E 7E
[ 20714][16:43:08.509]7E FF 02 FF EA B7 2E C7 31 01 71 03 00 21 0E 25 00 49 00 10 00 01 00 02 8D DD 2E 10 01 C0 14 01 02 07 00 00 AC EA F2 D7 03 19 DF 7E
[ 20715][16:43:08.554]7E FF 02 FF EB B7 F0 C6 31 01 DB 02 2C 8D 1C 25 00 49 00 54 00 01 00 01 8D DD 2E 01 E0 02 03 5B 13 60 E0 00 4A 22 17 10 00 1D 00 03 D2 3E 30 10 88 FF 00 00 2A 00 00 11 08 00 00 01 03 01 00 E1 50 62 75 64 79 15 00 B4 B1 88 46 00 00 00 00 00 00 00 00 00 00 00 00 00 00 00 00 00 00 00 00 00 00 00 00 00 00 00 00 00 00 00 00 33 BD CB F3 7E
[ 20716][16:43:08.569]7E FF 02 FF EC B7 01 C7 31 01 01 02 A6 F2 22 25 00 49 00 54 00 01 00 01 8D DD 2E 01 E0 02 03 5B 13 60 E0 00 4A 22 17 10 00 A9 00 03 D3 3E 30 10 88 FF 00 00 2A 00 00 11 08 00 00 01 03 01 00 E9 50 87 41 61 79 15 00 44 CE 9B B0 00 00 00 00 00 00 00 00 00 00 00 00 00 00 00 00 00 00 00 00 00 00 00 00 00 00 00 00 00 00 00 00 BB B1 E5 FA 7E
[ 20717][16:43:08.599]7E FF 02 FF ED B7 17 C7 31 01 7B 03 DB 7B 2B 25 00 49 00 54 00 01 00 01 8D DD 2E 01 E0 02 03 5B 13 60 E0 00 4A 22 17 10 00 5C 00 03 D4 3E 30 10 88 FF 00 00 2A 00 00 11 08 00 00 01 03 01 00 E1 52 97 64 60 79 15 00 52 01 AA 46 00 00 00 00 00 00 00 00 00 00 00 00 00 00 00 00 00 00 00 00 00 00 00 00 00 00 00 00 00 00 00 00 F4 66 74 29 7E
[ 20718][16:43:08.659]7E FF 02 FF EE B7 51 C7 31 01 7B 01 27 6A 41 25 00 49 00 54 00 01 00 01 8D DD 2E 01 E0 02 03 5B 13 60 E4 00 5B 20 93 10 00 5C 00 03 D4 3E 30 10 88 FF 00 00 2A 00 00 11 08 00 00 01 03 01 00 E1 52 97 64 60 79 15 00 52 01 AA 46 00 00 00 00 00 00 00 00 00 00 00 00 00 00 00 00 00 00 00 00 00 00 00 00 00 00 00 00 00 00 00 00 75 F7 5F EC 7E
[ 20719][16:43:08.704]7E FF 02 FF EF B7 77 C7 31 01 4F 00 17 CC 4F 25 00 49 00 94 00 01 00 01 8D DD 2E 01 E0 02 03 29 14 88 50 00 0B A4 D0 10 00 81 00 03 DB 3E 30 10 88 FF 00 00 2A 00 00 11 08 00 00 01 43 00 00 A6 50 56 61 55 79 15 00 AC E3 46 1E 00 00 00 00 00 00 00 00 00 00 00 00 00 00 00 00 00 00 00 00 00 00 00 00 00 00 00 00 00 00 00 00 00 00 00 00 00 00 00 00 00 00 00 00 00 00 00 00 00 00 00 00 00 00 00 00 00 00 00 00 00 00 00 00 00 00 00 00 00 00 00 00 00 00 00 00 00 00 00 00 00 00 00 00 00 00 00 00 00 00 00 00 00 00 00 00 B9 7E 89 4D 7E
[ 20720][16:43:08.736]7E FF 02 FF F0 B7 F4 C7 31 01 9A 03 DE A6 59 25 00 49 00 94 00 01 00 01 8D DD 2E 01 F0 FF 01 C8 14 B6 42 00 54 6D 1F 10 00 FF 2F 05 DE 3E 00 36 88 11 00 00 2A 00 00 01 00 00 00 22 03 23 13 10 85 00 00 05 46 46 54 0A 01 00 42 01 00 01 01 38 02 30 5D E1 93 04 00 E0 41 41 E3 80 1A 00 00 00 00 00 00 01 00 00 00 02 00 00 00 FC 11 8B 39 38 CC 00 00 00 00 00 00 00 00 00 00 00 00 00 00 00 00 00 00 00 00 00 00 00 00 00 00 00 00 00 00 00 00 00 00 00 00 00 00 00 00 00 00 00 00 00 00 00 00 00 00 00 00 00 00 00 00 00 00 D5 C8 D3 59 7E
[ 20721][16:43:08.764]7E FF 02 FF F1 B7 0F C8 31 01 62 03 26 EE 63 25 00 49 00 94 00 01 00 01 8D DD 2E 01 F0 FF 01 C8 14 B6 46 00 45 6F 9B 10 00 FF 2F 05 DE 3E 00 36 88 11 00 00 2A 00 00 01 00 00 00 22 03 23 13 10 85 00 00 05 46 46 54 0A 01 00 42 01 00 01 01 38 02 30 5D E1 93 04 00 E0 41 41 E3 80 1A 00 00 00 00 00 00 01 00 00 00 02 00 00 00 FC 11 8B 39 38 CC 00 00 00 00 00 00 00 00 00 00 00 00 00 00 00 00 00 00 00 00 00 00 00 00 00 00 00 00 00 00 00 00 00 00 00 00 00 00 00 00 00 00 00 00 00 00 00 00 00 00 00 00 00 00 00 00 00 00 BD C4 10 4B 7E
[ 20722][16:43:08.779]7E FF 02 FF F2 B7 C1 C7 31 01 7C 02 61 3C 6C 25 00 49 00 94 00 01 00 01 8D DD 2E 01 F0 FF 01 C8 14 B6 46 00 45 6F 9B 10 00 FF 2F 05 DE 3E 00 36 88 11 00 00 2A 00 00 01 00 00 00 22 03 23 13 10 85 00 00 05 46 46 54 0A 01 00 42 01 00 01 01 38 02 30 5D E1 93 04 00 E0 41 41 E3 80 1A 00 00 00 00 00 00 01 00 00 00 02 00 00 00 FC 11 8B 39 38 CC 00 00 00 00 00 00 00 00 00 00 00 00 00 00 00 00 00 00 00 00 00 00 00 00 00 00 00 00 00 00 00 00 00 00 00 00 00 00 00 00 00 00 00 00 00 00 00 00 00 00 00 00 00 00 00 00 00 00 E9 9A B9 0C 7E
[ 20723][16:43:08.810]7E FF 02 FF F3 B7 DB C7 31 01 73 02 03 26 76 25 00 49 00 94 00 01 00 01 8D DD 2E 01 F0 FF 01 C8 14 B6 46 00 45 6F 9B 10 00 FF 2F 05 DE 3E 00 36 88 11 00 00 2A 00 00 01 00 00 00 22 03 23 13 10 85 00 00 05 46 46 54 0A 01 00 42 01 00 01 01 38 02 30 5D E1 93 04 00 E0 41 41 E3 80 1A 00 00 00 00 00 00 01 00 00 00 02 00 00 00 FC 11 8B 39 38 CC 00 00 00 00 00 00 00 00 00 00 00 00 00 00 00 00 00 00 00 00 00 00 00 00 00 00 00 00 00 00 00 00 00 00 00 00 00 00 00 00 00 00 00 00 00 00 00 00 00 00 00 00 00 00 00 00 00 00 52 4F 0E 89 7E
[ 20724][16:43:08.810]7E FF 02 FF F4 B7 5B C8 31 01 10 02 0A D1 80 25 00 49 00 10 00 01 00 02 8D DD 2E 01 01 E0 1E 01 00 02 00 00 16 49 60 DB A2 89 D7 7E
[ 20725][16:43:08.825]7E FF 02 FF F5 B7 6D C8 31 01 CF 01 24 A9 87 25 00 49 00 10 00 01 00 02 8D DD 2E 10 01 E0 1E 01 00 02 00 00 04 49 FC 0D 18 4F 88 7E
[ 20726][16:43:08.855]7E FF 02 FF F6 B7 71 C8 31 01 81 01 B7 21 89 25 00 49 00 94 00 01 00 01 8D DD 2E 01 F0 FF 01 C8 14 B6 46 00 45 6F 9B 10 00 FF 2F 05 DE 3E 00 36 88 11 00 00 2A 00 00 01 00 00 00 22 03 23 13 10 85 00 00 05 46 46 54 0A 01 00 42 01 00 01 01 38 02 30 5D E1 93 04 00 E0 41 41 E3 80 1A 00 00 00 00 00 00 01 00 00 00 02 00 00 00 FC 11 8B 39 38 CC 00 00 00 00 00 00 00 00 00 00 00 00 00 00 00 00 00 00 00 00 00 00 00 00 00 00 00 00 00 00 00 00 00 00 00 00 00 00 00 00 00 00 00 00 00 00 00 00 00 00 00 00 00 00 00 00 00 00 98 B9 A2 AA 7E
[ 20727][16:43:08.855]7E FF 02 FF F7 B7 23 C8 31 01 2A 03 72 B5 91 25 00 49 00 10 00 01 00 02 8D DD 2E 10 01 80 02 01 03 02 00 00 2B 0D F0 33 64 6A 91 7E
[ 20728][16:43:08.900]7E FF 02 FF F8 B7 35 C8 31 01 B4 02 87 81 98 25 00 49 00 94 00 01 00 01 8D DD 2E 01 E0 1E 00 16 15 B6 40 00 A1 47 30 10 00 EE 01 0A DF 3E 00 34 88 FF 00 00 2A 00 00 01 00 00 00 00 15 79 45 48 51 00 00 05 46 46 54 01 00 00 50 EE 01 01 01 2B A3 38 29 00 7D 00 00 0A 00 00 00 01 00 00 00 00 00 00 00 00 00 00 00 00 00 00 00 7A 5F 86 9F 00 00 00 00 00 00 00 00 00 00 00 00 00 00 00 00 00 00 00 00 00 00 00 00 00 00 00 00 00 00 00 00 00 00 00 00 00 00 00 00 00 00 00 00 00 00 00 00 00 00 00 00 00 00 00 00 00 00 00 00 1B FB 51 36 7E
[ 20729][16:43:08.946]7E FF 02 FF F9 B7 C6 C8 31 01 0C 02 1A 9C A9 25 00 49 00 94 00 01 00 01 8D DD 2E 01 E0 1E 00 16 15 B6 44 00 B0 45 B4 10 00 EE 01 0A DF 3E 00 34 88 FF 00 00 2A 00 00 01 00 00 00 00 15 79 45 48 51 00 00 05 46 46 54 01 00 00 50 EE 01 01 01 2B A3 38 29 00 7D 00 00 0A 00 00 00 01 00 00 00 00 00 00 00 00 00 00 00 00 00 00 00 7A 5F 86 9F 00 00 00 00 00 00 00 00 00 00 00 00 00 00 00 00 00 00 00 00 00 00 00 00 00 00 00 00 00 00 00 00 00 00 00 00 00 00 00 00 00 00 00 00 00 00 00 00 00 00 00 00 00 00 00 00 00 00 00 00 15 41 72 07 7E
[ 20730][16:43:08.961]7E FF 02 FF FA B7 79 C8 31 01 01 01 2A 48 B2 25 00 49 00 94 00 01 00 01 8D DD 2E 01 20 1E 03 29 14 88 50 00 2B E0 4F 10 00 A7 00 03 DD 3E 30 10 88 FF 00 00 2A 00 00 11 08 00 00 01 03 01 00 57 52 04 86 60 79 15 00 20 2E D5 9F 00 00 00 00 00 00 00 00 00 00 00 00 00 00 00 00 00 00 00 00 00 00 00 00 00 00 00 00 00 00 00 00 00 00 00 00 00 00 00 00 00 00 00 00 00 00 00 00 00 00 00 00 00 00 00 00 00 00 00 00 00 00 00 00 00 00 00 00 00 00 00 00 00 00 00 00 00 00 00 00 00 00 00 00 00 00 00 00 00 00 00 00 00 00 00 00 6B 39 0A 8D 7E
[ 20731][16:43:08.991]7E FF 02 FF FB B7 9E C8 31 01 2C 03 5B 9B C0 25 00 49 00 94 00 01 00 01 8D DD 2E 01 20 1E 03 29 14 88 54 00 3A E2 CB 10 00 A7 00 03 DD 3E 30 10 88 FF 00 00 2A 00 00 11 08 00 00 01 03 01 00 57 52 04 86 60 79 15 00 20 2E D5 9F 00 00 00 00 00 00 00 00 00 00 00 00 00 00 00 00 00 00 00 00 00 00 00 00 00 00 00 00 00 00 00 00 00 00 00 00 00 00 00 00 00 00 00 00 00 00 00 00 00 00 00 00 00 00 00 00 00 00 00 00 00 00 00 00 00 00 00 00 00 00 00 00 00 00 00 00 00 00 00 00 00 00 00 00 00 00 00 00 00 00 00 00 00 00 00 00 83 D0 2C DF 7E
[ 20732][16:43:09.007]7E FF 02 FF FC B7 1B C9 31 01 0D 00 CA DC C9 25 00 49 00 10 00 01 00 02 8D DD 2E 10 01 00 00 01 01 01 00 00 AA 29 E6 5B DC 23 67 7E
[ 20733][16:43:09.081]7E FF 02 FF FD B7 EA C8 31 01 FD 00 F7 62 DD 25 00 49 00 94 00 01 00 01 8D DD 2E 01 F0 FF 00 C8 14 B6 42 00 15 65 BA 10 00 FF 2F 0A E1 3E 00 34 88 11 00 00 2A 00 00 01 00 00 00 00 15 79 56 45 09 00 00 05 46 46 54 01 00 00 00 01 00 01 01 2B A3 38 29 00 7D 00 00 88 00 00 00 01 00 00 00 00 00 00 00 00 00 00 00 00 00 00 00 5A 53 9A F2 00 00 00 00 00 00 00 00 00 00 00 00 00 00 00 00 00 00 00 00 00 00 00 00 00 00 00 00 00 00 00 00 00 00 00 00 00 00 00 00 00 00 00 00 00 00 00 00 00 00 00 00 00 00 00 00 00 00 00 00 37 50 59 1E 7E
[ 20734][16:43:09.126]7E FF 02 FF FE B7 7A C9 31 01 8E 03 FD 6C EE 25 00 49 00 94 00 01 00 01 8D DD 2E 01 F0 FF 00 C8 14 B6 46 00 04 67 3E 10 00 FF 2F 0A E1 3E 00 34 88 11 00 00 2A 00 00 01 00 00 00 00 15 79 56 45 09 00 00 05 46 46 54 01 00 00 00 01 00 01 01 2B A3 38 29 00 7D 00 00 88 00 00 00 01 00 00 00 00 00 00 00 00 00 00 00 00 00 00 00 5A 53 9A F2 00 00 00 00 00 00 00 00 00 00 00 00 00 00 00 00 00 00 00 00 00 00 00 00 00 00 00 00 00 00 00 00 00 00 00 00 00 00 00 00 00 00 00 00 00 00 00 00 00 00 00 00 00 00 00 00 00 00 00 00 F5 2B 33 43 7E
[ 20735][16:43:09.126]7E FF 02 FF FF B7 95 C9 31 01 18 01 E7 80 F8 25 00 49 00 10 00 01 00 02 8D DD 2E 10 01 E0 1E 01 01 02 00 00 15 09 78 FE 64 56 4B 7E
[ 20736][16:43:09.156]7E FF 02 FF 00 B8 99 C9 31 01 20 00 F9 E9 F9 25 00 49 00 94 00 01 00 01 8D DD 2E 01 F0 FF 00 C8 14 B6 46 00 04 67 3E 10 00 FF 2F 0A E1 3E 00 34 88 11 00 00 2A 00 00 01 00 00 00 00 15 79 56 45 09 00 00 05 46 46 54 01 00 00 00 01 00 01 01 2B A3 38 29 00 7D 00 00 88 00 00 00 01 00 00 00 00 00 00 00 00 00 00 00 00 00 00 00 5A 53 9A F2 00 00 00 00 00 00 00 00 00 00 00 00 00 00 00 00 00 00 00 00 00 00 00 00 00 00 00 00 00 00 00 00 00 00 00 00 00 00 00 00 00 00 00 00 00 00 00 00 00 00 00 00 00 00 00 00 00 00 00 00 CE 61 9F CD 7E
[ 20737][16:43:09.276]7E FF 02 FF 01 B8 AB C9 31 01 3C 00 47 EF 26 26 00 3B 02 15 01 01 00 00 EC A8 22 2A 67 A3 62 01 B0 B0 02 00 4B DB FB CA D5 00 00 90 98 01 63 1D 01 00 00 20 02 00 00 00 00 00 00 05 00 0F 01 00 00 64 00 00 90 98 01 63 04 00 00 01 0A 90 01 7F 01 3C 00 3C 00 06 0A A3 07 00 00 14 D1 9D 62 C0 49 00 13 33 00 06 17 32 00 00 00 00 F8 DD A1 62 40 25 00 00 17 00 02 10 09 10 23 10 24 10 3D 10 1D 10 90 00 91 00 17 00 16 00 1F 00 26 00 07 00 14 00 20 00 29 00 1C 00 05 00 0D 80 64 19 00 01 F4 01 00 02 D0 07 00 03 03 04 5A 05 7B 00 7C 00 7E 00 7F 00 80 00 81 00 83 00 84 00 85 00 87 00 89 00 8A 00 8D 00 82 00 8C 00 8E 00 88 00 7D 00 86 00 8B 00 8F 00 90 00 91 00 17 00 1D 00 2C 00 2A 00 1B 00 08 00 0C 00 06 80 04 29 00 01 F4 01 00 02 C4 09 00 03 03 04 32 05 57 00 58 00 59 00 5A 00 5B 00 5C 00 5D 00 5E 00 5F 00 60 00 61 00 62 00 63 00 64 00 65 80 1C 25 00 01 F4 01 00 02 DC 05 00 03 03 04 32 05 50 93 00 76 A1 76 E6 E1 7E
[ 20738][16:43:09.305]7E FF 02 FF 02 B8 C0 C9 31 01 73 00 C7 F7 2E 26 00 3E 02 15 01 01 00 00 EC A8 22 A9 6F AB 62 01 B0 B0 04 00 8A D9 AA CA D5 00 00 90 98 01 63 1D 01 00 00 20 02 00 00 00 00 00 00 05 00 0F 01 00 00 64 00 00 90 98 01 63 04 00 00 01 0A 90 01 7F 01 3C 00 3C 00 06 0A A3 07 00 00 14 D1 9D 62 C0 49 00 13 33 00 06 17 32 00 00 00 00 F8 DD A1 62 40 25 00 00 17 00 02 10 09 10 23 10 24 10 3D 10 1D 10 90 00 91 00 17 00 16 00 1F 00 26 00 07 00 14 00 20 00 29 00 1C 00 05 00 0D 80 64 19 00 01 F4 01 00 02 D0 07 00 03 03 04 5A 05 7B 00 7C 00 7E 00 7F 00 80 00 81 00 83 00 84 00 85 00 87 00 89 00 8A 00 8D 00 82 00 8C 00 8E 00 88 00 7D 00 86 00 8B 00 8F 00 90 00 91 00 17 00 1D 00 2C 00 2A 00 1B 00 08 00 0C 00 06 80 04 29 00 01 F4 01 00 02 C4 09 00 03 03 04 32 05 57 00 58 00 59 00 5A 00 5B 00 5C 00 5D 00 5E 00 5F 00 60 00 61 00 62 00 63 00 64 00 65 80 1C 25 00 01 F4 01 00 02 DC 05 00 03 03 04 32 05 50 93 00 76 4E 60 ED 80 7E
[ 20739][16:43:09.336]7E FF 02 FF 03 B8 D7 C9 31 01 CF 00 64 C6 37 26 00 3F 02 15 01 01 00 00 EC A8 22 47 3E B4 62 01 B0 B0 06 00 FD 7C 92 CA D5 00 00 90 98 01 63 1D 01 00 00 20 02 00 00 00 00 00 00 05 00 0F 01 00 00 64 00 00 90 98 01 63 04 00 00 01 0A 90 01 7F 01 3C 00 3C 00 06 0A A3 07 00 00 14 D1 9D 62 C0 49 00 13 33 00 06 17 32 00 00 00 00 F8 DD A1 62 40 25 00 00 17 00 02 10 09 10 23 10 24 10 3D 10 1D 10 90 00 91 00 17 00 16 00 1F 00 26 00 07 00 14 00 20 00 29 00 1C 00 05 00 0D 80 64 19 00 01 F4 01 00 02 D0 07 00 03 03 04 5A 05 7B 00 7C 00 7E 00 7F 00 80 00 81 00 83 00 84 00 85 00 87 00 89 00 8A 00 8D 00 82 00 8C 00 8E 00 88 00 7D 00 86 00 8B 00 8F 00 90 00 91 00 17 00 1D 00 2C 00 2A 00 1B 00 08 00 0C 00 06 80 04 29 00 01 F4 01 00 02 C4 09 00 03 03 04 32 05 57 00 58 00 59 00 5A 00 5B 00 5C 00 5D 00 5E 00 5F 00 60 00 61 00 62 00 63 00 64 00 65 80 1C 25 00 01 F4 01 00 02 DC 05 00 03 03 04 32 05 50 93 00 76 4C 9A 1B 5E 7E
[ 20740][16:43:09.366]7E FF 02 FF 04 B8 51 CA 31 01 54 00 44 1F 40 26 00 49 00 15 01 01 00 00 EC A8 22 77 98 BC 62 02 B0 B0 04 00 22 07 9F C9 D5 00 00 90 98 01 63 1D 01 00 00 20 02 00 00 00 00 00 00 05 00 0F 02 10 00 42 01 18 01 00 00 03 12 02 02 01 0A 90 01 7F 01 3C 00 3C 00 06 0A A3 07 00 00 14 D1 9D 62 C0 49 00 13 33 00 06 17 32 00 00 00 00 F8 DD A1 62 40 25 00 00 17 00 02 10 09 10 23 10 24 10 3D 10 1D 10 90 00 91 00 17 00 16 00 1F 00 26 00 07 00 14 00 20 00 29 00 1C 00 05 00 0D 80 64 19 00 01 F4 01 00 02 D0 07 00 03 03 04 5A 05 7B 00 7C 00 7E 00 7F 00 80 00 81 00 83 00 84 00 85 00 87 00 89 00 8A 00 8D 00 82 00 8C 00 8E 00 88 00 7D 00 86 00 8B 00 8F 00 90 00 91 00 17 00 1D 00 2C 00 2A 00 1B 00 08 00 0C 00 06 80 04 29 00 01 F4 01 00 02 C4 09 00 03 03 04 32 05 57 00 58 00 59 00 5A 00 5B 00 5C 00 5D 00 5E 00 5F 00 60 00 61 00 62 00 63 00 64 00 65 80 1C 25 00 01 F4 01 00 02 DC 05 00 03 03 04 32 05 14 35 2C 1C 50 07 C0 6C 7E
[ 20741][16:43:09.381]7E FF 02 FF 05 B8 5B CA 31 01 95 03 9B 41 44 26 00 49 00 94 00 01 00 01 8D DD 2E 01 F0 FF 00 C8 14 B6 46 00 04 67 3E 10 00 FF 2F 0A E1 3E 00 34 88 11 00 00 2A 00 00 01 00 00 00 00 15 79 56 45 09 00 00 05 46 46 54 01 00 00 00 01 00 01 01 2B A3 38 29 00 7D 00 00 88 00 00 00 01 00 00 00 00 00 00 00 00 00 00 00 00 00 00 00 5A 53 9A F2 00 00 00 00 00 00 00 00 00 00 00 00 00 00 00 00 00 00 00 00 00 00 00 00 00 00 00 00 00 00 00 00 00 00 00 00 00 00 00 00 00 00 00 00 00 00 00 00 00 00 00 00 00 00 00 00 00 00 00 00 4D FA 53 2C 7E
[ 20742][16:43:09.411]7E FF 02 FF 06 B8 68 CA 31 01 4E 00 85 E5 48 26 00 49 01 15 01 01 00 00 EC A8 22 A4 5E C5 62 09 B0 B0 02 00 E5 42 B3 C9 D5 00 00 90 98 01 63 1D 01 00 00 20 02 00 00 00 00 00 00 05 00 0F 09 10 00 44 01 21 01 00 00 19 12 02 01 01 0A 90 01 7F 01 3C 00 3C 00 06 0A A3 07 00 00 14 D1 9D 62 C0 49 00 13 33 00 06 17 32 00 00 00 00 F8 DD A1 62 40 25 00 00 17 00 02 10 09 10 23 10 24 10 3D 10 1D 10 90 00 91 00 17 00 16 00 1F 00 26 00 07 00 14 00 20 00 29 00 1C 00 05 00 0D 80 64 19 00 01 F4 01 00 02 D0 07 00 03 03 04 5A 05 7B 00 7C 00 7E 00 7F 00 80 00 81 00 83 00 84 00 85 00 87 00 89 00 8A 00 8D 00 82 00 8C 00 8E 00 88 00 7D 00 86 00 8B 00 8F 00 90 00 91 00 17 00 1D 00 2C 00 2A 00 1B 00 08 00 0C 00 06 80 04 29 00 01 F4 01 00 02 C4 09 00 03 03 04 32 05 57 00 58 00 59 00 5A 00 5B 00 5C 00 5D 00 5E 00 5F 00 60 00 61 00 62 00 63 00 64 00 65 80 1C 25 00 01 F4 01 00 02 DC 05 00 03 03 04 32 05 EC 63 5E 9B FD DC F0 15 7E
[ 20743][16:43:09.411]7E FF 02 FF 07 B8 24 CA 31 01 A2 01 66 3A 55 26 00 49 00 94 00 01 00 01 8D DD 2E 01 F0 FF 00 C8 14 B6 46 00 04 67 3E 10 00 FF 2F 0A E1 3E 00 34 88 11 00 00 2A 00 00 01 00 00 00 00 15 79 56 45 09 00 00 05 46 46 54 01 00 00 00 01 00 01 01 2B A3 38 29 00 7D 00 00 88 00 00 00 01 00 00 00 00 00 00 00 00 00 00 00 00 00 00 00 5A 53 9A F2 00 00 00 00 00 00 00 00 00 00 00 00 00 00 00 00 00 00 00 00 00 00 00 00 00 00 00 00 00 00 00 00 00 00 00 00 00 00 00 00 00 00 00 00 00 00 00 00 00 00 00 00 00 00 00 00 00 00 00 00 E1 EC 75 93 7E
[ 20744][16:43:09.441]7E FF 02 FF 08 B8 32 CA 31 01 81 00 7B 75 5A 26 00 49 00 15 01 01 00 00 EC A8 22 9A EE D6 62 24 B0 B0 02 00 B6 DC 15 C9 D5 00 00 90 98 01 63 1D 01 00 00 20 02 00 00 00 00 00 00 05 00 0F 24 10 00 44 01 23 01 00 00 06 12 02 01 01 0A 90 01 7F 01 3C 00 3C 00 06 0A A3 07 00 00 14 D1 9D 62 C0 49 00 13 33 00 06 17 32 00 00 00 00 F8 DD A1 62 40 25 00 00 17 00 02 10 09 10 23 10 24 10 3D 10 1D 10 90 00 91 00 17 00 16 00 1F 00 26 00 07 00 14 00 20 00 29 00 1C 00 05 00 0D 80 64 19 00 01 F4 01 00 02 D0 07 00 03 03 04 5A 05 7B 00 7C 00 7E 00 7F 00 80 00 81 00 83 00 84 00 85 00 87 00 89 00 8A 00 8D 00 82 00 8C 00 8E 00 88 00 7D 00 86 00 8B 00 8F 00 90 00 91 00 17 00 1D 00 2C 00 2A 00 1B 00 08 00 0C 00 06 80 04 29 00 01 F4 01 00 02 C4 09 00 03 03 04 32 05 57 00 58 00 59 00 5A 00 5B 00 5C 00 5D 00 5E 00 5F 00 60 00 61 00 62 00 63 00 64 00 65 80 1C 25 00 01 F4 01 00 02 DC 05 00 03 03 04 32 05 5C 12 FB ED BA 33 D7 70 7E
[ 20745][16:43:09.456]7E FF 02 FF 09 B8 A3 CA 31 01 C3 03 37 BD 5F 26 00 49 00 94 00 01 00 01 8D DD 2E 01 F0 FF 00 C8 14 B6 46 00 04 67 3E 10 00 FF 2F 0A E1 3E 00 34 88 11 00 00 2A 00 00 01 00 00 00 00 15 79 56 45 09 00 00 05 46 46 54 01 00 00 00 01 00 01 01 2B A3 38 29 00 7D 00 00 88 00 00 00 01 00 00 00 00 00 00 00 00 00 00 00 00 00 00 00 5A 53 9A F2 00 00 00 00 00 00 00 00 00 00 00 00 00 00 00 00 00 00 00 00 00 00 00 00 00 00 00 00 00 00 00 00 00 00 00 00 00 00 00 00 00 00 00 00 00 00 00 00 00 00 00 00 00 00 00 00 00 00 00 00 37 AB 8C E6 7E
[ 20746][16:43:09.471]7E FF 02 FF 0A B8 B7 CA 31 01 CF 01 25 2D 67 26 00 49 00 94 00 01 00 01 8D DD 2E 01 F0 FF 00 C8 14 B6 46 00 04 67 3E 10 00 FF 2F 0A E1 3E 00 34 88 11 00 00 2A 00 00 01 00 00 00 00 15 79 56 45 09 00 00 05 46 46 54 01 00 00 00 01 00 01 01 2B A3 38 29 00 7D 00 00 88 00 00 00 01 00 00 00 00 00 00 00 00 00 00 00 00 00 00 00 5A 53 9A F2 00 00 00 00 00 00 00 00 00 00 00 00 00 00 00 00 00 00 00 00 00 00 00 00 00 00 00 00 00 00 00 00 00 00 00 00 00 00 00 00 00 00 00 00 00 00 00 00 00 00 00 00 00 00 00 00 00 00 00 00 C7 F5 00 8D 7E
[ 20747][16:43:09.503]7E FF 02 FF 0B B8 C4 CA 31 01 48 00 F3 FC 6B 26 00 49 01 15 01 01 00 00 EC A8 22 86 77 E8 62 1D B0 B0 04 00 B0 E4 22 C9 D5 00 00 90 98 01 63 1D 01 00 00 20 02 00 00 00 00 00 00 05 00 0F 1D 30 02 3E 01 19 01 00 00 01 22 05 02 01 0A 90 01 7F 01 3C 00 3C 00 06 0A A3 07 00 00 14 D1 9D 62 C0 49 00 13 33 00 06 17 32 00 00 00 00 F8 DD A1 62 40 25 00 00 17 00 02 10 09 10 23 10 24 10 3D 10 1D 10 90 00 91 00 17 00 16 00 1F 00 26 00 07 00 14 00 20 00 29 00 1C 00 05 00 0D 80 64 19 00 01 F4 01 00 02 D0 07 00 03 03 04 5A 05 7B 00 7C 00 7E 00 7F 00 80 00 81 00 83 00 84 00 85 00 87 00 89 00 8A 00 8D 00 82 00 8C 00 8E 00 88 00 7D 00 86 00 8B 00 8F 00 90 00 91 00 17 00 1D 00 2C 00 2A 00 1B 00 08 00 0C 00 06 80 04 29 00 01 F4 01 00 02 C4 09 00 03 03 04 32 05 57 00 58 00 59 00 5A 00 5B 00 5C 00 5D 00 5E 00 5F 00 60 00 61 00 62 00 63 00 64 00 65 80 1C 25 00 01 F4 01 00 02 DC 05 00 03 03 04 32 05 A0 83 F3 A1 3D 48 48 68 7E
[ 20748][16:43:09.518]7E FF 02 FF 0C B8 6F CA 31 01 E4 03 31 10 72 26 00 49 00 94 00 01 00 01 8D DD 2E 01 E0 1E 00 16 15 B6 40 00 A1 47 30 10 00 EE 01 0A E2 3E 00 34 88 FF 00 00 2A 00 00 01 00 00 00 00 00 57 17 53 92 00 00 05 46 46 54 01 00 00 50 EE 01 01 01 6B 23 46 27 00 7D 00 00 01 00 00 00 01 00 00 00 00 00 00 00 00 00 00 00 00 00 00 00 B8 52 0B EB 00 00 00 00 00 00 00 00 00 00 00 00 00 00 00 00 00 00 00 00 00 00 00 00 00 00 00 00 00 00 00 00 00 00 00 00 00 00 00 00 00 00 00 00 00 00 00 00 00 00 00 00 00 00 00 00 00 00 00 00 18 B9 81 12 7E
[ 20749][16:43:09.532]7E FF 02 FF 0D B8 0A CB 31 01 CB 01 32 D6 86 26 00 49 00 94 00 01 00 01 8D DD 2E 01 E0 1E 00 16 15 B6 44 00 B0 45 B4 10 00 EE 01 0A E2 3E 00 34 88 FF 00 00 2A 00 00 01 00 00 00 00 00 57 17 53 92 00 00 05 46 46 54 01 00 00 50 EE 01 01 01 6B 23 46 27 00 7D 00 00 01 00 00 00 01 00 00 00 00 00 00 00 00 00 00 00 00 00 00 00 B8 52 0B EB 00 00 00 00 00 00 00 00 00 00 00 00 00 00 00 00 00 00 00 00 00 00 00 00 00 00 00 00 00 00 00 00 00 00 00 00 00 00 00 00 00 00 00 00 00 00 00 00 00 00 00 00 00 00 00 00 00 00 00 00 7E 9A 42 85 7E
[ 20750][16:43:09.532]7E FF 02 FF 0E B8 1D CB 31 01 68 01 14 12 8E 26 00 49 00 10 00 01 00 03 8D DD 2E 89 08 3D 17 B1 50 3B B4 03 AD 55 B9 B6 8F F2 CE 7E
[ 20751][16:43:09.593]7E FF 02 FF 0F B8 EA CA 31 01 59 00 56 A4 A0 26 00 49 00 15 01 01 00 00 EC A8 22 A2 1D 1D 63 26 B0 B0 04 00 AE 17 96 C8 D5 00 00 90 98 01 63 1D 01 00 00 20 02 00 00 00 00 00 00 05 00 0F 26 10 00 49 01 12 01 00 00 12 11 03 02 01 0A 90 01 7F 01 3C 00 3C 00 06 0A A3 07 00 00 14 D1 9D 62 C0 23 00 13 33 00 06 17 32 00 00 00 00 F8 DD A1 62 40 25 00 00 17 00 64 19 00 01 F4 01 00 02 D0 07 00 03 03 04 5A 05 17 00 16 00 1F 00 26 00 07 00 14 00 20 00 29 00 1C 00 05 00 0D 80 64 19 00 01 F4 01 00 02 D0 07 00 03 03 04 5A 05 7B 00 7C 00 7E 00 7F 00 80 00 81 00 83 00 84 00 85 00 87 00 89 00 8A 00 8D 00 82 00 8C 00 8E 00 88 00 7D 00 86 00 8B 00 8F 00 90 00 91 00 17 00 1D 00 2C 00 2A 00 1B 00 08 00 0C 00 06 80 04 29 00 01 F4 01 00 02 C4 09 00 03 03 04 32 05 57 00 58 00 59 00 5A 00 5B 00 5C 00 5D 00 5E 00 5F 00 60 00 61 00 62 00 63 00 64 00 65 80 1C 25 00 01 F4 01 00 02 DC 05 00 03 03 04 32 05 BA BA 08 47 C1 D6 9A 2A 7E
[ 20752][16:43:09.623]7E FF 02 FF 10 B8 01 CB 31 01 5A 00 C4 68 A9 26 00 49 01 15 01 01 00 00 EC A8 22 19 E2 25 63 07 B0 B0 06 00 9E 87 95 C8 D5 00 00 90 98 01 63 1D 01 00 00 20 02 00 00 00 00 00 00 05 00 0F 07 10 00 47 01 21 01 00 00 17 11 01 03 01 0A 90 01 7F 01 3C 00 3C 00 06 0A A3 07 00 00 14 D1 9D 62 C0 23 00 13 33 00 06 17 32 00 00 00 00 F8 DD A1 62 40 25 00 00 17 00 64 19 00 01 F4 01 00 02 D0 07 00 03 03 04 5A 05 17 00 16 00 1F 00 26 00 07 00 14 00 20 00 29 00 1C 00 05 00 0D 80 64 19 00 01 F4 01 00 02 D0 07 00 03 03 04 5A 05 7B 00 7C 00 7E 00 7F 00 80 00 81 00 83 00 84 00 85 00 87 00 89 00 8A 00 8D 00 82 00 8C 00 8E 00 88 00 7D 00 86 00 8B 00 8F 00 90 00 91 00 17 00 1D 00 2C 00 2A 00 1B 00 08 00 0C 00 06 80 04 29 00 01 F4 01 00 02 C4 09 00 03 03 04 32 05 57 00 58 00 59 00 5A 00 5B 00 5C 00 5D 00 5E 00 5F 00 60 00 61 00 62 00 63 00 64 00 65 80 1C 25 00 01 F4 01 00 02 DC 05 00 03 03 04 32 05 B0 29 B9 B5 C1 64 80 29 7E
[ 20753][16:43:09.683]7E FF 02 FF 11 B8 46 CB 31 01 5B 00 27 BB C3 26 00 49 01 15 01 01 00 00 EC A8 22 76 34 40 63 29 B0 B0 06 00 5F 06 CF C8 D5 00 00 90 98 01 63 1D 01 00 00 20 02 00 00 00 00 00 00 05 00 0F 29 10 00 4B 01 12 01 00 00 08 11 03 03 01 0A 90 01 7F 01 3C 00 3C 00 06 0A A3 07 00 00 14 D1 9D 62 C0 23 00 13 33 00 06 17 32 00 00 00 00 F8 DD A1 62 40 25 00 00 17 00 64 19 00 01 F4 01 00 02 D0 07 00 03 03 04 5A 05 17 00 16 00 1F 00 26 00 07 00 14 00 20 00 29 00 1C 00 05 00 0D 80 64 19 00 01 F4 01 00 02 D0 07 00 03 03 04 5A 05 7B 00 7C 00 7E 00 7F 00 80 00 81 00 83 00 84 00 85 00 87 00 89 00 8A 00 8D 00 82 00 8C 00 8E 00 88 00 7D 00 86 00 8B 00 8F 00 90 00 91 00 17 00 1D 00 2C 00 2A 00 1B 00 08 00 0C 00 06 80 04 29 00 01 F4 01 00 02 C4 09 00 03 03 04 32 05 57 00 58 00 59 00 5A 00 5B 00 5C 00 5D 00 5E 00 5F 00 60 00 61 00 62 00 63 00 64 00 65 80 1C 25 00 01 F4 01 00 02 DC 05 00 03 03 04 32 05 B9 CD E4 5D E4 5C 90 0C 7E
[ 20754][16:43:09.714]7E FF 02 FF 12 B8 5D CB 31 01 5B 00 3C 81 CC 26 00 49 01 15 01 01 00 00 EC A8 22 6F FA 48 63 1C B0 B0 06 00 4D 94 5F C8 D5 00 00 90 98 01 63 1D 01 00 00 20 02 00 00 00 00 00 00 05 00 0F 1C 10 00 40 01 21 01 00 00 01 11 02 03 01 0A 90 01 7F 01 3C 00 3C 00 06 0A A3 07 00 00 14 D1 9D 62 C0 23 00 13 33 00 06 17 32 00 00 00 00 F8 DD A1 62 40 25 00 00 17 00 64 19 00 01 F4 01 00 02 D0 07 00 03 03 04 5A 05 17 00 16 00 1F 00 26 00 07 00 14 00 20 00 29 00 1C 00 05 00 0D 80 64 19 00 01 F4 01 00 02 D0 07 00 03 03 04 5A 05 7B 00 7C 00 7E 00 7F 00 80 00 81 00 83 00 84 00 85 00 87 00 89 00 8A 00 8D 00 82 00 8C 00 8E 00 88 00 7D 00 86 00 8B 00 8F 00 90 00 91 00 17 00 1D 00 2C 00 2A 00 1B 00 08 00 0C 00 06 80 04 29 00 01 F4 01 00 02 C4 09 00 03 03 04 32 05 57 00 58 00 59 00 5A 00 5B 00 5C 00 5D 00 5E 00 5F 00 60 00 61 00 62 00 63 00 64 00 65 80 1C 25 00 01 F4 01 00 02 DC 05 00 03 03 04 32 05 91 8D DE 49 E8 6F 72 02 7E
[ 20755][16:43:09.758]7E FF 02 FF 13 B8 EF CB 31 01 50 00 69 0D DE 26 00 49 01 15 01 01 00 00 EC A8 22 9D 86 5A 63 0D B0 B0 06 00 8B F1 33 C8 D5 00 00 90 98 01 63 1D 01 00 00 20 02 00 00 00 00 00 00 05 00 0F 0D 10 00 40 01 21 01 00 00 15 11 02 03 01 0A 90 01 7F 01 3C 00 3C 00 06 0A A3 07 00 00 14 D1 9D 62 C0 23 00 13 33 00 06 17 32 00 00 00 00 F8 DD A1 62 40 25 00 00 17 00 64 19 00 01 F4 01 00 02 D0 07 00 03 03 04 5A 05 17 00 16 00 1F 00 26 00 07 00 14 00 20 00 29 00 1C 00 05 00 0D 80 64 19 00 01 F4 01 00 02 D0 07 00 03 03 04 5A 05 7B 00 7C 00 7E 00 7F 00 80 00 81 00 83 00 84 00 85 00 87 00 89 00 8A 00 8D 00 82 00 8C 00 8E 00 88 00 7D 00 86 00 8B 00 8F 00 90 00 91 00 17 00 1D 00 2C 00 2A 00 1B 00 08 00 0C 00 06 80 04 29 00 01 F4 01 00 02 C4 09 00 03 03 04 32 05 57 00 58 00 59 00 5A 00 5B 00 5C 00 5D 00 5E 00 5F 00 60 00 61 00 62 00 63 00 64 00 65 80 1C 25 00 01 F4 01 00 02 DC 05 00 03 03 04 32 05 5A 9B 99 01 56 3E 43 73 7E
[ 20756][16:43:09.833]7E FF 02 FF 14 B8 B8 CB 31 01 A2 03 70 89 EF 26 00 3D 03 14 02 01 00 01 EC A8 22 01 F0 FF 01 BF 18 7B 83 00 80 9F F5 10 00 FF 2F 01 D5 01 00 C7 88 11 00 00 D5 00 00 08 00 00 00 01 00 00 04 00 00 90 98 01 63 00 00 90 98 01 63 00 00 64 64 90 00 13 00 84 01 13 00 64 00 00 00 FC FF FD FF FF FF FF FF FF FF FF FF FF FF FF FF FF FF 07 12 08 08 07 06 04 0A 12 08 08 09 06 09 08 07 08 09 06 09 06 07 08 09 07 06 05 0C 07 05 05 08 08 11 11 09 06 07 07 06 07 07 08 08 09 0A 08 09 09 08 07 09 09 08 09 08 09 08 08 10 06 09 05 05 06 05 05 05 05 06 06 05 06 04 05 04 05 04 05 05 05 04 04 05 04 06 05 05 05 06 05 05 06 05 05 06 04 06 05 05 05 04 05 05 05 04 05 05 05 06 05 05 04 05 04 05 05 05 06 06 06 06 05 04 05 06 05 05 05 05 06 05 03 05 03 05 04 05 05 04 04 03 03 04 00 66 B9 42 56 00 00 00 00 00 00 00 00 00 00 00 00 00 00 00 00 00 00 00 00 00 00 00 00 00 00 00 00 00 00 00 00 00 00 00 00 00 00 00 00 00 00 00 00 00 00 00 00 00 00 00 00 00 00 00 00 00 00 00 00 00 00 00 00 00 00 00 00 00 00 00 00 00 00 00 00 00 00 00 00 00 00 00 00 00 00 00 00 00 00 00 00 00 00 00 00 00 00 00 00 00 00 00 00 00 00 00 00 00 00 00 00 00 00 00 00 00 00 00 00 00 00 00 00 00 00 00 00 00 00 00 00 00 00 00 00 00 00 00 00 00 00 00 00 00 00 00 00 00 00 00 00 00 00 00 00 00 00 00 00 00 00 00 00 00 00 00 00 00 00 00 00 00 00 00 00 00 00 00 00 00 00 00 00 00 00 00 00 00 00 00 00 00 00 00 00 00 00 00 00 00 00 00 00 00 00 00 00 00 00 00 00 00 00 00 00 00 00 00 00 00 00 00 00 00 00 00 00 00 00 00 00 00 00 00 00 00 00 00 00 00 00 00 00 00 00 00 00 00 00 00 00 00 00 00 00 00 00 00 00 00 00 00 00 00 00 00 00 00 00 00 00 00 00 00 00 00 00 00 00 00 00 00 00 00 00 00 00 00 00 00 00 00 00 00 00 00 03 A8 69 3A 7E
[ 20757][16:43:10.312]7E FF 02 FF 15 B8 AB CD 31 01 15 00 7D 8D AD 27 00 49 01 14 01 01 00 01 EC A8 22 4C F0 FF 00 34 18 60 C3 00 41 E4 8F C0 04 FF 2F 01 93 00 00 C7 A0 11 03 00 D5 00 00 08 00 00 00 4C 10 00 11 01 21 01 00 00 09 00 00 90 98 01 63 03 02 40 50 8E 00 09 01 89 01 13 00 50 00 00 00 01 30 FE FF FD FF FF FF FF FF FF EF FF FF FF FF F7 FF FF FF 03 11 10 06 06 05 06 05 09 11 06 07 07 04 07 06 06 07 07 05 07 05 06 06 08 07 06 05 0B 07 05 05 07 06 10 0F 07 05 06 07 03 04 06 06 07 07 07 06 07 07 06 06 07 07 06 07 07 07 06 07 0E 06 08 06 05 06 06 05 06 06 06 06 06 06 04 06 06 06 05 06 06 06 06 06 05 06 06 05 04 06 06 06 06 06 06 06 05 06 06 06 05 06 06 06 05 05 06 06 06 06 05 06 06 06 05 06 05 06 06 06 06 06 04 06 06 06 06 05 05 06 05 04 05 04 05 04 05 05 03 04 03 04 04 0E 6C 14 9A 00 00 00 00 00 00 00 00 00 00 00 00 00 00 00 00 00 00 00 00 00 00 00 00 00 00 00 00 00 00 00 00 00 00 00 00 00 00 00 00 00 C7 5B EA DA 7E
[ 20758][16:43:10.491]7E FF 02 FF 16 B8 F0 CE 31 01 4F 00 00 6C 03 28 00 49 01 10 00 01 00 02 8D DD 2E 10 01 70 00 01 03 03 00 00 17 FA EC BD 7D FD 6D 7E
[ 20759][16:43:10.536]7E FF 02 FF 17 B8 06 CF 31 01 4B 00 2B CA 0B 28 00 49 00 94 00 01 00 01 8D DD 2E 01 70 00 00 16 15 B6 40 00 C2 1B 21 10 00 07 00 0A E7 3E 00 34 88 FF 00 00 2A 00 00 01 00 00 00 22 03 23 23 11 82 00 00 05 46 46 54 01 00 00 40 07 00 01 01 C8 97 FE CC 00 7D 00 00 E1 00 00 00 01 00 00 00 00 00 00 00 00 00 00 00 00 00 00 00 B1 33 92 03 00 00 00 00 00 00 00 00 00 00 00 00 00 00 00 00 00 00 00 00 00 00 00 00 00 00 00 00 00 00 00 00 00 00 00 00 00 00 00 00 00 00 00 00 00 00 00 00 00 00 00 00 00 00 00 00 00 00 00 00 3B C7 09 A1 7E
[ 20760][16:43:10.850]7E FF 02 FF 18 B8 F5 CF 31 01 B3 03 71 78 8D 28 00 49 00 10 00 01 00 02 8D DD 2E 10 01 00 07 01 02 03 00 00 5A F0 81 23 B2 E0 DB 7E
[ 20761][16:43:10.970]7E FF 02 FF 19 B8 58 D0 31 01 94 00 DB E6 B2 28 00 49 00 94 00 01 00 01 8D DD 2E 01 80 02 03 29 14 88 50 00 68 C8 DC 10 00 28 00 03 E0 3E 30 10 88 FF 00 00 2A 00 00 11 08 00 00 01 03 01 00 7E 03 69 10 15 10 20 20 15 39 DA 94 00 00 00 00 00 00 00 00 00 00 00 00 00 00 00 00 00 00 00 00 00 00 00 00 00 00 00 00 00 00 00 00 00 00 00 00 00 00 00 00 00 00 00 00 00 00 00 00 00 00 00 00 00 00 00 00 00 00 00 00 00 00 00 00 00 00 00 00 00 00 00 00 00 00 00 00 00 00 00 00 00 00 00 00 00 00 00 00 00 00 00 00 00 00 00 00 7D 96 0C 9D 7E
[ 20762][16:43:10.985]7E FF 02 FF 1A B8 66 D0 31 01 25 02 17 64 B8 28 00 49 00 94 00 01 00 01 8D DD 2E 01 E0 02 01 16 15 B6 40 00 06 D3 12 10 00 2E 00 03 E4 3E 00 34 88 FF 08 00 2A 00 00 00 00 05 46 46 54 00 00 59 04 27 43 05 00 00 00 00 00 00 00 AE 00 17 00 32 00 00 00 81 1A 00 00 00 00 00 00 00 00 57 17 53 92 00 00 05 46 46 54 01 00 00 50 EE 01 01 01 6B 23 46 27 00 7D 00 00 73 A1 98 9C 00 00 00 00 00 00 00 00 00 00 00 00 00 00 00 00 00 00 00 00 00 00 00 00 00 00 00 00 00 00 00 00 00 00 00 00 00 00 00 00 00 00 00 00 00 00 00 00 CE 19 A8 6B 7E
[ 20763][16:43:11.165]7E FF 02 FF 1B B8 29 D1 31 01 01 03 7A E3 02 29 00 49 00 10 00 01 00 02 8D DD 2E 10 01 10 04 01 03 01 00 00 0F 98 E4 13 3B EC C6 7E
[ 20764][16:43:11.239]7E FF 02 FF 1C B8 74 D1 31 01 60 01 10 57 1F 29 00 49 00 10 00 01 00 03 8D DD 2E 89 08 82 10 B1 50 3B B4 03 BA 36 2A 27 96 44 B5 7E
[ 20765][16:43:11.389]7E FF 02 FF 1D B8 ED D1 31 01 A5 00 68 68 4D 29 00 49 00 94 00 01 00 01 8D DD 2E 01 F0 21 00 16 15 B6 40 00 47 8B 90 10 00 1F 02 0A E9 3E 00 34 88 FF 00 00 2A 00 00 01 00 00 00 00 19 01 15 00 08 00 00 05 46 46 54 01 00 00 00 1F 02 01 01 2B A3 38 29 00 A0 0F 00 59 00 00 00 01 00 00 00 00 00 00 00 00 00 00 00 00 00 00 00 C7 21 7E D7 00 00 00 00 00 00 00 00 00 00 00 00 00 00 00 00 00 00 00 00 00 00 00 00 00 00 00 00 00 00 00 00 00 00 00 00 00 00 00 00 00 00 00 00 00 00 00 00 00 00 00 00 00 00 00 00 00 00 00 00 51 A9 E7 C6 7E
[ 20766][16:43:11.494]7E FF 02 FF 1E B8 5D D2 31 01 3E 01 83 2F 78 29 00 49 00 94 00 01 00 01 8D DD 2E 01 20 1A 01 16 15 B6 40 00 06 13 09 10 00 A2 01 03 E6 3E 00 34 88 FF 08 00 2A 00 00 00 00 05 46 46 54 22 03 23 23 12 47 05 00 00 00 00 00 00 00 15 01 A2 01 FB 00 00 00 82 1A 00 00 00 00 00 00 46 54 00 00 59 04 27 43 05 00 00 00 00 00 00 00 AE 00 17 00 32 00 00 00 81 1A 00 00 68 4C F0 12 00 00 00 00 00 00 00 00 00 00 00 00 00 00 00 00 00 00 00 00 00 00 00 00 00 00 00 00 00 00 00 00 00 00 00 00 00 00 00 00 00 00 00 00 00 00 00 00 D7 45 0B 7C 7E
[ 20767][16:43:11.598]7E FF 02 FF 1F B8 3A D3 31 01 32 02 03 76 A6 29 00 49 00 10 00 01 00 02 8D DD 2E 10 01 00 21 01 01 01 00 00 E3 29 42 38 2F 79 CF 7E
[ 20768][16:43:11.613]7E FF 02 FF 20 B8 4A D3 31 01 8F 00 94 67 AC 29 00 49 00 10 00 01 00 02 8D DD 2E 10 01 20 1E 01 03 02 00 00 04 4F E4 75 50 2F 45 7E
[ 20769][16:43:11.628]7E FF 02 FF 21 B8 4D D3 31 01 EB 01 DC A8 AD 29 00 49 00 94 00 01 00 01 8D DD 2E 01 00 21 00 16 15 B6 40 00 B1 65 48 10 00 10 02 0A EA 3E 00 34 88 FF 00 00 2A 00 00 01 00 00 00 20 20 10 28 45 37 00 00 05 46 46 54 01 00 00 00 10 02 01 01 2B A3 38 29 00 7D 00 00 0D 00 00 00 01 00 00 00 00 00 00 00 00 00 00 00 00 00 00 00 0C 66 C6 FD 00 00 00 00 00 00 00 00 00 00 00 00 00 00 00 00 00 00 00 00 00 00 00 00 00 00 00 00 00 00 00 00 00 00 00 00 00 00 00 00 00 00 00 00 00 00 00 00 00 00 00 00 00 00 00 00 00 00 00 00 17 FE 51 0E 7E
[ 20770][16:43:11.688]7E FF 02 FF 22 B8 1D D3 31 01 ED 02 BA 97 C1 29 00 49 00 94 00 01 00 01 8D DD 2E 01 20 1E 00 16 15 B6 40 00 67 9F 28 10 00 E2 01 0A EB 3E 00 34 88 FF 00 00 2A 00 00 01 00 00 00 20 11 05 02 41 87 00 00 05 46 46 54 01 00 00 00 E2 01 01 01 2B A3 38 29 00 A0 0F 00 3D 00 00 00 01 00 00 00 00 00 00 00 00 00 00 00 00 00 00 00 58 22 E4 32 00 00 00 00 00 00 00 00 00 00 00 00 00 00 00 00 00 00 00 00 00 00 00 00 00 00 00 00 00 00 00 00 00 00 00 00 00 00 00 00 00 00 00 00 00 00 00 00 00 00 00 00 00 00 00 00 00 00 00 00 5D 80 A9 7B 7E
[ 20771][16:43:11.748]7E FF 02 FF 23 B8 6E D3 31 01 1B 03 3F 88 E0 29 00 49 00 10 00 01 00 02 8D DD 2E 10 01 E0 02 01 03 01 00 00 33 5E 3C F1 B9 A4 B5 7E
[ 20772][16:43:11.853]7E FF 02 FF 24 B8 D5 D3 31 01 15 02 BD B9 07 2A 00 49 00 10 00 01 00 02 8D DD 2E 10 01 E0 02 01 03 02 00 00 33 6E FC B4 BF 6C B3 7E
[ 20773][16:43:11.853]7E FF 02 FF 25 B8 DB D3 31 01 88 01 CB F5 09 2A 00 49 00 10 00 01 00 02 8D DD 2E 10 01 E0 02 01 03 02 00 00 33 6E FC D9 60 C0 4C 7E
[ 20774][16:43:11.913]7E FF 02 FF 26 B8 7D D4 31 01 80 03 F3 CD 21 2A 00 49 00 10 00 01 00 02 8D DD 2E 10 01 E0 02 01 03 03 00 00 32 7E 38 96 35 1A 1B 7E
[ 20775][16:43:11.958]7E FF 02 FF 27 B8 3F D4 31 01 CF 00 69 09 30 2A 00 49 00 10 00 01 00 03 EC A8 22 FA 01 AC 1A 8D DD 2E 20 02 AC C4 A2 7A 20 73 D6 7E
[ 20776][16:43:11.988]7E FF 02 FF 28 B8 49 D4 31 01 3E 01 BA DE 33 2A 00 49 00 94 00 01 00 01 8D DD 2E 01 10 04 03 29 14 88 50 00 CD 8C CE 10 00 30 01 03 E8 3E 30 10 88 FF 00 00 2A 00 00 11 08 00 00 01 03 01 00 1E 55 04 61 47 79 15 00 20 45 B1 CB 00 00 00 00 00 00 00 00 00 00 00 00 00 00 00 00 00 00 00 00 00 00 00 00 00 00 00 00 00 00 00 00 00 00 00 00 00 00 00 00 00 00 00 00 00 00 00 00 00 00 00 00 00 00 00 00 00 00 00 00 00 00 00 00 00 00 00 00 00 00 00 00 00 00 00 00 00 00 00 00 00 00 00 00 00 00 00 00 00 00 00 00 00 00 00 00 FA 6B 86 F6 7E
[ 20777][16:43:12.109]7E FF 02 FF 29 B8 39 D5 31 01 EC 02 10 78 69 2A 00 49 00 10 00 01 00 02 8D DD 2E 10 01 20 1E 01 03 04 00 00 07 2F E8 6C 43 A4 85 7E
[ 20778][16:43:12.153]7E FF 02 FF 2A B8 FE D4 31 01 AF 00 A3 E2 78 2A 00 49 00 10 00 01 00 02 8D DD 2E 10 01 E0 02 01 03 04 00 00 30 0E F0 7D 42 68 8A 7E
[ 20779][16:43:12.168]7E FF 02 FF 2B B8 05 D5 31 01 EB 01 FF A6 7B 2A 00 49 00 94 00 01 00 01 8D DD 2E 01 20 1E 03 29 14 88 50 00 2B E0 4F 10 00 A7 00 03 F0 3E 30 10 88 FF 00 00 2A 00 00 11 08 00 00 01 03 01 00 57 52 04 86 60 79 15 00 20 2E D5 9F 00 00 00 00 00 00 00 00 00 00 00 00 00 00 00 00 00 00 00 00 00 00 00 00 00 00 00 00 00 00 00 00 00 00 00 00 00 00 00 00 00 00 00 00 00 00 00 00 00 00 00 00 00 00 00 00 00 00 00 00 00 00 00 00 00 00 00 00 00 00 00 00 00 00 00 00 00 00 00 00 00 00 00 00 00 00 00 00 00 00 00 00 00 00 00 00 6A DE 64 45 7E
[ 20780][16:43:12.290]7E FF 02 FF 2C B8 6A D5 31 01 CA 02 A5 43 A2 2A 00 49 01 14 01 01 00 01 EC A8 22 1C F0 FF 00 34 18 60 C3 00 1B E4 A7 C0 01 FF 2F 01 D1 00 00 CA A0 11 00 00 D5 00 00 08 00 00 00 1C 10 00 11 01 21 01 00 00 01 00 00 90 98 01 63 03 02 57 64 8F 00 07 02 00 00 13 00 40 00 00 00 01 30 0C 00 FE FF FD EF FF FF FF FF FF FF FF FF FF FF FF FF FF FF 03 13 13 09 09 07 08 07 0B 13 09 09 0A 07 0A 08 08 09 09 07 09 07 08 09 0A 09 08 0D 0A 07 06 09 08 12 11 09 07 08 09 04 06 08 09 09 09 09 08 09 09 08 08 0A 0A 08 0A 09 0A 09 0A 10 08 0A 06 05 06 06 05 06 05 06 06 06 06 04 06 06 06 06 05 06 06 06 06 06 05 06 06 05 05 06 06 06 06 06 06 06 05 06 06 06 05 06 06 06 05 05 06 06 06 06 05 06 06 06 06 05 06 06 06 06 06 06 06 04 06 06 06 06 05 05 06 05 04 05 04 05 04 05 05 03 04 03 04 04 50 C5 BF 54 00 00 00 00 00 00 00 00 00 00 00 00 00 00 00 00 00 00 00 00 00 00 00 00 00 00 00 00 00 00 00 00 00 00 00 00 00 00 05 4D 12 D3 7E
[ 20781][16:43:12.304]7E FF 02 FF 2D B8 07 D6 31 01 8D 01 33 E9 B7 2A 00 49 01 10 00 01 00 02 8D DD 2E 10 01 80 1B 01 01 05 00 00 4F 33 19 43 FD C4 45 7E
[ 20782][16:43:12.604]7E FF 02 FF 2E B8 30 D7 31 01 05 01 25 28 29 2B 00 49 01 10 00 01 00 02 8D DD 2E 10 01 40 0A 01 03 06 00 00 1B C9 E0 B5 77 11 84 7E
[ 20783][16:43:12.649]7E FF 02 FF 2F B8 45 D7 31 01 0B 02 49 3E 31 2B 00 49 00 94 00 01 00 01 8D DD 2E 01 40 0A 00 16 15 B6 40 00 A1 67 26 10 00 A4 00 0A F4 3E 00 34 88 FF 00 00 2A 00 00 01 00 00 00 00 19 01 10 00 15 00 00 05 46 46 54 01 00 00 00 A4 00 01 01 2B A3 38 29 00 7D 00 00 64 00 00 00 01 00 00 00 00 00 00 00 00 00 00 00 00 00 00 00 87 27 B4 16 00 00 00 00 00 00 00 00 00 00 00 00 00 00 00 00 00 00 00 00 00 00 00 00 00 00 00 00 00 00 00 00 00 00 00 00 00 00 00 00 00 00 00 00 00 00 00 00 00 00 00 00 00 00 00 00 00 00 00 00 7D 6B 22 D1 7E
[ 20784][16:43:12.800]7E FF 02 FF 30 B8 62 D7 31 01 5F 00 C2 49 62 2B 00 49 00 14 01 01 00 01 EC A8 22 50 F0 FF 00 34 18 60 C3 00 5F E4 47 00 05 FF 2F 01 22 00 00 C8 D0 11 03 00 D5 00 00 08 00 00 00 50 10 00 11 01 15 01 00 00 02 00 00 90 98 01 63 01 02 40 50 8F 00 09 01 88 01 13 00 50 00 00 00 01 30 FE FF FD FF FF FF FF FF FF FF FE FF FF FF FF FF FF FF 03 11 10 06 04 05 06 01 09 0C 06 07 05 03 07 06 06 07 07 05 03 05 06 03 08 07 06 05 0B 05 04 05 07 06 10 0F 07 05 07 07 03 04 06 05 07 07 07 06 02 04 06 06 07 07 06 07 07 07 07 07 0E 06 07 06 05 06 06 05 06 06 06 06 06 05 05 02 02 06 06 06 06 06 06 06 05 06 06 05 05 06 06 05 06 06 06 06 05 06 06 06 05 06 06 06 05 05 03 06 06 06 05 06 06 06 06 05 06 06 06 06 06 06 05 04 06 06 06 06 02 05 06 05 03 05 04 05 04 05 05 04 04 03 04 04 80 86 D5 5B 00 00 00 00 00 00 00 00 00 00 00 00 00 00 00 00 00 00 00 00 00 00 00 00 00 00 00 00 00 00 00 00 00 00 00 00 00 00 00 00 E5 36 18 D2 7E
[ 20785][16:43:13.144]7E FF 02 FF 31 B8 E2 D8 31 01 2D 02 22 F9 F4 2B 00 49 00 10 00 01 00 03 8D DD 2E 89 08 14 09 B1 50 3B B4 03 69 AA 5B 1C BC BD A4 7E
[ 20786][16:43:13.174]7E FF 02 FF 32 B8 FF D8 31 01 5F 01 A9 F5 FF 2B 00 49 00 10 00 01 00 02 8D DD 2E 10 01 20 1E 01 03 06 00 00 06 0F EC FC 5A 4E 83 7E
[ 20787][16:43:13.220]7E FF 02 FF 33 B8 84 D9 31 01 2E 02 73 9B 0C 2C 00 49 00 94 00 01 00 01 8D DD 2E 01 20 1E 00 16 15 B6 40 00 67 9F 28 10 00 E2 01 0A F5 3E 00 34 88 FF 00 00 2A 00 00 01 00 00 00 22 03 23 23 12 46 00 00 05 46 46 54 01 00 00 00 E2 01 01 01 2B A3 38 29 00 7D 00 00 B6 00 00 00 01 00 00 00 00 00 00 00 00 00 00 00 00 00 00 00 58 78 43 B0 00 00 00 00 00 00 00 00 00 00 00 00 00 00 00 00 00 00 00 00 00 00 00 00 00 00 00 00 00 00 00 00 00 00 00 00 00 00 00 00 00 00 00 00 00 00 00 00 00 00 00 00 00 00 00 00 00 00 00 00 19 1F 31 79 7E
[ 20788][16:43:13.460]7E FF 02 FF 34 B8 11 DA 31 01 88 02 AC 91 68 2C 00 49 00 94 00 01 00 01 8D DD 2E 01 E0 02 03 29 14 88 50 00 0B A4 D0 10 00 5C 00 03 EC 3E 30 10 88 FF 00 00 2A 00 00 11 08 00 00 01 03 01 00 E1 52 97 64 60 79 15 00 52 01 AA 46 00 00 00 00 00 00 00 00 00 00 00 00 00 00 00 00 00 00 00 00 00 00 00 00 00 00 00 00 00 00 00 00 00 00 00 00 00 00 00 00 00 00 00 00 00 00 00 00 00 00 00 00 00 00 00 00 00 00 00 00 00 00 00 00 00 00 00 00 00 00 00 00 00 00 00 00 00 00 00 00 00 00 00 00 00 00 00 00 00 00 00 00 00 00 00 00 69 7C A4 B0 7E
[ 20789][16:43:13.475]7E FF 02 FF 35 B8 1F DA 31 01 DC 01 9E D8 6D 2C 00 49 00 94 00 01 00 01 8D DD 2E 01 E0 02 03 29 14 88 50 00 0B A4 D0 10 00 A9 00 03 ED 3E 30 10 88 FF 00 00 2A 00 00 11 08 00 00 01 03 01 00 E9 50 87 41 61 79 15 00 44 CE 9B B0 00 00 00 00 00 00 00 00 00 00 00 00 00 00 00 00 00 00 00 00 00 00 00 00 00 00 00 00 00 00 00 00 00 00 00 00 00 00 00 00 00 00 00 00 00 00 00 00 00 00 00 00 00 00 00 00 00 00 00 00 00 00 00 00 00 00 00 00 00 00 00 00 00 00 00 00 00 00 00 00 00 00 00 00 00 00 00 00 00 00 00 00 00 00 00 00 83 0B 5C 6A 7E
[ 20790][16:43:13.490]7E FF 02 FF 36 B8 30 DA 31 01 5B 01 C5 47 74 2C 00 49 00 94 00 01 00 01 8D DD 2E 01 E0 02 03 29 14 88 50 00 0B A4 D0 10 00 AA 00 03 EE 3E 30 10 88 FF 00 00 2A 00 00 11 08 00 00 01 03 01 00 DD 50 99 64 62 79 15 00 B2 FF 54 93 00 00 00 00 00 00 00 00 00 00 00 00 00 00 00 00 00 00 00 00 00 00 00 00 00 00 00 00 00 00 00 00 00 00 00 00 00 00 00 00 00 00 00 00 00 00 00 00 00 00 00 00 00 00 00 00 00 00 00 00 00 00 00 00 00 00 00 00 00 00 00 00 00 00 00 00 00 00 00 00 00 00 00 00 00 00 00 00 00 00 00 00 00 00 00 00 32 16 64 C7 7E
[ 20791][16:43:13.505]7E FF 02 FF 37 B8 A5 DA 31 01 8A 00 88 AF 7A 2C 00 49 00 94 00 01 00 01 8D DD 2E 01 E0 02 03 29 14 88 50 00 0B A4 D0 10 00 1D 00 03 EF 3E 30 10 88 FF 00 00 2A 00 00 11 08 00 00 01 03 01 00 E1 50 62 75 64 79 15 00 B4 B1 88 46 00 00 00 00 00 00 00 00 00 00 00 00 00 00 00 00 00 00 00 00 00 00 00 00 00 00 00 00 00 00 00 00 00 00 00 00 00 00 00 00 00 00 00 00 00 00 00 00 00 00 00 00 00 00 00 00 00 00 00 00 00 00 00 00 00 00 00 00 00 00 00 00 00 00 00 00 00 00 00 00 00 00 00 00 00 00 00 00 00 00 00 00 00 00 00 00 DC 68 C8 E8 7E
[ 20792][16:43:13.550]7E FF 02 FF 39 B8 70 DA 31 01 96 00 E0 9E 8C 2C 00 49 00 54 00 01 00 01 8D DD 2E 01 80 1B 03 5B 13 60 E0 00 E7 77 39 10 00 B8 01 0A F3 3E 30 10 88 FF 00 00 2A 00 00 11 08 00 00 01 03 01 00 72 03 28 10 18 57 00 00 61 B2 24 2E 00 00 00 00 00 00 00 00 00 00 00 00 00 00 00 00 00 00 00 00 00 00 00 00 00 00 00 00 00 00 00 00 97 2D A4 F8 7E
[ 20793][16:43:13.850]7E FF 02 FF 3A B8 AB DB 31 01 D9 00 EB D4 04 2D 00 49 00 10 00 01 00 03 EC A8 22 FA 01 40 13 8D DD 2E 20 02 B5 E5 9E FF 2C A4 5B 7E
[ 20794][16:43:13.971]7E FF 02 FF 3B B8 23 DC 31 01 78 00 A6 92 32 2D 00 49 00 10 00 01 00 02 8D DD 2E 10 01 E0 02 01 01 00 00 00 13 CE 7C 43 7F 0D BB 7E
[ 20795][16:43:14.509]7E FF 02 FF 3C B8 23 DE 31 01 F4 02 9A 1B F6 2D 00 49 00 94 00 01 00 01 8D DD 2E 01 A0 0B 03 29 14 88 50 00 02 C5 7C 10 00 40 00 03 F7 3E 30 10 88 FF 00 00 2A 00 00 11 08 00 00 01 03 01 00 67 67 24 18 69 79 15 00 65 24 D1 F4 00 00 00 00 00 00 00 00 00 00 00 00 00 00 00 00 00 00 00 00 00 00 00 00 00 00 00 00 00 00 00 00 00 00 00 00 00 00 00 00 00 00 00 00 00 00 00 00 00 00 00 00 00 00 00 00 00 00 00 00 00 00 00 00 00 00 00 00 00 00 00 00 00 00 00 00 00 00 00 00 00 00 00 00 00 00 00 00 00 00 00 00 00 00 00 00 55 88 A9 B1 7E
[ 20796][16:43:14.630]7E FF 02 FF 3D B8 12 DF 31 01 89 00 F8 E9 2A 2E 00 49 00 10 00 01 00 02 8D DD 2E 10 01 50 1E 01 02 01 00 00 88 4C 2A 5C 65 80 59 7E
[ 20797][16:43:14.691]7E FF 02 FF 3E B8 DD DE 31 01 F5 02 BF 0E 3D 2E 00 49 00 94 00 01 00 01 8D DD 2E 01 50 1E 03 29 14 88 50 00 59 9E 87 10 00 E5 01 03 F8 3E 30 10 88 FF 00 00 2A 00 00 11 08 00 00 01 03 01 00 80 03 68 51 04 59 00 00 EE 1F F0 E9 00 00 00 00 00 00 00 00 00 00 00 00 00 00 00 00 00 00 00 00 00 00 00 00 00 00 00 00 00 00 00 00 00 00 00 00 00 00 00 00 00 00 00 00 00 00 00 00 00 00 00 00 00 00 00 00 00 00 00 00 00 00 00 00 00 00 00 00 00 00 00 00 00 00 00 00 00 00 00 00 00 00 00 00 00 00 00 00 00 00 00 00 00 00 00 00 B1 2B CE 5D 7E
[ 20798][16:43:14.795]7E FF 02 FF 3F B8 2C DF 31 01 70 03 1A 3D 5B 2E 00 49 01 14 01 01 00 01 EC A8 22 1A F0 FF 00 34 18 60 C3 00 1D E4 C7 A0 01 FF 2F 01 73 00 00 C8 90 11 00 00 D5 00 00 08 00 00 00 1A 10 00 11 01 12 01 00 00 15 00 00 90 98 01 63 03 03 57 64 8F 00 09 01 00 00 13 00 45 00 00 00 01 30 FE FF FD FB FF FF FF FF FF FF FF FF FF FF FF FF FF FF 03 13 13 09 08 07 08 07 0B 12 09 09 0A 06 0A 08 08 09 09 05 09 07 08 09 0A 08 07 0D 09 06 07 09 08 12 11 09 07 09 09 06 07 09 08 09 09 09 08 08 09 08 08 0A 0A 08 0A 09 0A 0A 0A 10 08 09 06 06 06 06 05 06 06 06 06 06 06 06 06 06 06 06 06 06 06 06 06 06 05 06 06 05 05 06 06 06 06 06 06 06 05 06 06 06 05 06 06 06 05 05 06 06 06 06 05 06 06 06 06 05 05 06 06 06 06 06 05 04 06 06 06 06 05 05 06 05 03 05 04 05 04 03 05 05 04 03 02 04 37 41 5B 3A 00 00 00 00 00 00 00 00 00 00 00 00 00 00 00 00 00 00 00 00 00 00 00 00 00 00 00 00 00 00 00 00 00 00 00 00 00 00 00 00 55 8D 61 7B 7E
[ 20799][16:43:14.870]7E FF 02 FF 40 B8 A6 DF 31 01 B2 03 AA D3 89 2E 00 49 01 10 00 01 00 02 8D DD 2E 10 01 E0 02 01 03 01 00 00 33 5E 3C 21 7E A6 48 7E
[ 20800][16:43:15.034]7E FF 02 FF 41 B8 4C E0 31 01 E0 03 A2 2B C9 2E 00 49 01 10 00 01 00 02 8D DD 2E 10 01 E0 02 01 01 01 00 00 12 DE B8 2C 8D 83 37 7E
[ 20801][16:43:15.049]7E FF 02 FF 42 B8 50 E0 31 01 4F 03 25 A4 CA 2E 00 49 01 10 00 01 00 03 8D DD 2E 89 08 A6 01 B1 50 3B B4 03 D6 1F 8B 76 32 92 C7 7E
[ 20802][16:43:15.094]7E FF 02 FF 43 B8 7F E0 31 01 83 00 1C 4C DC 2E 00 49 01 10 00 01 00 02 8D DD 2E 10 01 10 04 01 03 01 00 00 0F 98 E4 5A A9 02 3B 7E
[ 20803][16:43:15.139]7E FF 02 FF 44 B8 08 E1 31 01 48 00 55 5D EA 2E 00 49 00 94 00 01 00 01 8D DD 2E 01 10 04 03 29 14 88 50 00 CD 8C CE 10 00 30 01 03 F9 3E 30 10 88 FF 00 00 2A 00 00 11 08 00 00 01 03 01 00 1E 55 04 61 47 79 15 00 20 45 B1 CB 00 00 00 00 00 00 00 00 00 00 00 00 00 00 00 00 00 00 00 00 00 00 00 00 00 00 00 00 00 00 00 00 00 00 00 00 00 00 00 00 00 00 00 00 00 00 00 00 00 00 00 00 00 00 00 00 00 00 00 00 00 00 00 00 00 00 00 00 00 00 00 00 00 00 00 00 00 00 00 00 00 00 00 00 00 00 00 00 00 00 00 00 00 00 00 00 3B 1A E6 14 7E
[ 20804][16:43:15.244]7E FF 02 FF 45 B8 1A E1 31 01 3F 03 9E B0 17 2F 00 49 00 10 00 01 00 02 8D DD 2E 10 01 20 1E 01 03 01 00 00 04 7F 24 65 ED CD 29 7E
[ 20805][16:43:15.319]7E FF 02 FF 46 B8 AE E1 31 01 9B 02 6C EA 29 2F 00 49 00 94 00 01 00 01 8D DD 2E 01 20 1E 03 29 14 88 50 00 2B E0 4F 10 00 A7 00 03 FA 3E 30 10 88 FF 00 00 2A 00 00 11 08 00 00 01 03 01 00 57 52 04 86 60 79 15 00 20 2E D5 9F 00 00 00 00 00 00 00 00 00 00 00 00 00 00 00 00 00 00 00 00 00 00 00 00 00 00 00 00 00 00 00 00 00 00 00 00 00 00 00 00 00 00 00 00 00 00 00 00 00 00 00 00 00 00 00 00 00 00 00 00 00 00 00 00 00 00 00 00 00 00 00 00 00 00 00 00 00 00 00 00 00 00 00 00 00 00 00 00 00 00 00 00 00 00 00 00 44 00 65 86 7E
[ 20806][16:43:15.379]7E FF 02 FF 47 B8 A2 E1 31 01 2C 02 02 77 4B 2F 00 49 00 10 00 01 00 02 8D DD 2E 10 01 00 00 01 03 01 00 00 8B A9 62 EB 8D 91 FD 7E
[ 20807][16:43:15.439]7E FF 02 FF 48 B8 26 E2 31 01 E1 00 C0 85 57 2F 00 49 00 94 00 01 00 01 8D DD 2E 01 F0 FF 00 C8 14 B6 42 00 15 65 BA 10 00 FF 2F 0A FB 3E 00 34 88 11 00 00 2A 00 00 01 00 00 00 21 01 18 00 22 70 00 00 05 46 46 54 01 00 00 40 01 00 01 01 2B A3 38 29 00 7D 00 00 78 00 00 00 01 00 00 00 00 00 00 00 00 00 00 00 00 00 00 00 2E 8A 8A DA 00 00 00 00 00 00 00 00 00 00 00 00 00 00 00 00 00 00 00 00 00 00 00 00 00 00 00 00 00 00 00 00 00 00 00 00 00 00 00 00 00 00 00 00 00 00 00 00 00 00 00 00 00 00 00 00 00 00 00 00 E0 9E A1 EB 7E
[ 20808][16:43:16.276]7E FF 02 FF 49 B8 56 E5 31 01 E3 03 9C 1A 8F 30 00 49 00 14 01 01 00 01 EC A8 22 78 F0 FF 00 34 18 60 C3 00 72 E4 53 80 07 FF 2F 01 FB 00 00 C8 F0 11 00 00 D5 00 00 08 00 00 00 78 10 00 11 01 23 01 00 00 12 00 00 90 98 01 63 01 02 31 46 8F 00 09 01 87 01 13 00 46 00 00 00 01 30 FE FF FD FF FF FF FF FF FF FF FF FF FF FF FF FE FF FF 03 11 10 06 05 05 06 05 09 11 06 07 07 03 07 06 06 07 07 05 07 05 06 06 08 07 06 05 0B 07 05 04 07 06 10 0F 07 05 07 07 03 04 06 06 07 07 07 06 07 07 06 06 07 07 06 07 07 07 06 07 0E 06 08 06 05 06 06 06 06 06 06 06 06 06 04 06 06 06 06 06 06 06 06 06 06 05 06 06 05 05 06 06 06 06 06 06 06 05 06 06 06 05 06 06 06 05 05 06 06 06 06 05 06 06 06 06 05 06 06 06 06 06 06 04 06 06 06 06 05 05 06 05 03 05 04 05 04 05 05 04 04 03 04 04 06 94 FA A5 00 00 00 00 00 00 00 00 00 00 00 00 00 00 00 00 00 00 00 00 00 00 00 00 00 00 00 00 00 00 00 00 00 00 00 00 00 00 00 00 AD F8 7C 9B 7E
[ 20809][16:43:17.308]7E FF 02 FF 4A B8 FF E8 31 01 95 00 1E 5B 1A 32 00 49 01 14 01 01 00 01 EC A8 22 35 F0 FF 00 34 18 60 C3 00 36 E4 27 50 03 FF 2F 01 C2 00 00 C8 D0 11 00 00 D5 00 00 08 00 00 00 35 10 00 11 01 12 01 00 00 18 00 00 90 98 01 63 01 03 64 64 8F 00 09 01 7E 01 13 00 49 00 00 00 01 30 FE FF FD FF FF FF DF FF FF FF FF FF FF EF FF FF FF FF 07 13 13 09 08 07 08 01 0B 12 09 09 0A 06 0A 08 08 09 09 07 09 07 08 01 0A 09 08 07 0D 09 06 07 09 08 12 11 09 07 09 09 06 07 09 08 09 09 09 08 08 09 08 08 0A 08 0A 09 0A 0A 0A 10 08 09 06 06 06 06 05 06 06 06 06 06 06 06 06 01 06 06 06 06 06 06 06 06 05 06 06 05 05 06 06 06 06 06 06 06 05 06 06 06 05 06 06 06 05 05 06 06 06 05 06 06 06 06 05 05 06 06 06 06 06 05 04 06 06 06 06 05 05 06 05 03 05 04 05 04 05 05 05 04 03 04 04 00 1F 5C DB 60 00 00 00 00 00 00 00 00 00 00 00 00 00 00 00 00 00 00 00 00 00 00 00 00 00 00 00 00 00 00 00 00 00 00 00 00 00 00 00 00 75 D5 EC E6 7E
[ 20810][16:43:17.668]7E FF 02 FF 4B B8 90 EA 31 01 9D 01 BC 72 B3 32 00 49 01 10 00 01 00 03 EC A8 22 FA 01 5B 04 8D DD 2E 20 02 AE 23 9D 43 0E 2C 7F 7E
[ 20811][16:43:17.787]7E FF 02 FF 4C B8 05 EB 31 01 C1 02 31 32 E0 32 00 49 01 10 00 01 00 02 8D DD 2E 10 01 70 1D 01 01 02 00 00 71 85 09 A0 40 CC 7E 7E
[ 20812][16:43:17.787]7E FF 02 FF 4D B8 09 EB 31 01 32 01 C6 91 E1 32 00 49 01 10 00 01 00 03 8D DD 2E 89 08 62 1D B1 50 3B B4 03 C1 BA 17 AC AC 19 85 7E
[ 20813][16:43:17.847]7E FF 02 FF 4E B8 42 EB 31 01 07 03 F1 7D F7 32 00 49 01 10 00 01 00 02 8D DD 2E 01 01 A0 0B 01 00 03 00 00 42 B6 8D 8A BB 72 18 7E
[ 20814][16:43:17.877]7E FF 02 FF 4F B8 62 EB 31 01 12 00 DA 68 03 33 00 49 01 10 00 01 00 02 8D DD 2E 10 01 A0 0B 01 01 03 00 00 41 F6 95 0E 2F B6 BE 7E
[ 20815][16:43:17.923]7E FF 02 FF 50 B8 F1 EB 31 01 D6 02 59 15 14 33 00 49 01 10 00 01 00 02 8D DD 2E 10 01 B0 21 01 01 03 00 00 4F BC D4 EA 17 FD 1A 7E
[ 20816][16:43:17.937]7E FF 02 FF 51 B8 FB EB 31 01 A9 02 7D E1 17 33 00 49 01 10 00 01 00 02 8D DD 2E 10 01 A0 0B 01 02 04 00 00 73 46 5D 80 08 50 C1 7E
[ 20817][16:43:17.937]7E FF 02 FF 52 B8 A2 EB 31 01 B4 00 D6 E2 1B 33 00 49 01 10 00 01 00 02 8D DD 2E 10 01 20 1A 01 01 04 00 00 27 8E 6C 2E A6 E0 DB 7E
[ 20818][16:43:17.952]7E FF 02 FF 53 B8 AF EB 31 01 EC 00 B9 DD 20 33 00 49 01 10 00 01 00 02 8D DD 2E 10 01 20 1E 01 01 05 00 00 27 BF A8 FB 3C A8 40 7E
[ 20819][16:43:17.967]7E FF 02 FF 54 B8 BC EB 31 01 A3 00 7B CC 25 33 00 49 01 10 00 01 00 02 8D DD 2E 01 01 C0 1A 01 00 05 00 00 1C 39 28 2E 7E C9 D2 7E
[ 20820][16:43:17.997]7E FF 02 FF 55 B8 BF EB 31 01 E4 00 8D F1 26 33 00 49 00 94 00 01 00 01 8D DD 2E 01 20 1E 00 16 15 B6 40 00 67 9F 28 10 00 E2 01 0A 00 3F 00 34 88 FF 00 00 2A 00 00 01 00 00 00 23 16 05 60 50 97 00 00 05 46 46 54 01 00 00 00 E2 01 01 01 6B 23 46 27 00 7D 00 00 02 00 00 00 01 00 00 00 00 00 00 00 00 00 00 00 00 00 00 00 63 D0 49 07 00 00 00 00 00 00 00 00 00 00 00 00 00 00 00 00 00 00 00 00 00 00 00 00 00 00 00 00 00 00 00 00 00 00 00 00 00 00 00 00 00 00 00 00 00 00 00 00 00 00 00 00 00 00 00 00 00 00 00 00 85 84 30 62 7E
[ 20821][16:43:17.997]7E FF 02 FF 56 B8 3A EC 31 01 5A 03 FE FA 2F 33 00 49 00 10 00 01 00 02 8D DD 2E 10 01 70 1D 01 01 07 00 00 72 D5 C5 14 D7 43 69 7E
[ 20822][16:43:18.012]7E FF 02 FF 57 B8 48 EC 31 01 9A 00 D4 0D 35 33 00 49 00 10 00 01 00 02 8D DD 2E 10 01 30 00 01 00 07 00 00 34 38 68 83 C4 39 52 7E
[ 20823][16:43:18.027]7E FF 02 FF 58 B8 4A EC 31 01 43 03 D7 0D 36 33 00 49 00 94 00 01 00 01 8D DD 2E 01 20 1E 00 16 15 B6 44 00 76 9D AC 10 00 E2 01 0A 00 3F 00 34 88 FF 00 00 2A 00 00 01 00 00 00 23 16 05 60 50 97 00 00 05 46 46 54 01 00 00 00 E2 01 01 01 6B 23 46 27 00 7D 00 00 02 00 00 00 01 00 00 00 00 00 00 00 00 00 00 00 00 00 00 00 63 D0 49 07 00 00 00 00 00 00 00 00 00 00 00 00 00 00 00 00 00 00 00 00 00 00 00 00 00 00 00 00 00 00 00 00 00 00 00 00 00 00 00 00 00 00 00 00 00 00 00 00 00 00 00 00 00 00 00 00 00 00 00 00 F5 BE D5 4D 7E
[ 20824][16:43:18.072]7E FF 02 FF 59 B8 59 EC 31 01 02 03 C6 BF 3B 33 00 49 00 14 01 01 00 01 EC A8 22 3E F0 FF 00 34 18 60 C3 00 3C E4 13 E0 03 FF 2F 01 FA 00 00 C9 A0 11 00 00 D5 00 00 08 00 00 00 3E 10 00 11 01 24 01 00 00 20 00 00 90 98 01 63 01 02 64 64 90 00 09 01 79 01 13 00 41 00 00 00 01 30 FE FF FD FF FF FF FF BF FF FF FF FF FF FF FF FF FF FF 07 13 13 09 08 07 08 07 0B 13 09 09 0A 06 0A 09 08 09 09 07 09 07 08 09 0A 09 07 07 0D 0A 07 06 09 08 12 11 09 07 09 09 06 06 08 09 09 09 09 08 09 09 09 08 0A 0A 08 0A 09 0A 09 0A 10 0A 06 05 06 06 06 06 06 06 06 06 06 04 06 06 06 06 06 06 06 06 06 06 05 06 06 05 05 06 06 06 06 06 06 06 06 06 06 06 05 06 06 06 05 05 06 06 06 06 05 06 06 06 06 05 06 06 06 06 06 06 06 04 06 06 06 05 05 05 06 05 03 05 04 05 04 05 05 04 04 03 04 04 00 55 D2 0A 0D 00 00 00 00 00 00 00 00 00 00 00 00 00 00 00 00 00 00 00 00 00 00 00 00 00 00 00 00 00 00 00 00 00 00 00 00 00 00 00 52 1E 91 4E 7E
[ 20825][16:43:18.102]7E FF 02 FF 5A B8 2A EC 31 01 26 01 DB C8 4F 33 00 49 00 94 00 01 00 01 8D DD 2E 01 20 1E 00 16 15 B6 44 00 76 9D AC 10 00 E2 01 0A 00 3F 00 34 88 FF 00 00 2A 00 00 01 00 00 00 23 16 05 60 50 97 00 00 05 46 46 54 01 00 00 00 E2 01 01 01 6B 23 46 27 00 7D 00 00 02 00 00 00 01 00 00 00 00 00 00 00 00 00 00 00 00 00 00 00 63 D0 49 07 00 00 00 00 00 00 00 00 00 00 00 00 00 00 00 00 00 00 00 00 00 00 00 00 00 00 00 00 00 00 00 00 00 00 00 00 00 00 00 00 00 00 00 00 00 00 00 00 00 00 00 00 00 00 00 00 00 00 00 00 08 CC 1C BF 7E
[ 20826][16:43:18.132]7E FF 02 FF 5B B8 37 EC 31 01 86 03 04 FA 54 33 00 49 01 14 01 01 00 01 EC A8 22 41 F0 FF 00 34 18 60 C3 00 4D E4 DB 10 04 FF 2F 01 2E 00 00 C8 E8 11 00 00 D5 00 00 08 00 00 00 41 10 00 11 01 12 01 00 00 02 00 00 90 98 01 63 01 03 64 64 8F 00 15 01 88 01 13 00 64 00 00 00 01 30 FE FF FD FF FF FF FF FF FD FF FF FF FF FF FF FF FF FF 03 11 10 06 05 05 06 05 09 10 06 07 07 03 07 06 06 07 07 05 07 05 06 06 08 07 06 05 0B 06 04 05 07 06 10 0F 07 05 07 07 03 04 07 05 07 07 07 06 06 07 06 06 07 07 06 07 07 07 07 07 0E 06 07 06 06 06 05 06 06 06 06 06 06 06 06 06 06 06 06 06 06 06 06 06 05 06 06 05 05 06 06 06 06 06 06 06 05 06 06 06 05 06 06 06 05 05 06 06 06 06 05 06 06 06 06 05 05 06 06 06 06 06 05 04 06 06 06 06 05 05 06 05 03 05 04 05 04 05 05 05 04 03 04 04 36 38 D5 27 00 00 00 00 00 00 00 00 00 00 00 00 00 00 00 00 00 00 00 00 00 00 00 00 00 00 00 00 00 00 00 00 00 00 00 00 00 00 00 00 4E 2C ED D4 7E
[ 20827][16:43:18.132]7E FF 02 FF 5C B8 B2 EC 31 01 38 00 19 73 5D 33 00 49 01 10 00 01 00 02 8D DD 2E 10 01 A0 0B 01 03 08 00 00 64 C6 C1 F1 E3 8A CD 7E
[ 20828][16:43:18.151]7E FF 02 FF 5D B8 6C EC 31 01 69 00 FD E9 68 33 00 49 01 10 00 01 00 02 8D DD 2E 10 01 00 21 01 01 09 00 00 E7 A9 52 29 50 1C A3 7E
[ 20829][16:43:18.281]7E FF 02 FF 5E B8 DA EC 31 01 D3 01 93 FF 92 33 00 49 00 94 00 01 00 01 8D DD 2E 01 20 1E 00 16 15 B6 44 00 76 9D AC 10 00 E2 01 0A 00 3F 00 34 88 FF 00 00 2A 00 00 01 00 00 00 23 16 05 60 50 97 00 00 05 46 46 54 01 00 00 00 E2 01 01 01 6B 23 46 27 00 7D 00 00 02 00 00 00 01 00 00 00 00 00 00 00 00 00 00 00 00 00 00 00 63 D0 49 07 00 00 00 00 00 00 00 00 00 00 00 00 00 00 00 00 00 00 00 00 00 00 00 00 00 00 00 00 00 00 00 00 00 00 00 00 00 00 00 00 00 00 00 00 00 00 00 00 00 00 00 00 00 00 00 00 00 00 00 00 1C 63 FD A1 7E
[ 20830][16:43:18.281]7E FF 02 FF 5F B8 F0 EC 31 01 57 02 89 74 9B 33 00 49 00 10 00 01 00 02 8D DD 2E 10 01 E0 02 01 02 0B 00 00 27 BE AC 1E FD 94 81 7E
[ 20831][16:43:18.311]7E FF 02 FF 60 B8 6A ED 31 01 3B 01 4B B7 A3 33 00 49 00 94 00 01 00 01 8D DD 2E 01 E0 02 03 29 14 88 50 00 0B A4 D0 10 00 2E 00 03 F6 3E 30 10 88 FF 00 00 2A 00 00 11 08 00 00 01 03 01 00 D9 00 43 27 04 59 00 00 04 0D 88 89 00 00 00 00 00 00 00 00 00 00 00 00 00 00 00 00 00 00 00 00 00 00 00 00 00 00 00 00 00 00 00 00 00 00 00 00 00 00 00 00 00 00 00 00 00 00 00 00 00 00 00 00 00 00 00 00 00 00 00 00 00 00 00 00 00 00 00 00 00 00 00 00 00 00 00 00 00 00 00 00 00 00 00 00 00 00 00 00 00 00 00 00 00 00 00 00 A2 5A 1D 13 7E
[ 20832][16:43:18.386]7E FF 02 FF 61 B8 4C ED 31 01 56 00 9E 54 BE 33 00 49 00 94 00 01 00 01 8D DD 2E 01 E0 02 03 29 14 88 54 00 1A A6 54 10 00 2E 00 03 F6 3E 30 10 88 FF 00 00 2A 00 00 11 08 00 00 01 03 01 00 D9 00 43 27 04 59 00 00 04 0D 88 89 00 00 00 00 00 00 00 00 00 00 00 00 00 00 00 00 00 00 00 00 00 00 00 00 00 00 00 00 00 00 00 00 00 00 00 00 00 00 00 00 00 00 00 00 00 00 00 00 00 00 00 00 00 00 00 00 00 00 00 00 00 00 00 00 00 00 00 00 00 00 00 00 00 00 00 00 00 00 00 00 00 00 00 00 00 00 00 00 00 00 00 00 00 00 00 00 E7 10 83 93 7E
[ 20833][16:43:18.401]7E FF 02 FF 62 B8 CD ED 31 01 DA 02 80 A9 C9 33 00 49 00 10 00 01 00 02 8D DD 2E 10 01 10 04 01 03 0D 00 00 09 58 FC 88 46 46 F6 7E
[ 20834][16:43:18.431]7E FF 02 FF 63 B8 DC ED 31 01 D2 02 14 5C CF 33 00 49 00 94 00 01 00 01 8D DD 2E 01 E0 02 03 29 14 88 54 00 1A A6 54 10 00 2E 00 03 F6 3E 30 10 88 FF 00 00 2A 00 00 11 08 00 00 01 03 01 00 D9 00 43 27 04 59 00 00 04 0D 88 89 00 00 00 00 00 00 00 00 00 00 00 00 00 00 00 00 00 00 00 00 00 00 00 00 00 00 00 00 00 00 00 00 00 00 00 00 00 00 00 00 00 00 00 00 00 00 00 00 00 00 00 00 00 00 00 00 00 00 00 00 00 00 00 00 00 00 00 00 00 00 00 00 00 00 00 00 00 00 00 00 00 00 00 00 00 00 00 00 00 00 00 00 00 00 00 00 BE BD CE B7 7E
[ 20835][16:43:18.431]7E FF 02 FF 64 B8 EC ED 31 01 EB 02 BB 7E D5 33 00 49 00 10 00 01 00 02 8D DD 2E 10 01 E0 02 01 03 0C 00 00 34 8E E0 ED 53 B6 E8 7E
[ 20836][16:43:18.475]7E FF 02 FF 65 B8 94 ED 31 01 D3 00 A6 D7 D9 33 00 49 00 14 01 01 00 01 8D DD 2E 01 20 1A 01 82 18 60 C1 00 32 54 82 10 00 A2 01 03 FF 3E 00 70 88 FF 08 00 2A 00 00 00 00 05 46 46 54 22 03 23 23 12 47 05 00 00 00 00 00 3C 00 A2 01 01 00 5A 00 00 00 84 1A 00 00 00 00 00 00 00 00 00 00 10 10 00 00 00 00 00 00 00 00 00 00 00 00 00 00 00 00 00 00 00 00 00 00 00 00 20 00 00 00 21 22 00 30 00 00 00 00 00 20 04 00 00 00 00 00 00 00 01 00 01 00 00 00 00 40 3D 00 00 00 01 00 00 00 00 00 00 00 00 00 00 00 EA 0D C7 74 7C D3 39 52 00 00 00 04 68 CA 7C FC 00 00 00 00 00 00 00 00 00 00 00 00 00 00 00 00 00 00 00 00 00 00 00 00 00 00 00 00 00 00 00 00 00 00 00 00 00 00 00 00 00 00 00 00 00 00 00 00 00 00 00 00 00 00 00 00 00 00 00 00 00 00 00 00 00 00 00 00 00 00 00 00 00 00 00 00 00 00 00 00 00 00 00 00 00 00 00 00 00 00 00 00 00 00 00 00 00 00 00 00 00 00 00 00 00 00 00 00 00 00 00 00 00 00 00 00 66 CF 8F AA 7E
[ 20837][16:43:18.490]7E FF 02 FF 66 B8 B2 ED 31 01 1B 01 D3 50 E5 33 00 49 00 94 00 01 00 01 8D DD 2E 01 E0 02 03 29 14 88 50 00 0B A4 D0 10 00 1D 00 03 07 3F 30 10 88 FF 00 00 2A 00 00 11 08 00 00 01 03 01 00 E1 50 62 75 64 79 15 00 B4 B1 88 46 00 00 00 00 00 00 00 00 00 00 00 00 00 00 00 00 00 00 00 00 00 00 00 00 00 00 00 00 00 00 00 00 00 00 00 00 00 00 00 00 00 00 00 00 00 00 00 00 00 00 00 00 00 00 00 00 00 00 00 00 00 00 00 00 00 00 00 00 00 00 00 00 00 00 00 00 00 00 00 00 00 00 00 00 00 00 00 00 00 00 00 00 00 00 00 00 9E 92 F1 BD 7E
[ 20838][16:43:18.505]7E FF 02 FF 67 B8 C4 ED 31 01 4D 00 97 1A EC 33 00 49 00 94 00 01 00 01 8D DD 2E 01 E0 02 03 29 14 88 50 00 0B A4 D0 10 00 A9 00 03 08 3F 30 10 88 FF 00 00 2A 00 00 11 08 00 00 01 03 01 00 E9 50 87 41 61 79 15 00 44 CE 9B B0 00 00 00 00 00 00 00 00 00 00 00 00 00 00 00 00 00 00 00 00 00 00 00 00 00 00 00 00 00 00 00 00 00 00 00 00 00 00 00 00 00 00 00 00 00 00 00 00 00 00 00 00 00 00 00 00 00 00 00 00 00 00 00 00 00 00 00 00 00 00 00 00 00 00 00 00 00 00 00 00 00 00 00 00 00 00 00 00 00 00 00 00 00 00 00 00 A7 74 AB 4C 7E
[ 20839][16:43:18.520]7E FF 02 FF 68 B8 38 EE 31 01 4C 02 64 67 F2 33 00 49 00 54 00 01 00 01 8D DD 2E 01 E0 02 03 5B 13 60 E0 00 4A 22 17 10 00 5C 00 0A 0A 3F 30 10 88 FF 00 00 2A 00 00 11 08 00 00 01 03 01 00 E1 52 97 64 60 79 15 00 52 01 AA 46 00 00 00 00 00 00 00 00 00 00 00 00 00 00 00 00 00 00 00 00 00 00 00 00 00 00 00 00 00 00 00 00 C2 E0 2B 4E 7E
[ 20840][16:43:18.550]7E FF 02 FF 69 B8 06 EE 31 01 68 01 5C 69 05 34 00 49 00 10 00 01 00 02 8D DD 2E 10 01 20 1E 01 00 0B 00 00 31 1F 30 FD AB 48 88 7E
[ 20841][16:43:18.580]7E FF 02 FF 6A B8 10 EE 31 01 A3 03 86 6C 09 34 00 49 00 54 00 01 00 01 8D DD 2E 01 E0 02 03 5B 13 60 E4 00 5B 20 93 10 00 5C 00 0A 0A 3F 30 10 88 FF 00 00 2A 00 00 11 08 00 00 01 03 01 00 E1 52 97 64 60 79 15 00 52 01 AA 46 00 00 00 00 00 00 00 00 00 00 00 00 00 00 00 00 00 00 00 00 00 00 00 00 00 00 00 00 00 00 00 00 7B B0 29 9C 7E
[ 20842][16:43:18.807]7E FF 02 FF 6B B8 5E EF 31 01 00 02 D8 86 62 34 00 3B 02 95 00 01 00 00 EC A8 22 63 FE DE 70 01 60 5B 02 00 B3 A6 F5 CA D5 00 00 90 98 01 63 1E 01 00 00 20 02 00 00 00 00 00 00 04 00 0F 01 00 00 64 00 00 90 98 01 63 04 00 00 01 0A 90 01 76 01 3C 00 3C 00 C0 41 00 0F 33 00 06 10 32 00 00 00 00 82 86 DD 70 5A 26 00 00 10 00 02 10 09 10 23 10 24 10 3D 10 1D 10 2C 00 2A 00 1B 00 08 00 06 00 19 00 92 00 0C 00 11 80 58 1B 00 01 F4 01 00 02 D0 07 00 03 03 04 5A 05 0D 80 64 19 00 01 F4 01 00 02 D0 07 00 03 FC DF CF A7 A5 C3 7C 7E 7E
[ 20843][16:43:18.838]7E FF 02 FF 6C B8 6C EF 31 01 0B 03 3D F8 67 34 00 3E 03 95 00 01 00 00 EC A8 22 C7 6F E4 70 01 60 5B 04 00 70 5D F4 CA D5 00 00 90 98 01 63 1E 01 00 00 20 02 00 00 00 00 00 00 04 00 0F 01 00 00 64 00 00 90 98 01 63 04 00 00 01 0A 90 01 76 01 3C 00 3C 00 C0 41 00 0F 33 00 06 10 32 00 00 00 00 82 86 DD 70 5A 26 00 00 10 00 02 10 09 10 23 10 24 10 3D 10 1D 10 2C 00 2A 00 1B 00 08 00 06 00 19 00 92 00 0C 00 11 80 58 1B 00 01 F4 01 00 02 D0 07 00 03 03 04 5A 05 0D 80 64 19 00 01 F4 01 00 02 D0 07 00 03 FC DF CF A7 B2 CF 4D 2C 7E
[ 20844][16:43:18.853]7E FF 02 FF 6D B8 7C EF 31 01 E7 02 19 0F 6E 34 00 40 02 95 00 01 00 00 EC A8 22 A2 86 EA 70 01 60 5B 06 00 AD 66 6B CA D5 00 00 90 98 01 63 1E 01 00 00 20 02 00 00 00 00 00 00 04 00 0F 01 00 00 64 00 00 90 98 01 63 04 00 00 01 0A 90 01 76 01 3C 00 3C 00 C0 41 00 0F 33 00 06 10 32 00 00 00 00 82 86 DD 70 5A 26 00 00 10 00 02 10 09 10 23 10 24 10 3D 10 1D 10 2C 00 2A 00 1B 00 08 00 06 00 19 00 92 00 0C 00 11 80 58 1B 00 01 F4 01 00 02 D0 07 00 03 03 04 5A 05 0D 80 64 19 00 01 F4 01 00 02 D0 07 00 03 FC DF CF A7 7A 05 2C F4 7E
[ 20845][16:43:18.868]7E FF 02 FF 6E B8 27 EF 31 01 C0 02 AD C3 73 34 00 49 01 95 00 01 00 00 EC A8 22 88 3C F0 70 02 60 5B 04 00 62 50 FE C9 D5 00 00 90 98 01 63 1E 01 00 00 20 02 00 00 00 00 00 00 04 00 0F 02 10 00 42 01 18 01 00 00 03 12 03 02 01 0A 90 01 76 01 3C 00 3C 00 C0 41 00 0F 33 00 06 10 32 00 00 00 00 82 86 DD 70 5A 26 00 00 10 00 02 10 09 10 23 10 24 10 3D 10 1D 10 2C 00 2A 00 1B 00 08 00 06 00 19 00 92 00 0C 00 11 80 58 1B 00 01 F4 01 00 02 D0 07 00 03 03 04 5A 05 0D 80 64 19 00 01 F4 01 00 02 D0 07 00 03 72 F1 CC 3D B4 56 16 78 7E
[ 20846][16:43:18.883]7E FF 02 FF 6F B8 37 EF 31 01 C8 02 8E E2 79 34 00 49 01 95 00 01 00 00 EC A8 22 55 5B F6 70 09 60 5B 02 00 C9 3C CA C9 D5 00 00 90 98 01 63 1E 01 00 00 20 02 00 00 00 00 00 00 04 00 0F 09 10 00 44 01 21 01 00 00 19 12 02 01 01 0A 90 01 76 01 3C 00 3C 00 C0 41 00 0F 33 00 06 10 32 00 00 00 00 82 86 DD 70 5A 26 00 00 10 00 02 10 09 10 23 10 24 10 3D 10 1D 10 2C 00 2A 00 1B 00 08 00 06 00 19 00 92 00 0C 00 11 80 58 1B 00 01 F4 01 00 02 D0 07 00 03 03 04 5A 05 0D 80 64 19 00 01 F4 01 00 02 D0 07 00 03 FA C5 47 DB BA 43 A0 8D 7E
[ 20847][16:43:18.898]7E FF 02 FF 70 B8 4B EF 31 01 C0 02 86 7F 81 34 00 49 00 94 00 01 00 01 8D DD 2E 01 F0 FF 00 C8 14 B6 46 00 04 67 3E 10 00 FF 2F 0A FB 3E 00 34 88 11 00 00 2A 00 00 01 00 00 00 21 01 18 00 22 70 00 00 05 46 46 54 01 00 00 40 01 00 01 01 2B A3 38 29 00 7D 00 00 78 00 00 00 01 00 00 00 00 00 00 00 00 00 00 00 00 00 00 00 2E 8A 8A DA 00 00 00 00 00 00 00 00 00 00 00 00 00 00 00 00 00 00 00 00 00 00 00 00 00 00 00 00 00 00 00 00 00 00 00 00 00 00 00 00 00 00 00 00 00 00 00 00 00 00 00 00 00 00 00 00 00 00 00 00 02 F1 14 E9 7E
[ 20848][16:43:18.913]7E FF 02 FF 71 B8 57 EF 31 01 E0 02 D7 16 86 34 00 49 00 95 00 01 00 00 EC A8 22 B6 8F 02 71 24 60 5B 02 00 FA C2 12 C9 D5 00 00 90 98 01 63 1E 01 00 00 20 02 00 00 00 00 00 00 04 00 0F 24 10 00 44 01 23 01 00 00 06 12 02 01 01 0A 90 01 76 01 3C 00 3C 00 C0 41 00 0F 33 00 06 10 32 00 00 00 00 82 86 DD 70 5A 26 00 00 10 00 02 10 09 10 23 10 24 10 3D 10 1D 10 2C 00 2A 00 1B 00 08 00 06 00 19 00 92 00 0C 00 11 80 58 1B 00 01 F4 01 00 02 D0 07 00 03 03 04 5A 05 0D 80 64 19 00 01 F4 01 00 02 D0 07 00 03 AD 2F 5C 34 0D 1E 4E 3C 7E
[ 20849][16:43:18.913]7E FF 02 FF 72 B8 D5 EF 31 01 D5 00 5E D6 8F 34 00 49 00 10 00 01 00 02 8D DD 2E 10 01 70 00 01 03 0C 00 00 11 0A 34 6A DC 61 97 7E
[ 20850][16:43:18.943]7E FF 02 FF 73 B8 DB EF 31 01 AA 02 F9 46 92 34 00 49 01 95 00 01 00 00 EC A8 22 2A C1 0E 71 1D 60 5B 04 00 C1 44 65 C9 D5 00 00 90 98 01 63 1E 01 00 00 20 02 00 00 00 00 00 00 04 00 0F 1D 30 02 3E 01 19 01 00 00 01 22 05 02 01 0A 90 01 76 01 3C 00 3C 00 C0 41 00 0F 33 00 06 10 32 00 00 00 00 82 86 DD 70 5A 26 00 00 10 00 02 10 09 10 23 10 24 10 3D 10 1D 10 2C 00 2A 00 1B 00 08 00 06 00 19 00 92 00 0C 00 11 80 58 1B 00 01 F4 01 00 02 D0 07 00 03 03 04 5A 05 0D 80 64 19 00 01 F4 01 00 02 D0 07 00 03 B2 8F C6 CA 27 B5 E0 F2 7E
[ 20851][16:43:18.958]7E FF 02 FF 74 B8 E5 EF 31 01 E2 02 3C 1C 96 34 00 49 00 94 00 01 00 01 8D DD 2E 01 F0 FF 00 C8 14 B6 46 00 04 67 3E 10 00 FF 2F 0A FB 3E 00 34 88 11 00 00 2A 00 00 01 00 00 00 21 01 18 00 22 70 00 00 05 46 46 54 01 00 00 40 01 00 01 01 2B A3 38 29 00 7D 00 00 78 00 00 00 01 00 00 00 00 00 00 00 00 00 00 00 00 00 00 00 2E 8A 8A DA 00 00 00 00 00 00 00 00 00 00 00 00 00 00 00 00 00 00 00 00 00 00 00 00 00 00 00 00 00 00 00 00 00 00 00 00 00 00 00 00 00 00 00 00 00 00 00 00 00 00 00 00 00 00 00 00 00 00 00 00 19 1E 3C 1D 7E
[ 20852][16:43:18.973]7E FF 02 FF 75 B8 97 EF 31 01 C1 02 18 7E 9E 34 00 49 01 95 00 01 00 00 EC A8 22 13 F7 1A 71 2A 60 5B 02 00 76 2E 0E C8 D5 00 00 90 98 01 63 1E 01 00 00 20 02 00 00 00 00 00 00 04 00 0F 2A 10 00 47 01 12 01 00 00 07 11 03 01 01 0A 90 01 76 01 3C 00 3C 00 C0 23 00 0F 33 00 06 10 32 00 00 00 00 82 86 DD 70 5A 26 00 00 10 00 58 1B 00 01 F4 01 00 02 D0 07 00 03 03 04 5A 05 1B 00 08 00 06 00 19 00 92 00 0C 00 11 80 58 1B 00 01 F4 01 00 02 D0 07 00 03 03 04 5A 05 0D 80 64 19 00 01 F4 01 00 02 D0 07 00 03 E1 02 5A 29 D7 32 B1 A0 7E
[ 20853][16:43:19.033]7E FF 02 FF 76 B8 3B F0 31 01 AA 02 EE E6 B6 34 00 49 01 95 00 01 00 00 EC A8 22 3D 61 33 71 19 60 5B 02 00 8F 6E 8A C9 D5 00 00 90 98 01 63 1E 01 00 00 20 02 00 00 00 00 00 00 04 00 0F 19 30 02 3C 01 12 01 00 00 03 22 04 01 01 0A 90 01 76 01 3C 00 3C 00 C0 41 00 0F 33 00 06 10 32 00 00 00 00 82 86 DD 70 5A 26 00 00 10 00 02 10 09 10 23 10 24 10 3D 10 1D 10 2C 00 2A 00 1B 00 08 00 06 00 19 00 92 00 0C 00 11 80 58 1B 00 01 F4 01 00 02 D0 07 00 03 03 04 5A 05 0D 80 64 19 00 01 F4 01 00 02 D0 07 00 03 47 CE C7 06 7A A6 FA 3C 7E
[ 20854][16:43:19.063]7E FF 02 FF 77 B8 F7 EF 31 01 BC 02 74 1D C3 34 00 49 00 95 00 01 00 00 EC A8 22 43 96 3F 71 0C 60 5B 06 00 DC 4C BE C8 D5 00 00 90 98 01 63 1E 01 00 00 20 02 00 00 00 00 00 00 04 00 0F 0C 10 00 43 01 21 01 00 00 13 11 02 03 01 0A 90 01 76 01 3C 00 3C 00 C0 23 00 0F 33 00 06 10 32 00 00 00 00 82 86 DD 70 5A 26 00 00 10 00 58 1B 00 01 F4 01 00 02 D0 07 00 03 03 04 5A 05 1B 00 08 00 06 00 19 00 92 00 0C 00 11 80 58 1B 00 01 F4 01 00 02 D0 07 00 03 03 04 5A 05 0D 80 64 19 00 01 F4 01 00 02 D0 07 00 03 09 68 11 BB DF B7 31 D5 7E
[ 20855][16:43:19.093]7E FF 02 FF 78 B8 08 F0 31 01 C3 00 AC 66 C9 34 00 49 00 94 00 01 00 01 8D DD 2E 01 F0 FF 00 C8 14 B6 46 00 04 67 3E 10 00 FF 2F 0A FB 3E 00 34 88 11 00 00 2A 00 00 01 00 00 00 21 01 18 00 22 70 00 00 05 46 46 54 01 00 00 40 01 00 01 01 2B A3 38 29 00 7D 00 00 78 00 00 00 01 00 00 00 00 00 00 00 00 00 00 00 00 00 00 00 2E 8A 8A DA 00 00 00 00 00 00 00 00 00 00 00 00 00 00 00 00 00 00 00 00 00 00 00 00 00 00 00 00 00 00 00 00 00 00 00 00 00 00 00 00 00 00 00 00 00 00 00 00 00 00 00 00 00 00 00 00 00 00 00 00 11 2B CA DC 7E
[ 20856][16:43:19.123]7E FF 02 FF 79 B8 90 F0 31 01 01 02 1D 41 D7 34 00 49 00 94 00 01 00 01 8D DD 2E 01 A0 0B 03 29 14 88 50 00 02 C5 7C 10 00 63 00 03 FD 3E 30 10 88 FF 00 00 2A 00 00 11 08 00 00 01 03 01 00 34 71 71 23 58 79 15 00 A3 F6 53 E9 00 00 00 00 00 00 00 00 00 00 00 00 00 00 00 00 00 00 00 00 00 00 00 00 00 00 00 00 00 00 00 00 00 00 00 00 00 00 00 00 00 00 00 00 00 00 00 00 00 00 00 00 00 00 00 00 00 00 00 00 00 00 00 00 00 00 00 00 00 00 00 00 00 00 00 00 00 00 00 00 00 00 00 00 00 00 00 00 00 00 00 00 00 00 00 00 00 4C D7 CE 7E
[ 20857][16:43:19.152]7E FF 02 FF 7A B8 A6 F0 31 01 8F 03 CD CC DF 34 00 49 00 94 00 01 00 01 EC A8 22 02 10 00 00 16 15 B6 40 00 91 EB 11 20 00 01 00 03 05 01 00 38 F8 FF 00 00 D5 00 00 09 00 00 00 02 00 0C 00 3F 00 57 64 7E 00 5A 5A 7F 00 5A 5A 80 00 64 64 81 00 5A 5A 83 00 64 64 84 00 50 50 85 00 50 50 87 00 5A 5A 89 00 5A 5A 8A 00 5A 5A 8D 00 50 50 49 A5 01 FA 00 00 00 00 00 00 00 00 00 00 00 00 00 00 00 00 00 00 00 00 00 00 00 00 00 00 00 00 00 00 00 00 00 00 00 00 00 00 00 00 00 00 00 00 00 00 00 00 00 00 00 00 00 00 00 00 D7 20 9D F8 7E
[ 20858][16:43:19.152]7E FF 02 FF 7B B8 B2 F0 31 01 55 00 93 15 E4 34 00 49 00 10 00 01 00 02 EC A8 22 10 01 20 00 01 03 00 00 00 B0 04 2A 85 72 BF 34 7E
[ 20859][16:43:19.182]7E FF 02 FF 7C B8 52 F0 31 01 9C 00 BE 9E E5 34 00 49 00 14 01 01 00 01 EC A8 22 2D F0 FF 00 34 18 60 C3 00 2D E4 2B D0 02 FF 2F 01 01 01 00 C8 A0 11 00 00 D5 00 00 08 00 00 00 2D 10 00 11 01 18 01 00 00 01 00 00 90 98 01 63 02 02 64 64 8F 00 09 01 83 01 13 00 46 00 00 00 01 30 FE FF FD FF FF DF FF FF FF FF FF FF FF FF FF FF FF FF 03 13 13 09 09 07 08 04 0B 13 09 09 0A 06 0A 08 08 09 09 07 09 07 08 06 0A 09 08 07 0D 0A 06 06 09 08 12 11 09 07 09 09 06 06 08 09 09 09 08 09 09 08 08 0A 0A 08 0A 09 0A 09 0A 10 08 09 06 05 06 06 06 06 06 06 06 06 06 04 06 05 06 06 06 06 06 06 06 06 05 06 06 05 05 06 06 06 06 06 06 06 05 06 06 06 05 06 06 06 05 05 04 06 06 06 05 06 06 02 06 05 06 06 06 06 06 06 05 04 06 06 06 06 05 05 06 05 03 05 04 05 04 05 05 04 04 03 04 04 9D 3A 2D 91 00 00 00 00 00 00 00 00 00 00 00 00 00 00 00 00 00 00 00 00 00 00 00 00 00 00 00 00 00 00 00 00 00 00 00 00 00 00 00 00 74 26 CC E4 7E
[ 20860][16:43:19.258]7E FF 02 FF 7D B8 10 F1 31 01 AB 00 B4 F5 07 35 00 49 00 94 00 01 00 01 8D DD 2E 01 20 1E 03 29 14 88 50 00 2B E0 4F 10 00 A7 00 03 0B 3F 30 10 88 FF 00 00 2A 00 00 11 08 00 00 01 03 01 00 57 52 04 86 60 79 15 00 20 2E D5 9F 00 00 00 00 00 00 00 00 00 00 00 00 00 00 00 00 00 00 00 00 00 00 00 00 00 00 00 00 00 00 00 00 00 00 00 00 00 00 00 00 00 00 00 00 00 00 00 00 00 00 00 00 00 00 00 00 00 00 00 00 00 00 00 00 00 00 00 00 00 00 00 00 00 00 00 00 00 00 00 00 00 00 00 00 00 00 00 00 00 00 00 00 00 00 00 00 FC 60 C1 77 7E
[ 20861][16:43:19.272]7E FF 02 FF 7E B8 B9 F0 31 01 1E 01 DC F4 0C 35 00 49 00 94 00 01 00 01 8D DD 2E 01 20 1E 00 16 15 B6 40 00 67 9F 28 10 00 E2 01 0A 0C 3F 00 34 88 FF 00 00 2A 00 00 01 00 00 00 22 03 23 23 12 35 00 00 05 46 46 54 01 00 00 00 E2 01 01 01 6B 23 46 27 00 A0 0F 00 81 00 00 00 01 00 00 00 00 00 00 00 00 00 00 00 00 00 00 00 08 7D B6 F5 00 00 00 00 00 00 00 00 00 00 00 00 00 00 00 00 00 00 00 00 00 00 00 00 00 00 00 00 00 00 00 00 00 00 00 00 00 00 00 00 00 00 00 00 00 00 00 00 00 00 00 00 00 00 00 00 00 00 00 00 DF A5 3B 4B 7E
[ 20862][16:43:19.318]7E FF 02 FF 7F B8 52 F1 31 01 50 03 6F 63 21 35 00 49 00 94 00 01 00 01 8D DD 2E 01 70 00 00 16 15 B6 40 00 C2 1B 21 10 00 07 00 0A 0D 3F 00 34 88 FF 00 00 2A 00 00 01 00 00 00 22 03 23 23 11 83 00 00 05 46 46 54 01 00 00 40 07 00 01 01 C2 2F 56 7A 00 A0 0F 00 F2 00 00 00 01 00 00 00 00 00 00 00 00 00 00 00 00 00 00 00 F9 96 D2 55 00 00 00 00 00 00 00 00 00 00 00 00 00 00 00 00 00 00 00 00 00 00 00 00 00 00 00 00 00 00 00 00 00 00 00 00 00 00 00 00 00 00 00 00 00 00 00 00 00 00 00 00 00 00 00 00 00 00 00 00 D1 54 A2 06 7E
[ 20863][16:43:19.318]7E FF 02 FF 80 B8 66 F1 31 01 3C 03 8A 08 29 35 00 49 00 10 00 01 00 03 8D DD 2E 89 08 69 17 B1 50 3B B4 03 19 83 37 52 4C 61 F5 7E
[ 20864][16:43:19.416]7E FF 02 FF 81 B8 C0 F1 31 01 94 03 CF 66 4B 35 00 49 00 10 00 01 00 02 8D DD 2E 10 01 E0 02 01 03 03 00 00 32 7E 38 6B 1F 6E B8 7E
[ 20865][16:43:19.573]7E FF 02 FF 82 B8 FA F1 31 01 2C 01 4B 70 87 35 00 49 00 10 00 01 00 03 EC A8 22 20 01 5B 23 8D DD 2E 20 02 A7 12 37 CE 1E AB 90 7E
[ 20866][16:43:19.632]7E FF 02 FF 83 B8 7F F2 31 01 18 02 DE 17 94 35 00 49 01 14 01 01 00 01 EC A8 22 3C F0 FF 00 34 18 60 C3 00 3F E4 B7 C0 03 FF 2F 01 C5 00 00 C9 F8 11 03 00 D5 00 00 08 00 00 00 3C 10 00 11 01 12 01 00 00 11 00 00 90 98 01 63 03 01 64 64 90 00 09 01 79 01 13 00 4B 00 00 00 01 30 FE FF FD FF FF FF FF EF FF FF FF FF FF FF FF FF FF FF 07 13 13 09 08 07 08 07 0B 12 09 09 0A 06 0A 08 08 09 09 07 09 07 08 09 0A 09 08 07 0D 09 06 07 09 08 12 11 09 07 09 09 06 07 09 08 09 09 09 08 08 09 08 08 0A 0A 08 0A 09 0A 0A 10 08 09 06 06 06 06 05 06 06 06 06 06 06 06 06 06 06 06 06 06 06 06 06 06 05 06 06 05 05 06 06 06 06 06 06 06 05 06 06 06 05 06 06 06 05 05 06 06 06 06 05 06 06 06 06 05 05 06 06 06 06 06 05 04 06 06 06 06 05 05 06 05 03 05 04 05 04 05 05 05 04 03 04 04 00 62 86 37 08 00 00 00 00 00 00 00 00 00 00 00 00 00 00 00 00 00 00 00 00 00 00 00 00 00 00 00 00 00 00 00 00 00 00 00 00 00 00 00 0C 78 A8 93 7E
[ 20867][16:43:19.827]7E FF 02 FF 84 B8 61 F3 31 01 0A 03 48 6B EA 35 00 49 01 10 00 01 00 02 8D DD 2E 10 01 40 0A 01 03 04 00 00 1A E9 E4 8E E9 2B A6 7E
[ 20868][16:43:20.232]7E FF 02 FF 85 B8 6A F4 31 01 1F 00 53 5A 75 36 00 49 00 14 01 01 00 01 EC A8 22 3B F0 FF 00 34 18 60 C3 00 39 E4 43 B0 03 FF 2F 01 AF 00 00 C9 88 11 00 00 D5 00 00 08 00 00 00 3B 10 00 11 01 12 01 00 00 13 00 00 90 98 01 63 01 03 64 64 90 00 09 01 79 01 13 00 4B 00 00 00 01 30 FE FF FD FF FF FF FF F7 FF FF FF FF FF FF FF FF FF FF 07 13 13 09 08 07 08 07 0B 12 09 09 0A 06 0A 08 08 09 09 05 09 07 08 09 0A 09 08 07 0D 09 06 07 09 08 12 11 09 07 09 09 06 07 09 08 09 09 09 08 08 09 08 08 0A 0A 08 0A 09 0A 0A 10 08 09 06 06 06 06 05 06 06 06 06 06 06 06 06 06 06 06 06 06 06 06 06 06 05 06 06 05 05 06 06 06 06 06 06 06 05 06 06 06 05 06 06 06 05 05 06 06 06 06 05 06 06 06 06 05 05 06 06 06 06 06 05 04 06 06 06 06 05 05 06 05 03 05 04 05 04 03 05 05 04 03 02 04 00 9C 45 AA E2 00 00 00 00 00 00 00 00 00 00 00 00 00 00 00 00 00 00 00 00 00 00 00 00 00 00 00 00 00 00 00 00 00 00 00 00 00 00 00 3A 95 3D 1E 7E
[ 20869][16:43:20.367]7E FF 02 FF 86 B8 1B F5 31 01 3A 03 AF 31 B9 36 00 49 00 10 00 01 00 02 8D DD 2E 10 01 C0 14 01 02 04 00 00 AC DA 32 F5 2B 22 07 7E
[ 20870][16:43:20.397]7E FF 02 FF 87 B8 29 F5 31 01 67 03 80 87 BE 36 00 49 00 94 00 01 00 01 8D DD 2E 01 C0 14 00 16 15 B6 40 00 D3 29 F3 10 00 4C 01 0A 10 3F 00 34 88 FF 00 00 2A 00 00 01 00 00 00 22 03 23 13 10 55 00 00 05 46 46 54 01 00 00 40 4C 01 01 01 D5 33 E0 C5 00 A0 0F 00 78 01 00 00 01 00 00 00 00 00 00 00 00 00 00 00 00 00 00 00 E4 D3 7F F4 00 00 00 00 00 00 00 00 00 00 00 00 00 00 00 00 00 00 00 00 00 00 00 00 00 00 00 00 00 00 00 00 00 00 00 00 00 00 00 00 00 00 00 00 00 00 00 00 00 00 00 00 00 00 00 00 00 00 00 00 2C 4C B9 FF 7E
[ 20871][16:43:20.756]7E FF 02 FF 88 B8 9E F6 31 01 C3 03 3D E0 4C 37 00 49 00 10 00 01 00 03 8D DD 2E 89 08 CD 11 B1 50 3B B4 03 91 93 61 07 51 BF 80 7E
[ 20872][16:43:20.860]7E FF 02 FF 89 B8 54 F7 31 01 82 02 E7 02 6C 37 00 49 00 94 00 01 00 01 8D DD 2E 01 E0 02 01 16 15 B6 40 00 06 D3 12 10 00 2E 00 03 0F 3F 00 34 88 FF 08 00 2A 00 00 00 00 05 46 46 54 00 00 59 04 27 43 05 00 00 00 00 00 00 00 8F 01 17 00 41 00 00 00 85 1A 00 00 00 00 00 00 22 03 23 23 11 83 00 00 05 46 46 54 01 00 00 40 07 00 01 01 C2 2F 56 7A 00 A0 0F 00 B0 EB 59 2D 00 00 00 00 00 00 00 00 00 00 00 00 00 00 00 00 00 00 00 00 00 00 00 00 00 00 00 00 00 00 00 00 00 00 00 00 00 00 00 00 00 00 00 00 00 00 00 00 02 64 04 D7 7E
[ 20873][16:43:21.339]7E FF 02 FF 8A B8 33 F9 31 01 17 00 0D 81 22 38 00 49 00 94 00 01 00 01 8D DD 2E 01 30 00 00 16 15 B6 40 00 80 53 29 10 00 03 00 0A 02 3F 00 34 88 FF 00 00 2A 00 00 01 00 00 00 21 01 18 00 45 49 00 00 05 46 46 54 01 00 00 00 03 00 01 01 2B A3 38 29 00 A0 0F 00 4F 00 00 00 01 00 00 00 00 00 00 00 00 00 00 00 00 00 00 00 AD 2F B2 4E 00 00 00 00 00 00 00 00 00 00 00 00 00 00 00 00 00 00 00 00 00 00 00 00 00 00 00 00 00 00 00 00 00 00 00 00 00 00 00 00 00 00 00 00 00 00 00 00 00 00 00 00 00 00 00 00 00 00 00 00 D1 2B 01 25 7E
[ 20874][16:43:21.414]7E FF 02 FF 8B B8 82 F9 31 01 BD 00 C8 B2 40 38 00 49 00 94 00 01 00 01 8D DD 2E 01 30 00 00 16 15 B6 44 00 91 51 AD 10 00 03 00 0A 02 3F 00 34 88 FF 00 00 2A 00 00 01 00 00 00 21 01 18 00 45 49 00 00 05 46 46 54 01 00 00 00 03 00 01 01 2B A3 38 29 00 A0 0F 00 4F 00 00 00 01 00 00 00 00 00 00 00 00 00 00 00 00 00 00 00 AD 2F B2 4E 00 00 00 00 00 00 00 00 00 00 00 00 00 00 00 00 00 00 00 00 00 00 00 00 00 00 00 00 00 00 00 00 00 00 00 00 00 00 00 00 00 00 00 00 00 00 00 00 00 00 00 00 00 00 00 00 00 00 00 00 10 03 54 44 7E
[ 20875][16:43:21.474]7E FF 02 FF 8C B8 5A F9 31 01 D7 03 4F E3 57 38 00 49 00 94 00 01 00 01 8D DD 2E 01 30 00 00 16 15 B6 44 00 91 51 AD 10 00 03 00 0A 02 3F 00 34 88 FF 00 00 2A 00 00 01 00 00 00 21 01 18 00 45 49 00 00 05 46 46 54 01 00 00 00 03 00 01 01 2B A3 38 29 00 A0 0F 00 4F 00 00 00 01 00 00 00 00 00 00 00 00 00 00 00 00 00 00 00 AD 2F B2 4E 00 00 00 00 00 00 00 00 00 00 00 00 00 00 00 00 00 00 00 00 00 00 00 00 00 00 00 00 00 00 00 00 00 00 00 00 00 00 00 00 00 00 00 00 00 00 00 00 00 00 00 00 00 00 00 00 00 00 00 00 C7 70 88 A6 7E
[ 20876][16:43:21.474]7E FF 02 FF 8D B8 6A F9 31 01 CE 01 C5 D0 5D 38 00 49 00 10 00 01 00 03 EC A8 22 20 01 EA 1B 8D DD 2E 20 02 0C 48 85 9B 85 4D D3 7E
[ 20877][16:43:21.488]7E FF 02 FF 8E B8 6D F9 31 01 A5 03 63 20 5F 38 00 49 00 94 00 01 00 01 8D DD 2E 01 C0 1A 00 16 15 B6 40 00 A0 E7 B0 10 00 FD 01 0A 03 3F 00 34 88 FF 00 00 2A 00 00 01 00 00 00 00 15 79 55 26 00 00 00 05 46 46 54 01 00 00 00 FD 01 01 01 6B 23 46 27 00 7D 00 00 1D 00 00 00 01 00 00 00 00 00 00 00 00 00 00 00 00 00 00 00 B3 18 74 D5 00 00 00 00 00 00 00 00 00 00 00 00 00 00 00 00 00 00 00 00 00 00 00 00 00 00 00 00 00 00 00 00 00 00 00 00 00 00 00 00 00 00 00 00 00 00 00 00 00 00 00 00 00 00 00 00 00 00 00 00 E3 63 6E 33 7E
[ 20878][16:43:21.563]7E FF 02 FF 8F B8 C4 F9 31 01 36 03 62 49 80 38 00 49 00 10 00 01 00 02 8D DD 2E 10 01 20 1E 01 02 02 00 00 15 0F 60 69 56 28 59 7E
[ 20879][16:43:21.624]7E FF 02 FF 90 B8 4E FA 31 01 11 03 13 BF 8E 38 00 49 00 94 00 01 00 01 8D DD 2E 01 C0 1A 00 16 15 B6 44 00 B1 E5 34 10 00 FD 01 0A 03 3F 00 34 88 FF 00 00 2A 00 00 01 00 00 00 00 15 79 55 26 00 00 00 05 46 46 54 01 00 00 00 FD 01 01 01 6B 23 46 27 00 7D 00 00 1D 00 00 00 01 00 00 00 00 00 00 00 00 00 00 00 00 00 00 00 B3 18 74 D5 00 00 00 00 00 00 00 00 00 00 00 00 00 00 00 00 00 00 00 00 00 00 00 00 00 00 00 00 00 00 00 00 00 00 00 00 00 00 00 00 00 00 00 00 00 00 00 00 00 00 00 00 00 00 00 00 00 00 00 00 E0 F4 D8 53 7E
[ 20880][16:43:21.654]7E FF 02 FF 91 B8 6D FA 31 01 10 00 FE 46 9A 38 00 49 00 94 00 01 00 01 8D DD 2E 01 00 21 00 16 15 B6 40 00 B1 65 48 10 00 10 02 0A 05 3F 00 34 88 FF 00 00 2A 00 00 01 00 00 00 00 19 01 12 00 07 00 00 05 46 46 54 01 00 00 00 10 02 01 01 6B 23 46 27 00 7D 00 00 11 00 00 00 01 00 00 00 00 00 00 00 00 00 00 00 00 00 00 00 9F F6 C9 D4 00 00 00 00 00 00 00 00 00 00 00 00 00 00 00 00 00 00 00 00 00 00 00 00 00 00 00 00 00 00 00 00 00 00 00 00 00 00 00 00 00 00 00 00 00 00 00 00 00 00 00 00 00 00 00 00 00 00 00 00 6D B3 8F 6C 7E
[ 20881][16:43:21.654]7E FF 02 FF 92 B8 22 FA 31 01 9E 01 CE FC A3 38 00 49 00 10 00 01 00 02 8D DD 2E 10 01 30 00 01 01 01 00 00 26 18 E0 7A 4F C9 56 7E
[ 20882][16:43:21.684]7E FF 02 FF 93 B8 28 FA 31 01 3A 02 79 50 A6 38 00 49 00 94 00 01 00 01 8D DD 2E 01 20 1E 00 16 15 B6 40 00 67 9F 28 10 00 E2 01 0A 11 3F 00 34 88 FF 00 00 2A 00 00 01 00 00 00 21 01 18 01 05 45 00 00 05 46 46 54 01 00 00 00 E2 01 01 01 2B A3 38 29 80 3E 00 00 66 00 00 00 01 00 00 00 00 00 00 00 00 00 00 00 00 00 00 00 B9 71 61 3B 00 00 00 00 00 00 00 00 00 00 00 00 00 00 00 00 00 00 00 00 00 00 00 00 00 00 00 00 00 00 00 00 00 00 00 00 00 00 00 00 00 00 00 00 00 00 00 00 00 00 00 00 00 00 00 00 00 00 00 00 75 7C 65 6B 7E
[ 20883][16:43:21.759]7E FF 02 FF 94 B8 D6 FA 31 01 EA 01 11 83 C2 38 00 49 00 94 00 01 00 01 8D DD 2E 01 30 00 00 16 15 B6 40 00 80 53 29 10 00 03 00 0A 12 3F 00 34 88 FF 00 00 2A 00 00 01 00 00 00 00 15 79 60 95 05 00 00 05 46 46 54 01 00 00 00 03 00 01 01 2B A3 38 29 00 7D 00 00 C5 00 00 00 01 00 00 00 00 00 00 00 00 00 00 00 00 00 00 00 0A 4B 86 65 00 00 00 00 00 00 00 00 00 00 00 00 00 00 00 00 00 00 00 00 00 00 00 00 00 00 00 00 00 00 00 00 00 00 00 00 00 00 00 00 00 00 00 00 00 00 00 00 00 00 00 00 00 00 00 00 00 00 00 00 1D 49 67 1A 7E
[ 20884][16:43:21.894]7E FF 02 FF 95 B8 0E FB 31 01 8B 03 66 34 FE 38 00 49 00 10 00 01 00 02 8D DD 2E 10 01 00 00 01 00 01 00 00 BB 69 62 C2 F6 5E 20 7E
[ 20885][16:43:21.924]7E FF 02 FF 96 B8 84 FB 31 01 96 03 50 0D 05 39 00 49 00 94 00 01 00 01 8D DD 2E 01 F0 FF 00 C8 14 B6 42 00 15 65 BA 10 00 FF 2F 0A 13 3F 00 34 88 11 00 00 2A 00 00 01 00 00 00 00 19 01 12 00 48 00 00 05 46 46 54 01 00 00 00 01 00 01 01 2B A3 38 29 00 7D 00 00 9F 00 00 00 01 00 00 00 00 00 00 00 00 00 00 00 00 00 00 00 48 4A 4F F6 00 00 00 00 00 00 00 00 00 00 00 00 00 00 00 00 00 00 00 00 00 00 00 00 00 00 00 00 00 00 00 00 00 00 00 00 00 00 00 00 00 00 00 00 00 00 00 00 00 00 00 00 00 00 00 00 00 00 00 00 18 C5 53 B7 7E
[ 20886][16:43:21.969]7E FF 02 FF 97 B8 4C FB 31 01 92 02 87 BC 15 39 00 49 00 94 00 01 00 01 8D DD 2E 01 F0 FF 00 C8 14 B6 46 00 04 67 3E 10 00 FF 2F 0A 13 3F 00 34 88 11 00 00 2A 00 00 01 00 00 00 00 19 01 12 00 48 00 00 05 46 46 54 01 00 00 00 01 00 01 01 2B A3 38 29 00 7D 00 00 9F 00 00 00 01 00 00 00 00 00 00 00 00 00 00 00 00 00 00 00 48 4A 4F F6 00 00 00 00 00 00 00 00 00 00 00 00 00 00 00 00 00 00 00 00 00 00 00 00 00 00 00 00 00 00 00 00 00 00 00 00 00 00 00 00 00 00 00 00 00 00 00 00 00 00 00 00 00 00 00 00 00 00 00 00 F2 52 BC 20 7E
[ 20887][16:43:21.999]7E FF 02 FF 98 B8 62 FB 31 01 6F 00 C3 EB 1D 39 00 49 00 94 00 01 00 01 8D DD 2E 01 F0 FF 00 C8 14 B6 46 00 04 67 3E 10 00 FF 2F 0A 13 3F 00 34 88 11 00 00 2A 00 00 01 00 00 00 00 19 01 12 00 48 00 00 05 46 46 54 01 00 00 00 01 00 01 01 2B A3 38 29 00 7D 00 00 9F 00 00 00 01 00 00 00 00 00 00 00 00 00 00 00 00 00 00 00 48 4A 4F F6 00 00 00 00 00 00 00 00 00 00 00 00 00 00 00 00 00 00 00 00 00 00 00 00 00 00 00 00 00 00 00 00 00 00 00 00 00 00 00 00 00 00 00 00 00 00 00 00 00 00 00 00 00 00 00 00 00 00 00 00 0E 01 8C 1E 7E
[ 20888][16:43:22.028]7E FF 02 FF 99 B8 E5 FB 31 01 15 02 25 E8 29 39 00 49 00 94 00 01 00 01 8D DD 2E 01 F0 FF 00 C8 14 B6 46 00 04 67 3E 10 00 FF 2F 0A 13 3F 00 34 88 11 00 00 2A 00 00 01 00 00 00 00 19 01 12 00 48 00 00 05 46 46 54 01 00 00 00 01 00 01 01 2B A3 38 29 00 7D 00 00 9F 00 00 00 01 00 00 00 00 00 00 00 00 00 00 00 00 00 00 00 48 4A 4F F6 00 00 00 00 00 00 00 00 00 00 00 00 00 00 00 00 00 00 00 00 00 00 00 00 00 00 00 00 00 00 00 00 00 00 00 00 00 00 00 00 00 00 00 00 00 00 00 00 00 00 00 00 00 00 00 00 00 00 00 00 F0 69 29 90 7E
[ 20889][16:43:22.043]7E FF 02 FF 9A B8 FB FB 31 01 DC 02 47 60 32 39 00 49 00 94 00 01 00 01 8D DD 2E 01 F0 FF 00 C8 14 B6 46 00 04 67 3E 10 00 FF 2F 0A 13 3F 00 34 88 11 00 00 2A 00 00 01 00 00 00 00 19 01 12 00 48 00 00 05 46 46 54 01 00 00 00 01 00 01 01 2B A3 38 29 00 7D 00 00 9F 00 00 00 01 00 00 00 00 00 00 00 00 00 00 00 00 00 00 00 48 4A 4F F6 00 00 00 00 00 00 00 00 00 00 00 00 00 00 00 00 00 00 00 00 00 00 00 00 00 00 00 00 00 00 00 00 00 00 00 00 00 00 00 00 00 00 00 00 00 00 00 00 00 00 00 00 00 00 00 00 00 00 00 00 AD B5 31 92 7E
[ 20890][16:43:22.073]7E FF 02 FF 9B B8 AA FB 31 01 89 02 77 97 39 39 00 49 00 94 00 01 00 01 8D DD 2E 01 F0 FF 00 C8 14 B6 46 00 04 67 3E 10 00 FF 2F 0A 13 3F 00 34 88 11 00 00 2A 00 00 01 00 00 00 00 19 01 12 00 48 00 00 05 46 46 54 01 00 00 00 01 00 01 01 2B A3 38 29 00 7D 00 00 9F 00 00 00 01 00 00 00 00 00 00 00 00 00 00 00 00 00 00 00 48 4A 4F F6 00 00 00 00 00 00 00 00 00 00 00 00 00 00 00 00 00 00 00 00 00 00 00 00 00 00 00 00 00 00 00 00 00 00 00 00 00 00 00 00 00 00 00 00 00 00 00 00 00 00 00 00 00 00 00 00 00 00 00 00 28 35 F8 78 7E
[ 20891][16:43:22.103]7E FF 02 FF 9C B8 CE FB 31 01 9A 02 9F 54 47 39 00 49 00 94 00 01 00 01 8D DD 2E 01 F0 FF 00 C8 14 B6 46 00 04 67 3E 10 00 FF 2F 0A 13 3F 00 34 88 11 00 00 2A 00 00 01 00 00 00 00 19 01 12 00 48 00 00 05 46 46 54 01 00 00 00 01 00 01 01 2B A3 38 29 00 7D 00 00 9F 00 00 00 01 00 00 00 00 00 00 00 00 00 00 00 00 00 00 00 48 4A 4F F6 00 00 00 00 00 00 00 00 00 00 00 00 00 00 00 00 00 00 00 00 00 00 00 00 00 00 00 00 00 00 00 00 00 00 00 00 00 00 00 00 00 00 00 00 00 00 00 00 00 00 00 00 00 00 00 00 00 00 00 00 06 9F 80 CF 7E
[ 20892][16:43:22.417]7E FF 02 FF 9D B8 71 FD 31 01 CA 02 E9 0B C1 39 00 49 00 94 00 01 00 01 8D DD 2E 01 10 04 03 29 14 88 50 00 CD 8C CE 10 00 30 01 03 17 3F 30 10 88 FF 00 00 2A 00 00 11 08 00 00 01 03 01 00 1E 55 04 61 47 79 15 00 20 45 B1 CB 00 00 00 00 00 00 00 00 00 00 00 00 00 00 00 00 00 00 00 00 00 00 00 00 00 00 00 00 00 00 00 00 00 00 00 00 00 00 00 00 00 00 00 00 00 00 00 00 00 00 00 00 00 00 00 00 00 00 00 00 00 00 00 00 00 00 00 00 00 00 00 00 00 00 00 00 00 00 00 00 00 00 00 00 00 00 00 00 00 00 00 00 00 00 00 00 92 65 A8 B0 7E
[ 20893][16:43:22.687]7E FF 02 FF 9E B8 2A FE 31 01 8D 02 87 C3 2D 3A 00 49 00 10 00 01 00 03 8D DD 2E 89 08 41 0A B1 50 3B B4 03 15 45 97 4A D4 CC BB 7E
[ 20894][16:43:23.300]7E FF 02 FF 9F B8 6D 00 32 01 57 03 23 B0 0A 3B 00 49 00 14 01 01 00 01 EC A8 22 24 F0 FF 00 34 18 60 C3 00 24 E4 BB 40 02 FF 2F 01 92 00 00 C8 A8 11 03 00 D5 00 00 08 00 00 00 24 10 00 12 01 23 01 00 00 06 00 00 90 98 01 63 01 02 64 64 8F 00 11 01 89 01 13 00 44 00 00 00 01 30 FE FF FD FF EF FF FF FF FF FF FF FF FF FF FF FF FF FF 03 13 13 09 08 07 08 07 0B 13 09 09 0A 06 0A 08 08 09 09 07 09 07 08 09 0A 09 08 07 0D 0A 07 06 09 08 12 09 07 09 09 06 07 08 09 09 09 09 08 09 09 08 08 0A 0A 08 0A 09 0A 09 0A 10 08 0A 06 05 06 06 06 06 06 06 06 06 06 04 06 06 06 06 06 06 06 06 06 06 05 06 06 05 05 06 06 06 06 06 06 06 05 06 06 06 05 06 06 06 05 05 06 06 06 06 05 06 06 06 06 05 06 06 06 06 06 06 06 04 06 06 06 06 05 05 06 05 03 05 04 05 04 05 05 04 04 03 04 04 D2 3C C4 9A 00 00 00 00 00 00 00 00 00 00 00 00 00 00 00 00 00 00 00 00 00 00 00 00 00 00 00 00 00 00 00 00 00 00 00 00 00 00 00 00 B7 82 94 F7 7E
[ 20895][16:43:23.360]7E FF 02 FF A0 B8 17 01 32 01 99 03 80 68 25 3B 00 49 00 94 00 01 00 01 8D DD 2E 01 E0 02 03 29 14 88 50 00 0B A4 D0 10 00 1D 00 03 14 3F 30 10 88 FF 00 00 2A 00 00 11 08 00 00 01 03 01 00 E1 50 62 75 64 79 15 00 B4 B1 88 46 00 00 00 00 00 00 00 00 00 00 00 00 00 00 00 00 00 00 00 00 00 00 00 00 00 00 00 00 00 00 00 00 00 00 00 00 00 00 00 00 00 00 00 00 00 00 00 00 00 00 00 00 00 00 00 00 00 00 00 00 00 00 00 00 00 00 00 00 00 00 00 00 00 00 00 00 00 00 00 00 00 00 00 00 00 00 00 00 00 00 00 00 00 00 00 00 7C 74 2A E4 7E
[ 20896][16:43:23.360]7E FF 02 FF A1 B8 D0 00 32 01 94 02 31 65 30 3B 00 49 00 10 00 01 00 03 EC A8 22 20 01 84 14 8D DD 2E 20 02 A4 9E A9 67 F5 31 77 7E
[ 20897][16:43:23.390]7E FF 02 FF A2 B8 DB 00 32 01 2E 03 19 A1 34 3B 00 49 00 94 00 01 00 01 8D DD 2E 01 E0 02 03 29 14 88 54 00 1A A6 54 10 00 1D 00 03 14 3F 30 10 88 FF 00 00 2A 00 00 11 08 00 00 01 03 01 00 E1 50 62 75 64 79 15 00 B4 B1 88 46 00 00 00 00 00 00 00 00 00 00 00 00 00 00 00 00 00 00 00 00 00 00 00 00 00 00 00 00 00 00 00 00 00 00 00 00 00 00 00 00 00 00 00 00 00 00 00 00 00 00 00 00 00 00 00 00 00 00 00 00 00 00 00 00 00 00 00 00 00 00 00 00 00 00 00 00 00 00 00 00 00 00 00 00 00 00 00 00 00 00 00 00 00 00 00 00 0F 45 4E 83 7E
[ 20898][16:43:23.420]7E FF 02 FF A3 B8 53 01 32 01 6B 00 3A FD 3B 3B 00 49 00 94 00 01 00 01 8D DD 2E 01 E0 02 03 29 14 88 50 00 0B A4 D0 10 00 A9 00 03 15 3F 30 10 88 FF 00 00 2A 00 00 11 08 00 00 01 03 01 00 E9 50 87 41 61 79 15 00 44 CE 9B B0 00 00 00 00 00 00 00 00 00 00 00 00 00 00 00 00 00 00 00 00 00 00 00 00 00 00 00 00 00 00 00 00 00 00 00 00 00 00 00 00 00 00 00 00 00 00 00 00 00 00 00 00 00 00 00 00 00 00 00 00 00 00 00 00 00 00 00 00 00 00 00 00 00 00 00 00 00 00 00 00 00 00 00 00 00 00 00 00 00 00 00 00 00 00 00 00 5D ED 5F 94 7E
[ 20899][16:43:23.420]7E FF 02 FF A4 B8 73 01 32 01 22 03 7F 7B 48 3B 00 49 00 10 00 01 00 02 8D DD 2E 10 01 E0 02 01 03 02 00 00 33 6E FC 02 B8 96 87 7E
[ 20900][16:43:23.450]7E FF 02 FF A5 B8 7C 01 32 01 16 03 BA E3 4B 3B 00 49 00 94 00 01 00 01 8D DD 2E 01 E0 02 03 29 14 88 50 00 0B A4 D0 10 00 5C 00 03 16 3F 30 10 88 FF 00 00 2A 00 00 11 08 00 00 01 03 01 00 E1 52 97 64 60 79 15 00 52 01 AA 46 00 00 00 00 00 00 00 00 00 00 00 00 00 00 00 00 00 00 00 00 00 00 00 00 00 00 00 00 00 00 00 00 00 00 00 00 00 00 00 00 00 00 00 00 00 00 00 00 00 00 00 00 00 00 00 00 00 00 00 00 00 00 00 00 00 00 00 00 00 00 00 00 00 00 00 00 00 00 00 00 00 00 00 00 00 00 00 00 00 00 00 00 00 00 00 00 FC 69 9A 03 7E
[ 20901][16:43:23.525]7E FF 02 FF A6 B8 BB 01 32 01 88 03 E9 F7 63 3B 00 49 00 94 00 01 00 01 8D DD 2E 01 E0 02 00 16 15 B6 40 00 47 DB B7 10 00 88 00 0A 19 3F 00 34 88 FF 00 00 2A 00 00 01 00 00 00 22 03 23 23 11 69 00 00 05 46 46 54 01 00 00 40 88 00 01 01 0B 3E 02 7E 00 7D 00 00 05 00 00 00 01 00 00 00 00 00 00 00 00 00 00 00 00 00 00 00 39 C9 0F 1C 00 00 00 00 00 00 00 00 00 00 00 00 00 00 00 00 00 00 00 00 00 00 00 00 00 00 00 00 00 00 00 00 00 00 00 00 00 00 00 00 00 00 00 00 00 00 00 00 00 00 00 00 00 00 00 00 00 00 00 00 DA 2E 9F EE 7E
[ 20902][16:43:23.884]7E FF 02 FF A7 B8 D5 02 32 01 E2 03 24 BE F5 3B 00 49 00 10 00 01 00 02 8D DD 2E 10 01 10 13 01 02 01 00 00 DB 65 03 BD 52 E1 48 7E
[ 20903][16:43:24.138]7E FF 02 FF A8 B8 16 04 32 01 4F 03 21 F8 49 3C 00 49 01 14 01 01 00 01 EC A8 22 07 F0 FF 00 34 18 60 C3 00 03 E4 9B 70 00 FF 2F 01 DF 00 00 C5 90 11 00 00 D5 00 00 08 00 00 00 07 10 00 11 01 21 01 00 00 17 00 00 90 98 01 63 03 02 64 64 8A 00 10 02 06 00 13 00 47 00 00 00 01 30 0C 00 7E FF FD FF FF FF FF FF FF FB FF FF FF FB FF FF FF B7 01 10 0C 10 10 10 10 10 10 10 11 10 0F 07 08 11 11 10 11 0A 11 11 11 11 11 11 11 03 10 10 04 11 11 06 10 0F 10 11 04 0F 0F 04 10 0A 11 0D 11 0E 11 11 11 03 02 11 03 11 10 10 10 11 11 10 00 00 00 00 00 00 00 00 00 00 00 00 00 00 00 00 00 00 00 00 00 00 00 00 00 00 00 00 00 00 00 00 00 00 00 00 00 00 00 00 00 00 00 00 00 00 00 00 00 00 00 00 00 00 00 00 00 00 00 00 00 00 00 00 00 00 00 00 00 00 00 00 00 00 00 00 00 00 27 E4 00 00 00 00 00 00 00 00 00 00 00 00 00 00 00 00 00 00 00 00 00 00 00 00 00 00 00 00 00 00 00 00 00 00 00 00 00 00 00 00 00 00 00 00 67 EF 45 9D 7E
[ 20904][16:43:24.243]7E FF 02 FF A9 B8 7F 04 32 01 E6 00 F8 C8 71 3C 00 49 01 14 01 01 00 01 EC A8 22 5D F0 FF 00 34 18 60 C3 00 53 E4 13 D0 05 FF 2F 01 DD 00 00 C7 F8 11 03 00 D5 00 00 08 00 00 00 5D 10 00 11 01 21 01 00 00 08 00 00 90 98 01 63 03 02 40 50 8E 00 09 01 88 01 13 00 50 00 00 00 01 30 FE FF FD FF FF FF FF FF FF FF FF DF FF FF F7 FF FF FF 03 11 10 06 06 05 06 05 09 11 06 07 07 04 07 06 06 07 07 05 07 05 06 06 08 07 06 05 0B 07 05 05 07 06 10 0F 07 05 06 07 03 04 06 06 07 07 07 06 07 07 06 06 07 07 06 07 07 07 06 07 0E 06 08 06 05 06 06 05 06 06 06 06 06 06 04 06 06 06 06 06 06 06 06 06 06 05 06 06 05 04 06 06 06 06 06 06 05 06 06 06 05 06 06 06 05 05 06 06 06 06 05 06 06 06 05 06 05 06 06 06 06 06 04 06 06 06 06 05 05 06 05 04 05 04 05 04 05 05 03 04 03 04 04 F4 57 FA 53 00 00 00 00 00 00 00 00 00 00 00 00 00 00 00 00 00 00 00 00 00 00 00 00 00 00 00 00 00 00 00 00 00 00 00 00 00 00 00 00 00 78 39 3C 13 7E
[ 20905][16:43:24.483]7E FF 02 FF AA B8 30 05 32 01 B0 03 FF BF DB 3C 00 49 01 10 00 01 00 02 8D DD 2E 10 01 00 21 01 01 02 00 00 E3 19 82 44 AF 7D 55 7E
[ 20906][16:43:24.559]7E FF 02 FF AB B8 C5 05 32 01 A4 01 35 38 EE 3C 00 49 00 94 00 01 00 01 8D DD 2E 01 00 21 03 29 14 88 50 00 FD 1A 2F 10 00 10 02 03 1C 3F 30 10 88 FF 00 00 2A 00 00 11 08 00 00 01 03 01 00 9D 03 01 00 00 26 05 25 C5 1B 7A C2 00 00 00 00 00 00 00 00 00 00 00 00 00 00 00 00 00 00 00 00 00 00 00 00 00 00 00 00 00 00 00 00 00 00 00 00 00 00 00 00 00 00 00 00 00 00 00 00 00 00 00 00 00 00 00 00 00 00 00 00 00 00 00 00 00 00 00 00 00 00 00 00 00 00 00 00 00 00 00 00 00 00 00 00 00 00 00 00 00 00 00 00 00 00 00 00 E0 86 01 00 7E
[ 20907][16:43:24.559]7E FF 02 FF AC B8 6E 05 32 01 CC 00 D2 1E F3 3C 00 49 00 10 00 01 00 03 8D DD 2E 89 08 FD 02 B1 50 3B B4 03 D9 3E 04 57 02 E7 66 7E
[ 20908][16:43:24.633]7E FF 02 FF AD B8 05 06 32 01 8B 03 CC D1 06 3D 00 49 02 14 01 01 00 01 EC A8 22 09 F0 FF 00 34 18 60 C3 00 0C E4 FF 90 00 FF 2F 01 5F 00 00 C8 80 11 00 00 D5 00 00 08 00 00 00 09 10 00 12 01 21 01 00 00 19 00 00 90 98 01 63 01 03 5D 64 8F 00 10 01 07 00 13 00 44 00 00 00 01 30 FE FD FD FF FF FF FF FF FF FF FF FF FF FF FF FF FF FF 03 10 0E 10 10 10 10 11 10 10 11 10 0F 11 10 11 11 10 11 11 11 11 11 11 11 11 11 10 10 10 11 11 11 10 10 10 10 11 11 0F 0F 11 10 11 11 10 11 11 11 11 11 10 0E 11 10 11 10 10 10 11 11 10 00 00 00 00 00 00 00 00 00 00 00 00 00 00 00 00 00 00 00 00 00 00 00 00 00 00 00 00 00 00 00 00 00 00 00 00 00 00 00 00 00 00 00 00 00 00 00 00 00 00 00 00 00 00 00 00 00 00 00 00 00 00 00 00 00 00 00 00 00 00 00 00 00 00 00 00 00 00 00 00 00 00 F9 0F 18 42 00 00 00 00 00 00 00 00 00 00 00 00 00 00 00 00 00 00 00 00 00 00 00 00 00 00 00 00 00 00 00 00 00 00 00 00 00 00 00 00 D2 63 B6 39 7E
[ 20909][16:43:24.663]7E FF 02 FF AE B8 1D 06 32 01 9C 02 3A E2 0F 3D 00 49 00 14 01 01 00 01 EC A8 22 6F F0 FF 00 34 18 60 C3 00 66 E4 AF F0 06 FF 2F 01 5E 00 00 C8 90 11 00 00 D5 00 00 08 00 00 00 6F 10 00 11 01 23 01 00 00 07 00 00 90 98 01 63 01 02 31 46 8F 00 09 01 88 01 13 00 46 00 00 00 01 30 FE FF FD FF FF FF FF FF FF FF FF FF FF 7F FF FF FF FF 03 11 10 06 05 05 06 05 09 11 06 07 07 03 07 06 06 07 07 05 07 05 06 06 08 07 06 05 0B 07 05 04 07 06 10 0F 07 05 07 07 03 04 06 06 07 07 07 06 07 07 06 06 07 07 06 07 07 07 06 07 0E 06 08 06 05 06 06 06 06 06 06 06 06 06 04 06 06 06 06 06 06 06 06 06 06 05 06 06 05 05 06 06 06 06 06 06 06 05 06 06 06 05 06 06 06 05 05 06 06 06 05 06 06 06 06 05 06 06 06 06 06 06 06 04 06 06 06 06 05 05 06 05 03 05 04 05 04 05 05 04 04 03 04 04 9C 0E 87 82 00 00 00 00 00 00 00 00 00 00 00 00 00 00 00 00 00 00 00 00 00 00 00 00 00 00 00 00 00 00 00 00 00 00 00 00 00 00 00 00 8B 02 B9 54 7E
[ 20910][16:43:24.902]7E FF 02 FF AF B8 30 07 32 01 33 01 25 AC 78 3D 00 49 00 10 00 01 00 02 8D DD 2E 10 01 30 00 01 02 02 00 00 16 E8 20 CD CA 38 9E 7E
[ 20911][16:43:24.947]7E FF 02 FF B0 B8 53 07 32 01 B7 01 3D 0D 86 3D 00 49 00 94 00 01 00 01 8D DD 2E 01 30 00 00 16 15 B6 40 00 80 53 29 10 00 03 00 0A 1D 3F 00 34 88 FF 00 00 2A 00 00 01 00 00 00 21 01 18 01 82 16 00 00 05 46 46 54 01 00 00 00 03 00 01 01 2B A3 38 29 00 7D 00 00 C6 00 00 00 01 00 00 00 00 00 00 00 00 00 00 00 00 00 00 00 EF 1A E9 90 00 00 00 00 00 00 00 00 00 00 00 00 00 00 00 00 00 00 00 00 00 00 00 00 00 00 00 00 00 00 00 00 00 00 00 00 00 00 00 00 00 00 00 00 00 00 00 00 00 00 00 00 00 00 00 00 00 00 00 00 EE 95 84 FE 7E
[ 20912][16:43:25.171]7E FF 02 FF B1 B8 D8 07 32 01 7C 01 17 EF DE 3D 00 49 00 10 00 01 00 02 8D DD 2E 10 01 00 00 01 01 02 00 00 AA 19 26 A3 9A 67 C1 7E
[ 20913][16:43:25.216]7E FF 02 FF B2 B8 F0 07 32 01 83 01 0D 12 E8 3D 00 49 00 94 00 01 00 01 8D DD 2E 01 F0 FF 00 C8 14 B6 42 00 15 65 BA 10 00 FF 2F 0A 1E 3F 00 34 88 11 00 00 2A 00 00 01 00 00 00 00 15 79 60 03 26 00 00 05 46 46 54 01 00 00 00 01 00 01 01 2B A3 38 29 00 7D 00 00 D6 00 00 00 01 00 00 00 00 00 00 00 00 00 00 00 00 00 00 00 22 2C 8A A9 00 00 00 00 00 00 00 00 00 00 00 00 00 00 00 00 00 00 00 00 00 00 00 00 00 00 00 00 00 00 00 00 00 00 00 00 00 00 00 00 00 00 00 00 00 00 00 00 00 00 00 00 00 00 00 00 00 00 00 00 E6 5B 21 43 7E
[ 20914][16:43:25.231]7E FF 02 FF B3 B8 66 08 32 01 07 03 65 15 EF 3D 00 49 00 94 00 01 00 01 8D DD 2E 01 F0 FF 00 C8 14 B6 46 00 04 67 3E 10 00 FF 2F 0A 1E 3F 00 34 88 11 00 00 2A 00 00 01 00 00 00 00 15 79 60 03 26 00 00 05 46 46 54 01 00 00 00 01 00 01 01 2B A3 38 29 00 7D 00 00 D6 00 00 00 01 00 00 00 00 00 00 00 00 00 00 00 00 00 00 00 22 2C 8A A9 00 00 00 00 00 00 00 00 00 00 00 00 00 00 00 00 00 00 00 00 00 00 00 00 00 00 00 00 00 00 00 00 00 00 00 00 00 00 00 00 00 00 00 00 00 00 00 00 00 00 00 00 00 00 00 00 00 00 00 00 DA DC 1A E8 7E
[ 20915][16:43:25.247]7E FF 02 FF B4 B8 7B 08 32 01 FD 00 51 E5 F6 3D 00 49 00 94 00 01 00 01 8D DD 2E 01 F0 FF 00 C8 14 B6 46 00 04 67 3E 10 00 FF 2F 0A 1E 3F 00 34 88 11 00 00 2A 00 00 01 00 00 00 00 15 79 60 03 26 00 00 05 46 46 54 01 00 00 00 01 00 01 01 2B A3 38 29 00 7D 00 00 D6 00 00 00 01 00 00 00 00 00 00 00 00 00 00 00 00 00 00 00 22 2C 8A A9 00 00 00 00 00 00 00 00 00 00 00 00 00 00 00 00 00 00 00 00 00 00 00 00 00 00 00 00 00 00 00 00 00 00 00 00 00 00 00 00 00 00 00 00 00 00 00 00 00 00 00 00 00 00 00 00 00 00 00 00 31 FE B1 DC 7E
[ 20916][16:43:25.547]7E FF 02 FF B5 B8 19 09 32 01 22 03 B2 88 59 3E 00 49 00 15 02 01 00 00 8D DD 2E 14 25 0F 97 01 90 5B 07 00 95 01 A6 CA 2A 00 00 05 46 46 54 C2 0A 00 00 00 00 00 00 00 00 00 00 04 00 0F 01 00 00 64 00 00 05 46 46 54 04 00 00 01 0A D0 02 64 00 3C 00 3C 00 06 0A 2D EB 19 32 BA 1C CD 96 C0 DB 00 5C 33 00 44 17 32 00 00 00 00 47 D4 FC 96 F3 25 00 00 00 00 07 10 03 10 49 10 2E 10 41 10 10 12 A4 10 E2 11 BA 10 B8 11 4C 11 0D 11 1F 12 75 11 6D 11 69 10 00 12 1B 12 E4 10 C7 11 44 11 94 10 AC 11 CE 11 01 12 64 11 A2 11 16 10 29 11 87 11 31 11 79 11 83 10 1F 10 08 10 0D 10 60 10 4F 10 09 10 E8 10 0C 10 88 10 EA 10 5A 11 27 11 74 10 4E 10 4B 10 73 11 1B 10 5B 11 FD 11 A0 11 B2 10 4A 10 4D 10 17 10 DF 11 3E 10 CA 10 73 10 0E 10 76 10 33 11 20 11 51 11 18 12 48 10 5C 00 81 00 B7 00 41 01 A1 00 D0 01 C3 01 D1 01 7A 01 23 01 CD 01 E1 01 C6 01 E8 01 0F 02 1A 02 6F 00 DA 01 F2 01 72 01 BD 01 EC 01 6A 01 C1 81 7C 15 00 01 E8 03 00 02 E8 03 00 03 00 03 98 00 50 00 23 02 84 00 7C 01 73 01 A3 00 05 02 28 01 48 01 49 01 3E 01 80 00 24 00 85 01 59 00 1F 01 43 01 C3 00 9E 01 B8 00 ED 00 03 01 F9 01 A7 81 88 13 00 01 E8 03 00 02 E8 03 00 03 E8 03 00 03 00 03 E8 03 00 03 E8 03 00 02 E8 03 00 03 00 00 00 00 00 00 00 00 00 00 00 00 00 00 00 00 00 00 00 00 00 00 00 00 00 00 00 00 00 00 00 00 00 00 00 00 00 00 00 00 00 00 00 00 00 00 00 00 00 00 00 00 00 00 00 00 00 00 00 00 00 00 00 00 00 00 00 00 00 00 00 00 00 00 00 00 00 00 00 00 00 00 00 00 00 00 00 00 00 00 00 00 00 00 00 00 00 00 00 00 00 00 00 00 00 00 00 00 00 00 00 00 00 00 00 00 00 00 00 00 00 00 00 00 00 00 00 00 00 00 00 00 00 00 00 00 00 00 00 00 00 00 00 00 00 00 00 00 00 00 00 00 00 00 00 00 84 77 50 13 5A 4B 6F DD 7E
[ 20917][16:43:26.265]7E FF 02 FF B6 B8 67 0C 32 01 B3 02 08 0E 76 3F 00 49 00 14 01 01 00 01 EC A8 22 1B F0 FF 00 34 18 60 C3 00 1D E4 53 B0 01 FF 2F 01 4C 00 00 CA C0 11 00 00 D5 00 00 08 00 00 00 1B D0 03 21 01 23 01 00 00 20 00 00 90 98 01 63 01 02 50 64 8F 00 08 02 00 00 13 00 41 00 00 00 3D 30 0C 10 FE FF FD F7 FF FF FF FF FF FF FF FF FF FF FF FF FF FF 03 13 13 09 08 07 08 07 0B 13 09 09 0A 06 0A 08 08 09 09 07 09 07 08 08 0A 09 07 0D 0A 07 06 09 08 12 11 09 07 09 09 06 06 08 09 09 09 09 08 09 09 08 08 0A 0A 08 0A 09 0A 09 0A 10 08 0A 06 05 06 06 06 06 06 06 06 06 02 04 06 05 06 06 06 06 06 06 06 06 05 06 06 05 05 06 06 06 06 06 06 06 05 06 06 06 05 06 06 06 05 05 05 06 06 06 05 06 06 06 06 05 06 05 06 06 06 06 06 04 06 06 06 06 05 05 06 05 03 05 04 05 04 05 05 04 04 03 04 04 0A B0 16 E0 00 00 00 00 00 00 00 00 00 00 00 00 00 00 00 00 00 00 00 00 00 00 00 00 00 00 00 00 00 00 00 00 00 00 00 00 00 00 6B 43 E2 3F 7E
[ 20918][16:43:26.654]7E FF 02 FF B7 B8 EA 0D 32 01 B4 00 87 7D 09 40 00 49 01 14 01 01 00 01 EC A8 22 83 F0 FF 00 34 18 60 C3 00 96 E4 1F 30 08 FF 2F 01 81 00 00 C9 E8 11 03 00 D5 00 00 08 00 00 00 83 20 00 21 01 15 01 00 00 01 00 00 90 98 01 63 03 06 64 64 90 00 0A 01 76 01 13 00 42 00 00 00 02 30 FE FF FD FF FF FF FF FF FF FF FF FF FF FF FF FF F7 FF 07 0F 0F 05 03 03 04 02 07 0B 05 05 04 02 06 05 04 06 05 03 04 03 04 05 06 06 04 03 0A 05 03 03 06 05 0E 0E 06 03 05 06 02 03 04 03 05 05 06 05 03 05 05 04 06 06 05 06 06 05 05 05 0D 05 06 05 04 05 05 04 05 05 05 05 05 05 04 03 01 05 05 05 05 05 06 06 06 05 06 06 05 05 06 06 05 06 06 06 06 05 06 06 06 05 06 06 06 05 05 04 06 06 06 05 06 06 06 06 05 06 06 06 06 06 06 05 04 06 06 06 06 02 06 05 03 05 04 05 04 05 05 04 04 03 04 04 00 C1 8E C9 AE 00 00 00 00 00 00 00 00 00 00 00 00 00 00 00 00 00 00 00 00 00 00 00 00 00 00 00 00 00 00 00 00 00 00 00 00 00 00 00 9F DF 86 F5 7E
[ 20919][16:43:27.162]7E FF 02 FF B8 B8 DB 0F 32 01 64 01 CD 25 C7 40 00 49 00 14 01 01 00 01 EC A8 22 65 F0 FF 00 34 18 60 C3 00 6C E4 0F 50 06 FF 2F 01 E6 00 00 C8 D0 11 00 00 D5 00 00 08 00 00 00 65 10 00 11 01 23 01 00 00 05 00 00 90 98 01 63 01 02 24 3C 8F 00 09 01 88 01 13 00 3C 00 00 00 01 30 FE FF FD FF FF FF FF FF FF FF FF FF DF FF FF FF FF FF 03 11 10 06 05 05 06 05 09 11 06 07 07 03 07 06 06 07 07 05 07 05 06 06 08 07 06 05 0B 07 05 04 07 06 10 0F 07 05 07 07 03 04 06 06 07 07 07 06 07 07 06 06 07 07 06 07 06 07 06 07 0E 06 08 06 05 06 06 06 06 06 06 06 06 06 04 06 06 06 06 06 06 06 06 06 06 05 06 06 05 05 06 06 06 06 06 06 06 05 06 06 05 06 06 06 05 05 06 06 06 06 05 06 06 06 06 05 06 06 06 06 06 06 06 04 06 06 06 06 05 05 06 05 03 05 04 05 04 05 05 04 04 03 04 04 91 41 48 74 00 00 00 00 00 00 00 00 00 00 00 00 00 00 00 00 00 00 00 00 00 00 00 00 00 00 00 00 00 00 00 00 00 00 00 00 00 00 00 00 5C E4 D4 85 7E
[ 20920][16:43:27.162]7E FF 02 FF B9 B8 A0 0F 32 01 A3 03 EF 07 D7 40 00 49 00 10 00 01 00 03 EC A8 22 20 01 B4 05 8D DD 2E 20 02 6D 23 0A 9C 50 0C 3F 7E
[ 20921][16:43:27.432]7E FF 02 FF BA B8 00 11 32 01 9B 01 2A F1 36 41 00 3E 02 94 00 01 00 01 EC A8 22 01 70 04 03 16 15 B6 40 00 11 1B CA 10 00 47 00 03 D6 01 30 3E 88 FF 00 00 D5 00 00 11 03 00 00 01 02 23 03 01 00 28 0A 68 17 00 43 05 01 00 00 01 12 01 00 E9 D3 05 01 01 00 10 02 00 00 FE 19 16 68 17 00 43 05 01 00 00 01 12 01 00 E9 D3 05 01 01 40 00 02 00 00 7D 1B 16 FB 9D F7 89 00 00 00 00 00 00 00 00 00 00 00 00 00 00 00 00 00 00 00 00 00 00 00 00 00 00 00 00 00 00 00 00 00 00 00 00 00 00 00 00 00 00 00 00 00 00 00 00 00 00 31 DF 57 09 7E
[ 20922][16:43:27.432]7E FF 02 FF BB B8 0B 11 32 01 DD 01 71 2F 3B 41 00 3E 02 10 00 01 00 02 EC A8 22 10 47 10 00 01 03 02 00 00 B9 5B 38 A6 88 CF 40 7E
[ 20923][16:43:27.462]7E FF 02 FF BC B8 1F 11 32 01 28 00 53 A0 42 41 00 3D 02 94 00 01 00 01 EC A8 22 01 10 04 03 16 15 B6 40 00 72 77 C6 10 00 41 00 03 D7 01 30 3E 88 FF 00 00 D5 00 00 11 03 00 00 01 02 23 03 02 00 28 0A 68 17 00 43 05 02 00 00 01 12 01 00 87 7B 05 01 01 00 10 02 00 00 FE 19 16 68 17 00 43 05 02 00 00 01 12 01 00 87 7B 05 01 01 40 00 02 00 00 7D 1B 16 AC 60 B7 09 00 00 00 00 00 00 00 00 00 00 00 00 00 00 00 00 00 00 00 00 00 00 00 00 00 00 00 00 00 00 00 00 00 00 00 00 00 00 00 00 00 00 00 00 00 00 00 00 00 00 6C 64 17 4F 7E
[ 20924][16:43:27.462]7E FF 02 FF BD B8 C6 10 32 01 53 00 E0 DB 46 41 00 3D 02 10 00 01 00 02 EC A8 22 10 41 10 00 01 01 01 00 00 5E ED 64 8F 45 D8 03 7E
[ 20925][16:43:27.506]7E FF 02 FF BE B8 EF 10 32 01 52 02 AC AC 56 41 00 3D 02 94 00 01 00 01 EC A8 22 01 30 02 03 16 15 B6 40 00 63 95 04 10 00 19 00 03 D8 01 30 3E 88 FF 00 00 D5 00 00 11 03 00 00 01 02 23 03 03 00 28 0A 68 17 00 43 05 03 00 00 01 12 01 00 52 E4 05 01 01 00 10 02 00 00 FE 19 16 68 17 00 43 05 03 00 00 01 12 01 00 52 E4 05 01 01 40 00 02 00 00 7D 1B 16 62 AB DD 3C 00 00 00 00 00 00 00 00 00 00 00 00 00 00 00 00 00 00 00 00 00 00 00 00 00 00 00 00 00 00 00 00 00 00 00 00 00 00 00 00 00 00 00 00 00 00 00 00 00 00 E3 22 3D E4 7E
[ 20926][16:43:27.521]7E FF 02 FF BF B8 63 11 32 01 AF 03 F6 E8 5C 41 00 3D 02 94 00 01 00 01 EC A8 22 01 90 03 03 16 15 B6 40 00 CE 00 31 10 00 39 00 03 D9 01 30 3E 88 FF 00 00 D5 00 00 11 03 00 00 01 02 23 03 04 00 28 0A 68 17 00 43 05 04 00 00 01 12 01 00 4A 23 05 01 01 00 10 02 00 00 FE 19 16 68 17 00 43 05 04 00 00 01 12 01 00 4A 23 05 01 01 40 00 02 00 00 7D 1B 16 46 3D B8 0D 00 00 00 00 00 00 00 00 00 00 00 00 00 00 00 00 00 00 00 00 00 00 00 00 00 00 00 00 00 00 00 00 00 00 00 00 00 00 00 00 00 00 00 00 00 00 00 00 00 00 8C 37 60 FE 7E
[ 20927][16:43:27.536]7E FF 02 FF C0 B8 6E 11 32 01 D9 03 12 25 61 41 00 3D 02 10 00 01 00 02 EC A8 22 10 39 10 00 01 02 02 00 00 15 6A C8 4F 83 67 A4 7E
[ 20928][16:43:27.566]7E FF 02 FF C1 B8 24 11 32 01 EE 01 AD DA 6A 41 00 3C 02 94 00 01 00 01 EC A8 22 01 70 03 03 16 15 B6 40 00 29 FC 2D 10 00 37 00 03 DA 01 30 3E 88 FF 00 00 D5 00 00 11 03 00 00 01 02 23 03 05 00 28 0A 68 17 00 43 05 05 00 00 01 12 01 00 9F BC 05 01 01 00 10 02 00 00 FE 19 16 68 17 00 43 05 05 00 00 01 12 01 00 9F BC 05 01 01 40 00 02 00 00 7D 1B 16 88 F6 D2 38 00 00 00 00 00 00 00 00 00 00 00 00 00 00 00 00 00 00 00 00 00 00 00 00 00 00 00 00 00 00 00 00 00 00 00 00 00 00 00 00 00 00 00 00 00 00 00 00 00 00 C1 46 80 9B 7E
[ 20929][16:43:27.566]7E FF 02 FF C2 B8 2F 11 32 01 55 02 A7 1C 6F 41 00 3C 02 10 00 01 00 02 EC A8 22 10 37 10 00 01 03 02 00 00 CB 25 F0 41 1B F3 E1 7E
[ 20930][16:43:27.581]7E FF 02 FF C3 B8 34 11 32 01 70 02 C0 02 71 41 00 3D 02 94 00 01 00 01 EC A8 22 01 60 04 03 16 15 B6 40 00 00 09 0E 10 00 46 00 03 DB 01 30 3E 88 FF 00 00 D5 00 00 11 03 00 00 01 02 23 03 06 00 28 0A 68 17 00 43 05 06 00 00 01 12 01 00 F1 14 05 01 01 00 10 02 00 00 FE 19 16 68 17 00 43 05 06 00 00 01 12 01 00 F1 14 05 01 01 40 00 02 00 00 7D 1B 16 DF 0B 92 B8 00 00 00 00 00 00 00 00 00 00 00 00 00 00 00 00 00 00 00 00 00 00 00 00 00 00 00 00 00 00 00 00 00 00 00 00 00 00 00 00 00 00 00 00 00 00 00 00 00 00 3F 2E 24 83 7E
[ 20931][16:43:27.596]7E FF 02 FF C4 B8 3F 11 32 01 C9 02 72 42 75 41 00 3D 02 10 00 01 00 02 EC A8 22 10 46 10 00 01 03 01 00 00 99 6A 78 FE 83 71 A3 7E
[ 20932][16:43:27.611]7E FF 02 FF C5 B8 BD 11 32 01 DE 02 F1 29 7F 41 00 3E 02 94 00 01 00 01 EC A8 22 01 A0 02 03 16 15 B6 40 00 F6 17 D0 10 00 2A 00 03 DC 01 30 3E 88 FF 00 00 D5 00 00 11 03 00 00 01 02 23 03 07 00 28 0A 68 17 00 43 05 07 00 00 01 12 01 00 24 8B 05 01 01 00 10 02 00 00 FE 19 16 68 17 00 43 05 07 00 00 01 12 01 00 24 8B 05 01 01 40 00 02 00 00 7D 1B 16 11 C0 F8 8D 00 00 00 00 00 00 00 00 00 00 00 00 00 00 00 00 00 00 00 00 00 00 00 00 00 00 00 00 00 00 00 00 00 00 00 00 00 00 00 00 00 00 00 00 00 00 00 00 00 00 9D E0 3D D6 7E
[ 20933][16:43:27.629]7E FF 02 FF C6 B8 C8 11 32 01 0E 03 AA 66 83 41 00 3E 02 10 00 01 00 02 EC A8 22 10 2A 10 00 01 02 02 00 00 67 7B 00 B6 86 51 9B 7E
[ 20934][16:43:27.656]7E FF 02 FF C7 B8 E0 11 32 01 B3 02 B1 7F 8C 41 00 3C 01 94 00 01 00 01 EC A8 22 01 90 02 03 16 15 B6 40 00 C6 21 10 10 00 29 00 03 DD 01 30 3E 88 FF 00 00 D5 00 00 11 03 00 00 01 02 23 03 08 00 28 0A 68 17 00 43 05 08 00 00 01 12 01 00 D0 92 05 01 01 00 10 02 00 00 FE 19 16 68 17 00 43 05 08 00 00 01 12 01 00 D0 92 05 01 01 40 00 02 00 00 7D 1B 16 92 86 A6 05 00 00 00 00 00 00 00 00 00 00 00 00 00 00 00 00 00 00 00 00 00 00 00 00 00 00 00 00 00 00 00 00 00 00 00 00 00 00 00 00 00 00 00 00 00 00 00 00 00 00 CA 40 EA F9 7E
[ 20935][16:43:27.656]7E FF 02 FF C8 B8 87 11 32 01 DE 02 05 BC 90 41 00 3C 01 10 00 01 00 02 EC A8 22 10 29 10 00 01 03 01 00 00 15 08 48 EC E1 87 F2 7E
[ 20936][16:43:27.686]7E FF 02 FF C9 B8 96 11 32 01 1A 03 D8 73 96 41 00 3D 02 94 00 01 00 01 EC A8 22 01 20 04 03 16 15 B6 40 00 42 41 06 10 00 42 00 03 DE 01 30 3E 88 FF 00 00 D5 00 00 11 03 00 00 01 02 23 03 09 00 28 0A 68 17 00 43 05 09 00 00 01 12 01 00 05 0D 05 01 01 00 10 02 00 00 FE 19 16 68 17 00 43 05 09 00 00 01 12 01 00 05 0D 05 01 01 40 00 02 00 00 7D 1B 16 5C 4D CC 30 00 00 00 00 00 00 00 00 00 00 00 00 00 00 00 00 00 00 00 00 00 00 00 00 00 00 00 00 00 00 00 00 00 00 00 00 00 00 00 00 00 00 00 00 00 00 00 00 00 00 30 CC DB 8E 7E
[ 20937][16:43:27.686]7E FF 02 FF CA B8 A1 11 32 01 3E 03 5F B0 9A 41 00 3D 02 10 00 01 00 02 EC A8 22 10 42 10 00 01 03 02 00 00 1C 5E 2C CE A4 A9 DA 7E
[ 20938][16:43:27.718]7E FF 02 FF CB B8 1C 12 32 01 A7 02 45 62 A3 41 00 3D 02 94 00 01 00 01 EC A8 22 01 80 03 03 16 15 B6 40 00 DF 12 F5 10 00 38 00 0A DF 01 30 3E 88 FF 00 00 D5 00 00 11 03 00 00 01 02 23 03 0A 00 28 0A 68 17 00 43 05 10 00 00 01 12 01 00 F5 F9 05 01 01 00 10 02 00 00 FE 19 16 68 17 00 43 05 10 00 00 01 12 01 00 F5 F9 05 01 01 40 00 02 00 00 7D 1B 16 83 D5 58 DE 00 00 00 00 00 00 00 00 00 00 00 00 00 00 00 00 00 00 00 00 00 00 00 00 00 00 00 00 00 00 00 00 00 00 00 00 00 00 00 00 00 00 00 00 00 00 00 00 00 00 05 7F 08 C7 7E
[ 20939][16:43:27.718]7E FF 02 FF CC B8 27 12 32 01 E5 02 D8 9F A7 41 00 3D 02 10 00 01 00 02 EC A8 22 10 38 10 00 01 02 02 00 00 35 6B 48 9D F4 24 B7 7E
[ 20940][16:43:28.077]7E FF 02 FF CD B8 25 13 32 01 D3 03 B3 BD 2E 42 00 49 00 94 00 01 00 01 8D DD 2E 01 10 0F 00 16 15 B6 44 00 CB 9A CB 10 00 F1 00 0A 20 3F 00 34 88 FF 00 00 2A 00 00 01 00 00 00 20 20 12 03 00 37 00 00 05 46 46 54 01 00 00 50 F1 00 01 01 2B A3 38 29 00 7D 00 00 6A 00 00 00 01 00 00 00 00 00 00 00 00 00 00 00 00 00 00 00 20 4C 85 D5 00 00 00 00 00 00 00 00 00 00 00 00 00 00 00 00 00 00 00 00 00 00 00 00 00 00 00 00 00 00 00 00 00 00 00 00 00 00 00 00 00 00 00 00 00 00 00 00 00 00 00 00 00 00 00 00 00 00 00 00 04 A7 39 F3 7E
[ 20941][16:43:28.316]7E FF 02 FF CE B8 76 14 32 01 98 00 9D D4 88 42 00 49 00 94 00 01 00 01 8D DD 2E 01 30 00 00 16 15 B6 44 00 91 51 AD 10 00 03 00 0A 12 3F 00 34 88 FF 00 00 2A 00 00 01 00 00 00 00 15 79 60 95 05 00 00 05 46 46 54 01 00 00 00 03 00 01 01 2B A3 38 29 00 7D 00 00 C5 00 00 00 01 00 00 00 00 00 00 00 00 00 00 00 00 00 00 00 0A 4B 86 65 00 00 00 00 00 00 00 00 00 00 00 00 00 00 00 00 00 00 00 00 00 00 00 00 00 00 00 00 00 00 00 00 00 00 00 00 00 00 00 00 00 00 00 00 00 00 00 00 00 00 00 00 00 00 00 00 00 00 00 00 7C 33 31 C5 7E
[ 20942][16:43:28.645]7E FF 02 FF CF B8 C6 15 32 01 44 01 7C 11 09 43 00 3B 02 95 00 01 00 00 EC A8 22 AA 88 85 7F 01 60 5B 02 00 DA 9C 5A CA D5 00 00 90 98 01 63 1F 01 00 00 20 02 00 00 00 00 00 00 04 00 0F 01 00 00 64 00 00 90 98 01 63 04 00 00 01 0A 90 01 6C 01 3C 00 3C 00 C0 49 00 13 33 00 06 10 32 00 00 00 00 92 FD 83 7F 9A 26 00 00 10 00 02 10 09 10 23 10 24 10 3D 10 1D 10 03 00 0A 00 0B 00 0E 00 12 00 13 00 15 00 18 00 1A 00 1E 00 21 00 22 00 25 80 58 1B 00 01 F4 01 00 02 D0 07 00 03 03 04 5A 05 00 02 D0 07 00 03 C6 EB 83 74 C2 8E 1A 09 7E
[ 20943][16:43:28.660]7E FF 02 FF D0 B8 70 15 32 01 83 01 12 6E 0E 43 00 3E 03 95 00 01 00 00 EC A8 22 3F E5 8A 7F 01 60 5B 04 00 F1 10 9C CA D5 00 00 90 98 01 63 1F 01 00 00 20 02 00 00 00 00 00 00 04 00 0F 01 00 00 64 00 00 90 98 01 63 04 00 00 01 0A 90 01 6C 01 3C 00 3C 00 C0 49 00 13 33 00 06 10 32 00 00 00 00 92 FD 83 7F 9A 26 00 00 10 00 02 10 09 10 23 10 24 10 3D 10 1D 10 03 00 0A 00 0B 00 0E 00 12 00 13 00 15 00 18 00 1A 00 1E 00 21 00 22 00 25 80 58 1B 00 01 F4 01 00 02 D0 07 00 03 03 04 5A 05 00 02 D0 07 00 03 C6 EB 83 74 D8 D5 F5 44 7E
[ 20944][16:43:28.675]7E FF 02 FF D1 B8 80 15 32 01 AA 01 FD 8B 14 43 00 3F 02 95 00 01 00 00 EC A8 22 2A 03 91 7F 01 60 5B 06 00 10 90 24 CA D5 00 00 90 98 01 63 1F 01 00 00 20 02 00 00 00 00 00 00 04 00 0F 01 00 00 64 00 00 90 98 01 63 04 00 00 01 0A 90 01 6C 01 3C 00 3C 00 C0 49 00 13 33 00 06 10 32 00 00 00 00 92 FD 83 7F 9A 26 00 00 10 00 02 10 09 10 23 10 24 10 3D 10 1D 10 03 00 0A 00 0B 00 0E 00 12 00 13 00 15 00 18 00 1A 00 1E 00 21 00 22 00 25 80 58 1B 00 01 F4 01 00 02 D0 07 00 03 03 04 5A 05 00 02 D0 07 00 03 C6 EB 83 74 08 C9 31 C3 7E
[ 20945][16:43:28.705]7E FF 02 FF D2 B8 9F 15 32 01 49 01 FE 56 20 43 00 49 00 95 00 01 00 00 EC A8 22 69 CF 9C 7F 09 60 5B 02 00 6B E8 FA C9 D5 00 00 90 98 01 63 1F 01 00 00 20 02 00 00 00 00 00 00 04 00 0F 09 10 00 44 01 21 01 00 00 19 12 03 01 01 0A 90 01 6C 01 3C 00 3C 00 C0 49 00 13 33 00 06 10 32 00 00 00 00 92 FD 83 7F 9A 26 00 00 10 00 02 10 09 10 23 10 24 10 3D 10 1D 10 03 00 0A 00 0B 00 0E 00 12 00 13 00 15 00 18 00 1A 00 1E 00 21 00 22 00 25 80 58 1B 00 01 F4 01 00 02 D0 07 00 03 03 04 5A 05 00 02 D0 07 00 03 6C F0 69 6E 89 98 4A 35 7E
[ 20946][16:43:28.885]7E FF 02 FF D3 B8 4F 16 32 01 69 01 22 7E 63 43 00 49 01 95 00 01 00 00 EC A8 22 85 F6 DF 7F 15 60 5B 04 00 93 F3 A6 C8 D5 00 00 90 98 01 63 1F 01 00 00 20 02 00 00 00 00 00 00 04 00 0F 15 10 00 46 01 21 01 00 00 11 11 03 02 01 0A 90 01 6C 01 3C 00 3C 00 C0 23 00 13 33 00 06 10 32 00 00 00 00 92 FD 83 7F 9A 26 00 00 10 00 58 1B 00 01 F4 01 00 02 D0 07 00 03 03 04 5A 05 0B 00 0E 00 12 00 13 00 15 00 18 00 1A 00 1E 00 21 00 22 00 25 80 58 1B 00 01 F4 01 00 02 D0 07 00 03 03 04 5A 05 00 02 D0 07 00 03 54 B5 CC D6 F8 89 1F 78 7E
[ 20947][16:43:28.900]7E FF 02 FF D4 B8 5F 16 32 01 4C 01 9E 94 69 43 00 49 01 95 00 01 00 00 EC A8 22 34 0D E6 7F 18 60 5B 06 00 27 4D 57 C8 D5 00 00 90 98 01 63 1F 01 00 00 20 02 00 00 00 00 00 00 04 00 0F 18 10 00 46 01 21 01 00 00 14 11 02 03 01 0A 90 01 6C 01 3C 00 3C 00 C0 23 00 13 33 00 06 10 32 00 00 00 00 92 FD 83 7F 9A 26 00 00 10 00 58 1B 00 01 F4 01 00 02 D0 07 00 03 03 04 5A 05 0B 00 0E 00 12 00 13 00 15 00 18 00 1A 00 1E 00 21 00 22 00 25 80 58 1B 00 01 F4 01 00 02 D0 07 00 03 03 04 5A 05 00 02 D0 07 00 03 9E BF D2 F6 51 0E 84 BC 7E
[ 20948][16:43:28.914]7E FF 02 FF D5 B8 D3 16 32 01 4A 01 12 AF 6F 43 00 49 01 95 00 01 00 00 EC A8 22 A6 27 EC 7F 1A 60 5B 06 00 1E A8 40 C8 D5 00 00 90 98 01 63 1F 01 00 00 20 02 00 00 00 00 00 00 04 00 0F 1A 10 00 45 01 12 01 00 00 15 11 03 03 01 0A 90 01 6C 01 3C 00 3C 00 C0 23 00 13 33 00 06 10 32 00 00 00 00 92 FD 83 7F 9A 26 00 00 10 00 58 1B 00 01 F4 01 00 02 D0 07 00 03 03 04 5A 05 0B 00 0E 00 12 00 13 00 15 00 18 00 1A 00 1E 00 21 00 22 00 25 80 58 1B 00 01 F4 01 00 02 D0 07 00 03 03 04 5A 05 00 02 D0 07 00 03 A6 01 C2 0C 12 EE E3 21 7E
[ 20949][16:43:28.929]7E FF 02 FF D6 B8 E3 16 32 01 6A 01 76 CC 75 43 00 49 01 95 00 01 00 00 EC A8 22 EA 44 F2 7F 1E 60 5B 04 00 A5 19 C0 C8 D5 00 00 90 98 01 63 1F 01 00 00 20 02 00 00 00 00 00 00 04 00 0F 1E 10 00 40 01 21 01 00 00 20 11 03 02 01 0A 90 01 6C 01 3C 00 3C 00 C0 23 00 13 33 00 06 10 32 00 00 00 00 92 FD 83 7F 9A 26 00 00 10 00 58 1B 00 01 F4 01 00 02 D0 07 00 03 03 04 5A 05 0B 00 0E 00 12 00 13 00 15 00 18 00 1A 00 1E 00 21 00 22 00 25 80 58 1B 00 01 F4 01 00 02 D0 07 00 03 03 04 5A 05 00 02 D0 07 00 03 C8 E1 9F 68 E7 52 52 4A 7E
[ 20950][16:43:28.989]7E FF 02 FF D7 B8 B1 16 32 01 32 02 F7 F1 88 43 00 49 00 94 00 01 00 01 8D DD 2E 01 C0 0B 02 29 14 88 54 00 31 A3 51 10 00 BC 00 03 26 3F 30 10 88 FF 00 00 2A 00 00 11 08 00 00 01 03 01 00 9C 7D 63 04 51 79 15 00 E0 7F AC 17 00 00 00 00 00 00 00 00 00 00 00 00 00 00 00 00 00 00 00 00 00 00 00 00 00 00 00 00 00 00 00 00 00 00 00 00 00 00 00 00 00 00 00 00 00 00 00 00 00 00 00 00 00 00 00 00 00 00 00 00 00 00 00 00 00 00 00 00 00 00 00 00 00 00 00 00 00 00 00 00 00 00 00 00 00 00 00 00 00 00 00 00 00 00 00 00 CD 8B 69 23 7E
[ 20951][16:43:29.049]7E FF 02 FF D8 B8 34 17 32 01 23 02 07 C4 94 43 00 49 00 14 01 01 00 01 EC A8 22 1D F0 FF 00 34 18 60 C3 00 1B E4 33 D0 01 FF 2F 01 89 00 00 C8 A0 11 00 00 D5 00 00 08 00 00 00 1D 30 02 22 01 19 01 00 00 01 00 00 90 98 01 63 02 05 64 64 8D 00 0D 02 00 00 13 00 3E 00 00 00 23 30 0C 10 FE FF FD DF FF FF FF FF FF FF FF FF FF EF F7 FF FF FF 03 13 13 09 09 07 08 04 0B 13 09 09 0A 06 0A 09 08 09 09 07 09 07 08 03 0A 09 08 07 0A 06 06 09 08 12 11 09 07 09 09 06 06 08 08 09 09 09 08 09 09 08 08 0A 0A 08 0A 09 0A 09 0A 10 08 09 06 05 06 06 06 06 06 06 06 06 06 04 06 04 06 06 06 06 06 06 06 06 05 06 06 05 05 06 06 06 06 06 06 06 05 06 06 06 05 06 06 06 05 05 06 06 06 05 06 06 06 05 06 06 06 06 06 06 06 04 06 06 06 06 05 05 06 05 03 05 04 05 04 05 05 03 04 04 04 04 A0 BB 0E 9C 00 00 00 00 00 00 00 00 00 00 00 00 00 00 00 00 00 00 00 00 00 00 00 00 00 00 00 00 00 00 00 00 00 00 00 00 00 00 00 00 E6 EA F8 A4 7E
[ 20952][16:43:29.094]7E FF 02 FF DA B8 03 17 32 01 9C 02 BA 4A A8 43 00 49 00 10 00 01 00 03 EC A8 22 60 01 F9 24 8D DD 2E 20 02 16 CC 22 E2 49 A9 D8 7E
[ 20953][16:43:29.094]7E FF 02 FF DB B8 08 17 32 01 6E 01 1A 10 AA 43 00 49 00 14 01 01 00 01 EC A8 22 15 F0 FF 00 34 18 60 C3 00 12 E4 37 50 01 FF 2F 01 30 00 00 C7 98 11 00 00 D5 00 00 08 00 00 00 15 10 00 11 01 21 01 00 00 11 00 00 90 98 01 63 02 02 64 64 8E 00 09 01 00 00 13 00 46 00 00 00 01 30 FE FF DD FF FF FF FF FF FF FF FF FF FF FF F7 FF FF FF 03 13 13 09 09 07 08 07 0B 13 09 09 0A 07 0A 08 08 09 09 07 07 08 09 0A 09 08 07 0D 0A 07 07 09 08 12 11 09 07 08 09 06 07 08 09 09 09 08 08 09 09 08 07 0A 0A 08 0A 09 0A 09 0A 10 08 0A 06 05 06 06 05 06 06 06 06 06 06 04 06 06 06 06 06 06 06 06 06 06 05 06 06 05 04 06 06 06 06 06 06 06 05 06 06 06 05 06 06 06 05 05 06 06 06 06 05 06 06 06 05 06 05 06 06 06 06 06 04 06 06 06 06 05 05 06 05 04 05 04 05 04 05 05 03 04 03 04 04 D1 5F 24 BA 00 00 00 00 00 00 00 00 00 00 00 00 00 00 00 00 00 00 00 00 00 00 00 00 00 00 00 00 00 00 00 00 00 00 00 00 00 00 00 00 00 88 42 6E 1A 7E
[ 20954][16:43:29.124]7E FF 02 FF DC B8 9E 17 32 01 F9 00 B6 17 BD 43 00 49 00 94 00 01 00 01 8D DD 2E 01 F0 FF 00 C8 14 B6 46 00 04 67 3E 10 00 FF 2F 0A 29 3F 00 34 88 11 00 00 2A 00 00 01 00 00 00 21 01 18 01 44 55 00 00 05 46 46 54 01 00 00 00 01 00 01 01 2B A3 38 29 00 7D 00 00 5E 00 00 00 01 00 00 00 00 00 00 00 00 00 00 00 00 00 00 00 48 05 63 0A 00 00 00 00 00 00 00 00 00 00 00 00 00 00 00 00 00 00 00 00 00 00 00 00 00 00 00 00 00 00 00 00 00 00 00 00 00 00 00 00 00 00 00 00 00 00 00 00 00 00 00 00 00 00 00 00 00 00 00 00 5D EA ED 02 7E
[ 20955][16:43:29.528]7E FF 02 FF DD B8 24 19 32 01 78 02 7B 03 52 44 00 49 00 14 01 01 00 01 EC A8 22 0C F0 FF 00 34 18 60 C3 00 09 E4 AF C0 00 FF 2F 01 2B 01 00 CA C8 11 00 00 D5 00 00 08 00 00 00 0C 10 00 11 01 21 01 00 00 13 00 00 90 98 01 63 03 03 5D 64 8F 00 10 02 05 00 13 00 43 00 00 00 01 30 08 00 FE EF FD FF FF FF FF FF FF FF FF FF FF FF FF FF FF FF 03 10 0E 10 10 10 10 11 10 10 10 11 0F 11 10 11 11 10 11 11 11 11 11 11 11 11 11 10 10 10 11 11 11 10 10 10 10 11 11 0F 0F 11 10 11 11 10 11 11 11 11 11 10 0E 11 10 11 10 10 10 11 11 10 00 00 00 00 00 00 00 00 00 00 00 00 00 00 00 00 00 00 00 00 00 00 00 00 00 00 00 00 00 00 00 00 00 00 00 00 00 00 00 00 00 00 00 00 00 00 00 00 00 00 00 00 00 00 00 00 00 00 00 00 00 00 00 00 00 00 00 00 00 00 00 00 00 00 00 00 00 00 00 00 00 00 94 DC 92 C3 00 00 00 00 00 00 00 00 00 00 00 00 00 00 00 00 00 00 00 00 00 00 00 00 00 00 00 00 00 00 00 00 00 00 00 00 00 00 CC 65 FD B4 7E
[ 20956][16:43:29.573]7E FF 02 FF DE B8 47 19 32 01 75 02 23 5C 5F 44 00 49 00 14 01 01 00 01 EC A8 22 47 F0 FF 00 34 18 60 C3 00 4B E4 BB 70 04 FF 2F 01 09 00 00 C8 98 11 00 00 D5 00 00 08 00 00 00 47 10 00 11 01 12 01 00 00 01 00 00 90 98 01 63 03 03 64 64 8F 00 0A 01 89 01 13 00 64 00 00 00 01 30 FE FF FD FF FF FF FF FF 7F FF FF FF FF FF FF FF FF FF 03 11 10 06 05 05 06 05 09 10 06 07 07 03 07 06 06 07 07 05 07 05 06 06 08 07 06 05 0B 06 04 05 07 06 10 0F 07 05 07 07 03 04 07 05 07 07 07 06 06 07 06 06 07 07 06 07 07 07 07 07 0E 06 07 06 06 06 06 05 06 06 06 06 06 06 06 06 06 06 06 06 06 06 06 06 05 06 06 05 05 06 06 06 06 06 06 06 05 06 06 06 05 06 06 06 05 05 06 06 06 06 05 06 06 06 06 05 05 06 06 06 06 06 05 04 06 06 06 06 05 05 06 05 03 05 04 05 04 05 05 05 04 03 04 04 5F AE 81 34 00 00 00 00 00 00 00 00 00 00 00 00 00 00 00 00 00 00 00 00 00 00 00 00 00 00 00 00 00 00 00 00 00 00 00 00 00 00 00 00 2A 8F 22 CB 7E
[ 20957][16:43:30.425]7E FF 02 FF DF B8 C8 1C 32 01 92 02 EA 93 B5 45 00 49 00 10 00 01 00 02 8D DD 2E 01 01 40 09 01 00 0D 00 00 FD A1 CF 12 84 75 5A 7E
[ 20958][16:43:30.440]7E FF 02 FF E0 B8 D7 1C 32 01 85 01 37 31 BB 45 00 49 00 10 00 01 00 02 8D DD 2E 10 01 40 09 01 01 0D 00 00 FE E1 D7 A0 FE C8 CB 7E
[ 20959][16:43:30.695]7E FF 02 FF E1 B8 D5 1D 32 01 9E 03 89 4A 1C 46 00 49 00 10 00 01 00 02 8D DD 2E 10 01 70 00 01 02 0D 00 00 01 5A 74 E3 61 C2 67 7E
[ 20960][16:43:30.979]7E FF 02 FF E2 B8 8B 1E 32 01 3A 03 E0 D3 87 46 00 49 00 10 00 01 00 03 EC A8 22 60 01 71 1D 8D DD 2E 20 02 3B 86 97 A0 15 94 42 7E
[ 20961][16:43:31.174]7E FF 02 FF E3 B8 3E 1F 32 01 38 02 CA FC CB 46 00 49 00 94 00 01 00 01 8D DD 2E 01 10 0F 00 16 15 B6 44 00 CB 9A CB 10 00 F1 00 0A 20 3F 00 34 88 FF 00 00 2A 00 00 01 00 00 00 20 20 12 03 00 37 00 00 05 46 46 54 01 00 00 50 F1 00 01 01 2B A3 38 29 00 7D 00 00 6A 00 00 00 01 00 00 00 00 00 00 00 00 00 00 00 00 00 00 00 20 4C 85 D5 00 00 00 00 00 00 00 00 00 00 00 00 00 00 00 00 00 00 00 00 00 00 00 00 00 00 00 00 00 00 00 00 00 00 00 00 00 00 00 00 00 00 00 00 00 00 00 00 00 00 00 00 00 00 00 00 00 00 00 00 51 72 75 16 7E
[ 20962][16:43:31.219]7E FF 02 FF E4 B8 CB 1F 32 01 59 00 E9 71 DB 46 00 49 00 94 00 01 00 01 8D DD 2E 01 00 21 00 16 15 B6 40 00 B1 65 48 10 00 10 02 0A 21 3F 00 34 88 FF 00 00 2A 00 00 01 00 00 00 00 00 59 04 21 46 00 00 05 46 46 54 01 00 00 00 10 02 01 01 6B 23 46 27 00 7D 00 00 7A 00 00 00 01 00 00 00 00 00 00 00 00 00 00 00 00 00 00 00 7C FF 18 26 00 00 00 00 00 00 00 00 00 00 00 00 00 00 00 00 00 00 00 00 00 00 00 00 00 00 00 00 00 00 00 00 00 00 00 00 00 00 00 00 00 00 00 00 00 00 00 00 00 00 00 00 00 00 00 00 00 00 00 00 9E A6 BF C6 7E
[ 20963][16:43:31.294]7E FF 02 FF E5 B8 AC 1F 32 01 6B 01 BD DE F5 46 00 49 00 94 00 01 00 01 8D DD 2E 01 00 21 00 16 15 B6 44 00 A0 67 CC 10 00 10 02 0A 21 3F 00 34 88 FF 00 00 2A 00 00 01 00 00 00 00 00 59 04 21 46 00 00 05 46 46 54 01 00 00 00 10 02 01 01 6B 23 46 27 00 7D 00 00 7A 00 00 00 01 00 00 00 00 00 00 00 00 00 00 00 00 00 00 00 7C FF 18 26 00 00 00 00 00 00 00 00 00 00 00 00 00 00 00 00 00 00 00 00 00 00 00 00 00 00 00 00 00 00 00 00 00 00 00 00 00 00 00 00 00 00 00 00 00 00 00 00 00 00 00 00 00 00 00 00 00 00 00 00 35 3E AA CA 7E
[ 20964][16:43:31.294]7E FF 02 FF E6 B8 BC 1F 32 01 51 02 14 0F FC 46 00 49 00 94 00 01 00 01 8D DD 2E 01 E0 02 03 29 14 88 50 00 0B A4 D0 10 00 A9 00 03 22 3F 30 10 88 FF 00 00 2A 00 00 11 08 00 00 01 03 01 00 E9 50 87 41 61 79 15 00 44 CE 9B B0 00 00 00 00 00 00 00 00 00 00 00 00 00 00 00 00 00 00 00 00 00 00 00 00 00 00 00 00 00 00 00 00 00 00 00 00 00 00 00 00 00 00 00 00 00 00 00 00 00 00 00 00 00 00 00 00 00 00 00 00 00 00 00 00 00 00 00 00 00 00 00 00 00 00 00 00 00 00 00 00 00 00 00 00 00 00 00 00 00 00 00 00 00 00 00 00 AF 0D 85 04 7E
[ 20965][16:43:31.370]7E FF 02 FF E7 B8 50 20 32 01 75 03 CB 7B 0E 47 00 49 01 14 01 01 00 01 EC A8 22 3A F0 FF 00 34 18 60 C3 00 39 E4 D7 A0 03 FF 2F 01 D1 00 00 C9 B8 11 00 00 D5 00 00 08 00 00 00 3A 10 00 11 01 12 01 00 00 14 00 00 90 98 01 63 01 03 5E 64 90 00 09 01 79 01 13 00 48 00 00 00 01 30 FE FF FD FF FF FF FF FB FF FF FF FF FF FF FF FF FF FF 07 13 13 09 08 07 08 07 0B 12 09 09 0A 06 0A 08 08 09 09 05 09 07 08 09 09 09 08 07 0D 09 06 07 09 08 12 11 09 07 09 09 06 06 09 08 09 09 09 08 08 09 08 08 0A 0A 08 0A 09 0A 0A 10 08 09 06 06 06 06 05 06 06 06 06 06 06 06 06 06 06 06 06 06 06 06 06 06 05 06 06 05 05 06 06 06 06 06 06 06 05 06 06 06 05 06 06 06 05 05 06 06 06 06 05 06 06 06 06 05 05 06 06 06 06 06 05 04 06 06 06 06 05 05 06 05 03 05 04 05 04 03 05 05 04 03 02 04 00 FE 24 6D 48 00 00 00 00 00 00 00 00 00 00 00 00 00 00 00 00 00 00 00 00 00 00 00 00 00 00 00 00 00 00 00 00 00 00 00 00 00 00 00 00 83 0E E7 7E
[ 20966][16:43:31.384]7E FF 02 FF E8 B8 05 20 32 01 29 03 CA FD 17 47 00 49 00 94 00 01 00 01 8D DD 2E 01 E0 02 03 29 14 88 50 00 0B A4 D0 10 00 5C 00 03 23 3F 30 10 88 FF 00 00 2A 00 00 11 08 00 00 01 03 01 00 E1 52 97 64 60 79 15 00 52 01 AA 46 00 00 00 00 00 00 00 00 00 00 00 00 00 00 00 00 00 00 00 00 00 00 00 00 00 00 00 00 00 00 00 00 00 00 00 00 00 00 00 00 00 00 00 00 00 00 00 00 00 00 00 00 00 00 00 00 00 00 00 00 00 00 00 00 00 00 00 00 00 00 00 00 00 00 00 00 00 00 00 00 00 00 00 00 00 00 00 00 00 00 00 00 00 00 00 00 C9 E4 86 00 7E
[ 20967][16:43:31.399]7E FF 02 FF E9 B8 22 20 32 01 AA 01 46 E8 22 47 00 49 00 94 00 01 00 01 8D DD 2E 01 E0 02 03 29 14 88 50 00 0B A4 D0 10 00 1D 00 03 27 3F 30 10 88 FF 00 00 2A 00 00 11 08 00 00 01 03 01 00 E1 50 62 75 64 79 15 00 B4 B1 88 46 00 00 00 00 00 00 00 00 00 00 00 00 00 00 00 00 00 00 00 00 00 00 00 00 00 00 00 00 00 00 00 00 00 00 00 00 00 00 00 00 00 00 00 00 00 00 00 00 00 00 00 00 00 00 00 00 00 00 00 00 00 00 00 00 00 00 00 00 00 00 00 00 00 00 00 00 00 00 00 00 00 00 00 00 00 00 00 00 00 00 00 00 00 00 00 00 7D 4B 88 15 7E
[ 20968][16:43:31.474]7E FF 02 FF EA B8 A3 20 32 01 90 02 AC 0E 2E 47 00 49 00 14 02 01 00 01 8D DD 2E 01 F0 FF 01 BF 18 7B 83 00 B3 03 F9 10 00 FF 2F 01 2A 3F 00 4B 89 11 00 00 2A 00 00 08 00 00 00 01 00 00 04 00 00 05 46 46 54 00 00 05 46 46 54 00 00 64 64 00 01 48 00 61 00 27 00 64 00 00 00 FC FF FF EF FF CF F6 FE FB FF FF FF 7B FD BD FF FF FF DF FD EE 7F FF FF FF 59 FF FF FB F7 D9 FB 53 FC EE 32 10 D0 7B 07 39 0E 0F 0E 3F 52 55 0D 0E 54 4D 53 0D 10 0C 0C 0B 0E 0F 0E 53 0F 10 0E 44 0D 0D 4A 0E 08 0F 0C 08 12 0D 0E 0B 0F 0C 0D 40 0F 0D 0A 0A 0D 0B 10 0D 0F 0E 0C 10 55 10 09 45 0A 0D 06 0B 0E 3A 40 4E 18 0B 4F 4E 54 0B 0A 0C 0C 0B 07 0D 0C 0A 05 0D 0F 10 0E 0D 0D 3C 0E 0B 0D 06 0F 08 0A 0B 0F 0C 0A 0C 0A 09 54 42 0B 10 03 10 0B 0A 0A 0E 10 06 04 0F 05 0D 0C 03 0E 0E 54 0C 12 08 14 06 0E 13 17 0E 15 0D 2F 0C 0A 04 0E 10 0B 07 04 0E 0D 0E 0E 0B 0F 10 0D 0D 0F 0D 03 08 07 0B 0E 45 03 0E 03 05 0C 4D 05 54 0E 0A 03 0E 0E 0E 0E 0D 0A 11 07 02 03 11 0D 0F 11 02 0B 03 0E 0D 0D 06 0F 07 0C 0C 0D 0F 03 03 0B 0E 0D 0B 4D 03 03 0D 4F 0F 42 08 03 0F 0D 0E 10 0E 03 11 03 03 0B 12 10 06 0F 0B 00 09 0B 10 0E 0E 45 0B 4E 09 03 0B 05 03 0C 07 0C 0A 0E 06 0D 09 0F 0A 3E 07 0E 03 41 39 4C 5E 00 00 00 00 00 00 00 00 00 00 00 00 00 00 00 00 00 00 00 00 00 00 00 00 00 00 00 00 00 00 00 00 00 00 00 00 00 00 00 00 00 00 00 00 00 00 00 00 00 00 00 00 00 00 00 00 00 00 00 00 00 00 00 00 00 00 00 00 00 00 00 00 00 00 00 00 00 00 00 00 00 00 00 00 00 00 00 00 00 00 00 00 00 00 00 00 00 00 00 00 00 00 00 00 00 00 00 00 00 00 00 00 00 00 00 00 00 00 00 00 00 00 00 00 00 00 00 00 00 00 00 00 00 00 00 00 00 00 00 00 00 00 00 00 00 00 00 00 00 00 00 00 00 00 00 00 00 00 00 00 00 00 00 00 00 39 BE AC A2 7E
[ 20969][16:43:31.549]7E FF 02 FF EB B8 1D 21 32 01 5E 01 BD 7A 5C 47 00 49 00 94 00 01 00 01 8D DD 2E 01 E0 02 00 16 15 B6 40 00 47 DB B7 10 00 9B 00 0A 36 3F 00 34 88 FF 00 00 2A 00 00 01 00 00 00 22 03 23 23 11 68 00 00 05 46 46 54 01 00 00 40 9B 00 01 01 02 F8 02 7E 00 7D 00 00 08 00 00 00 01 00 00 00 00 00 00 00 00 00 00 00 00 00 00 00 75 EC DD B5 00 00 00 00 00 00 00 00 00 00 00 00 00 00 00 00 00 00 00 00 00 00 00 00 00 00 00 00 00 00 00 00 00 00 00 00 00 00 00 00 00 00 00 00 00 00 00 00 00 00 00 00 00 00 00 00 00 00 00 00 BB 0D B9 31 7E
[ 20970][16:43:31.669]7E FF 02 FF EC B8 2F 21 32 01 CE 02 5D A2 89 47 00 49 01 94 00 01 00 01 EC A8 22 47 10 00 00 16 15 B6 40 00 DC EB 61 70 04 01 00 0A 0B 00 30 42 98 FF 00 00 D5 00 00 11 03 00 00 01 02 63 03 01 00 01 00 68 34 00 83 05 01 00 00 01 12 01 00 64 ED 85 01 01 00 10 02 00 01 01 05 06 00 00 02 00 06 00 00 02 00 06 00 00 02 00 06 00 00 02 00 06 00 00 02 00 00 00 C2 92 16 31 87 0F 4C 00 00 00 00 00 00 00 00 00 00 00 00 00 00 00 00 00 00 00 00 00 00 00 00 00 00 00 00 00 00 00 00 00 00 00 00 00 00 00 00 00 00 00 00 00 00 30 C5 3B 65 7E
[ 20971][16:43:31.669]7E FF 02 FF ED B8 3A 21 32 01 94 03 8D ED 8D 47 00 49 01 10 00 01 00 02 EC A8 22 10 01 70 04 01 05 00 00 00 45 F7 21 18 EC 33 0A 7E
[ 20972][16:43:31.715]7E FF 02 FF EE B8 54 21 32 01 91 03 26 D3 97 47 00 49 00 94 00 01 00 01 8D DD 2E 01 30 00 00 16 15 B6 44 00 91 51 AD 10 00 03 00 0A 12 3F 00 34 88 FF 00 00 2A 00 00 01 00 00 00 00 15 79 60 95 05 00 00 05 46 46 54 01 00 00 00 03 00 01 01 2B A3 38 29 00 7D 00 00 C5 00 00 00 01 00 00 00 00 00 00 00 00 00 00 00 00 00 00 00 0A 4B 86 65 00 00 00 00 00 00 00 00 00 00 00 00 00 00 00 00 00 00 00 00 00 00 00 00 00 00 00 00 00 00 00 00 00 00 00 00 00 00 00 00 00 00 00 00 00 00 00 00 00 00 00 00 00 00 00 00 00 00 00 00 BB 4E 11 11 7E
[ 20973][16:43:31.774]7E FF 02 FF EF B8 8F 21 32 01 D2 03 80 5A AE 47 00 3F 02 94 00 01 00 01 EC A8 22 01 B0 03 03 16 15 B6 40 00 EF 24 35 10 00 3B 00 03 E0 01 30 3E 88 FF 00 00 D5 00 00 11 03 00 00 01 02 23 03 0B 00 28 0A 68 17 00 43 05 13 00 00 01 12 01 00 9B 51 05 01 01 00 10 02 00 00 FE 19 16 68 17 00 43 05 13 00 00 01 12 01 00 9B 51 05 01 01 40 00 02 00 00 7D 1B 16 B8 7B 53 5D 00 00 00 00 00 00 00 00 00 00 00 00 00 00 00 00 00 00 00 00 00 00 00 00 00 00 00 00 00 00 00 00 00 00 00 00 00 00 00 00 00 00 00 00 00 00 00 00 00 00 CE 1E BF A8 7E
[ 20974][16:43:31.774]7E FF 02 FF F0 B8 9B 21 32 01 06 00 9E 95 B2 47 00 3F 02 10 00 01 00 02 EC A8 22 10 3B 10 00 01 03 01 00 00 47 18 00 1E EF 56 4C 7E
[ 20975][16:43:31.774]7E FF 02 FF F1 B8 AB 21 32 01 73 03 52 06 B9 47 00 3F 02 10 00 01 00 02 EC A8 22 10 01 90 03 01 03 00 00 00 DD A9 DB 49 A2 F1 B9 7E
[ 20976][16:43:31.805]7E FF 02 FF F2 B8 B2 21 32 01 AE 01 6B 7F BB 47 00 49 00 94 00 01 00 01 EC A8 22 19 30 02 00 16 15 B6 40 00 B8 8D 6B 90 01 01 00 0C 39 00 30 42 F0 FF 00 00 D5 00 00 11 03 00 00 01 02 63 03 03 00 01 00 68 34 00 83 05 03 00 00 01 12 01 00 DF DA 85 01 01 00 10 02 00 01 01 05 06 00 00 02 00 06 00 00 02 00 06 00 00 02 00 06 00 00 02 00 06 00 00 02 00 00 00 C2 92 16 FA 3E EF 9B 00 00 00 00 00 00 00 00 00 00 00 00 00 00 00 00 00 00 00 00 00 00 00 00 00 00 00 00 00 00 00 00 00 00 00 00 00 00 00 00 00 00 00 00 00 00 AD 9A ED F9 7E
[ 20977][16:43:31.835]7E FF 02 FF F3 B8 35 22 32 01 56 01 56 4A C7 47 00 49 00 94 00 01 00 01 EC A8 22 46 10 00 00 16 15 B6 40 00 DC EB F5 60 04 01 00 0A 81 00 30 42 80 FF 00 00 D5 00 00 11 03 00 00 01 02 63 03 06 00 01 00 68 34 00 83 05 06 00 00 01 12 01 00 7C 2A 85 01 01 00 10 02 00 01 01 05 06 00 00 02 00 06 00 00 02 00 06 00 00 02 00 06 00 00 02 00 06 00 00 02 00 00 00 C2 92 16 2D E6 B6 9C 00 00 00 00 00 00 00 00 00 00 00 00 00 00 00 00 00 00 00 00 00 00 00 00 00 00 00 00 00 00 00 00 00 00 00 00 00 00 00 00 00 00 00 00 00 00 9D 04 D1 D6 7E
[ 20978][16:43:31.835]7E FF 02 FF F4 B8 40 22 32 01 22 02 35 96 CB 47 00 49 00 10 00 01 00 02 EC A8 22 10 01 60 04 01 02 00 00 00 B1 27 22 A8 C8 66 BC 7E
[ 20979][16:43:31.897]7E FF 02 FF F5 B8 09 22 32 01 B7 03 B3 E2 DC 47 00 3F 02 94 00 01 00 01 EC A8 22 01 A0 03 03 16 15 B6 40 00 FE 36 F1 10 00 3A 00 03 E1 01 30 3E 88 FF 00 00 D5 00 00 11 03 00 00 01 02 23 03 0C 00 28 0A 68 17 00 43 05 14 00 00 01 12 01 00 83 96 05 01 01 00 10 02 00 00 FE 19 16 68 17 00 43 05 14 00 00 01 12 01 00 83 96 05 01 01 40 00 02 00 00 7D 1B 16 9C ED 36 6C 00 00 00 00 00 00 00 00 00 00 00 00 00 00 00 00 00 00 00 00 00 00 00 00 00 00 00 00 00 00 00 00 00 00 00 00 00 00 00 00 00 00 00 00 00 00 00 00 00 00 AA 8A 49 38 7E
[ 20980][16:43:31.897]7E FF 02 FF F6 B8 15 22 32 01 0D 00 45 20 E1 47 00 3F 02 10 00 01 00 02 EC A8 22 10 3A 10 00 01 03 01 00 00 67 19 80 E8 FE C1 16 7E
[ 20981][16:43:31.910]7E FF 02 FF F7 B8 1B 22 32 01 4C 03 DB B7 E3 47 00 49 00 94 00 01 00 01 EC A8 22 29 10 00 00 16 15 B6 40 00 BF EB 35 90 02 01 00 0B 87 00 30 42 98 FF 00 00 D5 00 00 11 03 00 00 01 02 63 03 08 00 01 00 68 34 00 83 05 08 00 00 01 12 01 00 5D AC 85 01 01 00 10 02 00 01 01 05 06 00 00 02 00 06 00 00 02 00 06 00 00 02 00 06 00 00 02 00 06 00 00 02 00 00 00 C2 92 16 9F C1 86 D6 00 00 00 00 00 00 00 00 00 00 00 00 00 00 00 00 00 00 00 00 00 00 00 00 00 00 00 00 00 00 00 00 00 00 00 00 00 00 00 00 00 00 00 00 00 00 5B 75 94 86 7E
[ 20982][16:43:31.910]7E FF 02 FF F8 B8 8B 22 32 01 25 00 A5 00 E8 47 00 49 00 10 00 01 00 02 EC A8 22 10 01 90 02 01 04 00 00 00 ED 61 FB 92 A8 23 50 7E
[ 20983][16:43:31.925]7E FF 02 FF F9 B8 93 22 32 01 4E 00 24 0C EB 47 00 49 00 94 00 01 00 01 EC A8 22 42 10 00 00 16 15 B6 40 00 D9 EB 31 20 04 01 00 0A 6A 00 30 42 D0 FF 00 00 D5 00 00 11 03 00 00 01 02 63 03 09 00 01 00 68 34 00 83 05 09 00 00 01 12 01 00 88 33 85 01 01 00 10 02 00 01 01 05 06 00 00 02 00 06 00 00 02 00 06 00 00 02 00 06 00 00 02 00 06 00 00 02 00 00 00 C2 92 16 9F 6C 6F A5 00 00 00 00 00 00 00 00 00 00 00 00 00 00 00 00 00 00 00 00 00 00 00 00 00 00 00 00 00 00 00 00 00 00 00 00 00 00 00 00 00 00 00 00 00 00 C1 24 E3 9B 7E
[ 20984][16:43:31.940]7E FF 02 FF FA B8 9E 22 32 01 D1 01 4B 6A EF 47 00 49 00 10 00 01 00 02 EC A8 22 10 01 20 04 01 05 00 00 00 D1 A5 2B 83 CB 12 8E 7E
[ 20985][16:43:31.955]7E FF 02 FF FB B8 AE 22 32 01 CA 01 47 7E F5 47 00 49 01 94 00 01 00 01 EC A8 22 38 10 00 00 16 15 B6 40 00 AD EB A9 80 03 01 00 0B 8F 00 30 42 98 FF 00 00 D5 00 00 11 03 00 00 01 02 63 03 0A 00 01 00 68 34 00 83 05 10 00 00 01 12 01 00 78 C7 85 01 01 00 10 02 00 01 01 05 06 00 00 02 00 06 00 00 02 00 06 00 00 02 00 06 00 00 02 00 06 00 00 02 00 00 00 C2 92 16 2C 9D 16 DF 00 00 00 00 00 00 00 00 00 00 00 00 00 00 00 00 00 00 00 00 00 00 00 00 00 00 00 00 00 00 00 00 00 00 00 00 00 00 00 00 00 00 00 00 00 00 AC D8 AB 24 7E
[ 20986][16:43:31.955]7E FF 02 FF FC B8 55 22 32 01 EB 02 3D D2 F9 47 00 49 01 10 00 01 00 02 EC A8 22 10 01 80 03 01 03 00 00 00 58 B9 5D 7E FC EE 2D 7E
[ 20987][16:43:32.044]7E FF 02 FF FD B8 05 23 32 01 13 00 C0 84 16 48 00 3D 03 94 00 01 00 01 EC A8 22 01 A0 01 03 16 15 B6 40 00 EE 74 B3 10 00 1A 00 03 E2 01 30 3E 88 FF 00 00 D5 00 00 11 03 00 00 01 02 23 03 0D 00 28 0A 68 17 00 43 05 15 00 00 01 12 01 00 56 09 05 01 01 00 10 02 00 00 FE 19 16 68 17 00 43 05 15 00 00 01 12 01 00 56 09 05 01 01 40 00 02 00 00 7D 1B 16 52 26 5C 59 00 00 00 00 00 00 00 00 00 00 00 00 00 00 00 00 00 00 00 00 00 00 00 00 00 00 00 00 00 00 00 00 00 00 00 00 00 00 00 00 00 00 00 00 00 00 00 00 00 00 9C 85 C0 DD 7E
[ 20988][16:43:32.044]7E FF 02 FF FE B8 0F 23 32 01 3F 03 64 A8 1A 48 00 3D 03 10 00 01 00 02 8D DD 2E 01 01 10 20 01 00 02 00 00 24 41 B9 2C 5B D5 FC 7E
[ 20989][16:43:32.074]7E FF 02 FF FF B8 C5 22 32 01 6E 02 E4 79 24 48 00 49 00 94 00 01 00 01 EC A8 22 37 10 00 00 16 15 B6 40 00 A2 EB 59 70 03 01 00 0B FF 00 30 42 E8 FF 00 00 D5 00 00 11 03 00 00 01 02 63 03 05 00 01 00 68 34 00 83 05 05 00 00 01 12 01 00 12 82 85 01 01 00 10 02 00 01 01 05 06 00 00 02 00 06 00 00 02 00 06 00 00 02 00 06 00 00 02 00 06 00 00 02 00 00 00 C2 92 16 E6 F2 BF 38 00 00 00 00 00 00 00 00 00 00 00 00 00 00 00 00 00 00 00 00 00 00 00 00 00 00 00 00 00 00 00 00 00 00 00 00 00 00 00 00 00 00 00 00 00 00 FF FE C4 0F 7E
[ 20990][16:43:32.089]7E FF 02 FF 00 B9 D0 22 32 01 68 03 26 CA 28 48 00 49 00 10 00 01 00 02 EC A8 22 10 01 70 03 01 03 01 00 00 E5 5E 87 96 54 C0 18 7E
[ 20991][16:43:32.104]7E FF 02 FF 01 B9 D2 22 32 01 C3 03 08 92 29 48 00 49 01 94 00 01 00 01 EC A8 22 2A 10 00 00 16 15 B6 40 00 BC EB 05 A0 02 01 00 0B 49 00 30 42 C0 FF 00 00 D5 00 00 11 03 00 00 01 02 63 03 07 00 01 00 68 34 00 83 05 07 00 00 01 12 01 00 A9 B5 85 01 01 00 10 02 00 01 01 05 06 00 00 02 00 06 00 00 02 00 06 00 00 02 00 06 00 00 02 00 06 00 00 02 00 00 00 C2 92 16 2D 4B 5F EF 00 00 00 00 00 00 00 00 00 00 00 00 00 00 00 00 00 00 00 00 00 00 00 00 00 00 00 00 00 00 00 00 00 00 00 00 00 00 00 00 00 00 00 00 00 00 05 BC AE 2E 7E
[ 20992][16:43:32.104]7E FF 02 FF 02 B9 DE 22 32 01 A5 00 20 DC 2D 48 00 49 01 10 00 01 00 02 EC A8 22 10 01 A0 02 01 04 02 00 00 60 70 F9 A3 87 D4 3C 7E
[ 20993][16:43:32.119]7E FF 02 FF 03 B9 E0 22 32 01 88 03 51 E2 2E 48 00 3A 02 94 00 01 00 01 EC A8 22 01 00 04 03 16 15 B6 40 00 63 65 02 10 00 40 00 03 E3 01 30 3E 88 FF 00 00 D5 00 00 11 03 00 00 01 02 23 03 0E 00 28 0A 68 17 00 43 05 16 00 00 01 12 01 00 38 A1 05 01 01 00 10 02 00 00 FE 19 16 68 17 00 43 05 16 00 00 01 12 01 00 38 A1 05 01 01 40 00 02 00 00 7D 1B 16 05 DB 1C D9 00 00 00 00 00 00 00 00 00 00 00 00 00 00 00 00 00 00 00 00 00 00 00 00 00 00 00 00 00 00 00 00 00 00 00 00 00 00 00 00 00 00 00 00 00 00 00 00 00 00 10 74 3B 19 7E
[ 20994][16:43:32.134]7E FF 02 FF 04 B9 59 23 32 01 73 03 AB E2 36 48 00 49 00 94 00 01 00 01 8D DD 2E 01 10 13 01 16 15 B6 44 00 6C 0E E9 10 00 31 01 03 2D 3F 00 34 88 FF 08 00 2A 00 00 00 00 05 46 46 54 22 03 23 23 12 26 05 00 00 00 00 00 00 00 43 00 31 01 22 00 00 00 87 1A 00 00 00 00 00 00 22 03 23 23 11 68 00 00 05 46 46 54 01 00 00 40 20 01 01 01 02 F8 02 7E 00 7D 00 00 6B AB FE 9D 00 00 00 00 00 00 00 00 00 00 00 00 00 00 00 00 00 00 00 00 00 00 00 00 00 00 00 00 00 00 00 00 00 00 00 00 00 00 00 00 00 00 00 00 00 00 00 00 33 2B C0 6D 7E
[ 20995][16:43:32.179]7E FF 02 FF 05 B9 27 23 32 01 1F 02 3A D4 49 48 00 3A 02 94 00 01 00 01 EC A8 22 01 00 04 03 16 15 B6 44 00 72 67 86 10 00 40 00 03 E3 01 30 3E 88 FF 00 00 D5 00 00 11 03 00 00 01 02 23 03 0E 00 28 0A 68 17 00 43 05 16 00 00 01 12 01 00 38 A1 05 01 01 00 10 02 00 00 FE 19 16 68 17 00 43 05 16 00 00 01 12 01 00 38 A1 05 01 01 40 00 02 00 00 7D 1B 16 05 DB 1C D9 00 00 00 00 00 00 00 00 00 00 00 00 00 00 00 00 00 00 00 00 00 00 00 00 00 00 00 00 00 00 00 00 00 00 00 00 00 00 00 00 00 00 00 00 00 00 00 00 00 00 65 F2 C8 CD 7E
[ 20996][16:43:32.194]7E FF 02 FF 06 B9 38 23 32 01 64 03 E1 71 50 48 00 3C 02 94 00 01 00 01 EC A8 22 01 B0 02 03 16 15 B6 40 00 E7 05 14 10 00 2B 00 03 E4 01 30 3E 88 FF 00 00 D5 00 00 11 03 00 00 01 02 23 03 0F 00 28 0A 68 17 00 43 05 17 00 00 01 12 01 00 ED 3E 05 01 01 00 10 02 00 00 FE 19 16 68 17 00 43 05 17 00 00 01 12 01 00 ED 3E 05 01 01 40 00 02 00 00 7D 1B 16 CB 10 76 EC 00 00 00 00 00 00 00 00 00 00 00 00 00 00 00 00 00 00 00 00 00 00 00 00 00 00 00 00 00 00 00 00 00 00 00 00 00 00 00 00 00 00 00 00 00 00 00 00 00 00 87 82 BF F9 7E
[ 20997][16:43:32.239]7E FF 02 FF 07 B9 C9 23 32 01 A2 02 EA 88 61 48 00 3C 02 94 00 01 00 01 EC A8 22 01 B0 02 03 16 15 B6 44 00 F6 07 90 10 00 2B 00 03 E4 01 30 3E 88 FF 00 00 D5 00 00 11 03 00 00 01 02 23 03 0F 00 28 0A 68 17 00 43 05 17 00 00 01 12 01 00 ED 3E 05 01 01 00 10 02 00 00 FE 19 16 68 17 00 43 05 17 00 00 01 12 01 00 ED 3E 05 01 01 40 00 02 00 00 7D 1B 16 CB 10 76 EC 00 00 00 00 00 00 00 00 00 00 00 00 00 00 00 00 00 00 00 00 00 00 00 00 00 00 00 00 00 00 00 00 00 00 00 00 00 00 00 00 00 00 00 00 00 00 00 00 00 00 CD D6 C5 1A 7E
[ 20998][16:43:32.239]7E FF 02 FF 08 B9 D4 23 32 01 06 03 90 C9 65 48 00 3C 02 10 00 01 00 02 EC A8 22 10 2B 10 00 01 01 02 00 00 77 BA 80 6A C9 6E 3C 7E
[ 20999][16:43:32.254]7E FF 02 FF 09 B9 DB 23 32 01 1D 02 29 5A 68 48 00 3B 02 94 00 01 00 01 EC A8 22 01 50 03 03 16 15 B6 40 00 08 D8 29 10 00 35 00 03 E5 01 30 3E 88 FF 00 00 D5 00 00 11 03 00 00 01 02 23 03 10 00 28 0A 68 17 00 43 05 18 00 00 01 12 01 00 19 27 05 01 01 00 10 02 00 00 FE 19 16 68 17 00 43 05 18 00 00 01 12 01 00 19 27 05 01 01 40 00 02 00 00 7D 1B 16 28 CD 72 7E 00 00 00 00 00 00 00 00 00 00 00 00 00 00 00 00 00 00 00 00 00 00 00 00 00 00 00 00 00 00 00 00 00 00 00 00 00 00 00 00 00 00 00 00 00 00 00 00 00 00 6E B9 CF DE 7E
[ 21000][16:43:32.269]7E FF 02 FF 0A B9 82 23 32 01 3B 02 DA 93 6C 48 00 3B 02 10 00 01 00 02 EC A8 22 10 35 10 00 01 01 01 00 00 A9 97 38 B1 C0 05 19 7E
[ 21001][16:43:32.284]7E FF 02 FF 0B B9 8E 23 32 01 C9 03 D3 48 71 48 00 3C 02 94 00 01 00 01 EC A8 22 01 80 02 03 16 15 B6 40 00 D7 33 D4 10 00 28 00 03 E6 01 30 3E 88 FF 00 00 D5 00 00 11 03 00 00 01 02 23 03 11 00 28 0A 68 17 00 43 05 19 00 00 01 12 01 00 CC B8 05 01 01 00 10 02 00 00 FE 19 16 68 17 00 43 05 19 00 00 01 12 01 00 CC B8 05 01 01 40 00 02 00 00 7D 1B 16 E6 06 18 4B 00 00 00 00 00 00 00 00 00 00 00 00 00 00 00 00 00 00 00 00 00 00 00 00 00 00 00 00 00 00 00 00 00 00 00 00 00 00 00 00 00 00 00 00 00 00 00 00 00 00 CD F0 C8 03 7E
[ 21002][16:43:32.284]7E FF 02 FF 0C B9 9A 23 32 01 14 00 FE 84 75 48 00 3C 02 10 00 01 00 02 EC A8 22 10 28 10 00 01 02 02 00 00 24 79 8C 74 56 90 CA 7E
[ 21003][16:43:32.299]7E FF 02 FF 0D B9 9E 23 32 01 0F 01 43 21 77 48 00 49 00 94 00 01 00 01 EC A8 22 41 10 00 00 16 15 B6 44 00 CB E9 85 10 04 01 00 0A 30 00 30 42 E8 FF 00 00 D5 00 00 11 03 00 00 01 02 63 03 02 00 01 00 68 34 00 83 05 02 00 00 01 12 01 00 0A 45 85 01 01 00 10 02 00 01 01 05 06 00 00 02 00 06 00 00 02 00 06 00 00 02 00 06 00 00 02 00 06 00 00 02 00 00 00 C2 92 16 FA 93 06 E8 00 00 00 00 00 00 00 00 00 00 00 00 00 00 00 00 00 00 00 00 00 00 00 00 00 00 00 00 00 00 00 00 00 00 00 00 00 00 00 00 00 00 00 00 00 00 10 EB 94 DF 7E
[ 21004][16:43:32.299]7E FF 02 FF 0E B9 A9 23 32 01 D3 01 F5 69 7B 48 00 49 00 10 00 01 00 02 EC A8 22 10 01 10 04 01 05 01 00 00 5C 84 E9 CC 92 3F 99 7E
[ 21005][16:43:32.329]7E FF 02 FF 0F B9 AD 23 32 01 0C 03 B7 09 7D 48 00 3D 02 94 00 01 00 01 EC A8 22 01 60 03 03 16 15 B6 40 00 38 EE E9 10 00 36 00 03 E7 01 30 3E 88 FF 00 00 D5 00 00 11 03 00 00 01 02 23 03 12 00 28 0A 68 17 00 43 05 20 00 00 01 12 01 00 BF 2F 05 01 01 00 10 02 00 00 FE 19 16 68 17 00 43 05 20 00 00 01 12 01 00 BF 2F 05 01 01 40 00 02 00 00 7D 1B 16 E8 05 34 A3 00 00 00 00 00 00 00 00 00 00 00 00 00 00 00 00 00 00 00 00 00 00 00 00 00 00 00 00 00 00 00 00 00 00 00 00 00 00 00 00 00 00 00 00 00 00 00 00 00 00 FE F6 35 92 7E
[ 21006][16:43:32.329]7E FF 02 FF 10 B9 1C 24 32 01 35 03 BA 45 81 48 00 3D 02 10 00 01 00 02 EC A8 22 10 36 10 00 01 02 01 00 00 FA 54 34 84 49 1C D9 7E
[ 21007][16:43:32.391]7E FF 02 FF 11 B9 FA 23 32 01 04 03 2B 68 9A 48 00 3A 02 94 00 01 00 01 EC A8 22 01 90 00 03 16 15 B6 40 00 D6 63 52 10 00 91 00 03 E8 01 30 3E 88 FF 00 00 D5 00 00 11 03 00 00 01 02 23 03 13 00 28 0A 68 17 00 43 05 01 00 00 01 11 01 00 8D 3C 05 01 01 00 10 02 00 00 FE 19 16 68 17 00 43 05 01 00 00 01 11 01 00 8D 3C 05 01 01 40 00 02 00 00 7D 1B 16 55 40 BC 26 00 00 00 00 00 00 00 00 00 00 00 00 00 00 00 00 00 00 00 00 00 00 00 00 00 00 00 00 00 00 00 00 00 00 00 00 00 00 00 00 00 00 00 00 00 00 00 00 00 00 FB 20 0C A2 7E
[ 21008][16:43:32.391]7E FF 02 FF 12 B9 05 24 32 01 3E 03 E7 A5 9E 48 00 3A 02 10 00 01 00 02 EC A8 22 10 09 10 00 01 02 00 00 00 24 7C 0C 71 D2 58 4B 7E
[ 21009][16:43:32.421]7E FF 02 FF 13 B9 7D 24 32 01 42 00 40 F7 A5 48 00 49 00 94 00 01 00 01 EC A8 22 09 10 09 03 16 15 B6 40 00 10 DA E2 10 00 91 00 03 E8 01 30 3E 88 EF 00 00 D5 00 00 11 03 00 00 01 02 23 03 13 00 28 0A 68 17 00 43 05 01 00 00 01 11 01 00 8D 3C 05 01 01 00 10 02 00 00 FE 19 16 68 17 00 43 05 01 00 00 01 11 01 00 8D 3C 05 01 01 40 00 02 00 00 7D 1B 16 55 40 BC 26 00 00 00 00 00 00 00 00 00 00 00 00 00 00 00 00 00 00 00 00 00 00 00 00 00 00 00 00 00 00 00 00 00 00 00 00 00 00 00 00 00 00 00 00 00 00 00 00 00 00 D8 46 C6 5A 7E
[ 21010][16:43:32.888]7E FF 02 FF 14 B9 02 26 32 01 2E 01 53 9F 60 49 00 49 00 10 00 01 00 03 EC A8 22 60 01 FA 15 8D DD 2E 20 02 43 2B E5 B0 49 D1 48 7E
[ 21011][16:43:33.251]7E FF 02 FF 15 B9 69 27 32 01 87 02 22 B2 E9 49 00 49 00 10 00 01 00 02 8D DD 2E 10 01 20 12 01 03 01 00 00 07 1C 24 37 5D 19 D7 7E
[ 21012][16:43:34.552]7E FF 02 FF 16 B9 C6 2C 32 01 9D 03 25 66 CF 4B 00 42 02 14 01 01 00 01 EC A8 22 92 F0 FF 00 34 18 60 C3 00 84 E4 83 20 09 FF 2F 01 61 00 00 C7 98 11 03 00 D5 00 00 08 00 00 00 92 10 00 11 01 10 01 00 00 04 00 00 90 98 01 63 01 02 64 64 8E 00 05 01 6C 01 13 00 64 00 00 00 01 30 FE EF FD FF FF EF FF FF FF FF FF FF FF FF FF FF FF FF 03 09 09 02 02 01 01 01 02 08 02 02 01 03 02 01 02 02 01 03 01 01 02 00 03 02 01 04 01 02 01 02 02 09 09 03 01 01 02 01 01 01 03 03 02 02 02 02 02 02 02 02 03 02 02 02 03 03 0A 02 03 02 01 02 02 02 02 02 03 03 02 03 02 03 02 02 03 02 03 02 03 02 02 02 03 03 02 02 02 02 02 03 02 03 03 02 02 02 02 02 02 02 03 02 01 03 03 02 02 02 03 02 02 02 02 02 03 02 02 02 02 02 01 03 02 03 03 02 02 03 02 00 02 01 02 01 02 02 01 01 01 02 02 FC 9B E9 FF 00 00 00 00 00 00 00 00 00 00 00 00 00 00 00 00 00 00 00 00 00 00 00 00 00 00 00 00 00 00 00 00 00 00 00 00 00 00 00 00 00 14 8E 6F 6B 7E
[ 21013][16:43:34.792]7E FF 02 FF 17 B9 DB 2D 32 01 BF 02 55 00 39 4C 00 42 02 10 00 01 00 03 EC A8 22 60 01 85 0E 8D DD 2E 20 02 63 69 6E 0B 2F 12 6A 7E
[ 21014][16:43:36.019]7E FF 02 FF 18 B9 89 32 32 01 26 01 DB D0 01 4E 00 49 00 94 00 01 00 01 EC A8 22 3B 10 00 00 16 15 B6 40 00 AE EB 99 B0 03 01 00 0B B1 00 30 42 88 FF 00 00 D5 00 00 11 03 00 00 01 02 63 03 0B 00 01 00 68 34 00 83 05 13 00 00 01 12 01 00 16 6F 85 01 01 00 10 02 00 01 01 05 06 00 00 02 00 06 00 00 02 00 06 00 00 02 00 06 00 00 02 00 06 00 00 02 00 00 00 C2 92 16 C1 96 91 EE 00 00 00 00 00 00 00 00 00 00 00 00 00 00 00 00 00 00 00 00 00 00 00 00 00 00 00 00 00 00 00 00 00 00 00 00 00 00 00 00 00 00 00 00 00 00 8C 44 D6 97 7E
[ 21015][16:43:36.020]7E FF 02 FF 19 B9 94 32 32 01 0C 02 CA 1E 06 4E 00 49 00 10 00 01 00 02 EC A8 22 10 01 B0 03 01 05 00 00 00 B4 08 5A 3D F3 DE 5D 7E
[ 21016][16:43:36.109]7E FF 02 FF 1A B9 82 32 32 01 AB 01 DC 57 25 4E 00 3B 02 94 00 01 00 01 EC A8 22 01 40 05 03 16 15 B6 40 00 29 0C 2B 10 00 54 00 03 E9 01 30 3E 88 FF 00 00 D5 00 00 11 03 00 00 01 02 23 03 14 00 28 0A 68 17 00 43 05 02 00 00 01 11 01 00 E3 94 05 01 01 00 10 02 00 00 FE 19 16 68 17 00 43 05 02 00 00 01 11 01 00 E3 94 05 01 01 40 00 02 00 00 7D 1B 16 DA 1B 6A A0 00 00 00 00 00 00 00 00 00 00 00 00 00 00 00 00 00 00 00 00 00 00 00 00 00 00 00 00 00 00 00 00 00 00 00 00 00 00 00 00 00 00 00 00 00 00 00 00 00 00 9D EB 3C 6E 7E
[ 21017][16:43:36.139]7E FF 02 FF 1B B9 09 33 32 01 8A 02 12 C7 32 4E 00 49 00 94 00 01 00 01 EC A8 22 3A 10 00 00 16 15 B6 40 00 AE EB 0D A0 03 01 00 0B D3 00 30 42 B8 FF 00 00 D5 00 00 11 03 00 00 01 02 63 03 0C 00 01 00 68 34 00 83 05 14 00 00 01 12 01 00 0E A8 85 01 01 00 10 02 00 01 01 05 06 00 00 02 00 06 00 00 02 00 06 00 00 02 00 06 00 00 02 00 06 00 00 02 00 00 00 C2 92 16 DD F7 28 3E 00 00 00 00 00 00 00 00 00 00 00 00 00 00 00 00 00 00 00 00 00 00 00 00 00 00 00 00 00 00 00 00 00 00 00 00 00 00 00 00 00 00 00 00 00 00 80 25 B8 53 7E
[ 21018][16:43:36.139]7E FF 02 FF 1C B9 14 33 32 01 3E 03 C4 10 37 4E 00 49 00 10 00 01 00 02 EC A8 22 10 01 A0 03 01 04 00 00 00 20 58 58 C2 F4 E6 25 7E
[ 21019][16:43:36.229]7E FF 02 FF 1D B9 66 33 32 01 DB 02 6F 49 56 4E 00 3B 02 94 00 01 00 01 EC A8 22 01 50 05 03 16 15 B6 40 00 38 1E EF 10 00 55 00 03 EA 01 30 3E 88 FF 00 00 D5 00 00 11 03 00 00 01 02 23 03 15 00 28 0A 68 17 00 43 05 03 00 00 01 11 01 00 36 0B 05 01 01 00 10 02 00 00 FE 19 16 68 17 00 43 05 03 00 00 01 11 01 00 36 0B 05 01 01 40 00 02 00 00 7D 1B 16 14 D0 00 95 00 00 00 00 00 00 00 00 00 00 00 00 00 00 00 00 00 00 00 00 00 00 00 00 00 00 00 00 00 00 00 00 00 00 00 00 00 00 00 00 00 00 00 00 00 00 00 00 00 00 A8 8F 0A 20 7E
[ 21020][16:43:36.513]7E FF 02 FF 1E B9 10 34 32 01 EB 01 CA 30 BD 4E 00 49 00 94 00 01 00 01 EC A8 22 1A 10 00 00 16 15 B6 40 00 8A EB 1D A0 01 01 00 0C 75 00 30 42 90 FF 00 00 D5 00 00 11 03 00 00 01 02 63 03 0D 00 01 00 68 34 00 83 05 15 00 00 01 12 01 00 DB 37 85 01 01 00 10 02 00 01 01 05 06 00 00 02 00 06 00 00 02 00 06 00 00 02 00 06 00 00 02 00 06 00 00 02 00 00 00 C2 92 16 DD 5A C1 4D 00 00 00 00 00 00 00 00 00 00 00 00 00 00 00 00 00 00 00 00 00 00 00 00 00 00 00 00 00 00 00 00 00 00 00 00 00 00 00 00 00 00 00 00 00 00 4C 01 12 99 7E
[ 21021][16:43:36.528]7E FF 02 FF 1F B9 7F 34 32 01 A2 02 BE 7A C1 4E 00 49 00 10 00 01 00 02 EC A8 22 10 01 A0 01 01 05 00 00 00 B0 08 1A 09 52 87 4D 7E
[ 21022][16:43:36.528]7E FF 02 FF 20 B9 82 34 32 01 48 01 78 7A C2 4E 00 49 00 94 00 01 00 01 EC A8 22 2B 10 00 00 16 15 B6 40 00 BC EB 91 B0 02 01 00 0B DC 00 30 42 A8 FF 00 00 D5 00 00 11 03 00 00 01 02 63 03 0F 00 01 00 68 34 00 83 05 17 00 00 01 12 01 00 60 00 85 01 01 00 10 02 00 01 01 05 06 00 00 02 00 06 00 00 02 00 06 00 00 02 00 06 00 00 02 00 06 00 00 02 00 00 00 C2 92 16 16 E3 21 9A 00 00 00 00 00 00 00 00 00 00 00 00 00 00 00 00 00 00 00 00 00 00 00 00 00 00 00 00 00 00 00 00 00 00 00 00 00 00 00 00 00 00 00 00 00 00 64 3C A2 2D 7E
[ 21023][16:43:36.528]7E FF 02 FF 21 B9 8D 34 32 01 AF 02 25 D4 C6 4E 00 49 00 10 00 01 00 02 EC A8 22 10 01 B0 02 01 03 00 00 00 95 80 FE 54 95 3F 22 7E
[ 21024][16:43:36.559]7E FF 02 FF 22 B9 90 34 32 01 53 01 BA D0 C7 4E 00 49 00 14 01 01 00 01 EC A8 22 29 F0 FF 00 34 18 60 C3 00 28 E4 EF 90 02 FF 2F 01 85 00 00 CA 98 11 00 00 D5 00 00 08 00 00 00 29 10 00 11 01 12 01 00 00 08 00 00 90 98 01 63 03 03 64 64 8F 00 07 02 84 01 13 00 4B 00 00 00 01 30 19 00 FE FF FD FF FF FD FF FF FF FF FF FF FF FF FF FF FF FF 03 13 13 09 08 07 08 02 0B 12 09 09 09 06 0A 08 08 09 09 03 09 07 08 05 0A 09 08 05 0D 09 06 07 09 08 12 11 09 07 09 09 07 09 08 09 09 09 08 08 07 08 08 0A 0A 08 0A 09 0A 0A 0A 10 08 09 06 06 06 06 05 06 06 06 06 06 06 06 06 05 06 06 06 06 06 06 06 06 05 06 06 05 05 06 06 06 06 06 06 06 05 06 06 06 05 06 06 06 05 05 04 06 06 06 05 06 06 06 06 05 05 06 06 06 06 06 05 04 06 06 06 06 05 05 06 04 02 05 04 05 04 04 05 05 04 03 04 04 AD B5 3D 69 00 00 00 00 00 00 00 00 00 00 00 00 00 00 00 00 00 00 00 00 00 00 00 00 00 00 00 00 00 00 00 00 00 00 00 00 00 00 C6 66 FA 7F 7E
[ 21025][16:43:36.588]7E FF 02 FF 23 B9 5F 34 32 01 6A 01 3C 48 DB 4E 00 49 00 94 00 01 00 01 EC A8 22 28 10 00 00 16 15 B6 40 00 BF EB A1 80 02 01 00 0B 58 00 30 42 F0 FF 00 00 D5 00 00 11 03 00 00 01 02 63 03 11 00 01 00 68 34 00 83 05 19 00 00 01 12 01 00 41 86 85 01 01 00 10 02 00 01 01 05 06 00 00 02 00 06 00 00 02 00 06 00 00 02 00 06 00 00 02 00 06 00 00 02 00 00 00 C2 92 16 12 28 47 A7 00 00 00 00 00 00 00 00 00 00 00 00 00 00 00 00 00 00 00 00 00 00 00 00 00 00 00 00 00 00 00 00 00 00 00 00 00 00 00 00 00 00 00 00 00 00 3B 56 0D 2F 7E
[ 21026][16:43:36.588]7E FF 02 FF 24 B9 6A 34 32 01 32 02 D9 92 DF 4E 00 49 00 10 00 01 00 02 EC A8 22 10 01 80 02 01 03 00 00 00 19 B1 F8 60 3C 4F 78 7E
[ 21027][16:43:36.619]7E FF 02 FF 25 B9 6E 34 32 01 A5 01 4E 08 E1 4E 00 49 00 14 01 01 00 01 EC A8 22 40 F0 FF 00 34 18 60 C3 00 4D E4 4F 00 04 FF 2F 01 87 00 00 C8 A0 11 03 00 D5 00 00 08 00 00 00 40 10 00 11 01 12 01 00 00 16 00 00 90 98 01 63 03 03 64 64 8F 00 09 01 89 01 13 00 64 00 00 00 01 30 FE FF FD FF FF FF FF FF FE FF FF FF FF FF FF FF FF FF 03 11 10 06 05 05 06 05 09 10 06 07 07 03 07 06 06 07 07 05 07 05 06 06 08 07 06 05 0B 06 04 05 07 06 10 0F 07 05 07 07 03 04 07 05 07 07 07 06 06 07 06 06 07 07 06 07 07 07 07 07 0E 06 07 06 06 06 05 06 06 06 06 06 06 06 06 06 06 06 06 06 06 06 06 06 05 06 06 05 05 06 06 06 06 06 06 06 05 06 06 06 05 06 06 06 05 05 06 06 06 06 05 06 06 06 06 05 05 06 06 06 06 06 05 04 06 06 06 06 05 05 06 05 03 05 04 05 04 05 05 05 04 03 04 04 09 B9 DD CB 00 00 00 00 00 00 00 00 00 00 00 00 00 00 00 00 00 00 00 00 00 00 00 00 00 00 00 00 00 00 00 00 00 00 00 00 00 00 00 00 C0 7E D3 EB 7E
[ 21028][16:43:36.634]7E FF 02 FF 26 B9 EB 34 32 01 01 02 78 98 EA 4E 00 49 01 94 00 01 00 01 EC A8 22 40 10 00 00 16 15 B6 40 00 DA EB 95 00 04 01 00 0A 88 00 30 42 A0 FF 00 00 D5 00 00 11 03 00 00 01 02 63 03 0E 00 01 00 68 34 00 83 05 16 00 00 01 12 01 00 B5 9F 85 01 01 00 10 02 00 01 01 05 06 00 00 02 00 06 00 00 02 00 06 00 00 02 00 06 00 00 02 00 06 00 00 02 00 00 00 C2 92 16 16 4E C8 E9 00 00 00 00 00 00 00 00 00 00 00 00 00 00 00 00 00 00 00 00 00 00 00 00 00 00 00 00 00 00 00 00 00 00 00 00 00 00 00 00 00 00 00 00 00 00 58 54 69 88 7E
[ 21029][16:43:36.634]7E FF 02 FF 27 B9 F6 34 32 01 FC 02 8C E9 EE 4E 00 49 01 10 00 01 00 02 EC A8 22 10 01 00 04 01 05 00 00 00 D8 84 AB 98 1F 6A 91 7E
[ 21030][16:43:36.649]7E FF 02 FF 28 B9 03 35 32 01 BE 01 C6 B9 F3 4E 00 40 02 94 00 01 00 01 EC A8 22 01 B0 04 03 16 15 B6 40 00 D7 C3 D2 10 00 4B 00 03 EB 01 30 3E 88 FF 00 00 D5 00 00 11 03 00 00 01 02 23 03 16 00 28 0A 68 17 00 43 05 04 00 00 01 11 01 00 2E CC 05 01 01 00 10 02 00 00 FE 19 16 68 17 00 43 05 04 00 00 01 11 01 00 2E CC 05 01 01 40 00 02 00 00 7D 1B 16 E8 E0 F3 A2 00 00 00 00 00 00 00 00 00 00 00 00 00 00 00 00 00 00 00 00 00 00 00 00 00 00 00 00 00 00 00 00 00 00 00 00 00 00 00 00 00 00 00 00 00 00 00 00 00 00 72 D4 FB 25 7E
[ 21031][16:43:36.664]7E FF 02 FF 29 B9 C6 34 32 01 6C 00 EF 7E 02 4F 00 40 02 10 00 01 00 02 EC A8 22 10 09 10 09 01 03 01 00 00 77 66 E9 75 97 93 D9 7E
[ 21032][16:43:36.694]7E FF 02 FF 2A B9 CA 34 32 01 A7 02 20 37 04 4F 00 49 01 94 00 01 00 01 EC A8 22 09 10 00 00 16 15 B6 40 00 9B EB 25 10 09 01 00 0B DA 00 30 42 98 EF 00 00 D5 00 00 11 03 00 00 01 02 63 03 13 00 01 00 68 34 00 83 05 01 00 00 01 11 01 00 00 02 85 01 01 00 10 02 00 01 01 05 06 00 00 02 00 06 00 00 02 00 06 00 00 02 00 06 00 00 02 00 06 00 00 02 00 00 00 C2 92 16 91 5D 1C 75 00 00 00 00 00 00 00 00 00 00 00 00 00 00 00 00 00 00 00 00 00 00 00 00 00 00 00 00 00 00 00 00 00 00 00 00 00 00 00 00 00 00 00 00 00 00 C7 EF BF 40 7E
[ 21033][16:43:36.694]7E FF 02 FF 2B B9 D5 34 32 01 47 03 56 7F 08 4F 00 49 01 10 00 01 00 02 EC A8 22 10 01 90 00 01 01 01 00 00 3D 21 F8 83 02 0C 8C 7E
[ 21034][16:43:36.709]7E FF 02 FF 2C B9 45 35 32 01 07 00 BE BD 0C 4F 00 3F 02 94 00 01 00 01 EC A8 22 01 80 05 03 16 15 B6 40 00 EF D4 33 10 00 58 00 03 EC 01 30 3E 88 FF 00 00 D5 00 00 11 03 00 00 01 02 23 03 17 00 28 0A 68 17 00 43 05 05 00 00 01 11 01 00 FB 53 05 01 01 00 10 02 00 00 FE 19 16 68 17 00 43 05 05 00 00 01 11 01 00 FB 53 05 01 01 40 00 02 00 00 7D 1B 16 26 2B 99 97 00 00 00 00 00 00 00 00 00 00 00 00 00 00 00 00 00 00 00 00 00 00 00 00 00 00 00 00 00 00 00 00 00 00 00 00 00 00 00 00 00 00 00 00 00 00 00 00 00 00 B2 F2 E2 38 7E
[ 21035][16:43:36.724]7E FF 02 FF 2D B9 57 35 32 01 C6 01 67 CB 13 4F 00 3F 02 10 00 01 00 03 EC A8 22 60 01 09 07 8D DD 2E 20 02 62 2B 5E BB D1 F3 52 7E
[ 21036][16:43:36.754]7E FF 02 FF 2E B9 68 35 32 01 9E 00 13 25 1A 4F 00 3F 02 94 00 01 00 01 EC A8 22 01 10 05 03 16 15 B6 40 00 7A 56 E7 10 00 51 00 03 ED 01 30 3E 88 FF 00 00 D5 00 00 11 03 00 00 01 02 23 03 18 00 28 0A 68 17 00 43 05 06 00 00 01 11 01 00 95 FB 05 01 01 00 10 02 00 00 FE 19 16 68 17 00 43 05 06 00 00 01 11 01 00 95 FB 05 01 01 40 00 02 00 00 7D 1B 16 19 3D 62 1C 00 00 00 00 00 00 00 00 00 00 00 00 00 00 00 00 00 00 00 00 00 00 00 00 00 00 00 00 00 00 00 00 00 00 00 00 00 00 00 00 00 00 00 00 00 00 00 00 00 00 52 4B 0B 1B 7E
[ 21037][16:43:36.784]7E FF 02 FF 2F B9 29 35 32 01 2F 01 14 50 28 4F 00 3E 02 94 00 01 00 01 EC A8 22 01 70 06 03 16 15 B6 40 00 01 59 88 10 00 67 00 03 EE 01 30 3E 88 FF 00 00 D5 00 00 11 03 00 00 01 02 23 03 19 00 28 0A 68 17 00 43 05 07 00 00 01 11 01 00 40 64 05 01 01 00 10 02 00 00 FE 19 16 68 17 00 43 05 07 00 00 01 11 01 00 40 64 05 01 01 40 00 02 00 00 7D 1B 16 D7 F6 08 29 00 00 00 00 00 00 00 00 00 00 00 00 00 00 00 00 00 00 00 00 00 00 00 00 00 00 00 00 00 00 00 00 00 00 00 00 00 00 00 00 00 00 00 00 00 00 00 00 00 00 76 37 E5 AB 7E
[ 21038][16:43:36.979]7E FF 02 FF 30 B9 3B 36 32 01 0B 02 7A C5 6A 4F 00 49 00 14 01 01 00 01 EC A8 22 2B F0 FF 00 34 18 60 C3 00 2B E4 4B B0 02 FF 2F 01 DA 00 00 C7 A8 11 00 00 D5 00 00 08 00 00 00 2B 10 00 11 01 12 01 00 00 17 00 00 90 98 01 63 03 02 64 64 8E 00 09 01 84 01 13 00 4B 00 00 00 01 30 FE FF FD FF FF F7 FF FF FF FF FF FF FF EF FF FF FF FF 03 13 13 09 08 07 08 01 0B 12 09 09 0A 06 0A 08 08 09 09 07 09 07 08 01 0A 09 08 07 0D 09 06 07 09 08 12 11 09 07 09 09 06 07 08 09 09 09 08 08 09 08 08 0A 0A 08 0A 09 0A 0A 0A 10 08 09 06 06 06 06 05 06 06 06 06 06 06 06 06 01 06 06 06 06 06 06 06 06 05 06 06 05 05 06 06 06 06 06 06 06 05 06 06 06 05 06 06 06 05 05 06 06 06 05 06 06 06 06 05 05 06 06 06 06 06 05 04 06 06 06 06 05 05 06 05 03 05 04 05 04 05 05 05 04 03 04 04 F3 47 94 96 00 00 00 00 00 00 00 00 00 00 00 00 00 00 00 00 00 00 00 00 00 00 00 00 00 00 00 00 00 00 00 00 00 00 00 00 00 00 00 00 00 18 36 E5 18 7E
[ 21039][16:43:37.009]7E FF 02 FF 31 B9 07 36 32 01 73 03 01 38 7D 4F 00 49 00 94 00 01 00 01 EC A8 22 35 10 00 00 16 15 B6 40 00 A1 EB FD 50 03 01 00 0B C4 00 30 42 D0 FF 00 00 D5 00 00 11 03 00 00 01 02 63 03 10 00 01 00 68 34 00 83 05 18 00 00 01 12 01 00 94 19 85 01 01 00 10 02 00 01 01 05 06 00 00 02 00 06 00 00 02 00 06 00 00 02 00 06 00 00 02 00 06 00 00 02 00 00 00 C2 92 16 12 85 AE D4 00 00 00 00 00 00 00 00 00 00 00 00 00 00 00 00 00 00 00 00 00 00 00 00 00 00 00 00 00 00 00 00 00 00 00 00 00 00 00 00 00 00 00 00 00 00 56 D9 27 CF 7E
[ 21040][16:43:37.009]7E FF 02 FF 32 B9 77 36 32 01 3A 00 57 81 81 4F 00 49 00 10 00 01 00 02 EC A8 22 10 01 50 03 01 03 00 00 00 ED 6F C3 B4 B5 A1 A3 7E
[ 21041][16:43:37.024]7E FF 02 FF 33 B9 7C 36 32 01 99 03 B6 B9 83 4F 00 49 00 94 00 01 00 01 EC A8 22 36 10 00 00 16 15 B6 40 00 A2 EB CD 60 03 01 00 0C 15 00 30 42 A0 FF 00 00 D5 00 00 11 03 00 00 01 02 63 03 12 00 01 00 68 34 00 83 05 20 00 00 01 12 01 00 32 11 85 01 01 00 10 02 00 01 01 05 06 00 00 02 00 06 00 00 02 00 06 00 00 02 00 06 00 00 02 00 06 00 00 02 00 00 00 C2 92 16 AA 86 A6 70 00 00 00 00 00 00 00 00 00 00 00 00 00 00 00 00 00 00 00 00 00 00 00 00 00 00 00 00 00 00 00 00 00 00 00 00 00 00 00 00 00 00 00 00 00 00 EA B5 CA BC 7E
[ 21042][16:43:37.040]7E FF 02 FF 34 B9 88 36 32 01 E7 00 F2 0E 88 4F 00 49 00 10 00 01 00 02 EC A8 22 10 01 60 03 01 03 00 00 00 61 5E C5 BE CB 4E 32 7E
[ 21043][16:43:37.099]7E FF 02 FF 35 B9 68 36 32 01 05 00 29 E3 A1 4F 00 3B 02 94 00 01 00 01 EC A8 22 01 B0 06 03 16 15 B6 40 00 C7 81 90 10 00 6B 00 03 EF 01 30 3E 88 FF 00 00 D5 00 00 11 03 00 00 01 02 23 03 1A 00 28 0A 68 17 00 43 05 08 00 00 01 11 01 00 B4 7D 05 01 01 00 10 02 00 00 FE 19 16 68 17 00 43 05 08 00 00 01 11 01 00 B4 7D 05 01 01 40 00 02 00 00 7D 1B 16 3C 5B ED AA 00 00 00 00 00 00 00 00 00 00 00 00 00 00 00 00 00 00 00 00 00 00 00 00 00 00 00 00 00 00 00 00 00 00 00 00 00 00 00 00 00 00 00 00 00 00 00 00 00 00 CB 96 7A 9C 7E
[ 21044][16:43:37.144]7E FF 02 FF 36 B9 DC 36 32 01 E4 01 9A 2B A8 4F 00 49 00 14 01 01 00 01 EC A8 22 5B F0 FF 00 34 18 60 C3 00 55 E4 73 B0 05 FF 2F 01 DB 00 00 C8 D0 11 00 00 D5 00 00 08 00 00 00 5B 10 00 11 01 23 01 00 00 15 00 00 90 98 01 63 01 02 31 46 8F 00 0A 01 86 01 13 00 46 00 00 00 01 30 FE FF FD FF FF FF FF FF FF FF FF F7 FF FF FF FF FF FF 03 11 10 06 05 05 06 05 09 11 06 07 07 03 07 06 06 07 07 05 07 05 06 06 07 07 06 05 0B 07 05 04 07 06 10 0F 07 05 07 07 03 04 06 06 07 07 07 06 07 07 06 06 07 07 06 07 07 07 06 07 0E 06 08 06 05 06 06 06 06 06 06 06 06 06 04 06 06 06 06 06 06 06 06 06 06 05 06 06 05 05 06 06 06 06 06 06 05 06 06 06 05 06 06 06 05 05 06 06 06 06 05 06 06 06 06 05 06 06 06 06 06 06 06 04 06 06 06 06 05 05 06 05 03 05 04 05 04 05 05 04 04 03 04 04 9E A8 6B 23 00 00 00 00 00 00 00 00 00 00 00 00 00 00 00 00 00 00 00 00 00 00 00 00 00 00 00 00 00 00 00 00 00 00 00 00 00 00 00 00 0D 67 ED 97 7E
[ 21045][16:43:37.159]7E FF 02 FF 37 B9 FD 36 32 01 0D 02 15 C7 B4 4F 00 3C 02 94 00 01 00 01 EC A8 22 01 00 06 03 16 15 B6 40 00 73 27 40 10 00 60 00 03 F0 01 30 3E 88 FF 00 00 D5 00 00 11 03 00 00 01 02 23 03 1B 00 28 0A 68 17 00 43 05 09 00 00 01 11 01 00 61 E2 05 01 01 00 10 02 00 00 FE 19 16 68 17 00 43 05 09 00 00 01 11 01 00 61 E2 05 01 01 40 00 02 00 00 7D 1B 16 F2 90 87 9F 00 00 00 00 00 00 00 00 00 00 00 00 00 00 00 00 00 00 00 00 00 00 00 00 00 00 00 00 00 00 00 00 00 00 00 00 00 00 00 00 00 00 00 00 00 00 00 00 00 00 87 54 AD 5D 7E
[ 21046][16:43:37.878]7E FF 02 FF 38 B9 88 39 32 01 56 01 4D 39 D3 50 00 3C 02 10 00 01 00 02 8D DD 2E 10 01 E0 02 01 02 08 00 00 27 8E 6C DC A8 90 1B 7E
[ 21047][16:43:37.923]7E FF 02 FF 39 B9 08 3A 32 01 5F 01 FB E0 DD 50 00 49 00 54 00 01 00 01 8D DD 2E 01 E0 02 03 5B 13 60 E4 00 5B 20 93 10 00 1D 00 0A 3E 3F 30 10 88 FF 00 00 2A 00 00 11 08 00 00 01 03 01 00 E1 50 62 75 64 79 15 00 B4 B1 88 46 00 00 00 00 00 00 00 00 00 00 00 00 00 00 00 00 00 00 00 00 00 00 00 00 00 00 00 00 00 00 00 00 23 5B 53 D2 7E
[ 21048][16:43:38.537]7E FF 02 FF 3A B9 6D 3C 32 01 4D 03 A7 E9 C7 51 00 3A 02 95 00 01 00 00 EC A8 22 77 60 44 8E 01 60 5B 02 00 B7 3A 45 CA D5 00 00 90 98 01 63 20 01 00 00 20 02 00 00 00 00 00 00 04 00 0F 01 00 00 64 00 00 90 98 01 63 04 00 00 01 0A 90 01 62 01 3C 00 3C 00 C0 49 00 13 33 00 06 10 32 00 00 00 00 CA E4 42 8E 9A 26 00 00 10 00 02 10 09 10 23 10 24 10 3D 10 1D 10 27 00 28 00 2B 00 2D 00 2E 00 2F 00 30 00 31 00 32 00 33 00 34 00 35 00 36 80 58 1B 00 01 F4 01 00 02 D0 07 00 03 03 04 5A 05 00 02 D0 07 00 03 C4 91 E4 C7 A1 70 04 43 7E
[ 21049][16:43:38.552]7E FF 02 FF 3B B9 18 3C 32 01 69 00 4E 58 CD 51 00 3E 02 95 00 01 00 00 EC A8 22 1C CF 49 8E 01 60 5B 04 00 E8 2E 49 CA D5 00 00 90 98 01 63 20 01 00 00 20 02 00 00 00 00 00 00 04 00 0F 01 00 00 64 00 00 90 98 01 63 04 00 00 01 0A 90 01 62 01 3C 00 3C 00 C0 49 00 13 33 00 06 10 32 00 00 00 00 CA E4 42 8E 9A 26 00 00 10 00 02 10 09 10 23 10 24 10 3D 10 1D 10 27 00 28 00 2B 00 2D 00 2E 00 2F 00 30 00 31 00 32 00 33 00 34 00 35 00 36 80 58 1B 00 01 F4 01 00 02 D0 07 00 03 03 04 5A 05 00 02 D0 07 00 03 C4 91 E4 C7 DA B6 45 A4 7E
[ 21050][16:43:38.567]7E FF 02 FF 3C B9 28 3C 32 01 68 00 50 73 D3 51 00 3F 02 95 00 01 00 00 EC A8 22 1F EA 4F 8E 01 60 5B 06 00 56 C8 2B CA D5 00 00 90 98 01 63 20 01 00 00 20 02 00 00 00 00 00 00 04 00 0F 01 00 00 64 00 00 90 98 01 63 04 00 00 01 0A 90 01 62 01 3C 00 3C 00 C0 49 00 13 33 00 06 10 32 00 00 00 00 CA E4 42 8E 9A 26 00 00 10 00 02 10 09 10 23 10 24 10 3D 10 1D 10 27 00 28 00 2B 00 2D 00 2E 00 2F 00 30 00 31 00 32 00 33 00 34 00 35 00 36 80 58 1B 00 01 F4 01 00 02 D0 07 00 03 03 04 5A 05 00 02 D0 07 00 03 C4 91 E4 C7 F1 F6 87 F8 7E
[ 21051][16:43:38.598]7E FF 02 FF 3D B9 47 3C 32 01 21 00 9F 40 DF 51 00 49 01 95 00 01 00 00 EC A8 22 AC B8 5B 8E 09 60 5B 06 00 46 06 43 C9 D5 00 00 90 98 01 63 20 01 00 00 20 02 00 00 00 00 00 00 04 00 0F 09 10 00 44 01 21 01 00 00 19 12 02 03 01 0A 90 01 62 01 3C 00 3C 00 C0 49 00 13 33 00 06 10 32 00 00 00 00 CA E4 42 8E 9A 26 00 00 10 00 02 10 09 10 23 10 24 10 3D 10 1D 10 27 00 28 00 2B 00 2D 00 2E 00 2F 00 30 00 31 00 32 00 33 00 34 00 35 00 36 80 58 1B 00 01 F4 01 00 02 D0 07 00 03 03 04 5A 05 00 02 D0 07 00 03 76 46 18 73 E3 3C CC 27 7E
[ 21052][16:43:38.688]7E FF 02 FF 3E B9 96 3C 32 01 DF 03 8D C1 FD 51 00 49 01 95 00 01 00 00 EC A8 22 9E 39 7A 8E 27 60 5B 04 00 5C 1D BD C8 D5 00 00 90 98 01 63 20 01 00 00 20 02 00 00 00 00 00 00 04 00 0F 27 10 00 44 01 22 01 00 00 02 11 01 02 01 0A 90 01 62 01 3C 00 3C 00 C0 23 00 13 33 00 06 10 32 00 00 00 00 CA E4 42 8E 9A 26 00 00 10 00 58 1B 00 01 F4 01 00 02 D0 07 00 03 03 04 5A 05 2B 00 2D 00 2E 00 2F 00 30 00 31 00 32 00 33 00 34 00 35 00 36 80 58 1B 00 01 F4 01 00 02 D0 07 00 03 03 04 5A 05 00 02 D0 07 00 03 06 F5 3B 39 1A F5 51 0E 7E
[ 21053][16:43:38.702]7E FF 02 FF 3F B9 A7 3C 32 01 11 00 31 DD 03 52 00 49 00 95 00 01 00 00 EC A8 22 5C 55 80 8E 28 60 5B 06 00 4E 03 63 C8 D5 00 00 90 98 01 63 20 01 00 00 20 02 00 00 00 00 00 00 04 00 0F 28 10 00 4B 01 12 01 00 00 19 11 01 03 01 0A 90 01 62 01 3C 00 3C 00 C0 23 00 13 33 00 06 10 32 00 00 00 00 CA E4 42 8E 9A 26 00 00 10 00 58 1B 00 01 F4 01 00 02 D0 07 00 03 03 04 5A 05 2B 00 2D 00 2E 00 2F 00 30 00 31 00 32 00 33 00 34 00 35 00 36 80 58 1B 00 01 F4 01 00 02 D0 07 00 03 03 04 5A 05 00 02 D0 07 00 03 A8 3F 00 70 70 C2 46 79 7E
[ 21054][16:43:38.793]7E FF 02 FF 40 B9 07 3D 32 01 1C 00 6A 7F 28 52 00 49 00 95 00 01 00 00 EC A8 22 6A F7 A4 8E 31 60 5B 06 00 F1 56 49 C8 D5 00 00 90 98 01 63 20 01 00 00 20 02 00 00 00 00 00 00 04 00 0F 31 10 00 46 01 21 01 00 00 18 11 02 03 01 0A 90 01 62 01 3C 00 3C 00 C0 23 00 13 33 00 06 10 32 00 00 00 00 CA E4 42 8E 9A 26 00 00 10 00 58 1B 00 01 F4 01 00 02 D0 07 00 03 03 04 5A 05 2B 00 2D 00 2E 00 2F 00 30 00 31 00 32 00 33 00 34 00 35 00 36 80 58 1B 00 01 F4 01 00 02 D0 07 00 03 03 04 5A 05 00 02 D0 07 00 03 D5 26 CE F6 B9 52 C2 78 7E
[ 21055][16:43:38.808]7E FF 02 FF 41 B9 7B 3D 32 01 0D 00 99 96 2E 52 00 49 01 95 00 01 00 00 EC A8 22 AD 0E AB 8E 32 60 5B 06 00 4B 9F 5B C8 D5 00 00 90 98 01 63 20 01 00 00 20 02 00 00 00 00 00 00 04 00 0F 32 10 00 46 01 21 01 00 00 16 11 02 03 01 0A 90 01 62 01 3C 00 3C 00 C0 23 00 13 33 00 06 10 32 00 00 00 00 CA E4 42 8E 9A 26 00 00 10 00 58 1B 00 01 F4 01 00 02 D0 07 00 03 03 04 5A 05 2B 00 2D 00 2E 00 2F 00 30 00 31 00 32 00 33 00 34 00 35 00 36 80 58 1B 00 01 F4 01 00 02 D0 07 00 03 03 04 5A 05 00 02 D0 07 00 03 09 1E 91 9A 00 B0 47 00 7E
[ 21056][16:43:38.853]7E FF 02 FF 42 B9 47 3D 32 01 14 00 47 E6 40 52 00 49 00 95 00 01 00 00 EC A8 22 58 5E BD 8E 35 60 5B 02 00 97 D0 42 C8 D5 00 00 90 98 01 63 20 01 00 00 20 02 00 00 00 00 00 00 04 00 0F 35 10 00 49 01 12 01 00 00 18 11 03 01 01 0A 90 01 62 01 3C 00 3C 00 C0 23 00 13 33 00 06 10 32 00 00 00 00 CA E4 42 8E 9A 26 00 00 10 00 58 1B 00 01 F4 01 00 02 D0 07 00 03 03 04 5A 05 2B 00 2D 00 2E 00 2F 00 30 00 31 00 32 00 33 00 34 00 35 00 36 80 58 1B 00 01 F4 01 00 02 D0 07 00 03 03 04 5A 05 00 02 D0 07 00 03 9F 86 66 2C 86 4D 3E 55 7E
[ 21057][16:43:38.973]7E FF 02 FF 43 B9 F1 3D 32 01 0D 03 13 E6 5B 52 00 49 00 14 01 01 00 01 EC A8 22 1E F0 FF 00 34 18 60 C3 00 18 E4 03 E0 01 FF 2F 01 14 00 00 C8 F8 11 00 00 D5 00 00 08 00 00 00 1E 10 00 11 01 21 01 00 00 20 00 00 90 98 01 63 02 02 57 64 8F 00 09 01 00 00 13 00 40 00 00 00 01 30 FE FF FD BF FF FF FF FF FF FF FF FF FF FF FF FF FF FF 03 13 13 09 09 07 08 07 0B 13 09 09 0A 07 0A 08 08 09 09 07 09 07 08 09 0A 09 08 07 0D 07 06 09 08 12 11 09 07 08 09 04 07 08 09 09 09 09 08 09 09 08 08 0A 09 08 0A 09 0A 09 0A 10 08 0A 06 05 06 06 05 06 05 06 06 06 05 04 06 06 06 06 03 06 06 06 06 06 05 06 06 05 05 06 06 06 06 06 06 06 05 06 06 06 05 06 06 06 05 05 06 06 06 06 05 06 06 06 06 05 06 06 06 06 06 06 06 04 06 06 06 06 05 05 06 05 04 05 04 05 04 05 05 03 04 03 04 04 03 75 46 79 00 00 00 00 00 00 00 00 00 00 00 00 00 00 00 00 00 00 00 00 00 00 00 00 00 00 00 00 00 00 00 00 00 00 00 00 00 00 00 00 CB C6 44 27 7E
[ 21058][16:43:38.973]7E FF 02 FF 44 B9 0B 3E 32 01 D4 01 A1 B0 65 52 00 49 00 14 01 01 00 01 EC A8 22 43 F0 FF 00 34 18 60 C3 00 4E E4 7F 30 04 FF 2F 01 E8 00 00 C8 F8 11 00 00 D5 00 00 08 00 00 00 43 10 00 11 01 17 01 00 00 02 00 00 90 98 01 63 02 02 40 50 8F 00 09 01 87 01 13 00 50 00 00 00 01 30 FE FF FD FF FF FF FF FF F7 FF FF FF FF FF FF FF FF FF 03 11 10 06 06 05 06 04 09 10 06 07 07 03 07 06 06 07 07 05 07 05 06 06 08 07 06 05 0B 07 04 05 07 06 10 0F 07 05 07 07 03 04 06 05 07 07 07 06 06 07 06 06 07 07 06 07 07 07 06 07 0E 06 07 06 05 06 05 06 06 06 06 06 06 05 06 06 06 06 06 06 06 06 06 06 05 06 06 05 05 06 06 06 06 06 06 06 05 06 06 06 05 06 06 06 05 05 05 06 06 06 05 06 06 06 06 05 06 06 06 06 06 06 05 04 06 06 06 06 05 05 06 05 03 05 04 05 03 05 05 04 04 03 04 04 2F 83 52 DE 00 00 00 00 00 00 00 00 00 00 00 00 00 00 00 00 00 00 00 00 00 00 00 00 00 00 00 00 00 00 00 00 00 00 00 00 00 00 00 00 F5 0F 0C 71 7E
[ 21059][16:43:39.377]7E FF 02 FF 45 B9 47 3F 32 01 DA 01 E6 63 04 53 00 49 00 94 00 01 00 01 8D DD 2E 01 C0 14 00 16 15 B6 40 00 D3 29 F3 10 00 4C 01 0A 49 3F 00 34 88 FF 00 00 2A 00 00 01 00 00 00 22 03 23 13 10 57 00 00 05 46 46 54 01 00 00 40 4C 01 01 01 A0 CA 88 4C 00 A0 0F 00 B3 01 00 00 01 00 00 00 00 00 00 00 00 00 00 00 00 00 00 00 67 7A 54 19 00 00 00 00 00 00 00 00 00 00 00 00 00 00 00 00 00 00 00 00 00 00 00 00 00 00 00 00 00 00 00 00 00 00 00 00 00 00 00 00 00 00 00 00 00 00 00 00 00 00 00 00 00 00 00 00 00 00 00 00 E2 6D EA 1E 7E
[ 21060][16:43:39.991]7E FF 02 FF 46 B9 94 41 32 01 5D 03 00 39 E5 53 00 49 00 14 01 01 00 01 EC A8 22 7D F0 FF 00 34 18 60 C3 00 77 E4 03 D0 07 FF 2F 01 FD 00 00 C9 C0 11 03 00 D5 00 00 08 00 00 00 7D 10 00 11 01 19 01 00 00 03 00 00 90 98 01 63 01 02 64 64 90 00 08 01 78 01 13 00 64 00 00 00 01 30 FE FF FD FF FF FF FF FF FF FF FF FF FF FF FF DF FF FF 07 0F 0F 05 05 03 04 04 08 0F 05 05 06 02 06 05 04 06 05 03 06 03 04 05 06 06 05 03 0A 06 03 02 06 05 0E 0E 06 03 05 06 02 03 04 05 05 05 06 05 06 06 05 04 06 06 05 06 06 05 04 05 0D 05 06 05 04 05 05 05 05 05 05 05 05 05 03 05 05 05 05 05 05 05 06 06 06 05 06 06 05 05 06 06 06 06 06 06 06 05 06 06 06 05 06 06 06 05 05 06 06 06 06 05 06 06 06 06 05 06 06 06 06 06 06 06 06 06 06 06 05 05 06 05 03 05 04 05 04 05 05 03 04 03 04 04 00 20 30 8B F3 00 00 00 00 00 00 00 00 00 00 00 00 00 00 00 00 00 00 00 00 00 00 00 00 00 00 00 00 00 00 00 00 00 00 00 00 00 00 00 BA 67 7C BE 7E
[ 21061][16:43:40.335]7E FF 02 FF 47 B9 21 43 32 01 6F 01 C9 7E 7C 54 00 49 00 10 00 01 00 02 EC A8 22 10 01 40 05 01 05 00 00 00 88 CE 82 40 49 39 87 7E
[ 21062][16:43:40.440]7E FF 02 FF 48 B9 D2 43 32 01 42 00 36 BB 99 54 00 3E 02 94 00 01 00 01 EC A8 22 01 20 00 03 16 15 B6 40 00 62 C5 82 10 00 8D 00 03 F1 01 30 3E 88 FF 00 00 D5 00 00 11 03 00 00 01 02 23 03 1C 00 28 0A 68 17 00 43 05 10 00 00 01 11 01 00 91 16 05 01 01 00 10 02 00 00 FE 19 16 68 17 00 43 05 10 00 00 01 11 01 00 91 16 05 01 01 40 00 02 00 00 7D 1B 16 F5 AE 85 77 00 00 00 00 00 00 00 00 00 00 00 00 00 00 00 00 00 00 00 00 00 00 00 00 00 00 00 00 00 00 00 00 00 00 00 00 00 00 00 00 00 00 00 00 00 00 00 00 00 00 88 13 CD 77 7E
[ 21063][16:43:40.440]7E FF 02 FF 49 B9 DD 43 32 01 A2 00 64 FC 9D 54 00 3E 02 10 00 01 00 02 EC A8 22 10 02 10 00 01 03 01 00 00 5E 26 E4 51 87 B4 B8 7E
[ 21064][16:43:40.470]7E FF 02 FF 4A B9 88 43 32 01 D4 00 4B B5 A3 54 00 49 00 94 00 01 00 01 EC A8 22 02 D0 08 03 16 15 B6 40 00 D4 23 EF 10 00 8D 00 03 F1 01 30 3E 88 EF 00 00 D5 00 00 11 03 00 00 01 02 23 03 1C 00 28 0A 68 17 00 43 05 10 00 00 01 11 01 00 91 16 05 01 01 00 10 02 00 00 FE 19 16 68 17 00 43 05 10 00 00 01 11 01 00 91 16 05 01 01 40 00 02 00 00 7D 1B 16 F5 AE 85 77 00 00 00 00 00 00 00 00 00 00 00 00 00 00 00 00 00 00 00 00 00 00 00 00 00 00 00 00 00 00 00 00 00 00 00 00 00 00 00 00 00 00 00 00 00 00 00 00 00 00 3B 4A 94 AC 7E
[ 21065][16:43:40.485]7E FF 02 FF 4B B9 A9 43 32 01 C3 03 6C 9A B0 54 00 49 00 10 00 01 00 02 EC A8 22 10 01 50 05 01 01 00 00 00 4C DE 81 64 E9 A0 3A 7E
[ 21066][16:43:40.499]7E FF 02 FF 4C B9 22 44 32 01 DB 00 18 55 B8 54 00 49 00 10 00 01 00 03 EC A8 22 60 01 E6 1E 8D DD 2E 20 02 67 ED 01 8A A4 69 AE 7E
[ 21067][16:43:40.574]7E FF 02 FF 4D B9 FB 43 32 01 32 00 5A 83 CF 54 00 3D 02 94 00 01 00 01 EC A8 22 01 F0 04 03 16 15 B6 40 00 95 8B DA 10 00 4F 00 03 F2 01 30 3E 88 FF 00 00 D5 00 00 11 03 00 00 01 02 23 03 1D 00 28 0A 68 17 00 43 05 11 00 00 01 11 01 00 44 89 05 01 01 00 10 02 00 00 FE 19 16 68 17 00 43 05 11 00 00 01 11 01 00 44 89 05 01 01 40 00 02 00 00 7D 1B 16 3B 65 EF 42 00 00 00 00 00 00 00 00 00 00 00 00 00 00 00 00 00 00 00 00 00 00 00 00 00 00 00 00 00 00 00 00 00 00 00 00 00 00 00 00 00 00 00 00 00 00 00 00 00 00 60 E7 20 56 7E
[ 21068][16:43:40.888]7E FF 02 FF 4E B9 3F 45 32 01 31 02 88 53 4B 55 00 3D 02 10 00 01 00 02 EC A8 22 10 01 B0 04 01 03 00 00 00 15 B1 38 9C 45 B1 93 7E
[ 21069][16:43:40.949]7E FF 02 FF 4F B9 82 45 32 01 AE 03 3F 08 65 55 00 3D 02 10 00 01 00 02 EC A8 22 10 01 80 05 01 01 00 00 00 F9 08 1F 3A DA 44 9C 7E
[ 21070][16:43:40.995]7E FF 02 FF 50 B9 A7 45 32 01 C4 00 5C DF 72 55 00 3D 02 10 00 01 00 02 EC A8 22 10 01 10 05 01 05 01 00 00 1D 8C 4C 7F 7F 3F F2 7E
[ 21071][16:43:41.024]7E FF 02 FF 51 B9 16 46 32 01 25 01 38 14 77 55 00 3D 02 94 00 01 00 01 EC A8 22 01 20 05 03 16 15 B6 40 00 4A 60 27 10 00 52 00 03 F3 01 30 3E 88 FF 00 00 D5 00 00 11 03 00 00 01 02 23 03 1E 00 28 0A 68 17 00 43 05 12 00 00 01 11 01 00 2A 21 05 01 01 00 10 02 00 00 FE 19 16 68 17 00 43 05 12 00 00 01 11 01 00 2A 21 05 01 01 40 00 02 00 00 7D 1B 16 6C 98 AF C2 00 00 00 00 00 00 00 00 00 00 00 00 00 00 00 00 00 00 00 00 00 00 00 00 00 00 00 00 00 00 00 00 00 00 00 00 00 00 00 00 00 00 00 00 00 00 00 00 00 00 AA 25 1A A8 7E
[ 21072][16:43:41.024]7E FF 02 FF 52 B9 35 46 32 01 7E 00 CE DA 82 55 00 3D 02 10 00 01 00 02 EC A8 22 10 01 70 06 01 03 00 00 00 A4 67 E6 AA EA 7E 76 7E
[ 21073][16:43:41.099]7E FF 02 FF 53 B9 04 46 32 01 26 01 F3 5B 96 55 00 49 00 94 00 01 00 01 8D DD 2E 01 E0 02 03 29 14 88 50 00 0B A4 D0 10 00 19 00 03 46 3F 30 10 88 FF 00 00 2A 00 00 11 08 00 00 01 03 01 00 E3 50 01 72 50 79 15 00 DB 78 A4 47 00 00 00 00 00 00 00 00 00 00 00 00 00 00 00 00 00 00 00 00 00 00 00 00 00 00 00 00 00 00 00 00 00 00 00 00 00 00 00 00 00 00 00 00 00 00 00 00 00 00 00 00 00 00 00 00 00 00 00 00 00 00 00 00 00 00 00 00 00 00 00 00 00 00 00 00 00 00 00 00 00 00 00 00 00 00 00 00 00 00 00 00 00 00 00 00 70 61 0F 7D 7E
[ 21074][16:43:41.113]7E FF 02 FF 54 B9 78 46 32 01 37 00 47 5D 9C 55 00 3C 02 94 00 01 00 01 EC A8 22 01 E0 04 03 16 15 B6 40 00 84 99 1E 10 00 4E 00 03 F5 01 30 3E 88 FF 00 00 D5 00 00 11 03 00 00 01 02 23 03 20 00 28 0A 68 17 00 43 05 14 00 00 01 11 01 00 E7 79 05 01 01 00 10 02 00 00 FE 19 16 68 17 00 43 05 14 00 00 01 11 01 00 E7 79 05 01 01 40 00 02 00 00 7D 1B 16 96 25 62 E5 00 00 00 00 00 00 00 00 00 00 00 00 00 00 00 00 00 00 00 00 00 00 00 00 00 00 00 00 00 00 00 00 00 00 00 00 00 00 00 00 00 00 00 00 00 00 00 00 00 00 73 A6 15 B0 7E
[ 21075][16:43:41.158]7E FF 02 FF 55 B9 43 46 32 01 4C 01 E5 65 AE 55 00 3C 02 94 00 01 00 01 EC A8 22 01 C0 05 03 16 15 B6 40 00 AD 9C 3B 10 00 5C 00 03 F6 01 30 3E 88 FF 00 00 D5 00 00 11 03 00 00 01 02 23 03 21 00 28 0A 68 17 00 43 05 15 00 00 01 11 01 00 32 E6 05 01 01 00 10 02 00 00 FE 19 16 68 17 00 43 05 15 00 00 01 11 01 00 32 E6 05 01 01 40 00 02 00 00 7D 1B 16 58 EE 08 D0 00 00 00 00 00 00 00 00 00 00 00 00 00 00 00 00 00 00 00 00 00 00 00 00 00 00 00 00 00 00 00 00 00 00 00 00 00 00 00 00 00 00 00 00 00 00 00 00 00 00 CF 33 EF 30 7E
[ 21076][16:43:41.223]7E FF 02 FF 56 B9 69 46 32 01 83 03 08 1C BD 55 00 49 00 14 01 01 00 01 EC A8 22 2A F0 FF 00 34 18 60 C3 00 2B E4 DF A0 02 FF 2F 01 47 00 00 CA C0 11 00 00 D5 00 00 08 00 00 00 2A 10 00 11 01 12 01 00 00 07 00 00 90 98 01 63 01 03 5D 64 8F 00 08 02 84 01 13 00 47 00 00 00 01 30 19 00 FE FF FD FF FF FB FF FF FF FF FF FF FF FF FF FF FF FF 03 13 13 09 08 07 08 05 0B 12 09 09 0A 06 0A 08 08 09 09 07 09 07 08 07 0A 09 08 07 0D 09 06 07 09 08 12 11 09 07 09 09 06 09 08 09 09 09 08 08 09 08 08 0A 0A 08 0A 09 0A 0A 0A 10 08 09 06 06 06 06 05 06 06 06 06 06 06 06 06 05 06 06 06 06 06 06 06 06 05 06 06 05 05 06 06 06 06 06 06 06 05 06 06 06 05 06 06 06 05 05 05 06 06 06 05 06 06 06 06 05 05 06 06 06 06 06 05 04 06 06 06 06 05 05 06 05 03 05 04 05 04 05 05 05 04 03 04 04 7F 4A 2D FE 00 00 00 00 00 00 00 00 00 00 00 00 00 00 00 00 00 00 00 00 00 00 00 00 00 00 00 00 00 00 00 00 00 00 00 00 00 00 EF 19 AF 5E 7E
[ 21077][16:43:41.338]7E FF 02 FF 57 B9 0C 47 32 01 11 02 2F 2E FB 55 00 49 00 10 00 01 00 02 EC A8 22 10 01 B0 06 01 05 00 00 00 F4 21 FF 39 8C AF 36 7E
[ 21078][16:43:41.458]7E FF 02 FF 58 B9 BE 47 32 01 8E 03 B5 0C 19 56 00 49 00 14 01 01 00 01 EC A8 22 32 F0 FF 00 34 18 60 C3 00 30 E4 D3 20 03 FF 2F 01 1D 00 00 C8 E8 11 03 00 D5 00 00 08 00 00 00 32 10 00 11 01 21 01 00 00 16 00 00 90 98 01 63 03 02 64 64 8F 00 09 01 83 01 13 00 46 00 00 00 01 30 FE FF FD FF FF FF FB FF FF FF FF FF FF FF FF FF FF FF 03 13 13 09 09 07 08 07 0B 13 09 09 0A 07 0A 08 08 09 09 07 09 07 08 09 0A 09 08 07 0D 0A 07 06 09 08 12 11 09 07 08 09 04 06 08 09 09 09 08 08 09 08 08 0A 09 08 0A 09 0A 09 0A 10 08 0A 06 05 06 06 05 06 05 06 06 06 05 04 06 05 06 06 03 06 06 06 06 06 05 06 06 05 05 06 06 06 06 06 06 06 05 06 06 06 05 06 06 06 05 05 06 06 06 06 05 06 06 06 06 05 06 06 06 06 06 06 06 04 06 06 06 06 05 05 06 05 04 05 04 05 04 05 05 03 04 03 04 04 57 95 ED 0C 00 00 00 00 00 00 00 00 00 00 00 00 00 00 00 00 00 00 00 00 00 00 00 00 00 00 00 00 00 00 00 00 00 00 00 00 00 00 00 00 25 C4 AD 40 7E
[ 21079][16:43:41.473]7E FF 02 FF 59 B9 76 47 32 01 70 01 F9 84 23 56 00 3F 02 94 00 01 00 01 EC A8 22 01 20 00 03 16 15 B6 40 00 62 C5 82 10 00 84 00 03 F7 01 30 3E 88 FF 00 00 D5 00 00 11 03 00 00 01 02 23 03 22 00 28 0A 68 17 00 43 05 16 00 00 01 11 01 00 5C 4E 05 01 01 00 10 02 00 00 FE 19 16 68 17 00 43 05 16 00 00 01 11 01 00 5C 4E 05 01 01 40 00 02 00 00 7D 1B 16 0F 13 48 50 00 00 00 00 00 00 00 00 00 00 00 00 00 00 00 00 00 00 00 00 00 00 00 00 00 00 00 00 00 00 00 00 00 00 00 00 00 00 00 00 00 00 00 00 00 00 00 00 00 00 71 E2 52 E2 7E
[ 21080][16:43:41.487]7E FF 02 FF 5A B9 8A 47 32 01 E7 01 F4 31 2B 56 00 49 00 94 00 01 00 01 EC A8 22 02 40 08 03 16 15 B6 40 00 41 A1 3B 10 00 84 00 03 F7 01 30 3E 88 EF 00 00 D5 00 00 11 03 00 00 01 02 23 03 22 00 28 0A 68 17 00 43 05 16 00 00 01 11 01 00 5C 4E 05 01 01 00 10 02 00 00 FE 19 16 68 17 00 43 05 16 00 00 01 11 01 00 5C 4E 05 01 01 40 00 02 00 00 7D 1B 16 0F 13 48 50 00 00 00 00 00 00 00 00 00 00 00 00 00 00 00 00 00 00 00 00 00 00 00 00 00 00 00 00 00 00 00 00 00 00 00 00 00 00 00 00 00 00 00 00 00 00 00 00 00 00 06 80 29 4B 7E
[ 21081][16:43:42.026]7E FF 02 FF 5B B9 05 4A 32 01 B7 03 42 78 F7 56 00 3B 02 94 00 01 00 01 EC A8 22 01 60 07 03 16 15 B6 40 00 18 6A 6D 10 00 76 00 03 F8 01 30 3E 88 FF 00 00 D5 00 00 11 03 00 00 01 02 23 03 23 00 28 0A 68 17 00 43 05 17 00 00 01 11 01 00 89 D1 05 01 01 00 10 02 00 00 FE 19 16 68 17 00 43 05 17 00 00 01 11 01 00 89 D1 05 01 01 40 00 02 00 00 7D 1B 16 C1 D8 22 65 00 00 00 00 00 00 00 00 00 00 00 00 00 00 00 00 00 00 00 00 00 00 00 00 00 00 00 00 00 00 00 00 00 00 00 00 00 00 00 00 00 00 00 00 00 00 00 00 00 00 FA 96 BC 47 7E
[ 21082][16:43:42.400]7E FF 02 FF 5C B9 8D 4B 32 01 52 01 78 C9 8C 57 00 3B 02 10 00 01 00 03 EC A8 22 60 01 7B 17 8D DD 2E 20 02 EB 9E 96 E3 DC 22 AC 7E
[ 21083][16:43:43.927]7E FF 02 FF 5D B9 F7 50 32 01 18 00 2D 82 C3 59 00 49 00 14 01 01 00 01 EC A8 22 31 F0 FF 00 34 18 60 C3 00 33 E4 E3 10 03 FF 2F 01 B2 00 00 C7 A8 11 00 00 D5 00 00 08 00 00 00 31 10 00 11 01 21 01 00 00 18 00 00 90 98 01 63 03 03 64 64 8E 00 09 01 83 01 13 00 46 00 00 00 01 30 FE FF FD FF FF FF FD FF FF FF FF FF FF FF F7 FF FF FF 03 13 13 09 09 07 08 07 0B 13 09 09 0A 07 0A 08 08 09 09 07 09 07 08 09 0A 09 08 07 0D 0A 07 07 09 08 12 11 09 07 08 09 06 06 08 09 09 09 08 08 09 08 08 0A 0A 08 0A 09 0A 09 0A 10 08 0A 06 05 06 06 05 06 06 06 06 06 06 04 06 06 06 06 06 06 06 06 06 06 05 06 06 05 04 06 06 06 06 06 06 06 05 06 06 06 05 06 06 06 05 05 06 06 06 06 05 06 06 06 05 06 05 06 06 06 06 06 04 06 06 06 06 05 05 06 05 04 05 04 05 04 05 05 03 04 03 04 04 C6 4A 08 63 00 00 00 00 00 00 00 00 00 00 00 00 00 00 00 00 00 00 00 00 00 00 00 00 00 00 00 00 00 00 00 00 00 00 00 00 00 00 00 00 00 E8 5A 4A 5F 7E
[ 21084][16:43:44.211]7E FF 02 FF 5E B9 AA 52 32 01 1A 02 9D 86 43 5A 00 49 00 10 00 01 00 02 8D DD 2E 10 01 E0 02 01 03 02 00 00 33 6E FC 59 EB F7 90 7E
[ 21085][16:43:44.286]7E FF 02 FF 5F B9 F5 52 32 01 88 02 77 2C 60 5A 00 49 00 10 00 01 00 03 EC A8 22 60 01 13 10 8D DD 2E 20 02 71 CC 7C 44 09 49 19 7E
[ 21086][16:43:44.376]7E FF 02 FF 60 B9 DC 52 32 01 32 02 46 C0 7C 5A 00 49 00 10 00 01 00 02 8D DD 2E 10 01 E0 02 01 03 03 00 00 32 7E 38 F5 5B 08 FA 7E
[ 21087][16:43:44.690]7E FF 02 FF 61 B9 86 54 32 01 60 00 B1 EE F8 5A 00 49 00 10 00 01 00 02 EC A8 22 10 02 D0 08 01 04 01 00 00 1D 62 79 D2 02 E5 47 7E
[ 21088][16:43:44.750]7E FF 02 FF 62 B9 5B 54 32 01 F3 02 36 ED 0E 5B 00 49 00 10 00 01 00 02 EC A8 22 10 02 D0 08 01 05 02 00 00 0C 12 3D 99 17 2C 0B 7E
[ 21089][16:43:44.824]7E FF 02 FF 63 B9 01 55 32 01 56 03 6F 24 28 5B 00 49 00 10 00 01 00 02 EC A8 22 10 01 F0 04 01 05 00 00 00 64 73 B5 70 BC 47 4E 7E
[ 21090][16:43:44.930]7E FF 02 FF 64 B9 57 55 32 01 F3 01 D6 C9 48 5B 00 3C 02 94 00 01 00 01 EC A8 22 01 60 05 03 16 15 B6 40 00 08 28 2F 10 00 56 00 03 F9 01 30 3E 88 FF 00 00 D5 00 00 11 03 00 00 01 02 23 03 24 00 28 0A 68 17 00 43 05 18 00 00 01 11 01 00 7D C8 05 01 01 00 10 02 00 00 FE 19 16 68 17 00 43 05 18 00 00 01 11 01 00 7D C8 05 01 01 40 00 02 00 00 7D 1B 16 F2 D3 51 E0 00 00 00 00 00 00 00 00 00 00 00 00 00 00 00 00 00 00 00 00 00 00 00 00 00 00 00 00 00 00 00 00 00 00 00 00 00 00 00 00 00 00 00 00 00 00 00 00 00 00 27 07 38 4E 7E
[ 21091][16:43:45.259]7E FF 02 FF 65 B9 59 56 32 01 73 02 BA 6E D1 5B 00 3C 02 10 00 01 00 02 EC A8 22 10 01 20 05 01 05 00 00 00 90 AD 8E B5 06 52 1F 7E
[ 21092][16:43:45.304]7E FF 02 FF 66 B9 E9 56 32 01 24 00 98 FC E1 5B 00 3C 02 10 00 01 00 02 EC A8 22 10 01 30 05 01 03 00 00 00 75 3D 09 4D 1B C9 EC 7E
[ 21093][16:43:45.364]7E FF 02 FF 67 B9 B9 56 32 01 88 01 99 F5 F5 5B 00 3C 02 10 00 01 00 02 EC A8 22 10 01 E0 04 01 03 01 00 00 80 F3 F6 79 C9 89 4A 7E
[ 21094][16:43:45.380]7E FF 02 FF 68 B9 BF 56 32 01 1A 00 AD 15 F8 5B 00 3A 02 94 00 01 00 01 EC A8 22 01 30 02 03 16 15 B6 40 00 63 95 04 10 00 20 00 03 FA 01 30 3E 88 FF 00 00 D5 00 00 11 03 00 00 01 02 23 03 25 00 28 0A 68 17 00 43 05 19 00 00 01 11 01 00 A8 57 05 01 01 00 10 02 00 00 FE 19 16 68 17 00 43 05 19 00 00 01 11 01 00 A8 57 05 01 01 40 00 02 00 00 7D 1B 16 3C 18 3B D5 00 00 00 00 00 00 00 00 00 00 00 00 00 00 00 00 00 00 00 00 00 00 00 00 00 00 00 00 00 00 00 00 00 00 00 00 00 00 00 00 00 00 00 00 00 00 00 00 00 00 66 80 1F 76 7E
[ 21095][16:43:45.410]7E FF 02 FF 69 B9 59 57 32 01 F8 00 73 CA 0C 5C 00 3A 02 10 00 01 00 02 EC A8 22 10 01 C0 05 01 05 01 00 00 A8 5A D2 13 86 95 08 7E
[ 21096][16:43:45.470]7E FF 02 FF 6A B9 0E 57 32 01 D8 02 14 7F 16 5C 00 3B 03 94 00 01 00 01 EC A8 22 01 90 04 03 16 15 B6 40 00 F6 E7 D6 10 00 49 00 03 FB 01 30 3E 88 FF 00 00 D5 00 00 11 03 00 00 01 02 23 03 26 00 28 0A 68 17 00 43 05 20 00 00 01 11 01 00 DB C0 05 01 01 00 10 02 00 00 FE 19 16 68 17 00 43 05 20 00 00 01 11 01 00 DB C0 05 01 01 40 00 02 00 00 7D 1B 16 32 1B 17 3D 00 00 00 00 00 00 00 00 00 00 00 00 00 00 00 00 00 00 00 00 00 00 00 00 00 00 00 00 00 00 00 00 00 00 00 00 00 00 00 00 00 00 00 00 00 00 00 00 00 00 94 6B C4 16 7E
[ 21097][16:43:45.485]7E FF 02 FF 6B B9 23 57 32 01 84 00 88 45 1E 5C 00 3B 02 94 00 01 00 01 EC A8 22 01 B0 00 03 16 15 B6 40 00 F7 47 56 10 00 0B 00 03 FC 01 30 3E 88 FF 00 00 D5 00 00 11 03 00 00 01 02 23 03 27 00 28 0A 68 17 00 43 05 01 00 00 01 14 01 00 30 05 05 01 01 00 10 02 00 00 FE 19 16 68 17 00 43 05 01 00 00 01 14 01 00 30 05 05 01 01 40 00 02 00 00 7D 1B 16 8F D2 A5 D0 00 00 00 00 00 00 00 00 00 00 00 00 00 00 00 00 00 00 00 00 00 00 00 00 00 00 00 00 00 00 00 00 00 00 00 00 00 00 00 00 00 00 00 00 00 00 00 00 00 00 3D F3 1E D9 7E
[ 21098][16:43:45.530]7E FF 02 FF 6C B9 B1 57 32 01 C8 03 89 9C 2E 5C 00 3E 02 94 00 01 00 01 EC A8 22 01 90 00 03 16 15 B6 40 00 D6 63 52 10 00 17 00 03 FD 01 30 3E 88 FF 00 00 D5 00 00 11 03 00 00 01 02 23 03 28 00 28 0A 68 17 00 43 05 02 00 00 01 14 01 00 5E AD 05 01 01 00 10 02 00 00 FE 19 16 68 17 00 43 05 02 00 00 01 14 01 00 5E AD 05 01 01 40 00 02 00 00 7D 1B 16 B0 C4 5E 5B 00 00 00 00 00 00 00 00 00 00 00 00 00 00 00 00 00 00 00 00 00 00 00 00 00 00 00 00 00 00 00 00 00 00 00 00 00 00 00 00 00 00 00 00 00 00 00 00 00 00 BD 04 61 40 7E
[ 21099][16:43:45.530]7E FF 02 FF 6D B9 BD 57 32 01 12 00 6B D9 32 5C 00 3E 02 10 00 01 00 02 EC A8 22 10 09 10 00 01 02 01 00 00 25 6C C8 EC DC 3A D8 7E
[ 21100][16:43:45.545]7E FF 02 FF 6E B9 C0 57 32 01 2E 03 F9 47 34 5C 00 49 00 94 00 01 00 01 EC A8 22 09 70 01 03 16 15 B6 40 00 30 BE 6B 10 00 17 00 03 FD 01 30 3E 88 EF 00 00 D5 00 00 11 03 00 00 01 02 23 03 28 00 28 0A 68 17 00 43 05 02 00 00 01 14 01 00 5E AD 05 01 01 00 10 02 00 00 FE 19 16 68 17 00 43 05 02 00 00 01 14 01 00 5E AD 05 01 01 40 00 02 00 00 7D 1B 16 B0 C4 5E 5B 00 00 00 00 00 00 00 00 00 00 00 00 00 00 00 00 00 00 00 00 00 00 00 00 00 00 00 00 00 00 00 00 00 00 00 00 00 00 00 00 00 00 00 00 00 00 00 00 00 00 5C 16 62 1F 7E
[ 21101][16:43:45.725]7E FF 02 FF 6F B9 90 58 32 01 27 03 25 A4 83 5C 00 49 00 10 00 01 00 02 EC A8 22 10 02 40 08 01 04 02 00 00 B9 C6 AB 8B A4 50 02 7E
[ 21102][16:43:46.205]7E FF 02 FF 70 B9 6B 5A 32 01 B2 02 FD CB 38 5D 00 49 00 10 00 01 00 03 EC A8 22 60 01 9D 08 8D DD 2E 20 02 25 40 AB 52 B7 2D 61 7E
[ 21103][16:43:46.279]7E FF 02 FF 71 B9 54 5A 32 01 D1 01 48 15 56 5D 00 49 00 10 00 01 00 02 EC A8 22 10 01 60 07 01 05 00 00 00 00 FF C4 7E 04 72 0E 7E
[ 21104][16:43:46.369]7E FF 02 FF 72 B9 9E 5A 32 01 AD 03 53 78 72 5D 00 3D 02 94 00 01 00 01 EC A8 22 01 50 02 03 16 15 B6 40 00 00 F9 08 10 00 25 00 03 FE 01 30 3E 88 FF 00 00 D5 00 00 11 03 00 00 01 02 23 03 29 00 28 0A 68 17 00 43 05 03 00 00 01 14 01 00 8B 32 05 01 01 00 10 02 00 00 FE 19 16 68 17 00 43 05 03 00 00 01 14 01 00 8B 32 05 01 01 40 00 02 00 00 7D 1B 16 7E 0F 34 6E 00 00 00 00 00 00 00 00 00 00 00 00 00 00 00 00 00 00 00 00 00 00 00 00 00 00 00 00 00 00 00 00 00 00 00 00 00 00 00 00 00 00 00 00 00 00 00 00 00 00 82 70 F7 DC 7E
[ 21105][16:43:46.384]7E FF 02 FF 73 B9 C2 5A 32 01 2C 03 D1 2E 80 5D 00 3D 02 10 00 01 00 02 EC A8 22 10 01 20 00 01 03 00 00 00 B0 04 2A 50 0F AD 0E 7E
[ 21106][16:43:46.444]7E FF 02 FF 74 B9 2F 5B 32 01 9B 01 28 6F 83 5D 00 49 00 14 01 01 00 01 EC A8 22 28 F0 FF 00 34 18 60 C3 00 28 E4 7B 80 02 FF 2F 01 56 00 00 C7 F0 11 00 00 D5 00 00 08 00 00 00 28 10 00 11 01 12 01 00 00 19 00 00 90 98 01 63 03 02 64 64 8E 00 09 01 84 01 13 00 4B 00 00 00 01 30 FE FF FD FF FF FE FF FF FF FF FF FF FF EF FF FF FF FF 03 13 13 09 08 07 08 01 0B 12 09 09 0A 06 0A 08 08 09 09 07 09 07 08 01 0A 09 08 07 0D 09 06 07 09 08 12 11 09 07 09 06 07 09 08 09 09 09 08 08 09 08 08 0A 0A 08 0A 09 0A 0A 0A 10 08 09 06 06 06 06 05 06 06 06 06 06 06 06 06 01 06 06 06 06 06 06 06 06 05 06 06 05 05 06 06 06 06 06 06 06 05 06 06 06 05 06 06 06 05 05 06 06 06 05 06 06 06 06 05 05 06 06 06 06 06 05 04 06 06 06 06 05 05 06 05 03 05 04 05 04 04 05 05 04 03 04 04 26 89 DC 2A 00 00 00 00 00 00 00 00 00 00 00 00 00 00 00 00 00 00 00 00 00 00 00 00 00 00 00 00 00 00 00 00 00 00 00 00 00 00 00 00 00 2C DB 2A 74 7E
[ 21107][16:43:46.459]7E FF 02 FF 75 B9 49 5B 32 01 B3 02 70 75 8D 5D 00 49 00 94 00 01 00 01 EC A8 22 02 10 00 00 16 15 B6 40 00 91 EB 11 40 08 01 00 0B 81 00 30 42 F8 EF 00 00 D5 00 00 11 03 00 00 01 02 63 03 22 00 01 00 68 34 00 83 05 16 00 00 01 11 01 00 D1 70 85 01 01 00 10 02 00 01 01 05 06 00 00 02 00 06 00 00 02 00 06 00 00 02 00 06 00 00 02 00 06 00 00 02 00 00 00 C2 92 16 1C F0 68 17 00 00 00 00 00 00 00 00 00 00 00 00 00 00 00 00 00 00 00 00 00 00 00 00 00 00 00 00 00 00 00 00 00 00 00 00 00 00 00 00 00 00 00 00 00 00 52 C4 4B 97 7E
[ 21108][16:43:46.459]7E FF 02 FF 76 B9 54 5B 32 01 56 03 33 BE 91 5D 00 49 00 10 00 01 00 02 EC A8 22 10 01 20 00 01 03 00 00 00 B0 04 2A AD DB 8D E9 7E
[ 21109][16:43:46.504]7E FF 02 FF 77 B9 20 5B 32 01 E7 03 DA 14 A4 5D 00 3F 02 94 00 01 00 01 EC A8 22 01 30 01 03 16 15 B6 40 00 7B F6 67 10 00 13 00 03 FF 01 30 3E 88 FF 00 00 D5 00 00 11 03 00 00 01 02 23 03 2A 00 28 0A 68 17 00 43 05 04 00 00 01 14 01 00 93 F5 05 01 01 00 10 02 00 00 FE 19 16 68 17 00 43 05 04 00 00 01 14 01 00 93 F5 05 01 01 40 00 02 00 00 7D 1B 16 82 3F C7 59 00 00 00 00 00 00 00 00 00 00 00 00 00 00 00 00 00 00 00 00 00 00 00 00 00 00 00 00 00 00 00 00 00 00 00 00 00 00 00 00 00 00 00 00 00 00 00 00 00 00 06 70 4D 32 7E
[ 21110][16:43:46.549]7E FF 02 FF 78 B9 AB 5B 32 01 55 03 62 E7 B2 5D 00 3E 02 94 00 01 00 01 EC A8 22 01 30 02 03 16 15 B6 40 00 63 95 04 10 00 23 00 03 00 02 30 3E 88 FF 00 00 D5 00 00 11 03 00 00 01 02 23 03 2B 00 28 0A 68 17 00 43 05 05 00 00 01 14 01 00 46 6A 05 01 01 00 10 02 00 00 FE 19 16 68 17 00 43 05 05 00 00 01 14 01 00 46 6A 05 01 01 40 00 02 00 00 7D 1B 16 4C F4 AD 6C 00 00 00 00 00 00 00 00 00 00 00 00 00 00 00 00 00 00 00 00 00 00 00 00 00 00 00 00 00 00 00 00 00 00 00 00 00 00 00 00 00 00 00 00 00 00 00 00 00 00 3A EE 06 0E 7E
[ 21111][16:43:47.491]7E FF 02 FF 79 B9 0D 5F 32 01 C6 00 4A 2F 23 5F 00 3E 02 10 00 01 00 02 8D DD 2E 10 01 E0 02 01 02 04 00 00 21 4E 74 4E E4 57 3E 7E
[ 21112][16:43:47.551]7E FF 02 FF 7A B9 96 5F 32 01 26 01 3F 4E 31 5F 00 49 00 94 00 01 00 01 8D DD 2E 01 E0 02 03 29 14 88 54 00 1A A6 54 10 00 5C 00 03 51 3F 30 10 88 FF 00 00 2A 00 00 11 08 00 00 01 03 01 00 E1 52 97 64 60 79 15 00 52 01 AA 46 00 00 00 00 00 00 00 00 00 00 00 00 00 00 00 00 00 00 00 00 00 00 00 00 00 00 00 00 00 00 00 00 00 00 00 00 00 00 00 00 00 00 00 00 00 00 00 00 00 00 00 00 00 00 00 00 00 00 00 00 00 00 00 00 00 00 00 00 00 00 00 00 00 00 00 00 00 00 00 00 00 00 00 00 00 00 00 00 00 00 00 00 00 00 00 00 AD 6B 75 A1 7E
[ 21113][16:43:47.940]7E FF 02 FF 7B B9 0E 61 32 01 83 01 9E C7 C0 5F 00 49 00 14 01 01 00 01 EC A8 22 88 F0 FF 00 34 18 60 C3 00 9C E4 2B 80 08 FF 2F 01 A0 00 00 C9 A0 11 03 00 D5 00 00 08 00 00 00 88 10 00 11 01 21 01 00 00 04 00 00 90 98 01 63 01 02 40 50 90 00 09 01 77 01 13 00 50 00 00 00 01 30 FE FF FD FF FF FF FF FF FF FF FF FF FF FF FF FF FF FE 07 0F 0F 05 05 03 04 04 08 0F 05 05 06 03 06 05 04 06 05 03 06 03 04 05 06 06 05 03 0A 06 04 02 06 05 0E 0E 06 03 04 06 02 03 04 05 05 05 06 05 06 06 05 04 06 05 05 06 06 05 04 05 0D 05 06 05 04 05 05 04 05 05 05 05 05 05 03 05 05 05 05 04 05 05 06 06 06 05 06 06 05 05 06 06 06 06 06 06 06 05 06 06 06 05 06 06 06 05 05 06 06 06 06 05 06 06 06 06 05 06 06 06 06 06 06 06 04 06 06 06 06 05 05 06 05 04 05 05 04 05 05 03 04 03 04 04 00 7E 02 F4 BB 00 00 00 00 00 00 00 00 00 00 00 00 00 00 00 00 00 00 00 00 00 00 00 00 00 00 00 00 00 00 00 00 00 00 00 00 00 00 00 25 54 02 CC 7E
[ 21114][16:43:48.091]7E FF 02 FF 7C B9 D2 61 32 01 A8 01 3D 95 0B 60 00 49 00 10 00 01 00 03 EC A8 22 60 01 36 01 8D DD 2E 20 02 15 C4 FC 8A 6D D9 CF 7E
[ 21115][16:43:48.435]7E FF 02 FF 7D B9 15 63 32 01 18 03 A0 EA 86 60 00 3B 02 95 00 01 00 00 EC A8 22 11 61 03 9D 01 60 5B 02 00 10 02 9D CA D5 00 00 90 98 01 63 21 01 00 00 20 02 00 00 00 00 00 00 04 00 0F 01 00 00 64 00 00 90 98 01 63 04 00 00 01 0A 90 01 58 01 3C 00 3C 00 C0 49 00 13 33 00 06 10 32 00 00 00 00 C9 EC 01 9D 9A 26 00 00 10 00 02 10 09 10 23 10 24 10 3D 10 1D 10 37 00 38 00 39 00 3A 00 3B 00 3C 00 3E 00 3F 00 04 00 0F 00 10 00 40 00 41 80 58 1B 00 01 F4 01 00 02 D0 07 00 03 03 04 5A 05 00 02 D0 07 00 03 C1 02 77 CB 9F F7 BD AF 7E
[ 21116][16:43:48.450]7E FF 02 FF 7E B9 24 63 32 01 5D 00 15 5E 8C 60 00 3E 02 95 00 01 00 00 EC A8 22 84 D4 08 9D 01 60 5B 04 00 C5 C9 A7 CA D5 00 00 90 98 01 63 21 01 00 00 20 02 00 00 00 00 00 00 04 00 0F 01 00 00 64 00 00 90 98 01 63 04 00 00 01 0A 90 01 58 01 3C 00 3C 00 C0 49 00 13 33 00 06 10 32 00 00 00 00 C9 EC 01 9D 9A 26 00 00 10 00 02 10 09 10 23 10 24 10 3D 10 1D 10 37 00 38 00 39 00 3A 00 3B 00 3C 00 3E 00 3F 00 04 00 0F 00 10 00 40 00 41 80 58 1B 00 01 F4 01 00 02 D0 07 00 03 03 04 5A 05 00 02 D0 07 00 03 C1 02 77 CB 74 1F 08 38 7E
[ 21117][16:43:48.466]7E FF 02 FF 7F B9 D0 62 32 01 50 00 E3 76 92 60 00 3D 02 95 00 01 00 00 EC A8 22 57 ED 0E 9D 01 60 5B 06 00 2C 30 59 CA D5 00 00 90 98 01 63 21 01 00 00 20 02 00 00 00 00 00 00 04 00 0F 01 00 00 64 00 00 90 98 01 63 04 00 00 01 0A 90 01 58 01 3C 00 3C 00 C0 49 00 13 33 00 06 10 32 00 00 00 00 C9 EC 01 9D 9A 26 00 00 10 00 02 10 09 10 23 10 24 10 3D 10 1D 10 37 00 38 00 39 00 3A 00 3B 00 3C 00 3E 00 3F 00 04 00 0F 00 10 00 40 00 41 80 58 1B 00 01 F4 01 00 02 D0 07 00 03 03 04 5A 05 00 02 D0 07 00 03 C1 02 77 CB 88 8F AE A6 7E
[ 21118][16:43:48.496]7E FF 02 FF 80 B9 EF 62 32 01 1A 00 94 46 9E 60 00 49 01 95 00 01 00 00 EC A8 22 3F BE 1A 9D 09 60 5B 06 00 DC FF ED C9 D5 00 00 90 98 01 63 21 01 00 00 20 02 00 00 00 00 00 00 04 00 0F 09 10 00 44 01 21 01 00 00 19 12 02 03 01 0A 90 01 58 01 3C 00 3C 00 C0 49 00 13 33 00 06 10 32 00 00 00 00 C9 EC 01 9D 9A 26 00 00 10 00 02 10 09 10 23 10 24 10 3D 10 1D 10 37 00 38 00 39 00 3A 00 3B 00 3C 00 3E 00 3F 00 04 00 0F 00 10 00 40 00 41 80 58 1B 00 01 F4 01 00 02 D0 07 00 03 03 04 5A 05 00 02 D0 07 00 03 73 D5 8B 7F FB BF E7 41 7E
[ 21119][16:43:48.586]7E FF 02 FF 81 B9 3F 63 32 01 12 00 C3 CB BC 60 00 49 01 95 00 01 00 00 EC A8 22 9C 43 39 9D 37 60 5B 02 00 B2 D2 F1 C8 D5 00 00 90 98 01 63 21 01 00 00 20 02 00 00 00 00 00 00 04 00 0F 37 10 00 48 01 12 01 00 00 05 11 03 01 01 0A 90 01 58 01 3C 00 3C 00 C0 23 00 13 33 00 06 10 32 00 00 00 00 C9 EC 01 9D 9A 26 00 00 10 00 58 1B 00 01 F4 01 00 02 D0 07 00 03 03 04 5A 05 39 00 3A 00 3B 00 3C 00 3E 00 3F 00 04 00 0F 00 10 00 40 00 41 80 58 1B 00 01 F4 01 00 02 D0 07 00 03 03 04 5A 05 00 02 D0 07 00 03 73 7D 24 60 05 C0 BF BE 7E
[ 21120][16:43:48.601]7E FF 02 FF 82 B9 4F 63 32 01 44 00 78 E8 C2 60 00 49 01 95 00 01 00 00 EC A8 22 45 60 3F 9D 38 60 5B 06 00 D2 F2 38 C8 D5 00 00 90 98 01 63 21 01 00 00 20 02 00 00 00 00 00 00 04 00 0F 38 10 00 4B 01 12 01 00 00 10 11 03 03 01 0A 90 01 58 01 3C 00 3C 00 C0 23 00 13 33 00 06 10 32 00 00 00 00 C9 EC 01 9D 9A 26 00 00 10 00 58 1B 00 01 F4 01 00 02 D0 07 00 03 03 04 5A 05 39 00 3A 00 3B 00 3C 00 3E 00 3F 00 04 00 0F 00 10 00 40 00 41 80 58 1B 00 01 F4 01 00 02 D0 07 00 03 03 04 5A 05 00 02 D0 07 00 03 6C 6C 8C 44 C2 AA C2 9B 7E
[ 21121][16:43:48.631]7E FF 02 FF 83 B9 D3 63 32 01 1C 00 BE 1A CF 60 00 49 01 95 00 01 00 00 EC A8 22 95 92 4B 9D 3A 60 5B 02 00 81 6B 9E C8 D5 00 00 90 98 01 63 21 01 00 00 20 02 00 00 00 00 00 00 04 00 0F 3A 10 00 48 01 12 01 00 00 14 11 03 01 01 0A 90 01 58 01 3C 00 3C 00 C0 23 00 13 33 00 06 10 32 00 00 00 00 C9 EC 01 9D 9A 26 00 00 10 00 58 1B 00 01 F4 01 00 02 D0 07 00 03 03 04 5A 05 39 00 3A 00 3B 00 3C 00 3E 00 3F 00 04 00 0F 00 10 00 40 00 41 80 58 1B 00 01 F4 01 00 02 D0 07 00 03 03 04 5A 05 00 02 D0 07 00 03 DE CA 5B 79 6F CA DD 2B 7E
[ 21122][16:43:48.646]7E FF 02 FF 84 B9 E3 63 32 01 3B 00 1E 37 D5 60 00 49 01 95 00 01 00 00 EC A8 22 FA AE 51 9D 3B 60 5B 02 00 C8 4A E7 C8 D5 00 00 90 98 01 63 21 01 00 00 20 02 00 00 00 00 00 00 04 00 0F 3B 10 00 4B 01 12 01 00 00 13 11 02 01 01 0A 90 01 58 01 3C 00 3C 00 C0 23 00 13 33 00 06 10 32 00 00 00 00 C9 EC 01 9D 9A 26 00 00 10 00 58 1B 00 01 F4 01 00 02 D0 07 00 03 03 04 5A 05 39 00 3A 00 3B 00 3C 00 3E 00 3F 00 04 00 0F 00 10 00 40 00 41 80 58 1B 00 01 F4 01 00 02 D0 07 00 03 03 04 5A 05 00 02 D0 07 00 03 B6 8B 98 E5 8E 7D FA C7 7E
[ 21123][16:43:48.661]7E FF 02 FF 85 B9 8F 63 32 01 27 00 72 4F DB 60 00 49 01 95 00 01 00 00 EC A8 22 4C C7 57 9D 3C 60 5B 06 00 C3 2B 8C C8 D5 00 00 90 98 01 63 21 01 00 00 20 02 00 00 00 00 00 00 04 00 0F 3C 10 00 4B 01 12 01 00 00 11 11 03 03 01 0A 90 01 58 01 3C 00 3C 00 C0 23 00 13 33 00 06 10 32 00 00 00 00 C9 EC 01 9D 9A 26 00 00 10 00 58 1B 00 01 F4 01 00 02 D0 07 00 03 03 04 5A 05 39 00 3A 00 3B 00 3C 00 3E 00 3F 00 04 00 0F 00 10 00 40 00 41 80 58 1B 00 01 F4 01 00 02 D0 07 00 03 03 04 5A 05 00 02 D0 07 00 03 80 C1 99 28 ED AD 88 CD 7E
[ 21124][16:43:48.691]7E FF 02 FF 86 B9 AF 63 32 01 1F 00 8B 83 E7 60 00 49 01 95 00 01 00 00 EC A8 22 A7 FC 63 9D 3F 60 5B 02 00 12 60 BE C8 D5 00 00 90 98 01 63 21 01 00 00 20 02 00 00 00 00 00 00 04 00 0F 3F 20 00 42 01 23 01 00 00 11 21 05 01 01 0A 90 01 58 01 3C 00 3C 00 C0 23 00 13 33 00 06 10 32 00 00 00 00 C9 EC 01 9D 9A 26 00 00 10 00 58 1B 00 01 F4 01 00 02 D0 07 00 03 03 04 5A 05 39 00 3A 00 3B 00 3C 00 3E 00 3F 00 04 00 0F 00 10 00 40 00 41 80 58 1B 00 01 F4 01 00 02 D0 07 00 03 03 04 5A 05 00 02 D0 07 00 03 D6 D1 02 4B 47 32 AD 39 7E
[ 21125][16:43:48.706]7E FF 02 FF 87 B9 BF 63 32 01 28 00 41 9F ED 60 00 49 01 95 00 01 00 00 EC A8 22 F4 16 6A 9D 04 60 5B 04 00 76 73 6C C8 D5 00 00 90 98 01 63 21 01 00 00 20 02 00 00 00 00 00 00 04 00 0F 04 10 00 48 01 21 01 00 00 05 11 02 02 01 0A 90 01 58 01 3C 00 3C 00 C0 23 00 13 33 00 06 10 32 00 00 00 00 C9 EC 01 9D 9A 26 00 00 10 00 58 1B 00 01 F4 01 00 02 D0 07 00 03 03 04 5A 05 39 00 3A 00 3B 00 3C 00 3E 00 3F 00 04 00 0F 00 10 00 40 00 41 80 58 1B 00 01 F4 01 00 02 D0 07 00 03 03 04 5A 05 00 02 D0 07 00 03 DA 94 97 81 9B F9 BB DD 7E
[ 21126][16:43:48.736]7E FF 02 FF 88 B9 43 64 32 01 12 00 A4 D3 F9 60 00 49 01 95 00 01 00 00 EC A8 22 5B 4B 76 9D 10 60 5B 06 00 DD BD 16 C8 D5 00 00 90 98 01 63 21 01 00 00 20 02 00 00 00 00 00 00 04 00 0F 10 10 00 47 01 22 01 00 00 03 11 02 03 01 0A 90 01 58 01 3C 00 3C 00 C0 23 00 13 33 00 06 10 32 00 00 00 00 C9 EC 01 9D 9A 26 00 00 10 00 58 1B 00 01 F4 01 00 02 D0 07 00 03 03 04 5A 05 39 00 3A 00 3B 00 3C 00 3E 00 3F 00 04 00 0F 00 10 00 40 00 41 80 58 1B 00 01 F4 01 00 02 D0 07 00 03 03 04 5A 05 00 02 D0 07 00 03 07 10 B0 48 23 C7 92 73 7E
[ 21127][16:43:48.751]7E FF 02 FF 89 B9 53 64 32 01 2A 00 F0 EE FF 60 00 49 00 95 00 01 00 00 EC A8 22 CB 66 7C 9D 40 60 5B 06 00 84 CB 2D C8 D5 00 00 90 98 01 63 21 01 00 00 20 02 00 00 00 00 00 00 04 00 0F 40 10 00 64 01 12 01 00 00 16 11 03 03 01 0A 90 01 58 01 3C 00 3C 00 C0 23 00 13 33 00 06 10 32 00 00 00 00 C9 EC 01 9D 9A 26 00 00 10 00 58 1B 00 01 F4 01 00 02 D0 07 00 03 03 04 5A 05 39 00 3A 00 3B 00 3C 00 3E 00 3F 00 04 00 0F 00 10 00 40 00 41 80 58 1B 00 01 F4 01 00 02 D0 07 00 03 03 04 5A 05 00 02 D0 07 00 03 34 70 27 C7 40 E7 57 1B 7E
[ 21128][16:43:48.766]7E FF 02 FF 8A B9 FF 63 32 01 2D 00 4D 09 06 61 00 49 01 95 00 01 00 00 EC A8 22 29 81 82 9D 41 60 5B 06 00 F5 49 28 C8 D5 00 00 90 98 01 63 21 01 00 00 20 02 00 00 00 00 00 00 04 00 0F 41 10 00 64 01 12 01 00 00 02 11 02 03 01 0A 90 01 58 01 3C 00 3C 00 C0 23 00 13 33 00 06 10 32 00 00 00 00 C9 EC 01 9D 9A 26 00 00 10 00 58 1B 00 01 F4 01 00 02 D0 07 00 03 03 04 5A 05 39 00 3A 00 3B 00 3C 00 3E 00 3F 00 04 00 0F 00 10 00 40 00 41 80 58 1B 00 01 F4 01 00 02 D0 07 00 03 03 04 5A 05 00 02 D0 07 00 03 26 E8 C8 EA 23 DD 6D 85 7E
[ 21129][16:43:48.931]7E FF 02 FF 8B B9 13 65 32 01 A7 02 60 70 49 61 00 49 01 10 00 01 00 02 8D DD 2E 10 01 90 04 01 01 04 00 00 0C CC 38 F4 A0 57 DE 7E
[ 21130][16:43:48.976]7E FF 02 FF 8C B9 D8 64 32 01 97 03 5A 2C 59 61 00 49 01 10 00 01 00 02 8D DD 2E 10 01 10 04 01 03 04 00 00 0C C8 28 41 BC 05 B6 7E
[ 21131][16:43:49.335]7E FF 02 FF 8D B9 7C 66 32 01 10 03 C1 2A D3 61 00 49 01 14 01 01 00 01 EC A8 22 85 F0 FF 00 34 18 60 C3 00 90 E4 7F 50 08 FF 2F 01 AE 00 00 C9 F0 11 00 00 D5 00 00 08 00 00 00 85 20 00 21 01 21 01 00 00 06 00 00 90 98 01 63 03 05 40 50 90 00 08 01 76 01 13 00 42 00 00 00 02 30 FE FF FD FF FF FF FF FF FF FF FF FF FF FF FF FF DF FF 07 0F 0F 05 05 03 04 04 07 0F 05 05 06 03 06 05 04 06 05 03 06 03 04 05 06 06 04 03 0A 06 04 02 06 05 0E 0E 06 03 04 06 02 03 04 04 05 05 05 05 06 06 05 04 06 04 05 06 06 05 04 05 0D 05 06 05 04 05 05 04 05 05 05 05 05 05 03 05 05 05 05 04 05 05 06 06 06 05 06 06 05 05 06 06 06 06 06 06 06 05 06 06 06 05 06 06 06 05 05 06 06 06 06 05 06 06 06 06 05 06 06 06 06 06 06 06 04 06 06 06 06 05 05 06 04 05 04 05 04 05 05 03 04 03 04 04 00 41 9E 7C 31 00 00 00 00 00 00 00 00 00 00 00 00 00 00 00 00 00 00 00 00 00 00 00 00 00 00 00 00 00 00 00 00 00 00 00 00 00 00 00 A9 16 4B DB 7E
[ 21132][16:43:49.395]7E FF 02 FF 8E B9 E8 66 32 01 E3 01 78 45 FC 61 00 49 01 10 00 01 00 02 8D DD 2E 10 01 C0 1A 01 01 04 00 00 1E 69 F4 98 4D B8 29 7E
[ 21133][16:43:49.545]7E FF 02 FF 8F B9 11 67 32 01 5F 00 3A EA 31 62 00 49 01 10 00 01 00 02 8D DD 2E 10 01 30 00 01 02 05 00 00 14 98 E8 2D BF 1E B8 7E
[ 21134][16:43:49.695]7E FF 02 FF 90 B9 A8 67 32 01 19 01 87 96 6B 62 00 49 01 10 00 01 00 02 8D DD 2E 10 01 E0 02 01 03 05 00 00 31 1E 34 1B F0 54 9C 7E
[ 21135][16:43:49.755]7E FF 02 FF 91 B9 EA 67 32 01 A7 00 BB B8 84 62 00 49 01 10 00 01 00 02 8D DD 2E 10 01 20 1E 01 03 05 00 00 06 3F 2C 1C D7 74 00 7E
[ 21136][16:43:49.800]7E FF 02 FF 92 B9 03 68 32 01 08 03 2B 77 8E 62 00 49 00 94 00 01 00 01 8D DD 2E 01 20 1E 00 16 15 B6 40 00 67 9F 28 10 00 E2 01 0A 62 3F 00 34 88 FF 00 00 2A 00 00 01 00 00 00 22 22 17 62 20 97 00 00 05 46 46 54 01 00 00 00 E2 01 01 01 6B 23 46 27 00 7D 00 00 F2 00 00 00 01 00 00 00 00 00 00 00 00 00 00 00 00 00 00 00 E0 9A 43 71 00 00 00 00 00 00 00 00 00 00 00 00 00 00 00 00 00 00 00 00 00 00 00 00 00 00 00 00 00 00 00 00 00 00 00 00 00 00 00 00 00 00 00 00 00 00 00 00 00 00 00 00 00 00 00 00 00 00 00 00 F6 EF 83 1D 7E
[ 21137][16:43:49.815]7E FF 02 FF 93 B9 86 68 32 01 B3 02 2B 48 9A 62 00 49 00 10 00 01 00 02 EC A8 22 10 01 B0 00 01 01 00 00 00 35 10 BC F1 6E 90 AB 7E
[ 21138][16:43:49.830]7E FF 02 FF 94 B9 95 68 32 01 55 01 36 DF 9F 62 00 49 00 10 00 01 00 02 EC A8 22 10 01 60 05 01 05 00 00 00 81 EF 02 09 20 14 58 7E
[ 21139][16:43:49.845]7E FF 02 FF 95 B9 43 68 32 01 A6 01 B2 C6 A6 62 00 49 00 10 00 01 00 02 EC A8 22 10 01 30 02 01 03 00 00 00 B4 04 6A 5B 53 F9 ED 7E
[ 21140][16:43:49.860]7E FF 02 FF 96 B9 51 68 32 01 79 03 FB 49 AC 62 00 49 00 10 00 01 00 02 EC A8 22 10 01 90 04 01 04 00 00 00 6D 50 3D 8F A9 EF 49 7E
[ 21141][16:43:49.875]7E FF 02 FF 97 B9 5F 68 32 01 0F 02 8E 7D B1 62 00 49 00 10 00 01 00 02 EC A8 22 10 09 70 01 01 03 02 00 00 6D 77 25 71 1A 2E 81 7E
[ 21142][16:43:49.890]7E FF 02 FF 98 B9 6E 68 32 01 76 02 9B 40 B7 62 00 49 00 10 00 01 00 02 EC A8 22 10 01 B0 00 01 03 00 00 00 14 90 38 FB FC 81 3D 7E
[ 21143][16:43:49.950]7E FF 02 FF 99 B9 F3 68 32 01 58 00 49 9C C3 62 00 3B 02 94 00 01 00 01 EC A8 22 01 A0 05 03 16 15 B6 40 00 CE F0 37 10 00 5A 00 03 01 02 30 3E 88 FF 00 00 D5 00 00 11 03 00 00 01 02 23 03 2C 00 28 0A 68 17 00 43 05 06 00 00 01 14 01 00 28 C2 05 01 01 00 10 02 00 00 FE 19 16 68 17 00 43 05 06 00 00 01 14 01 00 28 C2 05 01 01 40 00 02 00 00 7D 1B 16 C3 AF 7B EA 00 00 00 00 00 00 00 00 00 00 00 00 00 00 00 00 00 00 00 00 00 00 00 00 00 00 00 00 00 00 00 00 00 00 00 00 00 00 00 00 00 00 00 00 00 00 00 00 00 00 C1 82 F9 3F 7E
[ 21144][16:43:49.980]7E FF 02 FF 9A B9 B2 68 32 01 F4 01 3D 1E D1 62 00 3D 02 94 00 01 00 01 EC A8 22 01 30 06 03 16 15 B6 40 00 43 11 80 10 00 63 00 03 02 02 30 3E 88 FF 00 00 D5 00 00 11 03 00 00 01 02 23 03 2D 00 28 0A 68 17 00 43 05 07 00 00 01 14 01 00 FD 5D 05 01 01 00 10 02 00 00 FE 19 16 68 17 00 43 05 07 00 00 01 14 01 00 FD 5D 05 01 01 40 00 02 00 00 7D 1B 16 0D 64 11 DF 00 00 00 00 00 00 00 00 00 00 00 00 00 00 00 00 00 00 00 00 00 00 00 00 00 00 00 00 00 00 00 00 00 00 00 00 00 00 00 00 00 00 00 00 00 00 00 00 00 00 88 A3 A7 8B 7E
[ 21145][16:43:50.011]7E FF 02 FF 9B B9 CD 68 32 01 46 01 F3 59 DB 62 00 3D 02 94 00 01 00 01 EC A8 22 01 20 00 03 16 15 B6 40 00 62 C5 82 10 00 8A 00 03 03 02 30 3E 88 FF 00 00 D5 00 00 11 03 00 00 01 02 23 03 2E 00 28 0A 68 17 00 43 05 08 00 00 01 14 01 00 09 44 05 01 01 00 10 02 00 00 FE 19 16 68 17 00 43 05 08 00 00 01 14 01 00 09 44 05 01 01 40 00 02 00 00 7D 1B 16 E6 C9 F4 5C 00 00 00 00 00 00 00 00 00 00 00 00 00 00 00 00 00 00 00 00 00 00 00 00 00 00 00 00 00 00 00 00 00 00 00 00 00 00 00 00 00 00 00 00 00 00 00 00 00 00 37 B6 7C 2D 7E
[ 21146][16:43:50.011]7E FF 02 FF 9C B9 3C 69 32 01 7C 01 1D 97 DF 62 00 3D 02 10 00 01 00 02 EC A8 22 10 02 10 00 01 02 01 00 00 4F 66 60 9C DE 0A 5D 7E
[ 21147][16:43:50.011]7E FF 02 FF 9D B9 45 69 32 01 6B 00 39 EC E2 62 00 3D 02 10 00 01 00 03 EC A8 22 60 01 6B 20 8D DD 2E 20 02 A3 3B 72 0F 85 74 B1 7E
[ 21148][16:43:50.057]7E FF 02 FF 9E B9 61 69 32 01 2C 02 AB C0 ED 62 00 3A 02 94 00 01 00 01 EC A8 22 01 A0 07 03 16 15 B6 40 00 DE B2 75 10 00 7A 00 03 04 02 30 3E 88 FF 00 00 D5 00 00 11 03 00 00 01 02 23 03 2F 00 28 0A 68 17 00 43 05 09 00 00 01 14 01 00 DC DB 05 01 01 00 10 02 00 00 FE 19 16 68 17 00 43 05 09 00 00 01 14 01 00 DC DB 05 01 01 40 00 02 00 00 7D 1B 16 28 02 9E 69 00 00 00 00 00 00 00 00 00 00 00 00 00 00 00 00 00 00 00 00 00 00 00 00 00 00 00 00 00 00 00 00 00 00 00 00 00 00 00 00 00 00 00 00 00 00 00 00 00 00 98 39 BE 46 7E
[ 21149][16:43:50.266]7E FF 02 FF 9F B9 E8 69 32 01 71 03 01 8D 47 63 00 3A 02 10 00 01 00 02 8D DD 2E 10 01 E0 02 01 02 06 00 00 20 6E 70 92 41 F8 22 7E
[ 21150][16:43:50.611]7E FF 02 FF A0 B9 A6 6B 32 01 F9 02 EF 7D CB 63 00 3A 02 10 00 01 00 02 EC A8 22 10 01 50 02 01 03 00 00 00 AC 67 66 2D FE 16 F5 7E
[ 21151][16:43:50.715]7E FF 02 FF A1 B9 FC 6B 32 01 B8 00 29 0D EC 63 00 3A 02 94 00 01 00 01 EC A8 22 01 E0 02 03 16 15 B6 40 00 B4 5F D8 10 00 2E 00 03 05 02 30 3E 88 FF 00 00 D5 00 00 11 03 00 00 01 02 23 03 30 00 28 0A 68 17 00 43 05 10 00 00 01 14 01 00 2C 2F 05 01 01 00 10 02 00 00 FE 19 16 68 17 00 43 05 10 00 00 01 14 01 00 2C 2F 05 01 01 40 00 02 00 00 7D 1B 16 FF EA EB 96 00 00 00 00 00 00 00 00 00 00 00 00 00 00 00 00 00 00 00 00 00 00 00 00 00 00 00 00 00 00 00 00 00 00 00 00 00 00 00 00 00 00 00 00 00 00 00 00 00 00 96 6A 87 10 7E
[ 21152][16:43:50.745]7E FF 02 FF A2 B9 C3 6B 32 01 43 01 E6 86 FC 63 00 3A 02 10 00 01 00 02 EC A8 22 10 01 30 01 01 03 00 00 00 74 1C 09 A3 5C 7F 9A 7E
[ 21153][16:43:50.790]7E FF 02 FF A3 B9 F1 6B 32 01 10 00 AC F5 0D 64 00 3A 02 10 00 01 00 02 EC A8 22 10 01 30 02 01 03 00 00 00 B4 04 6A AB 38 14 85 7E
[ 21154][16:43:50.849]7E FF 02 FF A4 B9 7B 6C 32 01 39 01 50 8B 1C 64 00 3D 02 94 00 01 00 01 EC A8 22 01 90 05 03 16 15 B6 40 00 FE C6 F7 10 00 59 00 03 06 02 30 3E 88 FF 00 00 D5 00 00 11 03 00 00 01 02 23 03 31 00 28 0A 68 17 00 43 05 11 00 00 01 14 01 00 F9 B0 05 01 01 00 10 02 00 00 FE 19 16 68 17 00 43 05 11 00 00 01 14 01 00 F9 B0 05 01 01 40 00 02 00 00 7D 1B 16 31 21 81 A3 00 00 00 00 00 00 00 00 00 00 00 00 00 00 00 00 00 00 00 00 00 00 00 00 00 00 00 00 00 00 00 00 00 00 00 00 00 00 00 00 00 00 00 00 00 00 00 00 00 00 4B 31 BC BC 7E
[ 21155][16:43:50.895]7E FF 02 FF A5 B9 4A 6C 32 01 E4 01 3C 11 30 64 00 3B 02 94 00 01 00 01 EC A8 22 01 90 06 03 16 15 B6 40 00 E6 A5 94 10 00 69 00 03 07 02 30 3E 88 FF 00 00 D5 00 00 11 03 00 00 01 02 23 03 32 00 28 0A 68 17 00 43 05 12 00 00 01 14 01 00 97 18 05 01 01 00 10 02 00 00 FE 19 16 68 17 00 43 05 12 00 00 01 14 01 00 97 18 05 01 01 40 00 02 00 00 7D 1B 16 66 DC C1 23 00 00 00 00 00 00 00 00 00 00 00 00 00 00 00 00 00 00 00 00 00 00 00 00 00 00 00 00 00 00 00 00 00 00 00 00 00 00 00 00 00 00 00 00 00 00 00 00 00 00 40 2B 77 DB 7E
[ 21156][16:43:51.135]7E FF 02 FF A6 B9 95 6D 32 01 22 01 38 1D 88 64 00 49 00 94 00 01 00 01 8D DD 2E 01 D0 10 00 16 15 B6 40 00 E2 BF B3 10 00 C1 01 0A 5B 3F 00 34 88 FF 00 00 2A 00 00 01 00 00 00 21 01 18 01 32 95 00 00 05 46 46 54 01 00 00 50 C1 01 01 01 2B A3 38 29 00 7D 00 00 21 00 00 00 01 00 00 00 00 00 00 00 00 00 00 00 00 00 00 00 DE 16 08 49 00 00 00 00 00 00 00 00 00 00 00 00 00 00 00 00 00 00 00 00 00 00 00 00 00 00 00 00 00 00 00 00 00 00 00 00 00 00 00 00 00 00 00 00 00 00 00 00 00 00 00 00 00 00 00 00 00 00 00 00 9A 1C 54 50 7E
[ 21157][16:43:51.240]7E FF 02 FF A7 B9 FD 6D 32 01 0D 01 7B C7 AF 64 00 49 00 94 00 01 00 01 8D DD 2E 01 E0 02 03 29 14 88 50 00 0B A4 D0 10 00 19 00 03 68 3F 30 10 88 FF 00 00 2A 00 00 11 08 00 00 01 03 01 00 E3 50 01 72 50 79 15 00 DB 78 A4 47 00 00 00 00 00 00 00 00 00 00 00 00 00 00 00 00 00 00 00 00 00 00 00 00 00 00 00 00 00 00 00 00 00 00 00 00 00 00 00 00 00 00 00 00 00 00 00 00 00 00 00 00 00 00 00 00 00 00 00 00 00 00 00 00 00 00 00 00 00 00 00 00 00 00 00 00 00 00 00 00 00 00 00 00 00 00 00 00 00 00 00 00 00 00 00 00 51 88 EB 79 7E
[ 21158][16:43:51.240]7E FF 02 FF A8 B9 0B 6E 32 01 04 02 93 3B B5 64 00 49 00 10 00 01 00 03 8D DD 2E 89 08 22 0E 20 CA DF B4 03 8C C9 9C 2D 55 50 E7 7E
[ 21159][16:43:51.330]7E FF 02 FF A9 B9 55 6E 32 01 AE 03 0A 9A D1 64 00 49 00 94 00 01 00 01 EC A8 22 09 10 00 00 16 15 B6 40 00 9B EB 25 70 01 01 00 0C 48 00 30 42 A0 EF 00 00 D5 00 00 11 03 00 00 01 02 63 03 28 00 01 00 68 34 00 83 05 02 00 00 01 14 01 00 D3 93 85 01 01 00 10 02 00 01 01 05 06 00 00 02 00 06 00 00 02 00 06 00 00 02 00 06 00 00 02 00 06 00 00 02 00 00 00 C2 92 16 01 94 5A F4 00 00 00 00 00 00 00 00 00 00 00 00 00 00 00 00 00 00 00 00 00 00 00 00 00 00 00 00 00 00 00 00 00 00 00 00 00 00 00 00 00 00 00 00 00 00 53 1C 07 8F 7E
[ 21160][16:43:51.330]7E FF 02 FF AA B9 61 6E 32 01 A5 00 77 E7 D5 64 00 49 00 10 00 01 00 02 EC A8 22 10 01 90 00 01 03 00 00 00 1D B1 B8 C7 FC 1D 99 7E
[ 21161][16:43:51.345]7E FF 02 FF AB B9 6B 6E 32 01 03 02 35 D5 D9 64 00 49 00 94 00 01 00 01 8D DD 2E 01 C0 1A 03 29 14 88 50 00 EC 98 D7 10 00 AC 01 03 60 3F 30 10 88 FF 00 00 2A 00 00 11 08 00 00 01 03 01 00 60 03 00 48 16 59 00 00 5F DD 67 19 00 00 00 00 00 00 00 00 00 00 00 00 00 00 00 00 00 00 00 00 00 00 00 00 00 00 00 00 00 00 00 00 00 00 00 00 00 00 00 00 00 00 00 00 00 00 00 00 00 00 00 00 00 00 00 00 00 00 00 00 00 00 00 00 00 00 00 00 00 00 00 00 00 00 00 00 00 00 00 00 00 00 00 00 00 00 00 00 00 00 00 00 00 00 00 00 82 EF FC 7E 7E
[ 21162][16:43:51.390]7E FF 02 FF AC B9 44 6E 32 01 66 01 ED 0F F1 64 00 49 00 10 00 01 00 02 8D DD 2E 10 01 30 00 01 00 01 00 00 37 58 64 07 FB 08 E6 7E
[ 21163][16:43:51.404]7E FF 02 FF AD B9 48 6E 32 01 2A 01 7A 8B F2 64 00 49 00 94 00 01 00 01 8D DD 2E 01 C0 1A 03 29 14 88 54 00 FD 9A 53 10 00 AC 01 03 60 3F 30 10 88 FF 00 00 2A 00 00 11 08 00 00 01 03 01 00 60 03 00 48 16 59 00 00 5F DD 67 19 00 00 00 00 00 00 00 00 00 00 00 00 00 00 00 00 00 00 00 00 00 00 00 00 00 00 00 00 00 00 00 00 00 00 00 00 00 00 00 00 00 00 00 00 00 00 00 00 00 00 00 00 00 00 00 00 00 00 00 00 00 00 00 00 00 00 00 00 00 00 00 00 00 00 00 00 00 00 00 00 00 00 00 00 00 00 00 00 00 00 00 00 00 00 00 00 5E 66 ED 2A 7E
[ 21164][16:43:51.449]7E FF 02 FF AE B9 BE 6E 32 01 39 02 F7 82 F9 64 00 3F 02 94 00 01 00 01 EC A8 22 01 20 00 03 16 15 B6 40 00 62 C5 82 10 00 89 00 03 08 02 30 3E 88 FF 00 00 D5 00 00 11 03 00 00 01 02 23 03 33 00 28 0A 68 17 00 43 05 13 00 00 01 14 01 00 42 87 05 01 01 00 10 02 00 00 FE 19 16 68 17 00 43 05 13 00 00 01 14 01 00 42 87 05 01 01 40 00 02 00 00 7D 1B 16 A8 17 AB 16 00 00 00 00 00 00 00 00 00 00 00 00 00 00 00 00 00 00 00 00 00 00 00 00 00 00 00 00 00 00 00 00 00 00 00 00 00 00 00 00 00 00 00 00 00 00 00 00 00 00 72 38 26 2F 7E
[ 21165][16:43:51.449]7E FF 02 FF AF B9 C9 6E 32 01 73 02 ED C0 FD 64 00 3F 02 10 00 01 00 02 EC A8 22 10 02 10 00 01 03 01 00 00 5E 26 E4 55 36 54 21 7E
[ 21166][16:43:51.449]7E FF 02 FF B0 B9 CE 6E 32 01 3D 01 2D 86 FF 64 00 49 00 94 00 01 00 01 8D DD 2E 01 30 00 00 16 15 B6 40 00 80 53 29 10 00 50 01 0A 69 3F 00 34 88 FF 00 00 2A 00 00 01 00 00 00 21 01 18 00 35 88 00 00 05 46 46 54 01 00 00 40 50 01 01 01 A9 2C B3 3C 00 A0 0F 00 08 00 00 00 01 00 00 00 00 00 00 00 00 00 00 00 00 00 00 00 B9 25 F3 92 00 00 00 00 00 00 00 00 00 00 00 00 00 00 00 00 00 00 00 00 00 00 00 00 00 00 00 00 00 00 00 00 00 00 00 00 00 00 00 00 00 00 00 00 00 00 00 00 00 00 00 00 00 00 00 00 00 00 00 00 22 D3 98 EE 7E
[ 21167][16:43:51.495]7E FF 02 FF B1 B9 1B 6F 32 01 D3 01 AD FA 1C 65 00 49 00 10 00 01 00 02 8D DD 2E 10 01 10 04 01 03 01 00 00 0F 98 E4 FF F4 4A E9 7E
[ 21168][16:43:51.900]7E FF 02 FF B2 B9 A7 70 32 01 C7 00 86 EF B3 65 00 49 00 10 00 01 00 03 EC A8 22 60 01 09 19 8D DD 2E 20 02 E4 DC 98 1C D0 C3 C3 7E
[ 21169][16:43:53.740]7E FF 02 FF B3 B9 D9 77 32 01 3B 01 85 A5 72 68 00 49 00 10 00 01 00 02 8D DD 2E 10 01 90 06 01 01 02 00 00 8E BC F2 A8 B2 5A 83 7E
[ 21170][16:43:53.830]7E FF 02 FF B4 B9 AB 77 32 01 33 01 04 38 87 68 00 49 00 14 01 01 00 01 EC A8 22 38 F0 FF 00 34 18 60 C3 00 3A E4 73 80 03 FF 2F 01 8D 00 00 C8 98 11 00 00 D5 00 00 08 00 00 00 38 10 00 11 01 12 01 00 00 10 00 00 90 98 01 63 03 03 64 64 8F 00 09 01 79 01 13 00 4B 00 00 00 01 30 FE FF FD FF FF FF FF FE FF FF FF FF FF EF FF FF FF FF 07 13 13 09 08 07 08 01 0B 12 09 09 0A 06 0A 08 08 09 09 03 09 07 08 01 0A 09 08 07 0D 09 06 07 09 08 12 11 09 07 09 09 06 06 09 08 09 09 09 08 08 09 08 08 0A 0A 08 09 0A 0A 0A 10 08 09 06 06 06 06 05 06 06 06 06 06 06 06 06 01 06 06 06 06 06 06 06 06 05 06 06 05 05 06 06 06 06 06 06 06 05 06 06 06 05 06 06 06 05 05 06 06 06 05 06 06 06 06 05 05 06 06 06 06 06 05 04 06 06 06 06 05 05 06 05 03 05 04 05 04 04 05 05 04 03 04 04 00 3A 3B 07 79 00 00 00 00 00 00 00 00 00 00 00 00 00 00 00 00 00 00 00 00 00 00 00 00 00 00 00 00 00 00 00 00 00 00 00 00 00 00 00 00 93 DD 60 59 7E
[ 21171][16:43:53.830]7E FF 02 FF B5 B9 2B 78 32 01 B2 01 34 F8 91 68 00 49 00 10 00 01 00 03 EC A8 22 60 01 85 11 8D DD 2E 20 02 A4 96 0D AD 90 CD 76 7E
[ 21172][16:43:54.264]7E FF 02 FF B6 B9 87 79 32 01 03 01 C4 CD 3C 69 00 49 00 10 00 01 00 02 EC A8 22 10 02 A0 08 01 04 01 00 00 80 11 F3 FA 81 83 DC 7E
[ 21173][16:43:54.294]7E FF 02 FF B7 B9 06 7A 32 01 62 01 CB 23 47 69 00 49 00 10 00 01 00 02 EC A8 22 10 01 A0 05 01 01 00 00 00 F0 29 9F B9 85 EA 0D 7E
[ 21174][16:43:54.309]7E FF 02 FF B8 B9 18 7A 32 01 36 00 43 E4 4D 69 00 49 00 10 00 01 00 02 EC A8 22 10 01 30 06 01 03 00 00 00 B5 25 6A 15 97 46 F4 7E
[ 21175][16:43:54.339]7E FF 02 FF B9 B9 31 7A 32 01 C8 00 D4 7B 57 69 00 49 00 10 00 01 00 02 EC A8 22 10 01 A0 07 01 03 00 00 00 50 B9 DD 73 03 19 FE 7E
[ 21176][16:43:54.414]7E FF 02 FF BA B9 69 7A 32 01 02 01 67 D8 6C 69 00 3E 02 94 00 01 00 01 EC A8 22 01 20 00 03 16 15 B6 40 00 62 C5 82 10 00 87 00 03 09 02 30 3E 88 FF 00 00 D5 00 00 11 03 00 00 01 02 23 03 34 00 28 0A 68 17 00 43 05 14 00 00 01 14 01 00 5A 40 05 01 01 00 10 02 00 00 FE 19 16 68 17 00 43 05 14 00 00 01 14 01 00 5A 40 05 01 01 40 00 02 00 00 7D 1B 16 8C 81 CE 27 00 00 00 00 00 00 00 00 00 00 00 00 00 00 00 00 00 00 00 00 00 00 00 00 00 00 00 00 00 00 00 00 00 00 00 00 00 00 00 00 00 00 00 00 00 00 00 00 00 00 CD 1E CF 6B 7E
[ 21177][16:43:54.414]7E FF 02 FF BB B9 74 7A 32 01 32 01 99 14 71 69 00 3E 02 10 00 01 00 02 EC A8 22 10 02 10 00 01 03 02 00 00 5E 16 24 4F B8 FB BA 7E
[ 21178][16:43:54.429]7E FF 02 FF BC B9 7F 7A 32 01 62 03 5C 79 75 69 00 49 00 94 00 01 00 01 EC A8 22 02 70 08 03 16 15 B6 40 00 71 97 FB 10 00 87 00 03 09 02 30 3E 88 EF 00 00 D5 00 00 11 03 00 00 01 02 23 03 34 00 28 0A 68 17 00 43 05 14 00 00 01 14 01 00 5A 40 05 01 01 00 10 02 00 00 FE 19 16 68 17 00 43 05 14 00 00 01 14 01 00 5A 40 05 01 01 40 00 02 00 00 7D 1B 16 8C 81 CE 27 00 00 00 00 00 00 00 00 00 00 00 00 00 00 00 00 00 00 00 00 00 00 00 00 00 00 00 00 00 00 00 00 00 00 00 00 00 00 00 00 00 00 00 00 00 00 00 00 00 00 E3 9F D0 BB 7E
[ 21179][16:43:54.459]7E FF 02 FF BD B9 96 7A 32 01 A5 00 80 F9 7D 69 00 3B 02 94 00 01 00 01 EC A8 22 01 20 02 03 16 15 B6 40 00 72 87 C0 10 00 22 00 03 0A 02 30 3E 88 FF 00 00 D5 00 00 11 03 00 00 01 02 23 03 35 00 28 0A 68 17 00 43 05 15 00 00 01 14 01 00 8F DF 05 01 01 00 10 02 00 00 FE 19 16 68 17 00 43 05 15 00 00 01 14 01 00 8F DF 05 01 01 40 00 02 00 00 7D 1B 16 42 4A A4 12 00 00 00 00 00 00 00 00 00 00 00 00 00 00 00 00 00 00 00 00 00 00 00 00 00 00 00 00 00 00 00 00 00 00 00 00 00 00 00 00 00 00 00 00 00 00 00 00 00 00 C9 0E D5 BE 7E
[ 21180][16:43:54.489]7E FF 02 FF BE B9 4A 7A 32 01 67 02 EE 4E 87 69 00 3D 02 94 00 01 00 01 EC A8 22 01 E0 00 03 16 15 B6 40 00 A4 1D 9A 10 00 0E 00 03 0B 02 30 3E 88 FF 00 00 D5 00 00 11 03 00 00 01 02 23 03 36 00 28 0A 68 17 00 43 05 16 00 00 01 14 01 00 E1 77 05 01 01 00 10 02 00 00 FE 19 16 68 17 00 43 05 16 00 00 01 14 01 00 E1 77 05 01 01 40 00 02 00 00 7D 1B 16 15 B7 E4 92 00 00 00 00 00 00 00 00 00 00 00 00 00 00 00 00 00 00 00 00 00 00 00 00 00 00 00 00 00 00 00 00 00 00 00 00 00 00 00 00 00 00 00 00 00 00 00 00 00 00 47 47 B6 72 7E
[ 21181][16:43:54.489]7E FF 02 FF BF B9 63 7A 32 01 0D 01 DA BA 90 69 00 3D 02 10 00 01 00 02 8D DD 2E 10 01 E0 02 01 02 03 00 00 23 3E BC 55 58 8A C4 7E
[ 21182][16:43:54.968]7E FF 02 FF C0 B9 3E 7C 32 01 82 03 4E 2B 46 6A 00 3D 02 10 00 01 00 02 EC A8 22 10 01 E0 02 01 03 00 00 00 01 D2 F4 44 E0 FB F1 7E
[ 21183][16:43:55.072]7E FF 02 FF C1 B9 94 7C 32 01 A8 02 56 E0 66 6A 00 3C 02 94 00 01 00 01 EC A8 22 01 20 01 03 16 15 B6 40 00 6A E4 A3 10 00 12 00 03 0C 02 30 3E 88 FF 00 00 D5 00 00 11 03 00 00 01 02 23 03 37 00 28 0A 68 17 00 43 05 17 00 00 01 14 01 00 34 E8 05 01 01 00 10 02 00 00 FE 19 16 68 17 00 43 05 17 00 00 01 14 01 00 34 E8 05 01 01 40 00 02 00 00 7D 1B 16 DB 7C 8E A7 00 00 00 00 00 00 00 00 00 00 00 00 00 00 00 00 00 00 00 00 00 00 00 00 00 00 00 00 00 00 00 00 00 00 00 00 00 00 00 00 00 00 00 00 00 00 00 00 00 00 7C A7 FA C4 7E
[ 21184][16:43:55.087]7E FF 02 FF C2 B9 B6 7C 32 01 B6 02 B8 DD 73 6A 00 3C 02 10 00 01 00 02 EC A8 22 10 01 90 05 01 03 00 00 00 5D 98 1D 5E 12 B1 C6 7E
[ 21185][16:43:55.132]7E FF 02 FF C3 B9 4C 7D 32 01 20 02 50 E2 86 6A 00 3C 02 10 00 01 00 02 EC A8 22 10 01 90 06 01 03 00 00 00 9D 80 7E 7F CC 7B CD 7E
[ 21186][16:43:55.192]7E FF 02 FF C4 B9 0D 7D 32 01 4C 03 94 16 95 6A 00 3B 02 94 00 01 00 01 EC A8 22 01 A0 06 03 16 15 B6 40 00 D6 93 54 10 00 6A 00 03 0D 02 30 3E 88 FF 00 00 D5 00 00 11 03 00 00 01 02 23 03 38 00 28 0A 68 17 00 43 05 18 00 00 01 14 01 00 C0 F1 05 01 01 00 10 02 00 00 FE 19 16 68 17 00 43 05 18 00 00 01 14 01 00 C0 F1 05 01 01 40 00 02 00 00 7D 1B 16 58 3A D0 2F 00 00 00 00 00 00 00 00 00 00 00 00 00 00 00 00 00 00 00 00 00 00 00 00 00 00 00 00 00 00 00 00 00 00 00 00 00 00 00 00 00 00 00 00 00 00 00 00 00 00 22 CC BE E9 7E
[ 21187][16:43:55.237]7E FF 02 FF C5 B9 A2 7D 32 01 E3 00 65 8B A7 6A 00 3B 02 94 00 01 00 01 EC A8 22 01 10 07 03 16 15 B6 40 00 6A 14 A5 10 00 71 00 03 0E 02 30 3E 88 FF 00 00 D5 00 00 11 03 00 00 01 02 23 03 39 00 28 0A 68 17 00 43 05 19 00 00 01 14 01 00 15 6E 05 01 01 00 10 02 00 00 FE 19 16 68 17 00 43 05 19 00 00 01 14 01 00 15 6E 05 01 01 40 00 02 00 00 7D 1B 16 96 F1 BA 1A 00 00 00 00 00 00 00 00 00 00 00 00 00 00 00 00 00 00 00 00 00 00 00 00 00 00 00 00 00 00 00 00 00 00 00 00 00 00 00 00 00 00 00 00 00 00 00 00 00 00 08 77 EB FE 7E
[ 21188][16:43:55.701]7E FF 02 FF C6 B9 7F 7F 32 01 E8 00 BF 89 5D 6B 00 3B 02 10 00 01 00 03 EC A8 22 60 01 31 0A 8D DD 2E 20 02 EF 79 78 B2 3F F6 08 7E
[ 21189][16:43:56.315]7E FF 02 FF C7 B9 63 81 32 01 00 03 B3 7D 3C 6C 00 49 00 14 01 01 00 01 EC A8 22 39 F0 FF 00 34 18 60 C3 00 3A E4 E7 90 03 FF 2F 01 C5 00 00 C9 A0 11 00 00 D5 00 00 08 00 00 00 39 10 00 11 01 12 01 00 00 04 00 00 90 98 01 63 03 03 64 64 90 00 09 01 79 01 13 00 48 00 00 00 01 30 FE FF FD FF FF FF FF FD FF FF FF FF FF FF FF FF FF FF 07 13 13 09 08 07 08 07 0B 12 09 09 0A 06 0A 08 08 09 09 06 09 07 08 09 0A 09 08 07 0D 09 06 07 09 08 12 11 09 07 09 09 06 06 09 08 09 09 09 08 08 09 08 08 0A 0A 08 0A 0A 0A 0A 10 08 09 06 06 06 06 05 06 06 06 06 06 06 06 06 06 06 06 06 06 06 06 06 06 05 06 06 05 05 06 06 06 06 06 06 06 05 06 06 06 05 06 06 06 05 05 06 06 06 06 05 06 06 06 06 05 05 06 06 06 06 06 05 04 06 06 06 06 05 05 06 05 03 05 04 05 04 04 05 05 04 03 04 04 00 70 89 4D E4 00 00 00 00 00 00 00 00 00 00 00 00 00 00 00 00 00 00 00 00 00 00 00 00 00 00 00 00 00 00 00 00 00 00 00 00 00 00 00 2E D2 A5 FD 7E
[ 21190][16:43:56.345]7E FF 02 FF C8 B9 E0 81 32 01 A9 02 56 FE 45 6C 00 49 00 14 01 01 00 01 EC A8 22 8C F0 FF 00 34 18 60 C3 00 99 E4 EF C0 08 FF 2F 01 64 00 00 C9 E0 11 03 00 D5 00 00 08 00 00 00 8C 10 00 11 01 22 01 00 00 01 00 00 90 98 01 63 03 02 64 64 90 00 08 01 77 01 13 00 64 00 00 00 01 30 FE FF FD FF FF FF FF FF FF FF FF FF FF FF FF FF FF EF 07 0F 0F 05 05 03 04 04 08 0F 05 05 06 02 06 05 04 06 05 03 06 03 04 05 06 06 05 03 0A 06 04 03 06 05 0E 0E 06 03 05 06 02 03 04 05 05 05 06 05 06 06 05 04 06 06 05 06 06 05 04 05 0D 05 06 05 04 05 05 05 05 05 05 05 05 05 03 05 05 05 05 05 05 05 06 06 06 05 06 06 05 05 06 06 06 06 06 06 06 05 06 06 06 05 06 06 06 05 05 06 06 06 06 05 06 06 06 06 05 06 06 06 06 06 06 06 04 06 06 06 06 05 05 06 05 04 05 04 05 04 05 03 04 03 04 04 00 4A 80 CF AE 00 00 00 00 00 00 00 00 00 00 00 00 00 00 00 00 00 00 00 00 00 00 00 00 00 00 00 00 00 00 00 00 00 00 00 00 00 00 00 0F C7 FD 70 7E
[ 21191][16:43:56.374]7E FF 02 FF C9 B9 AD 81 32 01 E1 01 CB 9C 58 6C 00 49 00 94 00 01 00 01 EC A8 22 02 10 00 00 16 15 B6 40 00 91 EB 11 A0 08 01 00 0A 7B 00 30 42 88 EF 00 00 D5 00 00 11 03 00 00 01 02 63 03 2E 00 01 00 68 34 00 83 05 08 00 00 01 14 01 00 84 7A 85 01 01 00 10 02 00 01 01 05 06 00 00 02 00 06 00 00 02 00 06 00 00 02 00 06 00 00 02 00 06 00 00 02 00 00 00 C2 92 16 32 88 1C 01 00 00 00 00 00 00 00 00 00 00 00 00 00 00 00 00 00 00 00 00 00 00 00 00 00 00 00 00 00 00 00 00 00 00 00 00 00 00 00 00 00 00 00 00 00 00 48 55 05 97 7E
[ 21192][16:43:56.374]7E FF 02 FF CA B9 B8 81 32 01 78 02 73 E2 5C 6C 00 49 00 10 00 01 00 02 EC A8 22 10 01 20 00 01 03 01 00 00 B1 14 EE D9 0B 2C 66 7E
[ 21193][16:43:56.390]7E FF 02 FF CB B9 C7 81 32 01 3E 01 65 7C 62 6C 00 49 00 10 00 01 00 02 EC A8 22 10 01 20 00 01 01 01 00 00 90 94 6A 66 B3 22 DB 7E
[ 21194][16:43:56.406]7E FF 02 FF CC B9 D3 81 32 01 60 00 BC F5 66 6C 00 3F 03 94 00 01 00 01 EC A8 22 01 20 00 03 16 15 B6 44 00 73 C7 06 10 00 8A 00 03 0F 02 30 3E 88 FF 00 00 D5 00 00 11 03 00 00 01 02 23 03 2E 00 28 0A 68 17 00 43 05 08 00 00 01 14 01 00 09 44 05 01 01 00 10 02 00 00 FE 19 16 68 17 00 43 05 08 00 00 01 14 01 00 09 44 05 01 01 40 00 02 00 00 7D 1B 16 E6 C9 F4 5C 00 00 00 00 00 00 00 00 00 00 00 00 00 00 00 00 00 00 00 00 00 00 00 00 00 00 00 00 00 00 00 00 00 00 00 00 00 00 00 00 00 00 00 00 00 00 00 00 00 00 AD F3 7B 97 7E
[ 21195][16:43:56.421]7E FF 02 FF CD B9 42 82 32 01 80 00 A6 30 6B 6C 00 3F 03 10 00 01 00 02 EC A8 22 10 02 10 00 01 03 01 00 00 5E 26 E4 30 98 9D BF 7E
[ 21196][16:43:56.436]7E FF 02 FF CE B9 4E 82 32 01 DB 00 10 C9 6F 6C 00 49 00 94 00 01 00 01 EC A8 22 02 A0 08 03 16 15 B6 40 00 A6 5D 27 10 00 8A 00 03 0F 02 30 3E 88 EF 00 00 D5 00 00 11 03 00 00 01 02 23 03 2E 00 28 0A 68 17 00 43 05 08 00 00 01 14 01 00 09 44 05 01 01 00 10 02 00 00 FE 19 16 68 17 00 43 05 08 00 00 01 14 01 00 09 44 05 01 01 40 00 02 00 00 7D 1B 16 E6 C9 F4 5C 00 00 00 00 00 00 00 00 00 00 00 00 00 00 00 00 00 00 00 00 00 00 00 00 00 00 00 00 00 00 00 00 00 00 00 00 00 00 00 00 00 00 00 00 00 00 00 00 00 00 B2 04 CB 5A 7E
[ 21197][16:43:56.496]7E FF 02 FF CF B9 21 82 32 01 85 02 23 EC 84 6C 00 3F 02 94 00 01 00 01 EC A8 22 01 10 02 03 16 15 B6 40 00 42 B1 00 10 00 21 00 03 10 02 30 3E 88 FF 00 00 D5 00 00 11 03 00 00 01 02 23 03 3A 00 28 0A 68 17 00 43 05 20 00 00 01 14 01 00 66 F9 05 01 01 00 10 02 00 00 FE 19 16 68 17 00 43 05 20 00 00 01 14 01 00 66 F9 05 01 01 40 00 02 00 00 7D 1B 16 98 F2 96 F2 00 00 00 00 00 00 00 00 00 00 00 00 00 00 00 00 00 00 00 00 00 00 00 00 00 00 00 00 00 00 00 00 00 00 00 00 00 00 00 00 00 00 00 00 00 00 00 00 00 00 59 A0 E2 8C 7E
[ 21198][16:43:56.616]7E FF 02 FF D0 B9 1B 83 32 01 F7 01 B8 1C BE 6C 00 3F 02 10 00 01 00 02 EC A8 22 10 02 A0 08 01 03 01 00 00 F1 D1 76 86 E5 5D A9 7E
[ 21199][16:43:56.661]7E FF 02 FF D1 B9 CE 82 32 01 45 00 8A B2 C6 6C 00 49 00 94 00 01 00 01 EC A8 22 02 10 00 00 16 15 B6 40 00 91 EB 11 A0 08 01 00 0A 7C 00 30 42 88 EF 00 00 D5 00 00 11 03 00 00 01 02 63 03 2E 00 01 00 68 34 00 83 05 08 00 00 01 14 01 00 84 7A 85 01 01 00 10 02 00 01 01 05 06 00 00 02 00 06 00 00 02 00 06 00 00 02 00 06 00 00 02 00 06 00 00 02 00 00 00 C2 92 16 32 88 1C 01 00 00 00 00 00 00 00 00 00 00 00 00 00 00 00 00 00 00 00 00 00 00 00 00 00 00 00 00 00 00 00 00 00 00 00 00 00 00 00 00 00 00 00 00 00 00 B3 CA 73 B9 7E
[ 21200][16:43:56.661]7E FF 02 FF D2 B9 D9 82 32 01 D6 00 8E F8 CA 6C 00 49 00 10 00 01 00 02 EC A8 22 10 01 20 00 01 02 00 00 00 A1 44 AE 96 60 4F 03 7E
[ 21201][16:43:57.275]7E FF 02 FF D3 B9 40 85 32 01 C8 00 91 8E B5 6D 00 49 00 54 00 01 00 01 8D DD 2E 01 E0 02 03 5B 13 60 E4 00 5B 20 93 10 00 1D 00 0A 6A 3F 30 10 88 FF 00 00 2A 00 00 11 08 00 00 01 03 01 00 E1 50 62 75 64 79 15 00 B4 B1 88 46 00 00 00 00 00 00 00 00 00 00 00 00 00 00 00 00 00 00 00 00 00 00 00 00 00 00 00 00 00 00 00 00 99 4D 6C 97 7E
[ 21202][16:43:57.365]7E FF 02 FF D4 B9 A0 85 32 01 C5 00 C5 32 DA 6D 00 49 00 10 00 01 00 02 8D DD 2E 10 01 E0 17 01 01 09 00 00 52 F3 0D 2E 60 9D 59 7E
[ 21203][16:43:57.469]7E FF 02 FF D5 B9 0E 86 32 01 4A 03 A3 67 04 6E 00 49 00 10 00 01 00 02 8D DD 2E 10 01 40 0A 01 03 0C 00 00 1E 69 F4 88 B8 7D 8B 7E
[ 21204][16:43:57.604]7E FF 02 FF D6 B9 F5 86 32 01 39 01 1A 2D 36 6E 00 49 00 10 00 01 00 03 EC A8 22 60 01 BB 02 8D DD 2E 20 02 9F F5 2B 16 61 B9 69 7E
[ 21205][16:43:57.649]7E FF 02 FF D7 B9 09 87 32 01 8A 02 94 E7 3D 6E 00 49 00 94 00 01 00 01 8D DD 2E 01 E0 02 00 16 15 B6 40 00 47 DB B7 10 00 47 01 0A 74 3F 00 34 88 FF 00 00 2A 00 00 01 00 00 00 00 15 79 65 23 53 00 00 05 46 46 54 01 00 00 50 47 01 01 01 2B A3 38 29 00 7D 00 00 A2 00 00 00 01 00 00 00 00 00 00 00 00 00 00 00 00 00 00 00 9F 04 E1 77 00 00 00 00 00 00 00 00 00 00 00 00 00 00 00 00 00 00 00 00 00 00 00 00 00 00 00 00 00 00 00 00 00 00 00 00 00 00 00 00 00 00 00 00 00 00 00 00 00 00 00 00 00 00 00 00 00 00 00 00 BD B3 2E C5 7E
[ 21206][16:43:58.127]7E FF 02 FF D8 B9 FF 88 32 01 70 00 E1 39 FD 6E 00 49 00 10 00 01 00 02 8D DD 2E 10 01 70 08 01 03 06 00 00 16 E8 20 1C 41 17 29 7E
[ 21207][16:43:58.187]7E FF 02 FF D9 B9 DC 88 32 01 26 00 F3 FC 15 6F 00 49 00 10 00 01 00 02 8D DD 2E 10 01 00 00 01 01 07 00 00 A9 49 EA A7 10 F1 EF 7E
[ 21208][16:43:58.217]7E FF 02 FF DA B9 45 89 32 01 25 01 01 F8 17 6F 00 49 00 94 00 01 00 01 8D DD 2E 01 20 1E 03 29 14 88 50 00 2B E0 4F 10 00 A7 00 03 77 3F 30 10 88 FF 00 00 2A 00 00 11 08 00 00 01 03 01 00 57 52 04 86 60 79 15 00 20 2E D5 9F 00 00 00 00 00 00 00 00 00 00 00 00 00 00 00 00 00 00 00 00 00 00 00 00 00 00 00 00 00 00 00 00 00 00 00 00 00 00 00 00 00 00 00 00 00 00 00 00 00 00 00 00 00 00 00 00 00 00 00 00 00 00 00 00 00 00 00 00 00 00 00 00 00 00 00 00 00 00 00 00 00 00 00 00 00 00 00 00 00 00 00 00 00 00 00 00 2E 1C E4 D3 7E
[ 21209][16:43:58.232]7E FF 02 FF DB B9 4E 89 32 01 52 03 41 9D 1B 6F 00 3A 02 94 00 01 00 01 EC A8 22 01 F0 FF 00 C8 14 B6 42 00 26 F9 B6 10 00 FF 2F 01 11 02 00 32 88 11 00 00 D5 00 00 0C 00 00 00 01 00 18 08 08 08 9E 57 AB 00 A1 07 7A A1 F7 79 A1 07 7A A0 07 7A 7F 02 7A A0 17 7A 9F 07 7A 9F 17 7A FE 14 7A A1 07 7A A0 07 7A 9F 17 7A C3 C5 6B 6B 00 00 00 00 00 00 00 00 00 00 00 00 00 00 00 00 00 00 00 00 00 00 00 00 00 00 00 00 00 00 00 00 00 00 00 00 00 00 00 00 00 00 00 00 00 00 00 00 00 00 00 00 00 00 00 00 00 00 00 00 00 00 9F 45 13 C6 7E
[ 21210][16:43:58.345]7E FF 02 FF DC B9 BE 89 32 01 9B 00 45 14 46 6F 00 3B 02 95 00 01 00 00 EC A8 22 52 8A C2 AB 01 60 5B 02 00 62 AE C7 CA D5 00 00 90 98 01 63 22 01 00 00 20 02 00 00 00 00 00 00 04 00 0F 01 00 00 64 00 00 90 98 01 63 04 00 00 01 0A 90 01 4E 01 3C 00 3C 00 C0 49 00 13 33 00 06 10 32 00 00 00 00 AC 0D C1 AB 9A 26 00 00 10 00 02 10 09 10 23 10 24 10 3D 10 1D 10 42 00 43 00 44 00 45 00 46 00 47 00 48 00 49 00 4A 00 4B 00 4C 00 4D 00 4E 80 64 19 00 01 E8 03 00 02 D0 07 00 03 03 04 5A 05 00 02 D0 07 00 03 F7 60 64 F6 22 4B 3A 56 7E
[ 21211][16:43:58.345]7E FF 02 FF DD B9 CC 89 32 01 50 01 F6 7B 4B 6F 00 3E 02 95 00 01 00 00 EC A8 22 07 F2 C7 AB 01 60 5B 04 00 76 7F 76 CA D5 00 00 90 98 01 63 22 01 00 00 20 02 00 00 00 00 00 00 04 00 0F 01 00 00 64 00 00 90 98 01 63 04 00 00 01 0A 90 01 4E 01 3C 00 3C 00 C0 49 00 13 33 00 06 10 32 00 00 00 00 AC 0D C1 AB 9A 26 00 00 10 00 02 10 09 10 23 10 24 10 3D 10 1D 10 42 00 43 00 44 00 45 00 46 00 47 00 48 00 49 00 4A 00 4B 00 4C 00 4D 00 4E 80 64 19 00 01 E8 03 00 02 D0 07 00 03 03 04 5A 05 00 02 D0 07 00 03 F7 60 64 F6 F7 22 42 AB 7E
[ 21212][16:43:58.367]7E FF 02 FF DE B9 78 89 32 01 6B 01 19 99 51 6F 00 3E 02 95 00 01 00 00 EC A8 22 2B 0F CE AB 01 60 5B 06 00 46 B5 EE CA D5 00 00 90 98 01 63 22 01 00 00 20 02 00 00 00 00 00 00 04 00 0F 01 00 00 64 00 00 90 98 01 63 04 00 00 01 0A 90 01 4E 01 3C 00 3C 00 C0 49 00 13 33 00 06 10 32 00 00 00 00 AC 0D C1 AB 9A 26 00 00 10 00 02 10 09 10 23 10 24 10 3D 10 1D 10 42 00 43 00 44 00 45 00 46 00 47 00 48 00 49 00 4A 00 4B 00 4C 00 4D 00 4E 80 64 19 00 01 E8 03 00 02 D0 07 00 03 03 04 5A 05 00 02 D0 07 00 03 F7 60 64 F6 CC 85 6D 53 7E
[ 21213][16:43:58.398]7E FF 02 FF DF B9 97 89 32 01 2E 01 D9 67 5D 6F 00 49 01 95 00 01 00 00 EC A8 22 28 DF D9 AB 09 60 5B 06 00 2F 8A 21 C9 D5 00 00 90 98 01 63 22 01 00 00 20 02 00 00 00 00 00 00 04 00 0F 09 10 00 44 01 21 01 00 00 19 12 02 03 01 0A 90 01 4E 01 3C 00 3C 00 C0 49 00 13 33 00 06 10 32 00 00 00 00 AC 0D C1 AB 9A 26 00 00 10 00 02 10 09 10 23 10 24 10 3D 10 1D 10 42 00 43 00 44 00 45 00 46 00 47 00 48 00 49 00 4A 00 4B 00 4C 00 4D 00 4E 80 64 19 00 01 E8 03 00 02 D0 07 00 03 03 04 5A 05 00 02 D0 07 00 03 45 B7 98 42 A7 B6 91 70 7E
[ 21214][16:43:58.398]7E FF 02 FF E0 B9 0E 8A 32 01 EC 01 FB BD 64 6F 00 49 01 10 00 01 00 02 8D DD 2E 10 01 E0 02 01 03 07 00 00 30 3E 30 89 D3 B0 63 7E
[ 21215][16:43:58.427]7E FF 02 FF E1 B9 1B 8A 32 01 53 01 18 9F 69 6F 00 49 01 95 00 01 00 00 EC A8 22 80 16 E6 AB 24 60 5B 02 00 D8 CD 46 C9 D5 00 00 90 98 01 63 22 01 00 00 20 02 00 00 00 00 00 00 04 00 0F 24 10 00 54 01 23 01 00 00 06 12 02 01 01 0A 90 01 4E 01 3C 00 3C 00 C0 49 00 13 33 00 06 10 32 00 00 00 00 AC 0D C1 AB 9A 26 00 00 10 00 02 10 09 10 23 10 24 10 3D 10 1D 10 42 00 43 00 44 00 45 00 46 00 47 00 48 00 49 00 4A 00 4B 00 4C 00 4D 00 4E 80 64 19 00 01 E8 03 00 02 D0 07 00 03 03 04 5A 05 00 02 D0 07 00 03 16 CC 4A E8 3B 4A F9 45 7E
[ 21216][16:43:58.427]7E FF 02 FF E2 B9 28 8A 32 01 B3 01 6A A3 6E 6F 00 49 01 10 00 01 00 02 8D DD 2E 10 01 70 0B 01 01 07 00 00 F6 60 03 75 6F 90 E5 7E
[ 21217][16:43:58.457]7E FF 02 FF E3 B9 D7 89 32 01 2F 01 FD D0 75 6F 00 49 01 95 00 01 00 00 EC A8 22 CD 49 F2 AB 1D 60 5B 04 00 DE 40 8A C9 D5 00 00 90 98 01 63 22 01 00 00 20 02 00 00 00 00 00 00 04 00 0F 1D 30 02 44 01 19 01 00 00 01 22 05 02 01 0A 90 01 4E 01 3C 00 3C 00 C0 49 00 13 33 00 06 10 32 00 00 00 00 AC 0D C1 AB 9A 26 00 00 10 00 02 10 09 10 23 10 24 10 3D 10 1D 10 42 00 43 00 44 00 45 00 46 00 47 00 48 00 49 00 4A 00 4B 00 4C 00 4D 00 4E 80 64 19 00 01 E8 03 00 02 D0 07 00 03 03 04 5A 05 00 02 D0 07 00 03 E5 AE D4 DA 28 D3 D5 20 7E
[ 21218][16:43:58.486]7E FF 02 FF E4 B9 E7 89 32 01 28 01 C0 EA 7B 6F 00 49 01 95 00 01 00 00 EC A8 22 3B 62 F8 AB 42 60 5B 06 00 E2 F2 06 C8 D5 00 00 90 98 01 63 22 01 00 00 20 02 00 00 00 00 00 00 04 00 0F 42 10 00 64 01 12 01 00 00 09 11 03 03 01 0A 90 01 4E 01 3C 00 3C 00 C0 23 00 13 33 00 06 10 32 00 00 00 00 AC 0D C1 AB 9A 26 00 00 10 00 64 19 00 01 E8 03 00 02 D0 07 00 03 03 04 5A 05 44 00 45 00 46 00 47 00 48 00 49 00 4A 00 4B 00 4C 00 4D 00 4E 80 64 19 00 01 E8 03 00 02 D0 07 00 03 03 04 5A 05 00 02 D0 07 00 03 2F 21 21 62 5F E4 03 99 7E
[ 21219][16:43:58.486]7E FF 02 FF E5 B9 F1 89 32 01 52 02 AB D7 7F 6F 00 49 00 94 00 01 00 01 8D DD 2E 01 F0 FF 00 C8 14 B6 46 00 04 67 3E 10 00 FF 2F 0A 7C 3F 00 34 88 11 00 00 2A 00 00 01 00 00 00 21 01 18 00 44 77 00 00 05 46 46 54 01 00 00 00 01 00 01 01 2B A3 38 29 00 7D 00 00 84 00 00 00 01 00 00 00 00 00 00 00 00 00 00 00 00 00 00 00 FE D9 4B 41 00 00 00 00 00 00 00 00 00 00 00 00 00 00 00 00 00 00 00 00 00 00 00 00 00 00 00 00 00 00 00 00 00 00 00 00 00 00 00 00 00 00 00 00 00 00 00 00 00 00 00 00 00 00 00 00 00 00 00 00 3D 3A FA AA 7E
[ 21220][16:43:58.516]7E FF 02 FF E6 B9 73 8A 32 01 AD 00 9C 21 8B 6F 00 49 00 94 00 01 00 01 8D DD 2E 01 F0 FF 00 C8 14 B6 46 00 04 67 3E 10 00 FF 2F 0A 7C 3F 00 34 88 11 00 00 2A 00 00 01 00 00 00 21 01 18 00 44 77 00 00 05 46 46 54 01 00 00 00 01 00 01 01 2B A3 38 29 00 7D 00 00 84 00 00 00 01 00 00 00 00 00 00 00 00 00 00 00 00 00 00 00 FE D9 4B 41 00 00 00 00 00 00 00 00 00 00 00 00 00 00 00 00 00 00 00 00 00 00 00 00 00 00 00 00 00 00 00 00 00 00 00 00 00 00 00 00 00 00 00 00 00 00 00 00 00 00 00 00 00 00 00 00 00 00 00 00 27 96 6E A3 7E
[ 21221][16:43:58.549]7E FF 02 FF E7 B9 8A 8A 32 01 A5 01 DC FE 93 6F 00 49 00 94 00 01 00 01 8D DD 2E 01 F0 FF 00 C8 14 B6 46 00 04 67 3E 10 00 FF 2F 0A 7C 3F 00 34 88 11 00 00 2A 00 00 01 00 00 00 21 01 18 00 44 77 00 00 05 46 46 54 01 00 00 00 01 00 01 01 2B A3 38 29 00 7D 00 00 84 00 00 00 01 00 00 00 00 00 00 00 00 00 00 00 00 00 00 00 FE D9 4B 41 00 00 00 00 00 00 00 00 00 00 00 00 00 00 00 00 00 00 00 00 00 00 00 00 00 00 00 00 00 00 00 00 00 00 00 00 00 00 00 00 00 00 00 00 00 00 00 00 00 00 00 00 00 00 00 00 00 00 00 00 F9 73 9C F8 7E
[ 21222][16:43:58.561]7E FF 02 FF E8 B9 9B 8A 32 01 3B 01 EB 70 9A 6F 00 49 01 95 00 01 00 00 EC A8 22 6A E8 16 AC 47 60 5B 06 00 BD 38 13 C8 D5 00 00 90 98 01 63 22 01 00 00 20 02 00 00 00 00 00 00 04 00 0F 47 10 00 4C 01 12 01 00 00 01 11 02 03 01 0A 90 01 4E 01 3C 00 3C 00 C0 23 00 13 33 00 06 10 32 00 00 00 00 AC 0D C1 AB 9A 26 00 00 10 00 64 19 00 01 E8 03 00 02 D0 07 00 03 03 04 5A 05 44 00 45 00 46 00 47 00 48 00 49 00 4A 00 4B 00 4C 00 4D 00 4E 80 64 19 00 01 E8 03 00 02 D0 07 00 03 03 04 5A 05 00 02 D0 07 00 03 A2 5E CD F0 E3 B9 13 2E 7E
[ 21223][16:43:58.576]7E FF 02 FF E9 B9 40 8A 32 01 39 03 72 10 9E 6F 00 49 00 94 00 01 00 01 8D DD 2E 01 F0 FF 00 C8 14 B6 46 00 04 67 3E 10 00 FF 2F 0A 7C 3F 00 34 88 11 00 00 2A 00 00 01 00 00 00 21 01 18 00 44 77 00 00 05 46 46 54 01 00 00 00 01 00 01 01 2B A3 38 29 00 7D 00 00 84 00 00 00 01 00 00 00 00 00 00 00 00 00 00 00 00 00 00 00 FE D9 4B 41 00 00 00 00 00 00 00 00 00 00 00 00 00 00 00 00 00 00 00 00 00 00 00 00 00 00 00 00 00 00 00 00 00 00 00 00 00 00 00 00 00 00 00 00 00 00 00 00 00 00 00 00 00 00 00 00 00 00 00 00 CC 89 A9 19 7E
[ 21224][16:43:58.606]7E FF 02 FF EA B9 55 8A 32 01 27 03 6A 12 A6 6F 00 49 00 94 00 01 00 01 8D DD 2E 01 F0 FF 00 C8 14 B6 46 00 04 67 3E 10 00 FF 2F 0A 7C 3F 00 34 88 11 00 00 2A 00 00 01 00 00 00 21 01 18 00 44 77 00 00 05 46 46 54 01 00 00 00 01 00 01 01 2B A3 38 29 00 7D 00 00 84 00 00 00 01 00 00 00 00 00 00 00 00 00 00 00 00 00 00 00 FE D9 4B 41 00 00 00 00 00 00 00 00 00 00 00 00 00 00 00 00 00 00 00 00 00 00 00 00 00 00 00 00 00 00 00 00 00 00 00 00 00 00 00 00 00 00 00 00 00 00 00 00 00 00 00 00 00 00 00 00 00 00 00 00 F3 16 77 18 7E
[ 21225][16:43:58.606]7E FF 02 FF EB B9 67 8A 32 01 51 01 34 C2 AC 6F 00 49 02 95 00 01 00 00 EC A8 22 60 39 29 AC 4A 60 5B 06 00 F7 6E E0 C8 D5 00 00 90 98 01 63 22 01 00 00 20 02 00 00 00 00 00 00 04 00 0F 4A 10 00 45 01 21 01 00 00 07 11 02 03 01 0A 90 01 4E 01 3C 00 3C 00 C0 23 00 13 33 00 06 10 32 00 00 00 00 AC 0D C1 AB 9A 26 00 00 10 00 64 19 00 01 E8 03 00 02 D0 07 00 03 03 04 5A 05 44 00 45 00 46 00 47 00 48 00 49 00 4A 00 4B 00 4C 00 4D 00 4E 80 64 19 00 01 E8 03 00 02 D0 07 00 03 03 04 5A 05 00 02 D0 07 00 03 38 44 93 13 1E CF 05 B6 7E
[ 21226][16:43:58.606]7E FF 02 FF EC B9 D2 8A 32 01 E5 02 D8 9A AF 6F 00 49 02 10 00 01 00 02 8D DD 2E 10 01 80 1B 01 01 08 00 00 48 E3 C5 4D FC C1 F0 7E
[ 21227][16:43:58.621]7E FF 02 FF ED B9 D9 8A 32 01 F2 00 9E 11 B2 6F 00 49 00 94 00 01 00 01 8D DD 2E 01 F0 FF 00 C8 14 B6 46 00 04 67 3E 10 00 FF 2F 0A 7C 3F 00 34 88 11 00 00 2A 00 00 01 00 00 00 21 01 18 00 44 77 00 00 05 46 46 54 01 00 00 00 01 00 01 01 2B A3 38 29 00 7D 00 00 84 00 00 00 01 00 00 00 00 00 00 00 00 00 00 00 00 00 00 00 FE D9 4B 41 00 00 00 00 00 00 00 00 00 00 00 00 00 00 00 00 00 00 00 00 00 00 00 00 00 00 00 00 00 00 00 00 00 00 00 00 00 00 00 00 00 00 00 00 00 00 00 00 00 00 00 00 00 00 00 00 00 00 00 00 A9 8E 89 54 7E
[ 21228][16:43:58.636]7E FF 02 FF EE B9 EB 8A 32 01 39 01 3B F5 B8 6F 00 49 01 95 00 01 00 00 EC A8 22 7F 6C 35 AC 4C 60 5B 06 00 7A 2C 76 C8 D5 00 00 90 98 01 63 22 01 00 00 20 02 00 00 00 00 00 00 04 00 0F 4C 10 00 40 01 21 01 00 00 09 11 02 03 01 0A 90 01 4E 01 3C 00 3C 00 C0 23 00 13 33 00 06 10 32 00 00 00 00 AC 0D C1 AB 9A 26 00 00 10 00 64 19 00 01 E8 03 00 02 D0 07 00 03 03 04 5A 05 44 00 45 00 46 00 47 00 48 00 49 00 4A 00 4B 00 4C 00 4D 00 4E 80 64 19 00 01 E8 03 00 02 D0 07 00 03 03 04 5A 05 00 02 D0 07 00 03 51 B5 6C 3D 30 51 66 66 7E
[ 21229][16:43:58.681]7E FF 02 FF EF B9 AC 8A 32 01 D9 02 FC 3B C7 6F 00 49 00 94 00 01 00 01 8D DD 2E 01 C0 14 00 16 15 B6 40 00 D3 29 F3 10 00 4C 01 0A 7D 3F 00 34 88 FF 00 00 2A 00 00 01 00 00 00 22 03 23 13 10 57 00 00 05 46 46 54 01 00 00 40 4C 01 01 01 A0 CA 88 4C 00 A0 0F 00 B4 01 00 00 01 00 00 00 00 00 00 00 00 00 00 00 00 00 00 00 F4 DC 10 F8 00 00 00 00 00 00 00 00 00 00 00 00 00 00 00 00 00 00 00 00 00 00 00 00 00 00 00 00 00 00 00 00 00 00 00 00 00 00 00 00 00 00 00 00 00 00 00 00 00 00 00 00 00 00 00 00 00 00 00 00 8E 10 A9 A7 7E
[ 21230][16:43:58.726]7E FF 02 FF F0 B9 C3 8A 32 01 82 03 05 11 D0 6F 00 49 01 14 01 01 00 01 EC A8 22 04 F0 FF 00 34 18 60 C3 00 00 E4 AB 40 00 FF 2F 01 84 00 00 C9 88 11 00 00 D5 00 00 08 00 00 00 04 10 00 11 01 21 01 00 00 05 00 00 90 98 01 63 02 02 64 64 90 00 0A 01 64 01 13 00 48 00 00 00 01 30 EE FF FD FF FF FF FF FF FF FF FF FF FF FF FF FF FF FF 07 13 13 09 07 08 06 0B 13 09 09 0A 07 0A 08 08 09 09 07 09 07 08 09 0A 09 08 07 0D 0A 07 06 09 08 12 11 09 07 08 09 04 06 08 09 09 09 08 08 09 09 08 08 0A 0A 08 0A 09 0A 09 0A 10 08 0A 06 05 06 06 05 06 05 06 06 06 06 04 06 06 06 06 05 06 06 06 06 06 05 06 06 05 05 06 06 06 06 06 06 06 05 06 06 06 05 06 06 06 05 05 06 06 06 06 05 06 06 06 06 05 06 06 06 06 06 06 06 04 06 06 06 06 05 05 06 05 04 05 04 05 04 05 05 03 04 03 04 04 00 D3 E7 E1 C2 00 00 00 00 00 00 00 00 00 00 00 00 00 00 00 00 00 00 00 00 00 00 00 00 00 00 00 00 00 00 00 00 00 00 00 00 00 00 00 66 E1 C0 B8 7E
[ 21231][16:43:58.741]7E FF 02 FF F1 B9 43 8B 32 01 44 01 B0 87 DA 6F 00 49 00 14 01 01 00 01 EC A8 22 86 F0 FF 00 34 18 60 C3 00 93 E4 4F 60 08 FF 2F 01 60 00 00 C9 E8 11 03 00 D5 00 00 08 00 00 00 86 10 00 11 01 21 01 00 00 03 00 00 90 98 01 63 02 02 40 50 90 00 09 01 76 01 13 00 50 00 00 00 01 30 FE FF FD FF FF FF FF FF FF FF FF FF FF FF FF FF BF FF 07 0F 0F 05 05 03 04 04 08 0F 05 05 06 03 06 05 04 06 05 03 06 03 04 05 06 06 05 03 0A 06 04 02 06 05 0E 0E 06 03 04 06 02 03 04 05 05 05 05 05 06 06 05 04 06 05 05 06 06 05 04 05 0D 05 06 05 04 05 05 04 05 05 05 05 05 05 03 05 05 05 05 05 05 05 06 06 06 05 06 06 05 05 06 06 06 06 06 06 06 05 06 06 06 05 06 06 06 05 05 06 06 06 06 05 06 06 06 06 05 05 06 06 06 06 06 06 04 06 06 06 06 05 05 06 05 05 04 05 04 05 05 03 04 03 04 04 00 81 8F B4 B5 00 00 00 00 00 00 00 00 00 00 00 00 00 00 00 00 00 00 00 00 00 00 00 00 00 00 00 00 00 00 00 00 00 00 00 00 00 00 00 A8 36 83 FD 7E
[ 21232][16:43:58.801]7E FF 02 FF F2 B9 27 8B 32 01 91 01 52 06 F6 6F 00 49 00 94 00 01 00 01 EC A8 22 00 10 00 00 16 15 B6 44 00 83 E9 31 00 00 01 00 03 4A 00 00 5C 88 FF 08 00 D5 00 00 01 23 01 00 00 16 00 00 90 98 01 63 00 00 00 00 01 23 01 00 00 16 01 00 09 00 23 00 24 00 02 00 03 03 00 05 6B 23 46 27 07 00 00 38 FF FF FF FF FF FF FF FF FF FF 23 05 10 19 01 01 03 43 9A 33 43 46 38 46 21 10 21 10 00 00 00 00 2F 00 00 00 FF FF FF FF FF FF FF FF FF FF FF FF FF FF FF FF FF FF FF FF FF FF FF FF 11 4A E7 C9 00 00 00 00 00 00 00 00 DD CA A0 89 7E
[ 21233][16:43:58.801]7E FF 02 FF F3 B9 32 8B 32 01 09 02 75 49 FA 6F 00 49 00 10 00 01 00 02 EC A8 22 10 01 00 00 01 01 00 00 00 98 A5 2E F6 08 9B 34 7E
[ 21234][16:43:58.831]7E FF 02 FF F4 B9 A6 8B 32 01 6E 00 D6 36 00 70 00 3D 03 94 00 01 00 01 EC A8 22 01 F0 FF 01 C8 14 B6 42 00 67 F1 13 10 00 FF 2F 05 12 02 00 34 88 11 00 00 D5 00 00 01 00 00 00 01 23 01 00 00 16 00 00 90 98 01 63 0A 01 11 40 01 00 01 01 6B 23 46 27 E1 93 04 00 2F 00 00 00 CF 01 00 00 00 00 00 00 00 00 00 00 00 00 00 00 20 04 66 16 00 00 00 00 00 00 00 00 00 00 00 00 00 00 00 00 00 00 00 00 00 00 00 00 00 00 00 00 00 00 00 00 00 00 00 00 00 00 00 00 00 00 00 00 00 00 00 00 00 00 00 00 00 00 00 00 00 00 00 00 87 43 71 2D 7E
[ 21235][16:43:58.860]7E FF 02 FF F5 B9 C3 8B 32 01 9C 03 EA 95 0B 70 00 3D 03 94 00 01 00 01 EC A8 22 01 F0 FF 01 C8 14 B6 46 00 76 F3 97 10 00 FF 2F 05 12 02 00 34 88 11 00 00 D5 00 00 01 00 00 00 01 23 01 00 00 16 00 00 90 98 01 63 0A 01 11 40 01 00 01 01 6B 23 46 27 E1 93 04 00 2F 00 00 00 CF 01 00 00 00 00 00 00 00 00 00 00 00 00 00 00 20 04 66 16 00 00 00 00 00 00 00 00 00 00 00 00 00 00 00 00 00 00 00 00 00 00 00 00 00 00 00 00 00 00 00 00 00 00 00 00 00 00 00 00 00 00 00 00 00 00 00 00 00 00 00 00 00 00 00 00 00 00 00 00 B7 B2 14 92 7E
[ 21236][16:43:58.875]7E FF 02 FF F6 B9 76 8B 32 01 A5 02 2C 44 14 70 00 3D 03 94 00 01 00 01 EC A8 22 01 F0 FF 01 C8 14 B6 46 00 76 F3 97 10 00 FF 2F 05 12 02 00 34 88 11 00 00 D5 00 00 01 00 00 00 01 23 01 00 00 16 00 00 90 98 01 63 0A 01 11 40 01 00 01 01 6B 23 46 27 E1 93 04 00 2F 00 00 00 CF 01 00 00 00 00 00 00 00 00 00 00 00 00 00 00 20 04 66 16 00 00 00 00 00 00 00 00 00 00 00 00 00 00 00 00 00 00 00 00 00 00 00 00 00 00 00 00 00 00 00 00 00 00 00 00 00 00 00 00 00 00 00 00 00 00 00 00 00 00 00 00 00 00 00 00 00 00 00 00 51 B4 DE 54 7E
[ 21237][16:43:58.905]7E FF 02 FF F7 B9 90 8B 32 01 F1 00 FF 03 1E 70 00 3E 02 94 00 01 00 01 EC A8 22 01 F0 FF 01 C8 14 B6 46 00 76 F3 97 10 00 FF 2F 05 12 02 00 34 88 11 00 00 D5 00 00 01 00 00 00 01 23 01 00 00 16 00 00 90 98 01 63 0A 01 11 40 01 00 01 01 6B 23 46 27 E1 93 04 00 2F 00 00 00 CF 01 00 00 00 00 00 00 00 00 00 00 00 00 00 00 20 04 66 16 00 00 00 00 00 00 00 00 00 00 00 00 00 00 00 00 00 00 00 00 00 00 00 00 00 00 00 00 00 00 00 00 00 00 00 00 00 00 00 00 00 00 00 00 00 00 00 00 00 00 00 00 00 00 00 00 00 00 00 00 FE 80 9C D5 7E
[ 21238][16:43:58.935]7E FF 02 FF F8 B9 0E 8C 32 01 00 01 6F F0 27 70 00 3D 03 94 00 01 00 01 EC A8 22 01 F0 FF 01 C8 14 B6 46 00 76 F3 97 10 00 FF 2F 05 12 02 00 34 88 11 00 00 D5 00 00 01 00 00 00 01 23 01 00 00 16 00 00 90 98 01 63 0A 01 11 40 01 00 01 01 6B 23 46 27 E1 93 04 00 2F 00 00 00 CF 01 00 00 00 00 00 00 00 00 00 00 00 00 00 00 20 04 66 16 00 00 00 00 00 00 00 00 00 00 00 00 00 00 00 00 00 00 00 00 00 00 00 00 00 00 00 00 00 00 00 00 00 00 00 00 00 00 00 00 00 00 00 00 00 00 00 00 00 00 00 00 00 00 00 00 00 00 00 00 00 49 0F C5 7E
[ 21239][16:43:59.220]7E FF 02 FF F9 B9 B9 8C 32 01 1F 02 6C 6D 8F 70 00 49 00 14 01 01 00 01 EC A8 22 02 F0 FF 00 34 18 60 C3 00 06 E4 CB 20 00 FF 2F 01 07 01 00 C9 F8 11 03 00 D5 00 00 08 00 00 00 02 10 00 12 01 18 01 00 00 03 00 00 90 98 01 63 03 02 57 64 90 00 14 01 65 01 13 00 42 00 00 00 01 30 FA FF FD FF FF FF FF FF FF FF FF FF FF FF FF FF FF FF 07 13 09 09 07 08 04 0B 13 09 09 0A 06 0A 09 08 09 09 07 09 07 08 07 0A 09 08 07 0D 0A 06 06 09 08 12 11 09 07 09 09 06 07 08 09 09 09 09 08 09 09 08 08 0A 0A 08 0A 09 0A 09 0A 10 08 09 06 05 06 06 05 06 06 06 06 06 06 04 06 06 06 06 06 06 06 06 06 06 05 06 06 05 05 06 06 06 06 06 06 06 05 06 06 06 05 06 06 06 05 05 04 06 06 06 05 06 06 06 06 05 06 06 06 06 06 06 05 04 06 06 06 06 05 05 06 05 03 05 04 05 04 05 05 04 04 03 04 04 00 1D 6D 2F AD 00 00 00 00 00 00 00 00 00 00 00 00 00 00 00 00 00 00 00 00 00 00 00 00 00 00 00 00 00 00 00 00 00 00 00 00 00 00 00 46 11 57 E3 7E
[ 21240][16:43:59.220]7E FF 02 FF FA B9 41 8D 32 01 B2 02 A0 3D 9D 70 00 49 00 10 00 01 00 02 EC A8 22 10 01 20 00 01 02 00 00 00 A1 44 AE 1F B3 E2 09 7E
[ 21241][16:43:59.324]7E FF 02 FF FB B9 92 8D 32 01 70 02 D1 17 BC 70 00 3F 02 94 00 01 00 01 EC A8 22 01 20 00 03 16 15 B6 40 00 62 C5 82 10 00 83 00 03 13 02 30 3E 88 FF 00 00 D5 00 00 11 03 00 00 01 02 23 03 3B 00 28 0A 68 17 00 43 05 01 00 00 01 15 01 00 EC 5F 05 01 01 00 10 02 00 00 FE 19 16 68 17 00 43 05 01 00 00 01 15 01 00 EC 5F 05 01 01 40 00 02 00 00 7D 1B 16 26 AC 5D 1A 00 00 00 00 00 00 00 00 00 00 00 00 00 00 00 00 00 00 00 00 00 00 00 00 00 00 00 00 00 00 00 00 00 00 00 00 00 00 00 00 00 00 00 00 00 00 00 00 00 00 16 1E 13 64 7E
[ 21242][16:43:59.324]7E FF 02 FF FC B9 9D 8D 32 01 C3 02 78 57 C0 70 00 3F 02 10 00 01 00 02 EC A8 22 10 02 10 00 01 02 00 00 00 4E 76 A4 88 8B 65 D9 7E
[ 21243][16:43:59.788]7E FF 02 FF FD B9 06 8F 32 01 A8 03 4D 45 70 71 00 49 00 94 00 01 00 01 8D DD 2E 01 50 1E 03 29 14 88 50 00 59 9E 87 10 00 E5 01 03 82 3F 30 10 88 FF 00 00 2A 00 00 11 08 00 00 01 03 01 00 80 03 68 51 04 59 00 00 EE 1F F0 E9 00 00 00 00 00 00 00 00 00 00 00 00 00 00 00 00 00 00 00 00 00 00 00 00 00 00 00 00 00 00 00 00 00 00 00 00 00 00 00 00 00 00 00 00 00 00 00 00 00 00 00 00 00 00 00 00 00 00 00 00 00 00 00 00 00 00 00 00 00 00 00 00 00 00 00 00 00 00 00 00 00 00 00 00 00 00 00 00 00 00 00 00 00 00 00 00 9C 43 D8 8B 7E
[ 21244][16:43:59.818]7E FF 02 FF FE B9 86 8F 32 01 AA 02 67 D9 7A 71 00 3A 02 94 00 01 00 01 EC A8 22 01 00 05 03 16 15 B6 40 00 6B 44 23 10 00 50 00 03 14 02 30 3E 88 FF 00 00 D5 00 00 11 03 00 00 01 02 23 03 3C 00 28 0A 68 17 00 43 05 02 00 00 01 15 01 00 82 F7 05 01 01 00 10 02 00 00 FE 19 16 68 17 00 43 05 02 00 00 01 15 01 00 82 F7 05 01 01 40 00 02 00 00 7D 1B 16 A9 F7 8B 9C 00 00 00 00 00 00 00 00 00 00 00 00 00 00 00 00 00 00 00 00 00 00 00 00 00 00 00 00 00 00 00 00 00 00 00 00 00 00 00 00 00 00 00 00 00 00 00 00 00 00 80 E5 F0 60 7E
[ 21245][16:43:59.818]7E FF 02 FF FF B9 91 8F 32 01 DC 02 4F 16 7F 71 00 3A 02 10 00 01 00 02 EC A8 22 10 50 10 00 01 02 00 00 00 5E 2E E4 02 92 C1 02 7E
[ 21246][16:43:59.863]7E FF 02 FF 00 BA AD 8F 32 01 45 03 68 C9 89 71 00 3A 02 94 00 01 00 01 EC A8 22 01 F0 02 03 16 15 B6 40 00 A5 4D 1C 10 00 2F 00 03 15 02 30 3E 88 FF 00 00 D5 00 00 11 03 00 00 01 02 23 03 3D 00 28 0A 68 17 00 43 05 03 00 00 01 15 01 00 57 68 05 01 01 00 10 02 00 00 FE 19 16 68 17 00 43 05 03 00 00 01 15 01 00 57 68 05 01 01 40 00 02 00 00 7D 1B 16 67 3C E1 A9 00 00 00 00 00 00 00 00 00 00 00 00 00 00 00 00 00 00 00 00 00 00 00 00 00 00 00 00 00 00 00 00 00 00 00 00 00 00 00 00 00 00 00 00 00 00 00 00 00 00 04 75 2F 02 7E
[ 21247][16:43:59.863]7E FF 02 FF 01 BA 54 8F 32 01 84 03 32 07 8E 71 00 3A 02 10 00 01 00 02 EC A8 22 10 2F 10 00 01 02 01 00 00 C2 4E D4 9A 31 F0 FB 7E
[ 21248][16:43:59.878]7E FF 02 FF 02 BA 64 8F 32 01 2F 01 A2 E1 93 71 00 3D 02 94 00 01 00 01 EC A8 22 01 30 00 03 16 15 B6 40 00 73 D7 46 10 00 03 00 03 16 02 30 3E 88 FF 00 00 D5 00 00 11 03 00 00 01 02 23 03 3E 00 28 0A 68 17 00 43 05 01 00 00 01 16 01 00 88 B0 05 01 01 00 10 02 00 00 FE 19 16 68 17 00 43 05 01 00 00 01 16 01 00 88 B0 05 01 01 40 00 02 00 00 7D 1B 16 EA B6 34 AB 00 00 00 00 00 00 00 00 00 00 00 00 00 00 00 00 00 00 00 00 00 00 00 00 00 00 00 00 00 00 00 00 00 00 00 00 00 00 00 00 00 00 00 00 00 00 00 00 00 00 83 56 82 01 7E
[ 21249][16:43:59.922]7E FF 02 FF 03 BA EB 8F 32 01 2F 00 B8 22 A1 71 00 3B 02 94 00 01 00 01 EC A8 22 01 B0 07 03 16 15 B6 40 00 CF A0 B1 10 00 7B 00 03 17 02 30 3E 88 FF 00 00 D5 00 00 11 03 00 00 01 02 23 03 3F 00 28 0A 68 17 00 43 05 02 00 00 01 16 01 00 E6 18 05 01 01 00 10 02 00 00 FE 19 16 68 17 00 43 05 02 00 00 01 16 01 00 E6 18 05 01 01 40 00 02 00 00 7D 1B 16 D1 18 3F 28 00 00 00 00 00 00 00 00 00 00 00 00 00 00 00 00 00 00 00 00 00 00 00 00 00 00 00 00 00 00 00 00 00 00 00 00 00 00 00 00 00 00 00 00 00 00 00 00 00 00 A2 3B 85 5A 7E
[ 21250][16:43:59.954]7E FF 02 FF 04 BA 05 90 32 01 8B 00 97 16 AB 71 00 3B 02 94 00 01 00 01 EC A8 22 01 A0 00 03 16 15 B6 40 00 E6 55 92 10 00 0A 00 03 18 02 30 3E 88 FF 00 00 D5 00 00 11 03 00 00 01 02 23 03 40 00 28 0A 68 17 00 43 05 03 00 00 01 16 01 00 33 87 05 01 01 00 10 02 00 00 FE 19 16 68 17 00 43 05 03 00 00 01 16 01 00 33 87 05 01 01 40 00 02 00 00 7D 1B 16 3B AB 20 52 00 00 00 00 00 00 00 00 00 00 00 00 00 00 00 00 00 00 00 00 00 00 00 00 00 00 00 00 00 00 00 00 00 00 00 00 00 00 00 00 00 00 00 00 00 00 00 00 00 00 0C 36 AC 1A 7E
[ 21251][16:44:00.733]7E FF 02 FF 05 BA 11 93 32 01 A4 02 45 D8 D4 72 00 49 00 94 00 01 00 01 8D DD 2E 01 40 0A 00 16 15 B6 40 00 A1 67 26 10 00 A4 00 0A 75 3F 00 34 88 FF 00 00 2A 00 00 01 00 00 00 00 19 01 15 00 10 00 00 05 46 46 54 01 00 00 00 A4 00 01 01 2B A3 38 29 00 7D 00 00 8C 00 00 00 01 00 00 00 00 00 00 00 00 00 00 00 00 00 00 00 ED E9 EA 0F 00 00 00 00 00 00 00 00 00 00 00 00 00 00 00 00 00 00 00 00 00 00 00 00 00 00 00 00 00 00 00 00 00 00 00 00 00 00 00 00 00 00 00 00 00 00 00 00 00 00 00 00 00 00 00 00 00 00 00 00 DD 47 CA 14 7E
[ 21252][16:44:00.838]7E FF 02 FF 06 BA 38 93 32 01 91 02 0E E3 09 73 00 49 00 10 00 01 00 02 EC A8 22 10 01 10 02 01 03 00 00 00 BD 25 EA 40 FE 7F 8A 7E
[ 21253][16:44:00.868]7E FF 02 FF 07 BA 3E 93 32 01 95 03 04 3F 0C 73 00 49 00 94 00 01 00 01 8D DD 2E 01 40 0A 00 16 15 B6 44 00 B0 65 A2 10 00 A4 00 0A 79 3F 00 34 88 FF 00 00 2A 00 00 01 00 00 00 20 12 15 00 00 04 00 00 05 46 46 54 01 00 00 00 A4 00 01 01 2B A3 38 29 00 7D 00 00 DA 00 00 00 01 00 00 00 00 00 00 00 00 00 00 00 00 00 00 00 D9 F8 13 62 00 00 00 00 00 00 00 00 00 00 00 00 00 00 00 00 00 00 00 00 00 00 00 00 00 00 00 00 00 00 00 00 00 00 00 00 00 00 00 00 00 00 00 00 00 00 00 00 00 00 00 00 00 00 00 00 00 00 00 00 0A A2 35 E7 7E
[ 21254][16:44:00.913]7E FF 02 FF 08 BA DB 93 32 01 31 03 B6 FA 21 73 00 49 00 10 00 01 00 02 EC A8 22 10 01 70 01 01 03 00 00 00 65 5E 85 41 06 3D 9E 7E
[ 21255][16:44:00.944]7E FF 02 FF 09 BA ED 93 32 01 F6 02 0C CD 28 73 00 3D 03 94 00 01 00 01 EC A8 22 01 70 01 01 16 15 B6 40 00 B8 AE A9 10 00 17 00 03 1A 02 00 34 88 FF 08 00 D5 00 00 00 00 90 98 01 63 01 14 01 00 00 02 05 00 00 00 00 00 00 00 17 00 01 00 50 00 00 00 D0 01 00 00 00 00 00 00 01 23 01 00 00 16 00 00 90 98 01 63 0A 01 11 40 01 00 01 01 6B 23 46 27 E1 93 04 00 9B 5A 15 0F 00 00 00 00 00 00 00 00 00 00 00 00 00 00 00 00 00 00 00 00 00 00 00 00 00 00 00 00 00 00 00 00 00 00 00 00 00 00 00 00 00 00 00 00 00 00 00 00 95 59 EE B2 7E
[ 21256][16:44:00.959]7E FF 02 FF 0A BA 98 93 32 01 54 02 3A 74 2E 73 00 3D 02 94 00 01 00 01 EC A8 22 01 50 04 03 16 15 B6 40 00 30 3F CE 10 00 45 00 03 1B 02 30 3E 88 FF 00 00 D5 00 00 11 03 00 00 01 02 23 03 41 00 28 0A 68 17 00 43 05 01 00 00 01 17 01 00 54 EA 05 01 01 00 10 02 00 00 FE 19 16 68 17 00 43 05 01 00 00 01 17 01 00 54 EA 05 01 01 40 00 02 00 00 7D 1B 16 D9 69 FD 3E 00 00 00 00 00 00 00 00 00 00 00 00 00 00 00 00 00 00 00 00 00 00 00 00 00 00 00 00 00 00 00 00 00 00 00 00 00 00 00 00 00 00 00 00 00 00 00 00 00 00 EB B9 29 2B 7E
[ 21257][16:44:00.959]7E FF 02 FF 0B BA A3 93 32 01 92 02 69 B1 32 73 00 3D 02 10 00 01 00 02 EC A8 22 10 45 10 00 01 03 00 00 00 FB 79 B0 40 33 80 39 7E
[ 21258][16:44:01.228]7E FF 02 FF 0C BA 88 94 32 01 40 01 F7 E7 89 73 00 49 00 14 01 01 00 01 EC A8 22 0F F0 FF 00 34 18 60 C3 00 0A E4 9F F0 00 FF 2F 01 4C 00 00 C9 A0 11 03 00 D5 00 00 08 00 00 00 0F 10 00 11 01 17 01 00 00 03 00 00 90 98 01 63 03 01 64 64 90 00 0A 01 58 01 13 00 47 00 00 00 01 30 FE 7F FD FF FF FF FF FF FF FF FF FF FF FF FF FF FF FF 07 13 13 09 09 07 08 04 0B 12 09 09 0A 06 0A 08 09 09 07 09 07 08 06 0A 09 08 07 0D 0A 06 07 09 08 12 11 09 07 09 09 06 07 08 08 09 09 09 08 08 09 08 08 0A 0A 08 0A 09 0A 09 0A 10 08 09 06 05 06 06 05 06 06 06 06 06 06 05 06 06 06 06 06 06 06 06 06 06 05 06 06 05 05 06 06 06 06 06 06 06 05 06 06 06 05 06 06 06 05 05 04 06 06 06 05 06 06 06 06 05 06 06 05 06 06 06 05 04 06 06 06 06 05 05 06 05 03 05 04 05 04 05 05 04 04 03 04 04 00 66 45 B0 6A 00 00 00 00 00 00 00 00 00 00 00 00 00 00 00 00 00 00 00 00 00 00 00 00 00 00 00 00 00 00 00 00 00 00 00 00 00 00 00 F0 48 58 8E 7E
[ 21259][16:44:01.394]7E FF 02 FF 0D BA C4 95 32 01 4E 03 56 87 DC 73 00 49 00 10 00 01 00 03 EC A8 22 60 01 94 1A 8D DD 2E 20 02 EB FD C9 B6 4A F2 48 7E
[ 21260][16:44:03.309]7E FF 02 FF 0E BA 38 9D 32 01 5A 03 2C 61 B4 76 00 49 00 10 00 01 00 03 EC A8 22 60 01 20 13 8D DD 2E 20 02 25 86 7A 77 6E D9 9B 7E
[ 21261][16:44:03.324]7E FF 02 FF 0F BA 47 9D 32 01 67 00 FD CE B9 76 00 49 00 10 00 01 00 02 8D DD 2E 10 01 E0 02 01 03 00 00 00 32 4E F8 57 BD 35 D9 7E
[ 21262][16:44:03.354]7E FF 02 FF 10 BA 07 9D 32 01 E2 00 92 96 C7 76 00 49 00 10 00 01 00 02 8D DD 2E 10 01 00 07 01 02 00 00 00 5A C0 41 81 2D E0 73 7E
[ 21263][16:44:03.609]7E FF 02 FF 11 BA EB 9D 32 01 A9 02 54 B6 1E 77 00 49 01 94 00 01 00 01 EC A8 22 83 20 00 00 16 15 B6 40 00 31 DD 05 30 08 01 00 0D 82 00 30 42 E8 FF 00 00 D5 00 00 11 03 00 00 01 02 63 03 3B 00 01 00 68 34 00 83 05 01 00 00 01 15 01 00 61 61 85 01 01 00 10 02 00 01 01 05 06 00 00 02 00 06 00 00 02 00 06 00 00 02 00 06 00 00 02 00 06 00 00 02 00 00 00 C2 92 16 6C 8B 43 6E 00 00 00 00 00 00 00 00 00 00 00 00 00 00 00 00 00 00 00 00 00 00 00 00 00 00 00 00 00 00 00 00 00 00 00 00 00 00 00 00 00 00 00 00 00 00 99 92 47 90 7E
[ 21264][16:44:03.609]7E FF 02 FF 12 BA 5A 9E 32 01 E9 02 39 F4 22 77 00 49 01 10 00 01 00 02 EC A8 22 10 02 30 08 01 05 00 00 00 34 D5 A1 08 3B 89 4D 7E
[ 21265][16:44:03.728]7E FF 02 FF 13 BA 4D 9E 32 01 8D 00 CC E3 43 77 00 49 01 14 01 01 00 01 EC A8 22 0C F0 FF 00 34 18 60 C3 00 09 E4 AF C0 00 FF 2F 01 2D 01 00 CB C8 11 00 00 D5 00 00 08 00 00 00 0C 10 00 11 01 21 01 00 00 13 00 00 90 98 01 63 03 02 5D 64 90 00 0B 02 59 01 13 00 43 00 00 00 01 30 08 00 FE EF FD FF FF FF FF FF FF FF FF FF FF FF FF FF FF FF 07 13 13 09 09 07 08 07 0B 13 09 09 07 0A 08 08 09 09 07 09 07 08 09 0A 09 08 07 0D 0A 07 06 09 08 12 11 09 07 08 09 04 07 08 09 09 09 09 08 09 09 08 08 0A 09 08 0A 09 0A 09 0A 10 08 0A 06 05 06 06 05 06 05 06 06 06 06 04 06 05 06 06 04 06 06 06 06 06 05 06 06 05 05 06 06 06 06 06 06 06 05 06 06 06 05 06 06 06 05 05 06 06 06 06 05 06 06 06 06 05 06 06 06 06 06 06 06 04 06 06 06 06 05 05 06 05 04 05 04 05 04 05 05 03 04 03 04 04 00 C8 8D 01 C6 00 00 00 00 00 00 00 00 00 00 00 00 00 00 00 00 00 00 00 00 00 00 00 00 00 00 00 00 00 00 00 00 00 00 00 00 00 62 9E F9 EC 7E
[ 21266][16:44:03.758]7E FF 02 FF 14 BA E2 9E 32 01 C1 02 BA CB 56 77 00 49 00 94 00 01 00 01 EC A8 22 02 10 00 00 16 15 B6 40 00 91 EB 11 30 08 01 00 0D 82 00 30 42 E8 EF 00 00 D5 00 00 11 03 00 00 01 02 63 03 3B 00 01 00 68 34 00 83 05 01 00 00 01 15 01 00 61 61 85 01 01 00 10 02 00 01 01 05 06 00 00 02 00 06 00 00 02 00 06 00 00 02 00 06 00 00 02 00 06 00 00 02 00 00 00 C2 92 16 6C 8B 43 6E 00 00 00 00 00 00 00 00 00 00 00 00 00 00 00 00 00 00 00 00 00 00 00 00 00 00 00 00 00 00 00 00 00 00 00 00 00 00 00 00 00 00 00 00 00 00 B8 73 16 E3 7E
[ 21267][16:44:03.758]7E FF 02 FF 15 BA 89 9E 32 01 63 03 D9 13 5B 77 00 49 00 10 00 01 00 02 EC A8 22 10 01 20 00 01 03 00 00 00 B0 04 2A 1D 60 92 15 7E
[ 21268][16:44:03.848]7E FF 02 FF 16 BA 46 9F 32 01 D7 02 2E F5 7C 77 00 3E 02 94 00 01 00 01 EC A8 22 01 30 04 03 16 15 B6 40 00 53 53 C2 10 00 43 00 03 1C 02 30 3E 88 FF 00 00 D5 00 00 11 03 00 00 01 02 23 03 42 00 28 0A 68 17 00 43 05 02 00 00 01 17 01 00 3A 42 05 01 01 00 10 02 00 00 FE 19 16 68 17 00 43 05 02 00 00 01 17 01 00 3A 42 05 01 01 40 00 02 00 00 7D 1B 16 8E 94 BD BE 00 00 00 00 00 00 00 00 00 00 00 00 00 00 00 00 00 00 00 00 00 00 00 00 00 00 00 00 00 00 00 00 00 00 00 00 00 00 00 00 00 00 00 00 00 00 00 00 00 00 63 08 04 1E 7E
[ 21269][16:44:03.848]7E FF 02 FF 17 BA ED 9E 32 01 18 03 12 32 81 77 00 3E 02 10 00 01 00 02 EC A8 22 10 43 10 00 01 03 02 00 00 3C 5F AC 7C 37 24 A2 7E
[ 21270][16:44:04.087]7E FF 02 FF 18 BA D2 9F 32 01 F2 02 1C 84 D8 77 00 49 00 94 00 01 00 01 EC A8 22 50 10 00 00 16 15 B6 40 00 C8 EB 9D 00 05 01 00 0C 25 00 30 42 D0 FF 00 00 D5 00 00 11 03 00 00 01 02 63 03 3C 00 01 00 68 34 00 83 05 02 00 00 01 15 01 00 0F C9 85 01 01 00 10 02 00 01 01 05 06 00 00 02 00 06 00 00 02 00 06 00 00 02 00 06 00 00 02 00 06 00 00 02 00 00 00 C2 92 16 AA A7 27 3A 00 00 00 00 00 00 00 00 00 00 00 00 00 00 00 00 00 00 00 00 00 00 00 00 00 00 00 00 00 00 00 00 00 00 00 00 00 00 00 00 00 00 00 00 00 00 B1 87 74 31 7E
[ 21271][16:44:04.102]7E FF 02 FF 19 BA DD 9F 32 01 7C 03 48 C9 DC 77 00 49 00 10 00 01 00 02 EC A8 22 01 01 00 05 01 01 00 00 00 CA 8C 17 72 33 03 96 7E
[ 21272][16:44:04.117]7E FF 02 FF 1A BA 4D A0 32 01 6D 00 DC 0C E1 77 00 49 00 94 00 01 00 01 EC A8 22 2F 10 00 00 16 15 B6 40 00 B9 EB 55 F0 02 01 00 0A E3 00 30 42 E8 FF 00 00 D5 00 00 11 03 00 00 01 02 63 03 3D 00 01 00 68 34 00 83 05 03 00 00 01 15 01 00 DA 56 85 01 01 00 10 02 00 01 01 05 06 00 00 02 00 06 00 00 02 00 06 00 00 02 00 06 00 00 02 00 06 00 00 02 00 00 00 C2 92 16 AA 0A CE 49 00 00 00 00 00 00 00 00 00 00 00 00 00 00 00 00 00 00 00 00 00 00 00 00 00 00 00 00 00 00 00 00 00 00 00 00 00 00 00 00 00 00 00 00 00 00 D2 DD AE 7B 7E
[ 21273][16:44:04.117]7E FF 02 FF 1B BA 58 A0 32 01 EB 00 A3 4F E5 77 00 49 00 10 00 01 00 02 EC A8 22 10 01 F0 02 01 00 00 00 00 B4 02 72 BB B5 A8 9A 7E
[ 21274][16:44:04.132]7E FF 02 FF 1C BA 73 A0 32 01 0D 03 1C D2 EF 77 00 49 00 10 00 01 00 02 EC A8 22 10 01 30 00 01 03 00 00 00 35 14 AC 3D C5 D5 E6 7E
[ 21275][16:44:04.162]7E FF 02 FF 1D BA 77 A0 32 01 C8 00 3C 1A F1 77 00 49 00 94 00 01 00 01 EC A8 22 50 10 00 00 16 15 B6 44 00 D9 E9 19 00 05 01 00 0C 25 00 30 42 D0 FF 00 00 D5 00 00 11 03 00 00 01 02 63 03 3C 00 01 00 68 34 00 83 05 02 00 00 01 15 01 00 0F C9 85 01 01 00 10 02 00 01 01 05 06 00 00 02 00 06 00 00 02 00 06 00 00 02 00 06 00 00 02 00 06 00 00 02 00 00 00 C2 92 16 AA A7 27 3A 00 00 00 00 00 00 00 00 00 00 00 00 00 00 00 00 00 00 00 00 00 00 00 00 00 00 00 00 00 00 00 00 00 00 00 00 00 00 00 00 00 00 00 00 00 00 F9 4B 4C 5A 7E
[ 21276][16:44:04.165]7E FF 02 FF 1E BA 1E A0 32 01 D3 01 CA 6B F5 77 00 49 00 10 00 01 00 02 EC A8 22 10 01 00 05 01 00 00 00 00 C9 CC 0F 1F EC B9 13 7E
[ 21277][16:44:04.282]7E FF 02 FF 1F BA 8E A0 32 01 17 00 36 F7 1F 78 00 3B 02 94 00 01 00 01 EC A8 22 01 F0 00 03 16 15 B6 40 00 B5 0F 5E 10 00 0F 00 03 1D 02 30 3E 88 FF 00 00 D5 00 00 11 03 00 00 01 02 23 03 43 00 28 0A 68 17 00 43 05 03 00 00 01 17 01 00 EF DD 05 01 01 00 10 02 00 00 FE 19 16 68 17 00 43 05 03 00 00 01 17 01 00 EF DD 05 01 01 40 00 02 00 00 7D 1B 16 40 5F D7 8B 00 00 00 00 00 00 00 00 00 00 00 00 00 00 00 00 00 00 00 00 00 00 00 00 00 00 00 00 00 00 00 00 00 00 00 00 00 00 00 00 00 00 00 00 00 00 00 00 00 00 61 2D 59 69 7E
[ 21278][16:44:04.282]7E FF 02 FF 20 BA 99 A0 32 01 6D 00 41 34 24 78 00 3B 02 10 00 01 00 02 EC A8 22 10 0F 10 00 01 02 00 00 00 E2 7A 14 2B 21 35 E1 7E
[ 21279][16:44:04.297]7E FF 02 FF 21 BA A7 A0 32 01 FA 00 AE 94 29 78 00 3E 02 94 00 01 00 01 EC A8 22 01 D0 02 03 16 15 B6 40 00 84 69 18 10 00 2D 00 03 1E 02 30 3E 88 FF 00 00 D5 00 00 11 03 00 00 01 02 23 03 44 00 28 0A 68 17 00 43 05 01 00 00 01 18 01 00 93 A0 05 01 01 00 10 02 00 00 FE 19 16 68 17 00 43 05 01 00 00 01 18 01 00 93 A0 05 01 01 40 00 02 00 00 7D 1B 16 10 CA 1E 80 00 00 00 00 00 00 00 00 00 00 00 00 00 00 00 00 00 00 00 00 00 00 00 00 00 00 00 00 00 00 00 00 00 00 00 00 00 00 00 00 00 00 00 00 00 00 00 00 00 00 B9 50 F1 EA 7E
[ 21280][16:44:04.327]7E FF 02 FF 22 BA 1E A1 32 01 5B 02 A6 F7 30 78 00 3E 02 94 00 01 00 01 EC A8 22 01 20 00 03 16 15 B6 40 00 62 C5 82 10 00 80 00 03 1F 02 30 3E 88 FF 00 00 D5 00 00 11 03 00 00 01 02 23 03 45 00 28 0A 68 17 00 43 05 02 00 00 01 18 01 00 FD 08 05 01 01 00 10 02 00 00 FE 19 16 68 17 00 43 05 02 00 00 01 18 01 00 FD 08 05 01 01 40 00 02 00 00 7D 1B 16 2B 64 15 03 00 00 00 00 00 00 00 00 00 00 00 00 00 00 00 00 00 00 00 00 00 00 00 00 00 00 00 00 00 00 00 00 00 00 00 00 00 00 00 00 00 00 00 00 00 00 00 00 00 00 10 44 8A 5D 7E
[ 21281][16:44:04.327]7E FF 02 FF 23 BA 29 A1 32 01 A6 02 98 34 35 78 00 3E 02 10 00 01 00 02 EC A8 22 10 02 10 00 01 02 00 00 00 4E 76 A4 ED 3F 6C 62 7E
[ 21282][16:44:04.357]7E FF 02 FF 24 BA E2 A0 32 01 CB 03 FB 5B 40 78 00 49 00 94 00 01 00 01 EC A8 22 02 00 08 03 16 15 B6 40 00 03 E9 33 10 00 80 00 03 1F 02 30 3E 88 EF 00 00 D5 00 00 11 03 00 00 01 02 23 03 45 00 28 0A 68 17 00 43 05 02 00 00 01 18 01 00 FD 08 05 01 01 00 10 02 00 00 FE 19 16 68 17 00 43 05 02 00 00 01 18 01 00 FD 08 05 01 01 40 00 02 00 00 7D 1B 16 2B 64 15 03 00 00 00 00 00 00 00 00 00 00 00 00 00 00 00 00 00 00 00 00 00 00 00 00 00 00 00 00 00 00 00 00 00 00 00 00 00 00 00 00 00 00 00 00 00 00 00 00 00 00 80 A2 56 4E 7E
[ 21283][16:44:04.387]7E FF 02 FF 25 BA F3 A0 32 01 4E 02 63 B5 46 78 00 3B 02 94 00 01 00 01 EC A8 22 01 20 00 03 16 15 B6 40 00 62 C5 82 10 00 02 00 03 20 02 30 3E 88 FF 00 00 D5 00 00 11 03 00 00 01 02 23 03 46 00 28 0A 68 17 00 43 05 03 00 00 01 18 01 00 28 97 05 01 01 00 10 02 00 00 FE 19 16 68 17 00 43 05 03 00 00 01 18 01 00 28 97 05 01 01 40 00 02 00 00 7D 1B 16 89 FC 34 35 00 00 00 00 00 00 00 00 00 00 00 00 00 00 00 00 00 00 00 00 00 00 00 00 00 00 00 00 00 00 00 00 00 00 00 00 00 00 00 00 00 00 00 00 00 00 00 00 00 00 C8 25 90 B7 7E
[ 21284][16:44:04.387]7E FF 02 FF 26 BA FE A0 32 01 CC 02 05 F7 4A 78 00 3B 02 10 00 01 00 02 EC A8 22 10 02 10 00 01 02 00 00 00 4E 76 A4 B1 BB 7E 1A 7E
[ 21285][16:44:05.089]7E FF 02 FF 27 BA E9 A3 32 01 02 03 16 C8 41 79 00 3A 02 14 02 01 00 01 EC A8 22 01 F0 FF 01 BF 18 7B 83 00 80 9F F5 10 00 FF 2F 01 21 02 00 C7 88 11 00 00 D5 00 00 08 00 00 00 01 00 00 04 00 00 90 98 01 63 00 00 90 98 01 63 00 00 64 64 90 00 13 00 47 01 13 00 64 00 00 00 FC FF FD FF FF FF FF FF FF FF FF FF FF FF FF FF FF FF 07 12 08 08 07 06 04 0A 12 08 08 09 06 09 08 07 08 09 06 09 06 07 08 09 07 06 05 0C 07 05 05 08 08 11 11 09 06 07 07 06 07 07 08 08 09 0A 08 09 09 08 07 09 09 08 09 08 09 08 08 10 06 09 05 05 06 05 05 05 05 06 06 05 06 04 05 04 05 04 05 05 05 04 04 05 04 06 05 05 05 06 05 05 06 05 05 06 04 06 05 05 05 04 05 05 05 04 05 05 05 06 05 05 04 05 04 05 05 05 06 06 06 06 05 04 05 06 05 05 05 05 06 05 03 05 03 05 04 05 05 04 04 03 03 04 00 41 0B 02 11 00 00 00 00 00 00 00 00 00 00 00 00 00 00 00 00 00 00 00 00 00 00 00 00 00 00 00 00 00 00 00 00 00 00 00 00 00 00 00 00 00 00 00 00 00 00 00 00 00 00 00 00 00 00 00 00 00 00 00 00 00 00 00 00 00 00 00 00 00 00 00 00 00 00 00 00 00 00 00 00 00 00 00 00 00 00 00 00 00 00 00 00 00 00 00 00 00 00 00 00 00 00 00 00 00 00 00 00 00 00 00 00 00 00 00 00 00 00 00 00 00 00 00 00 00 00 00 00 00 00 00 00 00 00 00 00 00 00 00 00 00 00 00 00 00 00 00 00 00 00 00 00 00 00 00 00 00 00 00 00 00 00 00 00 00 00 00 00 00 00 00 00 00 00 00 00 00 00 00 00 00 00 00 00 00 00 00 00 00 00 00 00 00 00 00 00 00 00 00 00 00 00 00 00 00 00 00 00 00 00 00 00 00 00 00 00 00 00 00 00 00 00 00 00 00 00 00 00 00 00 00 00 00 00 00 00 00 00 00 00 00 00 00 00 00 00 00 00 00 00 00 00 00 00 00 00 00 00 00 00 00 00 00 00 00 00 00 00 00 00 00 00 00 00 00 00 00 00 00 00 00 00 00 00 00 00 00 00 00 00 00 00 00 00 00 00 00 04 1C B1 E2 7E
[ 21286][16:44:05.209]7E FF 02 FF 28 BA A4 A4 32 01 CB 00 41 EA 88 79 00 3A 02 10 00 01 00 03 EC A8 22 60 01 B4 0B 8D DD 2E 20 02 A7 50 EC E8 A7 0A 99 7E
[ 21287][16:44:06.167]7E FF 02 FF 29 BA 4B A8 32 01 29 03 6C CC ED 7A 00 3C 02 94 00 01 00 01 EC A8 22 01 A0 00 03 16 15 B6 40 00 E6 55 92 10 00 0A 00 03 22 02 30 3E 88 FF 00 00 D5 00 00 11 03 00 00 01 02 23 03 40 00 28 0A 68 17 00 43 05 03 00 00 01 16 01 00 33 87 05 01 01 00 10 02 00 00 FE 19 16 68 17 00 43 05 03 00 00 01 16 01 00 33 87 05 01 01 40 00 02 00 00 7D 1B 16 3B AB 20 52 00 00 00 00 00 00 00 00 00 00 00 00 00 00 00 00 00 00 00 00 00 00 00 00 00 00 00 00 00 00 00 00 00 00 00 00 00 00 00 00 00 00 00 00 00 00 00 00 00 00 91 17 5A E2 7E
[ 21288][16:44:06.197]7E FF 02 FF 2A BA 1B A8 32 01 B8 01 03 84 01 7B 00 3C 02 10 00 01 00 02 EC A8 22 10 01 A0 00 01 03 02 00 00 90 A0 BA E1 66 09 C1 7E
[ 21289][16:44:06.257]7E FF 02 FF 2B BA 85 A8 32 01 A4 01 1E C6 03 7B 00 3F 02 14 02 01 00 01 EC A8 22 01 F0 FF 01 BF 18 7B 83 00 80 9F F5 10 00 FF 2F 01 21 02 00 C7 88 11 00 00 D5 00 00 08 00 00 00 01 00 00 04 00 00 90 98 01 63 00 00 90 98 01 63 00 00 64 64 90 00 13 00 47 01 13 00 64 00 00 00 FC FF FD FF FF FF FF FF FF FF FF FF FF FF FF FF FF FF 07 12 08 08 07 06 04 0A 12 08 08 09 06 09 08 07 08 09 06 09 06 07 08 09 07 06 05 0C 07 05 05 08 08 11 11 09 06 07 07 06 07 07 08 08 09 0A 08 09 09 08 07 09 09 08 09 08 09 08 08 10 06 09 05 05 06 05 05 05 05 06 06 05 06 04 05 04 05 04 05 05 05 04 04 05 04 06 05 05 05 06 05 05 06 05 05 06 04 06 05 05 05 04 05 05 05 04 05 05 05 06 05 05 04 05 04 05 05 05 06 06 06 06 05 04 05 06 05 05 05 05 06 05 03 05 03 05 04 05 05 04 04 03 03 04 00 41 0B 02 11 00 00 00 00 00 00 00 00 00 00 00 00 00 00 00 00 00 00 00 00 00 00 00 00 00 00 00 00 00 00 00 00 00 00 00 00 00 00 00 00 00 00 00 00 00 00 00 00 00 00 00 00 00 00 00 00 00 00 00 00 00 00 00 00 00 00 00 00 00 00 00 00 00 00 00 00 00 00 00 00 00 00 00 00 00 00 00 00 00 00 00 00 00 00 00 00 00 00 00 00 00 00 00 00 00 00 00 00 00 00 00 00 00 00 00 00 00 00 00 00 00 00 00 00 00 00 00 00 00 00 00 00 00 00 00 00 00 00 00 00 00 00 00 00 00 00 00 00 00 00 00 00 00 00 00 00 00 00 00 00 00 00 00 00 00 00 00 00 00 00 00 00 00 00 00 00 00 00 00 00 00 00 00 00 00 00 00 00 00 00 00 00 00 00 00 00 00 00 00 00 00 00 00 00 00 00 00 00 00 00 00 00 00 00 00 00 00 00 00 00 00 00 00 00 00 00 00 00 00 00 00 00 00 00 00 00 00 00 00 00 00 00 00 00 00 00 00 00 00 00 00 00 00 00 00 00 00 00 00 00 00 00 00 00 00 00 00 00 00 00 00 00 00 00 00 00 00 00 00 00 00 00 00 00 00 00 00 00 00 00 00 00 00 00 00 00 00 62 AA F1 42 7E
[ 21290][16:44:06.272]7E FF 02 FF 2C BA A1 A8 32 01 EC 00 49 62 0E 7B 00 49 00 94 00 01 00 01 EC A8 22 45 10 00 00 16 15 B6 40 00 DF EB C5 50 04 01 00 0C E5 00 30 42 98 FF 00 00 D5 00 00 11 03 00 00 01 02 63 03 41 00 01 00 68 34 00 83 05 01 00 00 01 17 01 00 D9 D4 85 01 01 00 10 02 00 01 01 05 06 00 00 02 00 06 00 00 02 00 06 00 00 02 00 06 00 00 02 00 06 00 00 02 00 00 00 C2 92 16 72 AD 3A CD 00 00 00 00 00 00 00 00 00 00 00 00 00 00 00 00 00 00 00 00 00 00 00 00 00 00 00 00 00 00 00 00 00 00 00 00 00 00 00 00 00 00 00 00 00 00 29 0F 0F B4 7E
[ 21291][16:44:06.302]7E FF 02 FF 2D BA 72 A8 32 01 78 03 D7 D9 22 7B 00 3F 02 94 00 01 00 01 EC A8 22 01 30 02 03 16 15 B6 40 00 63 95 04 10 00 1D 00 03 23 02 30 3E 88 FF 00 00 D5 00 00 11 03 00 00 01 02 23 03 47 00 28 0A 68 17 00 43 05 01 00 00 01 19 01 00 4F FA 05 01 01 00 10 02 00 00 FE 19 16 68 17 00 43 05 01 00 00 01 19 01 00 4F FA 05 01 01 40 00 02 00 00 7D 1B 16 6B 3E E9 59 00 00 00 00 00 00 00 00 00 00 00 00 00 00 00 00 00 00 00 00 00 00 00 00 00 00 00 00 00 00 00 00 00 00 00 00 00 00 00 00 00 00 00 00 00 00 00 00 00 00 D3 B9 65 F2 7E
[ 21292][16:44:06.317]7E FF 02 FF 2E BA EA A8 32 01 F3 00 57 3C 2A 7B 00 49 00 94 00 01 00 01 EC A8 22 45 10 00 00 16 15 B6 44 00 CE E9 41 50 04 01 00 0C E5 00 30 42 98 FF 00 00 D5 00 00 11 03 00 00 01 02 63 03 41 00 01 00 68 34 00 83 05 01 00 00 01 17 01 00 D9 D4 85 01 01 00 10 02 00 01 01 05 06 00 00 02 00 06 00 00 02 00 06 00 00 02 00 06 00 00 02 00 06 00 00 02 00 00 00 C2 92 16 72 AD 3A CD 00 00 00 00 00 00 00 00 00 00 00 00 00 00 00 00 00 00 00 00 00 00 00 00 00 00 00 00 00 00 00 00 00 00 00 00 00 00 00 00 00 00 00 00 00 00 C7 E4 0F 3A 7E
[ 21293][16:44:06.317]7E FF 02 FF 2F BA F5 A8 32 01 9B 01 7B 84 2E 7B 00 49 00 10 00 01 00 02 EC A8 22 10 01 50 04 01 02 01 00 00 3C 06 E0 05 33 A1 FA 7E
[ 21294][16:44:06.332]7E FF 02 FF 30 BA 04 A9 32 01 74 02 EA 52 34 7B 00 49 00 10 00 01 00 02 EC A8 22 10 1D 30 02 01 05 01 00 00 48 8B 5B 5A FC 83 E4 7E
[ 21295][16:44:06.407]7E FF 02 FF 31 BA E2 A8 32 01 45 02 56 75 4D 7B 00 3E 02 94 00 01 00 01 EC A8 22 01 E0 08 03 16 15 B6 40 00 E7 15 1F 10 00 8E 00 03 24 02 30 3E 88 FF 00 00 D5 00 00 11 03 00 00 01 02 23 03 48 00 28 0A 68 17 00 43 05 02 00 00 01 19 01 00 21 52 05 01 01 00 10 02 00 00 FE 19 16 68 17 00 43 05 02 00 00 01 19 01 00 21 52 05 01 01 40 00 02 00 00 7D 1B 16 54 28 12 D2 00 00 00 00 00 00 00 00 00 00 00 00 00 00 00 00 00 00 00 00 00 00 00 00 00 00 00 00 00 00 00 00 00 00 00 00 00 00 00 00 00 00 00 00 00 00 00 00 00 00 7E A5 1C 61 7E
[ 21296][16:44:06.423]7E FF 02 FF 32 BA 51 A9 32 01 7E 02 7B B2 51 7B 00 3E 02 10 00 01 00 02 EC A8 22 10 8E 10 00 01 02 00 00 00 46 EB 84 93 6B A8 E5 7E
[ 21297][16:44:07.098]7E FF 02 FF 33 BA 08 AC 32 01 F0 01 66 C7 5A 7C 00 3E 02 10 00 01 00 03 EC A8 22 60 01 50 04 8D DD 2E 20 02 7D 48 93 BD 93 DB 01 7E
[ 21298][16:44:07.159]7E FF 02 FF 34 BA E5 AB 32 01 AC 00 A0 72 73 7C 00 3E 02 10 00 01 00 02 8D DD 2E 10 01 B0 21 01 03 09 00 00 6B 9C 44 FE 5F FB B1 7E
[ 21299][16:44:07.233]7E FF 02 FF 35 BA 77 AC 32 01 78 03 C6 3C 85 7C 00 49 00 94 00 01 00 01 8D DD 2E 01 E0 02 03 29 14 88 54 00 1A A6 54 10 00 2E 00 03 8B 3F 30 10 88 FF 00 00 2A 00 00 11 08 00 00 01 03 01 00 D9 00 43 27 04 59 00 00 04 0D 88 89 00 00 00 00 00 00 00 00 00 00 00 00 00 00 00 00 00 00 00 00 00 00 00 00 00 00 00 00 00 00 00 00 00 00 00 00 00 00 00 00 00 00 00 00 00 00 00 00 00 00 00 00 00 00 00 00 00 00 00 00 00 00 00 00 00 00 00 00 00 00 00 00 00 00 00 00 00 00 00 00 00 00 00 00 00 00 00 00 00 00 00 00 00 00 00 00 99 97 1F 8A 7E
[ 21300][16:44:07.249]7E FF 02 FF 36 BA 8D AC 32 01 93 01 DC 71 8D 7C 00 49 00 94 00 01 00 01 8D DD 2E 01 E0 02 01 16 15 B6 40 00 06 D3 12 10 00 2E 00 03 8D 3F 00 34 88 FF 08 00 2A 00 00 00 00 05 46 46 54 00 00 59 04 27 43 04 00 00 00 00 01 01 00 CB 01 73 00 2C 00 00 00 8E 1A 00 00 00 00 00 00 00 19 01 10 00 49 00 00 05 46 46 54 01 00 00 50 C1 01 01 01 2B A3 38 29 00 7D 00 00 64 E3 21 CD 00 00 00 00 00 00 00 00 00 00 00 00 00 00 00 00 00 00 00 00 00 00 00 00 00 00 00 00 00 00 00 00 00 00 00 00 00 00 00 00 00 00 00 00 00 00 00 00 8A 1C 89 06 7E
[ 21301][16:44:07.278]7E FF 02 FF 37 BA 59 AC 32 01 01 01 EB B8 9F 7C 00 49 00 10 00 01 00 02 8D DD 2E 10 01 00 21 01 01 09 00 00 E7 A9 52 B5 2D 0F 57 7E
[ 21302][16:44:07.308]7E FF 02 FF 38 BA 60 AC 32 01 3E 01 E9 64 A2 7C 00 49 00 94 00 01 00 01 8D DD 2E 01 E0 02 01 16 15 B6 44 00 17 D1 96 10 00 2E 00 03 8D 3F 00 34 88 FF 08 00 2A 00 00 00 00 05 46 46 54 00 00 59 04 27 43 04 00 00 00 00 01 01 00 CB 01 73 00 2C 00 00 00 8E 1A 00 00 00 00 00 00 00 19 01 10 00 49 00 00 05 46 46 54 01 00 00 50 C1 01 01 01 2B A3 38 29 00 7D 00 00 64 E3 21 CD 00 00 00 00 00 00 00 00 00 00 00 00 00 00 00 00 00 00 00 00 00 00 00 00 00 00 00 00 00 00 00 00 00 00 00 00 00 00 00 00 00 00 00 00 00 00 00 00 B2 ED E6 52 7E
[ 21303][16:44:07.323]7E FF 02 FF 39 BA D5 AC 32 01 2C 00 F3 C5 A8 7C 00 49 00 94 00 01 00 01 8D DD 2E 01 E0 02 03 29 14 88 50 00 0B A4 D0 10 00 AA 00 03 90 3F 30 10 88 FF 00 00 2A 00 00 11 08 00 00 01 03 01 00 DD 50 99 64 62 79 15 00 B2 FF 54 93 00 00 00 00 00 00 00 00 00 00 00 00 00 00 00 00 00 00 00 00 00 00 00 00 00 00 00 00 00 00 00 00 00 00 00 00 00 00 00 00 00 00 00 00 00 00 00 00 00 00 00 00 00 00 00 00 00 00 00 00 00 00 00 00 00 00 00 00 00 00 00 00 00 00 00 00 00 00 00 00 00 00 00 00 00 00 00 00 00 00 00 00 00 00 00 00 47 E3 07 F9 7E
[ 21304][16:44:07.338]7E FF 02 FF 3A BA EB AC 32 01 04 02 62 58 B1 7C 00 49 00 94 00 01 00 01 8D DD 2E 01 E0 02 03 29 14 88 50 00 0B A4 D0 10 00 19 00 03 91 3F 30 10 88 FF 00 00 2A 00 00 11 08 00 00 01 03 01 00 E3 50 01 72 50 79 15 00 DB 78 A4 47 00 00 00 00 00 00 00 00 00 00 00 00 00 00 00 00 00 00 00 00 00 00 00 00 00 00 00 00 00 00 00 00 00 00 00 00 00 00 00 00 00 00 00 00 00 00 00 00 00 00 00 00 00 00 00 00 00 00 00 00 00 00 00 00 00 00 00 00 00 00 00 00 00 00 00 00 00 00 00 00 00 00 00 00 00 00 00 00 00 00 00 00 00 00 00 00 94 B8 09 A6 7E
[ 21305][16:44:07.353]7E FF 02 FF 3B BA FA AC 32 01 D0 02 6A 25 B7 7C 00 49 00 94 00 01 00 01 8D DD 2E 01 E0 02 03 29 14 88 50 00 0B A4 D0 10 00 5C 00 03 92 3F 30 10 88 FF 00 00 2A 00 00 11 08 00 00 01 03 01 00 E1 52 97 64 60 79 15 00 52 01 AA 46 00 00 00 00 00 00 00 00 00 00 00 00 00 00 00 00 00 00 00 00 00 00 00 00 00 00 00 00 00 00 00 00 00 00 00 00 00 00 00 00 00 00 00 00 00 00 00 00 00 00 00 00 00 00 00 00 00 00 00 00 00 00 00 00 00 00 00 00 00 00 00 00 00 00 00 00 00 00 00 00 00 00 00 00 00 00 00 00 00 00 00 00 00 00 00 00 6E 01 D2 BB 7E
[ 21306][16:44:07.383]7E FF 02 FF 3C BA B3 AC 32 01 BC 03 24 4C C2 7C 00 49 00 94 00 01 00 01 8D DD 2E 01 E0 02 03 29 14 88 50 00 0B A4 D0 10 00 1D 00 03 93 3F 30 10 88 FF 00 00 2A 00 00 11 08 00 00 01 03 01 00 E1 50 62 75 64 79 15 00 B4 B1 88 46 00 00 00 00 00 00 00 00 00 00 00 00 00 00 00 00 00 00 00 00 00 00 00 00 00 00 00 00 00 00 00 00 00 00 00 00 00 00 00 00 00 00 00 00 00 00 00 00 00 00 00 00 00 00 00 00 00 00 00 00 00 00 00 00 00 00 00 00 00 00 00 00 00 00 00 00 00 00 00 00 00 00 00 00 00 00 00 00 00 00 00 00 00 00 00 00 55 31 2E 32 7E
[ 21307][16:44:07.428]7E FF 02 FF 3D BA 39 AD 32 01 7A 02 0C 25 CF 7C 00 49 00 94 00 01 00 01 8D DD 2E 01 40 0A 00 16 15 B6 40 00 A1 67 26 10 00 A4 00 0A 94 3F 00 34 88 FF 00 00 2A 00 00 01 00 00 00 00 15 79 66 49 21 00 00 05 46 46 54 01 00 00 40 A4 00 01 01 2B A3 38 29 00 A0 0F 00 33 03 00 00 01 00 00 00 00 00 00 00 00 00 00 00 00 00 00 00 D9 71 38 89 00 00 00 00 00 00 00 00 00 00 00 00 00 00 00 00 00 00 00 00 00 00 00 00 00 00 00 00 00 00 00 00 00 00 00 00 00 00 00 00 00 00 00 00 00 00 00 00 00 00 00 00 00 00 00 00 00 00 00 00 96 DC 42 7C 7E
[ 21308][16:44:07.428]7E FF 02 FF 3E BA 4C AD 32 01 5C 01 26 4E D6 7C 00 49 00 10 00 01 00 02 8D DD 2E 10 01 10 04 01 03 04 00 00 0C C8 28 42 85 6A B8 7E
[ 21309][16:44:07.473]7E FF 02 FF 3F BA 02 AD 32 01 D0 00 6D 26 E0 7C 00 49 00 94 00 01 00 01 8D DD 2E 01 40 0A 00 16 15 B6 40 00 A1 67 26 10 00 A4 00 0A 95 3F 00 34 88 FF 00 00 2A 00 00 01 00 00 00 00 19 01 12 00 15 00 00 05 46 46 54 01 00 00 40 A4 00 01 01 A9 2C B3 3C 00 7D 00 00 0F 00 00 00 01 00 00 00 00 00 00 00 00 00 00 00 00 00 00 00 74 59 3F E2 00 00 00 00 00 00 00 00 00 00 00 00 00 00 00 00 00 00 00 00 00 00 00 00 00 00 00 00 00 00 00 00 00 00 00 00 00 00 00 00 00 00 00 00 00 00 00 00 00 00 00 00 00 00 00 00 00 00 00 00 72 4A F5 20 7E
[ 21310][16:44:07.473]7E FF 02 FF 40 BA 1F AD 32 01 10 02 4C 5B EB 7C 00 49 00 10 00 01 00 03 8D DD 2E 89 08 9A 1B B1 50 3B B4 03 BE 74 4A FF E6 60 97 7E
[ 21311][16:44:07.549]7E FF 02 FF 41 BA B9 AD 32 01 88 02 C1 FA FF 7C 00 49 00 94 00 01 00 01 8D DD 2E 01 10 13 01 16 15 B6 40 00 7D 0C 6D 10 00 31 01 03 8F 3F 00 34 88 FF 08 00 2A 00 00 00 00 05 46 46 54 22 03 23 23 12 26 05 00 00 00 00 00 00 00 88 01 31 01 3F 00 00 00 8F 1A 00 00 00 00 00 00 46 54 00 00 59 04 27 43 04 00 00 00 00 01 01 00 CB 01 73 00 2C 00 00 00 8E 1A 00 00 38 24 E6 D2 00 00 00 00 00 00 00 00 00 00 00 00 00 00 00 00 00 00 00 00 00 00 00 00 00 00 00 00 00 00 00 00 00 00 00 00 00 00 00 00 00 00 00 00 00 00 00 00 42 F6 E4 47 7E
[ 21312][16:44:07.640]7E FF 02 FF 42 BA 0E AE 32 01 DF 00 C9 3D 20 7D 00 49 00 94 00 01 00 01 8D DD 2E 01 10 13 01 16 15 B6 44 00 6C 0E E9 10 00 31 01 03 8F 3F 00 34 88 FF 08 00 2A 00 00 00 00 05 46 46 54 22 03 23 23 12 26 05 00 00 00 00 00 00 00 88 01 31 01 3F 00 00 00 8F 1A 00 00 00 00 00 00 46 54 00 00 59 04 27 43 04 00 00 00 00 01 01 00 CB 01 73 00 2C 00 00 00 8E 1A 00 00 38 24 E6 D2 00 00 00 00 00 00 00 00 00 00 00 00 00 00 00 00 00 00 00 00 00 00 00 00 00 00 00 00 00 00 00 00 00 00 00 00 00 00 00 00 00 00 00 00 00 00 00 00 F7 A2 89 F8 7E
[ 21313][16:44:07.700]7E FF 02 FF 43 BA 5E AE 32 01 D9 00 CF C7 3E 7D 00 49 00 10 00 01 00 02 8D DD 2E 10 01 E0 02 01 03 03 00 00 32 7E 38 13 74 DE 15 7E
[ 21314][16:44:07.745]7E FF 02 FF 44 BA 7C AE 32 01 4A 00 D9 25 4A 7D 00 49 00 94 00 01 00 01 8D DD 2E 01 E0 02 00 16 15 B6 40 00 47 DB B7 10 00 1F 00 0A 99 3F 00 34 88 FF 00 00 2A 00 00 01 00 00 00 22 03 23 23 11 69 00 00 05 46 46 54 01 00 00 40 1F 00 01 01 0B 3E 02 7E 00 7D 00 00 09 00 00 00 01 00 00 00 00 00 00 00 00 00 00 00 00 00 00 00 E6 FF 3E 80 00 00 00 00 00 00 00 00 00 00 00 00 00 00 00 00 00 00 00 00 00 00 00 00 00 00 00 00 00 00 00 00 00 00 00 00 00 00 00 00 00 00 00 00 00 00 00 00 00 00 00 00 00 00 00 00 00 00 00 00 3D E3 27 35 7E
[ 21315][16:44:08.060]7E FF 02 FF 45 BA B4 AF 32 01 40 01 FC 41 C1 7D 00 49 00 94 00 01 00 01 8D DD 2E 01 70 1D 03 29 14 88 50 00 60 D9 E0 10 00 D7 01 03 96 3F 30 10 88 FF 00 00 2A 00 00 11 08 00 00 01 03 01 00 7F 02 15 85 48 79 15 00 4B 92 3F 7C 00 00 00 00 00 00 00 00 00 00 00 00 00 00 00 00 00 00 00 00 00 00 00 00 00 00 00 00 00 00 00 00 00 00 00 00 00 00 00 00 00 00 00 00 00 00 00 00 00 00 00 00 00 00 00 00 00 00 00 00 00 00 00 00 00 00 00 00 00 00 00 00 00 00 00 00 00 00 00 00 00 00 00 00 00 00 00 00 00 00 00 00 00 00 00 00 92 D3 26 52 7E
[ 21316][16:44:08.090]7E FF 02 FF 46 BA 72 AF 32 01 7B 01 DB 3F CE 7D 00 49 00 94 00 01 00 01 8D DD 2E 01 70 1D 03 29 14 88 54 00 71 DB 64 10 00 D7 01 03 96 3F 30 10 88 FF 00 00 2A 00 00 11 08 00 00 01 03 01 00 7F 02 15 85 48 79 15 00 4B 92 3F 7C 00 00 00 00 00 00 00 00 00 00 00 00 00 00 00 00 00 00 00 00 00 00 00 00 00 00 00 00 00 00 00 00 00 00 00 00 00 00 00 00 00 00 00 00 00 00 00 00 00 00 00 00 00 00 00 00 00 00 00 00 00 00 00 00 00 00 00 00 00 00 00 00 00 00 00 00 00 00 00 00 00 00 00 00 00 00 00 00 00 00 00 00 00 00 00 00 6B E5 63 AB 7E
[ 21317][16:44:08.121]7E FF 02 FF 47 BA F3 AF 32 01 98 00 21 3A D9 7D 00 49 00 94 00 01 00 01 8D DD 2E 01 00 21 03 29 14 88 50 00 FD 1A 2F 10 00 CB 00 03 97 3F 30 10 88 FF 00 00 2A 00 00 11 08 00 00 01 03 01 00 C0 50 41 35 61 79 15 00 9F 0C 41 9D 00 00 00 00 00 00 00 00 00 00 00 00 00 00 00 00 00 00 00 00 00 00 00 00 00 00 00 00 00 00 00 00 00 00 00 00 00 00 00 00 00 00 00 00 00 00 00 00 00 00 00 00 00 00 00 00 00 00 00 00 00 00 00 00 00 00 00 00 00 00 00 00 00 00 00 00 00 00 00 00 00 00 00 00 00 00 00 00 00 00 00 00 00 00 00 00 43 7C 38 C7 7E
[ 21318][16:44:08.210]7E FF 02 FF 48 BA 53 B0 32 01 7C 02 61 08 FE 7D 00 49 00 94 00 01 00 01 8D DD 2E 01 00 21 03 29 14 88 54 00 EC 18 AB 10 00 CB 00 03 97 3F 30 10 88 FF 00 00 2A 00 00 11 08 00 00 01 03 01 00 C0 50 41 35 61 79 15 00 9F 0C 41 9D 00 00 00 00 00 00 00 00 00 00 00 00 00 00 00 00 00 00 00 00 00 00 00 00 00 00 00 00 00 00 00 00 00 00 00 00 00 00 00 00 00 00 00 00 00 00 00 00 00 00 00 00 00 00 00 00 00 00 00 00 00 00 00 00 00 00 00 00 00 00 00 00 00 00 00 00 00 00 00 00 00 00 00 00 00 00 00 00 00 00 00 00 00 00 00 00 95 D2 73 A9 7E
[ 21319][16:44:08.240]7E FF 02 FF 49 BA 66 B0 32 01 15 02 96 3D 05 7E 00 3D 02 15 01 01 00 00 EC A8 22 50 B3 81 BA 01 B0 B0 02 00 42 80 EF CA D5 00 00 90 98 01 63 23 01 00 00 20 02 00 00 00 00 00 00 05 00 0F 01 00 00 64 00 00 90 98 01 63 04 00 00 01 0A 90 01 44 01 3C 00 3C 00 06 0A DE 07 00 00 8F C8 7C BA C0 47 00 12 33 00 05 17 32 00 00 00 00 B3 10 80 BA 1D 27 00 00 17 00 02 10 09 10 23 10 24 10 3D 10 4F 00 50 00 51 00 52 00 53 00 54 00 55 00 56 00 57 00 58 00 59 00 5A 00 5B 80 70 17 00 01 E8 03 00 02 C4 09 00 03 03 04 5A 05 64 F6 7B 00 7C 00 7E 00 7F 00 80 00 81 00 83 00 84 00 85 00 87 00 89 00 8A 00 8D 00 82 00 8C 00 8E 00 88 00 7D 00 86 00 8B 00 8F 00 90 00 91 00 17 00 1D 00 2C 00 2A 00 1B 00 08 00 0C 00 06 80 04 29 00 01 F4 01 00 02 C4 09 00 03 03 04 32 05 57 00 58 00 59 00 5A 00 5B 00 5C 00 5D 00 5E 00 5F 00 60 00 61 00 62 00 63 00 64 00 65 80 1C 25 00 01 F4 01 00 02 DC 05 00 03 03 04 32 05 61 CF C1 D4 16 FC F9 4E 7E
[ 21320][16:44:08.271]7E FF 02 FF 4A BA 7B B0 32 01 63 01 37 2F 0D 7E 00 3E 03 15 01 01 00 00 EC A8 22 EA A4 89 BA 01 B0 B0 04 00 42 9E CE CA D5 00 00 90 98 01 63 23 01 00 00 20 02 00 00 00 00 00 00 05 00 0F 01 00 00 64 00 00 90 98 01 63 04 00 00 01 0A 90 01 44 01 3C 00 3C 00 06 0A DE 07 00 00 8F C8 7C BA C0 47 00 12 33 00 05 17 32 00 00 00 00 B3 10 80 BA 1D 27 00 00 17 00 02 10 09 10 23 10 24 10 3D 10 4F 00 50 00 51 00 52 00 53 00 54 00 55 00 56 00 57 00 58 00 59 00 5A 00 5B 80 70 17 00 01 E8 03 00 02 C4 09 00 03 03 04 5A 05 64 F6 7B 00 7C 00 7E 00 7F 00 80 00 81 00 83 00 84 00 85 00 87 00 89 00 8A 00 8D 00 82 00 8C 00 8E 00 88 00 7D 00 86 00 8B 00 8F 00 90 00 91 00 17 00 1D 00 2C 00 2A 00 1B 00 08 00 0C 00 06 80 04 29 00 01 F4 01 00 02 C4 09 00 03 03 04 32 05 57 00 58 00 59 00 5A 00 5B 00 5C 00 5D 00 5E 00 5F 00 60 00 61 00 62 00 63 00 64 00 65 80 1C 25 00 01 F4 01 00 02 DC 05 00 03 03 04 32 05 61 CF C1 D4 4B ED 6A 2A 7E
[ 21321][16:44:08.301]7E FF 02 FF 4B BA 2E B0 32 01 53 01 98 F3 15 7E 00 3E 02 15 01 01 00 00 EC A8 22 4B 69 92 BA 01 B0 B0 06 00 4B 30 46 CA D5 00 00 90 98 01 63 23 01 00 00 20 02 00 00 00 00 00 00 05 00 0F 01 00 00 64 00 00 90 98 01 63 04 00 00 01 0A 90 01 44 01 3C 00 3C 00 06 0A DE 07 00 00 8F C8 7C BA C0 47 00 12 33 00 05 17 32 00 00 00 00 B3 10 80 BA 1D 27 00 00 17 00 02 10 09 10 23 10 24 10 3D 10 4F 00 50 00 51 00 52 00 53 00 54 00 55 00 56 00 57 00 58 00 59 00 5A 00 5B 80 70 17 00 01 E8 03 00 02 C4 09 00 03 03 04 5A 05 64 F6 7B 00 7C 00 7E 00 7F 00 80 00 81 00 83 00 84 00 85 00 87 00 89 00 8A 00 8D 00 82 00 8C 00 8E 00 88 00 7D 00 86 00 8B 00 8F 00 90 00 91 00 17 00 1D 00 2C 00 2A 00 1B 00 08 00 0C 00 06 80 04 29 00 01 F4 01 00 02 C4 09 00 03 03 04 32 05 57 00 58 00 59 00 5A 00 5B 00 5C 00 5D 00 5E 00 5F 00 60 00 61 00 62 00 63 00 64 00 65 80 1C 25 00 01 F4 01 00 02 DC 05 00 03 03 04 32 05 61 CF C1 D4 D5 45 DA D2 7E
[ 21322][16:44:08.331]7E FF 02 FF 4C BA 44 B0 32 01 33 01 A6 54 1E 7E 00 49 01 15 01 01 00 00 EC A8 22 A8 CB 9A BA 02 B0 B0 06 00 D1 4E 03 C9 D5 00 00 90 98 01 63 23 01 00 00 20 02 00 00 00 00 00 00 05 00 0F 02 10 00 4E 01 18 01 00 00 03 12 01 03 01 0A 90 01 44 01 3C 00 3C 00 06 0A DE 07 00 00 8F C8 7C BA C0 47 00 12 33 00 05 17 32 00 00 00 00 B3 10 80 BA 1D 27 00 00 17 00 02 10 09 10 23 10 24 10 3D 10 4F 00 50 00 51 00 52 00 53 00 54 00 55 00 56 00 57 00 58 00 59 00 5A 00 5B 80 70 17 00 01 E8 03 00 02 C4 09 00 03 03 04 5A 05 99 C4 7B 00 7C 00 7E 00 7F 00 80 00 81 00 83 00 84 00 85 00 87 00 89 00 8A 00 8D 00 82 00 8C 00 8E 00 88 00 7D 00 86 00 8B 00 8F 00 90 00 91 00 17 00 1D 00 2C 00 2A 00 1B 00 08 00 0C 00 06 80 04 29 00 01 F4 01 00 02 C4 09 00 03 03 04 32 05 57 00 58 00 59 00 5A 00 5B 00 5C 00 5D 00 5E 00 5F 00 60 00 61 00 62 00 63 00 64 00 65 80 1C 25 00 01 F4 01 00 02 DC 05 00 03 03 04 32 05 1B 66 DD 6B 9D EC 6E 5D 7E
[ 21323][16:44:08.362]7E FF 02 FF 4D BA BF B0 32 01 27 01 7F 1A 27 7E 00 49 01 15 01 01 00 00 EC A8 22 71 91 A3 BA 09 B0 B0 06 00 0C C5 E7 C9 D5 00 00 90 98 01 63 23 01 00 00 20 02 00 00 00 00 00 00 05 00 0F 09 10 00 4F 01 21 01 00 00 19 12 02 03 01 0A 90 01 44 01 3C 00 3C 00 06 0A DE 07 00 00 8F C8 7C BA C0 47 00 12 33 00 05 17 32 00 00 00 00 B3 10 80 BA 1D 27 00 00 17 00 02 10 09 10 23 10 24 10 3D 10 4F 00 50 00 51 00 52 00 53 00 54 00 55 00 56 00 57 00 58 00 59 00 5A 00 5B 80 70 17 00 01 E8 03 00 02 C4 09 00 03 03 04 5A 05 98 42 7B 00 7C 00 7E 00 7F 00 80 00 81 00 83 00 84 00 85 00 87 00 89 00 8A 00 8D 00 82 00 8C 00 8E 00 88 00 7D 00 86 00 8B 00 8F 00 90 00 91 00 17 00 1D 00 2C 00 2A 00 1B 00 08 00 0C 00 06 80 04 29 00 01 F4 01 00 02 C4 09 00 03 03 04 32 05 57 00 58 00 59 00 5A 00 5B 00 5C 00 5D 00 5E 00 5F 00 60 00 61 00 62 00 63 00 64 00 65 80 1C 25 00 01 F4 01 00 02 DC 05 00 03 03 04 32 05 5D CE B4 DC 7E 8E 45 9F 7E
[ 21324][16:44:08.377]7E FF 02 FF 4E BA 89 B0 32 01 A8 01 42 B3 38 7E 00 49 00 15 01 01 00 00 EC A8 22 39 2A B5 BA 24 B0 B0 02 00 74 F6 90 C9 D5 00 00 90 98 01 63 23 01 00 00 20 02 00 00 00 00 00 00 05 00 0F 24 10 00 54 01 23 01 00 00 06 12 02 01 01 0A 90 01 44 01 3C 00 3C 00 06 0A DE 07 00 00 8F C8 7C BA C0 47 00 12 33 00 05 17 32 00 00 00 00 B3 10 80 BA 1D 27 00 00 17 00 02 10 09 10 23 10 24 10 3D 10 4F 00 50 00 51 00 52 00 53 00 54 00 55 00 56 00 57 00 58 00 59 00 5A 00 5B 80 70 17 00 01 E8 03 00 02 C4 09 00 03 03 04 5A 05 4A E8 7B 00 7C 00 7E 00 7F 00 80 00 81 00 83 00 84 00 85 00 87 00 89 00 8A 00 8D 00 82 00 8C 00 8E 00 88 00 7D 00 86 00 8B 00 8F 00 90 00 91 00 17 00 1D 00 2C 00 2A 00 1B 00 08 00 0C 00 06 80 04 29 00 01 F4 01 00 02 C4 09 00 03 03 04 32 05 57 00 58 00 59 00 5A 00 5B 00 5C 00 5D 00 5E 00 5F 00 60 00 61 00 62 00 63 00 64 00 65 80 1C 25 00 01 F4 01 00 02 DC 05 00 03 03 04 32 05 CE C8 12 B9 50 5C 08 52 7E
[ 21325][16:44:08.453]7E FF 02 FF 4F BA 32 B1 32 01 25 01 6A FA 52 7E 00 49 01 15 01 01 00 00 EC A8 22 73 71 CF BA 50 B0 B0 06 00 D6 80 18 C8 D5 00 00 90 98 01 63 23 01 00 00 20 02 00 00 00 00 00 00 05 00 0F 50 10 00 40 01 15 01 00 00 02 11 02 03 01 0A 90 01 44 01 3C 00 3C 00 06 0A DE 07 00 00 8F C8 7C BA C0 23 00 12 33 00 05 17 32 00 00 00 00 B3 10 80 BA 1D 27 00 00 17 00 70 17 00 01 E8 03 00 02 C4 09 00 03 03 04 5A 05 52 00 53 00 54 00 55 00 56 00 57 00 58 00 59 00 5A 00 5B 80 70 17 00 01 E8 03 00 02 C4 09 00 03 03 04 5A 05 CC FB 7B 00 7C 00 7E 00 7F 00 80 00 81 00 83 00 84 00 85 00 87 00 89 00 8A 00 8D 00 82 00 8C 00 8E 00 88 00 7D 00 86 00 8B 00 8F 00 90 00 91 00 17 00 1D 00 2C 00 2A 00 1B 00 08 00 0C 00 06 80 04 29 00 01 F4 01 00 02 C4 09 00 03 03 04 32 05 57 00 58 00 59 00 5A 00 5B 00 5C 00 5D 00 5E 00 5F 00 60 00 61 00 62 00 63 00 64 00 65 80 1C 25 00 01 F4 01 00 02 DC 05 00 03 03 04 32 05 34 9B B6 45 EE 58 7F 63 7E
[ 21326][16:44:08.513]7E FF 02 FF 50 BA 8A B1 32 01 A9 02 15 B7 74 7E 00 49 01 10 00 01 00 02 8D DD 2E 10 01 E0 02 01 02 00 00 00 23 0E 7C 4A CD 38 37 7E
[ 21327][16:44:08.543]7E FF 02 FF 51 BA 9E B1 32 01 90 00 AD 1C 7C 7E 00 49 00 94 00 01 00 01 8D DD 2E 01 E0 02 00 16 15 B6 40 00 47 DB B7 10 00 55 00 0A 9A 3F 00 34 88 FF 00 00 2A 00 00 01 00 00 00 00 19 01 10 00 26 00 00 05 46 46 54 01 00 00 50 55 00 01 01 A9 2C B3 3C 00 7D 00 00 08 00 00 00 01 00 00 00 00 00 00 00 00 00 00 00 00 00 00 00 E7 43 1C E3 00 00 00 00 00 00 00 00 00 00 00 00 00 00 00 00 00 00 00 00 00 00 00 00 00 00 00 00 00 00 00 00 00 00 00 00 00 00 00 00 00 00 00 00 00 00 00 00 00 00 00 00 00 00 00 00 00 00 00 00 04 B2 E3 B1 7E
[ 21328][16:44:08.603]7E FF 02 FF 52 BA E9 B1 32 01 46 00 60 B9 98 7E 00 49 00 10 00 01 00 02 8D DD 2E 10 01 30 00 01 02 00 00 00 17 C8 24 0F 8B 5E D2 7E
[ 21329][16:44:08.618]7E FF 02 FF 53 BA 01 B2 32 01 C0 02 BB 1D A2 7E 00 49 00 10 00 01 00 02 8D DD 2E 10 01 E0 02 01 03 01 00 00 33 5E 3C E3 A7 BC 0D 7E
[ 21330][16:44:08.648]7E FF 02 FF 54 BA 05 B2 32 01 19 00 11 5C A3 7E 00 49 00 94 00 01 00 01 8D DD 2E 01 30 00 00 16 15 B6 40 00 80 53 29 10 00 03 00 0A 9B 3F 00 34 88 FF 00 00 2A 00 00 01 00 00 00 00 19 01 12 00 41 00 00 05 46 46 54 01 00 00 00 03 00 01 01 2B A3 38 29 00 7D 00 00 13 00 00 00 01 00 00 00 00 00 00 00 00 00 00 00 00 00 00 00 7A 71 52 64 00 00 00 00 00 00 00 00 00 00 00 00 00 00 00 00 00 00 00 00 00 00 00 00 00 00 00 00 00 00 00 00 00 00 00 00 00 00 00 00 00 00 00 00 00 00 00 00 00 00 00 00 00 00 00 00 00 00 00 00 30 CC 33 06 7E
[ 21331][16:44:08.708]7E FF 02 FF 55 BA CB B1 32 01 31 01 6A 7C B3 7E 00 49 01 15 01 01 00 00 EC A8 22 5F F3 2F BB 5B B0 B0 02 00 90 3D B7 C8 D5 00 00 90 98 01 63 23 01 00 00 20 02 00 00 00 00 00 00 05 00 0F 5B 10 00 3D 01 23 01 00 00 15 11 02 01 01 0A 90 01 44 01 3C 00 3C 00 06 0A DE 07 00 00 8F C8 7C BA C0 23 00 12 33 00 05 17 32 00 00 00 00 B3 10 80 BA 1D 27 00 00 17 00 70 17 00 01 E8 03 00 02 C4 09 00 03 03 04 5A 05 52 00 53 00 54 00 55 00 56 00 57 00 58 00 59 00 5A 00 5B 80 70 17 00 01 E8 03 00 02 C4 09 00 03 03 04 5A 05 AD CF 7B 00 7C 00 7E 00 7F 00 80 00 81 00 83 00 84 00 85 00 87 00 89 00 8A 00 8D 00 82 00 8C 00 8E 00 88 00 7D 00 86 00 8B 00 8F 00 90 00 91 00 17 00 1D 00 2C 00 2A 00 1B 00 08 00 0C 00 06 80 04 29 00 01 F4 01 00 02 C4 09 00 03 03 04 32 05 57 00 58 00 59 00 5A 00 5B 00 5C 00 5D 00 5E 00 5F 00 60 00 61 00 62 00 63 00 64 00 65 80 1C 25 00 01 F4 01 00 02 DC 05 00 03 03 04 32 05 1A 47 E5 D6 2E 3B 93 B2 7E
[ 21332][16:44:08.767]7E FF 02 FF 56 BA 50 B2 32 01 4A 00 C1 FB BF 7E 00 3E 03 14 02 01 00 01 EC A8 22 01 F0 FF 01 BF 18 7B 83 00 80 9F F5 10 00 FF 2F 01 21 02 00 C7 88 11 00 00 D5 00 00 08 00 00 00 01 00 00 04 00 00 90 98 01 63 00 00 90 98 01 63 00 00 64 64 90 00 13 00 47 01 13 00 64 00 00 00 FC FF FD FF FF FF FF FF FF FF FF FF FF FF FF FF FF FF 07 12 08 08 07 06 04 0A 12 08 08 09 06 09 08 07 08 09 06 09 06 07 08 09 07 06 05 0C 07 05 05 08 08 11 11 09 06 07 07 06 07 07 08 08 09 0A 08 09 09 08 07 09 09 08 09 08 09 08 08 10 06 09 05 05 06 05 05 05 05 06 06 05 06 04 05 04 05 04 05 05 05 04 04 05 04 06 05 05 05 06 05 05 06 05 05 06 04 06 05 05 05 04 05 05 05 04 05 05 05 06 05 05 04 05 04 05 05 05 06 06 06 06 05 04 05 06 05 05 05 05 06 05 03 05 03 05 04 05 05 04 04 03 03 04 00 41 0B 02 11 00 00 00 00 00 00 00 00 00 00 00 00 00 00 00 00 00 00 00 00 00 00 00 00 00 00 00 00 00 00 00 00 00 00 00 00 00 00 00 00 00 00 00 00 00 00 00 00 00 00 00 00 00 00 00 00 00 00 00 00 00 00 00 00 00 00 00 00 00 00 00 00 00 00 00 00 00 00 00 00 00 00 00 00 00 00 00 00 00 00 00 00 00 00 00 00 00 00 00 00 00 00 00 00 00 00 00 00 00 00 00 00 00 00 00 00 00 00 00 00 00 00 00 00 00 00 00 00 00 00 00 00 00 00 00 00 00 00 00 00 00 00 00 00 00 00 00 00 00 00 00 00 00 00 00 00 00 00 00 00 00 00 00 00 00 00 00 00 00 00 00 00 00 00 00 00 00 00 00 00 00 00 00 00 00 00 00 00 00 00 00 00 00 00 00 00 00 00 00 00 00 00 00 00 00 00 00 00 00 00 00 00 00 00 00 00 00 00 00 00 00 00 00 00 00 00 00 00 00 00 00 00 00 00 00 00 00 00 00 00 00 00 00 00 00 00 00 00 00 00 00 00 00 00 00 00 00 00 00 00 00 00 00 00 00 00 00 00 00 00 00 00 00 00 00 00 00 00 00 00 00 00 00 00 00 00 00 00 00 00 00 00 00 00 00 00 00 22 79 92 BA 7E
[ 21333][16:44:08.767]7E FF 02 FF 57 BA 66 B2 32 01 FB 02 27 AA C8 7E 00 3E 03 10 00 01 00 02 8D DD 2E 10 01 10 20 01 01 00 00 00 26 21 A5 0E 7B 41 97 7E
[ 21334][16:44:08.783]7E FF 02 FF 58 BA 6D B2 32 01 0F 00 85 08 CB 7E 00 49 00 94 00 01 00 01 EC A8 22 80 20 00 00 16 15 B6 40 00 32 DD 35 00 08 01 00 0D 73 00 30 42 80 FF 00 00 D5 00 00 11 03 00 00 01 02 63 03 45 00 01 00 68 34 00 83 05 02 00 00 01 18 01 00 70 36 85 01 01 00 10 02 00 01 01 05 06 00 00 02 00 06 00 00 02 00 06 00 00 02 00 06 00 00 02 00 06 00 00 02 00 00 00 C2 92 16 2E 34 46 14 00 00 00 00 00 00 00 00 00 00 00 00 00 00 00 00 00 00 00 00 00 00 00 00 00 00 00 00 00 00 00 00 00 00 00 00 00 00 00 00 00 00 00 00 00 00 79 5F AD 5A 7E
[ 21335][16:44:08.797]7E FF 02 FF 59 BA 14 B2 32 01 44 00 2F 45 CF 7E 00 49 00 10 00 01 00 02 EC A8 22 10 02 00 08 01 03 01 00 00 D9 74 62 23 AD 9D 98 7E
[ 21336][16:44:09.008]7E FF 02 FF 5A BA 7E B3 32 01 47 03 64 81 33 7F 00 49 00 10 00 01 00 03 EC A8 22 E3 01 05 24 8D DD 2E 20 02 5A B7 4D E2 D6 8F 7C 7E
[ 21337][16:44:09.248]7E FF 02 FF 5B BA 48 B4 32 01 00 02 46 6A 80 7F 00 49 01 14 01 01 00 01 EC A8 22 4A F0 FF 00 34 18 60 C3 00 47 E4 EF A0 04 FF 2F 01 12 00 00 BB C8 11 00 00 D5 00 00 08 00 00 00 4A 10 00 11 01 21 01 00 00 07 00 00 90 98 01 63 03 02 3A 59 82 00 09 01 4C 01 13 00 45 00 00 00 01 30 FE FF FD FF FF FF FF FF FF FB 7F FB BF 9E 56 2F FF 7F 07 11 10 06 06 01 01 01 09 11 06 07 07 04 07 06 06 07 07 05 07 01 06 00 08 07 02 05 0B 07 01 05 07 00 10 0F 07 05 06 07 03 04 06 02 07 07 07 01 07 07 00 01 07 07 06 07 07 07 06 07 00 06 08 06 05 06 06 00 06 06 06 06 06 04 06 03 06 06 06 06 06 06 06 06 05 06 05 06 06 06 06 06 06 06 01 06 03 06 06 06 05 05 01 06 06 06 06 06 06 06 06 06 04 06 06 05 05 06 05 04 05 04 05 04 05 05 03 04 04 04 00 47 52 97 36 00 00 00 00 00 00 00 00 00 00 00 00 00 00 00 00 00 00 00 00 00 00 00 00 00 00 00 00 00 00 00 00 00 00 00 00 00 00 00 00 00 00 00 00 00 00 00 00 00 00 00 00 00 1D 22 EA 9F 7E
[ 21338][16:44:09.278]7E FF 02 FF 5C BA 5F B4 32 01 9B 01 10 26 89 7F 00 49 00 14 01 01 00 01 EC A8 22 09 F0 FF 00 34 18 60 C3 00 0C E4 FF 90 00 FF 2F 01 65 00 00 C9 80 11 00 00 D5 00 00 08 00 00 00 09 10 00 12 01 21 01 00 00 19 00 00 90 98 01 63 03 02 5D 64 90 00 14 01 5A 01 13 00 44 00 00 00 01 30 FE FD FD FF FF FF FF FF FF FF FF FF FF FF FF FF FF FF 07 13 13 09 09 07 08 07 0B 09 09 0A 07 0A 08 08 09 09 07 09 07 08 09 0A 09 08 07 0D 0A 07 06 08 08 12 11 09 07 08 09 04 07 08 09 09 09 08 08 09 09 08 08 0A 0A 08 0A 09 0A 09 0A 10 08 0A 06 05 06 06 05 06 05 06 06 06 06 04 06 06 06 06 05 06 06 06 06 06 05 06 06 05 05 06 06 06 06 06 06 06 05 06 06 06 05 06 06 06 05 05 06 06 06 06 05 06 06 06 06 05 06 06 06 06 06 06 06 04 06 06 06 06 05 05 06 05 04 05 04 05 04 05 05 03 04 03 04 04 00 DD 9B E4 3F 00 00 00 00 00 00 00 00 00 00 00 00 00 00 00 00 00 00 00 00 00 00 00 00 00 00 00 00 00 00 00 00 00 00 00 00 00 00 00 05 3A 51 2B 7E
[ 21339][16:44:09.278]7E FF 02 FF 5D BA 1A B4 32 01 2B 02 82 0D 95 7F 00 49 00 10 00 01 00 02 EC A8 22 10 01 D0 02 01 02 00 00 00 9C A3 76 4E FE 02 4A 7E
[ 21340][16:44:09.308]7E FF 02 FF 5E BA 1F B4 32 01 10 01 A8 D6 96 7F 00 49 00 14 01 01 00 01 EC A8 22 4C F0 FF 00 34 18 60 C3 00 41 E4 8F C0 04 FF 2F 01 94 00 00 C8 A0 11 00 00 D5 00 00 08 00 00 00 4C 10 00 11 01 21 01 00 00 09 00 00 90 98 01 63 03 02 30 59 8F 00 09 01 4B 01 13 00 40 00 00 00 01 30 FE FF FD FF FF FF FF FF FF EF FF FF FF FF F7 FF FF FF 07 11 10 06 06 05 06 05 09 11 06 07 07 04 07 06 06 07 07 05 07 05 06 06 08 07 06 05 0B 07 05 05 07 06 10 0F 07 05 06 07 03 04 06 06 07 07 07 06 07 07 06 06 07 07 06 07 07 07 06 07 0E 06 08 06 05 06 06 05 06 06 06 06 06 06 04 06 06 06 05 06 06 06 06 06 05 06 06 05 04 06 06 06 06 06 06 06 05 06 06 06 05 06 06 06 05 05 06 06 06 06 05 06 06 06 05 06 05 06 06 06 06 06 04 06 06 06 06 05 05 06 05 04 05 04 05 04 05 05 03 04 03 04 04 00 E3 80 1C D2 00 00 00 00 00 00 00 00 00 00 00 00 00 00 00 00 00 00 00 00 00 00 00 00 00 00 00 00 00 00 00 00 00 00 00 00 00 00 00 00 06 BD 12 F3 7E
[ 21341][16:44:09.323]7E FF 02 FF 5F BA 9F B4 32 01 0B 02 6A 9B A1 7F 00 49 00 94 00 01 00 01 EC A8 22 02 10 00 00 16 15 B6 44 00 80 E9 95 20 00 01 00 0B 17 01 30 42 F8 FF 00 00 D5 00 00 11 03 00 00 01 02 63 03 46 00 01 00 68 34 00 83 05 03 00 00 01 18 01 00 A5 A9 85 01 01 00 10 02 00 01 01 05 06 00 00 02 00 06 00 00 02 00 06 00 00 02 00 06 00 00 02 00 06 00 00 02 00 00 00 C2 92 16 08 86 21 F2 00 00 00 00 00 00 00 00 00 00 00 00 00 00 00 00 00 00 00 00 00 00 00 00 00 00 00 00 00 00 00 00 00 00 00 00 00 00 00 00 00 00 00 00 00 00 F6 C1 3B A5 7E
[ 21342][16:44:09.323]7E FF 02 FF 60 BA AA B4 32 01 E5 02 5B E9 A5 7F 00 49 00 10 00 01 00 02 EC A8 22 10 01 20 00 01 03 00 00 00 B0 04 2A 05 FD CF C4 7E
[ 21343][16:44:09.338]7E FF 02 FF 61 BA AE B4 32 01 01 01 59 3A A7 7F 00 49 00 94 00 01 00 01 EC A8 22 02 10 00 00 16 15 B6 40 00 91 EB 11 00 08 01 00 0D 73 00 30 42 80 EF 00 00 D5 00 00 11 03 00 00 01 02 63 03 45 00 01 00 68 34 00 83 05 02 00 00 01 18 01 00 70 36 85 01 01 00 10 02 00 01 01 05 06 00 00 02 00 06 00 00 02 00 06 00 00 02 00 06 00 00 02 00 06 00 00 02 00 00 00 C2 92 16 2E 34 46 14 00 00 00 00 00 00 00 00 00 00 00 00 00 00 00 00 00 00 00 00 00 00 00 00 00 00 00 00 00 00 00 00 00 00 00 00 00 00 00 00 00 00 00 00 00 00 9A B4 91 55 7E
[ 21344][16:44:09.353]7E FF 02 FF 62 BA B9 B4 32 01 32 02 5D 90 AB 7F 00 49 00 10 00 01 00 02 EC A8 22 10 01 20 00 01 03 00 00 00 B0 04 2A 18 1C 1F 4E 7E
[ 21345][16:44:09.383]7E FF 02 FF 63 BA 86 B4 32 01 17 00 C1 06 BE 7F 00 49 00 94 00 01 00 01 EC A8 22 43 10 00 00 16 15 B6 44 00 C8 E9 21 30 04 01 00 0C EB 00 30 42 F8 FF 00 00 D5 00 00 11 03 00 00 01 02 63 03 42 00 01 00 68 34 00 83 05 02 00 00 01 17 01 00 B7 7C 85 01 01 00 10 02 00 01 01 05 06 00 00 02 00 06 00 00 02 00 06 00 00 02 00 06 00 00 02 00 06 00 00 02 00 00 00 C2 92 16 B9 B9 33 69 00 00 00 00 00 00 00 00 00 00 00 00 00 00 00 00 00 00 00 00 00 00 00 00 00 00 00 00 00 00 00 00 00 00 00 00 00 00 00 00 00 00 00 00 00 00 F9 A5 F0 F7 7E
[ 21346][16:44:09.398]7E FF 02 FF 64 BA 91 B4 32 01 E8 00 70 53 C2 7F 00 49 00 10 00 01 00 02 EC A8 22 10 01 30 04 01 03 01 00 00 35 25 68 01 4B F8 6F 7E
[ 21347][16:44:09.414]7E FF 02 FF 65 BA 99 B4 32 01 9C 01 D4 6E C5 7F 00 3F 02 94 00 01 00 01 EC A8 22 01 D0 07 03 16 15 B6 40 00 AC CC BD 10 00 7D 00 03 25 02 30 3E 88 FF 00 00 D5 00 00 11 03 00 00 01 02 23 03 49 00 28 0A 68 17 00 43 05 03 00 00 01 19 01 00 F4 CD 05 01 01 00 10 02 00 00 FE 19 16 68 17 00 43 05 03 00 00 01 19 01 00 F4 CD 05 01 01 40 00 02 00 00 7D 1B 16 9A E3 78 E7 00 00 00 00 00 00 00 00 00 00 00 00 00 00 00 00 00 00 00 00 00 00 00 00 00 00 00 00 00 00 00 00 00 00 00 00 00 00 00 00 00 00 00 00 00 00 00 00 00 00 39 31 B6 8F 7E
[ 21348][16:44:09.459]7E FF 02 FF 66 BA 2C B5 32 01 C8 02 7A 77 D7 7F 00 3F 02 94 00 01 00 01 EC A8 22 01 B0 08 03 16 15 B6 40 00 B4 4F D3 10 00 8B 00 03 26 02 30 3E 88 FF 00 00 D5 00 00 11 03 00 00 01 02 23 03 4A 00 28 0A 68 17 00 43 05 01 00 00 01 20 01 00 FF E0 05 01 01 00 10 02 00 00 FE 19 16 68 17 00 43 05 01 00 00 01 20 01 00 FF E0 05 01 01 40 00 02 00 00 7D 1B 16 4D FC B9 D8 00 00 00 00 00 00 00 00 00 00 00 00 00 00 00 00 00 00 00 00 00 00 00 00 00 00 00 00 00 00 00 00 00 00 00 00 00 00 00 00 00 00 00 00 00 00 00 00 00 00 B2 74 A2 D8 7E
[ 21349][16:44:09.489]7E FF 02 FF 67 BA E1 B4 32 01 E9 01 37 EB E0 7F 00 3F 02 94 00 01 00 01 EC A8 22 01 90 00 03 16 15 B6 40 00 D6 63 52 10 00 90 00 03 27 02 30 3E 88 FF 00 00 D5 00 00 11 03 00 00 01 02 23 03 4B 00 28 0A 68 17 00 43 05 02 00 00 01 20 01 00 91 48 05 01 01 00 10 02 00 00 FE 19 16 68 17 00 43 05 02 00 00 01 20 01 00 91 48 05 01 01 40 00 02 00 00 7D 1B 16 76 52 B2 5B 00 00 00 00 00 00 00 00 00 00 00 00 00 00 00 00 00 00 00 00 00 00 00 00 00 00 00 00 00 00 00 00 00 00 00 00 00 00 00 00 00 00 00 00 00 00 00 00 00 00 DD 08 8C 7C 7E
[ 21350][16:44:09.489]7E FF 02 FF 68 BA EC B4 32 01 21 02 25 28 E5 7F 00 3F 02 10 00 01 00 02 EC A8 22 10 09 10 00 01 03 01 00 00 34 2C 4C 44 1E CD 23 7E
[ 21351][16:44:09.503]7E FF 02 FF 69 BA F5 B4 32 01 C5 02 37 A3 E8 7F 00 49 01 94 00 01 00 01 EC A8 22 09 00 09 03 16 15 B6 40 00 01 C8 26 10 00 90 00 03 27 02 30 3E 88 EF 00 00 D5 00 00 11 03 00 00 01 02 23 03 4B 00 28 0A 68 17 00 43 05 02 00 00 01 20 01 00 91 48 05 01 01 00 10 02 00 00 FE 19 16 68 17 00 43 05 02 00 00 01 20 01 00 91 48 05 01 01 40 00 02 00 00 7D 1B 16 76 52 B2 5B 00 00 00 00 00 00 00 00 00 00 00 00 00 00 00 00 00 00 00 00 00 00 00 00 00 00 00 00 00 00 00 00 00 00 00 00 00 00 00 00 00 00 00 00 00 00 00 00 00 00 B4 26 A6 92 7E
[ 21352][16:44:09.518]7E FF 02 FF 6A BA 68 B5 32 01 C6 03 A8 73 EE 7F 00 3E 02 94 00 01 00 01 EC A8 22 01 40 01 03 16 15 B6 40 00 09 88 AF 10 00 14 00 03 28 02 30 3E 88 FF 00 00 D5 00 00 11 03 00 00 01 02 23 03 4C 00 28 0A 68 17 00 43 05 03 00 00 01 20 01 00 44 D7 05 01 01 00 10 02 00 00 FE 19 16 68 17 00 43 05 03 00 00 01 20 01 00 44 D7 05 01 01 40 00 02 00 00 7D 1B 16 0C 6C 05 6B 00 00 00 00 00 00 00 00 00 00 00 00 00 00 00 00 00 00 00 00 00 00 00 00 00 00 00 00 00 00 00 00 00 00 00 00 00 00 00 00 00 00 00 00 00 00 00 00 00 00 3C 76 2E 30 7E
[ 21353][16:44:09.533]7E FF 02 FF 6B BA 7F B5 32 01 7C 02 6E 19 F7 7F 00 3E 02 94 00 01 00 01 EC A8 22 01 C0 01 03 16 15 B6 40 00 8D 18 BF 10 00 1C 00 03 29 02 30 3E 88 FF 00 00 D5 00 00 11 03 00 00 01 02 23 03 4D 00 28 0A 68 17 00 43 05 01 00 00 01 21 01 00 23 BA 05 01 01 00 10 02 00 00 FE 19 16 68 17 00 43 05 01 00 00 01 21 01 00 23 BA 05 01 01 40 00 02 00 00 7D 1B 16 EE AE D8 07 00 00 00 00 00 00 00 00 00 00 00 00 00 00 00 00 00 00 00 00 00 00 00 00 00 00 00 00 00 00 00 00 00 00 00 00 00 00 00 00 00 00 00 00 00 00 00 00 00 00 33 C2 EE E1 7E
[ 21354][16:44:09.548]7E FF 02 FF 6C BA 8A B5 32 01 95 02 FE 53 FB 7F 00 3E 02 10 00 01 00 02 EC A8 22 10 1C 10 00 01 03 01 00 00 80 3B 9C D8 AF 77 89 7E
[ 21355][16:44:10.251]7E FF 02 FF 6D BA F2 B7 32 01 6A 03 1F 4C 0C 81 00 3E 02 10 00 01 00 03 8D DD 2E 89 08 C7 10 B1 50 3B B4 03 83 D1 03 2F 8D 47 05 7E
[ 21356][16:44:10.595]7E FF 02 FF 6E BA B7 B9 32 01 B1 03 54 FC 92 81 00 3E 02 10 00 01 00 02 EC A8 22 10 01 30 02 01 03 00 00 00 B4 04 6A 4B CA CC AD 7E
[ 21357][16:44:10.670]7E FF 02 FF 6F BA 98 B9 32 01 44 02 2A 2B AD 81 00 3E 02 10 00 01 00 02 EC A8 22 10 01 E0 08 01 03 00 00 00 82 80 32 B5 52 A0 70 7E
[ 21358][16:44:10.685]7E FF 02 FF 70 BA 9E B9 32 01 5E 02 8A 6F AF 81 00 49 00 94 00 01 00 01 8D DD 2E 01 E0 02 03 29 14 88 50 00 0B A4 D0 10 00 AA 00 03 A0 3F 30 10 88 FF 00 00 2A 00 00 11 08 00 00 01 03 01 00 DD 50 99 64 62 79 15 00 B2 FF 54 93 00 00 00 00 00 00 00 00 00 00 00 00 00 00 00 00 00 00 00 00 00 00 00 00 00 00 00 00 00 00 00 00 00 00 00 00 00 00 00 00 00 00 00 00 00 00 00 00 00 00 00 00 00 00 00 00 00 00 00 00 00 00 00 00 00 00 00 00 00 00 00 00 00 00 00 00 00 00 00 00 00 00 00 00 00 00 00 00 00 00 00 00 00 00 00 00 C9 A6 09 3E 7E
[ 21359][16:44:10.745]7E FF 02 FF 71 BA 39 BA 32 01 92 01 7A 56 C4 81 00 3E 02 94 00 01 00 01 EC A8 22 01 20 08 03 16 15 B6 40 00 21 CD 07 10 00 82 00 03 2A 02 30 3E 88 FF 00 00 D5 00 00 11 03 00 00 01 02 23 03 4E 00 28 0A 68 17 00 43 05 02 00 00 01 21 01 00 4D 12 05 01 01 00 10 02 00 00 FE 19 16 68 17 00 43 05 02 00 00 01 21 01 00 4D 12 05 01 01 40 00 02 00 00 7D 1B 16 B9 53 98 87 00 00 00 00 00 00 00 00 00 00 00 00 00 00 00 00 00 00 00 00 00 00 00 00 00 00 00 00 00 00 00 00 00 00 00 00 00 00 00 00 00 00 00 00 00 00 00 00 00 00 DC 24 99 A6 7E
[ 21360][16:44:10.760]7E FF 02 FF 72 BA E0 B9 32 01 CB 01 50 94 C8 81 00 3E 02 10 00 01 00 02 EC A8 22 10 82 10 00 01 03 01 00 00 DA B6 F4 92 93 F6 1E 7E
[ 21361][16:44:10.790]7E FF 02 FF 73 BA EB B9 32 01 62 00 89 9E CC 81 00 49 00 14 01 01 00 01 EC A8 22 5D F0 FF 00 34 18 60 C3 00 53 E4 13 D0 05 FF 2F 01 DE 00 00 C8 F8 11 00 00 D5 00 00 08 00 00 00 5D 10 00 11 01 21 01 00 00 08 00 00 90 98 01 63 03 02 30 59 8F 00 09 01 4B 01 13 00 40 00 00 00 01 30 FE FF FD FF FF FF FF FF FF FF FF DF FF FF F7 FF FF FF 07 11 10 06 06 05 06 05 09 11 06 07 07 04 07 06 06 07 07 05 07 05 06 06 08 07 06 05 0B 07 05 05 07 06 10 0F 07 05 06 07 03 04 06 06 07 07 07 06 07 07 06 06 07 07 06 07 07 07 06 07 0E 06 08 06 05 06 06 05 06 06 06 06 06 06 04 06 06 06 06 06 06 06 06 06 06 05 06 06 05 04 06 06 06 06 06 06 05 06 06 06 05 06 06 06 05 05 06 06 06 06 05 06 06 06 05 06 05 06 06 06 06 06 04 06 06 06 06 05 05 06 05 04 05 04 05 04 05 05 03 04 03 04 04 00 76 21 27 7F 00 00 00 00 00 00 00 00 00 00 00 00 00 00 00 00 00 00 00 00 00 00 00 00 00 00 00 00 00 00 00 00 00 00 00 00 00 00 00 00 F9 A1 DD 5C 7E
[ 21362][16:44:10.805]7E FF 02 FF 74 BA 09 BA 32 01 5F 01 E7 26 D8 81 00 3F 02 94 00 01 00 01 EC A8 22 01 60 08 03 16 15 B6 40 00 63 85 0F 10 00 86 00 03 2B 02 30 3E 88 FF 00 00 D5 00 00 11 03 00 00 01 02 23 03 4F 00 28 0A 68 17 00 43 05 03 00 00 01 21 01 00 98 8D 05 01 01 00 10 02 00 00 FE 19 16 68 17 00 43 05 03 00 00 01 21 01 00 98 8D 05 01 01 40 00 02 00 00 7D 1B 16 77 98 F2 B2 00 00 00 00 00 00 00 00 00 00 00 00 00 00 00 00 00 00 00 00 00 00 00 00 00 00 00 00 00 00 00 00 00 00 00 00 00 00 00 00 00 00 00 00 00 00 00 00 00 00 8B F8 3E 3F 7E
[ 21363][16:44:10.805]7E FF 02 FF 75 BA 14 BA 32 01 95 01 8C 65 DC 81 00 3F 02 10 00 01 00 02 EC A8 22 10 86 10 00 01 03 00 00 00 5E A2 A4 6F 19 52 82 7E
[ 21364][16:44:10.910]7E FF 02 FF 76 BA F4 BA 32 01 09 02 21 BE 0B 82 00 3F 02 10 00 01 00 03 EC A8 22 E3 01 90 1C 8D DD 2E 20 02 D8 48 FB 33 27 34 DB 7E
[ 21365][16:44:11.044]7E FF 02 FF 77 BA 4A BB 32 01 5F 03 0E A8 2C 82 00 49 00 14 01 01 00 01 EC A8 22 47 F0 FF 00 34 18 60 C3 00 4B E4 BB 70 04 FF 2F 01 0C 00 00 C9 98 11 00 00 D5 00 00 08 00 00 00 47 10 00 11 01 12 01 00 00 01 00 00 90 98 01 63 03 03 35 59 90 00 0A 01 4C 01 13 00 4C 00 00 00 01 30 FE FF FD FF FF FF FF FF 7F FF FF FF FF FF FF FF FF FF 07 11 10 06 05 05 06 05 09 10 06 07 07 03 07 06 06 07 07 05 07 05 06 06 08 07 06 05 0B 06 04 05 07 06 10 0F 07 05 07 07 03 04 07 05 07 07 07 06 06 07 06 06 07 07 06 07 07 07 07 07 0E 06 07 06 06 06 06 05 06 06 06 06 06 06 06 06 06 06 06 06 06 06 06 06 05 06 06 05 05 06 06 06 06 06 06 06 05 06 06 06 05 06 06 06 05 05 06 06 06 06 05 06 06 06 06 05 05 06 06 06 06 06 05 04 06 06 06 06 05 05 06 05 03 05 04 05 04 05 05 05 04 03 04 04 00 A9 15 4D 57 00 00 00 00 00 00 00 00 00 00 00 00 00 00 00 00 00 00 00 00 00 00 00 00 00 00 00 00 00 00 00 00 00 00 00 00 00 00 00 11 06 A3 50 7E
[ 21366][16:44:11.224]7E FF 02 FF 78 BA 28 BC 32 01 A2 01 10 34 81 82 00 49 00 10 00 01 00 02 EC A8 22 10 01 F0 03 01 03 00 00 00 C5 CA D7 24 49 3C 59 7E
[ 21367][16:44:11.283]7E FF 02 FF 79 BA E8 BB 32 01 C7 01 A6 EB 8E 82 00 3A 02 94 00 01 00 01 EC A8 22 01 F0 03 01 16 15 B6 40 00 2C 7C FB 10 00 3F 00 03 2D 02 00 34 88 FF 08 00 D5 00 00 00 00 90 98 01 63 01 23 01 00 00 11 05 00 00 00 00 00 00 00 3F 00 01 00 40 00 00 00 D1 01 00 00 00 00 00 00 01 00 00 04 00 00 90 98 01 63 00 00 90 98 01 63 00 00 64 64 90 00 13 00 47 01 13 00 6A 93 E8 8D 00 00 00 00 00 00 00 00 00 00 00 00 00 00 00 00 00 00 00 00 00 00 00 00 00 00 00 00 00 00 00 00 00 00 00 00 00 00 00 00 00 00 00 00 00 00 00 00 D1 D8 16 61 7E
[ 21368][16:44:11.283]7E FF 02 FF 7A BA F3 BB 32 01 EF 01 12 27 93 82 00 3A 02 10 00 01 00 02 EC A8 22 10 3F 10 00 01 02 01 00 00 D3 5C 10 67 EE 5F 85 7E
[ 21369][16:44:12.750]7E FF 02 FF 7B BA F6 C1 32 01 32 00 2A E7 B7 84 00 49 00 14 01 01 00 01 EC A8 22 29 F0 FF 00 34 18 60 C3 00 28 E4 EF 90 02 FF 2F 01 88 00 00 CB 98 11 00 00 D5 00 00 08 00 00 00 29 10 00 11 01 12 01 00 00 08 00 00 90 98 01 63 03 03 55 64 90 00 07 02 47 01 13 00 50 00 00 00 01 30 19 00 FE FF FD FF FF FD FF FF FF FF FF FF FF FF FF FF FF FF 07 13 13 09 08 07 08 02 0B 12 09 09 09 06 0A 08 08 09 09 03 09 07 08 05 0A 09 08 05 0D 09 06 07 09 08 12 11 09 07 09 09 07 09 08 09 09 09 08 08 07 08 08 0A 0A 08 0A 09 0A 0A 0A 10 08 09 06 06 06 06 05 06 06 06 06 06 06 06 06 05 06 06 06 06 06 06 06 06 05 06 06 05 05 06 06 06 06 06 06 06 05 06 06 06 05 06 06 06 05 05 04 06 06 06 05 06 06 06 06 05 05 06 06 06 06 06 05 04 06 06 06 06 05 05 06 04 02 05 04 05 04 04 05 05 04 03 04 04 00 7E E2 C3 91 00 00 00 00 00 00 00 00 00 00 00 00 00 00 00 00 00 00 00 00 00 00 00 00 00 00 00 00 00 00 00 00 00 00 00 00 00 F4 92 D2 86 7E
[ 21370][16:44:12.810]7E FF 02 FF 7C BA 62 C2 32 01 F0 01 80 49 E1 84 00 49 00 10 00 01 00 03 EC A8 22 E3 01 22 15 8D DD 2E 20 02 26 F5 8E 05 D6 E3 4F 7E
[ 21371][16:44:13.333]7E FF 02 FF 7D BA 08 C4 32 01 EB 00 50 51 A8 85 00 49 00 10 00 01 00 02 8D DD 2E 10 01 E0 02 01 03 00 00 00 32 4E F8 98 55 F9 05 7E
[ 21372][16:44:13.648]7E FF 02 FF 7E BA 35 C5 32 01 29 02 C8 42 1B 86 00 49 00 10 00 01 00 02 8D DD 2E 10 01 90 05 01 02 01 00 00 7E 54 51 39 4C 83 1E 7E
[ 21373][16:44:13.662]7E FF 02 FF 7F BA 49 C5 32 01 05 03 46 F9 22 86 00 49 00 10 00 01 00 02 8D DD 2E 10 01 E0 02 01 03 02 00 00 33 6E FC 62 E4 24 0C 7E
[ 21374][16:44:13.692]7E FF 02 FF 80 BA 4E C5 32 01 F8 02 E0 D9 24 86 00 49 00 94 00 01 00 01 EC A8 22 00 90 00 00 16 15 B6 40 00 16 7B A5 00 00 09 00 04 4B 00 00 5C 88 FF 08 00 D5 00 00 01 23 01 00 00 16 01 21 01 00 00 19 00 00 00 00 01 23 01 00 00 16 09 00 23 00 24 00 02 00 00 00 03 03 00 05 6B 23 46 27 07 00 00 38 FF FF FF FF FF FF FF FF FF FF 23 05 10 19 01 01 03 43 9A 33 43 46 38 46 21 10 21 10 00 00 00 00 30 00 00 00 FF FF FF FF FF FF FF FF FF FF FF FF FF FF FF FF FF FF FF FF FF FF FF FF 65 16 E2 1F 00 00 00 00 00 00 00 00 00 A2 85 DE 7E
[ 21375][16:44:13.692]7E FF 02 FF 81 BA 59 C5 32 01 35 03 29 18 29 86 00 49 00 10 00 01 00 02 EC A8 22 10 09 00 00 01 03 01 00 00 B1 3C CA 5B FD 2B 80 7E
[ 21376][16:44:13.707]7E FF 02 FF 82 BA 5E C5 32 01 39 00 67 B1 2A 86 00 49 01 94 00 01 00 01 EC A8 22 09 10 00 00 16 15 B6 40 00 9B EB 25 90 00 01 00 04 68 00 00 5C 80 EF 00 00 D5 00 00 00 00 00 00 01 23 01 00 00 16 09 00 23 00 24 00 02 00 00 00 03 03 00 05 6B 23 46 27 07 00 00 38 FF FF FF FF FF FF FF FF FF FF 23 05 10 19 01 01 03 43 9A 33 43 46 38 46 21 10 21 10 00 00 00 00 30 00 00 00 FF FF FF FF FF FF FF FF FF FF FF FF FF FF FF FF FF FF FF FF FF FF FF FF 65 16 E2 1F 00 00 00 00 00 00 00 00 00 00 00 00 00 00 00 00 00 00 00 00 4D A4 C0 6D 7E
[ 21377][16:44:13.707]7E FF 02 FF 83 BA CD C5 32 01 AE 00 73 F3 2E 86 00 49 01 10 00 01 00 02 EC A8 22 10 01 90 00 01 02 00 00 00 0C F1 3C C7 97 C4 21 7E
[ 21378][16:44:13.752]7E FF 02 FF 84 BA A0 C5 32 01 10 03 40 2A 44 86 00 49 01 10 00 01 00 02 EC A8 22 10 09 00 09 01 01 01 00 00 D3 F6 EB 34 AC 9A 1E 7E
[ 21379][16:44:14.069]7E FF 02 FF 85 BA E0 C6 32 01 75 01 86 15 BE 86 00 49 01 10 00 01 00 03 8D DD 2E 89 08 DA 01 B1 50 3B B4 03 28 E0 00 40 59 DE BB 7E
[ 21380][16:44:14.187]7E FF 02 FF 86 BA 58 C7 32 01 67 03 FB 0B EC 86 00 49 01 10 00 01 00 02 8D DD 2E 10 01 40 08 01 02 07 00 00 8A 89 66 D0 81 E6 6A 7E
[ 21381][16:44:14.217]7E FF 02 FF 87 BA DE C7 32 01 50 00 F7 B6 F8 86 00 49 01 10 00 01 00 02 8D DD 2E 01 01 80 09 01 00 08 00 00 CE 37 1B CC 0F 6C CF 7E
[ 21382][16:44:14.412]7E FF 02 FF 88 BA A4 C8 32 01 CE 01 3C 64 44 87 00 49 01 10 00 01 00 02 8D DD 2E 10 01 E0 04 01 01 09 00 00 96 6F 6E 70 19 F6 4F 7E
[ 21383][16:44:14.696]7E FF 02 FF 89 BA B8 C9 32 01 EA 01 25 B0 AD 87 00 49 01 10 00 01 00 03 EC A8 22 E3 01 CC 0D 8D DD 2E 20 02 6A 1A 55 08 F0 C8 C7 7E
[ 21384][16:44:14.726]7E FF 02 FF 8A BA BB C9 32 01 88 02 89 DE AE 87 00 49 00 94 00 01 00 01 EC A8 22 7D 10 00 00 16 15 B6 40 00 E0 EB D9 D0 07 01 00 0C FF 00 30 42 C0 FF 00 00 D5 00 00 11 03 00 00 01 02 63 03 49 00 01 00 68 34 00 83 05 03 00 00 01 19 01 00 79 F3 85 01 01 00 10 02 00 01 01 05 06 00 00 02 00 06 00 00 02 00 06 00 00 02 00 06 00 00 02 00 06 00 00 02 00 00 00 C2 92 16 FB 3F E8 AF 00 00 00 00 00 00 00 00 00 00 00 00 00 00 00 00 00 00 00 00 00 00 00 00 00 00 00 00 00 00 00 00 00 00 00 00 00 00 00 00 00 00 00 00 00 00 0F D2 E4 22 7E
[ 21385][16:44:14.726]7E FF 02 FF 8B BA C6 C9 32 01 2F 03 1D 26 B3 87 00 49 00 10 00 01 00 02 EC A8 22 01 01 D0 07 01 00 01 00 00 EE 1A 0F 3B 95 AA 4A 7E
[ 21386][16:44:14.816]7E FF 02 FF 8C BA 9C C9 32 01 7A 03 D8 49 C9 87 00 49 00 14 01 01 00 01 EC A8 22 0D F0 FF 00 34 18 60 C3 00 09 E4 3B D0 00 FF 2F 01 FA 00 00 CB 88 11 03 00 D5 00 00 08 00 00 00 0D 10 00 11 01 21 01 00 00 15 00 00 90 98 01 63 03 02 57 64 90 00 08 02 58 01 13 00 40 00 00 00 01 30 0C 00 FE DF FD FF FF FF FF FF FF FF FF FF FF FF FF FF FF FF 07 13 13 09 09 07 08 07 0B 13 09 09 0A 0A 08 08 09 09 07 09 07 08 09 0A 09 08 07 0D 0A 07 06 09 08 12 11 09 07 08 09 04 07 08 09 09 09 09 08 09 09 08 08 0A 0A 08 0A 09 0A 09 0A 10 08 0A 06 05 06 06 05 06 05 06 06 06 06 04 06 05 06 06 06 06 06 06 06 06 05 06 06 05 05 06 06 06 06 06 06 06 05 06 06 06 05 06 06 06 05 05 06 06 06 06 05 06 06 06 06 05 06 06 06 06 06 06 06 04 06 06 06 06 05 05 06 05 04 05 04 05 04 05 05 03 04 03 04 04 00 C6 FA 9C 9A 00 00 00 00 00 00 00 00 00 00 00 00 00 00 00 00 00 00 00 00 00 00 00 00 00 00 00 00 00 00 00 00 00 00 00 00 00 14 65 E7 77 7E
[ 21387][16:44:14.831]7E FF 02 FF 8D BA 19 CA 32 01 88 01 F5 A0 D2 87 00 49 00 14 01 01 00 01 EC A8 22 15 F0 FF 00 34 18 60 C3 00 12 E4 37 50 01 FF 2F 01 32 00 00 C8 98 11 00 00 D5 00 00 08 00 00 00 15 10 00 11 01 21 01 00 00 11 00 00 90 98 01 63 03 02 64 64 8F 00 09 01 51 01 13 00 46 00 00 00 01 30 FE FF DD FF FF FF FF FF FF FF FF FF FF FF F7 FF FF FF 07 13 13 09 09 07 08 07 0B 13 09 09 0A 07 0A 08 08 09 09 07 07 08 09 0A 09 08 07 0D 0A 07 07 09 08 12 11 09 07 08 09 06 07 08 09 09 09 08 08 09 09 08 07 0A 0A 08 0A 09 0A 09 0A 10 08 0A 06 05 06 06 05 06 06 06 06 06 06 04 06 06 06 06 06 06 06 06 06 06 05 06 06 05 04 06 06 06 06 06 06 06 05 06 06 06 05 06 06 06 05 05 06 06 06 06 05 06 06 06 05 06 05 06 06 06 06 06 04 06 06 06 06 05 05 06 05 04 05 04 05 04 05 05 03 04 03 04 04 00 B7 CB 6A 74 00 00 00 00 00 00 00 00 00 00 00 00 00 00 00 00 00 00 00 00 00 00 00 00 00 00 00 00 00 00 00 00 00 00 00 00 00 00 00 00 B6 37 D5 DF 7E
[ 21388][16:44:14.846]7E FF 02 FF 8E BA 3E CA 32 01 AE 03 6F FB E0 87 00 49 00 10 00 01 00 02 EC A8 22 10 01 D0 07 01 01 02 00 00 ED 6A D7 95 6E 75 C1 7E
[ 21389][16:44:14.861]7E FF 02 FF 8F BA E7 C9 32 01 18 03 B1 DA E5 87 00 3E 02 94 00 01 00 01 EC A8 22 01 90 00 01 16 15 B6 44 00 46 71 10 10 00 09 00 05 2E 02 00 34 88 FF 00 00 D5 00 00 01 00 00 00 01 23 01 00 00 16 00 00 90 98 01 63 0A 02 11 40 09 00 01 01 6B 23 46 27 E1 93 04 00 30 00 00 00 D2 01 00 00 00 00 00 00 00 00 00 00 00 00 00 00 AE A9 95 0D 00 00 00 00 00 00 00 00 00 00 00 00 00 00 00 00 00 00 00 00 00 00 00 00 00 00 00 00 00 00 00 00 00 00 00 00 00 00 00 00 00 00 00 00 00 00 00 00 00 00 00 00 00 00 00 00 00 00 00 00 07 94 02 71 7E
[ 21390][16:44:14.861]7E FF 02 FF 90 BA F2 C9 32 01 4E 03 CD 17 EA 87 00 3E 02 10 00 01 00 02 EC A8 22 10 09 10 00 01 03 02 00 00 34 1C 8C 60 D7 AC 79 7E
[ 21391][16:44:14.891]7E FF 02 FF 91 BA F4 C9 32 01 60 03 6A D9 EA 87 00 49 00 94 00 01 00 01 EC A8 22 09 10 00 00 16 15 B6 44 00 8A E9 A1 00 09 01 00 0D 43 00 30 42 98 EF 00 00 D5 00 00 11 03 00 00 01 02 63 03 4B 00 01 00 68 34 00 83 05 02 00 00 01 20 01 00 1C 76 85 01 01 00 10 02 00 01 01 05 06 00 00 02 00 06 00 00 02 00 06 00 00 02 00 06 00 00 02 00 06 00 00 02 00 00 00 C2 92 16 A2 6D 53 26 00 00 00 00 00 00 00 00 00 00 00 00 00 00 00 00 00 00 00 00 00 00 00 00 00 00 00 00 00 00 00 00 00 00 00 00 00 00 00 00 00 00 00 00 00 00 A4 C7 D8 43 7E
[ 21392][16:44:14.891]7E FF 02 FF 92 BA 00 CA 32 01 40 00 7C 23 EF 87 00 49 00 10 00 01 00 02 EC A8 22 10 01 90 00 01 00 01 00 00 2C 61 7C 9C 22 1F 52 7E
[ 21393][16:44:14.906]7E FF 02 FF 93 BA 06 CA 32 01 CF 00 FC 73 F1 87 00 3E 02 94 00 01 00 01 EC A8 22 01 80 08 03 16 15 B6 40 00 84 79 13 10 00 88 00 03 2F 02 30 3E 88 FF 00 00 D5 00 00 11 03 00 00 01 02 23 03 50 00 28 0A 68 17 00 43 05 04 00 00 01 21 01 00 80 4A 05 01 01 00 10 02 00 00 FE 19 16 68 17 00 43 05 04 00 00 01 21 01 00 80 4A 05 01 01 40 00 02 00 00 7D 1B 16 83 D8 E0 94 00 00 00 00 00 00 00 00 00 00 00 00 00 00 00 00 00 00 00 00 00 00 00 00 00 00 00 00 00 00 00 00 00 00 00 00 00 00 00 00 00 00 00 00 00 00 00 00 00 00 99 43 95 2F 7E
[ 21394][16:44:14.906]7E FF 02 FF 94 BA 11 CA 32 01 0E 01 D9 B3 F5 87 00 3E 02 10 00 01 00 02 EC A8 22 10 88 10 00 01 03 00 00 00 91 AD 18 03 64 E4 F7 7E
[ 21395][16:44:14.921]7E FF 02 FF 95 BA 13 CA 32 01 AF 03 B4 B5 F6 87 00 49 01 94 00 01 00 01 EC A8 22 09 F0 FF 00 C8 14 B6 42 00 2F F9 B2 90 00 FF 2F 05 6A 00 00 34 80 EF 00 00 D5 00 00 01 00 00 00 01 23 01 00 00 16 00 00 90 98 01 63 0A 02 11 40 09 00 01 01 6B 23 46 27 E1 93 04 00 30 00 00 00 D2 01 00 00 00 00 00 00 00 00 00 00 00 00 00 00 AE A9 95 0D 00 00 00 00 00 00 00 00 00 00 00 00 00 00 00 00 00 00 00 00 00 00 00 00 00 00 00 00 00 00 00 00 00 00 00 00 00 00 00 00 00 00 00 00 00 00 00 00 00 00 00 00 00 00 00 00 00 00 00 00 E4 09 3C CD 7E
[ 21396][16:44:14.936]7E FF 02 FF 96 BA 8A CA 32 01 9C 03 42 F0 FD 87 00 49 01 94 00 01 00 01 EC A8 22 09 F0 FF 00 C8 14 B6 46 00 3E FB 36 90 00 FF 2F 05 6A 00 00 34 80 EF 00 00 D5 00 00 01 00 00 00 01 23 01 00 00 16 00 00 90 98 01 63 0A 02 11 40 09 00 01 01 6B 23 46 27 E1 93 04 00 30 00 00 00 D2 01 00 00 00 00 00 00 00 00 00 00 00 00 00 00 AE A9 95 0D 00 00 00 00 00 00 00 00 00 00 00 00 00 00 00 00 00 00 00 00 00 00 00 00 00 00 00 00 00 00 00 00 00 00 00 00 00 00 00 00 00 00 00 00 00 00 00 00 00 00 00 00 00 00 00 00 00 00 00 00 C9 96 E1 F2 7E
[ 21397][16:44:14.951]7E FF 02 FF 97 BA 9C CA 32 01 54 00 10 7C 04 88 00 3F 02 94 00 01 00 01 EC A8 22 01 40 00 03 16 15 B6 40 00 01 A9 8E 10 00 04 00 03 30 02 30 3E 88 FF 00 00 D5 00 00 11 03 00 00 01 02 23 03 51 00 28 0A 68 17 00 43 05 05 00 00 01 21 01 00 55 D5 05 01 01 00 10 02 00 00 FE 19 16 68 17 00 43 05 05 00 00 01 21 01 00 55 D5 05 01 01 40 00 02 00 00 7D 1B 16 4D 13 8A A1 00 00 00 00 00 00 00 00 00 00 00 00 00 00 00 00 00 00 00 00 00 00 00 00 00 00 00 00 00 00 00 00 00 00 00 00 00 00 00 00 00 00 00 00 00 00 00 00 00 00 10 6E C4 8E 7E
[ 21398][16:44:14.966]7E FF 02 FF 98 BA A7 CA 32 01 92 00 07 BA 08 88 00 3F 02 10 00 01 00 02 EC A8 22 10 04 10 00 01 03 00 00 00 99 30 38 C6 DD 99 44 7E
[ 21399][16:44:14.981]7E FF 02 FF 99 BA 4A CA 32 01 DA 00 12 68 0B 88 00 49 00 94 00 01 00 01 EC A8 22 09 F0 FF 00 C8 14 B6 46 00 3E FB 36 90 00 FF 2F 05 6A 00 00 34 80 EF 00 00 D5 00 00 01 00 00 00 01 23 01 00 00 16 00 00 90 98 01 63 0A 02 11 40 09 00 01 01 6B 23 46 27 E1 93 04 00 30 00 00 00 D2 01 00 00 00 00 00 00 00 00 00 00 00 00 00 00 AE A9 95 0D 00 00 00 00 00 00 00 00 00 00 00 00 00 00 00 00 00 00 00 00 00 00 00 00 00 00 00 00 00 00 00 00 00 00 00 00 00 00 00 00 00 00 00 00 00 00 00 00 00 00 00 00 00 00 00 00 00 00 00 00 FE 13 83 27 7E
[ 21400][16:44:14.996]7E FF 02 FF 9A BA 5F CA 32 01 C8 00 99 67 13 88 00 49 00 94 00 01 00 01 EC A8 22 09 F0 FF 00 C8 14 B6 46 00 3E FB 36 90 00 FF 2F 05 6A 00 00 34 80 EF 00 00 D5 00 00 01 00 00 00 01 23 01 00 00 16 00 00 90 98 01 63 0A 02 11 40 09 00 01 01 6B 23 46 27 E1 93 04 00 30 00 00 00 D2 01 00 00 00 00 00 00 00 00 00 00 00 00 00 00 AE A9 95 0D 00 00 00 00 00 00 00 00 00 00 00 00 00 00 00 00 00 00 00 00 00 00 00 00 00 00 00 00 00 00 00 00 00 00 00 00 00 00 00 00 00 00 00 00 00 00 00 00 00 00 00 00 00 00 00 00 00 00 00 00 B3 75 0F 66 7E
[ 21401][16:44:15.011]7E FF 02 FF 9B BA 6E CA 32 01 58 02 1E 48 19 88 00 3F 02 94 00 01 00 01 EC A8 22 01 20 00 03 16 15 B6 40 00 62 C5 82 10 00 85 00 03 31 02 30 3E 88 FF 00 00 D5 00 00 11 03 00 00 01 02 23 03 52 00 28 0A 68 17 00 43 05 06 00 00 01 21 01 00 3B 7D 05 01 01 00 10 02 00 00 FE 19 16 68 17 00 43 05 06 00 00 01 21 01 00 3B 7D 05 01 01 40 00 02 00 00 7D 1B 16 1A EE CA 21 00 00 00 00 00 00 00 00 00 00 00 00 00 00 00 00 00 00 00 00 00 00 00 00 00 00 00 00 00 00 00 00 00 00 00 00 00 00 00 00 00 00 00 00 00 00 00 00 00 00 48 44 9F A5 7E
[ 21402][16:44:15.011]7E FF 02 FF 9C BA 79 CA 32 01 A3 02 47 87 1D 88 00 3F 02 10 00 01 00 02 EC A8 22 10 02 10 00 01 02 00 00 00 4E 76 A4 C2 C5 3C 16 7E
[ 21403][16:44:15.026]7E FF 02 FF 9D BA 7B CA 32 01 8B 03 E3 5C 1E 88 00 49 00 94 00 01 00 01 EC A8 22 09 F0 FF 00 C8 14 B6 46 00 3E FB 36 90 00 FF 2F 05 6A 00 00 34 80 EF 00 00 D5 00 00 01 00 00 00 01 23 01 00 00 16 00 00 90 98 01 63 0A 02 11 40 09 00 01 01 6B 23 46 27 E1 93 04 00 30 00 00 00 D2 01 00 00 00 00 00 00 00 00 00 00 00 00 00 00 AE A9 95 0D 00 00 00 00 00 00 00 00 00 00 00 00 00 00 00 00 00 00 00 00 00 00 00 00 00 00 00 00 00 00 00 00 00 00 00 00 00 00 00 00 00 00 00 00 00 00 00 00 00 00 00 00 00 00 00 00 00 00 00 00 C5 B4 F4 46 7E
[ 21404][16:44:15.041]7E FF 02 FF 9E BA F4 CA 32 01 53 01 84 26 26 88 00 49 00 94 00 01 00 01 EC A8 22 09 F0 FF 00 C8 14 B6 46 00 3E FB 36 90 00 FF 2F 05 6A 00 00 34 80 EF 00 00 D5 00 00 01 00 00 00 01 23 01 00 00 16 00 00 90 98 01 63 0A 02 11 40 09 00 01 01 6B 23 46 27 E1 93 04 00 30 00 00 00 D2 01 00 00 00 00 00 00 00 00 00 00 00 00 00 00 AE A9 95 0D 00 00 00 00 00 00 00 00 00 00 00 00 00 00 00 00 00 00 00 00 00 00 00 00 00 00 00 00 00 00 00 00 00 00 00 00 00 00 00 00 00 00 00 00 00 00 00 00 00 00 00 00 00 00 00 00 00 00 00 00 39 A7 C4 F6 7E
[ 21405][16:44:15.056]7E FF 02 FF 9F BA 05 CB 32 01 2A 00 9E 85 2C 88 00 49 00 94 00 01 00 01 EC A8 22 09 F0 FF 00 C8 14 B6 46 00 3E FB 36 90 00 FF 2F 05 6A 00 00 34 80 EF 00 00 D5 00 00 01 00 00 00 01 23 01 00 00 16 00 00 90 98 01 63 0A 02 11 40 09 00 01 01 6B 23 46 27 E1 93 04 00 30 00 00 00 D2 01 00 00 00 00 00 00 00 00 00 00 00 00 00 00 AE A9 95 0D 00 00 00 00 00 00 00 00 00 00 00 00 00 00 00 00 00 00 00 00 00 00 00 00 00 00 00 00 00 00 00 00 00 00 00 00 00 00 00 00 00 00 00 00 00 00 00 00 00 00 00 00 00 00 00 00 00 00 00 00 53 42 15 E3 7E
[ 21406][16:44:15.086]7E FF 02 FF A0 BA B7 CA 32 01 75 03 1F 3C 35 88 00 49 00 14 01 01 00 01 EC A8 22 46 F0 FF 00 34 18 60 C3 00 4B E4 2F 60 04 FF 2F 01 82 00 00 C9 80 11 03 00 D5 00 00 08 00 00 00 46 10 00 11 01 12 01 00 00 06 00 00 90 98 01 63 03 03 13 59 90 00 16 01 4C 01 13 00 3B 00 00 00 01 30 FE FF FD FF FF FF FF FF BF FF FF FF FF FF FF FF FF FF 07 11 10 06 05 05 06 04 09 10 06 07 07 03 07 06 06 07 07 05 07 05 06 05 08 07 06 05 0B 06 04 05 07 06 10 0F 07 05 07 07 03 04 07 05 07 07 07 06 06 06 06 06 07 07 06 07 07 07 07 07 0E 06 07 06 06 06 06 05 06 06 06 06 06 06 06 06 06 06 06 06 06 06 06 06 05 06 06 05 05 06 06 06 06 06 06 06 05 06 06 06 05 06 06 06 05 05 06 06 06 06 05 06 06 06 06 05 05 06 06 06 06 06 05 04 06 06 06 06 05 05 06 05 03 05 04 05 04 05 05 05 04 03 04 04 00 47 9C B9 08 00 00 00 00 00 00 00 00 00 00 00 00 00 00 00 00 00 00 00 00 00 00 00 00 00 00 00 00 00 00 00 00 00 00 00 00 00 00 00 71 97 03 F9 7E
[ 21407][16:44:15.101]7E FF 02 FF A1 BA D0 CA 32 01 13 02 28 A3 3E 88 00 49 00 94 00 01 00 01 EC A8 22 09 F0 FF 00 C8 14 B6 46 00 3E FB 36 90 00 FF 2F 05 6A 00 00 34 80 EF 00 00 D5 00 00 01 00 00 00 01 23 01 00 00 16 00 00 90 98 01 63 0A 02 11 40 09 00 01 01 6B 23 46 27 E1 93 04 00 30 00 00 00 D2 01 00 00 00 00 00 00 00 00 00 00 00 00 00 00 AE A9 95 0D 00 00 00 00 00 00 00 00 00 00 00 00 00 00 00 00 00 00 00 00 00 00 00 00 00 00 00 00 00 00 00 00 00 00 00 00 00 00 00 00 00 00 00 00 00 00 00 00 00 00 00 00 00 00 00 00 00 00 00 00 74 51 C2 C3 7E
[ 21408][16:44:15.116]7E FF 02 FF A2 BA 46 CB 32 01 15 03 E0 9A 45 88 00 49 00 94 00 01 00 01 EC A8 22 09 F0 FF 00 C8 14 B6 46 00 3E FB 36 90 00 FF 2F 05 6A 00 00 34 80 EF 00 00 D5 00 00 01 00 00 00 01 23 01 00 00 16 00 00 90 98 01 63 0A 02 11 40 09 00 01 01 6B 23 46 27 E1 93 04 00 30 00 00 00 D2 01 00 00 00 00 00 00 00 00 00 00 00 00 00 00 AE A9 95 0D 00 00 00 00 00 00 00 00 00 00 00 00 00 00 00 00 00 00 00 00 00 00 00 00 00 00 00 00 00 00 00 00 00 00 00 00 00 00 00 00 00 00 00 00 00 00 00 00 00 00 00 00 00 00 00 00 00 00 00 00 DC AC 6F 68 7E
[ 21409][16:44:15.146]7E FF 02 FF A3 BA 55 CB 32 01 3C 03 60 57 4B 88 00 49 00 94 00 01 00 01 EC A8 22 02 50 08 03 16 15 B6 44 00 41 B1 7B 10 00 85 00 03 31 02 30 3E 88 EF 00 00 D5 00 00 11 03 00 00 01 02 23 03 52 00 28 0A 68 17 00 43 05 06 00 00 01 21 01 00 3B 7D 05 01 01 00 10 02 00 00 FE 19 16 68 17 00 43 05 06 00 00 01 21 01 00 3B 7D 05 01 01 40 00 02 00 00 7D 1B 16 1A EE CA 21 00 00 00 00 00 00 00 00 00 00 00 00 00 00 00 00 00 00 00 00 00 00 00 00 00 00 00 00 00 00 00 00 00 00 00 00 00 00 00 00 00 00 00 00 00 00 00 00 00 00 6F 5E 4E AA 7E
[ 21410][16:44:15.146]7E FF 02 FF A4 BA 60 CB 32 01 7E 03 E8 94 4F 88 00 49 00 10 00 01 00 02 EC A8 22 10 85 20 00 01 03 00 00 00 B1 90 AE 67 80 A0 A3 7E
[ 21411][16:44:15.161]7E FF 02 FF A5 BA 65 CB 32 01 08 03 77 6E 51 88 00 49 00 94 00 01 00 01 EC A8 22 09 F0 FF 00 C8 14 B6 46 00 3E FB 36 90 00 FF 2F 05 6A 00 00 34 80 EF 00 00 D5 00 00 01 00 00 00 01 23 01 00 00 16 00 00 90 98 01 63 0A 02 11 40 09 00 01 01 6B 23 46 27 E1 93 04 00 30 00 00 00 D2 01 00 00 00 00 00 00 00 00 00 00 00 00 00 00 AE A9 95 0D 00 00 00 00 00 00 00 00 00 00 00 00 00 00 00 00 00 00 00 00 00 00 00 00 00 00 00 00 00 00 00 00 00 00 00 00 00 00 00 00 00 00 00 00 00 00 00 00 00 00 00 00 00 00 00 00 00 00 00 00 22 C6 26 70 7E
[ 21412][16:44:15.702]7E FF 02 FF A6 BA 2D CD 32 01 C4 01 18 65 25 89 00 3B 02 94 00 01 00 01 EC A8 22 01 40 01 03 16 15 B6 40 00 09 88 AF 10 00 14 00 03 32 02 30 3E 88 FF 00 00 D5 00 00 11 03 00 00 01 02 23 03 4C 00 28 0A 68 17 00 43 05 03 00 00 01 20 01 00 44 D7 05 01 01 00 10 02 00 00 FE 19 16 68 17 00 43 05 03 00 00 01 20 01 00 44 D7 05 01 01 40 00 02 00 00 7D 1B 16 0C 6C 05 6B 00 00 00 00 00 00 00 00 00 00 00 00 00 00 00 00 00 00 00 00 00 00 00 00 00 00 00 00 00 00 00 00 00 00 00 00 00 00 00 00 00 00 00 00 00 00 00 00 00 00 10 B2 BD 2D 7E
[ 21413][16:44:15.732]7E FF 02 FF A7 BA A8 CD 32 01 D2 01 A7 2C 2E 89 00 3B 02 94 00 01 00 01 EC A8 22 01 C0 01 03 16 15 B6 40 00 8D 18 BF 10 00 1C 00 03 33 02 30 3E 88 FF 00 00 D5 00 00 11 03 00 00 01 02 23 03 4D 00 28 0A 68 17 00 43 05 01 00 00 01 21 01 00 23 BA 05 01 01 00 10 02 00 00 FE 19 16 68 17 00 43 05 01 00 00 01 21 01 00 23 BA 05 01 01 40 00 02 00 00 7D 1B 16 EE AE D8 07 00 00 00 00 00 00 00 00 00 00 00 00 00 00 00 00 00 00 00 00 00 00 00 00 00 00 00 00 00 00 00 00 00 00 00 00 00 00 00 00 00 00 00 00 00 00 00 00 00 00 32 6D 3E 75 7E
[ 21414][16:44:15.732]7E FF 02 FF A8 BA B3 CD 32 01 10 02 96 6A 32 89 00 3B 02 10 00 01 00 02 EC A8 22 10 1C 10 00 01 02 01 00 00 91 7B 18 6D 91 78 4C 7E
[ 21415][16:44:16.600]7E FF 02 FF A9 BA 2D D1 32 01 83 03 06 13 86 8A 00 3B 02 10 00 01 00 03 EC A8 22 E3 01 57 06 8D DD 2E 20 02 57 BF C2 4E AB 35 DA 7E
[ 21416][16:44:16.749]7E FF 02 FF AA BA 94 D1 32 01 5A 02 06 39 AD 8A 00 49 01 14 01 01 00 01 EC A8 22 6C F0 FF 00 34 18 60 C3 00 65 E4 9F C0 06 FF 2F 01 D8 00 00 C6 C8 11 00 00 D5 00 00 08 00 00 00 6C 10 00 11 01 21 01 00 00 10 00 00 90 98 01 63 03 02 30 59 8D 00 09 01 4A 01 13 00 40 00 00 00 01 30 FE FF FD FF FF FF FF FF FF FF FF FF FF EB FF FF FF FF 04 11 10 06 06 04 05 04 09 11 06 07 07 04 04 04 06 07 07 04 05 04 06 05 08 07 04 05 07 07 04 02 07 05 09 0F 07 05 06 02 02 04 02 04 07 07 05 05 07 07 05 05 02 01 06 01 07 07 06 07 0D 06 08 06 05 06 05 04 01 06 06 06 05 01 04 06 06 06 06 03 06 06 06 06 06 05 06 06 05 05 06 06 06 06 06 06 06 05 06 06 06 05 06 06 06 05 06 06 06 05 06 06 06 06 05 05 06 06 06 06 06 06 04 06 06 06 06 05 03 06 05 04 05 04 05 04 03 05 03 00 03 00 DF DD 02 53 00 00 00 00 00 00 00 00 00 00 00 00 00 00 00 00 00 00 00 00 00 00 00 00 00 00 00 00 00 00 00 00 00 00 00 00 00 00 00 00 00 00 E1 5B 19 77 7E
[ 21417][16:44:16.779]7E FF 02 FF AB BA AE D1 32 01 7B 03 3B 40 B7 8A 00 49 00 14 01 01 00 01 EC A8 22 2D F0 FF 00 34 18 60 C3 00 2D E4 2B D0 02 FF 2F 01 03 01 00 C9 A0 11 00 00 D5 00 00 08 00 00 00 2D 10 00 11 01 18 01 00 00 01 00 00 90 98 01 63 03 01 58 64 90 00 09 01 47 01 13 00 4F 00 00 00 01 30 FE FF FD FF FF DF FF FF FF FF FF FF FF FF FF FF FF FF 07 13 13 09 09 07 08 04 0B 13 09 09 0A 06 0A 08 08 09 09 07 09 07 08 06 0A 09 08 07 0D 0A 06 06 09 08 12 11 09 07 09 09 06 06 08 09 09 09 08 09 09 08 08 0A 0A 08 0A 09 0A 09 0A 10 08 09 06 05 06 06 06 06 06 06 06 06 06 04 06 05 06 06 06 06 06 06 06 06 05 06 06 05 05 06 06 06 06 06 06 06 05 06 06 06 05 06 06 06 05 05 04 06 06 06 05 06 06 02 06 05 06 06 06 06 06 06 05 04 06 06 06 06 05 05 06 05 03 05 04 05 04 05 05 04 04 03 04 04 00 C3 CA ED C1 00 00 00 00 00 00 00 00 00 00 00 00 00 00 00 00 00 00 00 00 00 00 00 00 00 00 00 00 00 00 00 00 00 00 00 00 00 00 00 7D AD 55 F7 7E
[ 21418][16:44:16.839]7E FF 02 FF AC BA 07 D2 32 01 38 01 9E FA D8 8A 00 3E 02 94 00 01 00 01 EC A8 22 01 20 08 03 16 15 B6 40 00 21 CD 07 10 00 82 00 03 34 02 30 3E 88 FF 00 00 D5 00 00 11 03 00 00 01 02 23 03 4E 00 28 0A 68 17 00 43 05 02 00 00 01 21 01 00 4D 12 05 01 01 00 10 02 00 00 FE 19 16 68 17 00 43 05 02 00 00 01 21 01 00 4D 12 05 01 01 40 00 02 00 00 7D 1B 16 B9 53 98 87 00 00 00 00 00 00 00 00 00 00 00 00 00 00 00 00 00 00 00 00 00 00 00 00 00 00 00 00 00 00 00 00 00 00 00 00 00 00 00 00 00 00 00 00 00 00 00 00 00 00 8C 12 67 E2 7E
[ 21419][16:44:16.854]7E FF 02 FF AD BA 12 D2 32 01 83 01 2E 3A DD 8A 00 3E 02 10 00 01 00 02 EC A8 22 10 82 10 00 01 03 01 00 00 DA B6 F4 F5 8C A0 32 7E
[ 21420][16:44:16.899]7E FF 02 FF AE BA D5 D1 32 01 87 03 BF 47 EC 8A 00 3F 02 94 00 01 00 01 EC A8 22 01 60 08 03 16 15 B6 40 00 63 85 0F 10 00 86 00 03 35 02 30 3E 88 FF 00 00 D5 00 00 11 03 00 00 01 02 23 03 4F 00 28 0A 68 17 00 43 05 03 00 00 01 21 01 00 98 8D 05 01 01 00 10 02 00 00 FE 19 16 68 17 00 43 05 03 00 00 01 21 01 00 98 8D 05 01 01 40 00 02 00 00 7D 1B 16 77 98 F2 B2 00 00 00 00 00 00 00 00 00 00 00 00 00 00 00 00 00 00 00 00 00 00 00 00 00 00 00 00 00 00 00 00 00 00 00 00 00 00 00 00 00 00 00 00 00 00 00 00 00 00 9B 41 F0 74 7E
[ 21421][16:44:16.899]7E FF 02 FF AF BA E0 D1 32 01 C1 03 2E 85 F0 8A 00 3F 02 10 00 01 00 02 EC A8 22 10 86 10 00 01 03 00 00 00 5E A2 A4 4F 06 79 98 7E
[ 21422][16:44:17.124]7E FF 02 FF B0 BA 37 D3 32 01 3B 02 A6 13 4D 8B 00 3F 02 10 00 01 00 02 8D DD 2E 10 01 00 21 01 01 0C 00 00 E4 F9 9E A2 51 64 BA 7E
[ 21423][16:44:17.154]7E FF 02 FF B1 BA 39 D3 32 01 B9 03 B3 F4 4D 8B 00 49 00 94 00 01 00 01 8D DD 2E 01 E0 02 03 29 14 88 50 00 0B A4 D0 10 00 19 00 03 AA 3F 30 10 88 FF 00 00 2A 00 00 11 08 00 00 01 43 00 00 E3 50 01 72 50 79 15 00 0A 0A 2E 7E 00 00 00 00 00 00 00 00 00 00 00 00 00 00 00 00 00 00 00 00 00 00 00 00 00 00 00 00 00 00 00 00 00 00 00 00 00 00 00 00 00 00 00 00 00 00 00 00 00 00 00 00 00 00 00 00 00 00 00 00 00 00 00 00 00 00 00 00 00 00 00 00 00 00 00 00 00 00 00 00 00 00 00 00 00 00 00 00 00 00 00 00 00 00 00 00 7B F5 A7 CF 7E
[ 21424][16:44:17.154]7E FF 02 FF B2 BA EC D2 32 01 66 01 27 86 56 8B 00 49 00 10 00 01 00 02 8D DD 2E 01 01 20 1E 01 00 0C 00 00 21 6F 64 B7 BF B8 15 7E
[ 21425][16:44:17.184]7E FF 02 FF B3 BA FE D2 32 01 44 02 55 74 5D 8B 00 49 00 94 00 01 00 01 8D DD 2E 01 E0 02 03 29 14 88 50 00 0B A4 D0 10 00 5C 00 03 AB 3F 30 10 88 FF 00 00 2A 00 00 11 08 00 00 01 03 01 00 E1 52 97 64 60 79 15 00 52 01 AA 46 00 00 00 00 00 00 00 00 00 00 00 00 00 00 00 00 00 00 00 00 00 00 00 00 00 00 00 00 00 00 00 00 00 00 00 00 00 00 00 00 00 00 00 00 00 00 00 00 00 00 00 00 00 00 00 00 00 00 00 00 00 00 00 00 00 00 00 00 00 00 00 00 00 00 00 00 00 00 00 00 00 00 00 00 00 00 00 00 00 00 00 00 00 00 00 00 F5 DD 88 EF 7E
[ 21426][16:44:17.214]7E FF 02 FF B4 BA 88 D3 32 01 52 03 FB 12 6C 8B 00 49 00 10 00 01 00 02 8D DD 2E 10 01 D0 07 01 01 0C 00 00 D9 16 C7 E0 2E F0 5C 7E
[ 21427][16:44:17.303]7E FF 02 FF B5 BA 6B D3 32 01 EC 01 72 01 87 8B 00 49 00 94 00 01 00 01 8D DD 2E 01 E0 02 03 29 14 88 54 00 1A A6 54 10 00 5C 00 03 AB 3F 30 10 88 FF 00 00 2A 00 00 11 08 00 00 01 03 01 00 E1 52 97 64 60 79 15 00 52 01 AA 46 00 00 00 00 00 00 00 00 00 00 00 00 00 00 00 00 00 00 00 00 00 00 00 00 00 00 00 00 00 00 00 00 00 00 00 00 00 00 00 00 00 00 00 00 00 00 00 00 00 00 00 00 00 00 00 00 00 00 00 00 00 00 00 00 00 00 00 00 00 00 00 00 00 00 00 00 00 00 00 00 00 00 00 00 00 00 00 00 00 00 00 00 00 00 00 00 57 68 42 63 7E
[ 21428][16:44:17.303]7E FF 02 FF B6 BA E5 D3 32 01 31 00 7C 3E 8F 8B 00 49 00 10 00 01 00 02 8D DD 2E 10 01 90 08 01 03 0D 00 00 2B BF 68 56 58 BE 12 7E
[ 21429][16:44:17.333]7E FF 02 FF B7 BA 06 D4 32 01 5C 03 3C 25 9C 8B 00 49 00 10 00 01 00 02 8D DD 2E 01 01 40 08 01 00 0E 00 00 BC 99 AA 57 53 C5 BF 7E
[ 21430][16:44:17.363]7E FF 02 FF B8 BA B0 D3 32 01 48 01 3F 42 A1 8B 00 49 00 94 00 01 00 01 8D DD 2E 01 E0 04 01 16 15 B6 40 00 36 15 D4 10 00 4E 00 03 AE 3F 00 60 88 FF 08 00 2A 00 00 00 00 05 46 46 54 22 03 23 23 11 91 05 00 00 00 00 00 2C 00 4E 00 01 00 2B 00 00 00 92 1A 00 00 00 00 00 00 00 00 00 00 00 00 00 00 00 00 00 00 00 00 00 00 00 00 00 00 00 00 00 00 00 00 00 00 00 00 00 00 00 00 00 00 00 00 00 00 00 00 00 01 00 00 00 00 7D 00 88 00 3A 00 00 00 90 1A 00 00 56 11 0E C8 80 01 00 40 02 00 00 00 E3 CB 0B DF 00 00 00 00 95 A9 07 1F 7E
[ 21431][16:44:17.408]7E FF 02 FF B9 BA D7 D3 32 01 34 03 B9 52 B0 8B 00 49 00 94 00 01 00 01 8D DD 2E 01 E0 04 01 16 15 B6 44 00 27 17 50 10 00 4E 00 03 AE 3F 00 60 88 FF 08 00 2A 00 00 00 00 05 46 46 54 22 03 23 23 11 91 05 00 00 00 00 00 2C 00 4E 00 01 00 2B 00 00 00 92 1A 00 00 00 00 00 00 00 00 00 00 00 00 00 00 00 00 00 00 00 00 00 00 00 00 00 00 00 00 00 00 00 00 00 00 00 00 00 00 00 00 00 00 00 00 00 00 00 00 00 01 00 00 00 00 7D 00 88 00 3A 00 00 00 90 1A 00 00 56 11 0E C8 80 01 00 40 02 00 00 00 E3 CB 0B DF 00 00 00 00 D1 26 9D DF 7E
[ 21432][16:44:17.408]7E FF 02 FF BA BA 4F D4 32 01 E3 03 F0 0A B8 8B 00 49 00 10 00 01 00 02 8D DD 2E 10 01 40 0A 01 03 0D 00 00 1F 79 30 99 05 BE 16 7E
[ 21433][16:44:17.438]7E FF 02 FF BB BA 57 D4 32 01 AA 00 24 C2 BA 8B 00 49 00 94 00 01 00 01 8D DD 2E 01 40 08 01 16 15 B6 40 00 F0 2D C1 10 00 84 00 03 B5 3F 00 34 88 FF 08 00 2A 00 00 00 00 05 46 46 54 22 03 23 23 11 96 05 00 00 00 00 00 00 00 84 00 01 00 27 00 00 00 95 1A 00 00 00 00 00 00 46 54 00 00 59 04 27 43 05 00 00 00 00 00 23 00 48 00 4D 00 25 00 00 00 94 1A 00 00 41 03 5D F4 00 00 00 00 00 00 00 00 00 00 00 00 00 00 00 00 00 00 00 00 00 00 00 00 00 00 00 00 00 00 00 00 00 00 00 00 00 00 00 00 00 00 00 00 00 00 00 00 0E A6 FD 17 7E
[ 21434][16:44:17.468]7E FF 02 FF BC BA 23 D4 32 01 17 00 A0 08 CD 8B 00 49 00 10 00 01 00 02 8D DD 2E 10 01 00 21 01 01 0D 00 00 E5 E9 5A 26 FD F0 D9 7E
[ 21435][16:44:17.498]7E FF 02 FF BD BA 32 D4 32 01 6A 03 0F 0F D3 8B 00 49 00 94 00 01 00 01 8D DD 2E 01 40 08 01 16 15 B6 44 00 E1 2F 45 10 00 84 00 03 B5 3F 00 34 88 FF 08 00 2A 00 00 00 00 05 46 46 54 22 03 23 23 11 96 05 00 00 00 00 00 00 00 84 00 01 00 27 00 00 00 95 1A 00 00 00 00 00 00 46 54 00 00 59 04 27 43 05 00 00 00 00 00 23 00 48 00 4D 00 25 00 00 00 94 1A 00 00 41 03 5D F4 00 00 00 00 00 00 00 00 00 00 00 00 00 00 00 00 00 00 00 00 00 00 00 00 00 00 00 00 00 00 00 00 00 00 00 00 00 00 00 00 00 00 00 00 00 00 00 00 61 A1 48 A0 7E
[ 21436][16:44:17.513]7E FF 02 FF BE BA B7 D4 32 01 B0 02 17 99 DF 8B 00 49 00 10 00 01 00 02 8D DD 2E 10 01 B0 04 01 02 0E 00 00 30 8D AC 63 D5 FE A2 7E
[ 21437][16:44:17.528]7E FF 02 FF BF BA BA D4 32 01 3C 03 86 C6 E0 8B 00 49 00 94 00 01 00 01 8D DD 2E 01 40 08 01 16 15 B6 44 00 E1 2F 45 10 00 84 00 03 B5 3F 00 34 88 FF 08 00 2A 00 00 00 00 05 46 46 54 22 03 23 23 11 96 05 00 00 00 00 00 00 00 84 00 01 00 27 00 00 00 95 1A 00 00 00 00 00 00 46 54 00 00 59 04 27 43 05 00 00 00 00 00 23 00 48 00 4D 00 25 00 00 00 94 1A 00 00 41 03 5D F4 00 00 00 00 00 00 00 00 00 00 00 00 00 00 00 00 00 00 00 00 00 00 00 00 00 00 00 00 00 00 00 00 00 00 00 00 00 00 00 00 00 00 00 00 00 00 00 00 BD 21 DF 7F 7E
[ 21438][16:44:17.588]7E FF 02 FF C1 BA 9A D4 32 01 77 02 5F A9 FA 8B 00 49 00 10 00 01 00 03 8D DD 2E 5B 08 7F 1A B1 50 3B B4 03 27 3E 1E 10 F5 34 D9 7E
[ 21439][16:44:17.902]7E FF 02 FF C2 BA C2 D5 32 01 BE 02 A9 95 6B 8C 00 49 00 94 00 01 00 01 8D DD 2E 01 10 04 03 29 14 88 50 00 CD 8C CE 10 00 30 01 03 BA 3F 30 10 88 FF 00 00 2A 00 00 11 08 00 00 01 03 01 00 1E 55 04 61 47 79 15 00 20 45 B1 CB 00 00 00 00 00 00 00 00 00 00 00 00 00 00 00 00 00 00 00 00 00 00 00 00 00 00 00 00 00 00 00 00 00 00 00 00 00 00 00 00 00 00 00 00 00 00 00 00 00 00 00 00 00 00 00 00 00 00 00 00 00 00 00 00 00 00 00 00 00 00 00 00 00 00 00 00 00 00 00 00 00 00 00 00 00 00 00 00 00 00 00 00 00 00 00 00 34 2E 6E E9 7E
[ 21440][16:44:17.932]7E FF 02 FF C3 BA 47 D6 32 01 D2 03 ED 45 78 8C 00 49 00 94 00 01 00 01 8D DD 2E 01 00 21 03 29 14 88 50 00 FD 1A 2F 10 00 CB 00 03 C4 3F 30 10 88 FF 00 00 2A 00 00 11 08 00 00 01 03 01 00 C0 50 41 35 61 79 15 00 9F 0C 41 9D 00 00 00 00 00 00 00 00 00 00 00 00 00 00 00 00 00 00 00 00 00 00 00 00 00 00 00 00 00 00 00 00 00 00 00 00 00 00 00 00 00 00 00 00 00 00 00 00 00 00 00 00 00 00 00 00 00 00 00 00 00 00 00 00 00 00 00 00 00 00 00 00 00 00 00 00 00 00 00 00 00 00 00 00 00 00 00 00 00 00 00 00 00 00 00 00 10 05 BE 3D 7E
[ 21441][16:44:17.932]7E FF 02 FF C4 BA 57 D6 32 01 5B 03 FE 5A 7E 8C 00 49 00 10 00 01 00 03 8D DD 2E 5B 08 26 19 B1 50 3B B4 03 38 5D D3 F5 1A 65 44 7E
[ 21442][16:44:18.276]7E FF 02 FF C5 BA 2F D7 32 01 CE 00 74 A0 F6 8C 00 3C 02 15 01 01 00 00 EC A8 22 D0 15 73 C9 01 B0 B0 02 00 C1 03 9F CA D5 00 00 90 98 01 63 24 01 00 00 20 02 00 00 00 00 00 00 05 00 0F 01 00 00 64 00 00 90 98 01 63 04 00 00 01 0A 90 01 3A 01 3C 00 3C 00 06 0A E8 07 00 00 8D D5 6D C9 C0 47 00 12 33 00 05 17 32 00 00 00 00 78 89 71 C9 1D 27 00 00 17 00 02 10 09 10 23 10 24 10 3D 10 5C 00 5D 00 5E 00 5F 00 60 00 61 00 62 00 63 00 64 00 65 00 66 00 67 00 68 80 64 19 00 01 F4 01 00 02 C4 09 00 03 03 04 5A 05 64 F6 7B 00 7C 00 7E 00 7F 00 80 00 81 00 83 00 84 00 85 00 87 00 89 00 8A 00 8D 00 82 00 8C 00 8E 00 88 00 7D 00 86 00 8B 00 8F 00 90 00 91 00 17 00 1D 00 2C 00 2A 00 1B 00 08 00 0C 00 06 80 04 29 00 01 F4 01 00 02 C4 09 00 03 03 04 32 05 57 00 58 00 59 00 5A 00 5B 00 5C 00 5D 00 5E 00 5F 00 60 00 61 00 62 00 63 00 64 00 65 80 1C 25 00 01 F4 01 00 02 DC 05 00 03 03 04 32 05 ED 32 81 1B 5A 6E 8E 25 7E
[ 21443][16:44:18.306]7E FF 02 FF C6 BA 44 D7 32 01 EF 00 4F A6 FE 8C 00 3E 03 15 01 01 00 00 EC A8 22 A5 1B 7B C9 01 B0 B0 04 00 2E 07 CE CA D5 00 00 90 98 01 63 24 01 00 00 20 02 00 00 00 00 00 00 05 00 0F 01 00 00 64 00 00 90 98 01 63 04 00 00 01 0A 90 01 3A 01 3C 00 3C 00 06 0A E8 07 00 00 8D D5 6D C9 C0 47 00 12 33 00 05 17 32 00 00 00 00 78 89 71 C9 1D 27 00 00 17 00 02 10 09 10 23 10 24 10 3D 10 5C 00 5D 00 5E 00 5F 00 60 00 61 00 62 00 63 00 64 00 65 00 66 00 67 00 68 80 64 19 00 01 F4 01 00 02 C4 09 00 03 03 04 5A 05 64 F6 7B 00 7C 00 7E 00 7F 00 80 00 81 00 83 00 84 00 85 00 87 00 89 00 8A 00 8D 00 82 00 8C 00 8E 00 88 00 7D 00 86 00 8B 00 8F 00 90 00 91 00 17 00 1D 00 2C 00 2A 00 1B 00 08 00 0C 00 06 80 04 29 00 01 F4 01 00 02 C4 09 00 03 03 04 32 05 57 00 58 00 59 00 5A 00 5B 00 5C 00 5D 00 5E 00 5F 00 60 00 61 00 62 00 63 00 64 00 65 80 1C 25 00 01 F4 01 00 02 DC 05 00 03 03 04 32 05 ED 32 81 1B F9 24 3A 84 7E
[ 21444][16:44:18.321]7E FF 02 FF C7 BA 5B D7 32 01 D7 00 2E 6A 07 8D 00 3F 02 15 01 01 00 00 EC A8 22 85 DF 83 C9 01 B0 B0 06 00 BF 25 4D CA D5 00 00 90 98 01 63 24 01 00 00 20 02 00 00 00 00 00 00 05 00 0F 01 00 00 64 00 00 90 98 01 63 04 00 00 01 0A 90 01 3A 01 3C 00 3C 00 06 0A E8 07 00 00 8D D5 6D C9 C0 47 00 12 33 00 05 17 32 00 00 00 00 78 89 71 C9 1D 27 00 00 17 00 02 10 09 10 23 10 24 10 3D 10 5C 00 5D 00 5E 00 5F 00 60 00 61 00 62 00 63 00 64 00 65 00 66 00 67 00 68 80 64 19 00 01 F4 01 00 02 C4 09 00 03 03 04 5A 05 64 F6 7B 00 7C 00 7E 00 7F 00 80 00 81 00 83 00 84 00 85 00 87 00 89 00 8A 00 8D 00 82 00 8C 00 8E 00 88 00 7D 00 86 00 8B 00 8F 00 90 00 91 00 17 00 1D 00 2C 00 2A 00 1B 00 08 00 0C 00 06 80 04 29 00 01 F4 01 00 02 C4 09 00 03 03 04 32 05 57 00 58 00 59 00 5A 00 5B 00 5C 00 5D 00 5E 00 5F 00 60 00 61 00 62 00 63 00 64 00 65 80 1C 25 00 01 F4 01 00 02 DC 05 00 03 03 04 32 05 ED 32 81 1B 6C B6 9B 47 7E
[ 21445][16:44:18.351]7E FF 02 FF C8 BA D5 D7 32 01 D1 00 D3 CD 0F 8D 00 49 01 15 01 01 00 00 EC A8 22 7E 44 8C C9 02 B0 B0 06 00 1F 82 07 C9 D5 00 00 90 98 01 63 24 01 00 00 20 02 00 00 00 00 00 00 05 00 0F 02 10 00 4E 01 18 01 00 00 03 12 02 03 01 0A 90 01 3A 01 3C 00 3C 00 06 0A E8 07 00 00 8D D5 6D C9 C0 47 00 12 33 00 05 17 32 00 00 00 00 78 89 71 C9 1D 27 00 00 17 00 02 10 09 10 23 10 24 10 3D 10 5C 00 5D 00 5E 00 5F 00 60 00 61 00 62 00 63 00 64 00 65 00 66 00 67 00 68 80 64 19 00 01 F4 01 00 02 C4 09 00 03 03 04 5A 05 99 C4 7B 00 7C 00 7E 00 7F 00 80 00 81 00 83 00 84 00 85 00 87 00 89 00 8A 00 8D 00 82 00 8C 00 8E 00 88 00 7D 00 86 00 8B 00 8F 00 90 00 91 00 17 00 1D 00 2C 00 2A 00 1B 00 08 00 0C 00 06 80 04 29 00 01 F4 01 00 02 C4 09 00 03 03 04 32 05 57 00 58 00 59 00 5A 00 5B 00 5C 00 5D 00 5E 00 5F 00 60 00 61 00 62 00 63 00 64 00 65 80 1C 25 00 01 F4 01 00 02 DC 05 00 03 03 04 32 05 7A 9B C4 66 17 33 92 BF 7E
[ 21446][16:44:18.381]7E FF 02 FF C9 BA EC D7 32 01 C8 00 ED 93 18 8D 00 49 01 15 01 01 00 00 EC A8 22 80 0A 95 C9 09 B0 B0 06 00 7D 3E D7 C9 D5 00 00 90 98 01 63 24 01 00 00 20 02 00 00 00 00 00 00 05 00 0F 09 10 00 4F 01 21 01 00 00 19 12 02 03 01 0A 90 01 3A 01 3C 00 3C 00 06 0A E8 07 00 00 8D D5 6D C9 C0 47 00 12 33 00 05 17 32 00 00 00 00 78 89 71 C9 1D 27 00 00 17 00 02 10 09 10 23 10 24 10 3D 10 5C 00 5D 00 5E 00 5F 00 60 00 61 00 62 00 63 00 64 00 65 00 66 00 67 00 68 80 64 19 00 01 F4 01 00 02 C4 09 00 03 03 04 5A 05 98 42 7B 00 7C 00 7E 00 7F 00 80 00 81 00 83 00 84 00 85 00 87 00 89 00 8A 00 8D 00 82 00 8C 00 8E 00 88 00 7D 00 86 00 8B 00 8F 00 90 00 91 00 17 00 1D 00 2C 00 2A 00 1B 00 08 00 0C 00 06 80 04 29 00 01 F4 01 00 02 C4 09 00 03 03 04 32 05 57 00 58 00 59 00 5A 00 5B 00 5C 00 5D 00 5E 00 5F 00 60 00 61 00 62 00 63 00 64 00 65 80 1C 25 00 01 F4 01 00 02 DC 05 00 03 03 04 32 05 D1 33 F4 13 9E 12 42 59 7E
[ 21447][16:44:18.411]7E FF 02 FF CA BA B6 D7 32 01 C3 00 95 1F 2A 8D 00 49 01 15 01 01 00 00 EC A8 22 48 96 A6 C9 24 B0 B0 02 00 73 AA 59 C9 D5 00 00 90 98 01 63 24 01 00 00 20 02 00 00 00 00 00 00 05 00 0F 24 10 00 54 01 23 01 00 00 06 12 02 01 01 0A 90 01 3A 01 3C 00 3C 00 06 0A E8 07 00 00 8D D5 6D C9 C0 47 00 12 33 00 05 17 32 00 00 00 00 78 89 71 C9 1D 27 00 00 17 00 02 10 09 10 23 10 24 10 3D 10 5C 00 5D 00 5E 00 5F 00 60 00 61 00 62 00 63 00 64 00 65 00 66 00 67 00 68 80 64 19 00 01 F4 01 00 02 C4 09 00 03 03 04 5A 05 4A E8 7B 00 7C 00 7E 00 7F 00 80 00 81 00 83 00 84 00 85 00 87 00 89 00 8A 00 8D 00 82 00 8C 00 8E 00 88 00 7D 00 86 00 8B 00 8F 00 90 00 91 00 17 00 1D 00 2C 00 2A 00 1B 00 08 00 0C 00 06 80 04 29 00 01 F4 01 00 02 C4 09 00 03 03 04 32 05 57 00 58 00 59 00 5A 00 5B 00 5C 00 5D 00 5E 00 5F 00 60 00 61 00 62 00 63 00 64 00 65 80 1C 25 00 01 F4 01 00 02 DC 05 00 03 03 04 32 05 42 35 52 76 AE 38 A4 F3 7E
[ 21448][16:44:18.426]7E FF 02 FF CB BA 50 D8 32 01 E8 00 E6 C1 3E 8D 00 49 01 10 00 01 00 02 8D DD 2E 10 01 E0 02 01 02 0B 00 00 27 BE AC EB 56 92 D5 7E
[ 21449][16:44:18.471]7E FF 02 FF CC BA FB D7 32 01 C7 00 D1 71 44 8D 00 49 01 15 01 01 00 00 EC A8 22 5F E8 C0 C9 5D B0 B0 06 00 A5 22 51 C8 D5 00 00 90 98 01 63 24 01 00 00 20 02 00 00 00 00 00 00 05 00 0F 5D 10 00 40 01 21 01 00 00 08 11 02 03 01 0A 90 01 3A 01 3C 00 3C 00 06 0A E8 07 00 00 8D D5 6D C9 C0 23 00 12 33 00 05 17 32 00 00 00 00 78 89 71 C9 1D 27 00 00 17 00 64 19 00 01 F4 01 00 02 C4 09 00 03 03 04 5A 05 5F 00 60 00 61 00 62 00 63 00 64 00 65 00 66 00 67 00 68 80 64 19 00 01 F4 01 00 02 C4 09 00 03 03 04 5A 05 50 D3 7B 00 7C 00 7E 00 7F 00 80 00 81 00 83 00 84 00 85 00 87 00 89 00 8A 00 8D 00 82 00 8C 00 8E 00 88 00 7D 00 86 00 8B 00 8F 00 90 00 91 00 17 00 1D 00 2C 00 2A 00 1B 00 08 00 0C 00 06 80 04 29 00 01 F4 01 00 02 C4 09 00 03 03 04 32 05 57 00 58 00 59 00 5A 00 5B 00 5C 00 5D 00 5E 00 5F 00 60 00 61 00 62 00 63 00 64 00 65 80 1C 25 00 01 F4 01 00 02 DC 05 00 03 03 04 32 05 6D 30 60 01 3C 83 6D EF 7E
[ 21450][16:44:18.503]7E FF 02 FF CD BA 12 D8 32 01 E2 00 BE 39 4D 8D 00 49 01 15 01 01 00 00 EC A8 22 73 B0 C9 C9 5E B0 B0 02 00 4D 9A D1 C8 D5 00 00 90 98 01 63 24 01 00 00 20 02 00 00 00 00 00 00 05 00 0F 5E 10 00 40 01 23 01 00 00 08 11 02 01 01 0A 90 01 3A 01 3C 00 3C 00 06 0A E8 07 00 00 8D D5 6D C9 C0 23 00 12 33 00 05 17 32 00 00 00 00 78 89 71 C9 1D 27 00 00 17 00 64 19 00 01 F4 01 00 02 C4 09 00 03 03 04 5A 05 5F 00 60 00 61 00 62 00 63 00 64 00 65 00 66 00 67 00 68 80 64 19 00 01 F4 01 00 02 C4 09 00 03 03 04 5A 05 A2 C1 7B 00 7C 00 7E 00 7F 00 80 00 81 00 83 00 84 00 85 00 87 00 89 00 8A 00 8D 00 82 00 8C 00 8E 00 88 00 7D 00 86 00 8B 00 8F 00 90 00 91 00 17 00 1D 00 2C 00 2A 00 1B 00 08 00 0C 00 06 80 04 29 00 01 F4 01 00 02 C4 09 00 03 03 04 32 05 57 00 58 00 59 00 5A 00 5B 00 5C 00 5D 00 5E 00 5F 00 60 00 61 00 62 00 63 00 64 00 65 80 1C 25 00 01 F4 01 00 02 DC 05 00 03 03 04 32 05 E4 EC 18 6D BB 87 7A 29 7E
[ 21451][16:44:18.533]7E FF 02 FF CE BA 8D D8 32 01 DD 00 16 FF 55 8D 00 49 00 15 01 01 00 00 EC A8 22 99 75 D2 C9 5F B0 B0 02 00 46 7C 65 C8 D5 00 00 90 98 01 63 24 01 00 00 20 02 00 00 00 00 00 00 05 00 0F 5F 10 00 39 01 23 01 00 00 13 11 02 01 01 0A 90 01 3A 01 3C 00 3C 00 06 0A E8 07 00 00 8D D5 6D C9 C0 23 00 12 33 00 05 17 32 00 00 00 00 78 89 71 C9 1D 27 00 00 17 00 64 19 00 01 F4 01 00 02 C4 09 00 03 03 04 5A 05 5F 00 60 00 61 00 62 00 63 00 64 00 65 00 66 00 67 00 68 80 64 19 00 01 F4 01 00 02 C4 09 00 03 03 04 5A 05 C1 30 7B 00 7C 00 7E 00 7F 00 80 00 81 00 83 00 84 00 85 00 87 00 89 00 8A 00 8D 00 82 00 8C 00 8E 00 88 00 7D 00 86 00 8B 00 8F 00 90 00 91 00 17 00 1D 00 2C 00 2A 00 1B 00 08 00 0C 00 06 80 04 29 00 01 F4 01 00 02 C4 09 00 03 03 04 32 05 57 00 58 00 59 00 5A 00 5B 00 5C 00 5D 00 5E 00 5F 00 60 00 61 00 62 00 63 00 64 00 65 80 1C 25 00 01 F4 01 00 02 DC 05 00 03 03 04 32 05 1B 31 0C 76 48 1C E9 3B 7E
[ 21452][16:44:18.578]7E FF 02 FF CF BA BB D8 32 01 EC 00 4C 8D 67 8D 00 49 01 15 01 01 00 00 EC A8 22 DE 03 E4 C9 61 B0 B0 02 00 83 7C D2 C8 D5 00 00 90 98 01 63 24 01 00 00 20 02 00 00 00 00 00 00 05 00 0F 61 10 00 40 01 23 01 00 00 14 11 02 01 01 0A 90 01 3A 01 3C 00 3C 00 06 0A E8 07 00 00 8D D5 6D C9 C0 23 00 12 33 00 05 17 32 00 00 00 00 78 89 71 C9 1D 27 00 00 17 00 64 19 00 01 F4 01 00 02 C4 09 00 03 03 04 5A 05 5F 00 60 00 61 00 62 00 63 00 64 00 65 00 66 00 67 00 68 80 64 19 00 01 F4 01 00 02 C4 09 00 03 03 04 5A 05 68 F1 7B 00 7C 00 7E 00 7F 00 80 00 81 00 83 00 84 00 85 00 87 00 89 00 8A 00 8D 00 82 00 8C 00 8E 00 88 00 7D 00 86 00 8B 00 8F 00 90 00 91 00 17 00 1D 00 2C 00 2A 00 1B 00 08 00 0C 00 06 80 04 29 00 01 F4 01 00 02 C4 09 00 03 03 04 32 05 57 00 58 00 59 00 5A 00 5B 00 5C 00 5D 00 5E 00 5F 00 60 00 61 00 62 00 63 00 64 00 65 80 1C 25 00 01 F4 01 00 02 DC 05 00 03 03 04 32 05 7B 0C A1 D0 7C 9E 65 56 7E
[ 21453][16:44:18.669]7E FF 02 FF D0 BA 17 D9 32 01 B1 00 46 A2 8A 8D 00 49 00 15 01 01 00 00 EC A8 22 FE 18 07 CA 65 B0 B0 02 00 3D F9 17 C8 D5 00 00 90 98 01 63 24 01 00 00 20 02 00 00 00 00 00 00 05 00 0F 65 10 00 36 01 23 01 00 00 05 11 02 01 01 0A 90 01 3A 01 3C 00 3C 00 06 0A E8 07 00 00 8D D5 6D C9 C0 23 00 12 33 00 05 17 32 00 00 00 00 78 89 71 C9 1D 27 00 00 17 00 64 19 00 01 F4 01 00 02 C4 09 00 03 03 04 5A 05 5F 00 60 00 61 00 62 00 63 00 64 00 65 00 66 00 67 00 68 80 64 19 00 01 F4 01 00 02 C4 09 00 03 03 04 5A 05 EB 8F 7B 00 7C 00 7E 00 7F 00 80 00 81 00 83 00 84 00 85 00 87 00 89 00 8A 00 8D 00 82 00 8C 00 8E 00 88 00 7D 00 86 00 8B 00 8F 00 90 00 91 00 17 00 1D 00 2C 00 2A 00 1B 00 08 00 0C 00 06 80 04 29 00 01 F4 01 00 02 C4 09 00 03 03 04 32 05 57 00 58 00 59 00 5A 00 5B 00 5C 00 5D 00 5E 00 5F 00 60 00 61 00 62 00 63 00 64 00 65 80 1C 25 00 01 F4 01 00 02 DC 05 00 03 03 04 32 05 C2 EE 21 64 DA A7 4F 81 7E
[ 21454][16:44:18.699]7E FF 02 FF D1 BA E9 D8 32 01 10 01 A0 43 9F 8D 00 49 00 94 00 01 00 01 8D DD 2E 01 F0 FF 00 C8 14 B6 46 00 04 67 3E 10 00 FF 2F 0A C8 3F 00 34 88 11 00 00 2A 00 00 01 00 00 00 21 01 18 00 74 77 00 00 05 46 46 54 01 00 00 00 01 00 01 01 2B A3 38 29 00 7D 00 00 7A 00 00 00 01 00 00 00 00 00 00 00 00 00 00 00 00 00 00 00 E9 1A C0 76 00 00 00 00 00 00 00 00 00 00 00 00 00 00 00 00 00 00 00 00 00 00 00 00 00 00 00 00 00 00 00 00 00 00 00 00 00 00 00 00 00 00 00 00 00 00 00 00 00 00 00 00 00 00 00 00 00 00 00 00 CE C5 68 B4 7E
[ 21455][16:44:18.729]7E FF 02 FF D2 BA 67 D9 32 01 51 00 27 1C A9 8D 00 49 00 94 00 01 00 01 8D DD 2E 01 F0 FF 00 C8 14 B6 46 00 04 67 3E 10 00 FF 2F 0A C8 3F 00 34 88 11 00 00 2A 00 00 01 00 00 00 21 01 18 00 74 77 00 00 05 46 46 54 01 00 00 00 01 00 01 01 2B A3 38 29 00 7D 00 00 7A 00 00 00 01 00 00 00 00 00 00 00 00 00 00 00 00 00 00 00 E9 1A C0 76 00 00 00 00 00 00 00 00 00 00 00 00 00 00 00 00 00 00 00 00 00 00 00 00 00 00 00 00 00 00 00 00 00 00 00 00 00 00 00 00 00 00 00 00 00 00 00 00 00 00 00 00 00 00 00 00 00 00 00 00 56 C3 00 5F 7E
[ 21456][16:44:18.729]7E FF 02 FF D3 BA 7B D9 32 01 86 03 DB 12 B1 8D 00 49 00 10 00 01 00 03 EC A8 22 E3 01 35 25 8D DD 2E 20 02 97 8E EE B3 AB 0E 32 7E
[ 21457][16:44:18.789]7E FF 02 FF D4 BA 38 D9 32 01 23 03 C3 99 BD 8D 00 49 00 94 00 01 00 01 8D DD 2E 01 F0 FF 00 C8 14 B6 46 00 04 67 3E 10 00 FF 2F 0A C8 3F 00 34 88 11 00 00 2A 00 00 01 00 00 00 21 01 18 00 74 77 00 00 05 46 46 54 01 00 00 00 01 00 01 01 2B A3 38 29 00 7D 00 00 7A 00 00 00 01 00 00 00 00 00 00 00 00 00 00 00 00 00 00 00 E9 1A C0 76 00 00 00 00 00 00 00 00 00 00 00 00 00 00 00 00 00 00 00 00 00 00 00 00 00 00 00 00 00 00 00 00 00 00 00 00 00 00 00 00 00 00 00 00 00 00 00 00 00 00 00 00 00 00 00 00 00 00 00 00 AD A1 45 12 7E
[ 21458][16:44:18.804]7E FF 02 FF D5 BA 4B D9 32 01 FD 00 C9 A3 C4 8D 00 49 00 94 00 01 00 01 8D DD 2E 01 F0 FF 00 C8 14 B6 46 00 04 67 3E 10 00 FF 2F 0A C8 3F 00 34 88 11 00 00 2A 00 00 01 00 00 00 21 01 18 00 74 77 00 00 05 46 46 54 01 00 00 00 01 00 01 01 2B A3 38 29 00 7D 00 00 7A 00 00 00 01 00 00 00 00 00 00 00 00 00 00 00 00 00 00 00 E9 1A C0 76 00 00 00 00 00 00 00 00 00 00 00 00 00 00 00 00 00 00 00 00 00 00 00 00 00 00 00 00 00 00 00 00 00 00 00 00 00 00 00 00 00 00 00 00 00 00 00 00 00 00 00 00 00 00 00 00 00 00 00 00 57 4D FA 39 7E
[ 21459][16:44:18.835]7E FF 02 FF D6 BA CA D9 32 01 05 01 E6 F0 CE 8D 00 49 00 94 00 01 00 01 8D DD 2E 01 F0 FF 00 C8 14 B6 46 00 04 67 3E 10 00 FF 2F 0A C8 3F 00 34 88 11 00 00 2A 00 00 01 00 00 00 21 01 18 00 74 77 00 00 05 46 46 54 01 00 00 00 01 00 01 01 2B A3 38 29 00 7D 00 00 7A 00 00 00 01 00 00 00 00 00 00 00 00 00 00 00 00 00 00 00 E9 1A C0 76 00 00 00 00 00 00 00 00 00 00 00 00 00 00 00 00 00 00 00 00 00 00 00 00 00 00 00 00 00 00 00 00 00 00 00 00 00 00 00 00 00 00 00 00 00 00 00 00 00 00 00 00 00 00 00 00 00 00 00 00 94 92 0B B0 7E
[ 21460][16:44:18.850]7E FF 02 FF D7 BA E1 D9 32 01 B0 01 E9 C7 D7 8D 00 49 00 94 00 01 00 01 8D DD 2E 01 F0 FF 00 C8 14 B6 46 00 04 67 3E 10 00 FF 2F 0A C8 3F 00 34 88 11 00 00 2A 00 00 01 00 00 00 21 01 18 00 74 77 00 00 05 46 46 54 01 00 00 00 01 00 01 01 2B A3 38 29 00 7D 00 00 7A 00 00 00 01 00 00 00 00 00 00 00 00 00 00 00 00 00 00 00 E9 1A C0 76 00 00 00 00 00 00 00 00 00 00 00 00 00 00 00 00 00 00 00 00 00 00 00 00 00 00 00 00 00 00 00 00 00 00 00 00 00 00 00 00 00 00 00 00 00 00 00 00 00 00 00 00 00 00 00 00 00 00 00 00 14 1A A4 09 7E
[ 21461][16:44:18.895]7E FF 02 FF D8 BA AA D9 32 01 32 02 0F FF E8 8D 00 49 01 54 00 01 00 01 EC A8 22 82 10 00 00 5B 13 60 E0 00 CC 0A 92 20 08 01 00 0C 3E 00 30 0C C0 FF 00 00 D5 00 00 11 03 00 00 01 02 03 00 4E 00 00 00 EA 4D E0 D3 00 00 00 00 00 00 00 00 00 00 00 00 00 00 00 00 00 00 00 00 00 00 00 00 00 00 00 00 00 00 00 00 00 00 00 00 91 6C 19 A5 7E
[ 21462][16:44:18.895]7E FF 02 FF D9 BA B1 D9 32 01 F7 00 E9 91 EB 8D 00 49 01 10 00 01 00 02 EC A8 22 10 01 20 08 01 00 00 00 00 82 86 2A 6C D2 7A 34 7E
[ 21463][16:44:18.925]7E FF 02 FF DA BA 26 DA 32 01 E1 00 59 06 F2 8D 00 49 00 94 00 01 00 01 8D DD 2E 01 F0 FF 00 C8 14 B6 46 00 04 67 3E 10 00 FF 2F 0A C8 3F 00 34 88 11 00 00 2A 00 00 01 00 00 00 21 01 18 00 74 77 00 00 05 46 46 54 01 00 00 00 01 00 01 01 2B A3 38 29 00 7D 00 00 7A 00 00 00 01 00 00 00 00 00 00 00 00 00 00 00 00 00 00 00 E9 1A C0 76 00 00 00 00 00 00 00 00 00 00 00 00 00 00 00 00 00 00 00 00 00 00 00 00 00 00 00 00 00 00 00 00 00 00 00 00 00 00 00 00 00 00 00 00 00 00 00 00 00 00 00 00 00 00 00 00 00 00 00 00 20 70 16 B8 7E
[ 21464][16:44:19.241]7E FF 02 FF DB BA 71 DB 32 01 86 02 60 73 70 8E 00 49 01 54 00 01 00 01 EC A8 22 86 10 00 00 5B 13 60 E0 00 C9 0A 56 60 08 01 00 0C 63 00 30 0C E8 FF 00 00 D5 00 00 11 03 00 00 01 02 03 00 4F 00 00 00 8F 2A 5C 6B 00 00 00 00 00 00 00 00 00 00 00 00 00 00 00 00 00 00 00 00 00 00 00 00 00 00 00 00 00 00 00 00 00 00 00 00 A0 43 78 D5 7E
[ 21465][16:44:19.241]7E FF 02 FF DC BA 14 DB 32 01 84 01 A4 0B 73 8E 00 49 01 10 00 01 00 02 EC A8 22 10 01 60 08 01 02 00 00 00 B2 44 22 A0 C3 58 26 7E
[ 21466][16:44:19.256]7E FF 02 FF DD BA 17 DB 32 01 AB 01 71 30 74 8E 00 49 01 54 00 01 00 01 EC A8 22 1C 10 00 00 5B 13 60 E0 00 41 0A BE C0 01 01 00 0C D4 00 30 0C A0 FF 00 00 D5 00 00 11 03 00 00 01 02 03 00 4D 00 00 00 04 E2 55 C1 00 00 00 00 00 00 00 00 00 00 00 00 00 00 00 00 00 00 00 00 00 00 00 00 00 00 00 00 00 00 00 00 00 00 00 00 48 3F 66 3B 7E
[ 21467][16:44:19.256]7E FF 02 FF DE BA 1E DB 32 01 79 01 12 DB 76 8E 00 49 01 10 00 01 00 02 EC A8 22 10 01 C0 01 01 02 00 00 00 D9 AB 93 30 B9 01 D0 7E
[ 21468][16:44:19.286]7E FF 02 FF DF BA 20 DB 32 01 E9 02 8E BD 77 8E 00 49 00 14 01 01 00 01 EC A8 22 7D F0 FF 00 34 18 60 C3 00 77 E4 03 D0 07 FF 2F 01 00 01 00 C9 C0 11 00 00 D5 00 00 08 00 00 00 7D 10 00 11 01 19 01 00 00 03 00 00 90 98 01 63 03 02 27 4E 90 00 08 01 3C 01 13 00 45 00 00 00 01 30 FE FF FD FF FF FF FF FF FF FF FF FF FF FF FF DF FF FF 07 0F 0F 05 05 03 04 04 08 0F 05 05 06 02 06 05 04 06 05 03 06 03 04 05 06 06 05 03 0A 06 03 02 06 05 0E 0E 06 03 05 06 02 03 04 05 05 05 06 05 06 06 05 04 06 06 05 06 06 05 04 05 0D 05 06 05 04 05 05 05 05 05 05 05 05 05 03 05 05 05 05 05 05 05 06 06 06 05 06 06 05 05 06 06 06 06 06 06 06 05 06 06 06 05 06 06 06 05 05 06 06 06 06 05 06 06 06 06 05 06 06 06 06 06 06 06 06 06 06 06 05 05 06 05 03 05 04 05 04 05 05 03 04 03 04 04 00 55 4C 85 E4 00 00 00 00 00 00 00 00 00 00 00 00 00 00 00 00 00 00 00 00 00 00 00 00 00 00 00 00 00 00 00 00 00 00 00 00 00 00 00 97 69 F5 22 7E
[ 21469][16:44:19.331]7E FF 02 FF E0 BA D8 DB 32 01 1F 02 95 B9 97 8E 00 49 00 10 00 01 00 02 EC A8 22 10 01 40 01 01 01 00 00 00 C8 EF 07 CE F9 38 BB 7E
[ 21470][16:44:20.005]7E FF 02 FF E1 BA FE DD 32 01 52 02 5A AF 8F 8F 00 3A 02 94 00 01 00 01 EC A8 22 01 80 03 03 16 15 B6 40 00 DF 12 F5 10 00 38 00 03 36 02 30 3E 88 FF 00 00 D5 00 00 11 03 00 00 01 02 23 03 53 00 28 0A 68 17 00 43 05 10 00 00 01 12 01 00 F5 F9 05 01 01 00 10 02 00 00 FE 19 16 68 17 00 43 05 10 00 00 01 12 01 00 F5 F9 05 01 01 40 00 02 00 00 7D 1B 16 65 C7 E0 A1 00 00 00 00 00 00 00 00 00 00 00 00 00 00 00 00 00 00 00 00 00 00 00 00 00 00 00 00 00 00 00 00 00 00 00 00 00 00 00 00 00 00 00 00 00 00 00 00 00 00 3A 5E F8 4D 7E
[ 21471][16:44:20.005]7E FF 02 FF E2 BA 6D DE 32 01 93 02 47 EB 93 8F 00 3A 02 10 00 01 00 02 EC A8 22 10 38 10 00 01 03 01 00 00 24 1B 0C 1D E3 51 B4 7E
[ 21472][16:44:20.050]7E FF 02 FF E3 BA 87 DE 32 01 2B 00 E2 94 9D 8F 00 3C 02 94 00 01 00 01 EC A8 22 01 C0 03 03 16 15 B6 40 00 9D 5A FD 10 00 3C 00 03 37 02 30 3E 88 FF 00 00 D5 00 00 11 03 00 00 01 02 23 03 54 00 28 0A 68 17 00 43 05 11 00 00 01 12 01 00 20 66 05 01 01 00 10 02 00 00 FE 19 16 68 17 00 43 05 11 00 00 01 12 01 00 20 66 05 01 01 40 00 02 00 00 7D 1B 16 1F F9 57 91 00 00 00 00 00 00 00 00 00 00 00 00 00 00 00 00 00 00 00 00 00 00 00 00 00 00 00 00 00 00 00 00 00 00 00 00 00 00 00 00 00 00 00 00 00 00 00 00 00 00 15 A7 6B 9F 7E
[ 21473][16:44:20.050]7E FF 02 FF E4 BA 92 DE 32 01 63 00 65 D2 A1 8F 00 3C 02 10 00 01 00 02 EC A8 22 10 3C 10 00 01 03 01 00 00 A1 1F 98 A7 D3 0F CC 7E
[ 21474][16:44:20.066]7E FF 02 FF E5 BA 3E DE 32 01 BF 01 3E 09 A8 8F 00 3D 02 94 00 01 00 01 EC A8 22 01 60 02 03 16 15 B6 40 00 30 CF C8 10 00 26 00 03 38 02 30 3E 88 FF 00 00 D5 00 00 11 03 00 00 01 02 23 03 55 00 28 0A 68 17 00 43 05 12 00 00 01 12 01 00 4E CE 05 01 01 00 10 02 00 00 FE 19 16 68 17 00 43 05 12 00 00 01 12 01 00 4E CE 05 01 01 40 00 02 00 00 7D 1B 16 24 57 5C 12 00 00 00 00 00 00 00 00 00 00 00 00 00 00 00 00 00 00 00 00 00 00 00 00 00 00 00 00 00 00 00 00 00 00 00 00 00 00 00 00 00 00 00 00 00 00 00 00 00 00 8F BC A0 B7 7E
[ 21475][16:44:20.081]7E FF 02 FF E6 BA 49 DE 32 01 DE 01 EA 43 AC 8F 00 3D 02 10 00 01 00 02 EC A8 22 10 26 10 00 01 03 01 00 00 FA 06 74 45 A1 65 0C 7E
[ 21476][16:44:20.111]7E FF 02 FF E7 BA 4F DE 32 01 36 03 D1 AB AE 8F 00 49 00 14 01 01 00 01 EC A8 22 38 F0 FF 00 34 18 60 C3 00 3A E4 73 80 03 FF 2F 01 90 00 00 C8 98 11 00 00 D5 00 00 08 00 00 00 38 10 00 11 01 12 01 00 00 10 00 00 90 98 01 63 01 03 64 64 8F 00 09 01 3D 01 13 00 57 00 00 00 01 30 FE FF FD FF FF FF FF FE FF FF FF FF FF EF FF FF FF FF 07 13 13 09 08 07 08 01 0B 12 09 09 0A 06 0A 08 08 09 09 03 09 07 08 01 0A 09 08 07 0D 09 06 07 09 08 12 11 09 07 09 09 06 06 09 08 09 09 09 08 08 09 08 08 0A 0A 08 09 0A 0A 0A 10 08 09 06 06 06 06 05 06 06 06 06 06 06 06 06 01 06 06 06 06 06 06 06 06 05 06 06 05 05 06 06 06 06 06 06 06 05 06 06 06 05 06 06 06 05 05 06 06 06 05 06 06 06 06 05 05 06 06 06 06 06 05 04 06 06 06 06 05 05 06 05 03 05 04 05 04 04 05 05 04 03 04 04 00 CA A7 A4 F7 00 00 00 00 00 00 00 00 00 00 00 00 00 00 00 00 00 00 00 00 00 00 00 00 00 00 00 00 00 00 00 00 00 00 00 00 00 00 00 00 60 15 FB EB 7E
[ 21477][16:44:20.170]7E FF 02 FF E8 BA 9F DE 32 01 5E 03 FC 32 CD 8F 00 3B 02 94 00 01 00 01 EC A8 22 01 B0 02 03 16 15 B6 44 00 F6 07 90 10 00 2B 00 03 39 02 30 3E 88 FF 00 00 D5 00 00 11 03 00 00 01 02 23 03 56 00 28 0A 68 17 00 43 05 17 00 00 01 12 01 00 ED 3E 05 01 01 00 10 02 00 00 FE 19 16 68 17 00 43 05 17 00 00 01 12 01 00 ED 3E 05 01 01 40 00 02 00 00 7D 1B 16 2D 02 CE 93 00 00 00 00 00 00 00 00 00 00 00 00 00 00 00 00 00 00 00 00 00 00 00 00 00 00 00 00 00 00 00 00 00 00 00 00 00 00 00 00 00 00 00 00 00 00 00 00 00 00 B5 C4 57 D6 7E
[ 21478][16:44:20.170]7E FF 02 FF E9 BA AA DE 32 01 AD 03 C6 71 D1 8F 00 3B 02 10 00 01 00 02 EC A8 22 10 2B 10 00 01 02 00 00 00 46 5A 84 32 39 FB 4C 7E
[ 21479][16:44:20.186]7E FF 02 FF EA BA B5 DE 32 01 5A 01 D3 65 D5 8F 00 3E 02 94 00 01 00 01 EC A8 22 01 20 00 03 16 15 B6 40 00 62 C5 82 10 00 89 00 03 3A 02 30 3E 88 FF 00 00 D5 00 00 11 03 00 00 01 02 23 03 57 00 28 0A 68 17 00 43 05 13 00 00 01 14 01 00 42 87 05 01 01 00 10 02 00 00 FE 19 16 68 17 00 43 05 13 00 00 01 14 01 00 42 87 05 01 01 40 00 02 00 00 7D 1B 16 30 EA E2 4D 00 00 00 00 00 00 00 00 00 00 00 00 00 00 00 00 00 00 00 00 00 00 00 00 00 00 00 00 00 00 00 00 00 00 00 00 00 00 00 00 00 00 00 00 00 00 00 00 00 00 3D D9 8A B1 7E
[ 21480][16:44:20.186]7E FF 02 FF EB BA C0 DE 32 01 B2 01 F9 A4 D9 8F 00 3E 02 10 00 01 00 02 EC A8 22 10 02 10 00 01 03 00 00 00 5F 36 20 6A 6E 13 1B 7E
[ 21481][16:44:20.216]7E FF 02 FF EC BA CB DE 32 01 5B 00 0D B1 DD 8F 00 49 00 94 00 01 00 01 EC A8 22 38 10 00 00 16 15 B6 40 00 AD EB A9 80 03 01 00 0A 91 00 30 42 98 FF 00 00 D5 00 00 11 03 00 00 01 02 63 03 53 00 01 00 68 34 00 83 05 10 00 00 01 12 01 00 78 C7 85 01 01 00 10 02 00 01 01 05 06 00 00 02 00 06 00 00 02 00 06 00 00 02 00 06 00 00 02 00 06 00 00 02 00 00 00 C2 92 16 CB BC 06 DF 00 00 00 00 00 00 00 00 00 00 00 00 00 00 00 00 00 00 00 00 00 00 00 00 00 00 00 00 00 00 00 00 00 00 00 00 00 00 00 00 00 00 00 00 00 00 5B BD 68 17 7E
[ 21482][16:44:20.216]7E FF 02 FF ED BA 3A DF 32 01 33 01 E1 FC E1 8F 00 49 00 10 00 01 00 02 EC A8 22 10 01 80 03 01 02 02 00 00 48 D9 DD C5 E6 AC 67 7E
[ 21483][16:44:20.231]7E FF 02 FF EE BA 3D DF 32 01 86 00 BD 0D E3 8F 00 3D 02 94 00 01 00 01 EC A8 22 01 40 01 03 16 15 B6 40 00 09 88 AF 10 00 14 00 03 3B 02 30 3E 88 FF 00 00 D5 00 00 11 03 00 00 01 02 23 03 58 00 28 0A 68 17 00 43 05 03 00 00 01 20 01 00 44 D7 05 01 01 00 10 02 00 00 FE 19 16 68 17 00 43 05 03 00 00 01 20 01 00 44 D7 05 01 01 40 00 02 00 00 7D 1B 16 B4 51 C9 77 00 00 00 00 00 00 00 00 00 00 00 00 00 00 00 00 00 00 00 00 00 00 00 00 00 00 00 00 00 00 00 00 00 00 00 00 00 00 00 00 00 00 00 00 00 00 00 00 00 00 EC D7 8E 64 7E
[ 21484][16:44:20.276]7E FF 02 FF EF BA 06 DF 32 01 7F 02 01 67 F4 8F 00 49 00 94 00 01 00 01 EC A8 22 02 90 08 03 16 15 B6 44 00 87 69 63 10 00 89 00 03 3A 02 30 3E 88 EF 00 00 D5 00 00 11 03 00 00 01 02 23 03 57 00 28 0A 68 17 00 43 05 13 00 00 01 14 01 00 42 87 05 01 01 00 10 02 00 00 FE 19 16 68 17 00 43 05 13 00 00 01 14 01 00 42 87 05 01 01 40 00 02 00 00 7D 1B 16 30 EA E2 4D 00 00 00 00 00 00 00 00 00 00 00 00 00 00 00 00 00 00 00 00 00 00 00 00 00 00 00 00 00 00 00 00 00 00 00 00 00 00 00 00 00 00 00 00 00 00 00 00 00 00 91 AE 64 5B 7E
[ 21485][16:44:20.291]7E FF 02 FF F0 BA 1D DF 32 01 0C 01 51 09 FD 8F 00 3C 02 94 00 01 00 01 EC A8 22 01 40 01 03 16 15 B6 44 00 18 8A 2B 10 00 14 00 03 3B 02 30 3E 88 FF 00 00 D5 00 00 11 03 00 00 01 02 23 03 58 00 28 0A 68 17 00 43 05 03 00 00 01 20 01 00 44 D7 05 01 01 00 10 02 00 00 FE 19 16 68 17 00 43 05 03 00 00 01 20 01 00 44 D7 05 01 01 40 00 02 00 00 7D 1B 16 B4 51 C9 77 00 00 00 00 00 00 00 00 00 00 00 00 00 00 00 00 00 00 00 00 00 00 00 00 00 00 00 00 00 00 00 00 00 00 00 00 00 00 00 00 00 00 00 00 00 00 00 00 00 00 D2 E6 91 90 7E
[ 21486][16:44:20.306]7E FF 02 FF F1 BA 2D DF 32 01 D9 01 B2 37 03 90 00 3D 02 94 00 01 00 01 EC A8 22 01 C0 01 03 16 15 B6 40 00 8D 18 BF 10 00 1C 00 03 3C 02 30 3E 88 FF 00 00 D5 00 00 11 03 00 00 01 02 23 03 59 00 28 0A 68 17 00 43 05 01 00 00 01 21 01 00 23 BA 05 01 01 00 10 02 00 00 FE 19 16 68 17 00 43 05 01 00 00 01 21 01 00 23 BA 05 01 01 40 00 02 00 00 7D 1B 16 56 93 14 1B 00 00 00 00 00 00 00 00 00 00 00 00 00 00 00 00 00 00 00 00 00 00 00 00 00 00 00 00 00 00 00 00 00 00 00 00 00 00 00 00 00 00 00 00 00 00 00 00 00 00 7F E2 33 7A 7E
[ 21487][16:44:20.306]7E FF 02 FF F2 BA 9C DF 32 01 EE 01 8B 71 07 90 00 3D 02 10 00 01 00 02 EC A8 22 10 1C 10 00 01 02 01 00 00 91 7B 18 2D 20 45 41 7E
[ 21488][16:44:20.773]7E FF 02 FF F3 BA F9 E0 32 01 D9 02 80 CD B2 90 00 49 00 94 00 01 00 01 EC A8 22 02 10 00 00 16 15 B6 40 00 91 EB 11 90 08 01 00 0D 52 00 30 42 90 EF 00 00 D5 00 00 11 03 00 00 01 02 63 03 57 00 01 00 68 34 00 83 05 13 00 00 01 14 01 00 CF B9 85 01 01 00 10 02 00 01 01 05 06 00 00 02 00 06 00 00 02 00 06 00 00 02 00 06 00 00 02 00 06 00 00 02 00 00 00 C2 92 16 52 37 FF 08 00 00 00 00 00 00 00 00 00 00 00 00 00 00 00 00 00 00 00 00 00 00 00 00 00 00 00 00 00 00 00 00 00 00 00 00 00 00 00 00 00 00 00 00 00 00 39 95 AB 68 7E
[ 21489][16:44:20.773]7E FF 02 FF F4 BA 05 E1 32 01 8B 00 37 2A B7 90 00 49 00 10 00 01 00 02 EC A8 22 10 01 20 00 01 03 00 00 00 B0 04 2A 16 47 27 89 7E
[ 21490][16:44:20.863]7E FF 02 FF F5 BA A9 E1 32 01 15 02 B8 B5 CF 90 00 49 00 14 01 01 00 01 EC A8 22 3B F0 FF 00 34 18 60 C3 00 39 E4 43 B0 03 FF 2F 01 B2 00 00 C9 88 11 00 00 D5 00 00 08 00 00 00 3B 10 00 11 01 12 01 00 00 13 00 00 90 98 01 63 03 03 58 64 90 00 09 01 3D 01 13 00 51 00 00 00 01 30 FE FF FD FF FF FF FF F7 FF FF FF FF FF FF FF FF FF FF 07 13 13 09 08 07 08 07 0B 12 09 09 0A 06 0A 08 08 09 09 05 09 07 08 09 0A 09 08 07 0D 09 06 07 09 08 12 11 09 07 09 09 06 07 09 08 09 09 09 08 08 09 08 08 0A 0A 08 0A 09 0A 0A 10 08 09 06 06 06 06 05 06 06 06 06 06 06 06 06 06 06 06 06 06 06 06 06 06 05 06 06 05 05 06 06 06 06 06 06 06 05 06 06 06 05 06 06 06 05 05 06 06 06 06 05 06 06 06 06 05 05 06 06 06 06 06 05 04 06 06 06 06 05 05 06 05 03 05 04 05 04 03 05 05 04 03 02 04 00 C3 2C 32 67 00 00 00 00 00 00 00 00 00 00 00 00 00 00 00 00 00 00 00 00 00 00 00 00 00 00 00 00 00 00 00 00 00 00 00 00 00 00 00 C0 CB 17 9E 7E
[ 21491][16:44:20.878]7E FF 02 FF F6 BA 64 E1 32 01 E3 02 73 9C DB 90 00 49 00 94 00 01 00 01 EC A8 22 1C 10 00 00 16 15 B6 44 00 9D E9 F9 C0 01 01 00 0C D5 00 30 42 A0 FF 00 00 D5 00 00 11 03 00 00 01 02 63 03 59 00 01 00 68 34 00 83 05 01 00 00 01 21 01 00 AE 84 85 01 01 00 10 02 00 01 01 05 06 00 00 02 00 06 00 00 02 00 06 00 00 02 00 06 00 00 02 00 06 00 00 02 00 00 00 C2 92 16 5C 7D 8D F6 00 00 00 00 00 00 00 00 00 00 00 00 00 00 00 00 00 00 00 00 00 00 00 00 00 00 00 00 00 00 00 00 00 00 00 00 00 00 00 00 00 00 00 00 00 00 7F E8 75 25 7E
[ 21492][16:44:20.878]7E FF 02 FF F7 BA 70 E1 32 01 7A 00 78 FA DF 90 00 49 00 10 00 01 00 02 EC A8 22 10 01 C0 01 01 03 00 00 00 C8 EB 17 9E 59 34 D3 7E
[ 21493][16:44:20.983]7E FF 02 FF F8 BA CD E1 32 01 87 01 25 88 03 91 00 3F 02 94 00 01 00 01 EC A8 22 01 A0 04 03 16 15 B6 40 00 C6 D1 16 10 00 4A 00 03 3D 02 30 3E 88 FF 00 00 D5 00 00 11 03 00 00 01 02 23 03 5A 00 28 0A 68 17 00 43 05 07 00 00 01 21 01 00 EE E2 05 01 01 00 10 02 00 00 FE 19 16 68 17 00 43 05 07 00 00 01 21 01 00 EE E2 05 01 01 40 00 02 00 00 7D 1B 16 D2 C1 28 18 00 00 00 00 00 00 00 00 00 00 00 00 00 00 00 00 00 00 00 00 00 00 00 00 00 00 00 00 00 00 00 00 00 00 00 00 00 00 00 00 00 00 00 00 00 00 00 00 00 00 D8 BE 55 6D 7E
[ 21494][16:44:20.983]7E FF 02 FF F9 BA D8 E1 32 01 BD 01 85 C5 07 91 00 3F 02 10 00 01 00 02 EC A8 22 10 4A 10 00 01 02 01 00 00 04 27 CC 60 72 92 E7 7E
[ 21495][16:44:21.193]7E FF 02 FF FA BA A1 E2 32 01 7F 00 DC 4E 54 91 00 3F 02 94 00 01 00 01 EC A8 22 01 80 08 03 16 15 B6 40 00 84 79 13 10 00 88 00 03 3E 02 30 3E 88 FF 00 00 D5 00 00 11 03 00 00 01 02 23 03 50 00 28 0A 68 17 00 43 05 04 00 00 01 21 01 00 80 4A 05 01 01 00 10 02 00 00 FE 19 16 68 17 00 43 05 04 00 00 01 21 01 00 80 4A 05 01 01 40 00 02 00 00 7D 1B 16 83 D8 E0 94 00 00 00 00 00 00 00 00 00 00 00 00 00 00 00 00 00 00 00 00 00 00 00 00 00 00 00 00 00 00 00 00 00 00 00 00 00 00 00 00 00 00 00 00 00 00 00 00 00 00 56 95 F4 E1 7E
[ 21496][16:44:21.193]7E FF 02 FF FB BA AC E2 32 01 F0 00 A6 90 58 91 00 3F 02 10 00 01 00 02 EC A8 22 10 88 10 00 01 03 01 00 00 90 BD DC 9E 19 7B 11 7E
[ 21497][16:44:21.253]7E FF 02 FF FC BA 44 E3 32 01 1A 03 1E 97 6C 91 00 3A 02 94 00 01 00 01 EC A8 22 01 40 00 03 16 15 B6 40 00 01 A9 8E 10 00 04 00 03 3F 02 30 3E 88 FF 00 00 D5 00 00 11 03 00 00 01 02 23 03 51 00 28 0A 68 17 00 43 05 05 00 00 01 21 01 00 55 D5 05 01 01 00 10 02 00 00 FE 19 16 68 17 00 43 05 05 00 00 01 21 01 00 55 D5 05 01 01 40 00 02 00 00 7D 1B 16 4D 13 8A A1 00 00 00 00 00 00 00 00 00 00 00 00 00 00 00 00 00 00 00 00 00 00 00 00 00 00 00 00 00 00 00 00 00 00 00 00 00 00 00 00 00 00 00 00 00 00 00 00 00 00 96 4E 06 CC 7E
[ 21498][16:44:21.268]7E FF 02 FF FD BA EB E2 32 01 52 03 AE D4 70 91 00 3A 02 10 00 01 00 02 EC A8 22 10 04 10 00 01 02 00 00 00 88 70 BC 0D C2 C0 F5 7E
[ 21499][16:44:21.298]7E FF 02 FF FE BA 0B E3 32 01 3F 00 3C B7 7C 91 00 3B 02 94 00 01 00 01 EC A8 22 01 20 00 03 16 15 B6 40 00 62 C5 82 10 00 85 00 03 40 02 30 3E 88 FF 00 00 D5 00 00 11 03 00 00 01 02 23 03 52 00 28 0A 68 17 00 43 05 06 00 00 01 21 01 00 3B 7D 05 01 01 00 10 02 00 00 FE 19 16 68 17 00 43 05 06 00 00 01 21 01 00 3B 7D 05 01 01 40 00 02 00 00 7D 1B 16 1A EE CA 21 00 00 00 00 00 00 00 00 00 00 00 00 00 00 00 00 00 00 00 00 00 00 00 00 00 00 00 00 00 00 00 00 00 00 00 00 00 00 00 00 00 00 00 00 00 00 00 00 00 00 CF A4 EE 65 7E
[ 21500][16:44:21.298]7E FF 02 FF FF BA 16 E3 32 01 85 00 DD F5 80 91 00 3B 02 10 00 01 00 02 EC A8 22 10 02 10 00 01 03 00 00 00 5F 36 20 11 B9 57 16 7E
[ 21501][16:44:21.314]7E FF 02 FF 00 BB 94 E3 32 01 7F 00 0E E2 8A 91 00 3B 02 10 00 01 00 02 EC A8 22 10 85 20 00 01 03 01 00 00 B0 80 6A FC 15 AD F0 7E
[ 21502][16:44:22.332]7E FF 02 FF 01 BB 92 E7 32 01 2C 02 C4 E8 10 93 00 3B 02 10 00 01 00 03 EC A8 22 E3 01 1E 17 8D DD 2E 20 02 48 58 4F 84 31 47 1C 7E
[ 21503][16:44:22.676]7E FF 02 FF 02 BB B4 E8 32 01 C6 02 A5 90 7F 93 00 49 00 14 01 01 00 01 EC A8 22 8E F0 FF 00 34 18 60 C3 00 9A E4 4B E0 08 FF 2F 01 9B 00 00 C8 D8 11 03 00 D5 00 00 08 00 00 00 8E 10 00 11 01 19 01 00 00 02 00 00 90 98 01 63 01 02 27 4E 8F 00 08 01 3A 01 13 00 45 00 00 00 01 30 FE FF FD FF FF FF FF FF FF FF FF FF FF FF F7 FF FF BF 07 0F 0F 05 05 03 04 01 08 0F 05 05 06 02 06 05 04 06 05 03 06 03 04 03 06 06 05 03 0A 06 03 02 06 05 0E 0E 06 03 05 06 02 03 04 05 05 05 06 05 06 06 05 04 06 06 05 06 06 05 04 05 0D 05 06 05 04 05 05 05 05 05 05 05 05 05 03 05 03 05 05 05 05 05 06 06 06 05 06 06 05 05 06 06 06 06 06 06 06 05 06 06 06 05 06 06 06 05 05 02 06 06 06 05 06 06 06 05 06 06 06 06 06 06 06 04 06 06 06 06 05 05 06 05 03 05 04 05 04 05 05 03 03 04 04 00 CD 33 B2 71 00 00 00 00 00 00 00 00 00 00 00 00 00 00 00 00 00 00 00 00 00 00 00 00 00 00 00 00 00 00 00 00 00 00 00 00 00 00 00 00 55 10 4C 89 7E
[ 21504][16:44:22.767]7E FF 02 FF 03 BB 1C E9 32 01 BA 03 4F 54 A7 93 00 49 00 14 01 01 00 01 EC A8 22 31 F0 FF 00 34 18 60 C3 00 33 E4 E3 10 03 FF 2F 01 B4 00 00 C8 A8 11 00 00 D5 00 00 08 00 00 00 31 10 00 11 01 21 01 00 00 18 00 00 90 98 01 63 03 02 64 64 8F 00 09 01 46 01 13 00 55 00 00 00 01 30 FE FF FD FF FF FF FD FF FF FF FF FF FF FF F7 FF FF FF 07 13 13 09 09 07 08 07 0B 13 09 09 0A 07 0A 08 08 09 09 07 09 07 08 09 0A 09 08 07 0D 0A 07 07 09 08 12 11 09 07 08 09 06 06 08 09 09 09 08 08 09 08 08 0A 0A 08 0A 09 0A 09 0A 10 08 0A 06 05 06 06 05 06 06 06 06 06 06 04 06 06 06 06 06 06 06 06 06 06 05 06 06 05 04 06 06 06 06 06 06 06 05 06 06 06 05 06 06 06 05 05 06 06 06 06 05 06 06 06 05 06 05 06 06 06 06 06 04 06 06 06 06 05 05 06 05 04 05 04 05 04 05 05 03 04 03 04 04 00 26 B1 6E 58 00 00 00 00 00 00 00 00 00 00 00 00 00 00 00 00 00 00 00 00 00 00 00 00 00 00 00 00 00 00 00 00 00 00 00 00 00 00 00 00 80 52 27 AC 7E
[ 21505][16:44:23.035]7E FF 02 FF 04 BB 3B EA 32 01 C2 01 8A A0 14 94 00 49 00 54 00 01 00 01 EC A8 22 88 10 00 00 5B 13 60 E0 00 C6 0A 32 80 08 01 00 0C A3 00 30 0C A0 FF 00 00 D5 00 00 11 03 00 00 01 02 03 00 50 00 00 00 46 6D 26 63 00 00 00 00 00 00 00 00 00 00 00 00 00 00 00 00 00 00 00 00 00 00 00 00 00 00 00 00 00 00 00 00 00 00 00 00 D2 75 EE DA 7E
[ 21506][16:44:23.035]7E FF 02 FF 05 BB 42 EA 32 01 D2 00 D0 38 17 94 00 49 00 10 00 01 00 02 EC A8 22 10 01 80 08 01 01 00 00 00 BB 63 BA 9F 17 76 A0 7E
[ 21507][16:44:23.260]7E FF 02 FF 06 BB BC EA 32 01 3C 02 9C 07 6C 94 00 49 00 54 00 01 00 01 EC A8 22 85 20 00 00 5B 13 60 E0 00 FA 3C A6 50 08 01 00 0D B1 00 30 0C F0 FF 00 00 D5 00 00 11 03 00 00 01 02 03 00 52 00 00 00 CD A5 2F C9 00 00 00 00 00 00 00 00 00 00 00 00 00 00 00 00 00 00 00 00 00 00 00 00 00 00 00 00 00 00 00 00 00 00 00 00 7E 22 57 D4 7E
[ 21508][16:44:23.260]7E FF 02 FF 07 BB C3 EA 32 01 C5 00 92 92 6E 94 00 49 00 10 00 01 00 02 EC A8 22 10 02 50 08 01 03 00 00 00 4C 36 AC 6E 55 81 BF 7E
[ 21509][16:44:24.129]7E FF 02 FF 08 BB 92 EE 32 01 3C 03 86 99 BC 95 00 49 00 10 00 01 00 02 8D DD 2E 10 01 E0 02 01 03 01 00 00 33 5E 3C 4C 23 B6 51 7E
[ 21510][16:44:24.174]7E FF 02 FF 09 BB 56 EE 32 01 7E 00 ED 97 CB 95 00 49 00 10 00 01 00 02 8D DD 2E 10 01 E0 02 01 03 02 00 00 33 6E FC 77 40 54 BF 7E
[ 21511][16:44:24.234]7E FF 02 FF 0A BB FB EE 32 01 92 01 4C 7E E4 95 00 49 00 10 00 01 00 03 EC A8 22 E3 01 B5 0F 8D DD 2E 20 02 3D 50 BD 28 FA 5D 74 7E
[ 21512][16:44:24.563]7E FF 02 FF 0B BB 00 F0 32 01 85 03 FD 38 48 96 00 49 00 15 02 01 00 00 8D DD 2E 17 C1 FD EE 01 90 5B 03 00 16 98 60 CA 2A 00 00 05 46 46 54 C8 0A 00 00 00 00 00 00 00 00 00 00 03 00 0F 01 00 00 64 00 00 05 46 46 54 04 00 00 01 0A D0 02 29 00 3C 00 3C 00 C0 D9 00 5B 33 00 43 17 32 00 00 00 00 B4 15 FC EE DC 25 00 00 00 00 07 10 03 10 49 10 2E 10 41 10 10 12 A4 10 E2 11 BA 10 B8 11 4C 11 0D 11 1F 12 75 11 6D 11 69 10 00 12 1B 12 E4 10 C7 11 44 11 94 10 AC 11 CE 11 01 12 64 11 A2 11 16 10 29 11 87 11 31 11 79 11 83 10 4B 10 4E 10 1F 10 08 10 0D 10 60 10 4F 10 09 10 E8 10 0C 10 88 10 EA 10 5A 11 27 11 74 10 73 11 1B 10 5B 11 FD 11 A0 11 B2 10 4A 10 4D 10 17 10 DF 11 50 10 3E 10 CA 10 73 10 0E 10 48 10 76 10 33 11 20 11 05 01 07 02 4B 01 FF 01 92 01 8A 01 B2 01 4A 01 C5 00 80 01 BF 01 CE 00 7D 01 71 01 06 02 2C 00 DF 00 20 02 EC 00 27 00 2A 00 E5 01 BF 00 31 80 7C 15 00 01 E8 03 00 02 E8 03 00 03 00 03 00 01 E8 03 00 02 E8 03 00 03 00 03 98 00 50 00 23 02 84 00 7C 01 73 01 A3 00 05 02 28 01 48 01 49 01 3E 01 80 00 24 00 85 01 59 00 1F 01 43 01 C3 00 9E 01 B8 00 ED 00 03 01 F9 01 A7 81 88 13 00 01 E8 03 00 02 E8 03 00 03 E8 03 00 03 00 03 E8 03 00 03 E8 03 00 02 E8 03 00 03 00 00 00 00 00 00 00 00 00 00 00 00 00 00 00 00 00 00 00 00 00 00 00 00 00 00 00 00 00 00 00 00 00 00 00 00 00 00 00 00 00 00 00 00 00 00 00 00 00 00 00 00 00 00 00 00 00 00 00 00 00 00 00 00 00 00 00 00 00 00 00 00 00 00 00 00 00 00 00 00 00 00 00 00 00 00 00 00 00 00 00 00 00 00 00 00 00 00 00 00 00 00 00 00 00 00 00 00 00 00 00 00 00 00 00 00 00 00 00 00 00 00 00 00 00 00 00 00 00 00 00 00 00 00 00 00 00 00 00 00 00 00 00 00 00 00 00 00 00 00 00 00 00 00 00 00 5B 0C EC 46 AE 36 1B 74 7E
[ 21513][16:44:24.608]7E FF 02 FF 0C BB 15 F0 32 01 CC 02 59 29 50 96 00 49 00 15 02 01 00 00 8D DD 2E 77 B1 05 EF 01 90 5B 05 00 AE 12 A6 CA 2A 00 00 05 46 46 54 C8 0A 00 00 00 00 00 00 00 00 00 00 03 00 0F 01 00 00 64 00 00 05 46 46 54 04 00 00 01 0A D0 02 29 00 3C 00 3C 00 C0 D9 00 5B 33 00 43 17 32 00 00 00 00 B4 15 FC EE DC 25 00 00 00 00 07 10 03 10 49 10 2E 10 41 10 10 12 A4 10 E2 11 BA 10 B8 11 4C 11 0D 11 1F 12 75 11 6D 11 69 10 00 12 1B 12 E4 10 C7 11 44 11 94 10 AC 11 CE 11 01 12 64 11 A2 11 16 10 29 11 87 11 31 11 79 11 83 10 4B 10 4E 10 1F 10 08 10 0D 10 60 10 4F 10 09 10 E8 10 0C 10 88 10 EA 10 5A 11 27 11 74 10 73 11 1B 10 5B 11 FD 11 A0 11 B2 10 4A 10 4D 10 17 10 DF 11 50 10 3E 10 CA 10 73 10 0E 10 48 10 76 10 33 11 20 11 05 01 07 02 4B 01 FF 01 92 01 8A 01 B2 01 4A 01 C5 00 80 01 BF 01 CE 00 7D 01 71 01 06 02 2C 00 DF 00 20 02 EC 00 27 00 2A 00 E5 01 BF 00 31 80 7C 15 00 01 E8 03 00 02 E8 03 00 03 00 03 00 01 E8 03 00 02 E8 03 00 03 00 03 98 00 50 00 23 02 84 00 7C 01 73 01 A3 00 05 02 28 01 48 01 49 01 3E 01 80 00 24 00 85 01 59 00 1F 01 43 01 C3 00 9E 01 B8 00 ED 00 03 01 F9 01 A7 81 88 13 00 01 E8 03 00 02 E8 03 00 03 E8 03 00 03 00 03 E8 03 00 03 E8 03 00 02 E8 03 00 03 00 00 00 00 00 00 00 00 00 00 00 00 00 00 00 00 00 00 00 00 00 00 00 00 00 00 00 00 00 00 00 00 00 00 00 00 00 00 00 00 00 00 00 00 00 00 00 00 00 00 00 00 00 00 00 00 00 00 00 00 00 00 00 00 00 00 00 00 00 00 00 00 00 00 00 00 00 00 00 00 00 00 00 00 00 00 00 00 00 00 00 00 00 00 00 00 00 00 00 00 00 00 00 00 00 00 00 00 00 00 00 00 00 00 00 00 00 00 00 00 00 00 00 00 00 00 00 00 00 00 00 00 00 00 00 00 00 00 00 00 00 00 00 00 00 00 00 00 00 00 00 00 00 00 00 00 5B 0C EC 46 2A D9 35 8F 7E
[ 21514][16:44:24.758]7E FF 02 FF 0D BB 93 F0 32 01 1F 03 F9 67 A6 96 00 49 01 54 00 01 00 01 EC A8 22 02 10 00 00 5B 13 60 E0 00 5C 0A D2 50 08 01 00 0D B1 00 30 0C F0 EF 00 00 D5 00 00 11 03 00 00 01 02 03 00 52 00 00 00 CD A5 2F C9 00 00 00 00 00 00 00 00 00 00 00 00 00 00 00 00 00 00 00 00 00 00 00 00 00 00 00 00 00 00 00 00 00 00 00 00 E1 97 2A B3 7E
[ 21515][16:44:24.758]7E FF 02 FF 0E BB 9A F0 32 01 E7 01 2C FB A8 96 00 49 01 10 00 01 00 02 EC A8 22 10 01 20 00 01 03 00 00 00 B0 04 2A 83 96 16 1F 7E
[ 21516][16:44:24.788]7E FF 02 FF 0F BB 9C F0 32 01 8B 02 E7 C9 A9 96 00 49 00 14 01 01 00 01 EC A8 22 3C F0 FF 00 34 18 60 C3 00 3F E4 B7 C0 03 FF 2F 01 C7 00 00 C9 F8 11 00 00 D5 00 00 08 00 00 00 3C 10 00 11 01 12 01 00 00 11 00 00 90 98 01 63 03 03 58 64 90 00 09 01 3D 01 13 00 51 00 00 00 01 30 FE FF FD FF FF FF FF EF FF FF FF FF FF FF FF FF FF FF 07 13 13 09 08 07 08 07 0B 12 09 09 0A 06 0A 08 08 09 09 07 09 07 08 09 0A 09 08 07 0D 09 06 07 09 08 12 11 09 07 09 09 06 07 09 08 09 09 09 08 08 09 08 08 0A 0A 08 0A 09 0A 0A 10 08 09 06 06 06 06 05 06 06 06 06 06 06 06 06 06 06 06 06 06 06 06 06 06 05 06 06 05 05 06 06 06 06 06 06 06 05 06 06 06 05 06 06 06 05 05 06 06 06 06 05 06 06 06 06 05 05 06 06 06 06 06 05 04 06 06 06 06 05 05 06 05 03 05 04 05 04 05 05 05 04 03 04 04 00 5D 22 60 2B 00 00 00 00 00 00 00 00 00 00 00 00 00 00 00 00 00 00 00 00 00 00 00 00 00 00 00 00 00 00 00 00 00 00 00 00 00 00 00 CC 81 57 48 7E
[ 21517][16:44:24.803]7E FF 02 FF 10 BB B7 F0 32 01 8B 00 2E E3 B3 96 00 49 00 94 00 01 00 01 EC A8 22 26 10 00 00 16 15 B6 40 00 B0 EB C5 60 02 01 00 0B C4 00 30 42 C0 FF 00 00 D5 00 00 11 03 00 00 01 02 63 03 55 00 01 00 68 34 00 83 05 12 00 00 01 12 01 00 C3 F0 85 01 01 00 10 02 00 01 01 05 06 00 00 02 00 06 00 00 02 00 06 00 00 02 00 06 00 00 02 00 06 00 00 02 00 00 00 C2 92 16 0D 3D 8B F8 00 00 00 00 00 00 00 00 00 00 00 00 00 00 00 00 00 00 00 00 00 00 00 00 00 00 00 00 00 00 00 00 00 00 00 00 00 00 00 00 00 00 00 00 00 00 8D 73 4C 48 7E
[ 21518][16:44:24.818]7E FF 02 FF 11 BB C2 F0 32 01 78 01 38 33 B8 96 00 49 00 10 00 01 00 02 EC A8 22 10 01 60 02 01 05 00 00 00 40 D6 61 57 D8 49 51 7E
[ 21519][16:44:24.833]7E FF 02 FF 12 BB 29 F1 32 01 00 03 E4 78 B9 96 00 49 00 94 00 01 00 01 EC A8 22 3C 10 00 00 16 15 B6 40 00 A8 EB 6D C0 03 01 00 0A C8 00 30 42 F8 FF 00 00 D5 00 00 11 03 00 00 01 02 63 03 54 00 01 00 68 34 00 83 05 11 00 00 01 12 01 00 AD 58 85 01 01 00 10 02 00 01 01 05 06 00 00 02 00 06 00 00 02 00 06 00 00 02 00 06 00 00 02 00 06 00 00 02 00 00 00 C2 92 16 E0 36 0C C9 00 00 00 00 00 00 00 00 00 00 00 00 00 00 00 00 00 00 00 00 00 00 00 00 00 00 00 00 00 00 00 00 00 00 00 00 00 00 00 00 00 00 00 00 00 00 06 D8 4B 31 7E
[ 21520][16:44:24.833]7E FF 02 FF 13 BB 35 F1 32 01 78 00 BD D2 BD 96 00 49 00 10 00 01 00 02 EC A8 22 10 01 C0 03 01 05 00 00 00 29 7B D0 DD 42 AE 4E 7E
[ 21521][16:44:24.878]7E FF 02 FF 14 BB 0C F1 32 01 84 01 6D 68 D4 96 00 3F 02 94 00 01 00 01 EC A8 22 01 D0 05 03 16 15 B6 40 00 BC 8E FF 10 00 5D 00 03 41 02 30 3E 88 FF 00 00 D5 00 00 11 03 00 00 01 02 23 03 5B 00 28 0A 68 17 00 43 05 08 00 00 01 21 01 00 1A FB 05 01 01 00 10 02 00 00 FE 19 16 68 17 00 43 05 08 00 00 01 21 01 00 1A FB 05 01 01 40 00 02 00 00 7D 1B 16 55 3F 86 98 00 00 00 00 00 00 00 00 00 00 00 00 00 00 00 00 00 00 00 00 00 00 00 00 00 00 00 00 00 00 00 00 00 00 00 00 00 00 00 00 00 00 00 00 00 00 00 00 00 00 2A 0F 08 1D 7E
[ 21522][16:44:24.893]7E FF 02 FF 15 BB 17 F1 32 01 BF 01 53 A6 D8 96 00 3F 02 10 00 01 00 02 EC A8 22 10 5D 10 00 01 03 01 00 00 E2 72 14 E3 6E 88 65 7E
[ 21523][16:44:24.923]7E FF 02 FF 16 BB 99 F1 32 01 10 01 8D 01 E4 96 00 3F 02 94 00 01 00 01 EC A8 22 01 C0 04 03 16 15 B6 40 00 A5 BD 1A 10 00 4C 00 03 42 02 30 3E 88 FF 00 00 D5 00 00 11 03 00 00 01 02 23 03 5C 00 28 0A 68 17 00 43 05 09 00 00 01 21 01 00 CF 64 05 01 01 00 10 02 00 00 FE 19 16 68 17 00 43 05 09 00 00 01 21 01 00 CF 64 05 01 01 40 00 02 00 00 7D 1B 16 2F 01 31 A8 00 00 00 00 00 00 00 00 00 00 00 00 00 00 00 00 00 00 00 00 00 00 00 00 00 00 00 00 00 00 00 00 00 00 00 00 00 00 00 00 00 00 00 00 00 00 00 00 00 00 1B 64 11 07 7E
[ 21524][16:44:24.923]7E FF 02 FF 17 BB A4 F1 32 01 62 01 E8 40 E8 96 00 3F 02 10 00 01 00 02 EC A8 22 10 4C 10 00 01 03 01 00 00 D3 61 50 A5 28 FD BA 7E
[ 21525][16:44:25.237]7E FF 02 FF 18 BB CB F2 32 01 BF 00 6C B3 58 97 00 49 00 94 00 01 00 01 EC A8 22 4A 10 00 00 16 15 B6 40 00 D0 EB 35 A0 04 01 00 0C 14 00 30 42 C8 FF 00 00 D5 00 00 11 03 00 00 01 02 63 03 5A 00 01 00 68 34 00 83 05 07 00 00 01 21 01 00 63 DC 85 01 01 00 10 02 00 01 01 05 06 00 00 02 00 06 00 00 02 00 06 00 00 02 00 06 00 00 02 00 06 00 00 02 00 00 00 C2 92 16 DE 86 77 EF 00 00 00 00 00 00 00 00 00 00 00 00 00 00 00 00 00 00 00 00 00 00 00 00 00 00 00 00 00 00 00 00 00 00 00 00 00 00 00 00 00 00 00 00 00 00 66 D9 F2 90 7E
[ 21526][16:44:25.237]7E FF 02 FF 19 BB D6 F2 32 01 47 01 22 F9 5C 97 00 49 00 10 00 01 00 02 EC A8 22 10 01 A0 04 01 01 01 00 00 B0 31 FE F3 9B E5 E7 7E
[ 21527][16:44:25.327]7E FF 02 FF 1A BB 29 F3 32 01 75 01 96 A1 7C 97 00 3B 02 94 00 01 00 01 EC A8 22 01 C0 06 03 16 15 B6 40 00 B5 FF 58 10 00 6C 00 03 44 02 30 3E 88 FF 00 00 D5 00 00 11 03 00 00 01 02 23 03 5D 00 28 0A 68 17 00 43 05 10 00 00 01 21 01 00 3F 90 05 01 01 00 10 02 00 00 FE 19 16 68 17 00 43 05 10 00 00 01 21 01 00 3F 90 05 01 01 40 00 02 00 00 7D 1B 16 9C CA EE 45 00 00 00 00 00 00 00 00 00 00 00 00 00 00 00 00 00 00 00 00 00 00 00 00 00 00 00 00 00 00 00 00 00 00 00 00 00 00 00 00 00 00 00 00 00 00 00 00 00 00 24 77 92 F8 7E
[ 21528][16:44:25.327]7E FF 02 FF 1B BB 34 F3 32 01 B2 01 03 DF 80 97 00 3B 02 10 00 01 00 02 EC A8 22 10 6C 10 00 01 01 01 00 00 D3 C5 D0 BE 17 26 02 7E
[ 21529][16:44:26.152]7E FF 02 FF 1C BB 11 F6 32 01 4C 00 61 80 BE 98 00 3B 02 10 00 01 00 03 EC A8 22 E3 01 3C 08 8D DD 2E 20 02 96 C4 EE C9 95 0F 7E 7E
[ 21530][16:44:26.751]7E FF 02 FF 1D BB BB F8 32 01 85 03 C0 CE 9C 99 00 49 00 94 00 01 00 01 8D DD 2E 01 E0 02 03 29 14 88 54 00 1A A6 54 10 00 5C 00 03 CA 3F 30 10 88 FF 00 00 2A 00 00 11 08 00 00 01 03 01 00 E1 52 97 64 60 79 15 00 52 01 AA 46 00 00 00 00 00 00 00 00 00 00 00 00 00 00 00 00 00 00 00 00 00 00 00 00 00 00 00 00 00 00 00 00 00 00 00 00 00 00 00 00 00 00 00 00 00 00 00 00 00 00 00 00 00 00 00 00 00 00 00 00 00 00 00 00 00 00 00 00 00 00 00 00 00 00 00 00 00 00 00 00 00 00 00 00 00 00 00 00 00 00 00 00 00 00 00 00 7A 5D 05 EF 7E
[ 21531][16:44:26.751]7E FF 02 FF 1E BB 6C F8 32 01 37 01 D7 9D A4 99 00 49 00 10 00 01 00 02 8D DD 2E 10 01 10 04 01 01 03 00 00 2F 38 64 54 73 57 2D 7E
[ 21532][16:44:26.813]7E FF 02 FF 1F BB 0C F9 32 01 AA 01 A5 8C BB 99 00 49 00 10 00 01 00 02 8D DD 2E 10 01 40 0A 01 03 04 00 00 1A E9 E4 EB E1 5A 4E 7E
[ 21533][16:44:26.826]7E FF 02 FF 20 BB 1B F9 32 01 2A 01 4A 39 C1 99 00 49 00 10 00 01 00 02 8D DD 2E 10 01 10 20 01 00 05 00 00 34 31 ED 0E 7B EF 93 7E
[ 21534][16:44:26.841]7E FF 02 FF 21 BB C6 F8 32 01 68 03 F5 29 C7 99 00 49 00 10 00 01 00 02 8D DD 2E 01 01 30 00 01 00 06 00 00 27 28 30 FD 1E 0A F7 7E
[ 21535][16:44:26.872]7E FF 02 FF 22 BB CE F8 32 01 9A 03 17 36 CA 99 00 49 00 94 00 01 00 01 8D DD 2E 01 E0 02 03 29 14 88 54 00 1A A6 54 10 00 5C 00 03 CA 3F 30 10 88 FF 00 00 2A 00 00 11 08 00 00 01 03 01 00 E1 52 97 64 60 79 15 00 52 01 AA 46 00 00 00 00 00 00 00 00 00 00 00 00 00 00 00 00 00 00 00 00 00 00 00 00 00 00 00 00 00 00 00 00 00 00 00 00 00 00 00 00 00 00 00 00 00 00 00 00 00 00 00 00 00 00 00 00 00 00 00 00 00 00 00 00 00 00 00 00 00 00 00 00 00 00 00 00 00 00 00 00 00 00 00 00 00 00 00 00 00 00 00 00 00 00 00 00 FC 3A AB DF 7E
[ 21536][16:44:26.887]7E FF 02 FF 23 BB F7 F8 32 01 E1 02 91 CD D9 99 00 49 00 10 00 01 00 02 8D DD 2E 10 01 40 0A 01 03 05 00 00 1B F9 20 42 0D BD 97 7E
[ 21537][16:44:26.917]7E FF 02 FF 24 BB 5E F9 32 01 66 03 4C FA DA 99 00 49 00 94 00 01 00 01 8D DD 2E 01 E0 02 03 29 14 88 50 00 0B A4 D0 10 00 1D 00 03 CF 3F 30 10 88 FF 00 00 2A 00 00 11 08 00 00 01 03 01 00 E1 50 62 75 64 79 15 00 B4 B1 88 46 00 00 00 00 00 00 00 00 00 00 00 00 00 00 00 00 00 00 00 00 00 00 00 00 00 00 00 00 00 00 00 00 00 00 00 00 00 00 00 00 00 00 00 00 00 00 00 00 00 00 00 00 00 00 00 00 00 00 00 00 00 00 00 00 00 00 00 00 00 00 00 00 00 00 00 00 00 00 00 00 00 00 00 00 00 00 00 00 00 00 00 00 00 00 00 00 A0 8D 8A D6 7E
[ 21538][16:44:26.977]7E FF 02 FF 25 BB 36 F9 32 01 0F 01 2B A2 F1 99 00 49 00 94 00 01 00 01 8D DD 2E 01 E0 02 03 29 14 88 50 00 0B A4 D0 10 00 AA 00 03 D0 3F 30 10 88 FF 00 00 2A 00 00 11 08 00 00 01 03 01 00 DD 50 99 64 62 79 15 00 B2 FF 54 93 00 00 00 00 00 00 00 00 00 00 00 00 00 00 00 00 00 00 00 00 00 00 00 00 00 00 00 00 00 00 00 00 00 00 00 00 00 00 00 00 00 00 00 00 00 00 00 00 00 00 00 00 00 00 00 00 00 00 00 00 00 00 00 00 00 00 00 00 00 00 00 00 00 00 00 00 00 00 00 00 00 00 00 00 00 00 00 00 00 00 00 00 00 00 00 00 65 EC 50 91 7E
[ 21539][16:44:27.023]7E FF 02 FF 26 BB C8 F9 32 01 A3 00 26 24 03 9A 00 49 00 94 00 01 00 01 8D DD 2E 01 E0 02 03 29 14 88 54 00 1A A6 54 10 00 AA 00 03 D0 3F 30 10 88 FF 00 00 2A 00 00 11 08 00 00 01 03 01 00 DD 50 99 64 62 79 15 00 B2 FF 54 93 00 00 00 00 00 00 00 00 00 00 00 00 00 00 00 00 00 00 00 00 00 00 00 00 00 00 00 00 00 00 00 00 00 00 00 00 00 00 00 00 00 00 00 00 00 00 00 00 00 00 00 00 00 00 00 00 00 00 00 00 00 00 00 00 00 00 00 00 00 00 00 00 00 00 00 00 00 00 00 00 00 00 00 00 00 00 00 00 00 00 00 00 00 00 00 00 91 85 EA 95 7E
[ 21540][16:44:27.085]7E FF 02 FF 27 BB A2 F9 32 01 7C 00 D6 C6 1A 9A 00 49 00 94 00 01 00 01 8D DD 2E 01 40 0A 00 16 15 B6 40 00 A1 67 26 10 00 A4 00 0A D2 3F 00 34 88 FF 00 00 2A 00 00 01 00 00 00 00 19 01 12 00 37 00 00 05 46 46 54 01 00 00 40 A4 00 01 01 A9 2C B3 3C 00 7D 00 00 0F 00 00 00 01 00 00 00 00 00 00 00 00 00 00 00 00 00 00 00 AF 46 5B E3 00 00 00 00 00 00 00 00 00 00 00 00 00 00 00 00 00 00 00 00 00 00 00 00 00 00 00 00 00 00 00 00 00 00 00 00 00 00 00 00 00 00 00 00 00 00 00 00 00 00 00 00 00 00 00 00 00 00 00 00 E7 13 01 AF 7E
[ 21541][16:44:27.100]7E FF 02 FF 28 BB 28 FA 32 01 AF 00 6A CA 27 9A 00 49 00 10 00 01 00 02 8D DD 2E 10 01 40 0A 01 03 02 00 00 19 89 E8 87 EA 45 71 7E
[ 21542][16:44:27.100]7E FF 02 FF 29 BB 2D FA 32 01 42 01 70 C1 29 9A 00 49 00 10 00 01 00 03 8D DD 2E 72 08 AF 1B B1 50 3B B4 03 FE E0 A5 54 46 6C 26 7E
[ 21543][16:44:27.115]7E FF 02 FF 2A BB 3C FA 32 01 3E 00 D5 60 2F 9A 00 49 00 10 00 01 00 02 8D DD 2E 10 01 A0 0B 01 02 03 00 00 71 36 95 72 56 27 87 7E
[ 21544][16:44:27.160]7E FF 02 FF 2B BB 52 FA 32 01 20 01 1A D5 37 9A 00 49 00 94 00 01 00 01 8D DD 2E 01 40 0A 00 16 15 B6 40 00 A1 67 26 10 00 A4 00 0A D5 3F 00 34 88 FF 00 00 2A 00 00 01 00 00 00 00 19 01 10 00 15 00 00 05 46 46 54 01 00 00 00 A4 00 01 01 2B A3 38 29 00 7D 00 00 F3 00 00 00 01 00 00 00 00 00 00 00 00 00 00 00 00 00 00 00 1D 6A C7 7C 00 00 00 00 00 00 00 00 00 00 00 00 00 00 00 00 00 00 00 00 00 00 00 00 00 00 00 00 00 00 00 00 00 00 00 00 00 00 00 00 00 00 00 00 00 00 00 00 00 00 00 00 00 00 00 00 00 00 00 00 A8 B9 63 99 7E
[ 21545][16:44:27.250]7E FF 02 FF 2C BB 62 FA 32 01 48 01 A9 1E 64 9A 00 49 00 10 00 01 00 02 8D DD 2E 10 01 F0 21 01 01 03 00 00 5E FE 58 B5 E5 25 C6 7E
[ 21546][16:44:27.295]7E FF 02 FF 2D BB 76 FA 32 01 E4 03 5C FB 6B 9A 00 49 00 94 00 01 00 01 8D DD 2E 01 F0 21 00 16 15 B6 40 00 47 8B 90 10 00 89 01 0A D6 3F 00 34 88 FF 00 00 2A 00 00 01 00 00 00 00 19 01 12 00 22 00 00 05 46 46 54 01 00 00 40 89 01 01 01 A9 2C B3 3C 00 7D 00 00 10 00 00 00 01 00 00 00 00 00 00 00 00 00 00 00 00 00 00 00 1C D2 27 02 00 00 00 00 00 00 00 00 00 00 00 00 00 00 00 00 00 00 00 00 00 00 00 00 00 00 00 00 00 00 00 00 00 00 00 00 00 00 00 00 00 00 00 00 00 00 00 00 00 00 00 00 00 00 00 00 00 00 00 00 45 90 BA 97 7E
[ 21547][16:44:27.355]7E FF 02 FF 2E BB C5 FA 32 01 83 00 7D CF 89 9A 00 49 00 10 00 01 00 02 8D DD 2E 10 01 F0 21 01 02 03 00 00 6E 3E 58 5A C0 7E 7C 7E
[ 21548][16:44:27.355]7E FF 02 FF 2F BB CC FA 32 01 AE 00 C6 7F 8C 9A 00 49 00 10 00 01 00 03 8D DD 2E 72 08 AC 1A B1 50 3B B4 03 A7 8B 63 AB CF 82 E7 7E
[ 21549][16:44:27.400]7E FF 02 FF 30 BB DD FA 32 01 88 02 62 24 93 9A 00 3D 02 94 00 01 00 01 EC A8 22 01 F0 FF 03 C8 14 B6 42 00 E6 E1 D5 10 00 FF 3F 01 45 02 30 3E 88 FF 09 00 D5 00 00 00 00 90 98 01 63 FF FF FF FF FF FF 11 03 00 00 01 02 23 03 51 00 28 0A 68 17 00 43 05 05 00 00 01 21 01 00 55 D5 05 01 01 00 10 02 00 00 FE 19 16 68 17 00 43 05 05 00 00 01 21 01 00 55 D5 05 01 01 40 00 02 00 00 7D 1B 16 4D 13 8A A1 00 00 00 00 00 00 00 00 00 00 00 00 00 00 00 00 00 00 00 00 00 00 00 00 00 00 00 00 00 00 00 00 00 00 00 00 00 00 57 E5 0A A2 7E
[ 21550][16:44:27.685]7E FF 02 FF 31 BB FC FB 32 01 45 00 FA 67 00 9B 00 49 00 94 00 01 00 01 8D DD 2E 01 10 04 03 29 14 88 50 00 CD 8C CE 10 00 30 01 03 D1 3F 30 10 88 FF 00 00 2A 00 00 11 08 00 00 01 03 01 00 1E 55 04 61 47 79 15 00 20 45 B1 CB 00 00 00 00 00 00 00 00 00 00 00 00 00 00 00 00 00 00 00 00 00 00 00 00 00 00 00 00 00 00 00 00 00 00 00 00 00 00 00 00 00 00 00 00 00 00 00 00 00 00 00 00 00 00 00 00 00 00 00 00 00 00 00 00 00 00 00 00 00 00 00 00 00 00 00 00 00 00 00 00 00 00 00 00 00 00 00 00 00 00 00 00 00 00 00 00 5A 3D F1 61 7E
[ 21551][16:44:27.729]7E FF 02 FF 32 BB A4 FC 32 01 33 00 61 5B 1A 9B 00 49 00 10 00 01 00 02 8D DD 2E 10 01 C0 14 01 01 04 00 00 9C 1A 32 7A DF B7 D5 7E
[ 21552][16:44:27.759]7E FF 02 FF 33 BB A8 FC 32 01 10 02 CC 0A 1C 9B 00 49 00 94 00 01 00 01 8D DD 2E 01 10 04 03 29 14 88 54 00 DC 8E 4A 10 00 30 01 03 D1 3F 30 10 88 FF 00 00 2A 00 00 11 08 00 00 01 03 01 00 1E 55 04 61 47 79 15 00 20 45 B1 CB 00 00 00 00 00 00 00 00 00 00 00 00 00 00 00 00 00 00 00 00 00 00 00 00 00 00 00 00 00 00 00 00 00 00 00 00 00 00 00 00 00 00 00 00 00 00 00 00 00 00 00 00 00 00 00 00 00 00 00 00 00 00 00 00 00 00 00 00 00 00 00 00 00 00 00 00 00 00 00 00 00 00 00 00 00 00 00 00 00 00 00 00 00 00 00 00 CF 56 FE 0E 7E
[ 21553][16:44:27.774]7E FF 02 FF 34 BB 5A FC 32 01 CB 02 9C 81 24 9B 00 49 00 94 00 01 00 01 8D DD 2E 01 10 20 01 16 15 B6 40 00 E9 5E 08 10 00 01 02 03 D4 3F 00 34 88 FF 08 00 2A 00 00 00 00 05 46 46 54 22 03 23 13 11 22 05 00 00 00 00 00 00 00 8E 01 5B 01 7B 00 00 00 9C 1A 00 00 00 00 00 00 00 19 01 12 00 37 00 00 05 46 46 54 01 00 00 40 A4 00 01 01 A9 2C B3 3C 00 7D 00 00 E7 23 E7 0B 00 00 00 00 00 00 00 00 00 00 00 00 00 00 00 00 00 00 00 00 00 00 00 00 00 00 00 00 00 00 00 00 00 00 00 00 00 00 00 00 00 00 00 00 00 00 00 00 46 64 18 DF 7E
[ 21554][16:44:27.804]7E FF 02 FF 35 BB 76 FC 32 01 F3 01 94 1A 2F 9B 00 49 00 94 00 01 00 01 8D DD 2E 01 70 00 00 16 15 B6 40 00 C2 1B 21 10 00 07 00 0A D8 3F 00 34 88 FF 00 00 2A 00 00 01 00 00 00 22 03 23 23 11 83 00 00 05 46 46 54 01 00 00 40 07 00 01 01 C2 2F 56 7A 00 A0 0F 00 F4 00 00 00 01 00 00 00 00 00 00 00 00 00 00 00 00 00 00 00 2C 0B F1 D1 00 00 00 00 00 00 00 00 00 00 00 00 00 00 00 00 00 00 00 00 00 00 00 00 00 00 00 00 00 00 00 00 00 00 00 00 00 00 00 00 00 00 00 00 00 00 00 00 00 00 00 00 00 00 00 00 00 00 00 00 D8 E7 73 05 7E
[ 21555][16:44:27.834]7E FF 02 FF 36 BB 0E FD 32 01 90 00 F5 D3 42 9B 00 49 00 10 00 01 00 02 8D DD 2E 10 01 40 0A 01 01 03 00 00 39 19 A8 36 49 3E 0B 7E
[ 21556][16:44:27.939]7E FF 02 FF 37 BB 14 FD 32 01 61 03 42 8C 6B 9B 00 49 00 10 00 01 00 02 8D DD 2E 01 01 00 21 01 00 03 00 00 E1 49 5E 1C 0E 4C F6 7E
[ 21557][16:44:27.969]7E FF 02 FF 38 BB 1E FD 32 01 BC 00 0C 13 6F 9B 00 49 00 94 00 01 00 01 8D DD 2E 01 C0 14 00 16 15 B6 40 00 D3 29 F3 10 00 4C 01 0A D9 3F 00 34 88 FF 00 00 2A 00 00 01 00 00 00 22 03 23 13 10 55 00 00 05 46 46 54 01 00 00 40 4C 01 01 01 D5 33 E0 C5 00 A0 0F 00 7A 01 00 00 01 00 00 00 00 00 00 00 00 00 00 00 00 00 00 00 68 A5 B1 3E 00 00 00 00 00 00 00 00 00 00 00 00 00 00 00 00 00 00 00 00 00 00 00 00 00 00 00 00 00 00 00 00 00 00 00 00 00 00 00 00 00 00 00 00 00 00 00 00 00 00 00 00 00 00 00 00 00 00 00 00 98 7C FA 75 7E
[ 21558][16:44:28.044]7E FF 02 FF 39 BB D6 FD 32 01 50 03 25 64 8F 9B 00 49 00 10 00 01 00 02 8D DD 2E 10 01 30 00 01 00 03 00 00 36 78 60 71 9A F9 65 7E
[ 21559][16:44:28.044]7E FF 02 FF 3A BB 78 FD 32 01 88 03 27 B4 91 9B 00 49 00 10 00 01 00 03 EC A8 22 E3 01 D4 00 8D DD 2E 20 02 EE 69 F3 5D D0 04 AB 7E
[ 21560][16:44:28.103]7E FF 02 FF 3B BB A0 FD 32 01 1D 00 E5 9B A0 9B 00 49 00 94 00 01 00 01 8D DD 2E 01 C0 14 00 16 15 B6 44 00 C2 2B 77 10 00 4C 01 0A D9 3F 00 34 88 FF 00 00 2A 00 00 01 00 00 00 22 03 23 13 10 55 00 00 05 46 46 54 01 00 00 40 4C 01 01 01 D5 33 E0 C5 00 A0 0F 00 7A 01 00 00 01 00 00 00 00 00 00 00 00 00 00 00 00 00 00 00 68 A5 B1 3E 00 00 00 00 00 00 00 00 00 00 00 00 00 00 00 00 00 00 00 00 00 00 00 00 00 00 00 00 00 00 00 00 00 00 00 00 00 00 00 00 00 00 00 00 00 00 00 00 00 00 00 00 00 00 00 00 00 00 00 00 9C 13 B2 82 7E
[ 21561][16:44:28.148]7E FF 02 FF 3C BB 29 FE 32 01 23 00 63 B7 AE 9B 00 49 00 94 00 01 00 01 8D DD 2E 01 40 0A 00 16 15 B6 40 00 A1 67 26 10 00 A4 00 0A DA 3F 00 34 88 FF 00 00 2A 00 00 01 00 00 00 00 19 01 10 00 16 00 00 05 46 46 54 01 00 00 00 A4 00 01 01 2B A3 38 29 00 7D 00 00 FB 00 00 00 01 00 00 00 00 00 00 00 00 00 00 00 00 00 00 00 A2 A7 28 28 00 00 00 00 00 00 00 00 00 00 00 00 00 00 00 00 00 00 00 00 00 00 00 00 00 00 00 00 00 00 00 00 00 00 00 00 00 00 00 00 00 00 00 00 00 00 00 00 00 00 00 00 00 00 00 00 00 00 00 00 ED C1 C8 16 7E
[ 21562][16:44:28.193]7E FF 02 FF 3D BB F4 FD 32 01 0B 00 E2 A3 C0 9B 00 49 00 94 00 01 00 01 8D DD 2E 01 30 00 00 16 15 B6 40 00 80 53 29 10 00 03 00 0A DB 3F 00 34 88 FF 00 00 2A 00 00 01 00 00 00 00 15 79 45 48 51 00 00 05 46 46 54 01 00 00 00 03 00 01 01 2B A3 38 29 00 7D 00 00 E4 00 00 00 01 00 00 00 00 00 00 00 00 00 00 00 00 00 00 00 EF 77 31 02 00 00 00 00 00 00 00 00 00 00 00 00 00 00 00 00 00 00 00 00 00 00 00 00 00 00 00 00 00 00 00 00 00 00 00 00 00 00 00 00 00 00 00 00 00 00 00 00 00 00 00 00 00 00 00 00 00 00 00 00 39 EB 2A 3F 7E
[ 21563][16:44:28.253]7E FF 02 FF 3E BB 9B FE 32 01 FE 02 48 7C DA 9B 00 49 00 94 00 01 00 01 8D DD 2E 01 70 00 00 16 15 B6 40 00 C2 1B 21 10 00 07 00 0A DC 3F 00 34 88 FF 00 00 2A 00 00 01 00 00 00 22 03 23 23 11 83 00 00 05 46 46 54 01 00 00 40 07 00 01 01 C2 2F 56 7A 00 A0 0F 00 F4 00 00 00 01 00 00 00 00 00 00 00 00 00 00 00 00 00 00 00 2C 0B F1 D1 00 00 00 00 00 00 00 00 00 00 00 00 00 00 00 00 00 00 00 00 00 00 00 00 00 00 00 00 00 00 00 00 00 00 00 00 00 00 00 00 00 00 00 00 00 00 00 00 00 00 00 00 00 00 00 00 00 00 00 00 8A 2E C6 2A 7E
[ 21564][16:44:28.298]7E FF 02 FF 3F BB 5B FE 32 01 D5 01 C0 1A E8 9B 00 3B 02 15 01 01 00 00 EC A8 22 BA 8F 64 D8 01 B0 B0 02 00 80 F1 37 CA D5 00 00 90 98 01 63 25 01 00 00 20 02 00 00 00 00 00 00 05 00 0F 01 00 00 64 00 00 90 98 01 63 04 00 00 01 0A 90 01 30 01 3C 00 3C 00 06 0A F3 07 00 00 53 39 5F D8 C0 47 00 12 33 00 05 17 32 00 00 00 00 BF 06 63 D8 1D 27 00 00 17 00 02 10 09 10 23 10 24 10 3D 10 69 00 6A 00 6B 00 6C 00 6D 00 6E 00 6F 00 70 00 71 00 72 00 73 00 74 00 75 80 64 19 00 01 F4 01 00 02 C4 09 00 03 03 04 5A 05 64 F6 7B 00 7C 00 7E 00 7F 00 80 00 81 00 83 00 84 00 85 00 87 00 89 00 8A 00 8D 00 82 00 8C 00 8E 00 88 00 7D 00 86 00 8B 00 8F 00 90 00 91 00 17 00 1D 00 2C 00 2A 00 1B 00 08 00 0C 00 06 80 04 29 00 01 F4 01 00 02 C4 09 00 03 03 04 32 05 57 00 58 00 59 00 5A 00 5B 00 5C 00 5D 00 5E 00 5F 00 60 00 61 00 62 00 63 00 64 00 65 80 1C 25 00 01 F4 01 00 02 DC 05 00 03 03 04 32 05 E2 0B 9C B6 FF 6E 6B 54 7E
[ 21565][16:44:28.328]7E FF 02 FF 40 BB 70 FE 32 01 1A 02 2C 24 F0 9B 00 3E 03 15 01 01 00 00 EC A8 22 25 99 6C D8 01 B0 B0 04 00 81 EE D6 CA D5 00 00 90 98 01 63 25 01 00 00 20 02 00 00 00 00 00 00 05 00 0F 01 00 00 64 00 00 90 98 01 63 04 00 00 01 0A 90 01 30 01 3C 00 3C 00 06 0A F3 07 00 00 53 39 5F D8 C0 47 00 12 33 00 05 17 32 00 00 00 00 BF 06 63 D8 1D 27 00 00 17 00 02 10 09 10 23 10 24 10 3D 10 69 00 6A 00 6B 00 6C 00 6D 00 6E 00 6F 00 70 00 71 00 72 00 73 00 74 00 75 80 64 19 00 01 F4 01 00 02 C4 09 00 03 03 04 5A 05 64 F6 7B 00 7C 00 7E 00 7F 00 80 00 81 00 83 00 84 00 85 00 87 00 89 00 8A 00 8D 00 82 00 8C 00 8E 00 88 00 7D 00 86 00 8B 00 8F 00 90 00 91 00 17 00 1D 00 2C 00 2A 00 1B 00 08 00 0C 00 06 80 04 29 00 01 F4 01 00 02 C4 09 00 03 03 04 32 05 57 00 58 00 59 00 5A 00 5B 00 5C 00 5D 00 5E 00 5F 00 60 00 61 00 62 00 63 00 64 00 65 80 1C 25 00 01 F4 01 00 02 DC 05 00 03 03 04 32 05 E2 0B 9C B6 D8 70 B8 C6 7E
[ 21566][16:44:28.358]7E FF 02 FF 41 BB EB FE 32 01 29 02 44 EC F8 9B 00 3F 02 15 01 01 00 00 EC A8 22 3E 61 75 D8 01 B0 B0 06 00 A1 31 30 CA D5 00 00 90 98 01 63 25 01 00 00 20 02 00 00 00 00 00 00 05 00 0F 01 00 00 64 00 00 90 98 01 63 04 00 00 01 0A 90 01 30 01 3C 00 3C 00 06 0A F3 07 00 00 53 39 5F D8 C0 47 00 12 33 00 05 17 32 00 00 00 00 BF 06 63 D8 1D 27 00 00 17 00 02 10 09 10 23 10 24 10 3D 10 69 00 6A 00 6B 00 6C 00 6D 00 6E 00 6F 00 70 00 71 00 72 00 73 00 74 00 75 80 64 19 00 01 F4 01 00 02 C4 09 00 03 03 04 5A 05 64 F6 7B 00 7C 00 7E 00 7F 00 80 00 81 00 83 00 84 00 85 00 87 00 89 00 8A 00 8D 00 82 00 8C 00 8E 00 88 00 7D 00 86 00 8B 00 8F 00 90 00 91 00 17 00 1D 00 2C 00 2A 00 1B 00 08 00 0C 00 06 80 04 29 00 01 F4 01 00 02 C4 09 00 03 03 04 32 05 57 00 58 00 59 00 5A 00 5B 00 5C 00 5D 00 5E 00 5F 00 60 00 61 00 62 00 63 00 64 00 65 80 1C 25 00 01 F4 01 00 02 DC 05 00 03 03 04 32 05 E2 0B 9C B6 39 57 87 B7 7E
[ 21567][16:44:28.388]7E FF 02 FF 42 BB 01 FF 32 01 E3 01 8D 49 01 9C 00 49 01 15 01 01 00 00 EC A8 22 D9 BF 7D D8 02 B0 B0 06 00 C0 3C 49 C9 D5 00 00 90 98 01 63 25 01 00 00 20 02 00 00 00 00 00 00 05 00 0F 02 10 00 4E 01 18 01 00 00 03 12 01 03 01 0A 90 01 30 01 3C 00 3C 00 06 0A F3 07 00 00 53 39 5F D8 C0 47 00 12 33 00 05 17 32 00 00 00 00 BF 06 63 D8 1D 27 00 00 17 00 02 10 09 10 23 10 24 10 3D 10 69 00 6A 00 6B 00 6C 00 6D 00 6E 00 6F 00 70 00 71 00 72 00 73 00 74 00 75 80 64 19 00 01 F4 01 00 02 C4 09 00 03 03 04 5A 05 99 C4 7B 00 7C 00 7E 00 7F 00 80 00 81 00 83 00 84 00 85 00 87 00 89 00 8A 00 8D 00 82 00 8C 00 8E 00 88 00 7D 00 86 00 8B 00 8F 00 90 00 91 00 17 00 1D 00 2C 00 2A 00 1B 00 08 00 0C 00 06 80 04 29 00 01 F4 01 00 02 C4 09 00 03 03 04 32 05 57 00 58 00 59 00 5A 00 5B 00 5C 00 5D 00 5E 00 5F 00 60 00 61 00 62 00 63 00 64 00 65 80 1C 25 00 01 F4 01 00 02 DC 05 00 03 03 04 32 05 98 A2 80 09 C1 54 4A 48 7E
[ 21568][16:44:28.642]7E FF 02 FF 43 BB 15 00 33 01 C8 01 81 92 6A 9C 00 49 00 15 01 01 00 00 EC A8 22 F4 08 E7 D8 70 B0 B0 02 00 DA DD 80 C8 D5 00 00 90 98 01 63 25 01 00 00 20 02 00 00 00 00 00 00 05 00 0F 70 10 00 36 01 23 01 00 00 03 11 02 01 01 0A 90 01 30 01 3C 00 3C 00 06 0A F3 07 00 00 53 39 5F D8 C0 23 00 12 33 00 05 17 32 00 00 00 00 BF 06 63 D8 1D 27 00 00 17 00 64 19 00 01 F4 01 00 02 C4 09 00 03 03 04 5A 05 6C 00 6D 00 6E 00 6F 00 70 00 71 00 72 00 73 00 74 00 75 80 64 19 00 01 F4 01 00 02 C4 09 00 03 03 04 5A 05 B3 66 7B 00 7C 00 7E 00 7F 00 80 00 81 00 83 00 84 00 85 00 87 00 89 00 8A 00 8D 00 82 00 8C 00 8E 00 88 00 7D 00 86 00 8B 00 8F 00 90 00 91 00 17 00 1D 00 2C 00 2A 00 1B 00 08 00 0C 00 06 80 04 29 00 01 F4 01 00 02 C4 09 00 03 03 04 32 05 57 00 58 00 59 00 5A 00 5B 00 5C 00 5D 00 5E 00 5F 00 60 00 61 00 62 00 63 00 64 00 65 80 1C 25 00 01 F4 01 00 02 DC 05 00 03 03 04 32 05 E7 1E 20 94 57 51 4E 9E 7E
[ 21569][16:44:28.792]7E FF 02 FF 44 BB 49 00 33 01 DA 00 2F 76 A4 9C 00 3E 03 94 00 01 00 01 EC A8 22 01 F0 FF 03 C8 14 B6 42 00 E6 E1 D5 10 00 FF 3F 01 45 02 30 3E 88 FF 09 00 D5 00 00 00 00 90 98 01 63 FF FF FF FF FF FF 11 03 00 00 01 02 23 03 51 00 28 0A 68 17 00 43 05 05 00 00 01 21 01 00 55 D5 05 01 01 00 10 02 00 00 FE 19 16 68 17 00 43 05 05 00 00 01 21 01 00 55 D5 05 01 01 40 00 02 00 00 7D 1B 16 4D 13 8A A1 00 00 00 00 00 00 00 00 00 00 00 00 00 00 00 00 00 00 00 00 00 00 00 00 00 00 00 00 00 00 00 00 00 00 00 00 00 00 DA 34 04 A5 7E
[ 21570][16:44:28.807]7E FF 02 FF 45 BB CE 00 33 01 F7 01 2D 29 B1 9C 00 49 00 54 00 01 00 01 EC A8 22 04 10 00 00 5B 13 60 E0 00 5A 0A B2 40 00 01 00 0B 85 00 30 0C 88 FF 00 00 D5 00 00 11 03 00 00 01 02 03 00 51 00 00 00 23 0A 9A DB 00 00 00 00 00 00 00 00 00 00 00 00 00 00 00 00 00 00 00 00 00 00 00 00 00 00 00 00 00 00 00 00 00 00 00 00 33 9B 57 F1 7E
[ 21571][16:44:28.807]7E FF 02 FF 46 BB D5 00 33 01 F7 00 C6 BF B3 9C 00 49 00 10 00 01 00 02 EC A8 22 10 01 40 00 01 00 02 00 00 99 87 22 13 4C 41 35 7E
[ 21572][16:44:28.837]7E FF 02 FF 47 BB E1 00 33 01 AE 00 39 47 B8 9C 00 49 01 94 00 01 00 01 EC A8 22 04 10 00 00 16 15 B6 40 00 97 EB 71 40 00 01 00 0B 86 00 30 42 88 FF 00 00 D5 00 00 11 03 00 00 01 02 63 03 51 00 01 00 68 34 00 83 05 05 00 00 01 21 01 00 D8 EB 85 01 01 00 10 02 00 01 01 05 06 00 00 02 00 06 00 00 02 00 06 00 00 02 00 06 00 00 02 00 06 00 00 02 00 00 00 C2 92 16 DD 46 FB 49 00 00 00 00 00 00 00 00 00 00 00 00 00 00 00 00 00 00 00 00 00 00 00 00 00 00 00 00 00 00 00 00 00 00 00 00 00 00 00 00 00 00 00 00 00 00 9C 13 FF 4B 7E
[ 21573][16:44:28.837]7E FF 02 FF 48 BB EC 00 33 01 11 02 65 A1 BC 9C 00 49 01 10 00 01 00 02 EC A8 22 10 01 40 00 01 03 01 00 00 A9 77 E2 2A 5C ED 6A 7E
[ 21574][16:44:29.032]7E FF 02 FF 49 BB B0 01 33 01 7E 03 7E 8B 07 9D 00 49 01 10 00 01 00 02 EC A8 22 10 01 30 02 01 03 01 00 00 B5 14 AE 6D E2 BE FF 7E
[ 21575][16:44:29.286]7E FF 02 FF 4A BB 36 02 33 01 ED 02 6F B9 60 9D 00 49 00 94 00 01 00 01 EC A8 22 09 F0 FF 03 C8 14 B6 42 00 EF E1 D1 10 00 FF 3F 01 45 02 30 3E 88 EF 09 00 D5 00 00 00 00 90 98 01 63 FF FF FF FF FF FF 11 03 00 00 01 02 23 03 51 00 28 0A 68 17 00 43 05 05 00 00 01 21 01 00 55 D5 05 01 01 00 10 02 00 00 FE 19 16 68 17 00 43 05 05 00 00 01 21 01 00 55 D5 05 01 01 40 00 02 00 00 7D 1B 16 4D 13 8A A1 00 00 00 00 00 00 00 00 00 00 00 00 00 00 00 00 00 00 00 00 00 00 00 00 00 00 00 00 00 00 00 00 00 00 00 00 00 00 0B E5 BF 30 7E
[ 21576][16:44:29.330]7E FF 02 FF 4B BB D3 02 33 01 E0 01 FF 5E 76 9D 00 49 00 94 00 01 00 01 EC A8 22 5D 10 00 00 16 15 B6 40 00 C4 EB C9 D0 05 01 00 0C E0 00 30 42 F8 FF 00 00 D5 00 00 11 03 00 00 01 02 63 03 5B 00 01 00 68 34 00 83 05 08 00 00 01 21 01 00 97 C5 85 01 01 00 10 02 00 01 01 05 06 00 00 02 00 06 00 00 02 00 06 00 00 02 00 06 00 00 02 00 06 00 00 02 00 00 00 C2 92 16 1C 5D E6 88 00 00 00 00 00 00 00 00 00 00 00 00 00 00 00 00 00 00 00 00 00 00 00 00 00 00 00 00 00 00 00 00 00 00 00 00 00 00 00 00 00 00 00 00 00 00 32 70 09 F3 7E
[ 21577][16:44:29.345]7E FF 02 FF 4C BB DE 02 33 01 84 02 35 A5 7A 9D 00 49 00 10 00 01 00 02 EC A8 22 10 01 D0 05 01 02 02 00 00 5C BA 11 16 07 E0 9C 7E
[ 21578][16:44:29.360]7E FF 02 FF 4D BB E0 02 33 01 B0 03 71 82 7B 9D 00 3F 02 94 00 01 00 01 EC A8 22 01 F0 FF 03 C8 14 B6 42 00 E6 E1 D5 10 00 FF 3F 01 45 02 30 3E 88 FF 09 00 D5 00 00 00 00 90 98 01 63 FF FF FF FF FF FF 11 03 00 00 01 02 23 03 51 00 28 0A 68 17 00 43 05 05 00 00 01 21 01 00 55 D5 05 01 01 00 10 02 00 00 FE 19 16 68 17 00 43 05 05 00 00 01 21 01 00 55 D5 05 01 01 40 00 02 00 00 7D 1B 16 4D 13 8A A1 00 00 00 00 00 00 00 00 00 00 00 00 00 00 00 00 00 00 00 00 00 00 00 00 00 00 00 00 00 00 00 00 00 00 00 00 00 00 5D 45 ED 16 7E
[ 21579][16:44:29.375]7E FF 02 FF 4E BB 8C 02 33 01 27 02 FF 73 81 9D 00 49 00 94 00 01 00 01 EC A8 22 4C 10 00 00 16 15 B6 40 00 D6 EB 55 C0 04 01 00 0C 96 00 30 42 A0 FF 00 00 D5 00 00 11 03 00 00 01 02 63 03 5C 00 01 00 68 34 00 83 05 09 00 00 01 21 01 00 42 5A 85 01 01 00 10 02 00 01 01 05 06 00 00 02 00 06 00 00 02 00 06 00 00 02 00 06 00 00 02 00 06 00 00 02 00 00 00 C2 92 16 37 D7 EC 9E 00 00 00 00 00 00 00 00 00 00 00 00 00 00 00 00 00 00 00 00 00 00 00 00 00 00 00 00 00 00 00 00 00 00 00 00 00 00 00 00 00 00 00 00 00 00 AB 0B 63 AA 7E
[ 21580][16:44:29.405]7E FF 02 FF 4F BB B8 02 33 01 A2 03 3E 62 92 9D 00 49 00 94 00 01 00 01 EC A8 22 4C 10 00 00 16 15 B6 44 00 C7 E9 D1 C0 04 01 00 0C 96 00 30 42 A0 FF 00 00 D5 00 00 11 03 00 00 01 02 63 03 5C 00 01 00 68 34 00 83 05 09 00 00 01 21 01 00 42 5A 85 01 01 00 10 02 00 01 01 05 06 00 00 02 00 06 00 00 02 00 06 00 00 02 00 06 00 00 02 00 06 00 00 02 00 00 00 C2 92 16 37 D7 EC 9E 00 00 00 00 00 00 00 00 00 00 00 00 00 00 00 00 00 00 00 00 00 00 00 00 00 00 00 00 00 00 00 00 00 00 00 00 00 00 00 00 00 00 00 00 00 00 F2 8E 5B 84 7E
[ 21581][16:44:29.420]7E FF 02 FF 50 BB 28 03 33 01 AE 00 48 B2 96 9D 00 49 00 10 00 01 00 02 EC A8 22 10 01 C0 04 01 00 01 00 00 B9 12 76 B7 96 DD A5 7E
[ 21582][16:44:29.435]7E FF 02 FF 51 BB 35 03 33 01 25 01 E0 AE 9B 9D 00 3F 02 94 00 01 00 01 EC A8 22 01 50 01 03 16 15 B6 40 00 18 9A 6B 10 00 15 00 03 47 02 30 3E 88 FF 00 00 D5 00 00 11 03 00 00 01 02 23 03 5E 00 28 0A 68 17 00 43 05 11 00 00 01 21 01 00 EA 0F 05 01 01 00 10 02 00 00 FE 19 16 68 17 00 43 05 11 00 00 01 21 01 00 EA 0F 05 01 01 40 00 02 00 00 7D 1B 16 3E 52 CF 73 00 00 00 00 00 00 00 00 00 00 00 00 00 00 00 00 00 00 00 00 00 00 00 00 00 00 00 00 00 00 00 00 00 00 00 00 00 00 00 00 00 00 00 00 00 00 00 00 00 00 ED 92 3C 8E 7E
[ 21583][16:44:29.435]7E FF 02 FF 52 BB 40 03 33 01 74 01 5D ED 9F 9D 00 3F 02 10 00 01 00 02 EC A8 22 10 15 10 00 01 02 01 00 00 B8 73 3C EB C9 32 DC 7E
[ 21584][16:44:29.510]7E FF 02 FF 53 BB 86 03 33 01 08 00 38 78 BA 9D 00 3F 02 94 00 01 00 01 EC A8 22 01 D0 04 03 16 15 B6 40 00 B4 AF DE 10 00 4D 00 03 48 02 30 3E 88 FF 00 00 D5 00 00 11 03 00 00 01 02 23 03 5F 00 28 0A 68 17 00 43 05 12 00 00 01 21 01 00 84 A7 05 01 01 00 10 02 00 00 FE 19 16 68 17 00 43 05 12 00 00 01 21 01 00 84 A7 05 01 01 40 00 02 00 00 7D 1B 16 05 FC C4 F0 00 00 00 00 00 00 00 00 00 00 00 00 00 00 00 00 00 00 00 00 00 00 00 00 00 00 00 00 00 00 00 00 00 00 00 00 00 00 00 00 00 00 00 00 00 00 00 00 00 00 58 99 67 F6 7E
[ 21585][16:44:29.525]7E FF 02 FF 54 BB 91 03 33 01 48 00 BC B5 BE 9D 00 3F 02 10 00 01 00 02 EC A8 22 10 4D 10 00 01 02 01 00 00 E2 20 54 11 4E 2D 6B 7E
[ 21586][16:44:29.645]7E FF 02 FF 55 BB F6 03 33 01 D9 03 D1 90 E5 9D 00 49 00 14 01 01 00 01 EC A8 22 19 F0 FF 00 34 18 60 C3 00 1E E4 F7 90 01 FF 2F 01 3A 00 00 CB F0 11 03 00 D5 00 00 08 00 00 00 19 30 02 21 01 12 01 00 00 03 00 00 90 98 01 63 03 05 5A 64 90 00 0B 02 4D 01 13 00 4B 00 00 00 23 30 1D 00 FE FF FD FD FF FF FF FF FF FF FF FF FF FF FF FF FF FF 07 13 13 09 08 07 08 07 0B 12 09 09 0A 06 0A 08 08 09 09 06 09 07 08 09 09 08 07 0D 09 06 07 09 08 12 11 09 07 09 09 06 07 08 08 09 09 09 08 08 09 08 08 0A 0A 08 0A 09 0A 0A 0A 10 08 09 06 06 06 06 05 06 06 06 06 06 06 06 06 06 06 06 06 06 06 06 06 06 05 06 06 05 05 06 06 06 06 06 06 06 05 06 06 06 05 06 06 06 05 05 06 06 06 06 05 06 06 06 06 05 05 06 06 06 06 06 05 04 06 06 06 06 05 05 06 05 03 05 04 05 04 03 05 05 04 03 04 04 00 CB 3E 16 88 00 00 00 00 00 00 00 00 00 00 00 00 00 00 00 00 00 00 00 00 00 00 00 00 00 00 00 00 00 00 00 00 00 00 00 00 00 4F F9 35 BB 7E
[ 21587][16:44:29.824]7E FF 02 FF 56 BB B6 04 33 01 58 01 A4 8F 2E 9E 00 3E 02 94 00 01 00 01 EC A8 22 01 30 02 01 16 15 B6 40 00 E2 85 C2 10 00 23 00 05 46 02 00 34 88 FF 00 00 D5 00 00 01 00 00 00 01 23 01 00 00 16 00 00 90 98 01 63 0A 02 11 40 23 00 01 01 6B 23 46 27 E1 93 04 00 31 00 00 00 D3 01 00 00 00 00 00 00 00 00 00 00 00 00 00 00 EA E7 F9 27 00 00 00 00 00 00 00 00 00 00 00 00 00 00 00 00 00 00 00 00 00 00 00 00 00 00 00 00 00 00 00 00 00 00 00 00 00 00 00 00 00 00 00 00 00 00 00 00 00 00 00 00 00 00 00 00 00 00 00 00 01 C0 FB 1B 7E
[ 21588][16:44:29.929]7E FF 02 FF 57 BB 3F 05 33 01 D2 03 A8 16 63 9E 00 3E 02 10 00 01 00 03 EC A8 22 E3 01 9D 20 8D DD 2E 20 02 BC 0A DA 6C 34 8C A9 7E
[ 21589][16:44:30.078]7E FF 02 FF 58 BB 6C 05 33 01 3A 01 9E 26 9A 9E 00 3E 02 10 00 01 00 02 8D DD 2E 10 01 70 00 01 03 02 00 00 16 EA 28 02 5F 90 5B 7E
[ 21590][16:44:30.138]7E FF 02 FF 59 BB FF 05 33 01 9E 00 D7 FF AB 9E 00 49 00 94 00 01 00 01 8D DD 2E 01 A0 0B 03 29 14 88 50 00 02 C5 7C 10 00 59 01 03 E0 3F 30 10 88 FF 00 00 2A 00 00 11 08 00 00 01 03 01 00 90 20 22 86 58 79 15 00 69 97 2B 70 00 00 00 00 00 00 00 00 00 00 00 00 00 00 00 00 00 00 00 00 00 00 00 00 00 00 00 00 00 00 00 00 00 00 00 00 00 00 00 00 00 00 00 00 00 00 00 00 00 00 00 00 00 00 00 00 00 00 00 00 00 00 00 00 00 00 00 00 00 00 00 00 00 00 00 00 00 00 00 00 00 00 00 00 00 00 00 00 00 00 00 00 00 00 00 00 BD 62 E5 D1 7E
[ 21591][16:44:30.304]7E FF 02 FF 5A BB B0 06 33 01 C7 01 8F A8 EF 9E 00 49 00 10 00 01 00 02 8D DD 2E 10 01 E0 02 01 02 02 00 00 22 2E 78 D5 E8 73 C6 7E
[ 21592][16:44:30.392]7E FF 02 FF 5B BB 95 06 33 01 C4 01 C7 79 0B 9F 00 49 00 94 00 01 00 01 8D DD 2E 01 E0 02 03 29 14 88 50 00 0B A4 D0 10 00 5C 00 03 E3 3F 30 10 88 FF 00 00 2A 00 00 11 08 00 00 01 03 01 00 E1 52 97 64 60 79 15 00 52 01 AA 46 00 00 00 00 00 00 00 00 00 00 00 00 00 00 00 00 00 00 00 00 00 00 00 00 00 00 00 00 00 00 00 00 00 00 00 00 00 00 00 00 00 00 00 00 00 00 00 00 00 00 00 00 00 00 00 00 00 00 00 00 00 00 00 00 00 00 00 00 00 00 00 00 00 00 00 00 00 00 00 00 00 00 00 00 00 00 00 00 00 00 00 00 00 00 00 00 4C C3 28 51 7E
[ 21593][16:44:30.557]7E FF 02 FF 5C BB 3B 07 33 01 38 00 AE A5 4A 9F 00 49 00 94 00 01 00 01 8D DD 2E 01 E0 02 03 29 14 88 50 00 0B A4 D0 10 00 1D 00 03 E5 3F 30 10 88 FF 00 00 2A 00 00 11 08 00 00 01 03 01 00 E1 50 62 75 64 79 15 00 B4 B1 88 46 00 00 00 00 00 00 00 00 00 00 00 00 00 00 00 00 00 00 00 00 00 00 00 00 00 00 00 00 00 00 00 00 00 00 00 00 00 00 00 00 00 00 00 00 00 00 00 00 00 00 00 00 00 00 00 00 00 00 00 00 00 00 00 00 00 00 00 00 00 00 00 00 00 00 00 00 00 00 00 00 00 00 00 00 00 00 00 00 00 00 00 00 00 00 00 00 35 AF 4B ED 7E
[ 21594][16:44:30.572]7E FF 02 FF 5D BB 4D 07 33 01 48 00 8C 84 51 9F 00 49 00 94 00 01 00 01 8D DD 2E 01 E0 02 03 29 14 88 50 00 0B A4 D0 10 00 AA 00 03 E6 3F 30 10 88 FF 00 00 2A 00 00 11 08 00 00 01 03 01 00 DD 50 99 64 62 79 15 00 B2 FF 54 93 00 00 00 00 00 00 00 00 00 00 00 00 00 00 00 00 00 00 00 00 00 00 00 00 00 00 00 00 00 00 00 00 00 00 00 00 00 00 00 00 00 00 00 00 00 00 00 00 00 00 00 00 00 00 00 00 00 00 00 00 00 00 00 00 00 00 00 00 00 00 00 00 00 00 00 00 00 00 00 00 00 00 00 00 00 00 00 00 00 00 00 00 00 00 00 00 FB 46 5F BF 7E
[ 21595][16:44:30.736]7E FF 02 FF 5E BB 4B 08 33 01 64 00 D1 46 8C 9F 00 49 00 94 00 01 00 01 8D DD 2E 01 20 1B 03 29 14 88 50 00 03 45 EA 10 00 B2 01 03 DD 3F 30 10 88 FF 00 00 2A 00 00 11 08 00 00 01 03 01 00 B0 03 83 48 18 57 00 00 0C 97 1F 6D 00 00 00 00 00 00 00 00 00 00 00 00 00 00 00 00 00 00 00 00 00 00 00 00 00 00 00 00 00 00 00 00 00 00 00 00 00 00 00 00 00 00 00 00 00 00 00 00 00 00 00 00 00 00 00 00 00 00 00 00 00 00 00 00 00 00 00 00 00 00 00 00 00 00 00 00 00 00 00 00 00 00 00 00 00 00 00 00 00 00 00 00 00 00 00 00 51 DB 5D 5D 7E
[ 21596][16:44:30.797]7E FF 02 FF 5F BB 0F 08 33 01 72 03 8C D5 9B 9F 00 49 01 14 01 01 00 01 EC A8 22 2F F0 FF 00 34 18 60 C3 00 2E E4 8F F0 02 FF 2F 01 E4 00 00 C9 E8 11 00 00 D5 00 00 08 00 00 00 2F 10 00 11 01 15 01 00 00 03 00 00 90 98 01 63 03 02 64 64 90 00 09 01 47 01 13 00 52 00 00 00 01 30 FE FF FD FF FF 7F FF FF FF FF FF FF FF FF FF FF FF FF 07 13 13 09 06 07 08 04 0B 0B 09 09 07 05 0A 08 08 09 09 06 04 07 08 05 0A 09 08 04 0D 08 06 07 09 08 12 11 09 07 09 09 06 07 08 08 09 09 08 04 06 08 08 0A 0A 08 0A 09 0A 0A 0A 10 08 09 06 05 06 06 05 06 06 06 06 06 06 05 03 04 06 06 06 06 06 06 06 06 05 06 06 05 05 06 06 05 06 06 06 06 05 06 06 06 05 06 06 06 05 05 04 06 06 06 05 06 06 06 06 05 06 06 06 06 06 06 05 04 06 06 06 06 03 05 06 03 03 05 04 05 04 05 05 04 04 03 04 04 00 5C 1B D2 B9 00 00 00 00 00 00 00 00 00 00 00 00 00 00 00 00 00 00 00 00 00 00 00 00 00 00 00 00 00 00 00 00 00 00 00 00 00 00 00 3C D1 D5 C1 7E
[ 21597][16:44:30.828]7E FF 02 FF 60 BB 2E 08 33 01 42 00 78 59 A7 9F 00 49 00 14 01 01 00 01 EC A8 22 41 F0 FF 00 34 18 60 C3 00 4D E4 DB 10 04 FF 2F 01 31 00 00 C9 E8 11 00 00 D5 00 00 08 00 00 00 41 10 00 11 01 12 01 00 00 02 00 00 90 98 01 63 03 03 14 59 90 00 15 01 4C 01 13 00 3C 00 00 00 01 30 FE FF FD FF FF FF FF FF FD FF FF FF FF FF FF FF FF FF 07 11 10 06 05 05 06 05 09 10 06 07 07 03 07 06 06 07 07 05 07 05 06 06 08 07 06 05 0B 06 04 05 07 06 10 0F 07 05 07 07 03 04 07 05 07 07 07 06 06 07 06 06 07 07 06 07 07 07 07 07 0E 06 07 06 06 06 05 06 06 06 06 06 06 06 06 06 06 06 06 06 06 06 06 06 05 06 06 05 05 06 06 06 06 06 06 06 05 06 06 06 05 06 06 06 05 05 06 06 06 06 05 06 06 06 06 05 05 06 06 06 06 06 05 04 06 06 06 06 05 05 06 05 03 05 04 05 04 05 05 05 04 03 04 04 00 2C 9C 68 BD 00 00 00 00 00 00 00 00 00 00 00 00 00 00 00 00 00 00 00 00 00 00 00 00 00 00 00 00 00 00 00 00 00 00 00 00 00 00 00 4E F1 A5 83 7E
[ 21598][16:44:30.872]7E FF 02 FF 61 BB 80 08 33 01 70 01 4A C4 C6 9F 00 49 00 10 00 01 00 02 8D DD 2E 10 01 10 04 01 00 04 00 00 3C 08 28 0F 6B 63 FF 7E
[ 21599][16:44:31.173]7E FF 02 FF 62 BB B7 09 33 01 5F 03 60 98 3D A0 00 49 00 10 00 01 00 03 8D DD 2E 72 08 C0 0B B1 50 3B B4 03 99 E8 CB BB 62 36 9B 7E
[ 21600][16:44:31.248]7E FF 02 FF 63 BB 4E 0A 33 01 91 01 88 D9 50 A0 00 49 00 94 00 01 00 01 8D DD 2E 01 10 04 03 29 14 88 50 00 CD 8C CE 10 00 F7 01 03 E1 3F 30 10 88 FF 00 00 2A 00 00 11 08 00 00 01 03 01 00 22 4D 03 21 51 79 15 00 09 B1 66 7D 00 00 00 00 00 00 00 00 00 00 00 00 00 00 00 00 00 00 00 00 00 00 00 00 00 00 00 00 00 00 00 00 00 00 00 00 00 00 00 00 00 00 00 00 00 00 00 00 00 00 00 00 00 00 00 00 00 00 00 00 00 00 00 00 00 00 00 00 00 00 00 00 00 00 00 00 00 00 00 00 00 00 00 00 00 00 00 00 00 00 00 00 00 00 00 00 9D 8A D2 C5 7E
[ 21601][16:44:31.263]7E FF 02 FF 64 BB F8 09 33 01 F5 01 B7 3A 56 A0 00 49 00 94 00 01 00 01 8D DD 2E 01 A0 0B 03 29 14 88 50 00 02 C5 7C 10 00 03 01 03 E4 3F 30 10 88 FF 00 00 2A 00 00 11 08 00 00 01 03 01 00 52 BC 99 91 45 79 15 00 0D EC 7E 60 00 00 00 00 00 00 00 00 00 00 00 00 00 00 00 00 00 00 00 00 00 00 00 00 00 00 00 00 00 00 00 00 00 00 00 00 00 00 00 00 00 00 00 00 00 00 00 00 00 00 00 00 00 00 00 00 00 00 00 00 00 00 00 00 00 00 00 00 00 00 00 00 00 00 00 00 00 00 00 00 00 00 00 00 00 00 00 00 00 00 00 00 00 00 00 00 93 9F 3A EB 7E
[ 21602][16:44:31.325]7E FF 02 FF 65 BB 97 0A 33 01 06 02 AD BD 6C A0 00 49 00 94 00 01 00 01 8D DD 2E 01 A0 0B 03 29 14 88 54 00 13 C7 F8 10 00 03 01 03 E4 3F 30 10 88 FF 00 00 2A 00 00 11 08 00 00 01 03 01 00 52 BC 99 91 45 79 15 00 0D EC 7E 60 00 00 00 00 00 00 00 00 00 00 00 00 00 00 00 00 00 00 00 00 00 00 00 00 00 00 00 00 00 00 00 00 00 00 00 00 00 00 00 00 00 00 00 00 00 00 00 00 00 00 00 00 00 00 00 00 00 00 00 00 00 00 00 00 00 00 00 00 00 00 00 00 00 00 00 00 00 00 00 00 00 00 00 00 00 00 00 00 00 00 00 00 00 00 00 00 4F B2 24 E6 7E
[ 21603][16:44:31.399]7E FF 02 FF 66 BB 84 0A 33 01 A6 01 96 9A 8B A0 00 49 00 94 00 01 00 01 8D DD 2E 01 A0 0B 03 29 14 88 54 00 13 C7 F8 10 00 03 01 03 E4 3F 30 10 88 FF 00 00 2A 00 00 11 08 00 00 01 03 01 00 52 BC 99 91 45 79 15 00 0D EC 7E 60 00 00 00 00 00 00 00 00 00 00 00 00 00 00 00 00 00 00 00 00 00 00 00 00 00 00 00 00 00 00 00 00 00 00 00 00 00 00 00 00 00 00 00 00 00 00 00 00 00 00 00 00 00 00 00 00 00 00 00 00 00 00 00 00 00 00 00 00 00 00 00 00 00 00 00 00 00 00 00 00 00 00 00 00 00 00 00 00 00 00 00 00 00 00 00 00 D8 06 63 CA 7E
[ 21604][16:44:31.414]7E FF 02 FF 67 BB F8 0A 33 01 F5 01 FC BC 91 A0 00 3D 02 94 00 01 00 01 EC A8 22 01 C0 06 03 16 15 B6 40 00 B5 FF 58 10 00 6C 00 03 49 02 30 3E 88 FF 00 00 D5 00 00 11 03 00 00 01 02 23 03 5D 00 28 0A 68 17 00 43 05 10 00 00 01 21 01 00 3F 90 05 01 01 00 10 02 00 00 FE 19 16 68 17 00 43 05 10 00 00 01 21 01 00 3F 90 05 01 01 40 00 02 00 00 7D 1B 16 9C CA EE 45 00 00 00 00 00 00 00 00 00 00 00 00 00 00 00 00 00 00 00 00 00 00 00 00 00 00 00 00 00 00 00 00 00 00 00 00 00 00 00 00 00 00 00 00 00 00 00 00 00 00 3E 13 A6 F8 7E
[ 21605][16:44:31.429]7E FF 02 FF 68 BB 03 0B 33 01 45 02 15 FC 95 A0 00 3D 02 10 00 01 00 02 EC A8 22 10 6C 10 00 01 02 01 00 00 E3 05 D0 6B E5 90 AA 7E
[ 21606][16:44:31.429]7E FF 02 FF 69 BB 0C 0B 33 01 54 02 C1 6E 99 A0 00 3D 02 10 00 01 00 02 EC A8 22 10 01 D0 03 01 00 00 00 00 FC 2B 57 AA C1 49 B3 7E
[ 21607][16:44:31.444]7E FF 02 FF 6A BB 1F 0B 33 01 40 01 FE 91 A0 A0 00 3D 02 10 00 01 00 02 EC A8 22 10 01 40 02 01 00 00 00 00 19 B7 E0 7A DA 94 C7 7E
[ 21608][16:44:31.623]7E FF 02 FF 6B BB 4E 0B 33 01 48 00 B1 87 D8 A0 00 49 00 14 01 01 00 01 EC A8 22 61 F0 FF 00 34 18 60 C3 00 69 E4 CB 10 06 FF 2F 01 DF 00 00 C9 80 11 00 00 D5 00 00 08 00 00 00 61 10 00 11 01 23 01 00 00 14 00 00 90 98 01 63 01 02 3A 59 90 00 09 01 4B 01 13 00 40 00 00 00 01 30 FE FF FD FF FF FF FF FF FF FF FF FF FD FF FF FF FF FF 07 11 10 06 05 03 06 05 09 11 06 07 07 03 07 06 06 07 07 05 07 05 06 06 08 07 06 05 0B 07 05 04 07 06 10 0F 07 05 07 07 03 04 06 06 07 07 07 06 07 07 06 06 07 07 06 07 07 07 06 07 0E 06 08 06 05 06 06 06 06 06 06 06 06 06 04 06 06 06 06 06 06 06 06 06 06 05 06 06 05 05 06 06 06 06 06 06 05 06 06 06 05 06 06 06 05 05 06 06 06 06 05 06 06 06 06 05 06 06 06 06 06 06 06 04 06 06 06 06 05 05 06 05 03 05 04 05 04 05 05 04 04 03 04 04 00 AE 98 60 E8 00 00 00 00 00 00 00 00 00 00 00 00 00 00 00 00 00 00 00 00 00 00 00 00 00 00 00 00 00 00 00 00 00 00 00 00 00 00 00 64 77 1F 41 7E
[ 21609][16:44:31.848]7E FF 02 FF 6C BB 54 0C 33 01 60 02 E8 B2 3C A1 00 49 00 10 00 01 00 03 EC A8 22 E3 01 24 19 8D DD 2E 20 02 15 50 48 1B 35 E5 00 7E
[ 21610][16:44:31.894]7E FF 02 FF 6D BB 58 0C 33 01 76 03 80 4E 3E A1 00 49 00 14 01 01 00 01 EC A8 22 2C F0 FF 00 34 18 60 C3 00 2D E4 BF C0 02 FF 2F 01 1B 00 00 CB 80 11 00 00 D5 00 00 08 00 00 00 2C 40 02 21 01 23 01 00 00 19 00 00 90 98 01 63 01 02 3C 4B 90 00 08 02 47 01 13 00 3C 00 00 00 24 30 1D 00 FE FF FD FF FF EF FF FF FF FF FF FF FF FF FF FF FF FF 07 13 13 09 08 07 08 07 0B 13 09 09 0A 06 0A 09 08 09 09 07 09 07 08 08 0A 09 08 07 0D 0A 07 06 09 08 12 11 09 07 09 09 06 07 08 09 09 09 08 09 09 08 08 0A 0A 08 0A 09 0A 09 0A 10 08 0A 06 05 06 06 06 06 06 06 06 06 02 04 06 05 06 06 06 06 05 06 06 06 05 06 06 05 05 06 06 06 06 06 06 06 05 06 06 06 05 06 06 06 05 05 05 06 06 06 05 06 06 06 06 05 06 05 06 06 06 06 06 04 06 06 06 06 05 05 06 05 03 05 04 05 04 05 05 04 04 03 04 04 00 71 55 3E 04 00 00 00 00 00 00 00 00 00 00 00 00 00 00 00 00 00 00 00 00 00 00 00 00 00 00 00 00 00 00 00 00 00 00 00 00 00 30 4F 8D E0 7E
[ 21611][16:44:32.311]7E FF 02 FF 6E BB 85 0E 33 01 5B 00 ED 5B EC A1 00 49 00 10 00 01 00 02 8D DD 2E 10 01 90 06 01 00 01 00 00 9F CC B6 DD FF 3B C9 7E
[ 21612][16:44:32.326]7E FF 02 FF 6F BB 95 0E 33 01 33 01 1D 8C F2 A1 00 49 00 10 00 01 00 02 8D DD 2E 10 01 D0 10 01 03 02 00 00 3A CB 3C 5E 57 EF EA 7E
[ 21613][16:44:32.356]7E FF 02 FF 70 BB 41 0E 33 01 45 00 C9 88 F8 A1 00 49 00 94 00 01 00 01 8D DD 2E 01 90 06 00 16 15 B6 40 00 15 21 FB 10 00 69 00 0A EA 3F 00 34 88 FF 00 00 2A 00 00 01 00 00 00 00 15 79 55 33 58 00 00 05 46 46 54 01 00 00 00 69 00 01 01 6B 23 46 27 00 7D 00 00 85 00 00 00 01 00 00 00 00 00 00 00 00 00 00 00 00 00 00 00 6D BE 1C 3C 00 00 00 00 00 00 00 00 00 00 00 00 00 00 00 00 00 00 00 00 00 00 00 00 00 00 00 00 00 00 00 00 00 00 00 00 00 00 00 00 00 00 00 00 00 00 00 00 00 00 00 00 00 00 00 00 00 00 00 00 78 D2 97 C5 7E
[ 21614][16:44:32.522]7E FF 02 FF 71 BB CE 0E 33 01 8D 03 56 A4 2E A2 00 49 00 14 01 01 00 01 EC A8 22 48 F0 FF 00 34 18 60 C3 00 44 E4 4B 80 04 FF 2F 01 68 00 00 C9 90 11 00 00 D5 00 00 08 00 00 00 48 10 00 11 01 23 01 00 00 10 00 00 90 98 01 63 01 02 3A 59 90 00 09 01 4A 01 13 00 40 00 00 00 01 30 FE FF FD FF FF FF FF FF FF FE FF FF FF FF FF FF FF FF 07 11 10 06 05 05 06 05 09 11 06 07 07 03 07 06 06 07 07 05 07 05 06 06 08 07 06 05 0B 07 05 04 07 06 10 0F 07 05 07 07 03 04 06 06 07 07 07 06 07 07 06 06 07 07 06 07 07 07 06 07 0E 06 08 06 05 06 06 06 06 06 06 06 06 04 06 06 06 06 06 06 06 06 06 06 05 06 06 05 05 06 06 06 06 06 06 06 05 06 06 06 05 06 06 06 05 05 06 06 06 06 05 06 06 06 06 05 06 06 06 06 06 06 06 04 06 06 06 06 05 05 06 05 03 05 04 05 04 05 05 04 04 03 04 04 00 86 A0 87 35 00 00 00 00 00 00 00 00 00 00 00 00 00 00 00 00 00 00 00 00 00 00 00 00 00 00 00 00 00 00 00 00 00 00 00 00 00 00 00 E3 76 F8 67 7E
[ 21615][16:44:32.821]7E FF 02 FF 72 BB F5 0F 33 01 02 03 6F 1F 9F A2 00 49 01 14 01 01 00 01 EC A8 22 40 F0 FF 00 34 18 60 C3 00 4D E4 4F 00 04 FF 2F 01 89 00 00 C9 A0 11 03 00 D5 00 00 08 00 00 00 40 10 00 11 01 12 01 00 00 16 00 00 90 98 01 63 03 03 30 59 90 00 09 01 4C 01 13 00 4A 00 00 00 01 30 FE FF FD FF FF FF FF FF FE FF FF FF FF FF FF FF FF FF 07 11 10 06 05 05 06 05 09 10 06 07 07 03 07 06 06 07 07 05 07 05 06 06 08 07 06 05 0B 06 04 05 07 06 10 0F 07 05 07 07 03 04 07 05 07 07 07 06 06 07 06 06 07 07 06 07 07 07 07 07 0E 06 07 06 06 06 05 06 06 06 06 06 06 06 06 06 06 06 06 06 06 06 06 06 05 06 06 05 05 06 06 06 06 06 06 06 05 06 06 06 05 06 06 06 05 05 06 06 06 06 05 06 06 06 06 05 05 06 06 06 06 06 05 04 06 06 06 06 05 05 06 05 03 05 04 05 04 05 05 05 04 03 04 04 00 14 7D 54 9E 00 00 00 00 00 00 00 00 00 00 00 00 00 00 00 00 00 00 00 00 00 00 00 00 00 00 00 00 00 00 00 00 00 00 00 00 00 00 00 EF 07 F7 1E 7E
[ 21616][16:44:32.896]7E FF 02 FF 73 BB 66 10 33 01 5F 02 4A 30 CA A2 00 49 01 10 00 01 00 02 8D DD 2E 10 01 C0 07 01 00 01 00 00 4A 96 19 39 B9 26 C1 7E
[ 21617][16:44:32.956]7E FF 02 FF 74 BB FB 10 33 01 48 00 0E A8 DC A2 00 49 00 94 00 01 00 01 8D DD 2E 01 C0 07 02 29 14 88 50 00 43 2D D4 10 00 7C 00 03 EB 3F 30 10 88 FF 00 00 2A 00 00 11 08 00 00 01 03 01 00 AE E0 24 88 66 79 15 00 43 9B EC 55 00 00 00 00 00 00 00 00 00 00 00 00 00 00 00 00 00 00 00 00 00 00 00 00 00 00 00 00 00 00 00 00 00 00 00 00 00 00 00 00 00 00 00 00 00 00 00 00 00 00 00 00 00 00 00 00 00 00 00 00 00 00 00 00 00 00 00 00 00 00 00 00 00 00 00 00 00 00 00 00 00 00 00 00 00 00 00 00 00 00 00 00 00 00 00 00 AA DE B2 0C 7E
[ 21618][16:44:33.032]7E FF 02 FF 75 BB 4B 11 33 01 2A 00 67 29 FB A2 00 49 00 94 00 01 00 01 8D DD 2E 01 C0 07 02 29 14 88 54 00 52 2F 50 10 00 7C 00 03 EB 3F 30 10 88 FF 00 00 2A 00 00 11 08 00 00 01 03 01 00 AE E0 24 88 66 79 15 00 43 9B EC 55 00 00 00 00 00 00 00 00 00 00 00 00 00 00 00 00 00 00 00 00 00 00 00 00 00 00 00 00 00 00 00 00 00 00 00 00 00 00 00 00 00 00 00 00 00 00 00 00 00 00 00 00 00 00 00 00 00 00 00 00 00 00 00 00 00 00 00 00 00 00 00 00 00 00 00 00 00 00 00 00 00 00 00 00 00 00 00 00 00 00 00 00 00 00 00 00 CA E8 39 98 7E
[ 21619][16:44:33.076]7E FF 02 FF 76 BB 26 11 33 01 83 01 4B 59 13 A3 00 49 00 10 00 01 00 03 8D DD 2E 72 08 52 04 B1 50 3B B4 03 EE 45 F8 7A 1E D8 50 7E
[ 21620][16:44:33.270]7E FF 02 FF 77 BB 1D 12 33 01 0D 00 B0 42 4B A3 00 49 01 14 01 01 00 01 EC A8 22 45 F0 FF 00 34 18 60 C3 00 48 E4 1F 50 04 FF 2F 01 E3 00 00 C9 98 11 00 00 D5 00 00 08 00 00 00 45 10 00 11 01 17 01 00 00 01 00 00 90 98 01 63 03 01 30 59 90 00 09 01 4A 01 13 00 40 00 00 00 01 30 FE FF FD FF FF FF FF FF DF FF FF FF FF FF FF FF FF FF 07 11 10 06 06 05 06 02 09 10 06 07 07 03 07 06 06 07 07 05 07 05 06 04 08 07 06 05 0B 07 04 05 07 06 10 0F 07 05 07 07 03 04 06 05 07 07 07 06 06 07 06 06 07 07 06 07 07 07 06 07 0E 06 07 06 05 06 06 05 06 06 06 06 06 05 06 05 06 06 06 06 06 06 06 06 05 06 06 05 05 06 06 06 06 06 06 06 05 06 06 06 05 06 06 06 05 05 02 06 06 06 05 06 06 06 06 05 06 06 06 06 06 06 05 04 06 06 06 06 05 05 06 05 03 05 04 05 04 05 05 04 04 03 04 04 00 6D 5A 90 55 00 00 00 00 00 00 00 00 00 00 00 00 00 00 00 00 00 00 00 00 00 00 00 00 00 00 00 00 00 00 00 00 00 00 00 00 00 00 00 67 35 4A 4E 7E
[ 21621][16:44:33.405]7E FF 02 FF 78 BB CD 12 33 01 A4 00 4B 7A 8E A3 00 49 01 10 00 01 00 02 8D DD 2E 10 01 20 12 01 03 01 00 00 07 1C 24 FD 03 69 AB 7E
[ 21622][16:44:33.480]7E FF 02 FF 79 BB A2 12 33 01 CE 00 45 37 A4 A3 00 49 00 94 00 01 00 01 8D DD 2E 01 A0 0B 03 29 14 88 50 00 02 C5 7C 10 00 FE 01 03 EC 3F 30 10 88 FF 00 00 2A 00 00 11 08 00 00 01 03 01 00 FF 91 97 37 62 79 15 00 CD DA D4 07 00 00 00 00 00 00 00 00 00 00 00 00 00 00 00 00 00 00 00 00 00 00 00 00 00 00 00 00 00 00 00 00 00 00 00 00 00 00 00 00 00 00 00 00 00 00 00 00 00 00 00 00 00 00 00 00 00 00 00 00 00 00 00 00 00 00 00 00 00 00 00 00 00 00 00 00 00 00 00 00 00 00 00 00 00 00 00 00 00 00 00 00 00 00 00 00 EB E7 9A 5B 7E
[ 21623][16:44:33.525]7E FF 02 FF 7A BB 4A 13 33 01 04 00 DC 19 BE A3 00 49 00 10 00 01 00 02 8D DD 2E 10 01 E0 02 01 03 01 00 00 33 5E 3C 45 87 99 E6 7E
[ 21624][16:44:33.675]7E FF 02 FF 7B BB 7B 13 33 01 24 03 45 3F F7 A3 00 49 00 10 00 01 00 02 8D DD 2E 10 01 E0 02 01 03 02 00 00 33 6E FC CB AA B9 68 7E
[ 21625][16:44:33.719]7E FF 02 FF 7C BB 08 14 33 01 03 00 D5 94 06 A4 00 49 00 10 00 01 00 02 8D DD 2E 10 01 E0 02 01 03 03 00 00 32 7E 38 CB 46 7E 4F 7E
[ 21626][16:44:33.734]7E FF 02 FF 7D BB 1A 14 33 01 CF 02 A5 B8 0D A4 00 49 00 10 00 01 00 03 EC A8 22 E3 01 C2 11 8D DD 2E 20 02 1E 33 16 AC 5D 1F 5B 7E
[ 21627][16:44:34.408]7E FF 02 FF 7E BB 12 16 33 01 54 01 F5 F7 F3 A4 00 49 00 15 02 01 00 00 8D DD 2E B7 7C A9 FD 01 90 5B 05 00 D2 7B BD CA 2A 00 00 05 46 46 54 C9 0A 00 00 00 00 00 00 00 00 00 00 03 00 0F 01 00 00 64 00 00 05 46 46 54 04 00 00 01 0A D0 02 20 00 3C 00 3C 00 C0 D9 00 5B 33 00 43 17 32 00 00 00 00 1B F7 9F FD DC 25 00 00 00 00 07 10 03 10 49 10 2E 10 41 10 10 12 A4 10 E2 11 BA 10 B8 11 4C 11 0D 11 1F 12 75 11 6D 11 69 10 00 12 1B 12 E4 10 C7 11 44 11 94 10 AC 11 CE 11 01 12 64 11 A2 11 16 10 29 11 87 11 31 11 79 11 83 10 4B 10 4E 10 1F 10 08 10 0D 10 60 10 4F 10 09 10 E8 10 0C 10 88 10 EA 10 5A 11 27 11 74 10 73 11 1B 10 5B 11 FD 11 A0 11 B2 10 4A 10 4D 10 17 10 DF 11 50 10 3E 10 CA 10 73 10 0E 10 48 10 76 10 33 11 20 11 FB 00 53 00 44 00 AF 01 F0 00 59 01 82 01 F7 01 9D 01 C0 01 FE 01 81 01 C8 00 EF 00 33 00 6B 01 86 01 34 01 56 01 4F 01 46 01 13 02 3F 01 58 80 7C 15 00 01 E8 03 00 02 E8 03 00 03 00 03 00 01 E8 03 00 02 E8 03 00 03 00 03 98 00 50 00 23 02 84 00 7C 01 73 01 A3 00 05 02 28 01 48 01 49 01 3E 01 80 00 24 00 85 01 59 00 1F 01 43 01 C3 00 9E 01 B8 00 ED 00 03 01 F9 01 A7 81 88 13 00 01 E8 03 00 02 E8 03 00 03 E8 03 00 03 00 03 E8 03 00 03 E8 03 00 02 E8 03 00 03 00 00 00 00 00 00 00 00 00 00 00 00 00 00 00 00 00 00 00 00 00 00 00 00 00 00 00 00 00 00 00 00 00 00 00 00 00 00 00 00 00 00 00 00 00 00 00 00 00 00 00 00 00 00 00 00 00 00 00 00 00 00 00 00 00 00 00 00 00 00 00 00 00 00 00 00 00 00 00 00 00 00 00 00 00 00 00 00 00 00 00 00 00 00 00 00 00 00 00 00 00 00 00 00 00 00 00 00 00 00 00 00 00 00 00 00 00 00 00 00 00 00 00 00 00 00 00 00 00 00 00 00 00 00 00 00 00 00 00 00 00 00 00 00 00 00 00 00 00 00 00 00 00 00 00 00 24 1C 8E 90 E5 21 AD 10 7E
[ 21628][16:44:34.557]7E FF 02 FF 7F BB 35 17 33 01 C7 01 8D DD 3C A5 00 3B 02 94 00 01 00 01 EC A8 22 01 40 01 03 16 15 B6 40 00 09 88 AF 10 00 14 00 03 4A 02 30 3E 88 FF 00 00 D5 00 00 11 03 00 00 01 02 23 03 60 00 28 0A 68 17 00 43 05 03 00 00 01 20 01 00 44 D7 05 01 01 00 10 02 00 00 FE 19 16 68 17 00 43 05 03 00 00 01 20 01 00 44 D7 05 01 01 40 00 02 00 00 7D 1B 16 A4 B1 0B 54 00 00 00 00 00 00 00 00 00 00 00 00 00 00 00 00 00 00 00 00 00 00 00 00 00 00 00 00 00 00 00 00 00 00 00 00 00 00 00 00 00 00 00 00 00 00 00 00 00 00 68 86 3B E9 7E
[ 21629][16:44:34.587]7E FF 02 FF 80 BB F4 16 33 01 F5 01 95 3B 4A A5 00 3A 02 94 00 01 00 01 EC A8 22 01 20 08 03 16 15 B6 40 00 21 CD 07 10 00 82 00 03 4B 02 30 3E 88 FF 00 00 D5 00 00 11 03 00 00 01 02 23 03 61 00 28 0A 68 17 00 43 05 02 00 00 01 21 01 00 4D 12 05 01 01 00 10 02 00 00 FE 19 16 68 17 00 43 05 02 00 00 01 21 01 00 4D 12 05 01 01 40 00 02 00 00 7D 1B 16 CB 74 78 BA 00 00 00 00 00 00 00 00 00 00 00 00 00 00 00 00 00 00 00 00 00 00 00 00 00 00 00 00 00 00 00 00 00 00 00 00 00 00 00 00 00 00 00 00 00 00 00 00 00 00 6A 9B 8F 50 7E
[ 21630][16:44:34.587]7E FF 02 FF 81 BB FF 16 33 01 2B 02 DF 78 4E A5 00 3A 02 10 00 01 00 02 EC A8 22 10 82 10 00 01 02 01 00 00 CB F6 70 4E B9 B7 47 7E
[ 21631][16:44:34.617]7E FF 02 FF 82 BB 72 17 33 01 AB 00 D9 04 54 A5 00 3A 02 94 00 01 00 01 EC A8 22 01 60 08 03 16 15 B6 40 00 63 85 0F 10 00 86 00 03 4C 02 30 3E 88 FF 00 00 D5 00 00 11 03 00 00 01 02 23 03 62 00 28 0A 68 17 00 43 05 03 00 00 01 21 01 00 98 8D 05 01 01 00 10 02 00 00 FE 19 16 68 17 00 43 05 03 00 00 01 21 01 00 98 8D 05 01 01 40 00 02 00 00 7D 1B 16 69 EC 59 8C 00 00 00 00 00 00 00 00 00 00 00 00 00 00 00 00 00 00 00 00 00 00 00 00 00 00 00 00 00 00 00 00 00 00 00 00 00 00 00 00 00 00 00 00 00 00 00 00 00 00 40 2D 4E C7 7E
[ 21632][16:44:34.617]7E FF 02 FF 83 BB 7D 17 33 01 D1 00 1A 42 58 A5 00 3A 02 10 00 01 00 02 EC A8 22 10 86 10 00 01 02 01 00 00 4E F2 E4 2E 14 93 28 7E
[ 21633][16:44:34.647]7E FF 02 FF 84 BB 94 17 33 01 03 02 C0 20 61 A5 00 3C 02 94 00 01 00 01 EC A8 22 01 80 08 03 16 15 B6 40 00 84 79 13 10 00 88 00 03 4D 02 30 3E 88 FF 00 00 D5 00 00 11 03 00 00 01 02 23 03 63 00 28 0A 68 17 00 43 05 04 00 00 01 21 01 00 80 4A 05 01 01 00 10 02 00 00 FE 19 16 68 17 00 43 05 04 00 00 01 21 01 00 80 4A 05 01 01 40 00 02 00 00 7D 1B 16 F9 8F E1 B8 00 00 00 00 00 00 00 00 00 00 00 00 00 00 00 00 00 00 00 00 00 00 00 00 00 00 00 00 00 00 00 00 00 00 00 00 00 00 00 00 00 00 00 00 00 00 00 00 00 00 C3 91 98 20 7E
[ 21634][16:44:34.651]7E FF 02 FF 85 BB 9F 17 33 01 3A 02 16 5E 65 A5 00 3C 02 10 00 01 00 02 EC A8 22 10 88 10 00 01 02 01 00 00 81 FD 58 D9 66 F8 17 7E
[ 21635][16:44:34.692]7E FF 02 FF 86 BB 5E 17 33 01 30 03 75 CA 72 A5 00 3B 02 94 00 01 00 01 EC A8 22 01 40 00 03 16 15 B6 40 00 01 A9 8E 10 00 04 00 03 4E 02 30 3E 88 FF 00 00 D5 00 00 11 03 00 00 01 02 23 03 64 00 28 0A 68 17 00 43 05 05 00 00 01 21 01 00 55 D5 05 01 01 00 10 02 00 00 FE 19 16 68 17 00 43 05 05 00 00 01 21 01 00 55 D5 05 01 01 40 00 02 00 00 7D 1B 16 83 B1 56 88 00 00 00 00 00 00 00 00 00 00 00 00 00 00 00 00 00 00 00 00 00 00 00 00 00 00 00 00 00 00 00 00 00 00 00 00 00 00 00 00 00 00 00 00 00 00 00 00 00 00 D6 10 45 48 7E
[ 21636][16:44:34.692]7E FF 02 FF 87 BB 69 17 33 01 71 03 98 08 77 A5 00 3B 02 10 00 01 00 02 EC A8 22 10 04 10 00 01 02 00 00 00 88 70 BC 63 4A 39 EA 7E
[ 21637][16:44:34.722]7E FF 02 FF 88 BB 6F 17 33 01 FD 02 F7 42 79 A5 00 3D 02 94 00 01 00 01 EC A8 22 01 20 00 03 16 15 B6 40 00 62 C5 82 10 00 85 00 03 4F 02 30 3E 88 FF 00 00 D5 00 00 11 03 00 00 01 02 23 03 65 00 28 0A 68 17 00 43 05 06 00 00 01 21 01 00 3B 7D 05 01 01 00 10 02 00 00 FE 19 16 68 17 00 43 05 06 00 00 01 21 01 00 3B 7D 05 01 01 40 00 02 00 00 7D 1B 16 B8 1F 5D 0B 00 00 00 00 00 00 00 00 00 00 00 00 00 00 00 00 00 00 00 00 00 00 00 00 00 00 00 00 00 00 00 00 00 00 00 00 00 00 00 00 00 00 00 00 00 00 00 00 00 00 BD 7B 7D C8 7E
[ 21638][16:44:34.722]7E FF 02 FF 89 BB DE 17 33 01 3D 03 C6 7F 7D A5 00 3D 02 10 00 01 00 02 EC A8 22 10 02 10 00 01 02 00 00 00 4E 76 A4 A3 3A CE 27 7E
[ 21639][16:44:34.737]7E FF 02 FF 8A BB E8 17 33 01 05 02 1D 2C 81 A5 00 49 00 94 00 01 00 01 EC A8 22 02 50 08 03 16 15 B6 40 00 50 B3 FF 10 00 85 00 03 4F 02 30 3E 88 EF 00 00 D5 00 00 11 03 00 00 01 02 23 03 65 00 28 0A 68 17 00 43 05 06 00 00 01 21 01 00 3B 7D 05 01 01 00 10 02 00 00 FE 19 16 68 17 00 43 05 06 00 00 01 21 01 00 3B 7D 05 01 01 40 00 02 00 00 7D 1B 16 B8 1F 5D 0B 00 00 00 00 00 00 00 00 00 00 00 00 00 00 00 00 00 00 00 00 00 00 00 00 00 00 00 00 00 00 00 00 00 00 00 00 00 00 00 00 00 00 00 00 00 00 00 00 00 00 EF C6 FE 8D 7E
[ 21640][16:44:34.737]7E FF 02 FF 8B BB F3 17 33 01 49 02 D3 6A 85 A5 00 49 00 10 00 01 00 02 EC A8 22 10 85 20 00 01 03 02 00 00 B0 B0 AA FA 9C 2B EC 7E
[ 21641][16:44:34.797]7E FF 02 FF 8C BB B1 17 33 01 12 00 80 25 92 A5 00 49 00 14 01 01 00 01 EC A8 22 26 F0 FF 00 34 18 60 C3 00 27 E4 1F 60 02 FF 2F 01 C3 00 00 CB C0 11 00 00 D5 00 00 08 00 00 00 26 10 00 11 01 12 01 00 00 12 00 00 90 98 01 63 03 01 55 64 90 00 07 02 4B 01 13 00 4F 00 00 00 01 30 1D 00 FE FF FD FF BF FF FF FF FF FF FF FF FF FF FF FF FF FF 07 13 13 09 08 07 08 07 0B 12 09 09 0A 06 0A 08 08 09 09 07 09 07 08 09 0A 09 08 07 0D 09 06 07 09 08 12 11 09 09 09 06 07 09 08 09 09 09 08 08 09 08 08 0A 0A 08 0A 09 0A 0A 0A 10 08 09 06 06 06 06 05 06 06 06 06 06 06 06 06 06 06 06 06 06 06 06 06 06 05 06 06 05 05 06 06 06 06 06 06 06 05 06 06 06 05 06 06 06 05 05 06 06 06 06 05 06 06 06 06 05 05 06 06 06 06 06 05 04 06 06 06 06 05 05 06 05 03 05 04 05 04 05 05 05 04 03 04 04 00 B6 35 D1 77 00 00 00 00 00 00 00 00 00 00 00 00 00 00 00 00 00 00 00 00 00 00 00 00 00 00 00 00 00 00 00 00 00 00 00 00 00 5E 33 86 46 7E
[ 21642][16:44:34.826]7E FF 02 FF 8D BB C8 17 33 01 F8 00 51 02 9B A5 00 43 01 14 01 01 00 01 EC A8 22 92 F0 FF 00 34 18 60 C3 00 84 E4 83 20 09 FF 2F 01 62 00 00 C9 98 11 00 00 D5 00 00 08 00 00 00 92 10 00 11 01 10 01 00 00 04 00 00 90 98 01 63 03 02 00 2F 90 00 05 01 2F 01 13 00 32 00 00 00 01 30 FE FF FD FF FF FF FF FF FF FF FF FF FF FF FF FF FF FF 03 09 09 02 02 01 01 01 02 08 02 02 00 01 03 02 01 02 02 01 03 01 01 02 00 03 02 01 04 01 02 01 02 02 09 09 03 01 01 02 01 01 01 00 03 03 02 02 02 02 02 02 02 02 03 02 02 02 03 03 0A 02 03 02 01 02 02 02 02 02 03 03 02 03 02 03 02 02 03 02 03 02 03 02 02 02 03 03 02 02 02 02 02 03 02 03 03 02 02 02 02 02 02 02 03 02 01 03 03 02 02 02 03 02 02 02 02 02 03 02 02 02 02 02 01 03 02 03 03 02 02 03 02 00 02 01 02 01 02 02 01 01 01 02 02 5B 2C 36 B1 00 00 00 00 00 00 00 00 00 00 00 00 00 00 00 00 00 00 00 00 00 00 00 00 00 00 00 00 00 00 00 00 00 00 00 00 00 00 00 3A F7 F8 B6 7E
[ 21643][16:44:34.841]7E FF 02 FF 8E BB 45 18 33 01 5F 00 BF 7C A4 A5 00 49 00 94 00 01 00 01 EC A8 22 86 10 00 00 16 15 B6 40 00 04 EB 95 60 08 01 00 0C 64 00 30 42 E8 FF 00 00 D5 00 00 11 03 00 00 01 02 63 03 62 00 01 00 68 34 00 83 05 03 00 00 01 21 01 00 15 B3 85 01 01 00 10 02 00 01 01 05 06 00 00 02 00 06 00 00 02 00 06 00 00 02 00 06 00 00 02 00 06 00 00 02 00 00 00 C2 92 16 85 88 FA C9 00 00 00 00 00 00 00 00 00 00 00 00 00 00 00 00 00 00 00 00 00 00 00 00 00 00 00 00 00 00 00 00 00 00 00 00 00 00 00 00 00 00 00 00 00 00 28 B3 BB 37 7E
[ 21644][16:44:34.841]7E FF 02 FF 8F BB 50 18 33 01 28 01 E8 C8 A8 A5 00 49 00 10 00 01 00 02 EC A8 22 10 01 60 08 01 03 00 00 00 A3 04 A6 1F 7F 9A 9B 7E
[ 21645][16:44:34.886]7E FF 02 FF 90 BB 22 18 33 01 51 01 97 60 BD A5 00 49 00 54 00 01 00 01 EC A8 22 6C 10 00 00 5B 13 60 E0 00 3F 0A 86 C0 06 01 00 0C DA 00 30 0C C8 FF 00 00 D5 00 00 11 03 00 00 01 02 03 00 5D 00 00 00 9B B5 4C 91 00 00 00 00 00 00 00 00 00 00 00 00 00 00 00 00 00 00 00 00 00 00 00 00 00 00 00 00 00 00 00 00 00 00 00 00 A7 FC 5B 5B 7E
[ 21646][16:44:34.886]7E FF 02 FF 91 BB 29 18 33 01 5B 00 A6 F9 BF A5 00 49 00 10 00 01 00 02 EC A8 22 10 01 C0 06 01 03 00 00 00 09 D2 74 44 EB CD 15 7E
[ 21647][16:44:34.901]7E FF 02 FF 92 BB 2B 18 33 01 E2 00 9D C6 C0 A5 00 49 00 94 00 01 00 01 EC A8 22 88 10 00 00 16 15 B6 40 00 0B EB F1 80 08 01 00 0C A4 00 30 42 A0 FF 00 00 D5 00 00 11 03 00 00 01 02 63 03 63 00 01 00 68 34 00 83 05 04 00 00 01 21 01 00 0D 74 85 01 01 00 10 02 00 01 01 05 06 00 00 02 00 06 00 00 02 00 06 00 00 02 00 06 00 00 02 00 06 00 00 02 00 00 00 C2 92 16 B2 CE A0 7C 00 00 00 00 00 00 00 00 00 00 00 00 00 00 00 00 00 00 00 00 00 00 00 00 00 00 00 00 00 00 00 00 00 00 00 00 00 00 00 00 00 00 00 00 00 00 16 11 2D E8 7E
[ 21648][16:44:34.901]7E FF 02 FF 93 BB 36 18 33 01 B7 02 82 29 C5 A5 00 49 00 10 00 01 00 02 EC A8 22 10 01 80 08 01 02 00 00 00 8B A3 BA 43 3D B3 24 7E
[ 21649][16:44:34.901]7E FF 02 FF 94 BB AC 18 33 01 FA 02 9F 0E CC A5 00 49 00 10 00 01 00 02 EC A8 22 10 01 40 01 01 02 00 00 00 F8 2F 07 CC 49 5A 42 7E
[ 21650][16:44:34.946]7E FF 02 FF 95 BB BA 18 33 01 65 00 68 1F D1 A5 00 49 00 94 00 01 00 01 EC A8 22 85 20 00 00 16 15 B6 40 00 37 DD 65 50 08 01 00 0D B3 00 30 42 F0 FF 00 00 D5 00 00 11 03 00 00 01 02 63 03 65 00 01 00 68 34 00 83 05 06 00 00 01 21 01 00 B6 43 85 01 01 00 10 02 00 01 01 05 06 00 00 02 00 06 00 00 02 00 06 00 00 02 00 06 00 00 02 00 06 00 00 02 00 00 00 C2 92 16 74 4F 2D 5B 00 00 00 00 00 00 00 00 00 00 00 00 00 00 00 00 00 00 00 00 00 00 00 00 00 00 00 00 00 00 00 00 00 00 00 00 00 00 00 00 00 00 00 00 00 00 9E 32 50 E6 7E
[ 21651][16:44:34.946]7E FF 02 FF 96 BB C5 18 33 01 9A 00 81 5C D5 A5 00 49 00 10 00 01 00 02 EC A8 22 10 02 50 08 01 03 00 00 00 4C 36 AC 36 E6 51 CF 7E
[ 21652][16:44:34.961]7E FF 02 FF 97 BB 79 18 33 01 A4 00 8C 85 DE A5 00 49 00 10 00 01 00 02 EC A8 22 10 01 20 00 01 02 00 00 00 A1 44 AE FD F4 6F 6D 7E
[ 21653][16:44:35.036]7E FF 02 FF 98 BB 19 19 33 01 34 00 FF 57 F5 A5 00 3E 02 94 00 01 00 01 EC A8 22 01 C0 00 03 16 15 B6 40 00 85 39 9E 10 00 0C 00 03 50 02 30 3E 88 FF 00 00 D5 00 00 11 03 00 00 01 02 23 03 66 00 28 0A 68 17 00 43 05 13 00 00 01 21 01 00 51 38 05 01 01 00 10 02 00 00 FE 19 16 68 17 00 43 05 13 00 00 01 21 01 00 51 38 05 01 01 40 00 02 00 00 7D 1B 16 DB D7 6C E6 00 00 00 00 00 00 00 00 00 00 00 00 00 00 00 00 00 00 00 00 00 00 00 00 00 00 00 00 00 00 00 00 00 00 00 00 00 00 00 00 00 00 00 00 00 00 00 00 00 00 3E 28 77 9C 7E
[ 21654][16:44:35.036]7E FF 02 FF 99 BB 24 19 33 01 55 00 EC 92 F9 A5 00 3E 02 10 00 01 00 02 EC A8 22 10 0C 10 00 01 03 01 00 00 91 29 58 4C CD E5 F0 7E
[ 21655][16:44:35.081]7E FF 02 FF 9A BB E6 18 33 01 57 00 4F 0C 08 A6 00 3F 02 94 00 01 00 01 EC A8 22 01 80 01 03 16 15 B6 40 00 CF 50 B7 10 00 18 00 03 51 02 30 3E 88 FF 00 00 D5 00 00 11 03 00 00 01 02 23 03 67 00 28 0A 68 17 00 43 05 14 00 00 01 21 01 00 49 FF 05 01 01 00 10 02 00 00 FE 19 16 68 17 00 43 05 14 00 00 01 21 01 00 49 FF 05 01 01 40 00 02 00 00 7D 1B 16 4B B4 D4 D2 00 00 00 00 00 00 00 00 00 00 00 00 00 00 00 00 00 00 00 00 00 00 00 00 00 00 00 00 00 00 00 00 00 00 00 00 00 00 00 00 00 00 00 00 00 00 00 00 00 00 CD CF 82 6D 7E
[ 21656][16:44:35.096]7E FF 02 FF 9B BB F1 18 33 01 8E 00 AF 49 0C A6 00 3F 02 10 00 01 00 02 EC A8 22 10 18 10 00 01 02 01 00 00 14 7F 8C CF C7 5F 5E 7E
[ 21657][16:44:35.186]7E FF 02 FF 9C BB 37 19 33 01 4A 03 15 3C 27 A6 00 49 00 14 01 01 00 01 EC A8 22 1C F0 FF 00 34 18 60 C3 00 1B E4 A7 C0 01 FF 2F 01 D3 00 00 CB A0 11 03 00 D5 00 00 08 00 00 00 1C 10 00 11 01 21 01 00 00 01 00 00 90 98 01 63 03 02 47 64 90 00 07 02 4D 01 13 00 43 00 00 00 01 30 0C 00 FE FF FD EF FF FF FF FF FF FF FF FF FF FF FF FF FF FF 07 13 13 09 09 07 08 07 0B 13 09 09 0A 07 0A 08 08 09 09 07 09 07 08 09 0A 09 08 0D 0A 07 06 09 08 12 11 09 07 08 09 04 06 08 09 09 09 09 08 09 09 08 08 0A 0A 08 0A 09 0A 09 0A 10 08 0A 06 05 06 06 05 06 05 06 06 06 06 04 06 06 06 06 05 06 06 06 06 06 05 06 06 05 05 06 06 06 06 06 06 06 05 06 06 06 05 06 06 06 05 05 06 06 06 06 05 06 06 06 06 05 06 06 06 06 06 06 06 04 06 06 06 06 05 05 06 05 04 05 04 05 04 05 05 03 04 03 04 04 00 1E 14 24 14 00 00 00 00 00 00 00 00 00 00 00 00 00 00 00 00 00 00 00 00 00 00 00 00 00 00 00 00 00 00 00 00 00 00 00 00 00 73 12 79 B9 7E
[ 21658][16:44:35.664]7E FF 02 FF 9D BB 37 1B 33 01 5D 00 87 48 EA A6 00 49 00 10 00 01 00 03 EC A8 22 E3 01 42 0A 8D DD 2E 20 02 F9 69 E1 6B 2A 3D A6 7E
[ 21659][16:44:35.709]7E FF 02 FF 9E BB 4F 1B 33 01 04 01 D8 7A F3 A6 00 3D 02 94 00 01 00 01 EC A8 22 01 50 01 03 16 15 B6 40 00 18 9A 6B 10 00 15 00 03 52 02 30 3E 88 FF 00 00 D5 00 00 11 03 00 00 01 02 23 03 5E 00 28 0A 68 17 00 43 05 11 00 00 01 21 01 00 EA 0F 05 01 01 00 10 02 00 00 FE 19 16 68 17 00 43 05 11 00 00 01 21 01 00 EA 0F 05 01 01 40 00 02 00 00 7D 1B 16 3E 52 CF 73 00 00 00 00 00 00 00 00 00 00 00 00 00 00 00 00 00 00 00 00 00 00 00 00 00 00 00 00 00 00 00 00 00 00 00 00 00 00 00 00 00 00 00 00 00 00 00 00 00 00 F0 B7 1E 15 7E
[ 21660][16:44:35.709]7E FF 02 FF 9F BB BE 1B 33 01 47 01 2E B9 F7 A6 00 3D 02 10 00 01 00 02 EC A8 22 10 15 10 00 01 02 01 00 00 B8 73 3C AA 61 E2 CA 7E
[ 21661][16:44:35.769]7E FF 02 FF A0 BB 89 1B 33 01 D6 03 5F E1 09 A7 00 3D 02 94 00 01 00 01 EC A8 22 01 D0 04 03 16 15 B6 40 00 B4 AF DE 10 00 4D 00 0A 53 02 30 3E 88 FF 00 00 D5 00 00 11 03 00 00 01 02 23 03 5F 00 28 0A 68 17 00 43 05 12 00 00 01 21 01 00 84 A7 05 01 01 00 10 02 00 00 FE 19 16 68 17 00 43 05 12 00 00 01 21 01 00 84 A7 05 01 01 40 00 02 00 00 7D 1B 16 05 FC C4 F0 00 00 00 00 00 00 00 00 00 00 00 00 00 00 00 00 00 00 00 00 00 00 00 00 00 00 00 00 00 00 00 00 00 00 00 00 00 00 00 00 00 00 00 00 00 00 00 00 00 00 6A 01 AE 29 7E
[ 21662][16:44:35.769]7E FF 02 FF A1 BB 95 1B 33 01 26 00 AF 1E 0E A7 00 3D 02 10 00 01 00 02 EC A8 22 10 4D 10 00 01 01 01 00 00 D2 E0 54 6A F5 B6 3B 7E
[ 21663][16:44:36.816]7E FF 02 FF A2 BB 98 1F 33 01 07 01 52 F5 95 A8 00 49 00 14 01 01 00 01 EC A8 22 32 F0 FF 00 34 18 60 C3 00 30 E4 D3 20 03 FF 2F 01 1F 00 00 C9 E8 11 00 00 D5 00 00 08 00 00 00 32 10 00 11 01 21 01 00 00 16 00 00 90 98 01 63 03 02 64 64 90 00 09 01 46 01 13 00 55 00 00 00 01 30 FE FF FD FF FF FF FB FF FF FF FF FF FF FF FF FF FF FF 07 13 13 09 09 07 08 07 0B 13 09 09 0A 07 0A 08 08 09 09 07 09 07 08 09 0A 09 08 07 0D 0A 07 06 09 08 12 11 09 07 08 09 04 06 08 09 09 09 08 08 09 08 08 0A 09 08 0A 09 0A 09 0A 10 08 0A 06 05 06 06 05 06 05 06 06 06 05 04 06 05 06 06 03 06 06 06 06 06 05 06 06 05 05 06 06 06 06 06 06 06 05 06 06 06 05 06 06 06 05 05 06 06 06 06 05 06 06 06 06 05 06 06 06 06 06 06 06 04 06 06 06 06 05 05 06 05 04 05 04 05 04 05 05 03 04 03 04 04 00 2F 59 E4 E1 00 00 00 00 00 00 00 00 00 00 00 00 00 00 00 00 00 00 00 00 00 00 00 00 00 00 00 00 00 00 00 00 00 00 00 00 00 00 00 8C CE F1 DE 7E
[ 21664][16:44:36.846]7E FF 02 FF A3 BB DB 1F 33 01 A2 01 58 99 AF A8 00 49 00 10 00 01 00 02 8D DD 2E 10 01 F0 21 01 01 05 00 00 5D 9E 54 F6 49 2E C9 7E
[ 21665][16:44:36.876]7E FF 02 FF A4 BB E2 1F 33 01 DD 00 83 2A B2 A8 00 49 00 94 00 01 00 01 8D DD 2E 01 E0 02 03 29 14 88 50 00 0B A4 D0 10 00 AA 00 03 EF 3F 30 10 88 FF 00 00 2A 00 00 11 08 00 00 01 03 01 00 DD 50 99 64 62 79 15 00 B2 FF 54 93 00 00 00 00 00 00 00 00 00 00 00 00 00 00 00 00 00 00 00 00 00 00 00 00 00 00 00 00 00 00 00 00 00 00 00 00 00 00 00 00 00 00 00 00 00 00 00 00 00 00 00 00 00 00 00 00 00 00 00 00 00 00 00 00 00 00 00 00 00 00 00 00 00 00 00 00 00 00 00 00 00 00 00 00 00 00 00 00 00 00 00 00 00 00 00 00 44 46 BE 71 7E
[ 21666][16:44:38.328]7E FF 02 FF A5 BB EB 25 33 01 DD 01 DD 7E D9 AA 00 3A 02 15 01 01 00 00 EC A8 22 78 F3 55 E7 01 B0 B0 02 00 EE 65 4E CA D5 00 00 90 98 01 63 26 01 00 00 20 02 00 00 00 00 00 00 05 00 0F 01 00 00 64 00 00 90 98 01 63 04 00 00 01 0A 90 01 26 01 3C 00 3C 00 06 0A FD 07 00 00 18 9B 50 E7 C0 47 00 12 33 00 05 17 32 00 00 00 00 C1 7A 54 E7 1D 27 00 00 17 00 02 10 09 10 23 10 24 10 3D 10 76 00 77 00 78 00 79 00 7A 00 7B 00 7C 00 7E 00 7F 00 80 00 81 00 83 00 84 80 64 19 00 01 F4 01 00 02 C4 09 00 03 03 04 5A 05 64 F6 7B 00 7C 00 7E 00 7F 00 80 00 81 00 83 00 84 00 85 00 87 00 89 00 8A 00 8D 00 82 00 8C 00 8E 00 88 00 7D 00 86 00 8B 00 8F 00 90 00 91 00 17 00 1D 00 2C 00 2A 00 1B 00 08 00 0C 00 06 80 04 29 00 01 F4 01 00 02 C4 09 00 03 03 04 32 05 57 00 58 00 59 00 5A 00 5B 00 5C 00 5D 00 5E 00 5F 00 60 00 61 00 62 00 63 00 64 00 65 80 1C 25 00 01 F4 01 00 02 DC 05 00 03 03 04 32 05 69 3B 10 96 CA 73 60 7E 7E
[ 21667][16:44:38.358]7E FF 02 FF A6 BB 00 26 33 01 FB 02 4F 9A E1 AA 00 3E 03 15 01 01 00 00 EC A8 22 E9 0E 5E E7 01 B0 B0 04 00 75 EF 1C CA D5 00 00 90 98 01 63 26 01 00 00 20 02 00 00 00 00 00 00 05 00 0F 01 00 00 64 00 00 90 98 01 63 04 00 00 01 0A 90 01 26 01 3C 00 3C 00 06 0A FD 07 00 00 18 9B 50 E7 C0 47 00 12 33 00 05 17 32 00 00 00 00 C1 7A 54 E7 1D 27 00 00 17 00 02 10 09 10 23 10 24 10 3D 10 76 00 77 00 78 00 79 00 7A 00 7B 00 7C 00 7E 00 7F 00 80 00 81 00 83 00 84 80 64 19 00 01 F4 01 00 02 C4 09 00 03 03 04 5A 05 64 F6 7B 00 7C 00 7E 00 7F 00 80 00 81 00 83 00 84 00 85 00 87 00 89 00 8A 00 8D 00 82 00 8C 00 8E 00 88 00 7D 00 86 00 8B 00 8F 00 90 00 91 00 17 00 1D 00 2C 00 2A 00 1B 00 08 00 0C 00 06 80 04 29 00 01 F4 01 00 02 C4 09 00 03 03 04 32 05 57 00 58 00 59 00 5A 00 5B 00 5C 00 5D 00 5E 00 5F 00 60 00 61 00 62 00 63 00 64 00 65 80 1C 25 00 01 F4 01 00 02 DC 05 00 03 03 04 32 05 69 3B 10 96 72 89 F2 38 7E
[ 21668][16:44:38.388]7E FF 02 FF A7 BB B3 25 33 01 DE 02 AA 5E EA AA 00 3F 02 15 01 01 00 00 EC A8 22 45 D3 66 E7 01 B0 B0 06 00 70 11 E7 CA D5 00 00 90 98 01 63 26 01 00 00 20 02 00 00 00 00 00 00 05 00 0F 01 00 00 64 00 00 90 98 01 63 04 00 00 01 0A 90 01 26 01 3C 00 3C 00 06 0A FD 07 00 00 18 9B 50 E7 C0 47 00 12 33 00 05 17 32 00 00 00 00 C1 7A 54 E7 1D 27 00 00 17 00 02 10 09 10 23 10 24 10 3D 10 76 00 77 00 78 00 79 00 7A 00 7B 00 7C 00 7E 00 7F 00 80 00 81 00 83 00 84 80 64 19 00 01 F4 01 00 02 C4 09 00 03 03 04 5A 05 64 F6 7B 00 7C 00 7E 00 7F 00 80 00 81 00 83 00 84 00 85 00 87 00 89 00 8A 00 8D 00 82 00 8C 00 8E 00 88 00 7D 00 86 00 8B 00 8F 00 90 00 91 00 17 00 1D 00 2C 00 2A 00 1B 00 08 00 0C 00 06 80 04 29 00 01 F4 01 00 02 C4 09 00 03 03 04 32 05 57 00 58 00 59 00 5A 00 5B 00 5C 00 5D 00 5E 00 5F 00 60 00 61 00 62 00 63 00 64 00 65 80 1C 25 00 01 F4 01 00 02 DC 05 00 03 03 04 32 05 69 3B 10 96 61 00 36 45 7E
[ 21669][16:44:38.418]7E FF 02 FF A8 BB E0 25 33 01 B8 02 92 86 FB AA 00 49 01 15 01 01 00 00 EC A8 22 6C FC 77 E7 09 B0 B0 06 00 1E 08 BA C9 D5 00 00 90 98 01 63 26 01 00 00 20 02 00 00 00 00 00 00 05 00 0F 09 10 00 4F 01 21 01 00 00 19 12 02 03 01 0A 90 01 26 01 3C 00 3C 00 06 0A FD 07 00 00 18 9B 50 E7 C0 47 00 12 33 00 05 17 32 00 00 00 00 C1 7A 54 E7 1D 27 00 00 17 00 02 10 09 10 23 10 24 10 3D 10 76 00 77 00 78 00 79 00 7A 00 7B 00 7C 00 7E 00 7F 00 80 00 81 00 83 00 84 80 64 19 00 01 F4 01 00 02 C4 09 00 03 03 04 5A 05 98 42 7B 00 7C 00 7E 00 7F 00 80 00 81 00 83 00 84 00 85 00 87 00 89 00 8A 00 8D 00 82 00 8C 00 8E 00 88 00 7D 00 86 00 8B 00 8F 00 90 00 91 00 17 00 1D 00 2C 00 2A 00 1B 00 08 00 0C 00 06 80 04 29 00 01 F4 01 00 02 C4 09 00 03 03 04 32 05 57 00 58 00 59 00 5A 00 5B 00 5C 00 5D 00 5E 00 5F 00 60 00 61 00 62 00 63 00 64 00 65 80 1C 25 00 01 F4 01 00 02 DC 05 00 03 03 04 32 05 55 3A 65 9E 68 5B 27 A5 7E
[ 21670][16:44:38.463]7E FF 02 FF A9 BB 72 26 33 01 AA 02 63 11 0D AB 00 49 01 15 01 01 00 00 EC A8 22 57 87 89 E7 24 B0 B0 02 00 A7 0C C0 C9 D5 00 00 90 98 01 63 26 01 00 00 20 02 00 00 00 00 00 00 05 00 0F 24 10 00 54 01 23 01 00 00 06 12 02 01 01 0A 90 01 26 01 3C 00 3C 00 06 0A FD 07 00 00 18 9B 50 E7 C0 47 00 12 33 00 05 17 32 00 00 00 00 C1 7A 54 E7 1D 27 00 00 17 00 02 10 09 10 23 10 24 10 3D 10 76 00 77 00 78 00 79 00 7A 00 7B 00 7C 00 7E 00 7F 00 80 00 81 00 83 00 84 80 64 19 00 01 F4 01 00 02 C4 09 00 03 03 04 5A 05 4A E8 7B 00 7C 00 7E 00 7F 00 80 00 81 00 83 00 84 00 85 00 87 00 89 00 8A 00 8D 00 82 00 8C 00 8E 00 88 00 7D 00 86 00 8B 00 8F 00 90 00 91 00 17 00 1D 00 2C 00 2A 00 1B 00 08 00 0C 00 06 80 04 29 00 01 F4 01 00 02 C4 09 00 03 03 04 32 05 57 00 58 00 59 00 5A 00 5B 00 5C 00 5D 00 5E 00 5F 00 60 00 61 00 62 00 63 00 64 00 65 80 1C 25 00 01 F4 01 00 02 DC 05 00 03 03 04 32 05 C6 3C C3 FB D9 72 90 61 7E
[ 21671][16:44:38.538]7E FF 02 FF AA BB B7 26 33 01 AC 02 92 62 27 AB 00 49 00 15 01 01 00 00 EC A8 22 A6 D8 A3 E7 77 B0 B0 02 00 6A E7 83 C8 D5 00 00 90 98 01 63 26 01 00 00 20 02 00 00 00 00 00 00 05 00 0F 77 10 00 3B 01 23 01 00 00 04 11 01 01 01 0A 90 01 26 01 3C 00 3C 00 06 0A FD 07 00 00 18 9B 50 E7 C0 23 00 12 33 00 05 17 32 00 00 00 00 C1 7A 54 E7 1D 27 00 00 17 00 64 19 00 01 F4 01 00 02 C4 09 00 03 03 04 5A 05 79 00 7A 00 7B 00 7C 00 7E 00 7F 00 80 00 81 00 83 00 84 80 64 19 00 01 F4 01 00 02 C4 09 00 03 03 04 5A 05 DC 10 7B 00 7C 00 7E 00 7F 00 80 00 81 00 83 00 84 00 85 00 87 00 89 00 8A 00 8D 00 82 00 8C 00 8E 00 88 00 7D 00 86 00 8B 00 8F 00 90 00 91 00 17 00 1D 00 2C 00 2A 00 1B 00 08 00 0C 00 06 80 04 29 00 01 F4 01 00 02 C4 09 00 03 03 04 32 05 57 00 58 00 59 00 5A 00 5B 00 5C 00 5D 00 5E 00 5F 00 60 00 61 00 62 00 63 00 64 00 65 80 1C 25 00 01 F4 01 00 02 DC 05 00 03 03 04 32 05 C1 CD C3 F1 39 2A 40 B0 7E
[ 21672][16:44:38.568]7E FF 02 FF AB BB CE 26 33 01 BA 02 3B 2A 30 AB 00 49 00 15 01 01 00 00 EC A8 22 25 A0 AC E7 78 B0 B0 02 00 39 BC 86 C8 D5 00 00 90 98 01 63 26 01 00 00 20 02 00 00 00 00 00 00 05 00 0F 78 10 00 40 01 23 01 00 00 12 11 02 01 01 0A 90 01 26 01 3C 00 3C 00 06 0A FD 07 00 00 18 9B 50 E7 C0 23 00 12 33 00 05 17 32 00 00 00 00 C1 7A 54 E7 1D 27 00 00 17 00 64 19 00 01 F4 01 00 02 C4 09 00 03 03 04 5A 05 79 00 7A 00 7B 00 7C 00 7E 00 7F 00 80 00 81 00 83 00 84 80 64 19 00 01 F4 01 00 02 C4 09 00 03 03 04 5A 05 D0 32 7B 00 7C 00 7E 00 7F 00 80 00 81 00 83 00 84 00 85 00 87 00 89 00 8A 00 8D 00 82 00 8C 00 8E 00 88 00 7D 00 86 00 8B 00 8F 00 90 00 91 00 17 00 1D 00 2C 00 2A 00 1B 00 08 00 0C 00 06 80 04 29 00 01 F4 01 00 02 C4 09 00 03 03 04 32 05 57 00 58 00 59 00 5A 00 5B 00 5C 00 5D 00 5E 00 5F 00 60 00 61 00 62 00 63 00 64 00 65 80 1C 25 00 01 F4 01 00 02 DC 05 00 03 03 04 32 05 5E F3 7F F3 02 9D 5D 15 7E
[ 21673][16:44:38.628]7E FF 02 FF AC BB 13 27 33 01 AD 02 5B 7C 4A AB 00 49 00 15 01 01 00 00 EC A8 22 37 F2 C6 E7 7B B0 B0 06 00 A2 0F 3D C8 D5 00 00 90 98 01 63 26 01 00 00 20 02 00 00 00 00 00 00 05 00 0F 7B 10 00 40 01 16 01 00 00 02 11 02 03 01 0A 90 01 26 01 3C 00 3C 00 06 0A FD 07 00 00 18 9B 50 E7 C0 23 00 12 33 00 05 17 32 00 00 00 00 C1 7A 54 E7 1D 27 00 00 17 00 64 19 00 01 F4 01 00 02 C4 09 00 03 03 04 5A 05 79 00 7A 00 7B 00 7C 00 7E 00 7F 00 80 00 81 00 83 00 84 80 64 19 00 01 F4 01 00 02 C4 09 00 03 03 04 5A 05 7C DC 7B 00 7C 00 7E 00 7F 00 80 00 81 00 83 00 84 00 85 00 87 00 89 00 8A 00 8D 00 82 00 8C 00 8E 00 88 00 7D 00 86 00 8B 00 8F 00 90 00 91 00 17 00 1D 00 2C 00 2A 00 1B 00 08 00 0C 00 06 80 04 29 00 01 F4 01 00 02 C4 09 00 03 03 04 32 05 57 00 58 00 59 00 5A 00 5B 00 5C 00 5D 00 5E 00 5F 00 60 00 61 00 62 00 63 00 64 00 65 80 1C 25 00 01 F4 01 00 02 DC 05 00 03 03 04 32 05 24 25 C3 13 85 17 8C CB 7E
[ 21674][16:44:38.720]7E FF 02 FF AD BB 0B 27 33 01 92 02 91 93 6D AB 00 49 00 15 01 01 00 00 EC A8 22 E1 0A EA E7 80 B0 B0 06 00 34 BB 92 C8 D5 00 00 90 98 01 63 26 01 00 00 20 02 00 00 00 00 00 00 05 00 0F 80 20 00 32 01 18 01 00 00 02 21 03 03 01 0A 90 01 26 01 3C 00 3C 00 06 0A FD 07 00 00 18 9B 50 E7 C0 23 00 12 33 00 05 17 32 00 00 00 00 C1 7A 54 E7 1D 27 00 00 17 00 64 19 00 01 F4 01 00 02 C4 09 00 03 03 04 5A 05 79 00 7A 00 7B 00 7C 00 7E 00 7F 00 80 00 81 00 83 00 84 80 64 19 00 01 F4 01 00 02 C4 09 00 03 03 04 5A 05 EA C9 7B 00 7C 00 7E 00 7F 00 80 00 81 00 83 00 84 00 85 00 87 00 89 00 8A 00 8D 00 82 00 8C 00 8E 00 88 00 7D 00 86 00 8B 00 8F 00 90 00 91 00 17 00 1D 00 2C 00 2A 00 1B 00 08 00 0C 00 06 80 04 29 00 01 F4 01 00 02 C4 09 00 03 03 04 32 05 57 00 58 00 59 00 5A 00 5B 00 5C 00 5D 00 5E 00 5F 00 60 00 61 00 62 00 63 00 64 00 65 80 1C 25 00 01 F4 01 00 02 DC 05 00 03 03 04 32 05 AA 6B 5E 01 5E B7 38 67 7E
[ 21675][16:44:38.765]7E FF 02 FF AE BB 9D 27 33 01 BF 02 3D 21 7F AB 00 49 01 15 01 01 00 00 EC A8 22 95 98 FB E7 83 B0 B0 04 00 DD CB 0D C8 D5 00 00 90 98 01 63 26 01 00 00 20 02 00 00 00 00 00 00 05 00 0F 83 20 00 32 01 15 01 00 00 01 21 05 02 01 0A 90 01 26 01 3C 00 3C 00 06 0A FD 07 00 00 18 9B 50 E7 C0 23 00 12 33 00 05 17 32 00 00 00 00 C1 7A 54 E7 1D 27 00 00 17 00 64 19 00 01 F4 01 00 02 C4 09 00 03 03 04 5A 05 79 00 7A 00 7B 00 7C 00 7E 00 7F 00 80 00 81 00 83 00 84 80 64 19 00 01 F4 01 00 02 C4 09 00 03 03 04 5A 05 1B 85 7B 00 7C 00 7E 00 7F 00 80 00 81 00 83 00 84 00 85 00 87 00 89 00 8A 00 8D 00 82 00 8C 00 8E 00 88 00 7D 00 86 00 8B 00 8F 00 90 00 91 00 17 00 1D 00 2C 00 2A 00 1B 00 08 00 0C 00 06 80 04 29 00 01 F4 01 00 02 C4 09 00 03 03 04 32 05 57 00 58 00 59 00 5A 00 5B 00 5C 00 5D 00 5E 00 5F 00 60 00 61 00 62 00 63 00 64 00 65 80 1C 25 00 01 F4 01 00 02 DC 05 00 03 03 04 32 05 A2 38 41 16 6F 48 EC B6 7E
[ 21676][16:44:38.765]7E FF 02 FF AF BB 44 27 33 01 56 01 C1 35 83 AB 00 49 01 10 00 01 00 02 8D DD 2E 10 01 E0 02 01 03 01 00 00 33 5E 3C 30 EB EF 06 7E
[ 21677][16:44:38.810]7E FF 02 FF B0 BB 72 27 33 01 6A 00 F7 A7 94 AB 00 49 00 94 00 01 00 01 EC A8 22 82 10 00 00 16 15 B6 40 00 01 EB 51 20 08 01 00 0C 3F 00 30 42 C0 FF 00 00 D5 00 00 11 03 00 00 01 02 63 03 61 00 01 00 68 34 00 83 05 02 00 00 01 21 01 00 C0 2C 85 01 01 00 10 02 00 01 01 05 06 00 00 02 00 06 00 00 02 00 06 00 00 02 00 06 00 00 02 00 06 00 00 02 00 00 00 C2 92 16 A3 3A 9D 2F 00 00 00 00 00 00 00 00 00 00 00 00 00 00 00 00 00 00 00 00 00 00 00 00 00 00 00 00 00 00 00 00 00 00 00 00 00 00 00 00 00 00 00 00 00 00 32 4B 58 92 7E
[ 21678][16:44:38.810]7E FF 02 FF B1 BB E7 27 33 01 1D 00 33 20 9B AB 00 49 00 10 00 01 00 02 EC A8 22 10 01 40 00 01 01 00 00 00 89 E7 A2 73 B2 93 5D 7E
[ 21679][16:44:38.856]7E FF 02 FF B2 BB F5 27 33 01 FB 02 11 B9 A0 AB 00 49 00 14 01 01 00 01 EC A8 22 83 F0 FF 00 34 18 60 C3 00 96 E4 1F 30 08 FF 2F 01 83 00 00 C9 E8 11 00 00 D5 00 00 08 00 00 00 83 20 00 21 01 15 01 00 00 01 00 00 90 98 01 63 02 05 00 5D 90 00 0A 01 3A 01 13 00 32 00 00 00 02 30 FE FF FD FF FF FF FF FF FF FF FF FF FF FF FF FF F7 FF 07 0F 0F 05 03 03 04 02 07 0B 05 05 04 02 06 05 04 06 05 03 04 03 04 05 06 06 04 03 0A 05 03 03 06 05 0E 0E 06 03 05 06 02 03 04 03 05 05 06 05 03 05 05 04 06 06 05 06 06 05 05 05 0D 05 06 05 04 05 05 04 05 05 05 05 05 05 04 03 01 05 05 05 05 05 06 06 06 05 06 06 05 05 06 06 05 06 06 06 06 05 06 06 06 05 06 06 06 05 05 04 06 06 06 05 06 06 06 06 05 06 06 06 06 06 06 05 04 06 06 06 06 02 06 05 03 05 04 05 04 05 05 04 04 03 04 04 00 3C 1F 86 80 00 00 00 00 00 00 00 00 00 00 00 00 00 00 00 00 00 00 00 00 00 00 00 00 00 00 00 00 00 00 00 00 00 00 00 00 00 00 00 9B CB BF 31 7E
[ 21680][16:44:38.871]7E FF 02 FF B3 BB B2 27 33 01 8B 00 0E 13 AD AB 00 49 00 94 00 01 00 01 EC A8 22 04 10 00 00 16 15 B6 44 00 86 E9 F5 40 00 01 00 0B 87 00 30 42 88 FF 00 00 D5 00 00 11 03 00 00 01 02 63 03 64 00 01 00 68 34 00 83 05 05 00 00 01 21 01 00 D8 EB 85 01 01 00 10 02 00 01 01 05 06 00 00 02 00 06 00 00 02 00 06 00 00 02 00 06 00 00 02 00 06 00 00 02 00 00 00 C2 92 16 99 44 AA 6A 00 00 00 00 00 00 00 00 00 00 00 00 00 00 00 00 00 00 00 00 00 00 00 00 00 00 00 00 00 00 00 00 00 00 00 00 00 00 00 00 00 00 00 00 00 00 0C B4 89 69 7E
[ 21681][16:44:38.885]7E FF 02 FF B4 BB BD 27 33 01 6B 01 BB 61 B1 AB 00 49 00 10 00 01 00 02 EC A8 22 10 01 40 00 01 03 00 00 00 A8 67 26 E9 5A CA BE 7E
[ 21682][16:44:38.900]7E FF 02 FF B5 BB C2 27 33 01 8C 00 CF 2D B3 AB 00 49 00 94 00 01 00 01 EC A8 22 82 10 00 00 16 15 B6 44 00 10 E9 D5 20 08 01 00 0C 3F 00 30 42 C0 FF 00 00 D5 00 00 11 03 00 00 01 02 63 03 61 00 01 00 68 34 00 83 05 02 00 00 01 21 01 00 C0 2C 85 01 01 00 10 02 00 01 01 05 06 00 00 02 00 06 00 00 02 00 06 00 00 02 00 06 00 00 02 00 06 00 00 02 00 00 00 C2 92 16 A3 3A 9D 2F 00 00 00 00 00 00 00 00 00 00 00 00 00 00 00 00 00 00 00 00 00 00 00 00 00 00 00 00 00 00 00 00 00 00 00 00 00 00 00 00 00 00 00 00 00 00 24 44 35 80 7E
[ 21683][16:44:38.900]7E FF 02 FF B6 BB CD 27 33 01 66 01 CD 7B B7 AB 00 49 00 10 00 01 00 02 EC A8 22 10 01 20 08 01 02 00 00 00 A3 06 AE E7 9A D0 1F 7E
[ 21684][16:44:38.916]7E FF 02 FF B7 BB 42 28 33 01 26 03 3B 1D BE AB 00 3B 03 94 00 01 00 01 EC A8 22 01 D0 00 03 16 15 B6 40 00 94 2B 5A 10 00 0D 00 03 54 02 30 3E 88 FF 00 00 D5 00 00 11 03 00 00 01 02 23 03 68 00 28 0A 68 17 00 43 05 15 00 00 01 21 01 00 9C 60 05 01 01 00 10 02 00 00 FE 19 16 68 17 00 43 05 15 00 00 01 21 01 00 9C 60 05 01 01 40 00 02 00 00 7D 1B 16 81 C7 4E EF 00 00 00 00 00 00 00 00 00 00 00 00 00 00 00 00 00 00 00 00 00 00 00 00 00 00 00 00 00 00 00 00 00 00 00 00 00 00 00 00 00 00 00 00 00 00 00 00 00 00 E0 21 42 1A 7E
[ 21685][16:44:38.916]7E FF 02 FF B8 BB 4D 28 33 01 45 03 4D 58 C2 AB 00 3B 03 10 00 01 00 02 EC A8 22 10 0D 10 00 01 03 00 00 00 B0 38 1C 8D 38 DD 56 7E
[ 21686][16:44:38.993]7E FF 02 FF B9 BB 25 28 33 01 F0 02 A1 2D D9 AB 00 3E 03 94 00 01 00 01 EC A8 22 01 20 03 03 16 15 B6 40 00 7A A6 E1 10 00 32 00 03 55 02 30 3E 88 FF 00 00 D5 00 00 11 03 00 00 01 02 23 03 69 00 28 0A 68 17 00 43 05 16 00 00 01 21 01 00 F2 C8 05 01 01 00 10 02 00 00 FE 19 16 68 17 00 43 05 16 00 00 01 21 01 00 F2 C8 05 01 01 40 00 02 00 00 7D 1B 16 BA 69 45 6C 00 00 00 00 00 00 00 00 00 00 00 00 00 00 00 00 00 00 00 00 00 00 00 00 00 00 00 00 00 00 00 00 00 00 00 00 00 00 00 00 00 00 00 00 00 00 00 00 00 00 B4 FE 12 4F 7E
[ 21687][16:44:38.993]7E FF 02 FF BA BB 30 28 33 01 56 03 D5 6E DD AB 00 3E 03 10 00 01 00 02 EC A8 22 10 32 10 00 01 03 00 00 00 6F 00 E0 53 6A 9A 5D 7E
[ 21688][16:44:39.290]7E FF 02 FF BB BB 63 29 33 01 95 00 AB 41 52 AC 00 49 00 54 00 01 00 01 EC A8 22 15 10 00 00 5B 13 60 E0 00 48 0A 2E 50 01 01 00 0A 34 00 30 0C 98 FF 00 00 D5 00 00 11 03 00 00 01 02 03 00 5E 00 00 00 75 1A F9 83 00 00 00 00 00 00 00 00 00 00 00 00 00 00 00 00 00 00 00 00 00 00 00 00 00 00 00 00 00 00 00 00 00 00 00 00 5C EF 8F 28 7E
[ 21689][16:44:39.305]7E FF 02 FF BC BB CD 29 33 01 A2 03 5A DD 54 AC 00 49 00 10 00 01 00 02 EC A8 22 10 01 50 01 01 02 00 00 00 7D 3F 81 30 77 62 51 7E
[ 21690][16:44:39.320]7E FF 02 FF BD BB D8 29 33 01 05 02 18 E2 58 AC 00 49 00 54 00 01 00 01 EC A8 22 4D 10 00 00 5B 13 60 E0 00 1B 0A 02 D0 04 01 00 0C C4 00 30 0C E8 FF 00 00 D5 00 00 11 03 00 00 01 02 03 00 5F 00 00 00 10 7D 45 3B 00 00 00 00 00 00 00 00 00 00 00 00 00 00 00 00 00 00 00 00 00 00 00 00 00 00 00 00 00 00 00 00 00 00 00 00 3B 13 DD CA 7E
[ 21691][16:44:39.320]7E FF 02 FF BE BB DF 29 33 01 F9 01 D5 91 5B AC 00 49 00 10 00 01 00 02 EC A8 22 10 01 D0 04 01 01 00 00 00 2C 52 B0 72 AB 3E 60 7E
[ 21692][16:44:39.357]7E FF 02 FF BF BB E1 29 33 01 8C 02 A3 5F 5C AC 00 49 00 14 01 01 00 01 EC A8 22 86 F0 FF 00 34 18 60 C3 00 93 E4 4F 60 08 FF 2F 01 62 00 00 C9 E8 11 03 00 D5 00 00 08 00 00 00 86 10 00 11 01 21 01 00 00 03 00 00 90 98 01 63 03 02 19 4E 90 00 09 01 3A 01 13 00 34 00 00 00 01 30 FE FF FD FF FF FF FF FF FF FF FF FF FF FF FF FF BF FF 07 0F 0F 05 05 03 04 04 08 0F 05 05 06 03 06 05 04 06 05 03 06 03 04 05 06 06 05 03 0A 06 04 02 06 05 0E 0E 06 03 04 06 02 03 04 05 05 05 05 05 06 06 05 04 06 05 05 06 06 05 04 05 0D 05 06 05 04 05 05 04 05 05 05 05 05 05 03 05 05 05 05 05 05 05 06 06 06 05 06 06 05 05 06 06 06 06 06 06 06 05 06 06 06 05 06 06 06 05 05 06 06 06 06 05 06 06 06 06 05 05 06 06 06 06 06 06 04 06 06 06 06 05 05 06 05 05 04 05 04 05 05 03 04 03 04 04 00 8F 1C EA D5 00 00 00 00 00 00 00 00 00 00 00 00 00 00 00 00 00 00 00 00 00 00 00 00 00 00 00 00 00 00 00 00 00 00 00 00 00 00 00 43 73 FD 96 7E
[ 21693][16:44:39.457]7E FF 02 FF C0 BB 0C 2A 33 01 F8 01 46 E1 92 AC 00 49 00 10 00 01 00 03 EC A8 22 E3 01 99 22 8D DD 2E 20 02 1D 9E 98 D0 6B 9F 63 7E
[ 21694][16:44:40.085]7E FF 02 FF C1 BB 5A 2C 33 01 0D 00 4C BE 73 AD 00 49 00 14 01 01 00 01 EC A8 22 1A F0 FF 00 34 18 60 C3 00 1D E4 C7 A0 01 FF 2F 01 76 00 00 C9 90 11 00 00 D5 00 00 08 00 00 00 1A 10 00 11 01 12 01 00 00 15 00 00 90 98 01 63 01 03 4D 64 90 00 09 01 4E 01 13 00 49 00 00 00 01 30 FE FF FD FB FF FF FF FF FF FF FF FF FF FF FF FF FF FF 07 13 13 09 08 07 08 07 0B 12 09 09 0A 06 0A 08 08 09 09 05 09 07 08 09 0A 08 07 0D 09 06 07 09 08 12 11 09 07 09 09 06 07 09 08 09 09 09 08 08 09 08 08 0A 0A 08 0A 09 0A 0A 0A 10 08 09 06 06 06 06 05 06 06 06 06 06 06 06 06 06 06 06 06 06 06 06 06 06 05 06 06 05 05 06 06 06 06 06 06 06 05 06 06 06 05 06 06 06 05 05 06 06 06 06 05 06 06 06 06 05 05 06 06 06 06 06 05 04 06 06 06 06 05 05 06 05 03 05 04 05 04 03 05 05 04 03 02 04 00 D2 B1 08 46 00 00 00 00 00 00 00 00 00 00 00 00 00 00 00 00 00 00 00 00 00 00 00 00 00 00 00 00 00 00 00 00 00 00 00 00 00 00 00 64 B6 95 6C 7E
[ 21695][16:44:40.937]7E FF 02 FF C2 BB 0F 30 33 01 98 01 11 C4 B7 AE 00 49 01 14 01 01 00 01 EC A8 22 39 F0 FF 00 34 18 60 C3 00 3A E4 E7 90 03 FF 2F 01 C8 00 00 C9 A0 11 00 00 D5 00 00 08 00 00 00 39 10 00 11 01 12 01 00 00 04 00 00 90 98 01 63 03 02 58 64 90 00 09 01 3D 01 13 00 50 00 00 00 01 30 FE FF FD FF FF FF FF FD FF FF FF FF FF FF FF FF FF FF 07 13 13 09 08 07 08 07 0B 12 09 09 0A 06 0A 08 08 09 09 06 09 07 08 09 0A 09 08 07 0D 09 06 07 09 08 12 11 09 07 09 09 06 06 09 08 09 09 09 08 08 09 08 08 0A 0A 08 0A 0A 0A 0A 10 08 09 06 06 06 06 05 06 06 06 06 06 06 06 06 06 06 06 06 06 06 06 06 06 05 06 06 05 05 06 06 06 06 06 06 06 05 06 06 06 05 06 06 06 05 05 06 06 06 06 05 06 06 06 06 05 05 06 06 06 06 06 05 04 06 06 06 06 05 05 06 05 03 05 04 05 04 04 05 05 04 03 04 04 00 FE 17 7F EF 00 00 00 00 00 00 00 00 00 00 00 00 00 00 00 00 00 00 00 00 00 00 00 00 00 00 00 00 00 00 00 00 00 00 00 00 00 00 00 8F 6B FD 24 7E
[ 21696][16:44:41.027]7E FF 02 FF C3 BB 81 30 33 01 64 03 D3 6A E3 AE 00 49 00 94 00 01 00 01 8D DD 2E 01 20 1E 03 29 14 88 50 00 2B E0 4F 10 00 A7 00 03 00 40 30 10 88 FF 00 00 2A 00 00 11 08 00 00 01 03 01 00 57 52 04 86 60 79 15 00 20 2E D5 9F 00 00 00 00 00 00 00 00 00 00 00 00 00 00 00 00 00 00 00 00 00 00 00 00 00 00 00 00 00 00 00 00 00 00 00 00 00 00 00 00 00 00 00 00 00 00 00 00 00 00 00 00 00 00 00 00 00 00 00 00 00 00 00 00 00 00 00 00 00 00 00 00 00 00 00 00 00 00 00 00 00 00 00 00 00 00 00 00 00 00 00 00 00 00 00 00 A5 7A 68 A7 7E
[ 21697][16:44:41.162]7E FF 02 FF C4 BB A5 30 33 01 A1 00 65 07 17 AF 00 3F 02 94 00 01 00 01 EC A8 22 01 C0 00 03 16 15 B6 40 00 85 39 9E 10 00 0C 00 03 56 02 30 3E 88 FF 00 00 D5 00 00 11 03 00 00 01 02 23 03 66 00 28 0A 68 17 00 43 05 13 00 00 01 21 01 00 51 38 05 01 01 00 10 02 00 00 FE 19 16 68 17 00 43 05 13 00 00 01 21 01 00 51 38 05 01 01 40 00 02 00 00 7D 1B 16 DB D7 6C E6 00 00 00 00 00 00 00 00 00 00 00 00 00 00 00 00 00 00 00 00 00 00 00 00 00 00 00 00 00 00 00 00 00 00 00 00 00 00 00 00 00 00 00 00 00 00 00 00 00 00 0F 70 FB B4 7E
[ 21698][16:44:41.162]7E FF 02 FF C5 BB B0 30 33 01 CA 00 72 43 1B AF 00 3F 02 10 00 01 00 02 EC A8 22 10 0C 10 00 01 03 01 00 00 91 29 58 25 8B 70 E2 7E
[ 21699][16:44:41.192]7E FF 02 FF C6 BB BD 30 33 01 58 00 DD 29 20 AF 00 3F 02 94 00 01 00 01 EC A8 22 01 80 01 03 16 15 B6 40 00 CF 50 B7 10 00 18 00 03 57 02 30 3E 88 FF 00 00 D5 00 00 11 03 00 00 01 02 23 03 67 00 28 0A 68 17 00 43 05 14 00 00 01 21 01 00 49 FF 05 01 01 00 10 02 00 00 FE 19 16 68 17 00 43 05 14 00 00 01 21 01 00 49 FF 05 01 01 40 00 02 00 00 7D 1B 16 4B B4 D4 D2 00 00 00 00 00 00 00 00 00 00 00 00 00 00 00 00 00 00 00 00 00 00 00 00 00 00 00 00 00 00 00 00 00 00 00 00 00 00 00 00 00 00 00 00 00 00 00 00 00 00 C0 72 5E 3E 7E
[ 21700][16:44:41.192]7E FF 02 FF C7 BB C8 30 33 01 B5 00 60 69 24 AF 00 3F 02 10 00 01 00 02 EC A8 22 10 18 10 00 01 02 01 00 00 14 7F 8C A7 67 5C C9 7E
[ 21701][16:44:41.297]7E FF 02 FF C8 BB 15 31 33 01 79 03 4D 08 42 AF 00 49 00 14 01 01 00 01 EC A8 22 88 F0 FF 00 34 18 60 C3 00 9C E4 2B 80 08 FF 2F 01 A2 00 00 C9 A0 11 03 00 D5 00 00 08 00 00 00 88 10 00 11 01 21 01 00 00 04 00 00 90 98 01 63 03 02 19 4E 90 00 09 01 3A 01 13 00 34 00 00 00 01 30 FE FF FD FF FF FF FF FF FF FF FF FF FF FF FF FF FF FE 07 0F 0F 05 05 03 04 04 08 0F 05 05 06 03 06 05 04 06 05 03 06 03 04 05 06 06 05 03 0A 06 04 02 06 05 0E 0E 06 03 04 06 02 03 04 05 05 05 06 05 06 06 05 04 06 05 05 06 06 05 04 05 0D 05 06 05 04 05 05 04 05 05 05 05 05 05 03 05 05 05 05 04 05 05 06 06 06 05 06 06 05 05 06 06 06 06 06 06 06 05 06 06 06 05 06 06 06 05 05 06 06 06 06 05 06 06 06 06 05 06 06 06 06 06 06 06 04 06 06 06 06 05 05 06 05 04 05 05 04 05 05 03 04 03 04 04 00 57 27 30 49 00 00 00 00 00 00 00 00 00 00 00 00 00 00 00 00 00 00 00 00 00 00 00 00 00 00 00 00 00 00 00 00 00 00 00 00 00 00 00 EF 11 B7 98 7E
[ 21702][16:44:41.311]7E FF 02 FF C9 BB AC 31 33 01 A2 01 7A 54 55 AF 00 49 00 10 00 01 00 02 8D DD 2E 10 01 60 01 01 02 00 00 00 C2 92 8B 9B 33 04 57 7E
[ 21703][16:44:41.341]7E FF 02 FF CA BB 68 31 33 01 3B 01 03 80 61 AF 00 49 00 10 00 01 00 03 EC A8 22 E3 01 3D 1B 8D DD 2E 20 02 5A 79 AC 04 AF 37 36 7E
[ 21704][16:44:42.837]7E FF 02 FF CB BB 7D 37 33 01 A6 03 C2 85 8D B1 00 49 01 14 01 01 00 01 EC A8 22 43 F0 FF 00 34 18 60 C3 00 4E E4 7F 30 04 FF 2F 01 E9 00 00 C9 F8 11 00 00 D5 00 00 08 00 00 00 43 10 00 11 01 17 01 00 00 02 00 00 90 98 01 63 03 01 30 59 90 00 09 01 4A 01 13 00 40 00 00 00 01 30 FE FF FD FF FF FF FF FF F7 FF FF FF FF FF FF FF FF FF 07 11 10 06 06 05 06 04 09 10 06 07 07 03 07 06 06 07 07 05 07 05 06 06 08 07 06 05 0B 07 04 05 07 06 10 0F 07 05 07 07 03 04 06 05 07 07 07 06 06 07 06 06 07 07 06 07 07 07 06 07 0E 06 07 06 05 06 05 06 06 06 06 06 06 05 06 06 06 06 06 06 06 06 06 06 05 06 06 05 05 06 06 06 06 06 06 06 05 06 06 06 05 06 06 06 05 05 05 06 06 06 05 06 06 06 06 05 06 06 06 06 06 06 05 04 06 06 06 06 05 05 06 05 03 05 04 05 03 05 05 04 04 03 04 04 00 95 85 D3 57 00 00 00 00 00 00 00 00 00 00 00 00 00 00 00 00 00 00 00 00 00 00 00 00 00 00 00 00 00 00 00 00 00 00 00 00 00 00 00 40 BD 92 89 7E
[ 21705][16:44:43.107]7E FF 02 FF CC BB AF 38 33 01 C5 02 26 2F 02 B2 00 49 01 10 00 01 00 02 8D DD 2E 10 01 E0 02 01 03 02 00 00 33 6E FC 9B 68 CE 72 7E
[ 21706][16:44:43.152]7E FF 02 FF CD BB 77 38 33 01 24 01 9F CE 12 B2 00 49 01 10 00 01 00 02 8D DD 2E 10 01 E0 02 01 03 03 00 00 32 7E 38 CD 0B 3A 3E 7E
[ 21707][16:44:43.167]7E FF 02 FF CE BB 83 38 33 01 5E 01 53 62 17 B2 00 49 01 54 00 01 00 01 EC A8 22 0C 10 00 00 5B 13 60 E0 00 53 0A B6 C0 00 01 00 0B 2F 01 30 0C C8 FF 00 00 D5 00 00 11 03 00 00 01 02 03 00 66 00 00 00 3B CA 66 B6 00 00 00 00 00 00 00 00 00 00 00 00 00 00 00 00 00 00 00 00 00 00 00 00 00 00 00 00 00 00 00 00 00 00 00 00 03 38 17 C5 7E
[ 21708][16:44:43.167]7E FF 02 FF CF BB 8A 38 33 01 44 00 F5 F7 19 B2 00 49 01 10 00 01 00 02 EC A8 22 10 01 C0 00 01 03 00 00 00 89 E3 B2 2C 9D 5F 88 7E
[ 21709][16:44:43.182]7E FF 02 FF D0 BB 97 38 33 01 98 01 E0 0E 1F B2 00 49 01 10 00 01 00 02 8D DD 2E 10 01 20 1E 01 03 03 00 00 05 5F 20 2E 15 90 7B 7E
[ 21710][16:44:43.227]7E FF 02 FF D1 BB 19 39 33 01 50 00 2B 5B 2A B2 00 49 00 54 00 01 00 01 EC A8 22 18 10 00 00 5B 13 60 E0 00 44 0A 7A 80 01 01 00 0B 49 00 30 0C B0 FF 00 00 D5 00 00 11 03 00 00 01 02 03 00 67 00 00 00 5E AD DA 0E 00 00 00 00 00 00 00 00 00 00 00 00 00 00 00 00 00 00 00 00 00 00 00 00 00 00 00 00 00 00 00 00 00 00 00 00 8A E3 FA AB 7E
[ 21711][16:44:43.227]7E FF 02 FF D2 BB 1F 39 33 01 3F 03 AE F3 2C B2 00 49 00 10 00 01 00 02 EC A8 22 10 01 80 01 01 03 00 00 00 D9 A9 9B C8 AC 73 5E 7E
[ 21712][16:44:43.258]7E FF 02 FF D3 BB E5 38 33 01 D6 01 5E D6 3C B2 00 49 00 10 00 01 00 03 EC A8 22 E3 01 C0 13 8D DD 2E 20 02 8F 61 92 45 28 89 DA 7E
[ 21713][16:44:44.021]7E FF 02 FF D4 BB 2D 3C 33 01 1B 02 20 21 57 B3 00 3C 02 94 00 01 00 01 EC A8 22 01 80 08 03 16 15 B6 40 00 84 79 13 10 00 88 00 03 58 02 30 3E 88 FF 00 00 D5 00 00 11 03 00 00 01 02 23 03 6A 00 28 0A 68 17 00 43 05 04 00 00 01 21 01 00 80 4A 05 01 01 00 10 02 00 00 FE 19 16 68 17 00 43 05 04 00 00 01 21 01 00 80 4A 05 01 01 40 00 02 00 00 7D 1B 16 FF 6B 69 B4 00 00 00 00 00 00 00 00 00 00 00 00 00 00 00 00 00 00 00 00 00 00 00 00 00 00 00 00 00 00 00 00 00 00 00 00 00 00 00 00 00 00 00 00 00 00 00 00 00 00 18 02 CA 83 7E
[ 21714][16:44:44.021]7E FF 02 FF D5 BB 38 3C 33 01 65 02 89 5F 5B B3 00 3C 02 10 00 01 00 02 EC A8 22 10 88 10 00 01 02 00 00 00 80 ED 9C 4A 59 3D 4A 7E
[ 21715][16:44:44.051]7E FF 02 FF D6 BB 4D 3C 33 01 13 03 9F 6D 63 B3 00 3C 02 94 00 01 00 01 EC A8 22 01 C0 06 03 16 15 B6 40 00 B5 FF 58 10 00 6C 00 03 59 02 30 3E 88 FF 00 00 D5 00 00 11 03 00 00 01 02 23 03 6B 00 28 0A 68 17 00 43 05 10 00 00 01 21 01 00 3F 90 05 01 01 00 10 02 00 00 FE 19 16 68 17 00 43 05 10 00 00 01 21 01 00 3F 90 05 01 01 40 00 02 00 00 7D 1B 16 88 92 DC 6E 00 00 00 00 00 00 00 00 00 00 00 00 00 00 00 00 00 00 00 00 00 00 00 00 00 00 00 00 00 00 00 00 00 00 00 00 00 00 00 00 00 00 00 00 00 00 00 00 00 00 20 5D 31 2D 7E
[ 21716][16:44:44.051]7E FF 02 FF D7 BB F4 3B 33 01 4C 03 03 AB 67 B3 00 3C 02 10 00 01 00 02 EC A8 22 10 6C 10 00 01 02 01 00 00 E3 05 D0 9A A9 97 A3 7E
[ 21717][16:44:44.082]7E FF 02 FF D8 BB 06 3C 33 01 E1 03 C0 91 6E B3 00 3E 02 94 00 01 00 01 EC A8 22 01 50 01 03 16 15 B6 40 00 18 9A 6B 10 00 15 00 03 5A 02 30 3E 88 FF 00 00 D5 00 00 11 03 00 00 01 02 23 03 6C 00 28 0A 68 17 00 43 05 11 00 00 01 21 01 00 EA 0F 05 01 01 00 10 02 00 00 FE 19 16 68 17 00 43 05 11 00 00 01 21 01 00 EA 0F 05 01 01 40 00 02 00 00 7D 1B 16 F2 AC 6B 5E 00 00 00 00 00 00 00 00 00 00 00 00 00 00 00 00 00 00 00 00 00 00 00 00 00 00 00 00 00 00 00 00 00 00 00 00 00 00 00 00 00 00 00 00 00 00 00 00 00 00 6B D3 B8 D1 7E
[ 21718][16:44:44.082]7E FF 02 FF D9 BB 12 3C 33 01 2C 00 CE CE 72 B3 00 3E 02 10 00 01 00 02 EC A8 22 10 15 10 00 01 02 01 00 00 B8 73 3C 92 E0 15 9E 7E
[ 21719][16:44:44.112]7E FF 02 FF DA BB 28 3C 33 01 EB 01 4A 59 7B B3 00 3B 02 94 00 01 00 01 EC A8 22 01 D0 04 03 16 15 B6 40 00 B4 AF DE 10 00 4D 00 03 5B 02 30 3E 88 FF 00 00 D5 00 00 11 03 00 00 01 02 23 03 6D 00 28 0A 68 17 00 43 05 12 00 00 01 21 01 00 84 A7 05 01 01 00 10 02 00 00 FE 19 16 68 17 00 43 05 12 00 00 01 21 01 00 84 A7 05 01 01 40 00 02 00 00 7D 1B 16 C9 02 60 DD 00 00 00 00 00 00 00 00 00 00 00 00 00 00 00 00 00 00 00 00 00 00 00 00 00 00 00 00 00 00 00 00 00 00 00 00 00 00 00 00 00 00 00 00 00 00 00 00 00 00 18 20 6E 0C 7E
[ 21720][16:44:44.112]7E FF 02 FF DB BB 97 3C 33 01 25 02 D9 96 7F B3 00 3B 02 10 00 01 00 02 EC A8 22 10 4D 10 00 01 02 01 00 00 E2 20 54 F2 F5 D7 1D 7E
[ 21721][16:44:44.142]7E FF 02 FF DC BB AC 3C 33 01 C6 00 91 71 87 B3 00 3C 01 94 00 01 00 01 EC A8 22 01 C0 00 03 16 15 B6 40 00 85 39 9E 10 00 0C 00 03 5C 02 30 3E 88 FF 00 00 D5 00 00 11 03 00 00 01 02 23 03 6E 00 28 0A 68 17 00 43 05 13 00 00 01 21 01 00 51 38 05 01 01 00 10 02 00 00 FE 19 16 68 17 00 43 05 13 00 00 01 21 01 00 51 38 05 01 01 40 00 02 00 00 7D 1B 16 6B 9A 41 EB 00 00 00 00 00 00 00 00 00 00 00 00 00 00 00 00 00 00 00 00 00 00 00 00 00 00 00 00 00 00 00 00 00 00 00 00 00 00 00 00 00 00 00 00 00 00 00 00 00 00 72 25 C7 5F 7E
[ 21722][16:44:44.142]7E FF 02 FF DD BB B7 3C 33 01 F3 00 13 AE 8B B3 00 3C 01 10 00 01 00 02 EC A8 22 10 0C 10 00 01 02 01 00 00 80 69 DC 1A 98 A1 18 7E
[ 21723][16:44:44.172]7E FF 02 FF DE BB 60 3C 33 01 2F 03 B5 D6 90 B3 00 3D 02 94 00 01 00 01 EC A8 22 01 80 01 03 16 15 B6 40 00 CF 50 B7 10 00 18 00 03 5D 02 30 3E 88 FF 00 00 D5 00 00 11 03 00 00 01 02 23 03 6F 00 28 0A 68 17 00 43 05 14 00 00 01 21 01 00 49 FF 05 01 01 00 10 02 00 00 FE 19 16 68 17 00 43 05 14 00 00 01 21 01 00 49 FF 05 01 01 40 00 02 00 00 7D 1B 16 FB F9 F9 DF 00 00 00 00 00 00 00 00 00 00 00 00 00 00 00 00 00 00 00 00 00 00 00 00 00 00 00 00 00 00 00 00 00 00 00 00 00 00 00 00 00 00 00 00 00 00 00 00 00 00 55 01 6D AE 7E
[ 21724][16:44:44.172]7E FF 02 FF DF BB 6B 3C 33 01 7E 03 40 15 95 B3 00 3D 02 10 00 01 00 02 EC A8 22 10 18 10 00 01 02 01 00 00 14 7F 8C 26 C7 A2 1B 7E
[ 21725][16:44:44.819]7E FF 02 FF E0 BB E4 3E 33 01 0F 01 A2 4B 86 B4 00 49 00 94 00 01 00 01 EC A8 22 0C 10 00 00 16 15 B6 40 00 9E EB 75 C0 00 01 00 0B 30 01 30 42 C8 FF 00 00 D5 00 00 11 03 00 00 01 02 63 03 6E 00 01 00 68 34 00 83 05 13 00 00 01 21 01 00 DC 06 85 01 01 00 10 02 00 01 01 05 06 00 00 02 00 06 00 00 02 00 06 00 00 02 00 06 00 00 02 00 06 00 00 02 00 00 00 C2 92 16 B3 18 E9 4C 00 00 00 00 00 00 00 00 00 00 00 00 00 00 00 00 00 00 00 00 00 00 00 00 00 00 00 00 00 00 00 00 00 00 00 00 00 00 00 00 00 00 00 00 00 00 8B 10 C0 99 7E
[ 21726][16:44:44.819]7E FF 02 FF E1 BB 53 3F 33 01 51 02 57 A2 8A B4 00 49 00 10 00 01 00 02 EC A8 22 10 01 C0 00 01 03 00 00 00 89 E3 B2 60 FE 22 5E 7E
[ 21727][16:44:44.834]7E FF 02 FF E2 BB 55 3F 33 01 18 03 73 75 8B B4 00 49 00 94 00 01 00 01 EC A8 22 6C 10 00 00 16 15 B6 40 00 F2 EB 45 C0 06 01 00 0C DB 00 30 42 C8 FF 00 00 D5 00 00 11 03 00 00 01 02 63 03 6B 00 01 00 68 34 00 83 05 10 00 00 01 21 01 00 B2 AE 85 01 01 00 10 02 00 01 01 05 06 00 00 02 00 06 00 00 02 00 06 00 00 02 00 06 00 00 02 00 06 00 00 02 00 00 00 C2 92 16 53 2B 03 8D 00 00 00 00 00 00 00 00 00 00 00 00 00 00 00 00 00 00 00 00 00 00 00 00 00 00 00 00 00 00 00 00 00 00 00 00 00 00 00 00 00 00 00 00 00 00 A1 6C 0D 10 7E
[ 21728][16:44:44.834]7E FF 02 FF E3 BB 60 3F 33 01 E7 03 83 C0 8F B4 00 49 00 10 00 01 00 02 EC A8 22 10 01 C0 06 01 01 00 00 00 28 52 F0 7B E6 03 23 7E
[ 21729][16:44:44.879]7E FF 02 FF E4 BB 74 3F 33 01 34 01 FE 1A 97 B4 00 49 01 14 01 01 00 01 EC A8 22 2A F0 FF 00 34 18 60 C3 00 2B E4 DF A0 02 FF 2F 01 4A 00 00 CB C0 11 00 00 D5 00 00 08 00 00 00 2A 10 00 11 01 12 01 00 00 07 00 00 90 98 01 63 03 03 57 64 90 00 08 02 47 01 13 00 4F 00 00 00 01 30 19 00 FE FF FD FF FF FB FF FF FF FF FF FF FF FF FF FF FF FF 07 13 13 09 08 07 08 05 0B 12 09 09 0A 06 0A 08 08 09 09 07 09 07 08 07 0A 09 08 07 0D 09 06 07 09 08 12 11 09 07 09 09 06 09 08 09 09 09 08 08 09 08 08 0A 0A 08 0A 09 0A 0A 0A 10 08 09 06 06 06 06 05 06 06 06 06 06 06 06 06 05 06 06 06 06 06 06 06 06 05 06 06 05 05 06 06 06 06 06 06 06 05 06 06 06 05 06 06 06 05 05 05 06 06 06 05 06 06 06 06 05 05 06 06 06 06 06 05 04 06 06 06 06 05 05 06 05 03 05 04 05 04 05 05 05 04 03 04 04 00 A3 63 71 88 00 00 00 00 00 00 00 00 00 00 00 00 00 00 00 00 00 00 00 00 00 00 00 00 00 00 00 00 00 00 00 00 00 00 00 00 00 F2 1A C0 D9 7E
[ 21730][16:44:44.894]7E FF 02 FF E5 BB 28 3F 33 01 D9 03 FF 80 A0 B4 00 49 00 94 00 01 00 01 EC A8 22 15 10 00 00 16 15 B6 40 00 85 EB ED 50 01 01 00 0A 35 00 30 42 98 FF 00 00 D5 00 00 11 03 00 00 01 02 63 03 6C 00 01 00 68 34 00 83 05 11 00 00 01 21 01 00 67 31 85 01 01 00 10 02 00 01 01 05 06 00 00 02 00 06 00 00 02 00 06 00 00 02 00 06 00 00 02 00 06 00 00 02 00 00 00 C2 92 16 78 A1 09 9B 00 00 00 00 00 00 00 00 00 00 00 00 00 00 00 00 00 00 00 00 00 00 00 00 00 00 00 00 00 00 00 00 00 00 00 00 00 00 00 00 00 00 00 00 00 00 A6 8E EC 2A 7E
[ 21731][16:44:44.894]7E FF 02 FF E6 BB 34 3F 33 01 CD 00 47 CF A4 B4 00 49 00 10 00 01 00 02 EC A8 22 10 01 50 01 01 02 00 00 00 7D 3F 81 A2 A5 D6 72 7E
[ 21732][16:44:44.909]7E FF 02 FF E7 BB 36 3F 33 01 23 02 9E B0 A5 B4 00 49 00 94 00 01 00 01 EC A8 22 4D 10 00 00 16 15 B6 40 00 D6 EB C1 D0 04 01 00 0C C5 00 30 42 E8 FF 00 00 D5 00 00 11 03 00 00 01 02 63 03 6D 00 01 00 68 34 00 83 05 12 00 00 01 21 01 00 09 99 85 01 01 00 10 02 00 01 01 05 06 00 00 02 00 06 00 00 02 00 06 00 00 02 00 06 00 00 02 00 06 00 00 02 00 00 00 C2 92 16 95 AA 8E AA 00 00 00 00 00 00 00 00 00 00 00 00 00 00 00 00 00 00 00 00 00 00 00 00 00 00 00 00 00 00 00 00 00 00 00 00 00 00 00 00 00 00 00 00 00 00 06 26 B2 8E 7E
[ 21733][16:44:44.909]7E FF 02 FF E8 BB 41 3F 33 01 A1 03 42 0B AA B4 00 49 00 10 00 01 00 02 EC A8 22 10 01 D0 04 01 01 00 00 00 2C 52 B0 3D 5C FA C8 7E
[ 21734][16:44:44.924]7E FF 02 FF E9 BB B6 3F 33 01 4D 03 E8 78 B0 B4 00 49 00 94 00 01 00 01 EC A8 22 88 10 00 00 16 15 B6 44 00 1A E9 75 80 08 01 00 0C A5 00 30 42 A0 FF 00 00 D5 00 00 11 03 00 00 01 02 63 03 6A 00 01 00 68 34 00 83 05 04 00 00 01 21 01 00 0D 74 85 01 01 00 10 02 00 01 01 05 06 00 00 02 00 06 00 00 02 00 06 00 00 02 00 06 00 00 02 00 06 00 00 02 00 00 00 C2 92 16 7A B7 CC 0D 00 00 00 00 00 00 00 00 00 00 00 00 00 00 00 00 00 00 00 00 00 00 00 00 00 00 00 00 00 00 00 00 00 00 00 00 00 00 00 00 00 00 00 00 00 00 B4 D7 3D 13 7E
[ 21735][16:44:44.939]7E FF 02 FF EA BB C2 3F 33 01 DF 00 74 D6 B4 B4 00 49 00 10 00 01 00 02 EC A8 22 10 01 80 08 01 02 00 00 00 8B A3 BA 6F D4 86 BB 7E
[ 21736][16:44:44.969]7E FF 02 FF EB BB 7C 3F 33 01 36 00 15 31 C0 B4 00 3F 02 94 00 01 00 01 EC A8 22 01 70 00 03 16 15 B6 40 00 31 9F 4E 10 00 07 00 03 5E 02 30 3E 88 FF 00 00 D5 00 00 11 03 00 00 01 02 23 03 70 00 28 0A 68 17 00 43 05 17 00 00 01 21 01 00 27 57 05 01 01 00 10 02 00 00 FE 19 16 68 17 00 43 05 17 00 00 01 21 01 00 27 57 05 01 01 40 00 02 00 00 7D 1B 16 A4 74 58 4E 00 00 00 00 00 00 00 00 00 00 00 00 00 00 00 00 00 00 00 00 00 00 00 00 00 00 00 00 00 00 00 00 00 00 00 00 00 00 00 00 00 00 00 00 00 00 00 00 00 00 8A 40 78 90 7E
[ 21737][16:44:44.969]7E FF 02 FF EC BB 87 3F 33 01 80 00 9A 70 C4 B4 00 3F 02 10 00 01 00 02 EC A8 22 10 07 10 00 01 02 00 00 00 EB 73 B0 8F 35 5F 0C 7E
[ 21738][16:44:45.017]7E FF 02 FF ED BB A9 3F 33 01 B5 02 9D 9A D1 B4 00 3F 02 94 00 01 00 01 EC A8 22 01 10 03 03 16 15 B6 40 00 4A 90 21 10 00 31 00 03 5F 02 30 3E 88 FF 00 00 D5 00 00 11 03 00 00 01 02 23 03 71 00 28 0A 68 17 00 43 05 18 00 00 01 21 01 00 D3 4E 05 01 01 00 10 02 00 00 FE 19 16 68 17 00 43 05 18 00 00 01 21 01 00 D3 4E 05 01 01 40 00 02 00 00 7D 1B 16 23 8A F6 CE 00 00 00 00 00 00 00 00 00 00 00 00 00 00 00 00 00 00 00 00 00 00 00 00 00 00 00 00 00 00 00 00 00 00 00 00 00 00 00 00 00 00 00 00 00 00 00 00 00 00 12 B5 6A 28 7E
[ 21739][16:44:45.017]7E FF 02 FF EE BB 18 40 33 01 FE 02 5B D9 D5 B4 00 3F 02 10 00 01 00 02 EC A8 22 10 31 10 00 01 03 01 00 00 0D 13 28 D8 AC D0 B1 7E
[ 21740][16:44:45.048]7E FF 02 FF EF BB 2F 40 33 01 4D 02 E1 88 DE B4 00 3D 02 94 00 01 00 01 EC A8 22 01 90 00 03 16 15 B6 40 00 D6 63 52 10 00 09 00 03 60 02 30 3E 88 FF 00 00 D5 00 00 11 03 00 00 01 02 23 03 72 00 28 0A 68 17 00 43 05 19 00 00 01 21 01 00 06 D1 05 01 01 00 10 02 00 00 FE 19 16 68 17 00 43 05 19 00 00 01 21 01 00 06 D1 05 01 01 40 00 02 00 00 7D 1B 16 81 12 D7 F8 00 00 00 00 00 00 00 00 00 00 00 00 00 00 00 00 00 00 00 00 00 00 00 00 00 00 00 00 00 00 00 00 00 00 00 00 00 00 00 00 00 00 00 00 00 00 00 00 00 00 AA 32 1C 1D 7E
[ 21741][16:44:45.048]7E FF 02 FF F0 BB 3A 40 33 01 81 02 C6 C5 E2 B4 00 3D 02 10 00 01 00 02 EC A8 22 10 09 10 00 01 03 00 00 00 35 3C 88 F5 25 E1 CE 7E
[ 21742][16:44:45.077]7E FF 02 FF F1 BB DF 3F 33 01 AC 00 30 02 E6 B4 00 49 00 14 01 01 00 01 EC A8 22 28 F0 FF 00 34 18 60 C3 00 28 E4 7B 80 02 FF 2F 01 59 00 00 C8 F0 11 00 00 D5 00 00 08 00 00 00 28 10 00 11 01 12 01 00 00 19 00 00 90 98 01 63 03 02 4D 64 8F 00 09 01 48 01 13 00 4C 00 00 00 01 30 FE FF FD FF FF FE FF FF FF FF FF FF FF EF FF FF FF FF 07 13 13 09 08 07 08 01 0B 12 09 09 0A 06 0A 08 08 09 09 07 09 07 08 01 0A 09 08 07 0D 09 06 07 09 08 12 11 09 07 09 06 07 09 08 09 09 09 08 08 09 08 08 0A 0A 08 0A 09 0A 0A 0A 10 08 09 06 06 06 06 05 06 06 06 06 06 06 06 06 01 06 06 06 06 06 06 06 06 05 06 06 05 05 06 06 06 06 06 06 06 05 06 06 06 05 06 06 06 05 05 06 06 06 05 06 06 06 06 05 05 06 06 06 06 06 05 04 06 06 06 06 05 05 06 05 03 05 04 05 04 04 05 05 04 03 04 04 00 F0 9E DA 02 00 00 00 00 00 00 00 00 00 00 00 00 00 00 00 00 00 00 00 00 00 00 00 00 00 00 00 00 00 00 00 00 00 00 00 00 00 00 00 00 C7 26 30 B7 7E
[ 21743][16:44:45.093]7E FF 02 FF F2 BB FB 3F 33 01 D5 01 1A CC F0 B4 00 3E 03 94 00 01 00 01 EC A8 22 01 E0 01 03 16 15 B6 40 00 AC 3C BB 10 00 1E 00 03 61 02 30 3E 88 FF 00 00 D5 00 00 11 03 00 00 01 02 23 03 73 00 28 0A 68 17 00 43 05 20 00 00 01 21 01 00 75 46 05 01 01 00 10 02 00 00 FE 19 16 68 17 00 43 05 20 00 00 01 21 01 00 75 46 05 01 01 40 00 02 00 00 7D 1B 16 E3 42 B0 13 00 00 00 00 00 00 00 00 00 00 00 00 00 00 00 00 00 00 00 00 00 00 00 00 00 00 00 00 00 00 00 00 00 00 00 00 00 00 00 00 00 00 00 00 00 00 00 00 00 00 E1 39 2E 56 7E
[ 21744][16:44:45.124]7E FF 02 FF F3 BB 06 40 33 01 27 02 20 0D F5 B4 00 3E 03 10 00 01 00 02 EC A8 22 10 1E 10 00 01 03 01 00 00 C3 39 10 16 F2 55 CA 7E
[ 21745][16:44:45.124]7E FF 02 FF F4 BB 76 40 33 01 E9 02 95 AD F9 B4 00 3F 02 94 00 01 00 01 EC A8 22 01 C0 08 03 16 15 B6 40 00 C6 31 1B 10 00 8C 00 03 62 02 30 3E 88 FF 00 00 D5 00 00 11 03 00 00 01 02 23 03 74 00 28 0A 68 17 00 43 05 01 00 00 01 22 01 00 47 55 05 01 01 00 10 02 00 00 FE 19 16 68 17 00 43 05 01 00 00 01 22 01 00 47 55 05 01 01 40 00 02 00 00 7D 1B 16 EA F2 E5 93 00 00 00 00 00 00 00 00 00 00 00 00 00 00 00 00 00 00 00 00 00 00 00 00 00 00 00 00 00 00 00 00 00 00 00 00 00 00 00 00 00 00 00 00 00 00 00 00 00 00 7B 73 DE 41 7E
[ 21746][16:44:45.124]7E FF 02 FF F5 BB 81 40 33 01 13 03 05 E9 FD B4 00 3F 02 10 00 01 00 02 EC A8 22 10 8C 10 00 01 02 02 00 00 04 C9 0C 08 BD AB 33 7E
[ 21747][16:44:45.139]7E FF 02 FF F6 BB 8A 40 33 01 D2 02 A3 4D 01 B5 00 3F 02 94 00 01 00 01 EC A8 22 01 70 02 03 16 15 B6 40 00 21 DD 0C 10 00 27 00 03 63 02 30 3E 88 FF 00 00 D5 00 00 11 03 00 00 01 02 23 03 75 00 28 0A 68 17 00 43 05 02 00 00 01 22 01 00 29 FD 05 01 01 00 10 02 00 00 FE 19 16 68 17 00 43 05 02 00 00 01 22 01 00 29 FD 05 01 01 40 00 02 00 00 7D 1B 16 D1 5C EE 10 00 00 00 00 00 00 00 00 00 00 00 00 00 00 00 00 00 00 00 00 00 00 00 00 00 00 00 00 00 00 00 00 00 00 00 00 00 00 00 00 00 00 00 00 00 00 00 00 00 00 54 CF 30 AA 7E
[ 21748][16:44:45.139]7E FF 02 FF F7 BB 95 40 33 01 E1 02 F8 85 05 B5 00 3F 02 10 00 01 00 02 EC A8 22 10 27 10 00 01 00 02 00 00 EA F7 34 BE 2D B5 70 7E
[ 21749][16:44:45.139]7E FF 02 FF F8 BB 47 40 33 01 87 01 5B C8 0D B5 00 3F 02 10 00 01 00 03 EC A8 22 E3 01 5E 0C 8D DD 2E 20 02 9F C4 A0 38 A9 53 0C 7E
[ 21750][16:44:45.334]7E FF 02 FF F9 BB 50 41 33 01 71 00 AF 98 4C B5 00 3B 02 94 00 01 00 01 EC A8 22 01 D0 00 03 16 15 B6 40 00 94 2B 5A 10 00 0D 00 03 64 02 30 3E 88 FF 00 00 D5 00 00 11 03 00 00 01 02 23 03 68 00 28 0A 68 17 00 43 05 15 00 00 01 21 01 00 9C 60 05 01 01 00 10 02 00 00 FE 19 16 68 17 00 43 05 15 00 00 01 21 01 00 9C 60 05 01 01 40 00 02 00 00 7D 1B 16 81 C7 4E EF 00 00 00 00 00 00 00 00 00 00 00 00 00 00 00 00 00 00 00 00 00 00 00 00 00 00 00 00 00 00 00 00 00 00 00 00 00 00 00 00 00 00 00 00 00 00 00 00 00 00 4A 76 DE 54 7E
[ 21751][16:44:45.334]7E FF 02 FF FA BB 5B 41 33 01 95 00 11 D4 50 B5 00 3B 02 10 00 01 00 02 EC A8 22 10 0D 10 00 01 02 01 00 00 A0 68 5C 00 6C 5A 43 7E
[ 21752][16:44:45.349]7E FF 02 FF FB BB 64 41 33 01 77 01 11 54 54 B5 00 3A 02 94 00 01 00 01 EC A8 22 01 20 03 03 16 15 B6 40 00 7A A6 E1 10 00 32 00 03 65 02 30 3E 88 FF 00 00 D5 00 00 11 03 00 00 01 02 23 03 69 00 28 0A 68 17 00 43 05 16 00 00 01 21 01 00 F2 C8 05 01 01 00 10 02 00 00 FE 19 16 68 17 00 43 05 16 00 00 01 21 01 00 F2 C8 05 01 01 40 00 02 00 00 7D 1B 16 BA 69 45 6C 00 00 00 00 00 00 00 00 00 00 00 00 00 00 00 00 00 00 00 00 00 00 00 00 00 00 00 00 00 00 00 00 00 00 00 00 00 00 00 00 00 00 00 00 00 00 00 00 00 00 28 9E 48 47 7E
[ 21753][16:44:45.349]7E FF 02 FF FC BB 0B 41 33 01 AE 01 B6 90 58 B5 00 3A 02 10 00 01 00 02 EC A8 22 10 32 10 00 01 02 00 00 00 7E 40 64 9D DD F4 7F 7E
[ 21754][16:44:46.771]7E FF 02 FF FD BB 90 46 33 01 E8 02 59 B0 73 B7 00 49 00 94 00 01 00 01 8D DD 2E 01 70 08 00 16 15 B6 44 00 90 11 20 10 00 87 00 0A 07 40 00 34 88 FF 00 00 2A 00 00 01 00 00 00 00 19 01 15 00 34 00 00 05 46 46 54 01 00 00 50 87 00 01 01 2B A3 38 29 00 7D 00 00 A9 00 00 00 01 00 00 00 00 00 00 00 00 00 00 00 00 00 00 00 EC 92 49 8D 00 00 00 00 00 00 00 00 00 00 00 00 00 00 00 00 00 00 00 00 00 00 00 00 00 00 00 00 00 00 00 00 00 00 00 00 00 00 00 00 00 00 00 00 00 00 00 00 00 00 00 00 00 00 00 00 00 00 00 00 A0 36 6D 42 7E
[ 21755][16:44:47.055]7E FF 02 FF FE BB AE 47 33 01 3F 02 9C B8 E0 B7 00 49 00 54 00 01 00 01 EC A8 22 0D 10 00 00 5B 13 60 E0 00 53 0A 22 D0 00 01 00 0C FC 00 30 0C 88 FF 00 00 D5 00 00 11 03 00 00 01 02 03 00 68 00 00 00 08 BD B9 56 00 00 00 00 00 00 00 00 00 00 00 00 00 00 00 00 00 00 00 00 00 00 00 00 00 00 00 00 00 00 00 00 00 00 00 00 2A D8 26 64 7E
[ 21756][16:44:47.055]7E FF 02 FF FF BB B5 47 33 01 31 01 3E 4E E3 B7 00 49 00 10 00 01 00 02 EC A8 22 10 01 D0 00 01 03 00 00 00 0C F3 34 B8 E6 2E AE 7E
[ 21757][16:44:47.055]7E FF 02 FF 00 BC B9 47 33 01 1C 00 E7 BB E4 B7 00 49 00 10 00 01 00 03 EC A8 22 E3 01 EC 04 8D DD 2E 20 02 20 71 70 EB 20 C2 37 7E
[ 21758][16:44:47.130]7E FF 02 FF 01 BC 5C 48 33 01 85 03 F9 11 FD B7 00 49 00 54 00 01 00 01 EC A8 22 32 10 00 00 5B 13 60 E0 00 6A 0A CA 20 03 01 00 0A 21 00 30 0C E8 FF 00 00 D5 00 00 11 03 00 00 01 02 03 00 69 00 00 00 6D DA 05 EE 00 00 00 00 00 00 00 00 00 00 00 00 00 00 00 00 00 00 00 00 00 00 00 00 00 00 00 00 00 00 00 00 00 00 00 00 C6 1E D7 72 7E
[ 21759][16:44:47.130]7E FF 02 FF 02 BC 63 48 33 01 C1 02 D1 AF FF B7 00 49 00 10 00 01 00 02 EC A8 22 10 01 20 03 01 00 00 00 00 40 DC 49 3A 54 73 28 7E
[ 21760][16:44:47.683]7E FF 02 FF 03 BC 33 4A 33 01 F5 00 B4 AA D6 B8 00 49 00 10 00 01 00 02 8D DD 2E 10 01 70 00 01 03 05 00 00 14 9A E0 95 AF D2 41 7E
[ 21761][16:44:48.356]7E FF 02 FF 04 BC 18 4D 33 01 09 01 A1 2B CB B9 00 3B 02 15 01 01 00 00 EC A8 22 DD 9F 47 F6 01 B0 B0 02 00 60 DA 13 CA D5 00 00 90 98 01 63 27 01 00 00 20 02 00 00 00 00 00 00 05 00 0F 01 00 00 64 00 00 90 98 01 63 04 00 00 01 0A 90 01 1C 01 3C 00 3C 00 06 0A 07 08 00 00 5D 11 42 F6 C0 47 00 12 33 00 05 17 32 00 00 00 00 E9 20 46 F6 1D 27 00 00 17 00 02 10 09 10 23 10 24 10 3D 10 85 00 87 00 89 00 8A 00 8D 00 82 00 8C 00 8E 00 88 00 7D 00 86 00 8B 00 8F 80 70 17 00 01 F4 01 00 02 B8 0B 00 03 03 04 5A 05 64 F6 7B 00 7C 00 7E 00 7F 00 80 00 81 00 83 00 84 00 85 00 87 00 89 00 8A 00 8D 00 82 00 8C 00 8E 00 88 00 7D 00 86 00 8B 00 8F 00 90 00 91 00 17 00 1D 00 2C 00 2A 00 1B 00 08 00 0C 00 06 80 04 29 00 01 F4 01 00 02 C4 09 00 03 03 04 32 05 57 00 58 00 59 00 5A 00 5B 00 5C 00 5D 00 5E 00 5F 00 60 00 61 00 62 00 63 00 64 00 65 80 1C 25 00 01 F4 01 00 02 DC 05 00 03 03 04 32 05 5E 87 D1 E0 D4 EC 06 A9 7E
[ 21762][16:44:48.386]7E FF 02 FF 05 BC C9 4C 33 01 BE 01 05 3F D3 B9 00 3D 02 15 01 01 00 00 EC A8 22 3F B3 4F F6 01 B0 B0 04 00 69 F8 76 CA D5 00 00 90 98 01 63 27 01 00 00 20 02 00 00 00 00 00 00 05 00 0F 01 00 00 64 00 00 90 98 01 63 04 00 00 01 0A 90 01 1C 01 3C 00 3C 00 06 0A 07 08 00 00 5D 11 42 F6 C0 47 00 12 33 00 05 17 32 00 00 00 00 E9 20 46 F6 1D 27 00 00 17 00 02 10 09 10 23 10 24 10 3D 10 85 00 87 00 89 00 8A 00 8D 00 82 00 8C 00 8E 00 88 00 7D 00 86 00 8B 00 8F 80 70 17 00 01 F4 01 00 02 B8 0B 00 03 03 04 5A 05 64 F6 7B 00 7C 00 7E 00 7F 00 80 00 81 00 83 00 84 00 85 00 87 00 89 00 8A 00 8D 00 82 00 8C 00 8E 00 88 00 7D 00 86 00 8B 00 8F 00 90 00 91 00 17 00 1D 00 2C 00 2A 00 1B 00 08 00 0C 00 06 80 04 29 00 01 F4 01 00 02 C4 09 00 03 03 04 32 05 57 00 58 00 59 00 5A 00 5B 00 5C 00 5D 00 5E 00 5F 00 60 00 61 00 62 00 63 00 64 00 65 80 1C 25 00 01 F4 01 00 02 DC 05 00 03 03 04 32 05 5E 87 D1 E0 F8 09 16 8D 7E
[ 21763][16:44:48.416]7E FF 02 FF 06 BC E0 4C 33 01 C2 01 95 05 DC B9 00 3F 02 15 01 01 00 00 EC A8 22 CF 79 58 F6 01 B0 B0 06 00 BF DD DB CA D5 00 00 90 98 01 63 27 01 00 00 20 02 00 00 00 00 00 00 05 00 0F 01 00 00 64 00 00 90 98 01 63 04 00 00 01 0A 90 01 1C 01 3C 00 3C 00 06 0A 07 08 00 00 5D 11 42 F6 C0 47 00 12 33 00 05 17 32 00 00 00 00 E9 20 46 F6 1D 27 00 00 17 00 02 10 09 10 23 10 24 10 3D 10 85 00 87 00 89 00 8A 00 8D 00 82 00 8C 00 8E 00 88 00 7D 00 86 00 8B 00 8F 80 70 17 00 01 F4 01 00 02 B8 0B 00 03 03 04 5A 05 64 F6 7B 00 7C 00 7E 00 7F 00 80 00 81 00 83 00 84 00 85 00 87 00 89 00 8A 00 8D 00 82 00 8C 00 8E 00 88 00 7D 00 86 00 8B 00 8F 00 90 00 91 00 17 00 1D 00 2C 00 2A 00 1B 00 08 00 0C 00 06 80 04 29 00 01 F4 01 00 02 C4 09 00 03 03 04 32 05 57 00 58 00 59 00 5A 00 5B 00 5C 00 5D 00 5E 00 5F 00 60 00 61 00 62 00 63 00 64 00 65 80 1C 25 00 01 F4 01 00 02 DC 05 00 03 03 04 32 05 5E 87 D1 E0 BE B8 98 AC 7E
[ 21764][16:44:48.446]7E FF 02 FF 07 BC 71 4D 33 01 92 01 3F 2C ED B9 00 49 00 15 01 01 00 00 EC A8 22 B9 A1 69 F6 09 B0 B0 06 00 9D 0C 9E C9 D5 00 00 90 98 01 63 27 01 00 00 20 02 00 00 00 00 00 00 05 00 0F 09 10 00 4F 01 21 01 00 00 19 12 02 03 01 0A 90 01 1C 01 3C 00 3C 00 06 0A 07 08 00 00 5D 11 42 F6 C0 47 00 12 33 00 05 17 32 00 00 00 00 E9 20 46 F6 1D 27 00 00 17 00 02 10 09 10 23 10 24 10 3D 10 85 00 87 00 89 00 8A 00 8D 00 82 00 8C 00 8E 00 88 00 7D 00 86 00 8B 00 8F 80 70 17 00 01 F4 01 00 02 B8 0B 00 03 03 04 5A 05 98 42 7B 00 7C 00 7E 00 7F 00 80 00 81 00 83 00 84 00 85 00 87 00 89 00 8A 00 8D 00 82 00 8C 00 8E 00 88 00 7D 00 86 00 8B 00 8F 00 90 00 91 00 17 00 1D 00 2C 00 2A 00 1B 00 08 00 0C 00 06 80 04 29 00 01 F4 01 00 02 C4 09 00 03 03 04 32 05 57 00 58 00 59 00 5A 00 5B 00 5C 00 5D 00 5E 00 5F 00 60 00 61 00 62 00 63 00 64 00 65 80 1C 25 00 01 F4 01 00 02 DC 05 00 03 03 04 32 05 62 86 A4 E8 F4 22 55 1B 7E
[ 21765][16:44:48.537]7E FF 02 FF 08 BC CD 4D 33 01 7E 01 2A 43 10 BA 00 49 01 15 01 01 00 00 EC A8 22 1D BA 8C F6 85 B0 B0 06 00 4F 75 BC C8 D5 00 00 90 98 01 63 27 01 00 00 20 02 00 00 00 00 00 00 05 00 0F 85 20 00 28 01 21 01 00 00 06 21 03 03 01 0A 90 01 1C 01 3C 00 3C 00 06 0A 07 08 00 00 5D 11 42 F6 C0 23 00 12 33 00 05 17 32 00 00 00 00 E9 20 46 F6 1D 27 00 00 17 00 70 17 00 01 F4 01 00 02 B8 0B 00 03 03 04 5A 05 8A 00 8D 00 82 00 8C 00 8E 00 88 00 7D 00 86 00 8B 00 8F 80 70 17 00 01 F4 01 00 02 B8 0B 00 03 03 04 5A 05 99 87 7B 00 7C 00 7E 00 7F 00 80 00 81 00 83 00 84 00 85 00 87 00 89 00 8A 00 8D 00 82 00 8C 00 8E 00 88 00 7D 00 86 00 8B 00 8F 00 90 00 91 00 17 00 1D 00 2C 00 2A 00 1B 00 08 00 0C 00 06 80 04 29 00 01 F4 01 00 02 C4 09 00 03 03 04 32 05 57 00 58 00 59 00 5A 00 5B 00 5C 00 5D 00 5E 00 5F 00 60 00 61 00 62 00 63 00 64 00 65 80 1C 25 00 01 F4 01 00 02 DC 05 00 03 03 04 32 05 48 A1 D3 8E A5 8E 31 13 7E
[ 21766][16:44:48.657]7E FF 02 FF 09 BC 40 4E 33 01 31 02 76 31 3C BA 00 49 00 15 01 01 00 00 EC A8 22 FB A6 B8 F6 82 B0 B0 04 00 4D 1F 67 C8 D5 00 00 90 98 01 63 27 01 00 00 20 02 00 00 00 00 00 00 05 00 0F 82 10 00 40 01 21 01 00 00 02 11 02 02 01 0A 90 01 1C 01 3C 00 3C 00 06 0A 07 08 00 00 5D 11 42 F6 C0 23 00 12 33 00 05 17 32 00 00 00 00 E9 20 46 F6 1D 27 00 00 17 00 70 17 00 01 F4 01 00 02 B8 0B 00 03 03 04 5A 05 8A 00 8D 00 82 00 8C 00 8E 00 88 00 7D 00 86 00 8B 00 8F 80 70 17 00 01 F4 01 00 02 B8 0B 00 03 03 04 5A 05 5A 3D 7B 00 7C 00 7E 00 7F 00 80 00 81 00 83 00 84 00 85 00 87 00 89 00 8A 00 8D 00 82 00 8C 00 8E 00 88 00 7D 00 86 00 8B 00 8F 00 90 00 91 00 17 00 1D 00 2C 00 2A 00 1B 00 08 00 0C 00 06 80 04 29 00 01 F4 01 00 02 C4 09 00 03 03 04 32 05 57 00 58 00 59 00 5A 00 5B 00 5C 00 5D 00 5E 00 5F 00 60 00 61 00 62 00 63 00 64 00 65 80 1C 25 00 01 F4 01 00 02 DC 05 00 03 03 04 32 05 8D 8E 16 B9 93 8B F5 A2 7E
[ 21767][16:44:48.686]7E FF 02 FF 0A BC F3 4D 33 01 8A 01 66 E7 44 BA 00 49 01 15 01 01 00 00 EC A8 22 E1 5C C1 F6 8C B0 B0 06 00 B6 22 E6 C8 D5 00 00 90 98 01 63 27 01 00 00 20 02 00 00 00 00 00 00 05 00 0F 8C 10 00 4A 01 22 01 00 00 01 11 02 03 01 0A 90 01 1C 01 3C 00 3C 00 06 0A 07 08 00 00 5D 11 42 F6 C0 23 00 12 33 00 05 17 32 00 00 00 00 E9 20 46 F6 1D 27 00 00 17 00 70 17 00 01 F4 01 00 02 B8 0B 00 03 03 04 5A 05 8A 00 8D 00 82 00 8C 00 8E 00 88 00 7D 00 86 00 8B 00 8F 80 70 17 00 01 F4 01 00 02 B8 0B 00 03 03 04 5A 05 F9 4E 7B 00 7C 00 7E 00 7F 00 80 00 81 00 83 00 84 00 85 00 87 00 89 00 8A 00 8D 00 82 00 8C 00 8E 00 88 00 7D 00 86 00 8B 00 8F 00 90 00 91 00 17 00 1D 00 2C 00 2A 00 1B 00 08 00 0C 00 06 80 04 29 00 01 F4 01 00 02 C4 09 00 03 03 04 32 05 57 00 58 00 59 00 5A 00 5B 00 5C 00 5D 00 5E 00 5F 00 60 00 61 00 62 00 63 00 64 00 65 80 1C 25 00 01 F4 01 00 02 DC 05 00 03 03 04 32 05 9C F0 8D 05 22 9C 3E 77 7E
[ 21768][16:44:48.731]7E FF 02 FF 0B BC 85 4E 33 01 8F 01 45 75 56 BA 00 49 00 15 01 01 00 00 EC A8 22 CA EA D2 F6 88 B0 B0 06 00 77 F0 CE C8 D5 00 00 90 98 01 63 27 01 00 00 20 02 00 00 00 00 00 00 05 00 0F 88 10 00 34 01 21 01 00 00 04 11 02 03 01 0A 90 01 1C 01 3C 00 3C 00 06 0A 07 08 00 00 5D 11 42 F6 C0 23 00 12 33 00 05 17 32 00 00 00 00 E9 20 46 F6 1D 27 00 00 17 00 70 17 00 01 F4 01 00 02 B8 0B 00 03 03 04 5A 05 8A 00 8D 00 82 00 8C 00 8E 00 88 00 7D 00 86 00 8B 00 8F 80 70 17 00 01 F4 01 00 02 B8 0B 00 03 03 04 5A 05 CA C1 7B 00 7C 00 7E 00 7F 00 80 00 81 00 83 00 84 00 85 00 87 00 89 00 8A 00 8D 00 82 00 8C 00 8E 00 88 00 7D 00 86 00 8B 00 8F 00 90 00 91 00 17 00 1D 00 2C 00 2A 00 1B 00 08 00 0C 00 06 80 04 29 00 01 F4 01 00 02 C4 09 00 03 03 04 32 05 57 00 58 00 59 00 5A 00 5B 00 5C 00 5D 00 5E 00 5F 00 60 00 61 00 62 00 63 00 64 00 65 80 1C 25 00 01 F4 01 00 02 DC 05 00 03 03 04 32 05 AC D7 B4 0D FB 25 B5 7E 7E
[ 21769][16:44:48.777]7E FF 02 FF 0C BC B3 4E 33 01 9F 01 74 02 68 BA 00 49 01 15 01 01 00 00 EC A8 22 FB 77 E4 F6 86 B0 B0 06 00 44 0A 95 C8 D5 00 00 90 98 01 63 27 01 00 00 20 02 00 00 00 00 00 00 05 00 0F 86 10 00 34 01 21 01 00 00 03 11 02 03 01 0A 90 01 1C 01 3C 00 3C 00 06 0A 07 08 00 00 5D 11 42 F6 C0 23 00 12 33 00 05 17 32 00 00 00 00 E9 20 46 F6 1D 27 00 00 17 00 70 17 00 01 F4 01 00 02 B8 0B 00 03 03 04 5A 05 8A 00 8D 00 82 00 8C 00 8E 00 88 00 7D 00 86 00 8B 00 8F 80 70 17 00 01 F4 01 00 02 B8 0B 00 03 03 04 5A 05 77 8D 7B 00 7C 00 7E 00 7F 00 80 00 81 00 83 00 84 00 85 00 87 00 89 00 8A 00 8D 00 82 00 8C 00 8E 00 88 00 7D 00 86 00 8B 00 8F 00 90 00 91 00 17 00 1D 00 2C 00 2A 00 1B 00 08 00 0C 00 06 80 04 29 00 01 F4 01 00 02 C4 09 00 03 03 04 32 05 57 00 58 00 59 00 5A 00 5B 00 5C 00 5D 00 5E 00 5F 00 60 00 61 00 62 00 63 00 64 00 65 80 1C 25 00 01 F4 01 00 02 DC 05 00 03 03 04 32 05 9C 06 D2 AF 1C 72 69 47 7E
[ 21770][16:44:48.881]7E FF 02 FF 0D BC 12 4F 33 01 E5 01 67 45 8C BA 00 49 00 14 01 01 00 01 EC A8 22 27 F0 FF 00 34 18 60 C3 00 27 E4 8B 70 02 FF 2F 01 BD 00 00 C9 B8 11 03 00 D5 00 00 08 00 00 00 27 10 00 11 01 22 01 00 00 02 00 00 90 98 01 63 02 01 4D 64 90 00 09 01 47 01 13 00 48 00 00 00 01 30 FE FF FD FF 7F FF FF FF FF FF FF FF FF FF FF FF FF FF 07 13 13 09 09 07 08 07 0B 13 09 09 0A 06 0A 09 08 09 09 07 09 07 08 09 0A 09 08 07 0D 0A 07 07 09 08 12 11 09 07 09 06 06 08 09 09 09 09 08 09 09 08 08 0A 0A 08 0A 09 0A 09 0A 10 08 0A 06 05 06 06 06 06 06 06 06 06 06 04 06 06 06 06 06 06 06 06 06 06 05 06 06 05 05 06 06 06 06 06 06 06 05 06 06 06 05 06 06 06 05 05 06 06 06 06 05 06 06 06 06 05 06 06 06 06 06 06 06 04 06 06 06 06 05 05 06 05 04 05 04 05 04 05 05 03 04 03 04 04 00 65 AB 16 68 00 00 00 00 00 00 00 00 00 00 00 00 00 00 00 00 00 00 00 00 00 00 00 00 00 00 00 00 00 00 00 00 00 00 00 00 00 00 00 FE 5C 16 73 7E
[ 21771][16:44:48.955]7E FF 02 FF 0E BC 26 4F 33 01 21 03 78 31 BA BA 00 49 00 10 00 01 00 03 EC A8 22 E3 01 AB 24 8D DD 2E 20 02 01 DC 1A 20 9C 29 77 7E
[ 21772][16:44:49.360]7E FF 02 FF 0F BC F9 50 33 01 30 02 5F 14 46 BB 00 49 01 14 01 01 00 01 EC A8 22 8C F0 FF 00 34 18 60 C3 00 99 E4 EF C0 08 FF 2F 01 65 00 00 C9 E0 11 03 00 D5 00 00 08 00 00 00 8C 10 00 11 01 22 01 00 00 01 00 00 90 98 01 63 03 03 30 4E 90 00 08 01 3A 01 13 00 4A 00 00 00 01 30 FE FF FD FF FF FF FF FF FF FF FF FF FF FF FF FF FF EF 07 0F 0F 05 05 03 04 04 08 0F 05 05 06 02 06 05 04 06 05 03 06 03 04 05 06 06 05 03 0A 06 04 03 06 05 0E 0E 06 03 05 06 02 03 04 05 05 05 06 05 06 06 05 04 06 06 05 06 06 05 04 05 0D 05 06 05 04 05 05 05 05 05 05 05 05 05 03 05 05 05 05 05 05 05 06 06 06 05 06 06 05 05 06 06 06 06 06 06 06 05 06 06 06 05 06 06 06 05 05 06 06 06 06 05 06 06 06 06 05 06 06 06 06 06 06 06 04 06 06 06 06 05 05 06 05 04 05 04 05 04 05 03 04 03 04 04 00 FB EF 77 4B 00 00 00 00 00 00 00 00 00 00 00 00 00 00 00 00 00 00 00 00 00 00 00 00 00 00 00 00 00 00 00 00 00 00 00 00 00 00 00 87 B4 DE B5 7E
[ 21773][16:44:49.539]7E FF 02 FF 10 BC A9 51 33 01 1E 03 B4 4E 89 BB 00 49 01 14 01 01 00 01 EC A8 22 3A F0 FF 00 34 18 60 C3 00 39 E4 D7 A0 03 FF 2F 01 D4 00 00 C9 B8 11 00 00 D5 00 00 08 00 00 00 3A 10 00 11 01 12 01 00 00 14 00 00 90 98 01 63 03 03 64 64 90 00 09 01 3D 01 13 00 56 00 00 00 01 30 FE FF FD FF FF FF FF FB FF FF FF FF FF FF FF FF FF FF 07 13 13 09 08 07 08 07 0B 12 09 09 0A 06 0A 08 08 09 09 05 09 07 08 09 09 09 08 07 0D 09 06 07 09 08 12 11 09 07 09 09 06 06 09 08 09 09 09 08 08 09 08 08 0A 0A 08 0A 09 0A 0A 10 08 09 06 06 06 06 05 06 06 06 06 06 06 06 06 06 06 06 06 06 06 06 06 06 05 06 06 05 05 06 06 06 06 06 06 06 05 06 06 06 05 06 06 06 05 05 06 06 06 06 05 06 06 06 06 05 05 06 06 06 06 06 05 04 06 06 06 06 05 05 06 05 03 05 04 05 04 03 05 05 04 03 02 04 00 2C 30 91 09 00 00 00 00 00 00 00 00 00 00 00 00 00 00 00 00 00 00 00 00 00 00 00 00 00 00 00 00 00 00 00 00 00 00 00 00 00 00 00 29 7B 6A D8 7E
[ 21774][16:44:49.689]7E FF 02 FF 11 BC 06 52 33 01 AC 03 D2 01 D3 BB 00 49 01 10 00 01 00 02 8D DD 2E 10 01 E0 02 01 02 05 00 00 20 5E B0 1D E0 42 91 7E
[ 21775][16:44:49.764]7E FF 02 FF 12 BC 4D 52 33 01 A9 02 EE FE ED BB 00 49 01 10 00 01 00 02 8D DD 2E 10 01 E0 02 01 03 06 00 00 31 2E F4 2E 58 D8 A1 7E
[ 21776][16:44:49.839]7E FF 02 FF 13 BC E6 52 33 01 6C 01 A2 11 02 BC 00 49 00 94 00 01 00 01 8D DD 2E 01 70 08 00 16 15 B6 40 00 81 13 A4 10 00 87 00 0A 0A 40 00 34 88 FF 00 00 2A 00 00 01 00 00 00 21 01 18 00 83 90 00 00 05 46 46 54 01 00 00 50 87 00 01 01 2B A3 38 29 00 7D 00 00 B2 00 00 00 01 00 00 00 00 00 00 00 00 00 00 00 00 00 00 00 16 24 B9 12 00 00 00 00 00 00 00 00 00 00 00 00 00 00 00 00 00 00 00 00 00 00 00 00 00 00 00 00 00 00 00 00 00 00 00 00 00 00 00 00 00 00 00 00 00 00 00 00 00 00 00 00 00 00 00 00 00 00 00 00 F7 97 F3 7D 7E
[ 21777][16:44:49.869]7E FF 02 FF 14 BC A0 52 33 01 27 00 18 63 0D BC 00 49 00 94 00 01 00 01 8D DD 2E 01 70 08 00 16 15 B6 40 00 81 13 A4 10 00 87 00 0A 0B 40 00 34 88 FF 00 00 2A 00 00 01 00 00 00 00 19 01 15 00 17 00 00 05 46 46 54 01 00 00 50 87 00 01 01 2B A3 38 29 00 7D 00 00 01 01 00 00 01 00 00 00 00 00 00 00 00 00 00 00 00 00 00 00 01 3D 0A F0 00 00 00 00 00 00 00 00 00 00 00 00 00 00 00 00 00 00 00 00 00 00 00 00 00 00 00 00 00 00 00 00 00 00 00 00 00 00 00 00 00 00 00 00 00 00 00 00 00 00 00 00 00 00 00 00 00 00 00 00 8E 45 0F 1E 7E
[ 21778][16:44:49.899]7E FF 02 FF 15 BC BF 52 33 01 4F 03 9F 85 19 BC 00 49 00 94 00 01 00 01 8D DD 2E 01 30 00 00 16 15 B6 40 00 80 53 29 10 00 03 00 0A 0C 40 00 34 88 FF 00 00 2A 00 00 01 00 00 00 21 01 18 01 07 80 00 00 05 46 46 54 01 00 00 00 03 00 01 01 2B A3 38 29 00 7D 00 00 75 00 00 00 01 00 00 00 00 00 00 00 00 00 00 00 00 00 00 00 8A C5 AE 51 00 00 00 00 00 00 00 00 00 00 00 00 00 00 00 00 00 00 00 00 00 00 00 00 00 00 00 00 00 00 00 00 00 00 00 00 00 00 00 00 00 00 00 00 00 00 00 00 00 00 00 00 00 00 00 00 00 00 00 00 B2 1A E0 8F 7E
[ 21779][16:44:49.944]7E FF 02 FF 16 BC 05 53 33 01 73 01 FF 10 34 BC 00 49 00 10 00 01 00 02 8D DD 2E 01 01 70 08 01 03 04 00 00 05 C8 B8 C7 7C 6A D6 7E
[ 21780][16:44:49.974]7E FF 02 FF 17 BC 1F 53 33 01 61 03 E6 2C 3E BC 00 49 00 10 00 01 00 02 8D DD 2E 10 01 70 08 01 04 04 00 00 66 08 A1 7D BF 79 44 7E
[ 21781][16:44:49.989]7E FF 02 FF 18 BC 23 53 33 01 36 02 19 90 3F BC 00 49 00 94 00 01 00 01 8D DD 2E 01 70 08 00 16 15 B6 40 00 81 13 A4 10 00 87 00 0A 0D 40 00 34 88 FF 00 00 2A 00 00 01 00 00 00 22 03 23 23 12 38 00 00 05 46 46 54 01 00 00 50 87 00 01 01 2B A3 38 29 00 7D 00 00 36 00 00 00 01 00 00 00 00 00 00 00 00 00 00 00 00 00 00 00 EB 4F 6E EE 00 00 00 00 00 00 00 00 00 00 00 00 00 00 00 00 00 00 00 00 00 00 00 00 00 00 00 00 00 00 00 00 00 00 00 00 00 00 00 00 00 00 00 00 00 00 00 00 00 00 00 00 00 00 00 00 00 00 00 00 18 A1 06 49 7E
[ 21782][16:44:50.049]7E FF 02 FF 19 BC B8 53 33 01 D6 03 AA 69 52 BC 00 49 00 94 00 01 00 01 8D DD 2E 01 70 08 00 16 15 B6 44 00 90 11 20 10 00 87 00 0A 0D 40 00 34 88 FF 00 00 2A 00 00 01 00 00 00 22 03 23 23 12 38 00 00 05 46 46 54 01 00 00 50 87 00 01 01 2B A3 38 29 00 7D 00 00 36 00 00 00 01 00 00 00 00 00 00 00 00 00 00 00 00 00 00 00 EB 4F 6E EE 00 00 00 00 00 00 00 00 00 00 00 00 00 00 00 00 00 00 00 00 00 00 00 00 00 00 00 00 00 00 00 00 00 00 00 00 00 00 00 00 00 00 00 00 00 00 00 00 00 00 00 00 00 00 00 00 00 00 00 00 3D 05 10 49 7E
[ 21783][16:44:50.064]7E FF 02 FF 1A BC 7D 53 33 01 5A 02 34 F0 61 BC 00 49 00 10 00 01 00 02 8D DD 2E 10 01 50 1E 01 02 03 00 00 89 6C 2E 3F 6A 00 48 7E
[ 21784][16:44:50.095]7E FF 02 FF 1B BC 85 53 33 01 BF 01 AE E6 64 BC 00 49 00 94 00 01 00 01 8D DD 2E 01 E0 02 03 29 14 88 50 00 0B A4 D0 10 00 AA 00 03 13 40 30 10 88 FF 00 00 2A 00 00 11 08 00 00 01 03 01 00 DD 50 99 64 62 79 15 00 B2 FF 54 93 00 00 00 00 00 00 00 00 00 00 00 00 00 00 00 00 00 00 00 00 00 00 00 00 00 00 00 00 00 00 00 00 00 00 00 00 00 00 00 00 00 00 00 00 00 00 00 00 00 00 00 00 00 00 00 00 00 00 00 00 00 00 00 00 00 00 00 00 00 00 00 00 00 00 00 00 00 00 00 00 00 00 00 00 00 00 00 00 00 00 00 00 00 00 00 00 3C 22 52 FA 7E
[ 21785][16:44:50.126]7E FF 02 FF 1C BC 11 54 33 01 52 00 40 05 74 BC 00 49 00 94 00 01 00 01 8D DD 2E 01 E0 02 03 29 14 88 50 00 0B A4 D0 10 00 1D 00 03 14 40 30 10 88 FF 00 00 2A 00 00 11 08 00 00 01 03 01 00 E1 50 62 75 64 79 15 00 B4 B1 88 46 00 00 00 00 00 00 00 00 00 00 00 00 00 00 00 00 00 00 00 00 00 00 00 00 00 00 00 00 00 00 00 00 00 00 00 00 00 00 00 00 00 00 00 00 00 00 00 00 00 00 00 00 00 00 00 00 00 00 00 00 00 00 00 00 00 00 00 00 00 00 00 00 00 00 00 00 00 00 00 00 00 00 00 00 00 00 00 00 00 00 00 00 00 00 00 00 41 6B 66 51 7E
[ 21786][16:44:50.171]7E FF 02 FF 1D BC D9 53 33 01 4F 00 63 CD 84 BC 00 49 00 94 00 01 00 01 8D DD 2E 01 70 08 00 16 15 B6 40 00 81 13 A4 10 00 87 00 0A 15 40 00 34 88 FF 00 00 2A 00 00 01 00 00 00 21 01 18 01 05 45 00 00 05 46 46 54 01 00 00 50 87 00 01 01 2B A3 38 29 00 7D 00 00 FE 00 00 00 01 00 00 00 00 00 00 00 00 00 00 00 00 00 00 00 BA 09 7E DA 00 00 00 00 00 00 00 00 00 00 00 00 00 00 00 00 00 00 00 00 00 00 00 00 00 00 00 00 00 00 00 00 00 00 00 00 00 00 00 00 00 00 00 00 00 00 00 00 00 00 00 00 00 00 00 00 00 00 00 00 9E B5 D7 46 7E
[ 21787][16:44:50.201]7E FF 02 FF 1E BC 6E 54 33 01 51 01 13 9E 97 BC 00 49 00 10 00 01 00 03 8D DD 2E 72 08 2C 0E B1 50 3B B4 03 83 AA F7 B7 A9 11 7C 7E
[ 21788][16:44:50.321]7E FF 02 FF 1F BC DC 54 33 01 E9 00 8C 8A C1 BC 00 49 00 10 00 01 00 02 8D DD 2E 10 01 30 00 01 02 01 00 00 16 D8 E0 7F F2 14 B0 7E
[ 21789][16:44:50.351]7E FF 02 FF 20 BC F1 54 33 01 1B 03 FD BD C9 BC 00 49 00 94 00 01 00 01 8D DD 2E 01 30 00 00 16 15 B6 40 00 80 53 29 10 00 03 00 0A 17 40 00 34 88 FF 00 00 2A 00 00 01 00 00 00 21 01 18 01 02 32 00 00 05 46 46 54 01 00 00 00 03 00 01 01 2B A3 38 29 00 7D 00 00 65 00 00 00 01 00 00 00 00 00 00 00 00 00 00 00 00 00 00 00 DF 10 01 C8 00 00 00 00 00 00 00 00 00 00 00 00 00 00 00 00 00 00 00 00 00 00 00 00 00 00 00 00 00 00 00 00 00 00 00 00 00 00 00 00 00 00 00 00 00 00 00 00 00 00 00 00 00 00 00 00 00 00 00 00 9E 52 75 9C 7E
[ 21790][16:44:50.456]7E FF 02 FF 21 BC FF 54 33 01 99 00 95 01 F5 BC 00 49 00 10 00 01 00 02 8D DD 2E 10 01 20 1E 01 03 01 00 00 04 7F 24 2A E0 7B AF 7E
[ 21791][16:44:50.860]7E FF 02 FF 22 BC CD 56 33 01 AC 02 49 47 7F BD 00 49 01 14 01 01 00 01 EC A8 22 0D F0 FF 00 34 18 60 C3 00 09 E4 3B D0 00 FF 2F 01 FD 00 00 CB 88 11 00 00 D5 00 00 08 00 00 00 0D 10 00 11 01 21 01 00 00 15 00 00 90 98 01 63 03 02 4B 64 90 00 08 02 1C 01 13 00 45 00 00 00 01 30 0C 00 FE DF FD FF FF FF FF FF FF FF FF FF FF FF FF FF FF FF 07 13 13 09 09 07 08 07 0B 13 09 09 0A 0A 08 08 09 09 07 09 07 08 09 0A 09 08 07 0D 0A 07 06 09 08 12 11 09 07 08 09 04 07 08 09 09 09 09 08 09 09 08 08 0A 0A 08 0A 09 0A 09 0A 10 08 0A 06 05 06 06 05 06 05 06 06 06 06 04 06 05 06 06 06 06 06 06 06 06 05 06 06 05 05 06 06 06 06 06 06 06 05 06 06 06 05 06 06 06 05 05 06 06 06 06 05 06 06 06 06 05 06 06 06 06 06 06 06 04 06 06 06 06 05 05 06 05 04 05 04 05 04 05 05 03 04 03 04 04 00 95 E8 73 E5 00 00 00 00 00 00 00 00 00 00 00 00 00 00 00 00 00 00 00 00 00 00 00 00 00 00 00 00 00 00 00 00 00 00 00 00 00 09 72 68 FD 7E
[ 21792][16:44:50.860]7E FF 02 FF 23 BC E7 56 33 01 D1 03 DB 54 89 BD 00 49 01 10 00 01 00 03 EC A8 22 E3 01 4E 1D 8D DD 2E 20 02 5F 58 83 95 40 CC 5A 7E